9.799266099929809570e+00
8.045504093170166016e+00
1.066300702095031738e+01
8.806193113327026367e+00
2.913961172103881836e+00
2.206793069839477539e+00
7.033232927322387695e+00
6.141268014907836914e+00
4.164433002471923828e+00
2.194722175598144531e+00
8.305572986602783203e+00
2.890347003936767578e+00
6.249399900436401367e+00
2.612061977386474609e+00
2.230112075805664062e+00
2.352730035781860352e+00
2.578215122222900391e+00
2.646205902099609375e+00
3.209491968154907227e+00
3.924346685409545898e+00
2.937760829925537109e+00
3.815945148468017578e+00
2.530973911285400391e+00
2.339873075485229492e+00
2.981818199157714844e+00
4.762290954589843750e+00
5.309171199798583984e+00
4.183287620544433594e+00
2.487895011901855469e+00
4.016560792922973633e+00
3.259269714355468750e+00
2.818299770355224609e+00
4.968922853469848633e+00
3.613188266754150391e+00
2.391591787338256836e+00
6.087918043136596680e+00
2.625854969024658203e+00
2.613651990890502930e+00
2.560822963714599609e+00
2.806279897689819336e+00
4.031557083129882812e+00
2.926067829132080078e+00
3.758855104446411133e+00
2.729342937469482422e+00
3.838031053543090820e+00
2.854337930679321289e+00
4.264302015304565430e+00
2.683799028396606445e+00
3.393050909042358398e+00
3.882919311523437500e+00
3.574666261672973633e+00
3.618117094039916992e+00
4.188268661499023438e+00
1.956122875213623047e+00
4.127372026443481445e+00
3.838539838790893555e+00
3.273333787918090820e+00
3.718856096267700195e+00
2.532742977142333984e+00
6.022307872772216797e+00
2.590795993804931641e+00
5.303657054901123047e+00
3.638897180557250977e+00
2.795854091644287109e+00
3.588694095611572266e+00
2.913502931594848633e+00
2.889396905899047852e+00
3.624763011932373047e+00
3.336032152175903320e+00
2.612167119979858398e+00
2.399178028106689453e+00
4.721233129501342773e+00
3.144673109054565430e+00
3.300805091857910156e+00
3.667966842651367188e+00
3.931991815567016602e+00
3.316272974014282227e+00
3.912251234054565430e+00
3.055691003799438477e+00
4.758855104446411133e+00
2.634829759597778320e+00
3.086235761642456055e+00
2.847286939620971680e+00
3.561501026153564453e+00
3.617274761199951172e+00
3.298756122589111328e+00
2.396016836166381836e+00
2.535816907882690430e+00
2.624549865722656250e+00
3.768511056900024414e+00
3.187131166458129883e+00
3.945236921310424805e+00
4.624552249908447266e+00
4.286610126495361328e+00
3.593918323516845703e+00
3.122184038162231445e+00
4.729810953140258789e+00
5.620543956756591797e+00
3.290030717849731445e+00
4.897672891616821289e+00
4.696166992187500000e+00
4.044644117355346680e+00
4.164691925048828125e+00
7.451329708099365234e+00
3.453115940093994141e+00
4.168698310852050781e+00
4.775003910064697266e+00
2.796908140182495117e+00
4.143676042556762695e+00
2.754762887954711914e+00
3.818982839584350586e+00
3.367673635482788086e+00
3.222577810287475586e+00
3.142967224121093750e+00
4.699846029281616211e+00
5.759309053421020508e+00
4.646860599517822266e+00
4.031330108642578125e+00
2.950265884399414062e+00
2.480437994003295898e+00
3.945820093154907227e+00
4.832408189773559570e+00
3.572301149368286133e+00
2.675863027572631836e+00
3.185679674148559570e+00
4.665076255798339844e+00
3.734385728836059570e+00
3.719707012176513672e+00
3.957069873809814453e+00
3.553524017333984375e+00
2.780526161193847656e+00
2.774769783020019531e+00
3.986535310745239258e+00
4.041913032531738281e+00
3.717074871063232422e+00
3.506057977676391602e+00
4.289087057113647461e+00
3.711144924163818359e+00
4.326929807662963867e+00
3.963555812835693359e+00
4.457260131835937500e+00
2.775089979171752930e+00
4.794604063034057617e+00
3.091970920562744141e+00
3.190233945846557617e+00
3.664350986480712891e+00
2.795222043991088867e+00
2.432295322418212891e+00
4.705915212631225586e+00
2.852246046066284180e+00
2.422203779220581055e+00
3.572755813598632812e+00
2.969731092453002930e+00
3.351662874221801758e+00
3.326405763626098633e+00
2.933305025100708008e+00
5.498673200607299805e+00
3.101180315017700195e+00
4.679899930953979492e+00
3.932559967041015625e+00
3.891614198684692383e+00
3.523329973220825195e+00
3.827196359634399414e+00
3.132899045944213867e+00
3.844051122665405273e+00
2.996015310287475586e+00
5.143940210342407227e+00
2.897124052047729492e+00
3.544567108154296875e+00
4.241860151290893555e+00
3.486808061599731445e+00
4.443318843841552734e+00
4.539819002151489258e+00
2.740777969360351562e+00
4.840349912643432617e+00
4.742187976837158203e+00
4.227638959884643555e+00
3.311367034912109375e+00
3.470352888107299805e+00
3.095842123031616211e+00
5.402224063873291016e+00
4.380492210388183594e+00
2.169481992721557617e+00
4.292731046676635742e+00
3.722312927246093750e+00
2.614618062973022461e+00
4.419475078582763672e+00
4.300513029098510742e+00
5.701859951019287109e+00
4.464562892913818359e+00
2.713675975799560547e+00
5.361450195312500000e+00
6.551605939865112305e+00
4.167585849761962891e+00
2.767321825027465820e+00
3.007977008819580078e+00
4.209543943405151367e+00
4.945697069168090820e+00
3.101106882095336914e+00
3.326249122619628906e+00
6.377180814743041992e+00
3.224632024765014648e+00
3.508399724960327148e+00
5.090401887893676758e+00
4.504659175872802734e+00
3.198613166809082031e+00
3.899585008621215820e+00
3.649450302124023438e+00
4.068380832672119141e+00
3.185529232025146484e+00
4.382789134979248047e+00
3.306210041046142578e+00
2.910104036331176758e+00
3.853484869003295898e+00
3.804158926010131836e+00
3.819230079650878906e+00
2.288694858551025391e+00
3.820614814758300781e+00
3.331346750259399414e+00
3.105731010437011719e+00
2.830766201019287109e+00
2.562716007232666016e+00
3.262647867202758789e+00
4.110513925552368164e+00
4.248883008956909180e+00
3.076453208923339844e+00
3.476308107376098633e+00
3.823002815246582031e+00
3.869975090026855469e+00
4.094533205032348633e+00
4.150887966156005859e+00
3.797793149948120117e+00
4.281311035156250000e+00
3.214140176773071289e+00
2.816591978073120117e+00
2.364850759506225586e+00
4.975090980529785156e+00
3.371402025222778320e+00
3.779495239257812500e+00
4.503033876419067383e+00
3.001581668853759766e+00
4.057652950286865234e+00
4.581147193908691406e+00
4.131260871887207031e+00
4.467381000518798828e+00
4.030078887939453125e+00
3.939815044403076172e+00
6.125184059143066406e+00
3.246834754943847656e+00
4.534012794494628906e+00
4.956026077270507812e+00
5.045821189880371094e+00
4.100082874298095703e+00
4.828696012496948242e+00
2.704734802246093750e+00
4.095113039016723633e+00
4.173629045486450195e+00
3.068119049072265625e+00
3.246189117431640625e+00
3.377352952957153320e+00
4.320406913757324219e+00
5.102535009384155273e+00
2.425840139389038086e+00
3.605582714080810547e+00
4.265948057174682617e+00
4.164669275283813477e+00
4.439988851547241211e+00
6.629951953887939453e+00
2.933178901672363281e+00
6.878090143203735352e+00
5.312469244003295898e+00
2.965613126754760742e+00
2.895917892456054688e+00
4.663599252700805664e+00
2.660260200500488281e+00
4.209841012954711914e+00
4.296019077301025391e+00
6.846061944961547852e+00
4.406325817108154297e+00
5.235625982284545898e+00
3.642887830734252930e+00
4.747270822525024414e+00
4.470769166946411133e+00
5.515109062194824219e+00
3.171512842178344727e+00
5.239656925201416016e+00
3.019027948379516602e+00
2.944784879684448242e+00
5.960237979888916016e+00
5.999502897262573242e+00
6.515483140945434570e+00
3.449915885925292969e+00
2.849267244338989258e+00
3.254870891571044922e+00
5.381448030471801758e+00
3.538400173187255859e+00
3.959531545639038086e+00
3.785238981246948242e+00
3.928412199020385742e+00
4.187361001968383789e+00
3.651203870773315430e+00
2.434514045715332031e+00
2.777089118957519531e+00
3.195002079010009766e+00
4.479820013046264648e+00
3.145086050033569336e+00
3.618331909179687500e+00
4.177271127700805664e+00
3.408604145050048828e+00
3.951398134231567383e+00
3.445303201675415039e+00
3.341906070709228516e+00
4.425271987915039062e+00
3.354457139968872070e+00
4.324116230010986328e+00
4.228481054306030273e+00
3.629742860794067383e+00
4.577866077423095703e+00
3.527854919433593750e+00
2.489688158035278320e+00
4.762502908706665039e+00
3.872581005096435547e+00
2.941339731216430664e+00
3.210207939147949219e+00
4.115950822830200195e+00
3.654276847839355469e+00
4.547842025756835938e+00
3.685814857482910156e+00
3.678234815597534180e+00
3.358763217926025391e+00
4.382478952407836914e+00
5.182921886444091797e+00
5.681881904602050781e+00
3.223525047302246094e+00
3.304817199707031250e+00
3.609483003616333008e+00
3.848757028579711914e+00
3.913391113281250000e+00
3.413986921310424805e+00
1.853627204895019531e+00
2.588032007217407227e+00
3.079007148742675781e+00
3.939477920532226562e+00
2.832551956176757812e+00
2.413581132888793945e+00
3.231091976165771484e+00
2.692557096481323242e+00
4.256547212600708008e+00
2.309687852859497070e+00
3.435310840606689453e+00
4.022010087966918945e+00
3.522804021835327148e+00
2.420684814453125000e+00
2.736390113830566406e+00
4.869611024856567383e+00
2.793415069580078125e+00
5.575981140136718750e+00
4.628902912139892578e+00
3.636543989181518555e+00
6.364460706710815430e+00
3.585946798324584961e+00
5.516793012619018555e+00
5.292166948318481445e+00
3.978461742401123047e+00
4.476758003234863281e+00
6.316158056259155273e+00
2.782378911972045898e+00
3.195700883865356445e+00
3.871015310287475586e+00
3.454068899154663086e+00
2.710370063781738281e+00
4.213129043579101562e+00
4.921469926834106445e+00
3.762426137924194336e+00
2.643126010894775391e+00
3.637027025222778320e+00
3.901862859725952148e+00
3.797000885009765625e+00
3.246416330337524414e+00
3.866516828536987305e+00
4.343052148818969727e+00
5.629986047744750977e+00
4.049237012863159180e+00
2.143132925033569336e+00
3.131327867507934570e+00
3.767943143844604492e+00
2.697530031204223633e+00
3.035714149475097656e+00
3.618742942810058594e+00
4.262316942214965820e+00
4.762650966644287109e+00
2.908775806427001953e+00
3.469354867935180664e+00
2.896613836288452148e+00
3.923909187316894531e+00
2.291944026947021484e+00
3.258948087692260742e+00
3.126725196838378906e+00
2.758131980895996094e+00
3.583416223526000977e+00
3.033947944641113281e+00
2.869462966918945312e+00
4.384985208511352539e+00
3.890748977661132812e+00
3.649191141128540039e+00
4.683120965957641602e+00
3.747373819351196289e+00
4.437920093536376953e+00
2.556277990341186523e+00
3.959800243377685547e+00
3.985785722732543945e+00
3.265284061431884766e+00
2.760042905807495117e+00
3.363398075103759766e+00
3.318941354751586914e+00
3.769398927688598633e+00
4.048435926437377930e+00
2.720824003219604492e+00
4.704080343246459961e+00
4.049005031585693359e+00
3.216936111450195312e+00
5.297568082809448242e+00
4.552449941635131836e+00
3.540409088134765625e+00
3.986264705657958984e+00
3.654082775115966797e+00
3.219934940338134766e+00
4.091524124145507812e+00
3.754124164581298828e+00
3.651932954788208008e+00
3.578286170959472656e+00
4.186058759689331055e+00
3.470342159271240234e+00
3.191482782363891602e+00
3.099133968353271484e+00
3.983161211013793945e+00
3.594928979873657227e+00
3.659063100814819336e+00
5.587310791015625000e+00
5.026673078536987305e+00
3.453524827957153320e+00
3.835518836975097656e+00
3.042301893234252930e+00
4.015549182891845703e+00
3.285721063613891602e+00
2.426558971405029297e+00
5.601418972015380859e+00
3.955199956893920898e+00
2.523070096969604492e+00
4.094079971313476562e+00
2.878510713577270508e+00
2.411330699920654297e+00
2.886901855468750000e+00
3.822839975357055664e+00
2.901635169982910156e+00
4.361618995666503906e+00
4.265563964843750000e+00
3.184190034866333008e+00
4.034112930297851562e+00
5.204929113388061523e+00
3.359054803848266602e+00
2.627625942230224609e+00
3.329439878463745117e+00
3.306279897689819336e+00
2.531529903411865234e+00
3.909027099609375000e+00
3.082461833953857422e+00
2.544369935989379883e+00
5.861676931381225586e+00
4.151811122894287109e+00
4.201452016830444336e+00
3.676285266876220703e+00
3.830144166946411133e+00
3.491496086120605469e+00
4.002588987350463867e+00
3.068685770034790039e+00
3.459086894989013672e+00
5.193341970443725586e+00
3.219327926635742188e+00
3.098827838897705078e+00
3.752711296081542969e+00
5.403087854385375977e+00
3.667746067047119141e+00
2.982926130294799805e+00
2.831495285034179688e+00
4.201659917831420898e+00
3.735568046569824219e+00
3.034644126892089844e+00
5.153918981552124023e+00
3.448735952377319336e+00
3.558231115341186523e+00
3.692459106445312500e+00
4.222769021987915039e+00
2.600164890289306641e+00
2.772238254547119141e+00
2.967855930328369141e+00
3.791735172271728516e+00
2.775982141494750977e+00
4.287029981613159180e+00
2.953336238861083984e+00
3.417262792587280273e+00
3.841633081436157227e+00
3.540628194808959961e+00
4.675923109054565430e+00
2.688487052917480469e+00
3.049057006835937500e+00
2.671154975891113281e+00
2.282387971878051758e+00
3.041957855224609375e+00
2.449313163757324219e+00
3.234327077865600586e+00
2.661087036132812500e+00
5.034470081329345703e+00
4.586344957351684570e+00
3.741479873657226562e+00
2.433894872665405273e+00
3.522490262985229492e+00
3.811685800552368164e+00
3.899479150772094727e+00
3.523030042648315430e+00
4.823998928070068359e+00
3.240011930465698242e+00
4.062115192413330078e+00
4.177024126052856445e+00
5.081131935119628906e+00
5.119089841842651367e+00
5.162689924240112305e+00
4.977734088897705078e+00
3.812067031860351562e+00
4.263253927230834961e+00
3.286100864410400391e+00
3.767229080200195312e+00
3.943242788314819336e+00
4.647429943084716797e+00
3.885852098464965820e+00
4.198600292205810547e+00
4.415616035461425781e+00
4.233660221099853516e+00
4.777637004852294922e+00
4.903450250625610352e+00
3.698047876358032227e+00
4.496528863906860352e+00
3.710130929946899414e+00
5.040100097656250000e+00
3.819368362426757812e+00
5.549365758895874023e+00
3.912863969802856445e+00
3.834909915924072266e+00
4.224001169204711914e+00
4.672632932662963867e+00
2.612872123718261719e+00
4.507234096527099609e+00
4.203462123870849609e+00
4.410058021545410156e+00
3.617396116256713867e+00
4.015750885009765625e+00
4.484014749526977539e+00
4.042941093444824219e+00
3.022512912750244141e+00
5.522190809249877930e+00
4.859001159667968750e+00
4.065688133239746094e+00
3.828881978988647461e+00
2.492387771606445312e+00
3.978454113006591797e+00
4.566012144088745117e+00
3.639631748199462891e+00
3.836575984954833984e+00
4.398983955383300781e+00
5.419277906417846680e+00
5.724170923233032227e+00
5.823077678680419922e+00
4.837018013000488281e+00
5.020067691802978516e+00
4.475163221359252930e+00
3.522530078887939453e+00
5.504384994506835938e+00
3.481336116790771484e+00
4.836812019348144531e+00
3.136602163314819336e+00
5.269467115402221680e+00
6.160171031951904297e+00
4.219864845275878906e+00
4.209928035736083984e+00
3.968401193618774414e+00
6.187901020050048828e+00
4.835698127746582031e+00
4.707282781600952148e+00
3.120826959609985352e+00
5.957440137863159180e+00
2.796495914459228516e+00
6.119400978088378906e+00
3.917586803436279297e+00
4.568711757659912109e+00
5.262868881225585938e+00
5.374856948852539062e+00
4.785833835601806641e+00
6.448485136032104492e+00
3.612430095672607422e+00
3.833916902542114258e+00
4.185105800628662109e+00
2.524317979812622070e+00
2.824177980422973633e+00
2.330771207809448242e+00
2.338480949401855469e+00
3.190206289291381836e+00
4.173852920532226562e+00
3.080086946487426758e+00
4.547557830810546875e+00
2.407673120498657227e+00
4.528814077377319336e+00
5.060773849487304688e+00
5.842406034469604492e+00
4.938091039657592773e+00
2.900278806686401367e+00
4.635598182678222656e+00
4.519598960876464844e+00
4.505487918853759766e+00
4.666715860366821289e+00
2.998218059539794922e+00
4.075634002685546875e+00
3.746461868286132812e+00
4.941298961639404297e+00
3.615440845489501953e+00
4.967872858047485352e+00
5.908349990844726562e+00
7.065481901168823242e+00
5.265944957733154297e+00
4.604157924652099609e+00
5.345961093902587891e+00
3.005434989929199219e+00
4.470355033874511719e+00
4.475960731506347656e+00
3.871785879135131836e+00
4.964144229888916016e+00
4.965469121932983398e+00
3.420631170272827148e+00
3.747887849807739258e+00
5.369898080825805664e+00
4.721032857894897461e+00
2.809640884399414062e+00
3.044236898422241211e+00
3.528890848159790039e+00
4.303046226501464844e+00
4.539039850234985352e+00
4.552350282669067383e+00
4.129817724227905273e+00
4.493569850921630859e+00
4.304237842559814453e+00
4.586725234985351562e+00
4.726912975311279297e+00
4.440285921096801758e+00
4.335345983505249023e+00
4.879707813262939453e+00
4.126695871353149414e+00
4.332278013229370117e+00
4.402615070343017578e+00
4.812302112579345703e+00
4.419858932495117188e+00
4.520509243011474609e+00
4.375355005264282227e+00
4.087167024612426758e+00
3.647468805313110352e+00
5.689417362213134766e+00
4.659198999404907227e+00
3.743738889694213867e+00
3.550711870193481445e+00
3.101650953292846680e+00
4.928034067153930664e+00
3.665364027023315430e+00
2.949306964874267578e+00
4.343321800231933594e+00
3.966852188110351562e+00
5.362431049346923828e+00
3.732654094696044922e+00
3.096227645874023438e+00
4.684390783309936523e+00
3.266075134277343750e+00
2.548708915710449219e+00
4.209223270416259766e+00
3.373042821884155273e+00
3.665362119674682617e+00
5.395034313201904297e+00
3.164791822433471680e+00
3.911388874053955078e+00
6.065279960632324219e+00
3.248511075973510742e+00
4.331614971160888672e+00
3.597067832946777344e+00
4.501944065093994141e+00
3.583483934402465820e+00
3.369134902954101562e+00
3.586879968643188477e+00
3.322706937789916992e+00
3.516952037811279297e+00
5.004289150238037109e+00
4.123191118240356445e+00
3.732691764831542969e+00
3.934702873229980469e+00
3.989391088485717773e+00
4.416157007217407227e+00
4.138541698455810547e+00
4.113811969757080078e+00
4.410523891448974609e+00
4.600832223892211914e+00
6.589848041534423828e+00
4.462539911270141602e+00
5.978585720062255859e+00
4.070449113845825195e+00
5.022984027862548828e+00
4.167435884475708008e+00
6.332660913467407227e+00
4.762697935104370117e+00
4.279626846313476562e+00
5.191514015197753906e+00
4.721748113632202148e+00
5.596648931503295898e+00
4.614598989486694336e+00
4.911684989929199219e+00
4.024081230163574219e+00
5.136573791503906250e+00
3.640621185302734375e+00
3.582706928253173828e+00
3.153121948242187500e+00
4.952494144439697266e+00
2.953704357147216797e+00
3.999868869781494141e+00
4.654028892517089844e+00
4.613553762435913086e+00
5.176820993423461914e+00
4.624722957611083984e+00
4.973045825958251953e+00
2.518442392349243164e+00
3.747925043106079102e+00
3.691906929016113281e+00
3.482691049575805664e+00
5.016633987426757812e+00
4.141420125961303711e+00
5.140948057174682617e+00
5.051975011825561523e+00
5.911656856536865234e+00
3.486948013305664062e+00
5.279595613479614258e+00
3.314415931701660156e+00
5.471685886383056641e+00
5.101701021194458008e+00
6.072235822677612305e+00
4.975294828414916992e+00
5.685560941696166992e+00
5.235567092895507812e+00
4.088982105255126953e+00
5.960838079452514648e+00
3.972774982452392578e+00
4.990686893463134766e+00
5.893138885498046875e+00
6.299454927444458008e+00
4.992292881011962891e+00
5.802520036697387695e+00
6.312980890274047852e+00
4.841505050659179688e+00
6.071834087371826172e+00
4.613458871841430664e+00
5.516203165054321289e+00
4.104053020477294922e+00
3.182921886444091797e+00
6.016950130462646484e+00
6.281655073165893555e+00
4.953078031539916992e+00
3.904609918594360352e+00
3.731463909149169922e+00
3.581573009490966797e+00
2.964410781860351562e+00
5.696036100387573242e+00
3.252243995666503906e+00
3.386581897735595703e+00
3.851367950439453125e+00
4.325176954269409180e+00
3.353559017181396484e+00
6.727921009063720703e+00
3.859961986541748047e+00
7.367789030075073242e+00
3.450962066650390625e+00
3.542361974716186523e+00
3.821454286575317383e+00
3.596183061599731445e+00
4.315547943115234375e+00
3.450645923614501953e+00
5.409641981124877930e+00
3.272682189941406250e+00
3.210680961608886719e+00
4.863806962966918945e+00
4.269119024276733398e+00
4.231918096542358398e+00
4.187684774398803711e+00
7.427656888961791992e+00
7.410534858703613281e+00
5.472932815551757812e+00
3.968058109283447266e+00
5.676331043243408203e+00
3.729961156845092773e+00
5.315913915634155273e+00
5.273465156555175781e+00
3.179238796234130859e+00
2.088560104370117188e+00
3.337322950363159180e+00
2.749809741973876953e+00
3.707417726516723633e+00
2.500519752502441406e+00
3.207574129104614258e+00
4.301812410354614258e+00
5.226622819900512695e+00
3.223741054534912109e+00
4.737768888473510742e+00
3.559797048568725586e+00
4.126942157745361328e+00
4.407283067703247070e+00
6.172464132308959961e+00
3.893925189971923828e+00
4.275502920150756836e+00
5.335143089294433594e+00
4.961507081985473633e+00
3.601498126983642578e+00
3.197001934051513672e+00
3.538397789001464844e+00
3.624115943908691406e+00
4.448561906814575195e+00
3.745621919631958008e+00
5.483899116516113281e+00
3.731246232986450195e+00
3.059738874435424805e+00
4.071084976196289062e+00
2.931928873062133789e+00
3.354965925216674805e+00
3.849544048309326172e+00
7.252362966537475586e+00
3.204177856445312500e+00
2.226233005523681641e+00
3.743675947189331055e+00
5.445541143417358398e+00
2.605077028274536133e+00
3.028732776641845703e+00
3.076779842376708984e+00
5.860524177551269531e+00
3.688545942306518555e+00
6.510948181152343750e+00
3.435388088226318359e+00
5.710534811019897461e+00
3.943382024765014648e+00
4.578537940979003906e+00
3.692984104156494141e+00
4.615569114685058594e+00
7.267761230468750000e+00
5.929282903671264648e+00
3.969692945480346680e+00
3.832942962646484375e+00
5.987214803695678711e+00
6.104293107986450195e+00
4.521828174591064453e+00
6.770311117172241211e+00
6.521265745162963867e+00
6.501147031784057617e+00
4.579303979873657227e+00
6.680838108062744141e+00
6.110445737838745117e+00
4.256050109863281250e+00
5.733424901962280273e+00
5.317970991134643555e+00
4.005674839019775391e+00
7.354927062988281250e+00
6.264446020126342773e+00
3.678064107894897461e+00
2.522018194198608398e+00
5.332307815551757812e+00
5.253360748291015625e+00
8.039998054504394531e+00
8.419321775436401367e+00
3.128162860870361328e+00
3.667118072509765625e+00
5.040254116058349609e+00
3.796691894531250000e+00
8.137846946716308594e+00
7.713153600692749023e+00
8.009787797927856445e+00
7.999841928482055664e+00
5.544488191604614258e+00
8.931904077529907227e+00
4.093450069427490234e+00
4.352028131484985352e+00
7.392055988311767578e+00
5.557791233062744141e+00
5.926478147506713867e+00
3.948957920074462891e+00
8.210006952285766602e+00
4.114815950393676758e+00
3.488445997238159180e+00
7.959854841232299805e+00
7.189125776290893555e+00
4.180795907974243164e+00
3.857341766357421875e+00
3.861123800277709961e+00
4.734447717666625977e+00
3.826923131942749023e+00
3.458538055419921875e+00
3.184408903121948242e+00
3.392192125320434570e+00
3.488150596618652344e+00
2.314502000808715820e+00
3.482483148574829102e+00
3.779718875885009766e+00
2.864095926284790039e+00
4.453030109405517578e+00
2.832832098007202148e+00
3.674421072006225586e+00
4.634765625000000000e+00
2.763985872268676758e+00
3.469586133956909180e+00
5.403787136077880859e+00
3.850339889526367188e+00
3.695808887481689453e+00
3.020972251892089844e+00
3.569333076477050781e+00
4.771833181381225586e+00
2.448590040206909180e+00
3.945688009262084961e+00
2.650645732879638672e+00
3.242308855056762695e+00
3.009871959686279297e+00
4.704182863235473633e+00
3.767511129379272461e+00
3.011836290359497070e+00
3.440720796585083008e+00
3.700862169265747070e+00
3.041865825653076172e+00
3.975222587585449219e+00
3.905392169952392578e+00
3.674968957901000977e+00
4.665122032165527344e+00
5.560006856918334961e+00
4.326843976974487305e+00
4.077380895614624023e+00
6.461071729660034180e+00
4.710855245590209961e+00
5.259321689605712891e+00
2.623723983764648438e+00
2.819216012954711914e+00
4.562355041503906250e+00
3.409616947174072266e+00
4.228687047958374023e+00
3.342605829238891602e+00
4.397584915161132812e+00
5.081133842468261719e+00
4.917001962661743164e+00
4.541056871414184570e+00
4.117453098297119141e+00
3.672629117965698242e+00
4.504796981811523438e+00
3.723007202148437500e+00
4.199548244476318359e+00
5.182380199432373047e+00
3.480882883071899414e+00
4.242467164993286133e+00
3.916345119476318359e+00
3.654719114303588867e+00
4.112298011779785156e+00
3.796004772186279297e+00
4.801609039306640625e+00
4.416307926177978516e+00
4.082612991333007812e+00
4.034317016601562500e+00
4.380081892013549805e+00
3.967164278030395508e+00
4.358323097229003906e+00
3.241515159606933594e+00
6.233159780502319336e+00
4.347223043441772461e+00
2.938351154327392578e+00
4.300195932388305664e+00
3.834528923034667969e+00
3.871948719024658203e+00
4.173244953155517578e+00
3.610386848449707031e+00
2.902442932128906250e+00
4.626864910125732422e+00
3.156672000885009766e+00
4.398776054382324219e+00
5.610827922821044922e+00
4.807997941970825195e+00
4.061864137649536133e+00
4.814859151840209961e+00
4.931600093841552734e+00
5.787358999252319336e+00
4.594971895217895508e+00
4.713732957839965820e+00
3.292294740676879883e+00
6.017181873321533203e+00
4.243923187255859375e+00
4.364591836929321289e+00
4.998070001602172852e+00
4.619136810302734375e+00
4.614899873733520508e+00
5.118608236312866211e+00
3.661549091339111328e+00
4.616698265075683594e+00
5.068461179733276367e+00
2.833834886550903320e+00
3.251786947250366211e+00
2.357710838317871094e+00
5.319867849349975586e+00
5.137150049209594727e+00
5.819404125213623047e+00
3.703402996063232422e+00
4.583498954772949219e+00
6.053190946578979492e+00
4.015939950942993164e+00
4.741989850997924805e+00
4.941570758819580078e+00
3.088401794433593750e+00
4.482082128524780273e+00
4.467931270599365234e+00
3.902009963989257812e+00
4.673845052719116211e+00
4.195157051086425781e+00
2.872349023818969727e+00
3.702278852462768555e+00
3.194049119949340820e+00
6.230579853057861328e+00
4.205731868743896484e+00
4.292934894561767578e+00
3.708271980285644531e+00
3.888901948928833008e+00
4.899781942367553711e+00
4.276144981384277344e+00
4.964257001876831055e+00
5.293591022491455078e+00
3.992557048797607422e+00
3.937233924865722656e+00
4.691758871078491211e+00
3.509800910949707031e+00
3.974901914596557617e+00
3.490926742553710938e+00
3.826875209808349609e+00
4.022307157516479492e+00
4.243526935577392578e+00
4.264829874038696289e+00
4.127257823944091797e+00
6.460327148437500000e+00
4.071830749511718750e+00
4.370215892791748047e+00
4.619785308837890625e+00
4.508525848388671875e+00
4.753493070602416992e+00
4.321590662002563477e+00
5.152431249618530273e+00
4.568254232406616211e+00
3.269027233123779297e+00
2.960160970687866211e+00
4.853663921356201172e+00
5.141223907470703125e+00
4.567278146743774414e+00
4.247988939285278320e+00
3.159079074859619141e+00
5.058708906173706055e+00
4.739557266235351562e+00
4.722188949584960938e+00
3.243053197860717773e+00
3.190462112426757812e+00
5.117530107498168945e+00
4.175523996353149414e+00
4.960159063339233398e+00
4.702547788619995117e+00
4.373513936996459961e+00
5.104367017745971680e+00
3.321433067321777344e+00
3.875793933868408203e+00
6.307468891143798828e+00
3.892245054244995117e+00
4.423642158508300781e+00
3.848089933395385742e+00
3.382859945297241211e+00
6.148092985153198242e+00
3.476598024368286133e+00
6.827541112899780273e+00
4.401626825332641602e+00
5.822403669357299805e+00
5.841015100479125977e+00
6.517198085784912109e+00
6.467174053192138672e+00
5.738100767135620117e+00
4.612973928451538086e+00
5.056047677993774414e+00
5.275105237960815430e+00
6.155266046524047852e+00
6.990900039672851562e+00
5.534162998199462891e+00
4.616062879562377930e+00
3.491168022155761719e+00
4.598496198654174805e+00
4.701476812362670898e+00
6.768317222595214844e+00
5.763140916824340820e+00
5.113726854324340820e+00
5.582661151885986328e+00
5.504168748855590820e+00
5.837543010711669922e+00
5.493257284164428711e+00
5.868731737136840820e+00
6.581564903259277344e+00
4.143957853317260742e+00
3.262532234191894531e+00
5.388625860214233398e+00
4.464743852615356445e+00
4.699307918548583984e+00
6.051020860671997070e+00
4.628243923187255859e+00
3.417382955551147461e+00
3.809619903564453125e+00
4.051340103149414062e+00
5.880561113357543945e+00
2.995648860931396484e+00
3.268987894058227539e+00
4.480081319808959961e+00
7.623238801956176758e+00
5.597172021865844727e+00
4.533378839492797852e+00
3.568087816238403320e+00
4.768721103668212891e+00
4.407119989395141602e+00
2.428331851959228516e+00
6.538437843322753906e+00
4.765728712081909180e+00
4.712660074234008789e+00
4.523084878921508789e+00
7.238748073577880859e+00
4.337038040161132812e+00
4.821287870407104492e+00
4.818671941757202148e+00
4.843378782272338867e+00
3.727356195449829102e+00
8.191936016082763672e+00
5.336091995239257812e+00
5.124466896057128906e+00
5.865931034088134766e+00
3.686888933181762695e+00
6.170588254928588867e+00
5.048004865646362305e+00
2.914376020431518555e+00
2.641077041625976562e+00
3.261322975158691406e+00
4.313328027725219727e+00
4.118283033370971680e+00
3.882050037384033203e+00
2.825379133224487305e+00
3.182195901870727539e+00
4.282338142395019531e+00
3.256638050079345703e+00
3.338484048843383789e+00
3.519701957702636719e+00
2.903483867645263672e+00
4.623282909393310547e+00
5.419161796569824219e+00
3.434581041336059570e+00
4.331614971160888672e+00
3.889336109161376953e+00
3.814473867416381836e+00
3.582286119461059570e+00
3.624235868453979492e+00
4.236701011657714844e+00
3.326458692550659180e+00
4.918287992477416992e+00
3.270389795303344727e+00
3.247192859649658203e+00
3.590382814407348633e+00
2.881306886672973633e+00
4.707957983016967773e+00
3.802403926849365234e+00
4.091481685638427734e+00
3.369920969009399414e+00
3.691396713256835938e+00
3.883379936218261719e+00
3.654635190963745117e+00
3.820235013961791992e+00
4.697120904922485352e+00
3.462468862533569336e+00
2.996140956878662109e+00
4.772745132446289062e+00
3.832016229629516602e+00
3.448700189590454102e+00
3.704396963119506836e+00
3.464270830154418945e+00
5.004558086395263672e+00
4.106875181198120117e+00
3.604326963424682617e+00
3.649429082870483398e+00
3.648538112640380859e+00
3.686698913574218750e+00
4.182289123535156250e+00
5.678179740905761719e+00
3.908087015151977539e+00
3.976919889450073242e+00
3.694014787673950195e+00
4.429926872253417969e+00
4.243349075317382812e+00
4.625514030456542969e+00
5.777530193328857422e+00
4.906047105789184570e+00
5.231797933578491211e+00
5.133477926254272461e+00
4.524402856826782227e+00
5.608045101165771484e+00
3.710305929183959961e+00
4.205522775650024414e+00
4.313254117965698242e+00
4.340095996856689453e+00
5.709625720977783203e+00
4.356114864349365234e+00
4.640375137329101562e+00
5.047368049621582031e+00
4.427676916122436523e+00
6.032327175140380859e+00
5.583848237991333008e+00
2.698986053466796875e+00
3.037052869796752930e+00
3.543697834014892578e+00
3.084817886352539062e+00
5.946093082427978516e+00
2.433996200561523438e+00
4.835572957992553711e+00
4.409603834152221680e+00
4.937040805816650391e+00
3.455389261245727539e+00
4.144879102706909180e+00
3.282341957092285156e+00
5.031804084777832031e+00
5.839707136154174805e+00
5.292667865753173828e+00
4.220535039901733398e+00
3.716688871383666992e+00
4.076335191726684570e+00
4.082442998886108398e+00
6.522505044937133789e+00
4.375205278396606445e+00
5.255538940429687500e+00
4.903447151184082031e+00
3.752846717834472656e+00
5.164172172546386719e+00
5.100389003753662109e+00
4.354266166687011719e+00
5.619878053665161133e+00
3.841432094573974609e+00
3.965362787246704102e+00
5.848778963088989258e+00
2.890401124954223633e+00
5.144552230834960938e+00
4.026219129562377930e+00
3.389582872390747070e+00
5.280603885650634766e+00
5.207266807556152344e+00
7.625421047210693359e+00
3.338980913162231445e+00
3.098585128784179688e+00
6.205783843994140625e+00
4.767511129379272461e+00
7.929346084594726562e+00
3.129565954208374023e+00
4.342370986938476562e+00
4.169413089752197266e+00
2.772918939590454102e+00
6.877627849578857422e+00
4.514846086502075195e+00
2.484711885452270508e+00
4.610593080520629883e+00
5.810934066772460938e+00
7.804695129394531250e+00
4.646800994873046875e+00
5.369565010070800781e+00
3.386742115020751953e+00
7.720153093338012695e+00
2.584018945693969727e+00
3.697053909301757812e+00
2.947985172271728516e+00
3.739068984985351562e+00
7.253650903701782227e+00
4.977316141128540039e+00
4.457458972930908203e+00
3.406771183013916016e+00
4.334840059280395508e+00
3.719229936599731445e+00
3.281491994857788086e+00
4.001317739486694336e+00
5.317594051361083984e+00
3.827362060546875000e+00
4.536595821380615234e+00
5.414873838424682617e+00
5.245337724685668945e+00
3.265584945678710938e+00
3.269244194030761719e+00
5.712626218795776367e+00
4.378690004348754883e+00
3.658195734024047852e+00
7.690006017684936523e+00
4.546528100967407227e+00
3.581965923309326172e+00
3.804270029067993164e+00
3.700093030929565430e+00
4.151291131973266602e+00
3.889078855514526367e+00
5.143162250518798828e+00
4.441598892211914062e+00
5.976856946945190430e+00
4.321727037429809570e+00
5.023367166519165039e+00
4.374673128128051758e+00
3.790188074111938477e+00
4.661085128784179688e+00
3.918246030807495117e+00
3.819134235382080078e+00
4.622053146362304688e+00
4.149869918823242188e+00
5.437546968460083008e+00
5.134838819503784180e+00
5.531962156295776367e+00
4.357798099517822266e+00
5.613818883895874023e+00
4.673066854476928711e+00
3.721972942352294922e+00
4.052320957183837891e+00
4.289771080017089844e+00
3.993254899978637695e+00
4.693427085876464844e+00
3.376857995986938477e+00
4.746375083923339844e+00
5.047275066375732422e+00
6.317347049713134766e+00
5.081055402755737305e+00
2.858105659484863281e+00
4.122019767761230469e+00
4.089272975921630859e+00
4.166369199752807617e+00
3.460136175155639648e+00
4.548576831817626953e+00
4.284285306930541992e+00
4.947536706924438477e+00
2.801367044448852539e+00
4.871401071548461914e+00
3.887032985687255859e+00
3.777858018875122070e+00
4.729529857635498047e+00
4.254096746444702148e+00
4.923009157180786133e+00
4.502324104309082031e+00
3.982323169708251953e+00
3.318168163299560547e+00
5.084509849548339844e+00
4.733908891677856445e+00
5.132119894027709961e+00
3.374652862548828125e+00
5.674670934677124023e+00
4.685308933258056641e+00
3.060284852981567383e+00
3.536777019500732422e+00
4.178927183151245117e+00
5.413372993469238281e+00
4.736407756805419922e+00
3.933687210083007812e+00
4.620378732681274414e+00
3.305274009704589844e+00
5.032213926315307617e+00
4.669052124023437500e+00
4.432688236236572266e+00
4.881197929382324219e+00
3.637130022048950195e+00
4.920969963073730469e+00
5.906070947647094727e+00
3.511765241622924805e+00
5.318828105926513672e+00
5.535224914550781250e+00
4.595158100128173828e+00
7.357016086578369141e+00
5.199035882949829102e+00
6.388087987899780273e+00
3.877408742904663086e+00
5.893303155899047852e+00
5.306683063507080078e+00
3.539654254913330078e+00
6.399728059768676758e+00
5.046011924743652344e+00
4.395489931106567383e+00
5.695271968841552734e+00
4.196621894836425781e+00
3.687153100967407227e+00
5.680148839950561523e+00
3.052837848663330078e+00
3.291036128997802734e+00
5.330134153366088867e+00
8.427825212478637695e+00
3.554059028625488281e+00
5.117654085159301758e+00
5.234246969223022461e+00
4.579803228378295898e+00
4.629628896713256836e+00
4.188272953033447266e+00
5.085416793823242188e+00
2.710165977478027344e+00
5.583816766738891602e+00
4.644449949264526367e+00
5.165146112442016602e+00
5.840808868408203125e+00
4.413714885711669922e+00
4.538940906524658203e+00
5.710264921188354492e+00
4.780731916427612305e+00
4.737799882888793945e+00
4.870359897613525391e+00
3.043393135070800781e+00
4.748599052429199219e+00
4.629662990570068359e+00
5.106178998947143555e+00
5.735005855560302734e+00
3.178607225418090820e+00
4.995584964752197266e+00
4.954196929931640625e+00
4.212044954299926758e+00
6.715291976928710938e+00
5.118715047836303711e+00
3.810071945190429688e+00
5.378927946090698242e+00
4.187541961669921875e+00
4.219531774520874023e+00
1.960028171539306641e+00
4.224578142166137695e+00
4.416049957275390625e+00
5.311476945877075195e+00
5.441526889801025391e+00
6.953983068466186523e+00
4.593449831008911133e+00
4.718677043914794922e+00
4.487101078033447266e+00
3.770321130752563477e+00
3.614751815795898438e+00
5.050441980361938477e+00
4.316540956497192383e+00
5.176504135131835938e+00
3.761083126068115234e+00
5.165698051452636719e+00
5.494296073913574219e+00
4.640480041503906250e+00
4.552413940429687500e+00
4.776764869689941406e+00
6.910090923309326172e+00
5.079113960266113281e+00
5.463284015655517578e+00
3.241195201873779297e+00
2.764628887176513672e+00
5.094700098037719727e+00
4.764019966125488281e+00
5.138417243957519531e+00
4.482226133346557617e+00
3.902275085449218750e+00
4.106256008148193359e+00
6.054722070693969727e+00
5.907968044281005859e+00
4.321575880050659180e+00
5.341997146606445312e+00
4.797658205032348633e+00
3.820974826812744141e+00
4.494129180908203125e+00
5.998200178146362305e+00
4.404278039932250977e+00
5.132347106933593750e+00
4.910056829452514648e+00
4.585862874984741211e+00
4.742657184600830078e+00
7.768119096755981445e+00
6.748965024948120117e+00
5.034838199615478516e+00
4.828958988189697266e+00
4.380110025405883789e+00
4.888257980346679688e+00
3.341654062271118164e+00
4.894064903259277344e+00
5.221956968307495117e+00
4.521104812622070312e+00
5.241453170776367188e+00
4.458652973175048828e+00
4.243077754974365234e+00
4.883295059204101562e+00
5.612712383270263672e+00
3.364684104919433594e+00
5.285520792007446289e+00
5.215507984161376953e+00
4.791491031646728516e+00
3.335784912109375000e+00
5.168018102645874023e+00
6.099641084671020508e+00
4.043019056320190430e+00
5.400378942489624023e+00
4.272901058197021484e+00
4.707898139953613281e+00
6.410392999649047852e+00
3.885482072830200195e+00
3.155591011047363281e+00
3.821626186370849609e+00
3.674456119537353516e+00
4.115089893341064453e+00
5.544260978698730469e+00
3.815288066864013672e+00
3.351220130920410156e+00
3.800986051559448242e+00
6.525718212127685547e+00
4.358258962631225586e+00
4.635403156280517578e+00
5.024379968643188477e+00
4.384690046310424805e+00
3.545485019683837891e+00
3.639502048492431641e+00
5.900158882141113281e+00
4.762690067291259766e+00
4.557242870330810547e+00
2.577144861221313477e+00
4.648882865905761719e+00
4.267086982727050781e+00
4.879328966140747070e+00
3.521084070205688477e+00
3.567895889282226562e+00
4.509720087051391602e+00
4.687546968460083008e+00
8.040135145187377930e+00
6.622882127761840820e+00
4.416665077209472656e+00
4.382128238677978516e+00
4.315896272659301758e+00
5.202619075775146484e+00
3.910804986953735352e+00
2.750053167343139648e+00
5.625479221343994141e+00
3.220955848693847656e+00
4.746578931808471680e+00
5.782600879669189453e+00
5.634634017944335938e+00
3.942152023315429688e+00
3.743297815322875977e+00
3.306648969650268555e+00
3.988461732864379883e+00
3.554282903671264648e+00
3.974097967147827148e+00
4.193715095520019531e+00
7.279802083969116211e+00
4.345352172851562500e+00
4.372202873229980469e+00
5.178381204605102539e+00
4.812705993652343750e+00
4.492278099060058594e+00
2.677195072174072266e+00
4.908310890197753906e+00
5.158865213394165039e+00
5.261690855026245117e+00
5.105616807937622070e+00
5.333894014358520508e+00
4.784687757492065430e+00
5.616061925888061523e+00
4.626198053359985352e+00
5.263376712799072266e+00
5.303384780883789062e+00
5.456657886505126953e+00
5.398901939392089844e+00
4.531978845596313477e+00
4.557926893234252930e+00
3.395946025848388672e+00
4.792982578277587891e+00
4.617829799652099609e+00
4.233877182006835938e+00
6.553747892379760742e+00
4.730245828628540039e+00
6.671685218811035156e+00
4.894423961639404297e+00
6.246694087982177734e+00
6.572896003723144531e+00
5.766388893127441406e+00
4.780405998229980469e+00
4.919300079345703125e+00
4.781323194503784180e+00
5.029722213745117188e+00
4.585370063781738281e+00
4.559727907180786133e+00
5.020753860473632812e+00
5.025888204574584961e+00
4.560086011886596680e+00
5.246968746185302734e+00
5.465118408203125000e+00
3.264963150024414062e+00
5.026808738708496094e+00
3.437984943389892578e+00
3.656787872314453125e+00
5.604316949844360352e+00
4.951588153839111328e+00
3.772009849548339844e+00
3.811385869979858398e+00
5.561914682388305664e+00
5.310506105422973633e+00
6.484442710876464844e+00
4.654436826705932617e+00
5.559144020080566406e+00
3.803784370422363281e+00
3.406948804855346680e+00
3.184499025344848633e+00
5.409728765487670898e+00
4.144539117813110352e+00
5.706736087799072266e+00
5.360162973403930664e+00
3.391983032226562500e+00
4.850880146026611328e+00
4.327955007553100586e+00
6.116852998733520508e+00
4.557459831237792969e+00
6.321758985519409180e+00
4.022243022918701172e+00
4.747848033905029297e+00
4.612700223922729492e+00
6.272795200347900391e+00
5.100837945938110352e+00
4.792623043060302734e+00
5.711387157440185547e+00
3.279002904891967773e+00
5.343493223190307617e+00
5.243918180465698242e+00
4.575863122940063477e+00
5.494163990020751953e+00
6.626876831054687500e+00
3.347955942153930664e+00
5.438779830932617188e+00
4.400630950927734375e+00
6.742549896240234375e+00
7.051626205444335938e+00
3.574364900588989258e+00
7.223646879196166992e+00
5.523167133331298828e+00
5.473738193511962891e+00
5.066358089447021484e+00
6.304362058639526367e+00
3.528898954391479492e+00
6.238205909729003906e+00
4.294325113296508789e+00
5.274414777755737305e+00
3.690587997436523438e+00
6.788033008575439453e+00
7.049407005310058594e+00
5.977087974548339844e+00
4.082052946090698242e+00
5.664202928543090820e+00
5.811023235321044922e+00
5.692039966583251953e+00
3.944121837615966797e+00
4.127823829650878906e+00
3.443723917007446289e+00
3.042783975601196289e+00
3.293462991714477539e+00
9.519727945327758789e+00
4.476175785064697266e+00
4.289028882980346680e+00
4.249980211257934570e+00
3.617602109909057617e+00
7.407839059829711914e+00
8.159232139587402344e+00
4.073559999465942383e+00
3.154802083969116211e+00
6.707467079162597656e+00
4.102551221847534180e+00
4.685200214385986328e+00
3.761178731918334961e+00
3.812000989913940430e+00
4.369597911834716797e+00
4.651279926300048828e+00
5.351858854293823242e+00
4.513320922851562500e+00
4.564720869064331055e+00
4.812849760055541992e+00
4.135292053222656250e+00
4.057135105133056641e+00
4.308130979537963867e+00
4.063727855682373047e+00
4.515916585922241211e+00
4.731189012527465820e+00
4.295687913894653320e+00
4.298688888549804688e+00
3.943487882614135742e+00
5.354758977890014648e+00
4.693262815475463867e+00
3.972574234008789062e+00
4.275968074798583984e+00
3.215857982635498047e+00
4.219542980194091797e+00
4.954719066619873047e+00
3.995929956436157227e+00
5.325528144836425781e+00
3.092243909835815430e+00
4.545368909835815430e+00
4.107024192810058594e+00
4.361231088638305664e+00
3.873053073883056641e+00
5.360758066177368164e+00
4.154819965362548828e+00
3.619280815124511719e+00
4.584023952484130859e+00
3.435887813568115234e+00
4.447378873825073242e+00
4.280950069427490234e+00
4.816533088684082031e+00
5.975366115570068359e+00
3.548156023025512695e+00
3.915116071701049805e+00
6.591430187225341797e+00
4.762780189514160156e+00
4.075407981872558594e+00
4.319764852523803711e+00
5.163263797760009766e+00
5.144446134567260742e+00
6.841837167739868164e+00
4.178027868270874023e+00
4.402716875076293945e+00
4.030369043350219727e+00
5.754890918731689453e+00
4.886570930480957031e+00
5.172767162322998047e+00
3.858102798461914062e+00
5.221745967864990234e+00
5.366460084915161133e+00
5.500123023986816406e+00
3.986176013946533203e+00
4.376644849777221680e+00
4.695717811584472656e+00
4.041421175003051758e+00
5.300583839416503906e+00
5.797221899032592773e+00
4.952703952789306641e+00
4.711853027343750000e+00
5.855569839477539062e+00
5.632749080657958984e+00
4.680505752563476562e+00
5.578939199447631836e+00
4.709782838821411133e+00
5.639828920364379883e+00
2.972106218338012695e+00
4.769824743270874023e+00
4.232556104660034180e+00
5.144963026046752930e+00
3.856554985046386719e+00
4.470134973526000977e+00
4.411446094512939453e+00
3.769512891769409180e+00
5.069640874862670898e+00
4.854449033737182617e+00
5.306182861328125000e+00
5.672414064407348633e+00
3.592020988464355469e+00
3.369570016860961914e+00
4.346660137176513672e+00
4.538973093032836914e+00
3.509113788604736328e+00
3.649500846862792969e+00
4.624975919723510742e+00
5.457761049270629883e+00
4.012278795242309570e+00
3.629823446273803711e+00
3.771075725555419922e+00
5.337478876113891602e+00
3.837929964065551758e+00
5.793331861495971680e+00
5.327390909194946289e+00
3.966298818588256836e+00
4.715681076049804688e+00
3.377315998077392578e+00
4.729425191879272461e+00
5.979287147521972656e+00
5.813437223434448242e+00
7.084317922592163086e+00
5.928323984146118164e+00
3.459142923355102539e+00
3.429651975631713867e+00
5.120305061340332031e+00
5.081314086914062500e+00
4.306133985519409180e+00
5.744987964630126953e+00
6.539361000061035156e+00
7.775982856750488281e+00
4.009227991104125977e+00
4.950802803039550781e+00
5.171683073043823242e+00
4.640082836151123047e+00
3.993033885955810547e+00
4.207357883453369141e+00
6.540413856506347656e+00
4.691093683242797852e+00
4.796833992004394531e+00
4.328772783279418945e+00
5.191751003265380859e+00
6.757179021835327148e+00
5.833931922912597656e+00
6.589274883270263672e+00
7.383095741271972656e+00
4.377520799636840820e+00
5.012819051742553711e+00
4.572367906570434570e+00
6.836051940917968750e+00
5.608285903930664062e+00
4.724225044250488281e+00
7.096179246902465820e+00
6.777495145797729492e+00
3.785637140274047852e+00
6.134448051452636719e+00
6.284715890884399414e+00
5.384978771209716797e+00
6.431230068206787109e+00
5.259625911712646484e+00
5.629721879959106445e+00
5.351008892059326172e+00
4.892000913619995117e+00
4.186309099197387695e+00
5.178147077560424805e+00
5.918045043945312500e+00
4.690972089767456055e+00
6.985144138336181641e+00
4.423257827758789062e+00
5.015799999237060547e+00
3.880079030990600586e+00
3.459886312484741211e+00
4.690092086791992188e+00
2.997879028320312500e+00
3.490944862365722656e+00
3.152219295501708984e+00
3.595537185668945312e+00
4.250463008880615234e+00
5.465779066085815430e+00
5.325965166091918945e+00
4.791676998138427734e+00
6.009929895401000977e+00
4.944770097732543945e+00
4.857748985290527344e+00
3.769870042800903320e+00
4.715008020401000977e+00
5.177181959152221680e+00
6.103935003280639648e+00
5.777320861816406250e+00
5.630889892578125000e+00
5.511246919631958008e+00
4.580492019653320312e+00
4.921590089797973633e+00
6.672886133193969727e+00
5.117933034896850586e+00
5.197595834732055664e+00
4.601577997207641602e+00
6.800946235656738281e+00
4.078234195709228516e+00
5.439489126205444336e+00
5.144212961196899414e+00
5.392708063125610352e+00
4.983766794204711914e+00
4.853028059005737305e+00
5.184323072433471680e+00
6.064223051071166992e+00
5.393865823745727539e+00
5.407089948654174805e+00
4.721075296401977539e+00
4.351493120193481445e+00
5.822947025299072266e+00
4.052867174148559570e+00
3.816060304641723633e+00
3.745348215103149414e+00
5.413640975952148438e+00
6.107290267944335938e+00
3.296694993972778320e+00
6.079451084136962891e+00
4.743408203125000000e+00
4.363955974578857422e+00
4.074941396713256836e+00
4.309104204177856445e+00
4.289314746856689453e+00
3.722996950149536133e+00
5.025455951690673828e+00
4.198949813842773438e+00
3.983972072601318359e+00
3.743457078933715820e+00
4.799294233322143555e+00
3.560600042343139648e+00
4.632957935333251953e+00
5.818640947341918945e+00
3.116384983062744141e+00
5.381113052368164062e+00
5.970347166061401367e+00
5.811497926712036133e+00
3.185033082962036133e+00
4.837321996688842773e+00
7.543799161911010742e+00
4.421360015869140625e+00
3.447016954421997070e+00
4.337577104568481445e+00
3.633033990859985352e+00
4.666900873184204102e+00
6.885422945022583008e+00
3.669915914535522461e+00
6.457467317581176758e+00
4.947413921356201172e+00
3.719527244567871094e+00
6.083410978317260742e+00
3.665030956268310547e+00
4.553733110427856445e+00
5.525072097778320312e+00
5.477135181427001953e+00
3.949419021606445312e+00
3.667418956756591797e+00
5.376981973648071289e+00
4.183520078659057617e+00
5.039392948150634766e+00
3.997796058654785156e+00
5.229003906250000000e+00
4.885328292846679688e+00
5.744373083114624023e+00
3.946974039077758789e+00
6.110539674758911133e+00
4.574254751205444336e+00
3.152997970581054688e+00
4.614931821823120117e+00
3.487570047378540039e+00
5.620681047439575195e+00
4.497654199600219727e+00
4.775687217712402344e+00
3.937906026840209961e+00
4.086286067962646484e+00
5.893819808959960938e+00
4.316122055053710938e+00
4.121820926666259766e+00
4.344591140747070312e+00
3.541788816452026367e+00
6.367355108261108398e+00
5.225353956222534180e+00
5.196573019027709961e+00
3.029769182205200195e+00
3.907717943191528320e+00
3.225010871887207031e+00
8.309118986129760742e+00
5.870635986328125000e+00
4.337669849395751953e+00
3.840080738067626953e+00
4.240018844604492188e+00
4.150344133377075195e+00
2.964807987213134766e+00
4.460665702819824219e+00
4.362565040588378906e+00
4.832280158996582031e+00
4.756625890731811523e+00
5.276282072067260742e+00
5.442495822906494141e+00
4.113072872161865234e+00
5.028286933898925781e+00
4.748032093048095703e+00
4.663110971450805664e+00
5.128135919570922852e+00
5.583860874176025391e+00
5.070895910263061523e+00
5.882820129394531250e+00
5.357173919677734375e+00
5.369481086730957031e+00
4.073256969451904297e+00
7.092284202575683594e+00
6.060935020446777344e+00
4.474995136260986328e+00
5.431930780410766602e+00
5.084102153778076172e+00
5.343868970870971680e+00
5.025675058364868164e+00
6.239707231521606445e+00
7.418020009994506836e+00
5.677206039428710938e+00
5.034101963043212891e+00
6.770354032516479492e+00
5.007930755615234375e+00
5.015735149383544922e+00
4.300069808959960938e+00
7.224104881286621094e+00
5.119548082351684570e+00
4.808313846588134766e+00
5.821599960327148438e+00
6.406733036041259766e+00
6.522603988647460938e+00
3.955185890197753906e+00
4.210634946823120117e+00
6.687572956085205078e+00
4.470468282699584961e+00
6.032808065414428711e+00
6.225582122802734375e+00
5.785248041152954102e+00
6.091336250305175781e+00
4.203359127044677734e+00
7.791056871414184570e+00
8.422714948654174805e+00
4.110050916671752930e+00
4.580943107604980469e+00
7.760586977005004883e+00
4.730979919433593750e+00
5.325881719589233398e+00
4.892254829406738281e+00
6.354655981063842773e+00
6.399836063385009766e+00
4.911568880081176758e+00
4.390861034393310547e+00
4.898688077926635742e+00
4.882282018661499023e+00
4.196921825408935547e+00
3.048871994018554688e+00
6.629184961318969727e+00
6.588016986846923828e+00
4.840813875198364258e+00
3.720872879028320312e+00
4.771757125854492188e+00
2.859358310699462891e+00
4.532437086105346680e+00
4.637463092803955078e+00
9.022209167480468750e+00
4.672247886657714844e+00
5.637063980102539062e+00
5.260511875152587891e+00
5.820329904556274414e+00
5.195091009140014648e+00
5.075276851654052734e+00
5.784486055374145508e+00
5.308286190032958984e+00
9.327126026153564453e+00
7.683291912078857422e+00
6.551641941070556641e+00
6.231584310531616211e+00
7.718180179595947266e+00
5.264239788055419922e+00
6.819080114364624023e+00
4.405517101287841797e+00
5.512968063354492188e+00
8.261426925659179688e+00
6.711234092712402344e+00
4.182090997695922852e+00
6.254602909088134766e+00
5.753883838653564453e+00
4.833026170730590820e+00
7.021892309188842773e+00
5.816262006759643555e+00
7.105623006820678711e+00
6.899664163589477539e+00
8.984354019165039062e+00
7.317013978958129883e+00
6.922346830368041992e+00
3.048135042190551758e+00
7.395493745803833008e+00
5.691108942031860352e+00
4.107909917831420898e+00
3.257893800735473633e+00
7.221226930618286133e+00
7.538841962814331055e+00
6.178715944290161133e+00
8.538162946701049805e+00
8.434838056564331055e+00
7.350075960159301758e+00
4.704192876815795898e+00
5.215572834014892578e+00
5.459296941757202148e+00
7.877489089965820312e+00
6.463425159454345703e+00
4.392797946929931641e+00
6.802783966064453125e+00
6.566886186599731445e+00
4.050182342529296875e+00
3.782346963882446289e+00
6.001932859420776367e+00
7.450654268264770508e+00
5.470543146133422852e+00
4.527311801910400391e+00
9.489055156707763672e+00
7.905512094497680664e+00
3.935340166091918945e+00
3.660068988800048828e+00
3.696419954299926758e+00
4.360218763351440430e+00
3.722954034805297852e+00
3.861400127410888672e+00
3.859925746917724609e+00
4.919290304183959961e+00
3.431668043136596680e+00
4.643542051315307617e+00
5.220902204513549805e+00
3.953866004943847656e+00
3.681087970733642578e+00
7.595828056335449219e+00
3.941552877426147461e+00
4.326602935791015625e+00
8.317048072814941406e+00
3.405946731567382812e+00
4.874316215515136719e+00
4.283789873123168945e+00
7.682786703109741211e+00
3.522541046142578125e+00
4.539472103118896484e+00
3.379317045211791992e+00
3.563732862472534180e+00
4.468413114547729492e+00
4.590023040771484375e+00
4.354425191879272461e+00
6.108989953994750977e+00
4.069374084472656250e+00
5.750450849533081055e+00
4.869556903839111328e+00
4.002541065216064453e+00
5.575268030166625977e+00
5.258006095886230469e+00
5.177932024002075195e+00
5.405133962631225586e+00
4.128170013427734375e+00
5.550467014312744141e+00
4.723927021026611328e+00
3.677317857742309570e+00
3.645067214965820312e+00
5.435601949691772461e+00
5.856539249420166016e+00
5.039065837860107422e+00
5.156702041625976562e+00
3.827216148376464844e+00
6.780208826065063477e+00
5.441631317138671875e+00
3.729292154312133789e+00
5.255130290985107422e+00
4.944938898086547852e+00
3.898386955261230469e+00
5.786947011947631836e+00
9.805113077163696289e+00
5.025614976882934570e+00
5.406342983245849609e+00
6.339404106140136719e+00
4.443993806838989258e+00
6.355438947677612305e+00
6.462211132049560547e+00
3.548474788665771484e+00
5.925716876983642578e+00
6.014262914657592773e+00
6.278512954711914062e+00
4.447989940643310547e+00
4.577955961227416992e+00
7.209918022155761719e+00
6.048596858978271484e+00
5.360968112945556641e+00
6.348485946655273438e+00
6.059900999069213867e+00
5.032233953475952148e+00
5.080031156539916992e+00
4.231112957000732422e+00
5.471678972244262695e+00
6.480733871459960938e+00
4.481071710586547852e+00
6.294417142868041992e+00
5.093780040740966797e+00
4.415567874908447266e+00
5.786745071411132812e+00
6.468508958816528320e+00
6.725064992904663086e+00
5.705368041992187500e+00
3.336850881576538086e+00
4.212112903594970703e+00
5.683309078216552734e+00
6.223880052566528320e+00
6.310285091400146484e+00
6.076363086700439453e+00
4.384249925613403320e+00
3.935778141021728516e+00
4.030202865600585938e+00
5.735679149627685547e+00
6.709254026412963867e+00
4.234437704086303711e+00
4.516601085662841797e+00
4.729369640350341797e+00
6.922745943069458008e+00
3.253094911575317383e+00
4.054054975509643555e+00
4.159465074539184570e+00
4.914011716842651367e+00
3.963328838348388672e+00
4.728245019912719727e+00
4.628703832626342773e+00
6.110748767852783203e+00
4.998756170272827148e+00
4.879082202911376953e+00
3.937768936157226562e+00
4.587604999542236328e+00
5.303431749343872070e+00
5.278558969497680664e+00
4.422574996948242188e+00
4.872617959976196289e+00
5.167526006698608398e+00
4.723294258117675781e+00
4.216892957687377930e+00
6.527998924255371094e+00
6.438059091567993164e+00
7.577509880065917969e+00
5.855753898620605469e+00
5.309480190277099609e+00
5.252296924591064453e+00
5.349131822586059570e+00
7.312593936920166016e+00
4.854445934295654297e+00
4.498666048049926758e+00
2.321789979934692383e+00
6.069813013076782227e+00
5.787180900573730469e+00
5.570288896560668945e+00
4.882467031478881836e+00
5.726465940475463867e+00
3.755376100540161133e+00
6.065985918045043945e+00
5.488522052764892578e+00
2.962208032608032227e+00
4.619354009628295898e+00
6.148453950881958008e+00
4.213702917098999023e+00
4.924484968185424805e+00
5.801151037216186523e+00
6.187589168548583984e+00
5.870143175125122070e+00
5.329048156738281250e+00
6.569042921066284180e+00
6.420444011688232422e+00
6.161255121231079102e+00
4.694333314895629883e+00
5.563710927963256836e+00
3.250145196914672852e+00
5.524477958679199219e+00
5.852031946182250977e+00
6.717983007431030273e+00
5.460140943527221680e+00
3.323060035705566406e+00
3.906244754791259766e+00
3.111425876617431641e+00
3.984380960464477539e+00
7.322676897048950195e+00
6.261234998703002930e+00
3.660189867019653320e+00
3.891628026962280273e+00
3.546619176864624023e+00
6.472460031509399414e+00
3.784727096557617188e+00
6.285210847854614258e+00
3.345257043838500977e+00
3.843858003616333008e+00
4.982923030853271484e+00
4.440945148468017578e+00
3.931241989135742188e+00
6.803506135940551758e+00
4.528801202774047852e+00
4.861225128173828125e+00
4.487970113754272461e+00
6.903805017471313477e+00
4.505885124206542969e+00
4.462222814559936523e+00
8.177710056304931641e+00
5.446462154388427734e+00
3.979091882705688477e+00
4.935737848281860352e+00
4.949954032897949219e+00
4.205869913101196289e+00
3.738270998001098633e+00
6.842210054397583008e+00
6.878385782241821289e+00
3.941159963607788086e+00
3.824877023696899414e+00
4.209405183792114258e+00
4.946821928024291992e+00
5.320266962051391602e+00
4.150616168975830078e+00
4.193250894546508789e+00
3.929745912551879883e+00
4.483420848846435547e+00
8.054969072341918945e+00
5.390674352645874023e+00
3.488978862762451172e+00
4.615761995315551758e+00
4.211562156677246094e+00
4.451078891754150391e+00
4.575576782226562500e+00
3.356065988540649414e+00
3.270739793777465820e+00
7.757859230041503906e+00
3.784334897994995117e+00
3.247544765472412109e+00
4.182146787643432617e+00
3.814867973327636719e+00
5.150114059448242188e+00
3.596915960311889648e+00
4.485795736312866211e+00
3.487297058105468750e+00
5.089563131332397461e+00
3.715963125228881836e+00
5.325754880905151367e+00
3.856193780899047852e+00
3.906337976455688477e+00
4.054068326950073242e+00
5.649193048477172852e+00
4.317514896392822266e+00
3.140234231948852539e+00
4.834914922714233398e+00
5.529220104217529297e+00
5.011851072311401367e+00
5.725228786468505859e+00
4.499402046203613281e+00
5.426151752471923828e+00
4.076252937316894531e+00
3.220777988433837891e+00
5.235613107681274414e+00
5.491080999374389648e+00
3.564493179321289062e+00
3.817317008972167969e+00
5.599247694015502930e+00
5.215089082717895508e+00
5.459156036376953125e+00
5.395160675048828125e+00
5.660731792449951172e+00
4.542078971862792969e+00
5.589851856231689453e+00
3.659577846527099609e+00
5.500169992446899414e+00
5.489703178405761719e+00
3.942739963531494141e+00
3.473636150360107422e+00
5.611407756805419922e+00
5.507693052291870117e+00
6.303843021392822266e+00
4.430062770843505859e+00
3.847079038619995117e+00
4.666182994842529297e+00
4.244776010513305664e+00
5.905814647674560547e+00
5.889627933502197266e+00
4.404264926910400391e+00
5.771955966949462891e+00
6.249867200851440430e+00
5.487873077392578125e+00
4.085838079452514648e+00
4.277034759521484375e+00
4.398248195648193359e+00
4.217066049575805664e+00
5.983417987823486328e+00
4.226691007614135742e+00
4.654853820800781250e+00
4.889542818069458008e+00
4.098802804946899414e+00
4.854581832885742188e+00
5.063732862472534180e+00
4.446863889694213867e+00
4.640838861465454102e+00
4.954766750335693359e+00
3.637970209121704102e+00
3.272754907608032227e+00
4.894401073455810547e+00
3.234241962432861328e+00
3.086549043655395508e+00
4.793185949325561523e+00
5.502496957778930664e+00
2.733535051345825195e+00
4.298593759536743164e+00
5.489073038101196289e+00
3.528330802917480469e+00
4.407796144485473633e+00
3.529846906661987305e+00
3.536743164062500000e+00
3.466831207275390625e+00
4.729480981826782227e+00
4.252712011337280273e+00
4.735800981521606445e+00
5.522728919982910156e+00
5.479690313339233398e+00
5.189208030700683594e+00
4.164385795593261719e+00
5.894172906875610352e+00
5.242279052734375000e+00
4.792366743087768555e+00
3.567157983779907227e+00
3.732255220413208008e+00
3.764099836349487305e+00
3.942368984222412109e+00
4.483726978302001953e+00
4.255784273147583008e+00
4.335451841354370117e+00
4.915658950805664062e+00
4.997787952423095703e+00
5.105924844741821289e+00
3.790415048599243164e+00
3.373326063156127930e+00
3.148476839065551758e+00
6.137001037597656250e+00
6.370396137237548828e+00
4.113777160644531250e+00
4.785669088363647461e+00
5.068193912506103516e+00
5.709990978240966797e+00
4.238594770431518555e+00
5.925756216049194336e+00
5.341421127319335938e+00
4.314175128936767578e+00
5.671861886978149414e+00
4.752547979354858398e+00
4.649711132049560547e+00
4.493841886520385742e+00
4.943909168243408203e+00
4.721540927886962891e+00
4.795865058898925781e+00
4.774818897247314453e+00
5.044612884521484375e+00
4.113637208938598633e+00
5.746247053146362305e+00
5.240235090255737305e+00
4.576614856719970703e+00
5.297847032546997070e+00
5.429646968841552734e+00
5.305990934371948242e+00
5.148975133895874023e+00
4.033330917358398438e+00
4.996636867523193359e+00
5.268002986907958984e+00
4.847677946090698242e+00
4.747651100158691406e+00
5.348026990890502930e+00
4.126151800155639648e+00
5.087408065795898438e+00
5.627095937728881836e+00
3.879728794097900391e+00
5.548418045043945312e+00
5.357367038726806641e+00
4.003365755081176758e+00
5.117927789688110352e+00
4.011306047439575195e+00
4.747214078903198242e+00
5.834635972976684570e+00
5.077063083648681641e+00
6.108555078506469727e+00
5.708462238311767578e+00
4.096110105514526367e+00
5.561980247497558594e+00
7.376280784606933594e+00
5.889957189559936523e+00
3.128484010696411133e+00
6.516303300857543945e+00
4.138302803039550781e+00
5.755420923233032227e+00
5.885174989700317383e+00
4.258221149444580078e+00
4.622143030166625977e+00
5.092422962188720703e+00
5.210726022720336914e+00
5.642580032348632812e+00
4.365944147109985352e+00
5.089135169982910156e+00
5.439171075820922852e+00
4.407275915145874023e+00
5.461246967315673828e+00
4.438050031661987305e+00
4.399338960647583008e+00
4.745555877685546875e+00
6.083323001861572266e+00
4.476787090301513672e+00
6.315959930419921875e+00
5.805217981338500977e+00
2.468830347061157227e+00
6.097753047943115234e+00
5.427165985107421875e+00
5.810976982116699219e+00
5.920364141464233398e+00
4.833514928817749023e+00
5.636237621307373047e+00
6.307710886001586914e+00
6.858724832534790039e+00
4.133446931838989258e+00
5.887106895446777344e+00
3.743667840957641602e+00
4.904281139373779297e+00
3.688474893569946289e+00
4.310045003890991211e+00
5.029294729232788086e+00
3.892884969711303711e+00
5.322597265243530273e+00
4.023942947387695312e+00
6.445482969284057617e+00
5.370298862457275391e+00
5.414900064468383789e+00
4.841320037841796875e+00
7.686289787292480469e+00
5.500730037689208984e+00
4.648525953292846680e+00
5.566299200057983398e+00
4.024168968200683594e+00
6.827120065689086914e+00
5.540219068527221680e+00
5.615267038345336914e+00
5.665056228637695312e+00
4.232862234115600586e+00
3.871652126312255859e+00
3.431718826293945312e+00
3.682790040969848633e+00
4.447066068649291992e+00
5.949741125106811523e+00
9.158954143524169922e+00
4.457442998886108398e+00
6.289963960647583008e+00
5.419887065887451172e+00
4.382938146591186523e+00
6.013268947601318359e+00
6.434128761291503906e+00
5.546373844146728516e+00
3.503533840179443359e+00
6.047025203704833984e+00
3.932048797607421875e+00
6.979686021804809570e+00
4.583592176437377930e+00
5.560710906982421875e+00
5.934665918350219727e+00
3.957643985748291016e+00
4.017835140228271484e+00
3.787564039230346680e+00
3.028708934783935547e+00
6.844043731689453125e+00
4.960701942443847656e+00
4.152493953704833984e+00
4.018829822540283203e+00
6.967527866363525391e+00
5.044276952743530273e+00
5.513207912445068359e+00
2.986285924911499023e+00
3.848968982696533203e+00
3.880286931991577148e+00
4.453381776809692383e+00
4.475503921508789062e+00
6.016577005386352539e+00
5.631271839141845703e+00
4.613710165023803711e+00
4.059138059616088867e+00
5.053425312042236328e+00
6.561126708984375000e+00
3.906706094741821289e+00
4.662812232971191406e+00
6.119551181793212891e+00
3.943096160888671875e+00
4.220206022262573242e+00
4.638833999633789062e+00
3.587332010269165039e+00
6.952555179595947266e+00
4.530055284500122070e+00
5.067615985870361328e+00
4.241055965423583984e+00
3.316691875457763672e+00
7.868483066558837891e+00
3.421520948410034180e+00
3.176225185394287109e+00
7.376762151718139648e+00
4.616225957870483398e+00
4.516705989837646484e+00
5.055758953094482422e+00
5.150007963180541992e+00
4.296534061431884766e+00
3.514140129089355469e+00
6.113137722015380859e+00
3.750498056411743164e+00
4.959526062011718750e+00
5.090300083160400391e+00
3.658738851547241211e+00
5.232330799102783203e+00
4.139993906021118164e+00
4.306740999221801758e+00
5.004694938659667969e+00
7.264402866363525391e+00
3.562629938125610352e+00
8.151553869247436523e+00
3.788147926330566406e+00
4.719519853591918945e+00
4.520687103271484375e+00
4.762598037719726562e+00
4.022727966308593750e+00
4.099230766296386719e+00
3.965747833251953125e+00
3.219440937042236328e+00
4.430114984512329102e+00
4.606591939926147461e+00
4.286942958831787109e+00
4.568082094192504883e+00
3.744482040405273438e+00
4.109771013259887695e+00
4.667938947677612305e+00
4.598366022109985352e+00
3.493525028228759766e+00
4.352769136428833008e+00
3.875878810882568359e+00
4.156740903854370117e+00
4.439813137054443359e+00
4.975040197372436523e+00
4.086005687713623047e+00
4.797737836837768555e+00
4.873991012573242188e+00
4.207097768783569336e+00
6.719569921493530273e+00
4.286459207534790039e+00
5.124012947082519531e+00
6.228562831878662109e+00
5.199393749237060547e+00
5.557540178298950195e+00
5.612461090087890625e+00
5.116694211959838867e+00
5.576322078704833984e+00
4.930873870849609375e+00
4.873029708862304688e+00
5.487664699554443359e+00
4.196056127548217773e+00
4.683064222335815430e+00
6.532295227050781250e+00
5.824838876724243164e+00
5.809442996978759766e+00
5.874545812606811523e+00
4.947500228881835938e+00
5.662030935287475586e+00
6.182003021240234375e+00
6.716057062149047852e+00
5.912588834762573242e+00
5.983039855957031250e+00
5.828998088836669922e+00
4.914218902587890625e+00
5.361580848693847656e+00
5.101841926574707031e+00
4.789811849594116211e+00
4.919126987457275391e+00
5.232808113098144531e+00
4.594982862472534180e+00
5.935199022293090820e+00
4.784528017044067383e+00
4.744784116744995117e+00
5.045436859130859375e+00
4.372245788574218750e+00
4.299566984176635742e+00
4.527780055999755859e+00
4.279171228408813477e+00
4.052586793899536133e+00
3.569241762161254883e+00
3.797435998916625977e+00
6.141485214233398438e+00
4.632143020629882812e+00
5.058804035186767578e+00
4.963216066360473633e+00
4.778994321823120117e+00
4.440493106842041016e+00
5.143452167510986328e+00
4.196027040481567383e+00
4.608670949935913086e+00
5.555788993835449219e+00
5.146245002746582031e+00
3.767250776290893555e+00
5.867324829101562500e+00
4.772117853164672852e+00
7.260848283767700195e+00
8.155740737915039062e+00
6.101316928863525391e+00
4.703832149505615234e+00
5.884821891784667969e+00
5.200153112411499023e+00
4.826738119125366211e+00
5.042410850524902344e+00
4.782932996749877930e+00
5.774704694747924805e+00
4.491781949996948242e+00
5.423411130905151367e+00
4.037932634353637695e+00
5.040752172470092773e+00
6.182243824005126953e+00
3.478119850158691406e+00
6.720834970474243164e+00
4.807827949523925781e+00
6.366510152816772461e+00
4.168965101242065430e+00
6.329185009002685547e+00
5.490297079086303711e+00
4.490386247634887695e+00
3.668242216110229492e+00
4.744564056396484375e+00
5.978647232055664062e+00
5.510945796966552734e+00
7.029800891876220703e+00
5.190696001052856445e+00
5.338314056396484375e+00
3.576426744461059570e+00
6.002751111984252930e+00
5.303519248962402344e+00
4.916383028030395508e+00
5.403800725936889648e+00
5.272382974624633789e+00
5.377971887588500977e+00
4.899871110916137695e+00
6.216166257858276367e+00
5.189014911651611328e+00
5.190341711044311523e+00
6.692595005035400391e+00
6.698393821716308594e+00
5.533873081207275391e+00
5.362916946411132812e+00
5.186776161193847656e+00
5.093516111373901367e+00
4.177526950836181641e+00
6.790422916412353516e+00
6.816545963287353516e+00
7.433512926101684570e+00
3.211298942565917969e+00
5.233328819274902344e+00
6.804508209228515625e+00
3.840821981430053711e+00
5.623749971389770508e+00
5.361307859420776367e+00
3.769852876663208008e+00
3.221472978591918945e+00
3.917884111404418945e+00
6.436407089233398438e+00
5.753422021865844727e+00
6.481243848800659180e+00
3.036183834075927734e+00
3.444593906402587891e+00
5.793843984603881836e+00
3.927283048629760742e+00
3.986782073974609375e+00
7.038713932037353516e+00
6.189504146575927734e+00
4.282735824584960938e+00
4.572270870208740234e+00
6.468510150909423828e+00
7.308289051055908203e+00
7.375674724578857422e+00
4.766147851943969727e+00
4.991621255874633789e+00
5.508508920669555664e+00
6.742918968200683594e+00
3.465438842773437500e+00
5.734074115753173828e+00
4.840587854385375977e+00
4.502728223800659180e+00
8.149730682373046875e+00
3.537305116653442383e+00
6.545633077621459961e+00
4.176581144332885742e+00
4.120038032531738281e+00
3.782257080078125000e+00
4.183864116668701172e+00
3.792892217636108398e+00
5.930592060089111328e+00
4.132107973098754883e+00
3.802360057830810547e+00
6.143504142761230469e+00
4.318457841873168945e+00
4.449358701705932617e+00
5.895812034606933594e+00
4.373726844787597656e+00
4.251858949661254883e+00
6.186340808868408203e+00
4.913625955581665039e+00
4.421666860580444336e+00
5.108373880386352539e+00
6.783524036407470703e+00
7.884972810745239258e+00
5.100481033325195312e+00
4.232752799987792969e+00
9.636581182479858398e+00
5.217419862747192383e+00
2.200035810470581055e+00
7.197596073150634766e+00
5.400573968887329102e+00
4.189728975296020508e+00
3.959089040756225586e+00
4.655796051025390625e+00
6.125661849975585938e+00
4.556757926940917969e+00
4.595992088317871094e+00
5.270341873168945312e+00
4.458797931671142578e+00
4.572980880737304688e+00
4.905338048934936523e+00
4.601829290390014648e+00
3.149843931198120117e+00
4.840804815292358398e+00
4.309872150421142578e+00
4.764781713485717773e+00
3.062009811401367188e+00
5.026731967926025391e+00
5.203469753265380859e+00
4.780853986740112305e+00
5.773041963577270508e+00
5.134040117263793945e+00
4.659145116806030273e+00
4.495592355728149414e+00
3.341652870178222656e+00
4.031001806259155273e+00
5.449630022048950195e+00
5.268996953964233398e+00
5.945580005645751953e+00
5.596726894378662109e+00
3.618484020233154297e+00
5.596502065658569336e+00
5.742327690124511719e+00
3.891932964324951172e+00
6.423738718032836914e+00
4.133972167968750000e+00
2.939280986785888672e+00
4.501635074615478516e+00
5.531206846237182617e+00
2.623322010040283203e+00
3.613629817962646484e+00
6.990795850753784180e+00
4.100634098052978516e+00
3.316344022750854492e+00
4.644716739654541016e+00
6.784358739852905273e+00
5.073412895202636719e+00
4.810422182083129883e+00
4.569303035736083984e+00
7.068868875503540039e+00
4.625863790512084961e+00
4.860738754272460938e+00
4.337569713592529297e+00
5.275058031082153320e+00
4.704527854919433594e+00
6.440113306045532227e+00
5.524069070816040039e+00
5.229481935501098633e+00
4.656509876251220703e+00
5.237985134124755859e+00
5.285623073577880859e+00
7.372561931610107422e+00
5.700938940048217773e+00
4.785170793533325195e+00
3.633467197418212891e+00
5.645538806915283203e+00
4.499173164367675781e+00
5.572243213653564453e+00
5.245652914047241211e+00
5.217104911804199219e+00
4.652473211288452148e+00
4.096624135971069336e+00
4.931024789810180664e+00
7.713729858398437500e+00
5.536063909530639648e+00
5.440584897994995117e+00
5.455609083175659180e+00
7.728729009628295898e+00
4.530724048614501953e+00
1.024828600883483887e+01
4.419943809509277344e+00
5.696403026580810547e+00
4.975192070007324219e+00
5.483574867248535156e+00
5.143332719802856445e+00
4.829066038131713867e+00
6.287346839904785156e+00
5.589905977249145508e+00
6.373118877410888672e+00
6.156265020370483398e+00
4.886856794357299805e+00
7.404837131500244141e+00
6.833240985870361328e+00
4.815540075302124023e+00
4.208588838577270508e+00
5.911897897720336914e+00
4.651966094970703125e+00
5.992306232452392578e+00
6.210665941238403320e+00
4.464805126190185547e+00
6.589154005050659180e+00
5.534702777862548828e+00
6.045462131500244141e+00
6.442399978637695312e+00
6.057437896728515625e+00
5.598336219787597656e+00
5.353019714355468750e+00
4.325229883193969727e+00
6.657922029495239258e+00
6.559717893600463867e+00
5.917146921157836914e+00
6.264703989028930664e+00
6.229911804199218750e+00
6.217292070388793945e+00
6.806359767913818359e+00
5.876842021942138672e+00
6.603200912475585938e+00
5.039021015167236328e+00
5.850198030471801758e+00
3.792119979858398438e+00
6.026544809341430664e+00
6.560139894485473633e+00
5.766974925994873047e+00
4.836464881896972656e+00
6.621165990829467773e+00
5.724175691604614258e+00
6.241564989089965820e+00
6.694671154022216797e+00
6.777371883392333984e+00
4.535313129425048828e+00
5.423636913299560547e+00
3.905498266220092773e+00
4.290179014205932617e+00
5.128634214401245117e+00
4.390100240707397461e+00
5.479929924011230469e+00
3.978303909301757812e+00
6.545348882675170898e+00
4.771651983261108398e+00
1.120366191864013672e+01
5.815975904464721680e+00
6.710114002227783203e+00
5.573069810867309570e+00
4.428985118865966797e+00
6.295890331268310547e+00
7.402059078216552734e+00
5.644937992095947266e+00
4.491580724716186523e+00
4.145885944366455078e+00
6.093129873275756836e+00
4.001894950866699219e+00
5.971433162689208984e+00
6.962818861007690430e+00
5.742897748947143555e+00
6.213919878005981445e+00
5.937947034835815430e+00
2.838613033294677734e+00
3.873101234436035156e+00
4.304218292236328125e+00
6.262416124343872070e+00
7.238533973693847656e+00
5.585587978363037109e+00
4.533338069915771484e+00
6.267833948135375977e+00
6.921655178070068359e+00
5.463473081588745117e+00
5.180299997329711914e+00
6.581891775131225586e+00
4.669583797454833984e+00
5.119158029556274414e+00
5.394076108932495117e+00
3.547647953033447266e+00
6.594815969467163086e+00
4.311310768127441406e+00
7.145411014556884766e+00
5.387419223785400391e+00
5.027416944503784180e+00
6.635184049606323242e+00
4.693009138107299805e+00
5.273635864257812500e+00
4.692472934722900391e+00
5.802441835403442383e+00
3.904453992843627930e+00
6.786535024642944336e+00
2.993328809738159180e+00
4.864005088806152344e+00
6.528682947158813477e+00
5.024839162826538086e+00
6.810723066329956055e+00
5.238543987274169922e+00
5.913874864578247070e+00
6.063349008560180664e+00
6.881820917129516602e+00
3.298780202865600586e+00
7.328261137008666992e+00
4.351343870162963867e+00
3.832194089889526367e+00
2.789578199386596680e+00
2.898005008697509766e+00
7.180914878845214844e+00
5.280745983123779297e+00
4.676862001419067383e+00
3.602178096771240234e+00
5.943364858627319336e+00
3.437382936477661133e+00
3.492208957672119141e+00
4.278070688247680664e+00
4.500191926956176758e+00
3.449329137802124023e+00
3.285889625549316406e+00
5.538964986801147461e+00
2.872858047485351562e+00
3.994759798049926758e+00
4.164463281631469727e+00
3.006439924240112305e+00
3.524979114532470703e+00
3.819763183593750000e+00
3.766314983367919922e+00
3.582450151443481445e+00
4.674225091934204102e+00
4.050719976425170898e+00
3.087710857391357422e+00
3.677412033081054688e+00
2.865866184234619141e+00
3.861796140670776367e+00
3.402440071105957031e+00
4.021837949752807617e+00
3.598644018173217773e+00
3.194984912872314453e+00
4.721063852310180664e+00
3.253407001495361328e+00
3.670684099197387695e+00
5.069248914718627930e+00
4.129040241241455078e+00
2.633530855178833008e+00
3.021378993988037109e+00
4.061028242111206055e+00
3.589952945709228516e+00
4.014496088027954102e+00
3.099386930465698242e+00
5.068026781082153320e+00
2.737729787826538086e+00
4.841813087463378906e+00
4.420789003372192383e+00
3.764655113220214844e+00
4.505934715270996094e+00
3.692039966583251953e+00
3.374468088150024414e+00
4.650597810745239258e+00
3.598596096038818359e+00
4.947759866714477539e+00
5.698992013931274414e+00
4.760067939758300781e+00
3.988464832305908203e+00
3.031862020492553711e+00
3.843822002410888672e+00
3.937513351440429688e+00
4.623901128768920898e+00
4.527274131774902344e+00
3.673982858657836914e+00
3.191095113754272461e+00
4.341200828552246094e+00
4.983072280883789062e+00
5.963512182235717773e+00
4.287211656570434570e+00
3.675405979156494141e+00
4.803028106689453125e+00
3.266177892684936523e+00
6.375884056091308594e+00
5.045741081237792969e+00
5.144724845886230469e+00
3.905052185058593750e+00
4.014566898345947266e+00
4.798519611358642578e+00
3.676646947860717773e+00
4.644509077072143555e+00
4.300084114074707031e+00
5.628244876861572266e+00
3.167330980300903320e+00
3.797214984893798828e+00
4.054094076156616211e+00
4.534722089767456055e+00
4.055495738983154297e+00
4.651974916458129883e+00
4.228168010711669922e+00
4.591687917709350586e+00
4.177211284637451172e+00
4.371336936950683594e+00
4.983846187591552734e+00
4.661270618438720703e+00
4.344723224639892578e+00
4.440255880355834961e+00
5.529206991195678711e+00
4.428128957748413086e+00
6.657538890838623047e+00
3.101242303848266602e+00
3.508167028427124023e+00
3.713363885879516602e+00
4.370712041854858398e+00
4.234143018722534180e+00
5.462142944335937500e+00
5.381644964218139648e+00
6.382458925247192383e+00
3.537163019180297852e+00
3.902595281600952148e+00
6.319274902343750000e+00
6.508715152740478516e+00
5.292990922927856445e+00
3.409378051757812500e+00
4.360528230667114258e+00
6.255861997604370117e+00
5.772566080093383789e+00
4.568638086318969727e+00
5.447514057159423828e+00
3.740428209304809570e+00
4.133593082427978516e+00
4.055153131484985352e+00
4.245098829269409180e+00
4.377568960189819336e+00
4.024806022644042969e+00
4.306433200836181641e+00
4.162193775177001953e+00
5.142643213272094727e+00
4.621074914932250977e+00
4.431479930877685547e+00
4.440099954605102539e+00
4.541561126708984375e+00
4.193763017654418945e+00
4.323297739028930664e+00
4.453795909881591797e+00
5.569425344467163086e+00
4.446457147598266602e+00
4.348822116851806641e+00
4.385365962982177734e+00
4.879824876785278320e+00
4.341549158096313477e+00
4.682257175445556641e+00
5.251921176910400391e+00
4.622495889663696289e+00
4.643466949462890625e+00
4.879222154617309570e+00
5.861610889434814453e+00
4.567699909210205078e+00
5.768284797668457031e+00
2.850531101226806641e+00
5.625416994094848633e+00
5.021750926971435547e+00
3.422643899917602539e+00
4.672773122787475586e+00
4.948816061019897461e+00
6.583784103393554688e+00
5.390815973281860352e+00
4.064989805221557617e+00
3.356678009033203125e+00
4.975026845932006836e+00
3.673310041427612305e+00
4.577936172485351562e+00
3.636979341506958008e+00
5.797056913375854492e+00
4.872206926345825195e+00
4.669648885726928711e+00
5.570605039596557617e+00
4.939481019973754883e+00
5.402635097503662109e+00
5.314807176589965820e+00
4.470719814300537109e+00
4.365947961807250977e+00
3.200903892517089844e+00
4.107126951217651367e+00
5.554223060607910156e+00
3.712327957153320312e+00
3.987100839614868164e+00
6.530134201049804688e+00
4.134274959564208984e+00
4.874669790267944336e+00
5.354928016662597656e+00
4.700814962387084961e+00
4.343780040740966797e+00
4.183401823043823242e+00
5.307708978652954102e+00
4.998889923095703125e+00
4.250804901123046875e+00
6.113654136657714844e+00
4.304373979568481445e+00
4.571053028106689453e+00
3.164268016815185547e+00
3.474162101745605469e+00
5.563541889190673828e+00
4.013852834701538086e+00
2.991899728775024414e+00
3.903056144714355469e+00
3.558750867843627930e+00
6.009923219680786133e+00
5.968292951583862305e+00
4.253819227218627930e+00
5.802834987640380859e+00
5.708033084869384766e+00
4.645498275756835938e+00
5.463217020034790039e+00
3.851500749588012695e+00
5.769954919815063477e+00
3.975785970687866211e+00
4.438841819763183594e+00
5.838145971298217773e+00
5.946194887161254883e+00
5.775146007537841797e+00
5.916156053543090820e+00
3.854380846023559570e+00
3.489427089691162109e+00
4.603872060775756836e+00
4.612673997879028320e+00
4.028032064437866211e+00
3.714765071868896484e+00
3.631208181381225586e+00
3.789211988449096680e+00
4.469293117523193359e+00
5.229651212692260742e+00
4.682836055755615234e+00
5.703867912292480469e+00
3.884314060211181641e+00
4.420608997344970703e+00
5.282621860504150391e+00
4.652971982955932617e+00
3.995792150497436523e+00
6.598706960678100586e+00
4.413933753967285156e+00
4.138265848159790039e+00
5.650537967681884766e+00
6.500570058822631836e+00
5.568310737609863281e+00
4.192298889160156250e+00
5.696764945983886719e+00
4.168901920318603516e+00
4.162837982177734375e+00
7.502176046371459961e+00
4.588379859924316406e+00
4.438542127609252930e+00
3.654096841812133789e+00
5.119735956192016602e+00
6.734279870986938477e+00
4.920599937438964844e+00
4.948189020156860352e+00
5.086192846298217773e+00
9.364365100860595703e+00
3.164700984954833984e+00
5.534887790679931641e+00
4.502635002136230469e+00
5.438636064529418945e+00
4.471388816833496094e+00
7.119051933288574219e+00
4.567996025085449219e+00
4.681813001632690430e+00
4.216499090194702148e+00
6.382835149765014648e+00
4.168816089630126953e+00
4.631957054138183594e+00
4.789474964141845703e+00
5.179721117019653320e+00
3.060958147048950195e+00
5.602404832839965820e+00
4.481186866760253906e+00
5.147771835327148438e+00
3.428653001785278320e+00
4.348625183105468750e+00
5.441153049468994141e+00
2.820110797882080078e+00
4.700614929199218750e+00
5.295203924179077148e+00
3.538964033126831055e+00
3.620054006576538086e+00
3.760324954986572266e+00
5.616103172302246094e+00
4.790552139282226562e+00
5.254245996475219727e+00
4.627275943756103516e+00
4.138868093490600586e+00
5.065897941589355469e+00
4.767811775207519531e+00
3.410461187362670898e+00
4.108596324920654297e+00
4.220857143402099609e+00
4.413830041885375977e+00
5.065055131912231445e+00
5.248015880584716797e+00
4.033147811889648438e+00
4.966828107833862305e+00
5.386442184448242188e+00
4.579944849014282227e+00
4.416298866271972656e+00
6.351373910903930664e+00
5.473295211791992188e+00
4.441969871520996094e+00
4.726552963256835938e+00
5.356833696365356445e+00
4.818439960479736328e+00
4.228301048278808594e+00
4.206008911132812500e+00
5.775367021560668945e+00
4.349813938140869141e+00
3.554343938827514648e+00
3.120152950286865234e+00
4.298456668853759766e+00
3.037988901138305664e+00
4.891772985458374023e+00
4.613396883010864258e+00
4.024957895278930664e+00
5.132028818130493164e+00
4.546867847442626953e+00
4.595994949340820312e+00
4.835758924484252930e+00
5.303364992141723633e+00
4.864011764526367188e+00
4.055644035339355469e+00
5.950314998626708984e+00
4.606631755828857422e+00
3.196391820907592773e+00
3.300912141799926758e+00
4.190783023834228516e+00
3.186016082763671875e+00
4.237025022506713867e+00
4.383629798889160156e+00
3.102223873138427734e+00
3.297322988510131836e+00
4.209321975708007812e+00
4.253893852233886719e+00
4.871393918991088867e+00
3.492550849914550781e+00
5.095414876937866211e+00
2.480736970901489258e+00
2.905584812164306641e+00
3.881875038146972656e+00
5.206944942474365234e+00
3.654888868331909180e+00
3.841466903686523438e+00
5.134346961975097656e+00
6.411377191543579102e+00
3.008348941802978516e+00
3.352564096450805664e+00
4.337909936904907227e+00
4.340307950973510742e+00
4.234796047210693359e+00
3.226062059402465820e+00
4.031111955642700195e+00
3.231371641159057617e+00
3.483860015869140625e+00
3.189713001251220703e+00
3.318967103958129883e+00
3.362167596817016602e+00
3.717988014221191406e+00
3.619293928146362305e+00
4.554360866546630859e+00
4.866426229476928711e+00
4.662068128585815430e+00
3.792052030563354492e+00
4.421579122543334961e+00
2.931132078170776367e+00
6.555066108703613281e+00
6.618463039398193359e+00
4.836262226104736328e+00
6.048951148986816406e+00
5.302665948867797852e+00
4.656400203704833984e+00
4.871638059616088867e+00
2.844918012619018555e+00
5.045387983322143555e+00
5.274923086166381836e+00
3.721183061599731445e+00
4.277791976928710938e+00
6.090326070785522461e+00
4.758012056350708008e+00
5.932534217834472656e+00
4.987429141998291016e+00
6.008724927902221680e+00
6.573354959487915039e+00
5.451333999633789062e+00
4.588119029998779297e+00
4.045576095581054688e+00
4.398830175399780273e+00
4.620643138885498047e+00
5.960377931594848633e+00
3.995596885681152344e+00
6.970737934112548828e+00
3.422957897186279297e+00
3.085626125335693359e+00
4.094253063201904297e+00
7.028943777084350586e+00
4.326708793640136719e+00
3.613450050354003906e+00
4.112390279769897461e+00
6.412080049514770508e+00
4.586511135101318359e+00
4.908530950546264648e+00
5.968234062194824219e+00
3.685160875320434570e+00
5.985987663269042969e+00
5.206930875778198242e+00
5.287731885910034180e+00
5.473044157028198242e+00
6.294876813888549805e+00
4.142241001129150391e+00
5.448849201202392578e+00
5.593301057815551758e+00
4.204472064971923828e+00
4.019816875457763672e+00
4.907670736312866211e+00
3.565824985504150391e+00
4.973567008972167969e+00
5.252310037612915039e+00
3.908885002136230469e+00
4.799128770828247070e+00
4.458615064620971680e+00
5.800352811813354492e+00
3.760228157043457031e+00
3.486549139022827148e+00
4.636991977691650391e+00
6.414246082305908203e+00
5.798613071441650391e+00
5.876202821731567383e+00
3.153161048889160156e+00
3.968638181686401367e+00
3.280493021011352539e+00
3.582475900650024414e+00
3.707102298736572266e+00
4.312138557434082031e+00
4.321571111679077148e+00
3.654623031616210938e+00
3.462448120117187500e+00
3.991386175155639648e+00
3.479300737380981445e+00
5.209425926208496094e+00
4.831633090972900391e+00
3.579385995864868164e+00
3.591156959533691406e+00
4.389131069183349609e+00
4.323157072067260742e+00
3.550666093826293945e+00
3.529574871063232422e+00
4.014440059661865234e+00
5.472656011581420898e+00
4.731652021408081055e+00
3.427083969116210938e+00
6.608119010925292969e+00
4.270627737045288086e+00
3.950757980346679688e+00
6.638713121414184570e+00
3.975012063980102539e+00
3.676829338073730469e+00
6.974037885665893555e+00
3.746789932250976562e+00
4.350989818572998047e+00
5.227167844772338867e+00
6.801254987716674805e+00
4.419078111648559570e+00
4.529586791992187500e+00
4.608851909637451172e+00
5.344995975494384766e+00
4.547962903976440430e+00
4.561113834381103516e+00
4.605674028396606445e+00
3.346998929977416992e+00
6.110778808593750000e+00
4.609247207641601562e+00
4.633692026138305664e+00
5.119858026504516602e+00
4.445642948150634766e+00
3.720026254653930664e+00
3.375716686248779297e+00
3.138664007186889648e+00
2.306682825088500977e+00
4.175806999206542969e+00
4.169275045394897461e+00
4.046193838119506836e+00
3.574274063110351562e+00
3.851258039474487305e+00
4.109740018844604492e+00
4.834034919738769531e+00
4.289894819259643555e+00
6.191330194473266602e+00
5.477091073989868164e+00
2.342252254486083984e+00
4.296594381332397461e+00
4.473909139633178711e+00
4.398122787475585938e+00
4.312039852142333984e+00
6.550755023956298828e+00
5.403299093246459961e+00
5.210363864898681641e+00
4.145018100738525391e+00
4.544000864028930664e+00
5.027370929718017578e+00
4.417796850204467773e+00
4.782710075378417969e+00
5.007992982864379883e+00
5.400441884994506836e+00
2.495150089263916016e+00
4.852763891220092773e+00
4.434385061264038086e+00
3.527701854705810547e+00
4.483453989028930664e+00
3.707143068313598633e+00
4.136261224746704102e+00
4.217282056808471680e+00
4.821365118026733398e+00
4.234833955764770508e+00
3.885417938232421875e+00
4.779632806777954102e+00
4.519523620605468750e+00
4.328565120697021484e+00
3.854291915893554688e+00
4.282171249389648438e+00
4.777881145477294922e+00
4.982442140579223633e+00
3.906428098678588867e+00
5.694105148315429688e+00
4.394923925399780273e+00
3.707210063934326172e+00
4.227743148803710938e+00
5.332448959350585938e+00
5.608912229537963867e+00
3.475585937500000000e+00
4.638800144195556641e+00
5.401433229446411133e+00
3.632826089859008789e+00
5.076245069503784180e+00
4.772741794586181641e+00
5.378325939178466797e+00
4.422292232513427734e+00
3.596272230148315430e+00
6.334897041320800781e+00
3.484215021133422852e+00
3.667520999908447266e+00
4.896595239639282227e+00
5.082996129989624023e+00
5.130819797515869141e+00
5.615916967391967773e+00
4.703655004501342773e+00
4.580752134323120117e+00
5.112992048263549805e+00
5.572590827941894531e+00
3.500441074371337891e+00
5.247501134872436523e+00
4.149458169937133789e+00
5.826447010040283203e+00
3.053553819656372070e+00
5.765169858932495117e+00
6.024062156677246094e+00
3.682183980941772461e+00
2.953626155853271484e+00
5.670245885848999023e+00
5.134107828140258789e+00
4.116857051849365234e+00
6.064309120178222656e+00
4.133616924285888672e+00
5.551356077194213867e+00
3.909147024154663086e+00
3.427349805831909180e+00
3.861531019210815430e+00
5.306823015213012695e+00
4.449556112289428711e+00
4.173003911972045898e+00
6.899936199188232422e+00
3.695241212844848633e+00
3.552872896194458008e+00
4.209182024002075195e+00
3.467381000518798828e+00
2.675328731536865234e+00
4.401797056198120117e+00
6.113250970840454102e+00
4.658676862716674805e+00
4.464455842971801758e+00
3.802414178848266602e+00
4.383602142333984375e+00
7.135588169097900391e+00
5.002453088760375977e+00
4.045539855957031250e+00
4.553173065185546875e+00
3.989010095596313477e+00
7.356571197509765625e+00
3.864233970642089844e+00
4.274307966232299805e+00
4.168055057525634766e+00
4.603080034255981445e+00
5.096402168273925781e+00
5.641242027282714844e+00
4.691006898880004883e+00
4.845780849456787109e+00
4.968365907669067383e+00
5.093507051467895508e+00
6.186599016189575195e+00
4.132193803787231445e+00
5.183847188949584961e+00
5.041179895401000977e+00
6.232848882675170898e+00
5.284262895584106445e+00
4.769834041595458984e+00
5.439975023269653320e+00
4.110650062561035156e+00
6.501244783401489258e+00
5.225543022155761719e+00
6.576514005661010742e+00
4.308255910873413086e+00
3.489177227020263672e+00
3.499671220779418945e+00
5.164513587951660156e+00
5.133609294891357422e+00
5.275406122207641602e+00
4.732578039169311523e+00
6.851208925247192383e+00
5.281719923019409180e+00
4.161332368850708008e+00
4.805279970169067383e+00
3.389085054397583008e+00
5.591467857360839844e+00
3.542323827743530273e+00
5.362709999084472656e+00
4.229890108108520508e+00
4.520859003067016602e+00
3.749462127685546875e+00
3.903388977050781250e+00
5.733692884445190430e+00
5.713065385818481445e+00
4.953269004821777344e+00
5.052952051162719727e+00
5.037286043167114258e+00
4.186553239822387695e+00
5.297512054443359375e+00
5.121288061141967773e+00
5.078399896621704102e+00
3.937128067016601562e+00
5.233695030212402344e+00
3.388488054275512695e+00
4.922226905822753906e+00
3.926837205886840820e+00
5.267266035079956055e+00
6.046857833862304688e+00
2.240010976791381836e+00
5.487859964370727539e+00
4.776361942291259766e+00
3.708295345306396484e+00
4.590701818466186523e+00
4.707947731018066406e+00
5.320221900939941406e+00
5.324903011322021484e+00
4.218302011489868164e+00
4.053373813629150391e+00
4.803797006607055664e+00
5.707325935363769531e+00
3.645239114761352539e+00
4.898797750473022461e+00
5.360018253326416016e+00
4.447499036788940430e+00
4.206492900848388672e+00
4.238533973693847656e+00
5.155039787292480469e+00
4.364113807678222656e+00
4.612273216247558594e+00
5.437583208084106445e+00
4.679194211959838867e+00
3.676003932952880859e+00
3.581122159957885742e+00
4.674604177474975586e+00
4.229707717895507812e+00
6.897330999374389648e+00
4.263144969940185547e+00
3.653696060180664062e+00
3.692900896072387695e+00
6.442778110504150391e+00
6.143746137619018555e+00
4.080255985260009766e+00
4.886994838714599609e+00
3.837484836578369141e+00
4.470188140869140625e+00
3.392093896865844727e+00
4.075350046157836914e+00
4.873981952667236328e+00
3.349299907684326172e+00
5.974968910217285156e+00
3.617115974426269531e+00
5.852375030517578125e+00
5.315768718719482422e+00
3.975441932678222656e+00
5.108222246170043945e+00
4.671884059906005859e+00
6.198374748229980469e+00
6.267241001129150391e+00
4.328626871109008789e+00
6.138555765151977539e+00
3.651470661163330078e+00
5.274727106094360352e+00
6.339949846267700195e+00
5.261572122573852539e+00
4.234507083892822266e+00
5.795660972595214844e+00
6.941020011901855469e+00
5.230809688568115234e+00
4.558456182479858398e+00
3.788081169128417969e+00
3.840343952178955078e+00
3.823035955429077148e+00
4.834680080413818359e+00
4.866087913513183594e+00
5.982713937759399414e+00
3.459325075149536133e+00
4.487013816833496094e+00
4.738445043563842773e+00
4.632176160812377930e+00
6.211389064788818359e+00
3.698310852050781250e+00
5.024527788162231445e+00
4.698594093322753906e+00
5.005696058273315430e+00
6.686817169189453125e+00
4.782978057861328125e+00
4.516404151916503906e+00
4.780959129333496094e+00
4.916216135025024414e+00
4.921130895614624023e+00
5.125284910202026367e+00
5.029863119125366211e+00
4.223761796951293945e+00
5.411361694335937500e+00
6.360495805740356445e+00
4.722090005874633789e+00
4.953818798065185547e+00
3.921161890029907227e+00
4.426991224288940430e+00
5.182219028472900391e+00
4.240161180496215820e+00
5.244107007980346680e+00
4.918526887893676758e+00
5.076993227005004883e+00
4.626134157180786133e+00
5.561587095260620117e+00
7.586919069290161133e+00
4.099646091461181641e+00
3.605122089385986328e+00
5.563750267028808594e+00
5.934894084930419922e+00
3.843205928802490234e+00
3.675770044326782227e+00
4.900538921356201172e+00
7.861336946487426758e+00
4.047817945480346680e+00
5.199355840682983398e+00
4.221756935119628906e+00
4.171496868133544922e+00
6.152580976486206055e+00
3.803966999053955078e+00
4.608809947967529297e+00
4.510140895843505859e+00
3.364212036132812500e+00
5.760239124298095703e+00
4.212157964706420898e+00
3.651245117187500000e+00
4.228622913360595703e+00
4.006519794464111328e+00
3.270341157913208008e+00
3.606036901473999023e+00
5.164095878601074219e+00
5.090138912200927734e+00
4.703745841979980469e+00
3.933940887451171875e+00
5.209914684295654297e+00
4.123320102691650391e+00
7.050408840179443359e+00
4.246111154556274414e+00
4.398428916931152344e+00
5.195477008819580078e+00
4.739518165588378906e+00
3.354879140853881836e+00
6.360989093780517578e+00
4.851658821105957031e+00
4.415050029754638672e+00
5.400069952011108398e+00
5.886712074279785156e+00
5.149541854858398438e+00
4.345860958099365234e+00
3.830105066299438477e+00
4.343286037445068359e+00
5.898533105850219727e+00
5.727406978607177734e+00
7.707587242126464844e+00
3.753862857818603516e+00
3.769192934036254883e+00
4.165425777435302734e+00
7.226158857345581055e+00
5.668838977813720703e+00
5.009901762008666992e+00
5.288219928741455078e+00
8.032328844070434570e+00
4.419633150100708008e+00
6.699311017990112305e+00
5.760369062423706055e+00
4.886156797409057617e+00
5.079637050628662109e+00
4.955762147903442383e+00
6.207343101501464844e+00
5.797836065292358398e+00
4.407980203628540039e+00
5.193007946014404297e+00
6.940469026565551758e+00
5.665395259857177734e+00
4.887830018997192383e+00
5.570986032485961914e+00
4.349172830581665039e+00
6.266297101974487305e+00
6.665426015853881836e+00
6.134885787963867188e+00
4.553494691848754883e+00
4.937779188156127930e+00
6.222156047821044922e+00
5.551334857940673828e+00
4.516021013259887695e+00
7.063455104827880859e+00
6.555127143859863281e+00
6.642076969146728516e+00
4.270281076431274414e+00
4.235160112380981445e+00
4.760615825653076172e+00
5.938946008682250977e+00
4.317133903503417969e+00
5.202341079711914062e+00
5.958215951919555664e+00
4.051340103149414062e+00
3.631000041961669922e+00
6.249670982360839844e+00
4.630781888961791992e+00
6.513480901718139648e+00
5.851032018661499023e+00
7.284387826919555664e+00
6.871953964233398438e+00
3.357050180435180664e+00
6.045862913131713867e+00
5.650424242019653320e+00
4.587210893630981445e+00
3.286900997161865234e+00
4.159276962280273438e+00
7.622334957122802734e+00
4.894104242324829102e+00
6.669969081878662109e+00
6.919651985168457031e+00
5.403003215789794922e+00
5.200222969055175781e+00
5.124063014984130859e+00
6.449697017669677734e+00
7.001190185546875000e+00
3.266179084777832031e+00
6.257916212081909180e+00
6.650950908660888672e+00
3.745913982391357422e+00
3.550776004791259766e+00
5.762242078781127930e+00
4.823350191116333008e+00
4.550068855285644531e+00
5.722951889038085938e+00
4.961922168731689453e+00
5.288043022155761719e+00
4.129626274108886719e+00
4.233237743377685547e+00
5.419428825378417969e+00
5.052556037902832031e+00
4.896584033966064453e+00
4.694170951843261719e+00
4.532046794891357422e+00
4.282224178314208984e+00
3.990402936935424805e+00
3.890569925308227539e+00
3.924206018447875977e+00
5.148945331573486328e+00
3.961830854415893555e+00
4.988658905029296875e+00
5.042975187301635742e+00
4.766200065612792969e+00
4.614765882492065430e+00
4.667902946472167969e+00
7.011188030242919922e+00
5.380255937576293945e+00
3.904762268066406250e+00
4.016540050506591797e+00
8.622864246368408203e+00
5.282984018325805664e+00
4.912537097930908203e+00
5.306685924530029297e+00
5.633392095565795898e+00
4.866761922836303711e+00
5.492206811904907227e+00
5.525818109512329102e+00
5.639147043228149414e+00
4.803656101226806641e+00
4.635116100311279297e+00
4.979697227478027344e+00
5.284004926681518555e+00
4.875482082366943359e+00
5.070242881774902344e+00
4.963361024856567383e+00
3.433655023574829102e+00
4.452318191528320312e+00
5.074051856994628906e+00
4.920962095260620117e+00
6.033759117126464844e+00
5.091368913650512695e+00
5.271637916564941406e+00
2.998317956924438477e+00
7.761126995086669922e+00
5.158313989639282227e+00
5.120558023452758789e+00
5.637803077697753906e+00
4.337754964828491211e+00
5.461385011672973633e+00
6.311188936233520508e+00
4.429825782775878906e+00
4.822996854782104492e+00
3.870712041854858398e+00
5.315978050231933594e+00
5.436607122421264648e+00
4.509676933288574219e+00
4.098129034042358398e+00
4.755460977554321289e+00
3.806537866592407227e+00
4.172669172286987305e+00
3.854304313659667969e+00
4.386811971664428711e+00
3.277112007141113281e+00
3.792853116989135742e+00
4.493353128433227539e+00
3.379831075668334961e+00
3.671741962432861328e+00
4.463924169540405273e+00
4.175043821334838867e+00
2.516138076782226562e+00
4.154312849044799805e+00
3.943790197372436523e+00
3.800048828125000000e+00
4.225524902343750000e+00
4.347918987274169922e+00
3.929809331893920898e+00
4.500730752944946289e+00
3.931735992431640625e+00
4.028521299362182617e+00
4.088112831115722656e+00
5.068871974945068359e+00
2.878397941589355469e+00
3.155465126037597656e+00
6.891383886337280273e+00
3.438650846481323242e+00
2.978586196899414062e+00
3.254726171493530273e+00
5.005835056304931641e+00
8.685982942581176758e+00
3.326128244400024414e+00
3.941481113433837891e+00
3.442588090896606445e+00
3.234431982040405273e+00
4.398216009140014648e+00
7.682851791381835938e+00
3.730144977569580078e+00
3.133911609649658203e+00
7.816282272338867188e+00
3.994514942169189453e+00
6.322622060775756836e+00
4.328635215759277344e+00
3.463269233703613281e+00
3.380758047103881836e+00
3.683460950851440430e+00
7.840561866760253906e+00
4.166498899459838867e+00
3.784214019775390625e+00
5.251917839050292969e+00
4.948233127593994141e+00
3.844204902648925781e+00
3.581749200820922852e+00
5.554856300354003906e+00
3.647213935852050781e+00
4.516878843307495117e+00
3.615890264511108398e+00
5.719229221343994141e+00
4.123448848724365234e+00
3.526807069778442383e+00
5.255959749221801758e+00
4.090890884399414062e+00
5.293390035629272461e+00
4.257406949996948242e+00
3.748465061187744141e+00
4.383789062500000000e+00
4.292433261871337891e+00
3.923980951309204102e+00
5.392179965972900391e+00
5.464046001434326172e+00
4.266631126403808594e+00
4.008074045181274414e+00
3.886803865432739258e+00
5.476614952087402344e+00
4.997576236724853516e+00
4.425531148910522461e+00
4.340204954147338867e+00
3.972543001174926758e+00
4.044350147247314453e+00
6.189703226089477539e+00
4.742614984512329102e+00
4.322735786437988281e+00
4.133596897125244141e+00
5.091193914413452148e+00
4.238226890563964844e+00
2.997329235076904297e+00
4.983810901641845703e+00
4.741843938827514648e+00
5.296506166458129883e+00
4.142313003540039062e+00
4.996138095855712891e+00
4.504158020019531250e+00
4.684327363967895508e+00
3.968251943588256836e+00
5.549719095230102539e+00
4.744843959808349609e+00
4.777909040451049805e+00
4.802293062210083008e+00
3.166813850402832031e+00
5.057112932205200195e+00
5.327522993087768555e+00
4.526654243469238281e+00
5.165474653244018555e+00
4.167656183242797852e+00
5.312097787857055664e+00
3.349047899246215820e+00
3.338114976882934570e+00
5.254915714263916016e+00
4.076780080795288086e+00
4.081143140792846680e+00
5.550406932830810547e+00
4.317342758178710938e+00
4.269775152206420898e+00
4.163538217544555664e+00
4.679747104644775391e+00
5.239217996597290039e+00
4.534690141677856445e+00
5.238085031509399414e+00
4.761264801025390625e+00
5.176120996475219727e+00
3.917079925537109375e+00
4.609272956848144531e+00
4.705672979354858398e+00
3.824494838714599609e+00
4.575426101684570312e+00
4.820230245590209961e+00
5.188484191894531250e+00
5.111624956130981445e+00
4.403403043746948242e+00
4.083219051361083984e+00
5.631002902984619141e+00
4.253021240234375000e+00
4.248131752014160156e+00
4.308348894119262695e+00
4.265421152114868164e+00
4.048854112625122070e+00
4.638680219650268555e+00
4.574704885482788086e+00
3.107074022293090820e+00
6.007392883300781250e+00
4.532021999359130859e+00
5.756489992141723633e+00
5.344240903854370117e+00
4.039014816284179688e+00
3.161934137344360352e+00
5.978050708770751953e+00
3.708621025085449219e+00
3.409918069839477539e+00
3.428654909133911133e+00
3.660897970199584961e+00
4.600171089172363281e+00
3.669934272766113281e+00
5.515503168106079102e+00
6.594043731689453125e+00
5.642662763595581055e+00
4.384863853454589844e+00
4.318004131317138672e+00
5.570642232894897461e+00
5.484619140625000000e+00
6.486409902572631836e+00
5.442938804626464844e+00
6.255952835083007812e+00
4.684165239334106445e+00
7.486930847167968750e+00
6.923610925674438477e+00
6.454571962356567383e+00
7.342226982116699219e+00
6.786537885665893555e+00
6.541986227035522461e+00
6.499638795852661133e+00
5.850024938583374023e+00
4.824924230575561523e+00
6.844367027282714844e+00
7.390795946121215820e+00
6.982090950012207031e+00
6.886008024215698242e+00
6.273104667663574219e+00
7.357806205749511719e+00
7.429080009460449219e+00
6.391533613204956055e+00
7.009808778762817383e+00
6.135213851928710938e+00
4.609845161437988281e+00
6.386995792388916016e+00
6.352184057235717773e+00
6.173397302627563477e+00
7.936053991317749023e+00
6.442907810211181641e+00
6.381004095077514648e+00
7.024504899978637695e+00
6.913493156433105469e+00
5.147489070892333984e+00
6.577243089675903320e+00
8.216135978698730469e+00
7.726573944091796875e+00
5.072821617126464844e+00
6.220083951950073242e+00
5.512189865112304688e+00
6.221931934356689453e+00
7.621422052383422852e+00
3.834795951843261719e+00
6.744401931762695312e+00
3.505570650100708008e+00
5.157762050628662109e+00
6.489060163497924805e+00
5.508106946945190430e+00
3.534205198287963867e+00
5.010011911392211914e+00
5.030503034591674805e+00
8.107309818267822266e+00
5.456599235534667969e+00
7.966865062713623047e+00
4.357548713684082031e+00
8.081230163574218750e+00
8.151210069656372070e+00
4.336604118347167969e+00
7.031264781951904297e+00
3.596715927124023438e+00
5.296541929244995117e+00
4.546131849288940430e+00
7.162054300308227539e+00
4.758723020553588867e+00
7.164293050765991211e+00
6.012767076492309570e+00
5.995572090148925781e+00
3.974360942840576172e+00
5.239123106002807617e+00
6.320980310440063477e+00
5.176578998565673828e+00
5.388586044311523438e+00
5.631319999694824219e+00
8.107422113418579102e+00
5.305511951446533203e+00
4.510857343673706055e+00
3.115459918975830078e+00
8.578711032867431641e+00
5.848587036132812500e+00
9.801937103271484375e+00
7.521912813186645508e+00
5.035110235214233398e+00
6.085447072982788086e+00
4.804861307144165039e+00
9.091565847396850586e+00
5.333468914031982422e+00
5.609622001647949219e+00
2.635095834732055664e+00
4.903014898300170898e+00
7.985235929489135742e+00
5.627517938613891602e+00
4.724937915802001953e+00
7.138801097869873047e+00
9.227667093276977539e+00
7.991229057312011719e+00
5.539685010910034180e+00
8.050674200057983398e+00
7.641386032104492188e+00
5.640273332595825195e+00
6.921181917190551758e+00
7.700910091400146484e+00
4.938920021057128906e+00
4.489446878433227539e+00
4.856890916824340820e+00
6.139046907424926758e+00
8.481298923492431641e+00
5.945621728897094727e+00
4.388455867767333984e+00
4.050873994827270508e+00
5.415575981140136719e+00
7.446155071258544922e+00
5.323114871978759766e+00
5.335843086242675781e+00
4.556530952453613281e+00
6.271737098693847656e+00
5.270192146301269531e+00
5.250653028488159180e+00
8.188712835311889648e+00
4.476036071777343750e+00
5.811028957366943359e+00
8.150555849075317383e+00
4.834825038909912109e+00
8.939764022827148438e+00
5.680666923522949219e+00
3.531676054000854492e+00
5.317873001098632812e+00
4.294743061065673828e+00
6.319098949432373047e+00
8.251049995422363281e+00
4.054900884628295898e+00
6.175732135772705078e+00
6.253241062164306641e+00
5.404352903366088867e+00
8.907921075820922852e+00
5.719624996185302734e+00
4.528555870056152344e+00
6.231338024139404297e+00
6.216743946075439453e+00
4.737462043762207031e+00
3.909632921218872070e+00
8.612795829772949219e+00
8.479083061218261719e+00
5.739487171173095703e+00
2.776502847671508789e+00
3.511223077774047852e+00
8.688540935516357422e+00
5.290224790573120117e+00
5.693521976470947266e+00
9.543996095657348633e+00
3.824241876602172852e+00
5.843400001525878906e+00
5.760720968246459961e+00
5.950334072113037109e+00
4.825334787368774414e+00
5.230300903320312500e+00
3.710783004760742188e+00
6.639827966690063477e+00
5.384109020233154297e+00
3.624541997909545898e+00
5.354437112808227539e+00
6.301023006439208984e+00
4.104204893112182617e+00
1.047721219062805176e+01
8.923028945922851562e+00
5.392786026000976562e+00
6.975387811660766602e+00
5.166481733322143555e+00
6.135499954223632812e+00
5.661363840103149414e+00
5.455017089843750000e+00
5.466096878051757812e+00
3.267913818359375000e+00
5.872125864028930664e+00
8.664618253707885742e+00
6.495485067367553711e+00
9.490455865859985352e+00
5.414625883102416992e+00
3.852032899856567383e+00
5.916323900222778320e+00
4.588691234588623047e+00
4.533291816711425781e+00
6.494688987731933594e+00
4.075158119201660156e+00
6.335962057113647461e+00
4.120888233184814453e+00
4.645519018173217773e+00
3.894523859024047852e+00
8.009265899658203125e+00
5.186684846878051758e+00
7.322799205780029297e+00
6.071293830871582031e+00
2.345072031021118164e+00
3.516695022583007812e+00
7.032915115356445312e+00
6.175614833831787109e+00
3.072614192962646484e+00
4.725602626800537109e+00
3.797603845596313477e+00
6.357653856277465820e+00
2.925939798355102539e+00
2.611727952957153320e+00
3.423038005828857422e+00
4.395350933074951172e+00
3.878151893615722656e+00
3.297277927398681641e+00
3.330489873886108398e+00
3.517688989639282227e+00
4.023664951324462891e+00
3.014873027801513672e+00
4.816047191619873047e+00
2.516648292541503906e+00
4.017683982849121094e+00
3.433501958847045898e+00
4.150701045989990234e+00
5.510976076126098633e+00
3.868592262268066406e+00
4.639501094818115234e+00
3.764950990676879883e+00
9.530716896057128906e+00
3.472755908966064453e+00
5.516858100891113281e+00
4.843204021453857422e+00
5.028325080871582031e+00
5.399054050445556641e+00
4.029577255249023438e+00
4.753038167953491211e+00
3.910912990570068359e+00
3.657818794250488281e+00
4.720483064651489258e+00
4.581303119659423828e+00
5.122771978378295898e+00
4.937132120132446289e+00
4.610805988311767578e+00
4.874381065368652344e+00
5.699166059494018555e+00
3.970963954925537109e+00
4.715709924697875977e+00
5.101578950881958008e+00
4.740496873855590820e+00
5.321618318557739258e+00
4.807589054107666016e+00
5.297508001327514648e+00
5.156631708145141602e+00
5.267161130905151367e+00
4.600790023803710938e+00
5.466100931167602539e+00
5.746776103973388672e+00
5.412960052490234375e+00
6.694366931915283203e+00
6.133889913558959961e+00
5.448697805404663086e+00
5.983380317687988281e+00
6.084662914276123047e+00
5.931390047073364258e+00
5.089052200317382812e+00
5.893249988555908203e+00
5.402359962463378906e+00
7.063934087753295898e+00
6.459514141082763672e+00
6.597911119461059570e+00
6.720813035964965820e+00
6.787813901901245117e+00
4.869342803955078125e+00
5.458011865615844727e+00
5.818388938903808594e+00
5.517969846725463867e+00
4.911420106887817383e+00
6.431138038635253906e+00
4.982180118560791016e+00
3.918324947357177734e+00
5.898641109466552734e+00
5.010531663894653320e+00
5.339616060256958008e+00
6.461041212081909180e+00
5.972821950912475586e+00
7.144124269485473633e+00
5.557593822479248047e+00
4.794170856475830078e+00
3.656795024871826172e+00
4.984784126281738281e+00
4.824687242507934570e+00
5.437280893325805664e+00
5.006009101867675781e+00
4.932605981826782227e+00
6.485024929046630859e+00
5.047406911849975586e+00
2.979764938354492188e+00
5.100739955902099609e+00
5.862105131149291992e+00
5.744533061981201172e+00
5.854398012161254883e+00
5.816765308380126953e+00
5.024125814437866211e+00
7.072201967239379883e+00
5.145040035247802734e+00
5.687556028366088867e+00
7.056182861328125000e+00
5.404821157455444336e+00
3.578911066055297852e+00
6.375820875167846680e+00
7.019205331802368164e+00
3.409709215164184570e+00
3.002015352249145508e+00
6.842255830764770508e+00
7.584325075149536133e+00
5.908449888229370117e+00
5.789357662200927734e+00
7.086499929428100586e+00
5.398811817169189453e+00
5.792876958847045898e+00
6.120155096054077148e+00
4.667436838150024414e+00
7.771596908569335938e+00
6.217640161514282227e+00
6.976870059967041016e+00
5.135953903198242188e+00
6.736299991607666016e+00
5.601948022842407227e+00
6.815629959106445312e+00
6.794521093368530273e+00
5.351507186889648438e+00
5.690716028213500977e+00
5.888356924057006836e+00
6.221231937408447266e+00
5.404526948928833008e+00
6.184258937835693359e+00
5.697745084762573242e+00
5.717713117599487305e+00
7.415215969085693359e+00
5.688488006591796875e+00
6.134374141693115234e+00
6.966512918472290039e+00
4.769564151763916016e+00
4.630573272705078125e+00
6.894392251968383789e+00
3.716984987258911133e+00
3.238883018493652344e+00
5.834610223770141602e+00
6.211997270584106445e+00
3.554170131683349609e+00
6.777273178100585938e+00
7.865417957305908203e+00
5.875425100326538086e+00
7.271855115890502930e+00
7.184338092803955078e+00
7.121874809265136719e+00
3.488403081893920898e+00
3.936639070510864258e+00
7.154818058013916016e+00
7.193326234817504883e+00
7.342025995254516602e+00
7.322153091430664062e+00
7.469811916351318359e+00
3.455620050430297852e+00
7.375007867813110352e+00
6.427114009857177734e+00
6.686968088150024414e+00
6.515816926956176758e+00
6.614491939544677734e+00
6.603175878524780273e+00
6.210412740707397461e+00
3.497720003128051758e+00
7.648720264434814453e+00
6.525473117828369141e+00
6.198663949966430664e+00
6.782138109207153320e+00
5.034528017044067383e+00
5.269284963607788086e+00
7.552069187164306641e+00
7.604403018951416016e+00
3.795769929885864258e+00
3.980729103088378906e+00
6.423736095428466797e+00
4.707335948944091797e+00
6.622981071472167969e+00
8.562047004699707031e+00
4.539979934692382812e+00
4.459076881408691406e+00
8.125761032104492188e+00
4.022978067398071289e+00
4.559938907623291016e+00
4.644015073776245117e+00
6.547131776809692383e+00
6.599518060684204102e+00
5.424793004989624023e+00
4.465729951858520508e+00
8.315677881240844727e+00
4.257464647293090820e+00
4.486636877059936523e+00
6.236365795135498047e+00
4.088588953018188477e+00
6.799428224563598633e+00
6.410377025604248047e+00
5.420185089111328125e+00
4.910623073577880859e+00
6.373282194137573242e+00
4.625216007232666016e+00
5.692217826843261719e+00
4.469176054000854492e+00
3.468386650085449219e+00
5.135613203048706055e+00
4.578121900558471680e+00
5.142345190048217773e+00
6.322638988494873047e+00
7.605350255966186523e+00
3.088413953781127930e+00
5.392188787460327148e+00
6.874358654022216797e+00
5.627824068069458008e+00
7.052134990692138672e+00
7.115175962448120117e+00
5.800626993179321289e+00
7.867908954620361328e+00
5.658092021942138672e+00
6.074177026748657227e+00
7.566747188568115234e+00
3.967369318008422852e+00
5.314804077148437500e+00
7.254051923751831055e+00
4.770494937896728516e+00
4.890600919723510742e+00
5.272330999374389648e+00
3.225610971450805664e+00
5.185525178909301758e+00
4.949607849121093750e+00
5.758798122406005859e+00
3.604285955429077148e+00
7.033063173294067383e+00
9.506524085998535156e+00
4.399310111999511719e+00
3.336976051330566406e+00
4.245826005935668945e+00
5.157612800598144531e+00
3.684715986251831055e+00
3.410356998443603516e+00
5.230889081954956055e+00
9.290632009506225586e+00
3.594036340713500977e+00
5.402707099914550781e+00
4.991471767425537109e+00
5.633895874023437500e+00
5.219605922698974609e+00
4.036559104919433594e+00
5.330617189407348633e+00
8.111135959625244141e+00
9.096575021743774414e+00
3.344764947891235352e+00
5.831485986709594727e+00
8.007962942123413086e+00
3.709011077880859375e+00
5.180684089660644531e+00
5.655750036239624023e+00
5.742805004119873047e+00
5.817973136901855469e+00
5.477917909622192383e+00
5.359093904495239258e+00
5.866466045379638672e+00
5.268281698226928711e+00
5.320888757705688477e+00
5.855883121490478516e+00
1.013849401473999023e+01
5.475968122482299805e+00
8.753908872604370117e+00
3.255442857742309570e+00
8.289767026901245117e+00
3.355353832244873047e+00
3.801276922225952148e+00
3.464925050735473633e+00
4.010442018508911133e+00
5.672983646392822266e+00
3.949390888214111328e+00
4.111696958541870117e+00
4.087005138397216797e+00
3.932331800460815430e+00
3.250525951385498047e+00
6.052917003631591797e+00
6.351102828979492188e+00
3.413105964660644531e+00
3.186892986297607422e+00
3.029059886932373047e+00
4.007234811782836914e+00
3.977228879928588867e+00
3.583957910537719727e+00
3.077584028244018555e+00
3.867261886596679688e+00
3.493598937988281250e+00
3.737010717391967773e+00
3.679730176925659180e+00
3.924736976623535156e+00
4.095206737518310547e+00
3.629686117172241211e+00
3.941297769546508789e+00
4.192463874816894531e+00
4.320571899414062500e+00
3.672395944595336914e+00
3.880446910858154297e+00
3.740369796752929688e+00
4.210469722747802734e+00
3.708429098129272461e+00
4.297076940536499023e+00
3.753307819366455078e+00
4.939624071121215820e+00
4.183635950088500977e+00
4.682505130767822266e+00
4.547845840454101562e+00
4.167484998703002930e+00
4.644762754440307617e+00
4.747750997543334961e+00
4.752887964248657227e+00
4.685907125473022461e+00
4.701281070709228516e+00
4.309375047683715820e+00
4.665274858474731445e+00
4.019965410232543945e+00
4.483882904052734375e+00
2.910118103027343750e+00
4.082361936569213867e+00
4.085862159729003906e+00
4.549688100814819336e+00
3.943798065185546875e+00
5.471224069595336914e+00
5.067210912704467773e+00
4.047040939331054688e+00
5.199217081069946289e+00
3.484682083129882812e+00
3.648226976394653320e+00
4.994266033172607422e+00
5.149131774902343750e+00
5.179183006286621094e+00
4.348404169082641602e+00
4.814438104629516602e+00
4.992625951766967773e+00
4.934284925460815430e+00
3.132006883621215820e+00
3.823403120040893555e+00
5.479153156280517578e+00
5.873808860778808594e+00
5.050278902053833008e+00
5.672175884246826172e+00
4.706172227859497070e+00
4.170680046081542969e+00
6.200130224227905273e+00
4.503094911575317383e+00
6.019878864288330078e+00
6.178220033645629883e+00
4.819588899612426758e+00
3.621084213256835938e+00
5.544150829315185547e+00
4.837020874023437500e+00
4.935384988784790039e+00
5.490532875061035156e+00
5.184646844863891602e+00
5.427203893661499023e+00
5.402590990066528320e+00
4.462936162948608398e+00
5.601502895355224609e+00
7.480067968368530273e+00
4.595372200012207031e+00
4.344003915786743164e+00
3.606257200241088867e+00
5.221511125564575195e+00
4.384578943252563477e+00
6.480132818222045898e+00
6.293189764022827148e+00
5.545578956604003906e+00
5.139637947082519531e+00
5.511681079864501953e+00
5.306841850280761719e+00
5.411582946777343750e+00
3.708718776702880859e+00
4.966413021087646484e+00
7.280967950820922852e+00
4.035256147384643555e+00
5.428466796875000000e+00
6.592357873916625977e+00
4.154070138931274414e+00
5.725898981094360352e+00
3.827778100967407227e+00
5.791741847991943359e+00
3.649733066558837891e+00
4.035631895065307617e+00
4.461616992950439453e+00
5.362964868545532227e+00
5.091867923736572266e+00
5.394361019134521484e+00
5.133940935134887695e+00
5.281985044479370117e+00
3.544597864151000977e+00
3.575833797454833984e+00
6.235915899276733398e+00
4.746743202209472656e+00
4.674541950225830078e+00
4.645060777664184570e+00
5.099302768707275391e+00
5.503504037857055664e+00
5.154238939285278320e+00
5.341692924499511719e+00
5.272327899932861328e+00
5.185651302337646484e+00
5.971675157546997070e+00
6.617311954498291016e+00
5.197224855422973633e+00
4.732664108276367188e+00
6.948494911193847656e+00
5.279719829559326172e+00
5.291281223297119141e+00
6.934993028640747070e+00
5.366182804107666016e+00
6.245796918869018555e+00
3.240559101104736328e+00
4.537481069564819336e+00
7.496030092239379883e+00
7.809171199798583984e+00
3.944699764251708984e+00
6.863792181015014648e+00
4.812547922134399414e+00
5.346035003662109375e+00
7.131443023681640625e+00
6.225490808486938477e+00
5.237739086151123047e+00
6.538331270217895508e+00
4.899878263473510742e+00
7.184628963470458984e+00
5.548110246658325195e+00
6.348569869995117188e+00
5.502530097961425781e+00
6.837697982788085938e+00
6.108187913894653320e+00
5.072170972824096680e+00
4.408686876296997070e+00
5.345438957214355469e+00
4.753488063812255859e+00
4.847460985183715820e+00
6.185492038726806641e+00
4.466790914535522461e+00
4.842242002487182617e+00
4.584537029266357422e+00
5.003644227981567383e+00
4.897897005081176758e+00
4.860599994659423828e+00
6.880514144897460938e+00
4.844965219497680664e+00
6.511152267456054688e+00
5.379622936248779297e+00
4.990857839584350586e+00
4.964230060577392578e+00
6.754013299942016602e+00
4.590925693511962891e+00
4.896140813827514648e+00
5.034126758575439453e+00
4.467159032821655273e+00
4.763369083404541016e+00
7.080150127410888672e+00
6.830007076263427734e+00
5.165109157562255859e+00
5.079762935638427734e+00
4.683146953582763672e+00
5.550057888031005859e+00
5.302277803421020508e+00
4.986546993255615234e+00
5.587359905242919922e+00
6.433981895446777344e+00
7.077753067016601562e+00
6.416634798049926758e+00
3.508548021316528320e+00
3.565066099166870117e+00
4.184543132781982422e+00
4.843362092971801758e+00
6.551688909530639648e+00
7.699028015136718750e+00
6.502441167831420898e+00
8.073364973068237305e+00
5.146190643310546875e+00
6.996255159378051758e+00
5.408670902252197266e+00
7.563578844070434570e+00
3.818378925323486328e+00
4.508180141448974609e+00
5.926828145980834961e+00
6.469928026199340820e+00
3.914393186569213867e+00
5.575799942016601562e+00
5.938019990921020508e+00
8.655119180679321289e+00
5.817837953567504883e+00
6.784611225128173828e+00
5.532727003097534180e+00
5.028524160385131836e+00
6.174116849899291992e+00
6.728369951248168945e+00
6.716943979263305664e+00
5.422555923461914062e+00
5.597880840301513672e+00
7.743020057678222656e+00
6.008178949356079102e+00
7.765687942504882812e+00
7.013097286224365234e+00
7.349338054656982422e+00
4.794003009796142578e+00
5.837697744369506836e+00
6.864000082015991211e+00
5.633458852767944336e+00
5.818527936935424805e+00
6.077870130538940430e+00
6.125565052032470703e+00
7.123502016067504883e+00
6.110046863555908203e+00
5.279273033142089844e+00
6.207055807113647461e+00
5.496340990066528320e+00
8.390505075454711914e+00
5.881931066513061523e+00
5.661040306091308594e+00
8.439590930938720703e+00
6.780095338821411133e+00
6.785153150558471680e+00
6.090788841247558594e+00
8.203064203262329102e+00
6.390320301055908203e+00
8.000499963760375977e+00
6.872325181961059570e+00
7.844545841217041016e+00
5.800058841705322266e+00
6.055612802505493164e+00
8.025895833969116211e+00
6.422774076461791992e+00
5.778568983078002930e+00
4.896570682525634766e+00
6.812240839004516602e+00
4.123869180679321289e+00
4.283168792724609375e+00
3.454968214035034180e+00
6.930793046951293945e+00
8.760792970657348633e+00
4.321202993392944336e+00
4.642951011657714844e+00
9.597087860107421875e+00
4.005227088928222656e+00
3.530974864959716797e+00
8.144521951675415039e+00
4.388781785964965820e+00
3.671327114105224609e+00
3.864771127700805664e+00
5.416568279266357422e+00
4.984198093414306641e+00
3.871703147888183594e+00
4.793765783309936523e+00
5.038014888763427734e+00
6.377076864242553711e+00
7.710647106170654297e+00
4.830846786499023438e+00
4.238403081893920898e+00
4.960272789001464844e+00
7.631278753280639648e+00
3.998850107192993164e+00
4.770080089569091797e+00
5.072107076644897461e+00
4.973987102508544922e+00
4.168954849243164062e+00
5.002693891525268555e+00
4.000488042831420898e+00
6.680098056793212891e+00
4.731874704360961914e+00
4.896745920181274414e+00
4.800190925598144531e+00
8.265014886856079102e+00
8.115720033645629883e+00
5.088317871093750000e+00
4.910735845565795898e+00
5.088645219802856445e+00
4.872393131256103516e+00
4.332897186279296875e+00
5.045192003250122070e+00
5.133223056793212891e+00
5.721286058425903320e+00
5.852752685546875000e+00
6.571465015411376953e+00
5.802471160888671875e+00
5.523370981216430664e+00
6.361984968185424805e+00
4.512233018875122070e+00
5.712324142456054688e+00
4.696006059646606445e+00
4.359061002731323242e+00
4.717860937118530273e+00
4.777781963348388672e+00
4.339313983917236328e+00
4.908446788787841797e+00
4.229905843734741211e+00
6.193625211715698242e+00
5.551737308502197266e+00
6.969436168670654297e+00
4.609204053878784180e+00
4.565634012222290039e+00
5.721338987350463867e+00
5.031595945358276367e+00
4.978658914566040039e+00
5.347672700881958008e+00
4.619107007980346680e+00
4.059120178222656250e+00
5.999907016754150391e+00
5.041409015655517578e+00
6.428646802902221680e+00
4.286785125732421875e+00
5.263719081878662109e+00
5.042272090911865234e+00
4.628749132156372070e+00
6.510590314865112305e+00
6.438257217407226562e+00
7.547664880752563477e+00
2.601902008056640625e+00
5.144000053405761719e+00
5.078485012054443359e+00
4.452781915664672852e+00
4.037121057510375977e+00
5.323562622070312500e+00
5.398661851882934570e+00
5.394745826721191406e+00
5.303447961807250977e+00
5.868040084838867188e+00
5.072857141494750977e+00
5.189186811447143555e+00
4.694999933242797852e+00
4.799207925796508789e+00
5.144256114959716797e+00
5.223062992095947266e+00
6.854341745376586914e+00
4.975463867187500000e+00
5.510527133941650391e+00
4.742001056671142578e+00
4.650855064392089844e+00
5.076670169830322266e+00
6.511775970458984375e+00
6.793025016784667969e+00
4.773024082183837891e+00
5.665601015090942383e+00
5.548202991485595703e+00
4.686717987060546875e+00
5.384325981140136719e+00
4.943769693374633789e+00
5.432162761688232422e+00
6.626663208007812500e+00
5.849981069564819336e+00
5.014025926589965820e+00
4.690199136734008789e+00
5.364799976348876953e+00
6.539109945297241211e+00
4.955348014831542969e+00
5.250068902969360352e+00
5.815360069274902344e+00
5.280493259429931641e+00
6.572410106658935547e+00
4.855798006057739258e+00
5.596620798110961914e+00
7.010526180267333984e+00
3.387891054153442383e+00
4.742274045944213867e+00
6.244485855102539062e+00
3.223031044006347656e+00
3.113846063613891602e+00
3.023671865463256836e+00
3.306364297866821289e+00
3.766207933425903320e+00
3.403207778930664062e+00
3.294831991195678711e+00
6.115554094314575195e+00
3.151086091995239258e+00
5.679569959640502930e+00
3.328962087631225586e+00
5.258429050445556641e+00
3.692471981048583984e+00
2.912735939025878906e+00
3.275729894638061523e+00
5.755947828292846680e+00
7.149407863616943359e+00
5.717620849609375000e+00
3.243692874908447266e+00
3.529995203018188477e+00
4.265121698379516602e+00
5.792143106460571289e+00
3.498908996582031250e+00
3.386286020278930664e+00
5.891773939132690430e+00
5.745790004730224609e+00
3.370325803756713867e+00
5.802816152572631836e+00
5.763743877410888672e+00
3.485609054565429688e+00
3.630918979644775391e+00
5.920704126358032227e+00
7.111810684204101562e+00
3.430149078369140625e+00
3.512917995452880859e+00
6.291702032089233398e+00
3.477687120437622070e+00
5.826365232467651367e+00
4.392319917678833008e+00
3.871853828430175781e+00
5.966267108917236328e+00
2.838953971862792969e+00
3.723489046096801758e+00
3.928916931152343750e+00
3.839391946792602539e+00
3.804188013076782227e+00
6.533087015151977539e+00
7.084248781204223633e+00
3.033889055252075195e+00
3.095885038375854492e+00
3.975213050842285156e+00
3.709873914718627930e+00
3.839565992355346680e+00
4.015173912048339844e+00
3.284982204437255859e+00
4.406404972076416016e+00
3.609292984008789062e+00
3.717652797698974609e+00
4.498726844787597656e+00
3.990753173828125000e+00
3.996032953262329102e+00
6.822717189788818359e+00
4.514383792877197266e+00
4.437428236007690430e+00
2.771697044372558594e+00
4.244071245193481445e+00
4.441385030746459961e+00
4.305546998977661133e+00
3.703007936477661133e+00
4.359010934829711914e+00
4.217005968093872070e+00
4.493201255798339844e+00
3.689519882202148438e+00
3.577833175659179688e+00
3.106936931610107422e+00
3.656288146972656250e+00
4.731435060501098633e+00
3.656894207000732422e+00
3.766851186752319336e+00
3.905946254730224609e+00
5.051259040832519531e+00
3.924876928329467773e+00
4.844331026077270508e+00
3.998378038406372070e+00
4.911644935607910156e+00
3.885381937026977539e+00
3.083611011505126953e+00
3.171797037124633789e+00
2.884289026260375977e+00
4.090406894683837891e+00
3.896728038787841797e+00
3.482651233673095703e+00
4.372346162796020508e+00
5.299232006072998047e+00
4.565784931182861328e+00
5.445700883865356445e+00
5.313369989395141602e+00
3.770402908325195312e+00
5.137810945510864258e+00
5.179142951965332031e+00
4.517706871032714844e+00
5.116195201873779297e+00
5.119845867156982422e+00
4.461311101913452148e+00
5.826823711395263672e+00
2.894252061843872070e+00
4.558579921722412109e+00
3.215575933456420898e+00
5.931586027145385742e+00
4.723600864410400391e+00
5.431700944900512695e+00
4.668122053146362305e+00
4.203961849212646484e+00
4.632104873657226562e+00
3.609179019927978516e+00
5.625511884689331055e+00
3.180223941802978516e+00
3.616619110107421875e+00
3.146226167678833008e+00
4.098503828048706055e+00
4.142406940460205078e+00
5.598730564117431641e+00
5.007310867309570312e+00
4.422328948974609375e+00
4.556785106658935547e+00
4.109533309936523438e+00
4.388450860977172852e+00
4.171947956085205078e+00
3.067722082138061523e+00
4.688408136367797852e+00
5.887846946716308594e+00
3.592641830444335938e+00
3.294609308242797852e+00
4.528265953063964844e+00
4.709990739822387695e+00
4.332657098770141602e+00
6.217601060867309570e+00
5.232868909835815430e+00
5.170407056808471680e+00
4.242290019989013672e+00
3.784156084060668945e+00
2.887890815734863281e+00
3.491860866546630859e+00
5.827706098556518555e+00
5.937248945236206055e+00
6.842434167861938477e+00
4.951689958572387695e+00
3.825092077255249023e+00
4.510397195816040039e+00
6.723693132400512695e+00
3.820726156234741211e+00
3.527361869812011719e+00
4.091527223587036133e+00
5.506119728088378906e+00
3.761990785598754883e+00
6.114611148834228516e+00
4.835434913635253906e+00
6.955289125442504883e+00
3.125096797943115234e+00
7.222805976867675781e+00
4.374303817749023438e+00
5.636353969573974609e+00
4.795033216476440430e+00
6.595876216888427734e+00
5.714632987976074219e+00
7.574546098709106445e+00
7.330725908279418945e+00
5.004657983779907227e+00
7.617875099182128906e+00
3.963638067245483398e+00
4.235226869583129883e+00
3.342539072036743164e+00
3.606260061264038086e+00
3.617551088333129883e+00
3.313921213150024414e+00
6.433557987213134766e+00
7.127904891967773438e+00
6.766584157943725586e+00
5.181837081909179688e+00
4.472872972488403320e+00
5.370395898818969727e+00
5.305575847625732422e+00
5.205538988113403320e+00
5.962205886840820312e+00
4.353240966796875000e+00
6.853020906448364258e+00
7.742358922958374023e+00
5.613625049591064453e+00
4.555034875869750977e+00
5.656576156616210938e+00
5.141108036041259766e+00
4.695466041564941406e+00
6.717369794845581055e+00
5.791121006011962891e+00
6.166754961013793945e+00
6.138319015502929688e+00
7.428979873657226562e+00
5.695338010787963867e+00
3.641075849533081055e+00
6.077547073364257812e+00
6.985870838165283203e+00
4.993449926376342773e+00
4.893558025360107422e+00
4.176028966903686523e+00
6.225187778472900391e+00
4.231434106826782227e+00
3.770043849945068359e+00
5.600373983383178711e+00
3.751984119415283203e+00
3.843405008316040039e+00
5.749693155288696289e+00
5.892178058624267578e+00
4.454713106155395508e+00
5.052222967147827148e+00
5.366747856140136719e+00
4.012497901916503906e+00
3.682496070861816406e+00
4.795295953750610352e+00
7.574104070663452148e+00
4.634633064270019531e+00
4.574149847030639648e+00
4.436486005783081055e+00
5.379436969757080078e+00
5.297188997268676758e+00
6.257183074951171875e+00
6.259906768798828125e+00
4.733164787292480469e+00
7.348413944244384766e+00
6.738291978836059570e+00
6.264652967453002930e+00
6.288719892501831055e+00
6.620109081268310547e+00
5.397961139678955078e+00
7.558242797851562500e+00
5.011265993118286133e+00
5.095510005950927734e+00
3.951959133148193359e+00
5.134702205657958984e+00
7.521171092987060547e+00
7.695206165313720703e+00
4.368942975997924805e+00
5.608866930007934570e+00
6.826594829559326172e+00
5.852733135223388672e+00
5.901181936264038086e+00
4.006306171417236328e+00
6.495944976806640625e+00
7.149875879287719727e+00
5.620106935501098633e+00
6.099606990814208984e+00
6.440441131591796875e+00
6.455223083496093750e+00
6.272783041000366211e+00
6.704568862915039062e+00
5.710275888442993164e+00
6.400103807449340820e+00
5.671552896499633789e+00
5.559386968612670898e+00
5.246359109878540039e+00
4.167204141616821289e+00
7.586278676986694336e+00
7.810338020324707031e+00
3.582706928253173828e+00
4.830718994140625000e+00
5.813861846923828125e+00
4.242950916290283203e+00
4.763741016387939453e+00
5.413332939147949219e+00
5.740938901901245117e+00
7.447700023651123047e+00
4.826354742050170898e+00
4.513311147689819336e+00
6.882389068603515625e+00
4.656151056289672852e+00
4.328221082687377930e+00
4.246063947677612305e+00
5.833881139755249023e+00
4.057668685913085938e+00
6.730855941772460938e+00
7.814311027526855469e+00
6.186575174331665039e+00
6.052544116973876953e+00
6.931429862976074219e+00
4.513644933700561523e+00
4.341763973236083984e+00
6.157959222793579102e+00
4.019574642181396484e+00
3.327038288116455078e+00
4.673403978347778320e+00
6.235601902008056641e+00
4.686695098876953125e+00
4.402277946472167969e+00
6.402278900146484375e+00
7.722877264022827148e+00
6.187709808349609375e+00
4.559541940689086914e+00
5.038053274154663086e+00
6.877177000045776367e+00
6.315454006195068359e+00
6.379429101943969727e+00
4.541691303253173828e+00
7.141753911972045898e+00
4.392569780349731445e+00
3.368273735046386719e+00
6.210170984268188477e+00
3.670826911926269531e+00
5.593327760696411133e+00
4.469296693801879883e+00
4.884580135345458984e+00
4.597252130508422852e+00
4.806555032730102539e+00
5.708942174911499023e+00
4.257395744323730469e+00
3.648284196853637695e+00
4.421380043029785156e+00
4.256335020065307617e+00
3.988021850585937500e+00
5.340724945068359375e+00
6.143664836883544922e+00
3.812788009643554688e+00
4.172871112823486328e+00
4.361246109008789062e+00
5.014972209930419922e+00
4.725338935852050781e+00
2.534303188323974609e+00
4.738928079605102539e+00
4.548760890960693359e+00
4.523052692413330078e+00
2.708244085311889648e+00
3.975376844406127930e+00
4.579056024551391602e+00
3.195584058761596680e+00
4.807772159576416016e+00
4.585683107376098633e+00
3.303168058395385742e+00
4.749592781066894531e+00
5.045766830444335938e+00
4.919551134109497070e+00
4.764060974121093750e+00
4.727149963378906250e+00
3.187425136566162109e+00
4.549200296401977539e+00
4.500682115554809570e+00
4.206892013549804688e+00
4.891927003860473633e+00
3.545336961746215820e+00
4.913367033004760742e+00
3.688977003097534180e+00
4.593471765518188477e+00
4.686638832092285156e+00
3.771461009979248047e+00
3.281651973724365234e+00
3.829528093338012695e+00
8.129944801330566406e+00
5.323987960815429688e+00
4.080221176147460938e+00
5.106552124023437500e+00
5.151371955871582031e+00
3.256823062896728516e+00
4.019912004470825195e+00
5.766172170639038086e+00
4.579500198364257812e+00
2.446440935134887695e+00
4.054518938064575195e+00
7.524301767349243164e+00
7.004880189895629883e+00
5.266175985336303711e+00
5.108731985092163086e+00
4.019821643829345703e+00
5.336998224258422852e+00
3.573668003082275391e+00
4.114655017852783203e+00
3.707021951675415039e+00
6.851932048797607422e+00
5.401865959167480469e+00
3.895629167556762695e+00
4.778609037399291992e+00
4.966110229492187500e+00
4.349959373474121094e+00
5.514792919158935547e+00
5.148494958877563477e+00
2.712752819061279297e+00
3.224501609802246094e+00
4.185885190963745117e+00
4.476883888244628906e+00
4.141810894012451172e+00
3.749968290328979492e+00
3.361999750137329102e+00
3.866038084030151367e+00
3.458847045898437500e+00
4.427224636077880859e+00
4.187999963760375977e+00
4.447379112243652344e+00
4.104842185974121094e+00
4.308860063552856445e+00
5.580601930618286133e+00
4.600254774093627930e+00
4.659462213516235352e+00
3.574808597564697266e+00
4.377753973007202148e+00
4.321415901184082031e+00
4.399410963058471680e+00
4.578212738037109375e+00
3.785991907119750977e+00
4.155959606170654297e+00
4.882398843765258789e+00
3.725572109222412109e+00
4.526366949081420898e+00
3.346868991851806641e+00
5.405491828918457031e+00
3.800472974777221680e+00
3.646026134490966797e+00
4.895089864730834961e+00
4.897082090377807617e+00
3.928953886032104492e+00
5.262142896652221680e+00
4.446886062622070312e+00
3.834887981414794922e+00
4.003821134567260742e+00
5.426898002624511719e+00
4.888410806655883789e+00
3.864500045776367188e+00
2.526816129684448242e+00
5.206104040145874023e+00
4.259675979614257812e+00
5.178614139556884766e+00
5.330835819244384766e+00
3.905343294143676758e+00
3.213050127029418945e+00
4.767534971237182617e+00
3.941423892974853516e+00
3.229802131652832031e+00
4.193976879119873047e+00
4.858932971954345703e+00
5.307716131210327148e+00
4.276761770248413086e+00
3.821411848068237305e+00
5.706997871398925781e+00
3.255213975906372070e+00
3.698223829269409180e+00
6.026181221008300781e+00
6.221998929977416992e+00
4.631522178649902344e+00
5.511821746826171875e+00
5.156991958618164062e+00
3.302612781524658203e+00
4.742090940475463867e+00
4.658797025680541992e+00
4.581591129302978516e+00
4.613051176071166992e+00
4.265060901641845703e+00
5.099128007888793945e+00
3.651659727096557617e+00
4.294113874435424805e+00
4.062417268753051758e+00
5.376842975616455078e+00
4.345402002334594727e+00
4.857649087905883789e+00
3.688625097274780273e+00
4.791061162948608398e+00
5.896028995513916016e+00
4.826503276824951172e+00
6.053779125213623047e+00
4.620234012603759766e+00
4.332017898559570312e+00
4.569138050079345703e+00
4.718765974044799805e+00
4.478833913803100586e+00
4.125575065612792969e+00
4.250904798507690430e+00
5.666753053665161133e+00
5.110088825225830078e+00
2.945995092391967773e+00
4.951559066772460938e+00
6.748347997665405273e+00
4.992163181304931641e+00
4.633249044418334961e+00
3.788619995117187500e+00
6.668834924697875977e+00
4.681446075439453125e+00
5.112936258316040039e+00
5.836832046508789062e+00
5.467183828353881836e+00
5.235250949859619141e+00
3.959118127822875977e+00
3.817984104156494141e+00
4.861948966979980469e+00
5.723509073257446289e+00
5.014815092086791992e+00
5.554574251174926758e+00
5.576903104782104492e+00
4.932150125503540039e+00
3.718689918518066406e+00
5.725181102752685547e+00
5.639655113220214844e+00
5.188145875930786133e+00
5.711293220520019531e+00
4.125825166702270508e+00
5.645472049713134766e+00
6.819209814071655273e+00
5.764684200286865234e+00
4.346976995468139648e+00
4.248899221420288086e+00
4.340981960296630859e+00
4.325428009033203125e+00
5.510910034179687500e+00
4.996028184890747070e+00
4.701014757156372070e+00
6.316738843917846680e+00
4.758367061614990234e+00
5.113847017288208008e+00
6.055332899093627930e+00
5.497389078140258789e+00
4.671115159988403320e+00
5.879513025283813477e+00
5.761513948440551758e+00
4.230603933334350586e+00
4.686454057693481445e+00
4.560185194015502930e+00
4.590637207031250000e+00
4.006804943084716797e+00
6.111829996109008789e+00
4.535703897476196289e+00
5.239798069000244141e+00
6.223433971405029297e+00
4.790674924850463867e+00
4.679591894149780273e+00
6.044199228286743164e+00
5.419780015945434570e+00
4.015989542007446289e+00
6.015413999557495117e+00
4.957356929779052734e+00
4.327730178833007812e+00
3.824770927429199219e+00
4.692873954772949219e+00
5.012490034103393555e+00
4.966903924942016602e+00
4.782034158706665039e+00
5.706454992294311523e+00
6.198575019836425781e+00
6.529253244400024414e+00
6.197290658950805664e+00
5.508952856063842773e+00
3.300490140914916992e+00
7.088587045669555664e+00
3.920574188232421875e+00
4.439409017562866211e+00
6.337133169174194336e+00
4.791306972503662109e+00
4.050711154937744141e+00
5.197618961334228516e+00
4.752434015274047852e+00
6.051552057266235352e+00
6.614997863769531250e+00
4.743973970413208008e+00
4.846912860870361328e+00
4.121011257171630859e+00
6.487387180328369141e+00
4.836590051651000977e+00
5.913086891174316406e+00
4.531051874160766602e+00
5.893506050109863281e+00
4.991710424423217773e+00
6.404844999313354492e+00
4.679415941238403320e+00
7.212485313415527344e+00
5.449316978454589844e+00
6.091126203536987305e+00
8.062711954116821289e+00
6.161849021911621094e+00
5.217546939849853516e+00
3.997815847396850586e+00
4.149528741836547852e+00
5.567528963088989258e+00
4.248872041702270508e+00
3.722844839096069336e+00
4.106492042541503906e+00
5.487201213836669922e+00
4.906109809875488281e+00
4.557940959930419922e+00
4.897550106048583984e+00
4.882858037948608398e+00
5.639545917510986328e+00
4.467447757720947266e+00
7.011385917663574219e+00
5.220305919647216797e+00
4.600944757461547852e+00
8.357396125793457031e+00
5.827010154724121094e+00
4.973810911178588867e+00
4.181093931198120117e+00
4.673939943313598633e+00
7.925884962081909180e+00
5.624050855636596680e+00
6.540272235870361328e+00
4.633003950119018555e+00
5.222791910171508789e+00
5.044639110565185547e+00
4.810947895050048828e+00
4.890496015548706055e+00
5.080653905868530273e+00
4.898143053054809570e+00
5.129531145095825195e+00
7.366860866546630859e+00
7.162320852279663086e+00
5.533692836761474609e+00
5.441423177719116211e+00
3.142874002456665039e+00
5.427450180053710938e+00
5.267802000045776367e+00
4.922070026397705078e+00
4.424580097198486328e+00
7.563838243484497070e+00
2.894593954086303711e+00
5.266452074050903320e+00
4.869397878646850586e+00
3.329040050506591797e+00
3.096804857254028320e+00
4.984250068664550781e+00
6.773555040359497070e+00
5.398901939392089844e+00
4.610265970230102539e+00
6.212798118591308594e+00
3.308404922485351562e+00
5.366774797439575195e+00
3.739763021469116211e+00
3.994512081146240234e+00
7.884473085403442383e+00
3.194967985153198242e+00
2.793704032897949219e+00
3.229949951171875000e+00
4.583564996719360352e+00
3.262185811996459961e+00
7.492604255676269531e+00
3.323879003524780273e+00
2.977810859680175781e+00
3.985935211181640625e+00
4.141118049621582031e+00
3.713818788528442383e+00
4.190072059631347656e+00
4.838086128234863281e+00
4.935609817504882812e+00
2.792580127716064453e+00
4.467211961746215820e+00
4.401208639144897461e+00
5.074917793273925781e+00
2.432756185531616211e+00
5.387397050857543945e+00
3.436096906661987305e+00
4.147688150405883789e+00
3.569887876510620117e+00
4.326549053192138672e+00
2.877420186996459961e+00
4.878054141998291016e+00
3.971676111221313477e+00
5.162738084793090820e+00
3.468126058578491211e+00
3.514739274978637695e+00
5.202582120895385742e+00
4.138462066650390625e+00
3.754712104797363281e+00
4.069120883941650391e+00
4.448005199432373047e+00
4.668389797210693359e+00
5.069838047027587891e+00
3.081472158432006836e+00
2.552159786224365234e+00
3.784823894500732422e+00
3.590553998947143555e+00
3.962327003479003906e+00
4.900454044342041016e+00
5.088711977005004883e+00
3.981122970581054688e+00
3.773420095443725586e+00
4.330003976821899414e+00
5.166110038757324219e+00
3.601834058761596680e+00
4.191004037857055664e+00
3.512211799621582031e+00
4.399085044860839844e+00
3.776313066482543945e+00
2.523495912551879883e+00
3.250388145446777344e+00
3.945509195327758789e+00
4.899184942245483398e+00
4.572992086410522461e+00
2.945955038070678711e+00
4.388854026794433594e+00
5.362089872360229492e+00
3.452028036117553711e+00
5.218476772308349609e+00
3.603192806243896484e+00
4.522141933441162109e+00
5.715873956680297852e+00
4.042122364044189453e+00
4.668284893035888672e+00
5.881496667861938477e+00
4.366801023483276367e+00
3.680713891983032227e+00
4.460649013519287109e+00
3.678074121475219727e+00
3.768694162368774414e+00
4.072448015213012695e+00
3.712350130081176758e+00
3.726462841033935547e+00
4.256525039672851562e+00
4.595879077911376953e+00
4.380877017974853516e+00
2.666211128234863281e+00
3.743002891540527344e+00
3.829398155212402344e+00
3.424635887145996094e+00
3.585101842880249023e+00
4.494525194168090820e+00
3.815002918243408203e+00
5.186855077743530273e+00
4.009368658065795898e+00
3.307122945785522461e+00
3.594715833663940430e+00
3.511159658432006836e+00
4.234744071960449219e+00
4.096154928207397461e+00
6.107820034027099609e+00
6.412986993789672852e+00
4.214171171188354492e+00
4.902379035949707031e+00
6.924984931945800781e+00
3.954180955886840820e+00
4.241994857788085938e+00
4.324127912521362305e+00
3.492912292480468750e+00
4.576825141906738281e+00
4.065762758255004883e+00
4.026286125183105469e+00
6.915223836898803711e+00
3.447970628738403320e+00
4.126456975936889648e+00
6.872648000717163086e+00
4.688138961791992188e+00
5.004642248153686523e+00
4.863492012023925781e+00
4.219155073165893555e+00
4.180640935897827148e+00
4.320764064788818359e+00
4.346920013427734375e+00
4.808763027191162109e+00
4.288182020187377930e+00
5.579113006591796875e+00
5.509940862655639648e+00
5.337098836898803711e+00
4.260659933090209961e+00
3.571939945220947266e+00
4.865756988525390625e+00
4.207172870635986328e+00
3.798850059509277344e+00
4.891964912414550781e+00
3.818641185760498047e+00
4.626257181167602539e+00
4.255259752273559570e+00
4.731325149536132812e+00
4.267494916915893555e+00
6.633013010025024414e+00
4.538269996643066406e+00
3.607435941696166992e+00
4.766907930374145508e+00
3.787248134613037109e+00
5.261660099029541016e+00
4.997482061386108398e+00
3.311250925064086914e+00
4.713687181472778320e+00
7.146865129470825195e+00
5.158302068710327148e+00
4.064842939376831055e+00
3.353776216506958008e+00
5.463387012481689453e+00
3.655020952224731445e+00
5.368581056594848633e+00
3.899495124816894531e+00
4.999583005905151367e+00
4.575023889541625977e+00
4.829168081283569336e+00
4.053250074386596680e+00
4.281310081481933594e+00
5.781323909759521484e+00
4.784930944442749023e+00
5.901268005371093750e+00
4.002650976181030273e+00
5.106243133544921875e+00
4.602588891983032227e+00
4.742601871490478516e+00
4.422570943832397461e+00
5.256830930709838867e+00
4.042946815490722656e+00
4.843265056610107422e+00
4.798142910003662109e+00
6.565917968750000000e+00
4.311869859695434570e+00
4.546920299530029297e+00
6.278733968734741211e+00
4.437487125396728516e+00
4.942232847213745117e+00
3.945465087890625000e+00
4.800745964050292969e+00
3.154969215393066406e+00
4.228055953979492188e+00
3.534024953842163086e+00
3.519813776016235352e+00
4.624662876129150391e+00
4.074332952499389648e+00
5.019688129425048828e+00
3.743512868881225586e+00
2.875509977340698242e+00
4.638478040695190430e+00
6.468600988388061523e+00
4.681838989257812500e+00
5.147591829299926758e+00
4.444385051727294922e+00
5.594454050064086914e+00
3.609880924224853516e+00
4.816744089126586914e+00
5.477771043777465820e+00
3.134941101074218750e+00
6.944851160049438477e+00
5.856806993484497070e+00
5.590693235397338867e+00
5.795423030853271484e+00
5.358777761459350586e+00
3.714474916458129883e+00
3.965489864349365234e+00
5.620502710342407227e+00
3.345227003097534180e+00
4.202063083648681641e+00
3.665056943893432617e+00
3.827918767929077148e+00
5.713945150375366211e+00
4.670603990554809570e+00
5.769827127456665039e+00
6.501166105270385742e+00
2.903569221496582031e+00
3.232778072357177734e+00
4.341801166534423828e+00
3.999133110046386719e+00
3.299685955047607422e+00
5.458691120147705078e+00
3.365282058715820312e+00
3.360222816467285156e+00
3.611654996871948242e+00
3.336996793746948242e+00
4.955095052719116211e+00
3.697172880172729492e+00
3.851006031036376953e+00
3.801725864410400391e+00
3.587089061737060547e+00
3.467669963836669922e+00
3.527305126190185547e+00
6.752042055130004883e+00
6.427050828933715820e+00
5.130442142486572266e+00
5.133192777633666992e+00
4.634454250335693359e+00
5.683053970336914062e+00
4.170895099639892578e+00
5.360440969467163086e+00
5.304132938385009766e+00
4.210623979568481445e+00
2.759638071060180664e+00
5.380208730697631836e+00
4.917244911193847656e+00
5.335582017898559570e+00
7.074039936065673828e+00
6.691653013229370117e+00
7.442456245422363281e+00
6.578586101531982422e+00
6.859316349029541016e+00
6.628719091415405273e+00
6.972707986831665039e+00
4.685854911804199219e+00
5.642866373062133789e+00
6.097281932830810547e+00
4.056739807128906250e+00
7.362151145935058594e+00
5.526466846466064453e+00
6.304696798324584961e+00
7.468905925750732422e+00
7.400301694869995117e+00
5.510800123214721680e+00
5.808171987533569336e+00
5.128965139389038086e+00
5.902633905410766602e+00
7.393705844879150391e+00
4.917258024215698242e+00
7.718374967575073242e+00
6.425044059753417969e+00
8.015870809555053711e+00
5.156610727310180664e+00
4.908175230026245117e+00
6.521402120590209961e+00
5.590370893478393555e+00
5.005014896392822266e+00
6.922278881072998047e+00
7.413181781768798828e+00
6.483919858932495117e+00
5.646629810333251953e+00
6.704631090164184570e+00
7.615246057510375977e+00
4.215195894241333008e+00
5.050105094909667969e+00
7.924773931503295898e+00
6.368780136108398438e+00
6.706219196319580078e+00
8.600376129150390625e+00
6.983763217926025391e+00
5.674798250198364258e+00
4.717424154281616211e+00
5.986600875854492188e+00
8.389070987701416016e+00
8.096412897109985352e+00
8.060320615768432617e+00
7.775981903076171875e+00
8.318331241607666016e+00
7.103903055191040039e+00
6.644200325012207031e+00
8.208633184432983398e+00
5.379288911819458008e+00
7.987286090850830078e+00
4.843209028244018555e+00
7.331051111221313477e+00
6.804719924926757812e+00
5.033521890640258789e+00
5.916480064392089844e+00
8.379363059997558594e+00
8.169418096542358398e+00
8.456683874130249023e+00
8.203033924102783203e+00
5.419269084930419922e+00
7.115272045135498047e+00
7.525753021240234375e+00
7.594350099563598633e+00
6.907222032546997070e+00
7.619521856307983398e+00
8.326160907745361328e+00
6.634217023849487305e+00
7.390628814697265625e+00
7.646733999252319336e+00
7.113996028900146484e+00
5.011656045913696289e+00
8.540764331817626953e+00
6.030863761901855469e+00
5.840830802917480469e+00
6.198569059371948242e+00
5.897478818893432617e+00
6.182765960693359375e+00
5.476255893707275391e+00
8.917594194412231445e+00
5.817637205123901367e+00
6.547796010971069336e+00
6.518376111984252930e+00
5.487677097320556641e+00
7.209869861602783203e+00
6.278246164321899414e+00
7.134514808654785156e+00
5.837412118911743164e+00
8.830645084381103516e+00
8.943104028701782227e+00
7.885555982589721680e+00
7.621248006820678711e+00
5.109313964843750000e+00
6.415011167526245117e+00
5.989582061767578125e+00
6.430912017822265625e+00
3.651907920837402344e+00
7.901701927185058594e+00
9.177016019821166992e+00
6.710330247879028320e+00
5.779587984085083008e+00
8.129988908767700195e+00
4.201804876327514648e+00
4.718575000762939453e+00
8.955307006835937500e+00
8.181997060775756836e+00
1.023415613174438477e+01
5.541014909744262695e+00
5.524670124053955078e+00
6.248118638992309570e+00
5.071304082870483398e+00
6.031931877136230469e+00
4.496185064315795898e+00
4.232190847396850586e+00
4.674095153808593750e+00
5.851685762405395508e+00
4.124450922012329102e+00
5.811022043228149414e+00
5.969494819641113281e+00
6.069084882736206055e+00
5.025172948837280273e+00
4.895467042922973633e+00
6.027183055877685547e+00
5.922656059265136719e+00
4.144873857498168945e+00
4.444244861602783203e+00
5.073632001876831055e+00
6.643249988555908203e+00
5.427875757217407227e+00
7.875712156295776367e+00
5.682199001312255859e+00
6.165102720260620117e+00
6.015049934387207031e+00
5.936197042465209961e+00
4.785997867584228516e+00
5.407109975814819336e+00
3.293304204940795898e+00
3.353538274765014648e+00
5.251961946487426758e+00
3.080996990203857422e+00
5.743249893188476562e+00
4.960668087005615234e+00
9.340883970260620117e+00
2.825316190719604492e+00
6.125563144683837891e+00
6.011415719985961914e+00
3.907975912094116211e+00
4.218580961227416992e+00
4.238070964813232422e+00
6.704656839370727539e+00
5.443632125854492188e+00
6.260450124740600586e+00
9.668414115905761719e+00
3.876055002212524414e+00
4.275534868240356445e+00
5.916892766952514648e+00
7.342597723007202148e+00
5.229348182678222656e+00
4.819076776504516602e+00
6.469268083572387695e+00
5.389260053634643555e+00
5.623833656311035156e+00
5.325672864913940430e+00
5.379199028015136719e+00
7.152196884155273438e+00
5.488765954971313477e+00
4.765341758728027344e+00
5.427134037017822266e+00
4.426509141921997070e+00
4.338969945907592773e+00
5.038737058639526367e+00
4.748133897781372070e+00
4.649050951004028320e+00
7.803948879241943359e+00
8.307827949523925781e+00
4.529484987258911133e+00
6.542804956436157227e+00
4.889970302581787109e+00
4.990874767303466797e+00
7.115339994430541992e+00
5.814811229705810547e+00
4.242913722991943359e+00
3.585041999816894531e+00
5.984729766845703125e+00
6.804058074951171875e+00
3.045014858245849609e+00
3.989280939102172852e+00
3.641623973846435547e+00
3.352125883102416992e+00
5.602227926254272461e+00
3.907139062881469727e+00
4.692236185073852539e+00
3.324820041656494141e+00
3.631527900695800781e+00
5.580517768859863281e+00
3.965698003768920898e+00
3.799813985824584961e+00
6.296168088912963867e+00
4.800622940063476562e+00
3.132236003875732422e+00
5.623347997665405273e+00
3.496849298477172852e+00
3.766296148300170898e+00
4.726176977157592773e+00
5.401036977767944336e+00
3.723529815673828125e+00
5.063235044479370117e+00
4.219995975494384766e+00
4.009974002838134766e+00
4.062404870986938477e+00
5.603278160095214844e+00
4.009896039962768555e+00
6.671045303344726562e+00
4.340137243270874023e+00
3.938640117645263672e+00
4.454024076461791992e+00
5.136808872222900391e+00
4.272591829299926758e+00
4.328400850296020508e+00
6.649126052856445312e+00
4.329232215881347656e+00
6.182948112487792969e+00
4.352468013763427734e+00
5.304954767227172852e+00
4.216284751892089844e+00
6.375902175903320312e+00
3.990832090377807617e+00
6.442933082580566406e+00
3.612131834030151367e+00
6.274600982666015625e+00
4.229497909545898438e+00
6.795088052749633789e+00
6.176322221755981445e+00
5.833130121231079102e+00
7.841391801834106445e+00
4.793519020080566406e+00
7.219442129135131836e+00
4.912886857986450195e+00
4.044277906417846680e+00
4.628614902496337891e+00
3.920344114303588867e+00
3.503935098648071289e+00
4.325522184371948242e+00
4.537009954452514648e+00
3.940565824508666992e+00
4.120559930801391602e+00
4.559157133102416992e+00
4.706896305084228516e+00
4.031579017639160156e+00
5.039285898208618164e+00
4.858740806579589844e+00
4.428972959518432617e+00
4.452409744262695312e+00
4.762632846832275391e+00
3.974161863327026367e+00
4.108562231063842773e+00
5.079308986663818359e+00
3.064990043640136719e+00
3.669649124145507812e+00
3.798539161682128906e+00
5.251002073287963867e+00
3.220446825027465820e+00
5.568795919418334961e+00
5.755254030227661133e+00
3.008340835571289062e+00
4.879068851470947266e+00
5.755108833312988281e+00
3.889444828033447266e+00
4.843737840652465820e+00
4.376855134963989258e+00
4.316425085067749023e+00
5.203182935714721680e+00
4.982501983642578125e+00
4.374571084976196289e+00
3.402140140533447266e+00
4.919399738311767578e+00
4.164821147918701172e+00
4.418482780456542969e+00
4.197615861892700195e+00
4.703332901000976562e+00
4.745095252990722656e+00
4.452584981918334961e+00
4.496378898620605469e+00
4.585346937179565430e+00
5.021249055862426758e+00
4.192272186279296875e+00
4.865055084228515625e+00
4.362871170043945312e+00
4.945659160614013672e+00
3.503818988800048828e+00
4.651037931442260742e+00
5.149345159530639648e+00
3.601207971572875977e+00
3.992818117141723633e+00
4.637040138244628906e+00
3.688703298568725586e+00
4.661661863327026367e+00
5.531789064407348633e+00
4.841598987579345703e+00
4.662838697433471680e+00
3.920419931411743164e+00
5.129098892211914062e+00
5.240161657333374023e+00
5.386903762817382812e+00
4.696087121963500977e+00
4.658657073974609375e+00
4.911085128784179688e+00
3.837381839752197266e+00
4.853446006774902344e+00
4.145576000213623047e+00
5.463872909545898438e+00
3.957081079483032227e+00
3.815622329711914062e+00
3.591687917709350586e+00
4.468333959579467773e+00
3.985552072525024414e+00
5.830723047256469727e+00
5.063524007797241211e+00
3.801357030868530273e+00
4.790782928466796875e+00
5.163126707077026367e+00
5.565425872802734375e+00
5.284555196762084961e+00
3.800976991653442383e+00
4.041061878204345703e+00
5.914490938186645508e+00
4.254102230072021484e+00
4.941563129425048828e+00
5.632012128829956055e+00
4.625438928604125977e+00
4.926378965377807617e+00
3.997079849243164062e+00
4.308937072753906250e+00
4.221332073211669922e+00
4.360852956771850586e+00
2.801791191101074219e+00
4.200001955032348633e+00
3.214284896850585938e+00
6.014430999755859375e+00
4.329439878463745117e+00
5.207813978195190430e+00
5.055670738220214844e+00
3.561764240264892578e+00
4.292268991470336914e+00
2.966933965682983398e+00
4.176558256149291992e+00
5.513930797576904297e+00
5.221958875656127930e+00
5.077397108078002930e+00
5.020257949829101562e+00
4.965656757354736328e+00
4.426297664642333984e+00
4.587959051132202148e+00
4.440869808197021484e+00
4.314603090286254883e+00
4.636798143386840820e+00
5.394895076751708984e+00
5.554820775985717773e+00
4.398697853088378906e+00
4.522691965103149414e+00
5.084409952163696289e+00
5.316272735595703125e+00
6.072711944580078125e+00
5.457115173339843750e+00
6.204694032669067383e+00
5.216018915176391602e+00
4.823675870895385742e+00
5.565387010574340820e+00
4.756917953491210938e+00
4.672610998153686523e+00
5.522450923919677734e+00
5.538357973098754883e+00
4.944499015808105469e+00
6.193114757537841797e+00
6.030809164047241211e+00
3.368720054626464844e+00
4.794940948486328125e+00
4.664996147155761719e+00
3.579956054687500000e+00
5.846710205078125000e+00
4.770427942276000977e+00
3.711472749710083008e+00
5.787074804306030273e+00
4.864825963973999023e+00
4.618311882019042969e+00
5.271775960922241211e+00
5.192605972290039062e+00
6.774368047714233398e+00
6.033930778503417969e+00
4.631891965866088867e+00
4.546802997589111328e+00
3.740873098373413086e+00
4.085888862609863281e+00
6.822556018829345703e+00
5.147104978561401367e+00
5.235954284667968750e+00
4.933698177337646484e+00
6.396767139434814453e+00
5.990223169326782227e+00
3.953270196914672852e+00
4.369349002838134766e+00
6.820715904235839844e+00
4.078672885894775391e+00
4.985298871994018555e+00
5.275961160659790039e+00
4.257472991943359375e+00
5.071771144866943359e+00
4.127310752868652344e+00
4.732234001159667969e+00
5.556988954544067383e+00
3.220495223999023438e+00
5.236402988433837891e+00
5.425904989242553711e+00
5.578159809112548828e+00
4.004240274429321289e+00
4.237160921096801758e+00
4.797097206115722656e+00
3.421927213668823242e+00
3.918523788452148438e+00
4.649114847183227539e+00
5.504444122314453125e+00
3.837971925735473633e+00
5.465046167373657227e+00
5.415749073028564453e+00
3.828307867050170898e+00
5.747528076171875000e+00
5.866205215454101562e+00
4.279253959655761719e+00
5.510059118270874023e+00
3.679028034210205078e+00
4.477359056472778320e+00
5.638008117675781250e+00
4.654649019241333008e+00
5.916710853576660156e+00
6.102731943130493164e+00
4.955195903778076172e+00
4.923097848892211914e+00
3.735339164733886719e+00
6.056997299194335938e+00
5.296309947967529297e+00
3.893550872802734375e+00
3.819982051849365234e+00
3.789578914642333984e+00
6.064399957656860352e+00
4.642307996749877930e+00
4.515656948089599609e+00
3.854263067245483398e+00
6.802047967910766602e+00
4.053687095642089844e+00
6.026046991348266602e+00
4.792130947113037109e+00
4.629080772399902344e+00
5.021482944488525391e+00
7.015444040298461914e+00
6.924980163574218750e+00
4.643241882324218750e+00
4.038977861404418945e+00
4.937030076980590820e+00
3.827501773834228516e+00
6.389038801193237305e+00
4.734004020690917969e+00
5.213133096694946289e+00
5.165822267532348633e+00
4.774614095687866211e+00
4.812884092330932617e+00
4.965595960617065430e+00
5.197578907012939453e+00
3.538303136825561523e+00
5.320473909378051758e+00
4.573600053787231445e+00
6.643357038497924805e+00
4.576888084411621094e+00
3.833644151687622070e+00
5.652632951736450195e+00
6.068911075592041016e+00
3.875777959823608398e+00
6.784358024597167969e+00
7.966244935989379883e+00
5.224385023117065430e+00
3.738758802413940430e+00
6.162260055541992188e+00
4.612614870071411133e+00
4.947683095932006836e+00
4.658303976058959961e+00
5.720199108123779297e+00
7.735158920288085938e+00
7.875552177429199219e+00
5.116964101791381836e+00
3.491021871566772461e+00
6.865003824234008789e+00
5.244690179824829102e+00
4.260622024536132812e+00
6.637027025222778320e+00
5.251443862915039062e+00
4.652093172073364258e+00
3.858370065689086914e+00
4.425488948822021484e+00
6.247151136398315430e+00
5.159320116043090820e+00
6.180113792419433594e+00
3.650866031646728516e+00
2.813081264495849609e+00
4.396784067153930664e+00
7.438346862792968750e+00
5.456126928329467773e+00
4.588925123214721680e+00
5.463039159774780273e+00
5.226848125457763672e+00
3.915297985076904297e+00
3.589582681655883789e+00
7.557185888290405273e+00
5.060482978820800781e+00
4.651927947998046875e+00
3.261835098266601562e+00
4.373444318771362305e+00
5.932693958282470703e+00
4.046192884445190430e+00
6.214912891387939453e+00
4.611924886703491211e+00
4.557575225830078125e+00
4.141006231307983398e+00
3.298432111740112305e+00
3.946011066436767578e+00
4.312199115753173828e+00
3.683083057403564453e+00
3.953531026840209961e+00
4.209257841110229492e+00
5.135490179061889648e+00
4.525771856307983398e+00
4.596788883209228516e+00
4.153770208358764648e+00
4.918083906173706055e+00
4.442167997360229492e+00
3.771965026855468750e+00
5.084542036056518555e+00
4.254574775695800781e+00
5.269492149353027344e+00
5.250947237014770508e+00
6.194082021713256836e+00
3.211485862731933594e+00
6.899866104125976562e+00
4.291129112243652344e+00
4.731966018676757812e+00
4.767677068710327148e+00
4.716103076934814453e+00
3.825163125991821289e+00
4.895714998245239258e+00
4.372688770294189453e+00
4.055402040481567383e+00
7.215245962142944336e+00
4.118958234786987305e+00
4.944514274597167969e+00
4.105036020278930664e+00
5.732975006103515625e+00
5.463044881820678711e+00
9.237256050109863281e+00
5.412197113037109375e+00
5.201443910598754883e+00
5.252906799316406250e+00
5.528816938400268555e+00
5.265487909317016602e+00
5.292654752731323242e+00
4.203693151473999023e+00
4.183581113815307617e+00
4.770578861236572266e+00
3.727522134780883789e+00
4.223345756530761719e+00
5.080203056335449219e+00
4.336623191833496094e+00
4.661789894104003906e+00
4.303204774856567383e+00
6.567155122756958008e+00
5.743968009948730469e+00
5.076496839523315430e+00
3.415409088134765625e+00
6.492404937744140625e+00
5.742371797561645508e+00
5.182241678237915039e+00
4.271981716156005859e+00
4.587043046951293945e+00
4.421841144561767578e+00
5.395888090133666992e+00
3.682708024978637695e+00
5.239639997482299805e+00
6.137624979019165039e+00
9.992034673690795898e+00
6.148509979248046875e+00
4.677982091903686523e+00
3.866937875747680664e+00
6.483398199081420898e+00
5.215440034866333008e+00
6.058649063110351562e+00
5.911664724349975586e+00
5.447350025177001953e+00
5.818009853363037109e+00
5.099582195281982422e+00
5.264943838119506836e+00
5.424386978149414062e+00
5.106608867645263672e+00
5.520205974578857422e+00
6.231142044067382812e+00
5.568440675735473633e+00
5.169537067413330078e+00
4.690687894821166992e+00
4.702437162399291992e+00
5.537296772003173828e+00
5.759310007095336914e+00
6.566035985946655273e+00
5.292442083358764648e+00
5.560633182525634766e+00
5.122290134429931641e+00
4.737547159194946289e+00
4.166611909866333008e+00
4.693894863128662109e+00
4.947721958160400391e+00
5.124982118606567383e+00
5.309990882873535156e+00
3.583174943923950195e+00
6.785490751266479492e+00
5.009839057922363281e+00
4.900528192520141602e+00
5.290349006652832031e+00
6.936667919158935547e+00
5.460003137588500977e+00
4.404367923736572266e+00
6.174339771270751953e+00
7.074136972427368164e+00
5.963088989257812500e+00
5.446074724197387695e+00
5.175873041152954102e+00
6.796943902969360352e+00
6.988730192184448242e+00
5.738729000091552734e+00
5.342598199844360352e+00
4.963649034500122070e+00
5.085769414901733398e+00
6.574917316436767578e+00
4.517269134521484375e+00
7.037070989608764648e+00
6.453260183334350586e+00
5.699323177337646484e+00
4.388317108154296875e+00
2.903897047042846680e+00
5.475168943405151367e+00
5.533343076705932617e+00
6.270628213882446289e+00
7.007043123245239258e+00
5.410860061645507812e+00
5.818325042724609375e+00
5.589013814926147461e+00
4.539288043975830078e+00
6.500991344451904297e+00
4.524024009704589844e+00
6.630904197692871094e+00
5.594125747680664062e+00
5.980743169784545898e+00
4.946514129638671875e+00
5.483070135116577148e+00
4.776548147201538086e+00
4.619790077209472656e+00
4.496324062347412109e+00
5.351154804229736328e+00
5.044153690338134766e+00
5.385583877563476562e+00
5.244437932968139648e+00
4.997095823287963867e+00
3.180725097656250000e+00
5.120786190032958984e+00
6.502777099609375000e+00
4.590744018554687500e+00
5.981021165847778320e+00
5.527343273162841797e+00
3.718145847320556641e+00
5.137759923934936523e+00
5.152330875396728516e+00
5.272154808044433594e+00
5.153032064437866211e+00
3.706861972808837891e+00
6.006442070007324219e+00
4.937345981597900391e+00
4.965978145599365234e+00
3.757168292999267578e+00
5.722241163253784180e+00
5.760240793228149414e+00
5.248370170593261719e+00
7.621129035949707031e+00
5.016413927078247070e+00
5.612554073333740234e+00
5.141247987747192383e+00
4.963372945785522461e+00
4.491386175155639648e+00
5.939485073089599609e+00
6.490945100784301758e+00
5.031973123550415039e+00
5.497004747390747070e+00
6.146921157836914062e+00
6.163887977600097656e+00
6.126073122024536133e+00
3.946666955947875977e+00
4.789479732513427734e+00
5.165358781814575195e+00
4.936959028244018555e+00
4.080381155014038086e+00
5.478139162063598633e+00
5.285194158554077148e+00
3.995624780654907227e+00
5.866133928298950195e+00
6.153014898300170898e+00
5.135903120040893555e+00
4.166178703308105469e+00
5.711074113845825195e+00
4.807298898696899414e+00
5.957185983657836914e+00
6.542526006698608398e+00
6.232021093368530273e+00
4.197189331054687500e+00
5.367397785186767578e+00
5.215361118316650391e+00
3.809506177902221680e+00
4.926306962966918945e+00
5.546059131622314453e+00
3.394684076309204102e+00
3.724571943283081055e+00
5.095966815948486328e+00
4.552453994750976562e+00
4.168107032775878906e+00
4.472400903701782227e+00
4.360093116760253906e+00
4.179532051086425781e+00
5.715508937835693359e+00
3.761003017425537109e+00
6.318274021148681641e+00
4.269124746322631836e+00
5.165769815444946289e+00
5.593681097030639648e+00
4.805788040161132812e+00
5.248224020004272461e+00
3.483112812042236328e+00
4.774308681488037109e+00
4.716637134552001953e+00
4.966666936874389648e+00
3.950556278228759766e+00
4.276688098907470703e+00
4.817765951156616211e+00
4.741557121276855469e+00
4.040193080902099609e+00
4.390241861343383789e+00
4.811318874359130859e+00
5.068028926849365234e+00
6.720591306686401367e+00
5.148515701293945312e+00
3.851595163345336914e+00
5.760885000228881836e+00
4.771490097045898438e+00
5.028984069824218750e+00
4.055520057678222656e+00
3.765435934066772461e+00
7.041728734970092773e+00
4.205935239791870117e+00
7.680594921112060547e+00
4.305061817169189453e+00
4.844467878341674805e+00
4.044783830642700195e+00
4.136598110198974609e+00
5.386023044586181641e+00
4.816269159317016602e+00
5.243601083755493164e+00
5.904167890548706055e+00
3.339409351348876953e+00
3.988949060440063477e+00
4.242817878723144531e+00
5.525285720825195312e+00
3.740080833435058594e+00
4.012570858001708984e+00
5.564051866531372070e+00
5.549436092376708984e+00
4.468373060226440430e+00
4.699170827865600586e+00
4.374984979629516602e+00
6.246555089950561523e+00
4.421252727508544922e+00
5.837170839309692383e+00
4.735008955001831055e+00
4.665747165679931641e+00
5.287910938262939453e+00
5.809430122375488281e+00
6.874140977859497070e+00
5.202865123748779297e+00
7.586168050765991211e+00
4.477984666824340820e+00
4.420516967773437500e+00
5.561220169067382812e+00
4.490747928619384766e+00
4.853667974472045898e+00
5.272668838500976562e+00
5.016579866409301758e+00
4.746314048767089844e+00
4.308048725128173828e+00
4.732825040817260742e+00
7.960563898086547852e+00
4.846306800842285156e+00
4.890694856643676758e+00
4.213705062866210938e+00
5.476153135299682617e+00
5.045469045639038086e+00
7.896486997604370117e+00
7.185879707336425781e+00
4.415885686874389648e+00
4.376934051513671875e+00
4.812419176101684570e+00
6.874555349349975586e+00
3.812124967575073242e+00
4.506740331649780273e+00
4.352064847946166992e+00
3.935557842254638672e+00
4.266286849975585938e+00
5.149594783782958984e+00
5.260119915008544922e+00
6.594826936721801758e+00
6.428186178207397461e+00
4.136591196060180664e+00
5.341433763504028320e+00
5.545123100280761719e+00
4.561361312866210938e+00
5.435978889465332031e+00
4.264256000518798828e+00
5.831676006317138672e+00
4.706125736236572266e+00
6.245086193084716797e+00
3.934362173080444336e+00
5.790899753570556641e+00
3.640156984329223633e+00
3.476753950119018555e+00
5.709169149398803711e+00
3.214046955108642578e+00
3.954741954803466797e+00
4.696686029434204102e+00
4.383323192596435547e+00
5.842880010604858398e+00
4.079605102539062500e+00
4.557124853134155273e+00
5.900760889053344727e+00
7.528011083602905273e+00
6.001638174057006836e+00
3.570152997970581055e+00
3.078984975814819336e+00
5.658397197723388672e+00
4.469970941543579102e+00
3.489711046218872070e+00
6.602848768234252930e+00
6.183899164199829102e+00
4.180747985839843750e+00
3.689553022384643555e+00
4.347062110900878906e+00
5.744875907897949219e+00
5.879366874694824219e+00
5.833605051040649414e+00
4.725413799285888672e+00
4.294297218322753906e+00
4.792858123779296875e+00
5.273941040039062500e+00
3.766891956329345703e+00
3.547202110290527344e+00
3.924593925476074219e+00
4.737210988998413086e+00
4.161503076553344727e+00
2.960908174514770508e+00
3.023867130279541016e+00
4.141041755676269531e+00
4.281700134277343750e+00
3.978125095367431641e+00
3.435674905776977539e+00
3.317738056182861328e+00
4.332063913345336914e+00
4.782761335372924805e+00
4.514381170272827148e+00
4.578512907028198242e+00
4.629299879074096680e+00
4.224946975708007812e+00
5.122715950012207031e+00
4.869882822036743164e+00
4.087856769561767578e+00
4.204600095748901367e+00
4.911596059799194336e+00
3.814117908477783203e+00
4.757447004318237305e+00
4.802757740020751953e+00
5.547969102859497070e+00
4.157078981399536133e+00
4.685038805007934570e+00
6.001175165176391602e+00
4.968762874603271484e+00
6.115947008132934570e+00
4.661342859268188477e+00
5.388177156448364258e+00
5.225805997848510742e+00
5.810060024261474609e+00
6.139405965805053711e+00
4.913406848907470703e+00
3.734938144683837891e+00
5.633138895034790039e+00
5.815276145935058594e+00
4.882245063781738281e+00
3.673941850662231445e+00
5.729488134384155273e+00
6.218595027923583984e+00
5.627554893493652344e+00
4.620054006576538086e+00
4.760265827178955078e+00
4.435063123703002930e+00
5.657143115997314453e+00
4.541502952575683594e+00
4.537182807922363281e+00
5.950427055358886719e+00
4.134031057357788086e+00
3.945090055465698242e+00
5.781099081039428711e+00
5.398229837417602539e+00
5.167241811752319336e+00
5.863230943679809570e+00
4.760601997375488281e+00
5.446449995040893555e+00
6.571832656860351562e+00
5.208374977111816406e+00
5.259191989898681641e+00
5.523016214370727539e+00
6.164827108383178711e+00
6.559194087982177734e+00
5.203824996948242188e+00
4.628506898880004883e+00
6.493808269500732422e+00
6.385382175445556641e+00
4.527180194854736328e+00
4.219471931457519531e+00
5.599064826965332031e+00
5.260879993438720703e+00
5.202817201614379883e+00
4.668184995651245117e+00
6.544120788574218750e+00
4.516188144683837891e+00
5.401557922363281250e+00
5.736984729766845703e+00
6.442272901535034180e+00
4.858217000961303711e+00
5.354546785354614258e+00
5.538424015045166016e+00
6.680358171463012695e+00
5.592998981475830078e+00
5.722776174545288086e+00
4.386857032775878906e+00
5.988983154296875000e+00
4.717232227325439453e+00
6.823245048522949219e+00
5.580775976181030273e+00
4.722554206848144531e+00
6.543534994125366211e+00
6.269127845764160156e+00
5.566929817199707031e+00
4.534027099609375000e+00
6.258603811264038086e+00
5.951999902725219727e+00
4.722960948944091797e+00
5.858845233917236328e+00
5.499655961990356445e+00
5.231637001037597656e+00
6.062039136886596680e+00
5.944554090499877930e+00
5.692276954650878906e+00
3.931463003158569336e+00
5.756781101226806641e+00
5.635503292083740234e+00
5.549474000930786133e+00
3.977504968643188477e+00
9.782893896102905273e+00
5.659008026123046875e+00
3.974961042404174805e+00
6.520457983016967773e+00
5.314769268035888672e+00
4.404448986053466797e+00
4.925359964370727539e+00
6.034293174743652344e+00
4.874583005905151367e+00
6.186703205108642578e+00
5.901500940322875977e+00
4.828756093978881836e+00
4.268209218978881836e+00
4.082616090774536133e+00
6.144701957702636719e+00
6.723722934722900391e+00
4.661378622055053711e+00
4.132783889770507812e+00
3.954138040542602539e+00
7.759309053421020508e+00
3.820947170257568359e+00
6.226047992706298828e+00
5.411154031753540039e+00
5.378972053527832031e+00
6.463335037231445312e+00
8.261647224426269531e+00
6.368031978607177734e+00
6.129796743392944336e+00
5.795125961303710938e+00
3.450726032257080078e+00
6.373219966888427734e+00
6.034174203872680664e+00
4.316982030868530273e+00
4.483083009719848633e+00
4.313024997711181641e+00
6.605067968368530273e+00
6.081593990325927734e+00
5.037730216979980469e+00
5.553477764129638672e+00
7.218163967132568359e+00
4.314578056335449219e+00
6.519083023071289062e+00
5.347702026367187500e+00
6.991498947143554688e+00
4.280497074127197266e+00
3.590700149536132812e+00
5.059912204742431641e+00
4.372237682342529297e+00
7.103442192077636719e+00
5.891061067581176758e+00
5.591599225997924805e+00
4.112207651138305664e+00
3.663601875305175781e+00
5.780903100967407227e+00
6.962287902832031250e+00
4.372577905654907227e+00
5.050921916961669922e+00
7.168709993362426758e+00
3.696761846542358398e+00
7.998914718627929688e+00
3.968636035919189453e+00
4.036931991577148438e+00
5.666124105453491211e+00
4.551772832870483398e+00
4.101953029632568359e+00
5.129089117050170898e+00
6.560942173004150391e+00
3.793764829635620117e+00
4.553874969482421875e+00
3.826304912567138672e+00
3.587579011917114258e+00
4.186447143554687500e+00
4.831363916397094727e+00
3.874978065490722656e+00
4.993223190307617188e+00
5.050693273544311523e+00
5.834301948547363281e+00
3.699909925460815430e+00
6.065981149673461914e+00
3.556256055831909180e+00
5.900895833969116211e+00
5.785403966903686523e+00
4.127157926559448242e+00
6.912032127380371094e+00
6.903762817382812500e+00
3.922076940536499023e+00
6.157784700393676758e+00
3.899191617965698242e+00
4.356456995010375977e+00
3.270251035690307617e+00
5.197422981262207031e+00
4.119699001312255859e+00
5.809084177017211914e+00
4.235459089279174805e+00
6.220069885253906250e+00
4.464294910430908203e+00
5.958377838134765625e+00
4.635451078414916992e+00
5.671241998672485352e+00
3.963461160659790039e+00
2.884246826171875000e+00
4.414585113525390625e+00
4.462481975555419922e+00
5.220417737960815430e+00
4.297951936721801758e+00
4.914668083190917969e+00
4.290222883224487305e+00
7.469325065612792969e+00
5.043450117111206055e+00
6.178742647171020508e+00
5.100121259689331055e+00
5.176919937133789062e+00
5.102114200592041016e+00
4.659473896026611328e+00
5.203695297241210938e+00
6.100282907485961914e+00
4.689351320266723633e+00
4.202355861663818359e+00
5.465568065643310547e+00
3.873785257339477539e+00
4.975762128829956055e+00
4.542001962661743164e+00
4.241377115249633789e+00
5.854429244995117188e+00
6.300221920013427734e+00
5.433756828308105469e+00
4.847915172576904297e+00
6.229513883590698242e+00
6.016903877258300781e+00
5.228135824203491211e+00
5.573681831359863281e+00
5.405160188674926758e+00
5.064392089843750000e+00
4.275022983551025391e+00
3.968075037002563477e+00
2.851671218872070312e+00
4.921104192733764648e+00
5.209699153900146484e+00
4.012551069259643555e+00
6.472756862640380859e+00
5.648180961608886719e+00
5.444797992706298828e+00
5.695339918136596680e+00
3.243793725967407227e+00
5.971659898757934570e+00
7.026237964630126953e+00
5.228906869888305664e+00
2.912723779678344727e+00
3.386301040649414062e+00
6.205894947052001953e+00
3.028442144393920898e+00
3.473384141921997070e+00
5.739960193634033203e+00
4.124807119369506836e+00
4.550066947937011719e+00
7.460587978363037109e+00
4.932662010192871094e+00
4.798174858093261719e+00
3.154489755630493164e+00
3.941486120223999023e+00
3.140849351882934570e+00
3.763159751892089844e+00
3.144006013870239258e+00
2.850987911224365234e+00
6.374646902084350586e+00
3.377758979797363281e+00
5.802204847335815430e+00
2.625587940216064453e+00
5.070142984390258789e+00
4.104256153106689453e+00
3.515187978744506836e+00
3.834790229797363281e+00
3.493359088897705078e+00
6.186892032623291016e+00
3.438860654830932617e+00
4.147361040115356445e+00
3.415664672851562500e+00
5.053854942321777344e+00
3.955296993255615234e+00
4.066794872283935547e+00
3.627079010009765625e+00
3.127006053924560547e+00
5.399229288101196289e+00
3.646707057952880859e+00
4.118818044662475586e+00
3.624250888824462891e+00
5.302812814712524414e+00
3.145465135574340820e+00
6.361183881759643555e+00
4.020686149597167969e+00
6.390550136566162109e+00
4.554993867874145508e+00
3.881371021270751953e+00
6.423477172851562500e+00
5.412081956863403320e+00
4.460066080093383789e+00
3.974230051040649414e+00
6.594216823577880859e+00
3.607273340225219727e+00
3.622781038284301758e+00
3.938199996948242188e+00
4.097261190414428711e+00
4.054536104202270508e+00
3.448454141616821289e+00
4.027838945388793945e+00
5.745105028152465820e+00
3.908359289169311523e+00
3.974784135818481445e+00
4.141628980636596680e+00
3.711380958557128906e+00
4.447383165359497070e+00
4.875636100769042969e+00
4.444680929183959961e+00
4.036597967147827148e+00
4.509527921676635742e+00
4.935743093490600586e+00
4.005819320678710938e+00
6.067359924316406250e+00
6.110853195190429688e+00
5.036209106445312500e+00
4.074972152709960938e+00
4.079623937606811523e+00
4.632043123245239258e+00
4.898123979568481445e+00
4.546742200851440430e+00
3.765900135040283203e+00
3.535749197006225586e+00
4.613906145095825195e+00
4.080865859985351562e+00
4.027791023254394531e+00
3.934419155120849609e+00
4.617633104324340820e+00
3.833994150161743164e+00
4.053373813629150391e+00
4.230015993118286133e+00
4.254475116729736328e+00
3.941920042037963867e+00
4.793732881546020508e+00
4.779793977737426758e+00
3.445883989334106445e+00
4.608788013458251953e+00
4.681377887725830078e+00
5.227185964584350586e+00
2.947369098663330078e+00
4.869922637939453125e+00
5.315908193588256836e+00
4.373431682586669922e+00
6.303368806838989258e+00
4.939334869384765625e+00
4.800889730453491211e+00
4.410943031311035156e+00
4.370054244995117188e+00
5.295165777206420898e+00
3.771960973739624023e+00
6.214872121810913086e+00
5.003199815750122070e+00
4.428369998931884766e+00
4.328833103179931641e+00
4.424048900604248047e+00
4.502621889114379883e+00
4.613748073577880859e+00
4.384734869003295898e+00
4.979910850524902344e+00
6.690010070800781250e+00
4.816504240036010742e+00
4.990680694580078125e+00
5.180401086807250977e+00
3.941596031188964844e+00
3.458863973617553711e+00
5.792527914047241211e+00
5.219159126281738281e+00
3.800197124481201172e+00
5.395337820053100586e+00
4.164399147033691406e+00
3.444853067398071289e+00
5.513649940490722656e+00
4.805229187011718750e+00
4.874193906784057617e+00
5.178328037261962891e+00
4.569680213928222656e+00
4.161427021026611328e+00
4.903466701507568359e+00
4.451699972152709961e+00
4.286593914031982422e+00
4.907371997833251953e+00
4.515778064727783203e+00
3.794935941696166992e+00
5.677864313125610352e+00
4.145754098892211914e+00
6.423832893371582031e+00
4.137629270553588867e+00
4.866124868392944336e+00
3.906747817993164062e+00
4.313681125640869141e+00
6.064024686813354492e+00
4.403190851211547852e+00
4.185441017150878906e+00
4.319357872009277344e+00
4.840644836425781250e+00
4.889796018600463867e+00
5.213929414749145508e+00
3.818350076675415039e+00
5.148367881774902344e+00
5.735835313796997070e+00
4.942236185073852539e+00
5.250334262847900391e+00
3.946655035018920898e+00
5.636099100112915039e+00
5.263724088668823242e+00
5.304293870925903320e+00
5.189146041870117188e+00
4.864723920822143555e+00
5.831790685653686523e+00
7.470838069915771484e+00
3.503810167312622070e+00
4.970569133758544922e+00
4.709804058074951172e+00
4.662906885147094727e+00
5.087609291076660156e+00
3.021794080734252930e+00
4.890350103378295898e+00
4.554980993270874023e+00
5.315476894378662109e+00
4.563798904418945312e+00
5.091502189636230469e+00
5.185295104980468750e+00
4.147793054580688477e+00
4.098348140716552734e+00
5.292241334915161133e+00
4.470495939254760742e+00
5.133657217025756836e+00
5.258745193481445312e+00
4.540087938308715820e+00
4.177661895751953125e+00
6.195448160171508789e+00
6.077329874038696289e+00
4.751102209091186523e+00
4.582955121994018555e+00
4.221012115478515625e+00
4.653744935989379883e+00
4.582179069519042969e+00
5.398051023483276367e+00
4.145712137222290039e+00
4.692640066146850586e+00
3.108299016952514648e+00
4.391596078872680664e+00
5.899008989334106445e+00
4.342672824859619141e+00
3.374332904815673828e+00
3.817836046218872070e+00
3.128047227859497070e+00
5.181474208831787109e+00
3.727981090545654297e+00
4.433586835861206055e+00
5.236542224884033203e+00
4.473517179489135742e+00
4.572509765625000000e+00
4.709262132644653320e+00
4.838283061981201172e+00
3.991804122924804688e+00
3.759846925735473633e+00
4.120177984237670898e+00
6.224776029586791992e+00
3.182945013046264648e+00
4.845088958740234375e+00
4.392107963562011719e+00
3.242071866989135742e+00
4.097113847732543945e+00
4.957142114639282227e+00
3.594226121902465820e+00
5.331290960311889648e+00
3.510629177093505859e+00
3.210022926330566406e+00
7.872124910354614258e+00
4.195181131362915039e+00
5.510618925094604492e+00
5.232581138610839844e+00
3.707878828048706055e+00
4.425650119781494141e+00
2.624226093292236328e+00
2.242771863937377930e+00
2.792090892791748047e+00
3.919930934906005859e+00
2.982588768005371094e+00
2.750833034515380859e+00
4.370923757553100586e+00
3.981995820999145508e+00
3.579615831375122070e+00
3.839040994644165039e+00
5.483088970184326172e+00
5.900243043899536133e+00
4.300068855285644531e+00
4.361238956451416016e+00
3.801319122314453125e+00
2.860513210296630859e+00
4.008815288543701172e+00
3.017836093902587891e+00
3.978006839752197266e+00
4.457662105560302734e+00
3.683897018432617188e+00
3.998631954193115234e+00
4.446542024612426758e+00
5.464323043823242188e+00
6.760292768478393555e+00
3.609165906906127930e+00
5.717680931091308594e+00
3.724340915679931641e+00
3.735912084579467773e+00
5.668165206909179688e+00
5.773002862930297852e+00
3.353593111038208008e+00
5.749325037002563477e+00
2.862981081008911133e+00
2.643784999847412109e+00
4.241259098052978516e+00
3.800817728042602539e+00
4.153652191162109375e+00
5.125526905059814453e+00
4.254961967468261719e+00
5.848564863204956055e+00
4.592906951904296875e+00
5.574378252029418945e+00
4.936414957046508789e+00
3.853835105895996094e+00
5.866965055465698242e+00
4.550297975540161133e+00
5.260112285614013672e+00
3.888477087020874023e+00
4.360232114791870117e+00
4.073512077331542969e+00
3.323804140090942383e+00
6.647336959838867188e+00
5.552788972854614258e+00
5.018800020217895508e+00
4.427963972091674805e+00
5.958766222000122070e+00
3.035104036331176758e+00
4.744153976440429688e+00
4.706687927246093750e+00
7.274076938629150391e+00
6.118309020996093750e+00
6.060299158096313477e+00
7.751683950424194336e+00
4.361630916595458984e+00
6.693418979644775391e+00
4.907240867614746094e+00
6.118450880050659180e+00
6.656167984008789062e+00
3.476146936416625977e+00
4.113488197326660156e+00
3.307189941406250000e+00
4.160286903381347656e+00
6.301644086837768555e+00
5.977833986282348633e+00
6.340972185134887695e+00
4.683749914169311523e+00
4.249027013778686523e+00
4.209465980529785156e+00
4.924007892608642578e+00
6.315414905548095703e+00
3.437462091445922852e+00
4.797927379608154297e+00
4.956424951553344727e+00
6.305460929870605469e+00
4.671314001083374023e+00
3.107327938079833984e+00
4.892404079437255859e+00
3.106422901153564453e+00
5.356859922409057617e+00
6.464242219924926758e+00
4.914140939712524414e+00
3.495764970779418945e+00
3.289535999298095703e+00
6.928292989730834961e+00
6.514505863189697266e+00
3.434911966323852539e+00
2.933313131332397461e+00
3.203809022903442383e+00
4.697763681411743164e+00
4.165951013565063477e+00
3.854702949523925781e+00
4.161752939224243164e+00
6.616539955139160156e+00
6.387153863906860352e+00
3.961650133132934570e+00
4.116950750350952148e+00
3.946682929992675781e+00
3.705970048904418945e+00
6.719238996505737305e+00
6.680212974548339844e+00
3.161015033721923828e+00
2.891044139862060547e+00
4.656237125396728516e+00
6.734076023101806641e+00
4.837962150573730469e+00
4.145864963531494141e+00
4.239523887634277344e+00
4.227144956588745117e+00
7.405504941940307617e+00
4.394875049591064453e+00
4.567451238632202148e+00
3.461745023727416992e+00
4.422046899795532227e+00
6.774989128112792969e+00
4.263040065765380859e+00
4.235448837280273438e+00
4.411877870559692383e+00
4.093069791793823242e+00
4.441746234893798828e+00
4.179910898208618164e+00
4.611465930938720703e+00
5.638246774673461914e+00
4.512488126754760742e+00
4.090134859085083008e+00
4.263502836227416992e+00
3.435158014297485352e+00
4.164506196975708008e+00
3.571346998214721680e+00
5.209922075271606445e+00
4.747088909149169922e+00
4.281228065490722656e+00
3.256220102310180664e+00
4.723968982696533203e+00
3.493542909622192383e+00
3.887708902359008789e+00
4.593050003051757812e+00
4.778667926788330078e+00
2.984107971191406250e+00
3.473776102066040039e+00
4.802006006240844727e+00
4.043363809585571289e+00
3.653614759445190430e+00
3.701565265655517578e+00
3.098377227783203125e+00
4.864114761352539062e+00
4.873107910156250000e+00
8.918349027633666992e+00
2.572052955627441406e+00
3.420212984085083008e+00
3.867126941680908203e+00
4.354702949523925781e+00
3.421380043029785156e+00
3.906072139739990234e+00
3.585759878158569336e+00
3.984647035598754883e+00
3.745565891265869141e+00
4.306518077850341797e+00
6.227262973785400391e+00
3.605157852172851562e+00
5.220268964767456055e+00
4.393563032150268555e+00
4.951971769332885742e+00
4.122677087783813477e+00
4.553994894027709961e+00
4.154397010803222656e+00
3.832447290420532227e+00
4.016139030456542969e+00
4.542195796966552734e+00
4.256301641464233398e+00
4.186373710632324219e+00
2.612457990646362305e+00
5.873342990875244141e+00
4.247662067413330078e+00
3.204064130783081055e+00
4.231432914733886719e+00
3.906407833099365234e+00
4.351808071136474609e+00
4.140860080718994141e+00
5.430888891220092773e+00
4.339179754257202148e+00
4.450644016265869141e+00
3.481353044509887695e+00
5.541831016540527344e+00
3.285459995269775391e+00
4.198624849319458008e+00
3.880030870437622070e+00
4.947898864746093750e+00
4.729991197586059570e+00
3.604185104370117188e+00
5.549125909805297852e+00
4.584808826446533203e+00
4.400161027908325195e+00
3.721564054489135742e+00
7.548539876937866211e+00
4.759874105453491211e+00
3.765693187713623047e+00
4.866741895675659180e+00
4.924871921539306641e+00
4.881220102310180664e+00
4.879391908645629883e+00
4.590932130813598633e+00
5.031736850738525391e+00
4.650148868560791016e+00
4.585677146911621094e+00
4.903584957122802734e+00
2.774054050445556641e+00
4.979723930358886719e+00
5.040534019470214844e+00
4.681031227111816406e+00
5.796147823333740234e+00
4.585736274719238281e+00
4.793702840805053711e+00
4.903198957443237305e+00
5.643746137619018555e+00
3.640265941619873047e+00
4.905478239059448242e+00
4.788464784622192383e+00
4.905155897140502930e+00
5.545997858047485352e+00
4.492357969284057617e+00
5.058021306991577148e+00
2.739166021347045898e+00
4.200528860092163086e+00
3.903691768646240234e+00
3.257761955261230469e+00
4.257502794265747070e+00
4.892053127288818359e+00
4.973832130432128906e+00
4.076579809188842773e+00
3.736756801605224609e+00
3.640081882476806641e+00
3.205971956253051758e+00
4.551197290420532227e+00
4.182019948959350586e+00
4.266438961029052734e+00
3.721511840820312500e+00
5.420700311660766602e+00
3.966912984848022461e+00
3.383121728897094727e+00
3.478942871093750000e+00
5.948089838027954102e+00
2.748163700103759766e+00
4.417943954467773438e+00
4.237420082092285156e+00
3.105571985244750977e+00
4.341762065887451172e+00
3.940294742584228516e+00
2.925775051116943359e+00
5.834162950515747070e+00
3.904422998428344727e+00
4.100780010223388672e+00
3.825385093688964844e+00
5.891397953033447266e+00
4.822674036026000977e+00
5.431761980056762695e+00
5.992208003997802734e+00
5.143905878067016602e+00
5.147630929946899414e+00
4.129779815673828125e+00
3.878494977951049805e+00
4.540663957595825195e+00
6.264315128326416016e+00
3.773365974426269531e+00
4.921849966049194336e+00
4.520052909851074219e+00
5.525156021118164062e+00
5.755318880081176758e+00
6.349073886871337891e+00
4.046485185623168945e+00
4.039864063262939453e+00
4.584412097930908203e+00
4.535790920257568359e+00
5.035784959793090820e+00
6.261204004287719727e+00
3.857288837432861328e+00
3.597862958908081055e+00
6.371201992034912109e+00
5.950190067291259766e+00
4.554642915725708008e+00
5.916712045669555664e+00
5.174431800842285156e+00
4.499697923660278320e+00
3.521624088287353516e+00
4.218271017074584961e+00
3.227277994155883789e+00
4.790560007095336914e+00
4.910907268524169922e+00
5.827102899551391602e+00
5.052403211593627930e+00
4.779600858688354492e+00
4.649661064147949219e+00
4.178653955459594727e+00
4.286933898925781250e+00
5.760696887969970703e+00
4.326653003692626953e+00
4.413491964340209961e+00
4.557283878326416016e+00
4.672919750213623047e+00
4.014834880828857422e+00
4.692730188369750977e+00
4.674649000167846680e+00
4.546155214309692383e+00
5.684419870376586914e+00
3.787763833999633789e+00
4.977520942687988281e+00
4.070966005325317383e+00
4.874909877777099609e+00
5.344874143600463867e+00
4.545517683029174805e+00
4.370445966720581055e+00
4.227680206298828125e+00
7.001581907272338867e+00
6.011293172836303711e+00
4.981476783752441406e+00
5.054172992706298828e+00
5.160528182983398438e+00
5.412762880325317383e+00
5.064494132995605469e+00
5.079274892807006836e+00
7.155858039855957031e+00
4.992356777191162109e+00
4.860217809677124023e+00
5.540609121322631836e+00
6.648344993591308594e+00
4.962158918380737305e+00
4.565960884094238281e+00
5.017585992813110352e+00
6.291676998138427734e+00
6.244076013565063477e+00
3.792050361633300781e+00
4.674880743026733398e+00
4.853972911834716797e+00
6.595022916793823242e+00
4.931911945343017578e+00
3.237152099609375000e+00
2.487646341323852539e+00
2.693945169448852539e+00
4.163401365280151367e+00
4.101241827011108398e+00
2.608072996139526367e+00
5.149339199066162109e+00
5.021105051040649414e+00
4.585208892822265625e+00
5.827512264251708984e+00
5.276410818099975586e+00
5.084219932556152344e+00
4.182595968246459961e+00
4.121942996978759766e+00
4.025434970855712891e+00
5.662674188613891602e+00
4.290207862854003906e+00
4.026001214981079102e+00
5.945815086364746094e+00
3.287622928619384766e+00
5.211632966995239258e+00
5.856296777725219727e+00
3.948570966720581055e+00
5.625523090362548828e+00
5.280913829803466797e+00
5.133172988891601562e+00
3.975650787353515625e+00
5.211761951446533203e+00
4.464485883712768555e+00
4.552082061767578125e+00
5.239610910415649414e+00
3.193983078002929688e+00
5.035590171813964844e+00
6.172745943069458008e+00
3.078669786453247070e+00
3.215445041656494141e+00
4.569087982177734375e+00
3.609259128570556641e+00
4.089366197586059570e+00
5.433978080749511719e+00
2.682715177536010742e+00
5.041400194168090820e+00
3.826951265335083008e+00
4.209460973739624023e+00
4.249355077743530273e+00
4.507702827453613281e+00
2.912377834320068359e+00
3.251466035842895508e+00
4.909862995147705078e+00
4.516638040542602539e+00
7.115720033645629883e+00
4.549657106399536133e+00
3.561474084854125977e+00
3.800020933151245117e+00
3.699512720108032227e+00
3.085175037384033203e+00
3.951766014099121094e+00
5.231641769409179688e+00
4.633437871932983398e+00
4.278512954711914062e+00
6.312781810760498047e+00
3.664232015609741211e+00
4.311051130294799805e+00
4.797222852706909180e+00
6.417593002319335938e+00
4.377765178680419922e+00
4.587575912475585938e+00
3.264886140823364258e+00
6.282663822174072266e+00
3.203488826751708984e+00
5.556263923645019531e+00
6.228505849838256836e+00
4.443574905395507812e+00
4.855877876281738281e+00
4.097769975662231445e+00
4.840529918670654297e+00
5.275412797927856445e+00
4.643857955932617188e+00
4.092361927032470703e+00
4.082025051116943359e+00
4.425092220306396484e+00
4.970114946365356445e+00
4.121339321136474609e+00
4.341506958007812500e+00
7.658412694931030273e+00
4.867521047592163086e+00
3.764920949935913086e+00
3.672958850860595703e+00
3.583164930343627930e+00
5.559098243713378906e+00
3.511564016342163086e+00
5.875370025634765625e+00
3.752302169799804688e+00
3.678067922592163086e+00
3.293365001678466797e+00
3.778784990310668945e+00
6.228460788726806641e+00
5.856996059417724609e+00
3.146352052688598633e+00
4.020182132720947266e+00
4.150690793991088867e+00
4.003841161727905273e+00
4.498185873031616211e+00
4.043019056320190430e+00
4.674253225326538086e+00
4.080490112304687500e+00
3.867753982543945312e+00
6.467389106750488281e+00
4.901841878890991211e+00
5.087517976760864258e+00
3.990805387496948242e+00
5.171505212783813477e+00
4.083624839782714844e+00
3.089902877807617188e+00
2.931485891342163086e+00
5.157775163650512695e+00
6.405404806137084961e+00
5.091861009597778320e+00
4.148321628570556641e+00
3.251050949096679688e+00
5.034127235412597656e+00
5.065927982330322266e+00
3.166832685470581055e+00
3.195601701736450195e+00
5.181644916534423828e+00
5.947486162185668945e+00
5.280898809432983398e+00
3.366442918777465820e+00
8.845797061920166016e+00
2.722438812255859375e+00
4.804479122161865234e+00
4.909384965896606445e+00
6.361617088317871094e+00
5.287474870681762695e+00
6.439071178436279297e+00
5.320715904235839844e+00
3.835422992706298828e+00
3.511523962020874023e+00
3.726031303405761719e+00
5.886802196502685547e+00
3.576241254806518555e+00
6.502284049987792969e+00
3.663681030273437500e+00
4.435276985168457031e+00
6.343544006347656250e+00
3.589580059051513672e+00
4.750114917755126953e+00
2.920686006546020508e+00
5.764905929565429688e+00
4.822982072830200195e+00
3.834644794464111328e+00
5.518719911575317383e+00
6.440352678298950195e+00
4.809915065765380859e+00
3.241444826126098633e+00
3.229257822036743164e+00
4.859355926513671875e+00
3.922953844070434570e+00
4.064235925674438477e+00
4.891310930252075195e+00
3.286124944686889648e+00
5.916472911834716797e+00
3.428716659545898438e+00
3.597652912139892578e+00
6.050539970397949219e+00
3.828968286514282227e+00
4.522099971771240234e+00
3.701925277709960938e+00
4.265225887298583984e+00
3.398622751235961914e+00
4.101864099502563477e+00
3.200682878494262695e+00
3.477389097213745117e+00
3.624853134155273438e+00
3.792520999908447266e+00
3.615808010101318359e+00
6.261986970901489258e+00
6.853394985198974609e+00
3.448485851287841797e+00
4.394019126892089844e+00
4.370742082595825195e+00
3.882049083709716797e+00
3.488134145736694336e+00
5.674823284149169922e+00
4.620889902114868164e+00
3.650343894958496094e+00
3.645433902740478516e+00
3.656850337982177734e+00
4.304930686950683594e+00
3.841537952423095703e+00
3.740819215774536133e+00
3.681157112121582031e+00
3.362826108932495117e+00
7.321694850921630859e+00
3.736538171768188477e+00
2.932242870330810547e+00
3.818643093109130859e+00
3.875730037689208984e+00
4.347462892532348633e+00
3.488972902297973633e+00
3.742769002914428711e+00
4.574156045913696289e+00
3.300253868103027344e+00
4.418017148971557617e+00
3.574448108673095703e+00
3.927446126937866211e+00
4.043880939483642578e+00
6.913620948791503906e+00
3.864600896835327148e+00
4.617423057556152344e+00
4.366759777069091797e+00
3.534530162811279297e+00
3.997817039489746094e+00
4.746159076690673828e+00
5.493139982223510742e+00
4.485967159271240234e+00
3.988168239593505859e+00
3.855093955993652344e+00
4.436182975769042969e+00
3.700269937515258789e+00
3.355446815490722656e+00
6.320456981658935547e+00
3.919995784759521484e+00
4.269239187240600586e+00
3.707397699356079102e+00
3.711571931838989258e+00
3.082638025283813477e+00
4.263453960418701172e+00
6.169295787811279297e+00
3.831997871398925781e+00
3.536094188690185547e+00
3.148137331008911133e+00
4.316220283508300781e+00
3.493785142898559570e+00
4.569912910461425781e+00
4.451297044754028320e+00
3.889263868331909180e+00
4.400483131408691406e+00
3.082405090332031250e+00
3.199419021606445312e+00
3.629477024078369141e+00
4.417115926742553711e+00
4.635483026504516602e+00
4.707379817962646484e+00
4.370115995407104492e+00
8.561550855636596680e+00
3.819763183593750000e+00
3.981572151184082031e+00
6.770630836486816406e+00
4.489767789840698242e+00
4.703122854232788086e+00
4.799597024917602539e+00
4.723710060119628906e+00
5.211318969726562500e+00
2.956583023071289062e+00
3.367923259735107422e+00
4.676003694534301758e+00
4.550924062728881836e+00
4.357352018356323242e+00
3.003335237503051758e+00
3.962968111038208008e+00
4.804841995239257812e+00
4.920984029769897461e+00
2.663273811340332031e+00
5.182014942169189453e+00
4.856564044952392578e+00
4.794173002243041992e+00
5.072887897491455078e+00
4.282328844070434570e+00
4.447463989257812500e+00
4.335423946380615234e+00
4.412047147750854492e+00
4.595904111862182617e+00
4.081079959869384766e+00
4.047191143035888672e+00
5.093362331390380859e+00
4.098391056060791016e+00
4.144372940063476562e+00
4.063621997833251953e+00
4.120272159576416016e+00
4.287789106369018555e+00
3.308918714523315430e+00
3.146211147308349609e+00
3.573426961898803711e+00
4.350953102111816406e+00
4.874217033386230469e+00
4.179177045822143555e+00
4.703143119812011719e+00
3.848299980163574219e+00
5.448246002197265625e+00
4.535682201385498047e+00
3.728636026382446289e+00
3.593586921691894531e+00
4.317955017089843750e+00
4.565095901489257812e+00
4.471757173538208008e+00
4.511803865432739258e+00
4.785485982894897461e+00
4.433264970779418945e+00
2.956268787384033203e+00
4.742785930633544922e+00
4.500288009643554688e+00
4.544688940048217773e+00
4.707525253295898438e+00
5.574968099594116211e+00
6.575567722320556641e+00
4.616503953933715820e+00
2.873572826385498047e+00
5.108068227767944336e+00
5.461153030395507812e+00
3.485991001129150391e+00
4.442919969558715820e+00
5.094581127166748047e+00
5.264214038848876953e+00
3.747680187225341797e+00
6.089275836944580078e+00
3.856704950332641602e+00
5.049101114273071289e+00
3.934967994689941406e+00
3.947271108627319336e+00
5.912831068038940430e+00
4.644860982894897461e+00
3.971014022827148438e+00
3.662719964981079102e+00
4.077293872833251953e+00
5.625936269760131836e+00
3.774827003479003906e+00
4.600530862808227539e+00
6.077528715133666992e+00
5.249490976333618164e+00
3.807546138763427734e+00
3.960724115371704102e+00
4.431130170822143555e+00
5.179849863052368164e+00
3.894931316375732422e+00
4.723781824111938477e+00
3.916488885879516602e+00
4.883872032165527344e+00
4.500845909118652344e+00
6.118321180343627930e+00
1.966555118560791016e+00
5.320525884628295898e+00
6.606081008911132812e+00
5.653520107269287109e+00
5.673659086227416992e+00
3.552026748657226562e+00
5.772909879684448242e+00
6.598356962203979492e+00
3.181341171264648438e+00
2.713119983673095703e+00
3.962298870086669922e+00
4.678568840026855469e+00
5.097959041595458984e+00
4.817903995513916016e+00
2.979926824569702148e+00
3.181918859481811523e+00
3.483866214752197266e+00
3.118563175201416016e+00
4.358538866043090820e+00
3.696504116058349609e+00
2.905450105667114258e+00
2.853887319564819336e+00
3.947326898574829102e+00
3.803601026535034180e+00
4.621828079223632812e+00
3.755801916122436523e+00
4.612127065658569336e+00
5.138368606567382812e+00
3.502434968948364258e+00
6.305377960205078125e+00
3.350560188293457031e+00
6.820287942886352539e+00
4.690412044525146484e+00
4.236840248107910156e+00
4.442381858825683594e+00
5.421885967254638672e+00
3.150150775909423828e+00
5.114109992980957031e+00
4.665479898452758789e+00
6.576208114624023438e+00
4.061626672744750977e+00
4.066188097000122070e+00
4.414839029312133789e+00
4.590590953826904297e+00
4.719846010208129883e+00
3.806110858917236328e+00
5.503277778625488281e+00
4.673957824707031250e+00
4.862694263458251953e+00
5.843532085418701172e+00
5.889329910278320312e+00
6.561920881271362305e+00
4.669896125793457031e+00
4.683321237564086914e+00
5.177313089370727539e+00
5.929003000259399414e+00
3.785857915878295898e+00
6.091533660888671875e+00
6.390330791473388672e+00
4.396681308746337891e+00
4.976919889450073242e+00
7.008568763732910156e+00
8.952157974243164062e+00
5.025054931640625000e+00
4.546305894851684570e+00
6.516943931579589844e+00
6.068861007690429688e+00
4.255531072616577148e+00
6.984260797500610352e+00
6.134671926498413086e+00
6.426349878311157227e+00
5.425792694091796875e+00
5.647548913955688477e+00
4.927955150604248047e+00
4.522640228271484375e+00
6.754932880401611328e+00
6.336693048477172852e+00
6.873924016952514648e+00
4.603303909301757812e+00
5.053588867187500000e+00
3.712218046188354492e+00
3.670773983001708984e+00
3.895978689193725586e+00
5.027961254119873047e+00
4.722722053527832031e+00
6.829546928405761719e+00
3.677972316741943359e+00
5.356364727020263672e+00
3.948798894882202148e+00
4.753882169723510742e+00
5.596127033233642578e+00
5.187490940093994141e+00
3.903990030288696289e+00
7.150187969207763672e+00
4.095786809921264648e+00
7.322274684906005859e+00
6.608443260192871094e+00
5.496145248413085938e+00
5.401570081710815430e+00
4.021247148513793945e+00
3.786823987960815430e+00
3.556744098663330078e+00
5.482000827789306641e+00
3.585534095764160156e+00
5.153755187988281250e+00
7.785138845443725586e+00
3.739443302154541016e+00
5.443202972412109375e+00
3.168922901153564453e+00
5.015071868896484375e+00
4.313212871551513672e+00
6.172187328338623047e+00
3.489761829376220703e+00
4.590727090835571289e+00
5.650870084762573242e+00
4.089499950408935547e+00
6.953349828720092773e+00
3.801306247711181641e+00
6.250748157501220703e+00
6.699589252471923828e+00
3.263913154602050781e+00
7.384744882583618164e+00
4.339941024780273438e+00
6.946967601776123047e+00
4.327563047409057617e+00
3.059780120849609375e+00
4.652870178222656250e+00
2.986948251724243164e+00
7.354742050170898438e+00
5.134868144989013672e+00
3.494163274765014648e+00
3.749045848846435547e+00
3.487742900848388672e+00
3.612884044647216797e+00
3.042045354843139648e+00
4.246522188186645508e+00
4.515697956085205078e+00
4.327519893646240234e+00
4.732719898223876953e+00
3.496535062789916992e+00
3.874428987503051758e+00
4.077404260635375977e+00
5.008367061614990234e+00
3.999884128570556641e+00
3.630826711654663086e+00
4.972815752029418945e+00
5.822474956512451172e+00
4.765573740005493164e+00
3.725327014923095703e+00
3.252765178680419922e+00
4.726855993270874023e+00
5.181205987930297852e+00
4.098758220672607422e+00
3.713910818099975586e+00
4.083753108978271484e+00
3.761004924774169922e+00
4.984237909317016602e+00
3.671926975250244141e+00
4.173196077346801758e+00
3.385395050048828125e+00
3.585763216018676758e+00
3.988845109939575195e+00
3.398442983627319336e+00
2.902708292007446289e+00
3.999354124069213867e+00
2.999166965484619141e+00
3.087007761001586914e+00
6.609966039657592773e+00
4.711070299148559570e+00
3.017752885818481445e+00
3.690259218215942383e+00
3.704406976699829102e+00
5.069216966629028320e+00
4.780115127563476562e+00
4.119702100753784180e+00
4.353441953659057617e+00
4.037617921829223633e+00
3.011215925216674805e+00
5.153779029846191406e+00
4.481443166732788086e+00
4.776987314224243164e+00
5.159256935119628906e+00
4.292340993881225586e+00
4.735873222351074219e+00
3.577471017837524414e+00
5.095648765563964844e+00
3.955403089523315430e+00
2.503844022750854492e+00
4.367079973220825195e+00
5.215412139892578125e+00
4.647292137145996094e+00
4.721342325210571289e+00
4.721781730651855469e+00
3.418122053146362305e+00
4.588010072708129883e+00
3.801038026809692383e+00
5.141629934310913086e+00
3.318753004074096680e+00
3.786535263061523438e+00
4.813895225524902344e+00
3.272882938385009766e+00
4.506717920303344727e+00
4.718015909194946289e+00
4.606633186340332031e+00
4.496681928634643555e+00
3.954036951065063477e+00
3.307307720184326172e+00
4.468520164489746094e+00
4.475103855133056641e+00
2.741595983505249023e+00
5.086502790451049805e+00
3.945619821548461914e+00
4.626245975494384766e+00
3.629232168197631836e+00
5.391274213790893555e+00
3.771643877029418945e+00
5.371438026428222656e+00
2.478091955184936523e+00
4.157345056533813477e+00
4.004410266876220703e+00
3.806223869323730469e+00
3.892107009887695312e+00
5.422148942947387695e+00
3.385047912597656250e+00
4.083984851837158203e+00
4.441284894943237305e+00
4.275847911834716797e+00
4.959588766098022461e+00
3.700044155120849609e+00
4.668816089630126953e+00
4.376834154129028320e+00
4.477289915084838867e+00
4.232315301895141602e+00
3.592680931091308594e+00
3.276412010192871094e+00
4.883537054061889648e+00
4.102357864379882812e+00
3.397969007492065430e+00
4.219184160232543945e+00
4.178676843643188477e+00
4.191505908966064453e+00
6.019814968109130859e+00
5.103296041488647461e+00
4.198875904083251953e+00
3.428190946578979492e+00
4.625540018081665039e+00
4.748984098434448242e+00
4.294378042221069336e+00
3.516751050949096680e+00
3.031087160110473633e+00
7.387171030044555664e+00
3.584867000579833984e+00
4.224281072616577148e+00
3.430573940277099609e+00
3.337782144546508789e+00
4.833383798599243164e+00
3.819591045379638672e+00
4.515990018844604492e+00
4.996268987655639648e+00
4.811213970184326172e+00
4.391870975494384766e+00
3.364187002182006836e+00
3.047361135482788086e+00
3.506523847579956055e+00
2.426980972290039062e+00
6.101166009902954102e+00
3.285539865493774414e+00
3.373202323913574219e+00
2.893294811248779297e+00
3.906171798706054688e+00
3.690140008926391602e+00
3.149902105331420898e+00
3.284125089645385742e+00
4.911813974380493164e+00
3.439634799957275391e+00
3.621975898742675781e+00
5.344371795654296875e+00
3.509934663772583008e+00
3.266902685165405273e+00
4.184800148010253906e+00
5.679368734359741211e+00
2.990465164184570312e+00
4.169367074966430664e+00
3.898132801055908203e+00
3.105042934417724609e+00
3.370676279067993164e+00
3.378412961959838867e+00
3.627840995788574219e+00
4.361481904983520508e+00
5.831283092498779297e+00
3.473106861114501953e+00
3.372174978256225586e+00
3.698462247848510742e+00
3.922230720520019531e+00
4.727226257324218750e+00
3.661797046661376953e+00
4.429955005645751953e+00
3.664395809173583984e+00
5.565477848052978516e+00
3.166832923889160156e+00
2.941751956939697266e+00
3.934577941894531250e+00
5.421127080917358398e+00
3.544792890548706055e+00
3.930169820785522461e+00
4.852429151535034180e+00
3.849059820175170898e+00
3.753314971923828125e+00
4.168134927749633789e+00
3.847875118255615234e+00
4.267647981643676758e+00
3.500095844268798828e+00
3.740861892700195312e+00
4.291728258132934570e+00
4.247863054275512695e+00
4.192105054855346680e+00
3.564104795455932617e+00
3.588624238967895508e+00
3.554009199142456055e+00
5.162584066390991211e+00
3.766163825988769531e+00
3.973057985305786133e+00
4.994399070739746094e+00
3.582607984542846680e+00
6.190946817398071289e+00
3.581469058990478516e+00
4.386003971099853516e+00
4.416113853454589844e+00
3.521131992340087891e+00
4.117800235748291016e+00
4.740492105484008789e+00
3.274319887161254883e+00
4.160739898681640625e+00
4.372363090515136719e+00
4.207944869995117188e+00
4.384816884994506836e+00
3.292993068695068359e+00
3.767976045608520508e+00
5.372723817825317383e+00
4.011990070343017578e+00
4.062261104583740234e+00
3.473159790039062500e+00
4.148813724517822266e+00
4.310456991195678711e+00
4.077366113662719727e+00
3.666049242019653320e+00
3.622447252273559570e+00
4.037651300430297852e+00
4.410454988479614258e+00
4.967686891555786133e+00
3.855159997940063477e+00
4.295861959457397461e+00
4.455713987350463867e+00
4.359951972961425781e+00
4.965222120285034180e+00
5.011581182479858398e+00
4.942808866500854492e+00
3.625744104385375977e+00
4.420822143554687500e+00
4.583019971847534180e+00
3.802760839462280273e+00
5.067227125167846680e+00
4.371607065200805664e+00
4.136115074157714844e+00
4.680608034133911133e+00
4.617511272430419922e+00
5.099086284637451172e+00
4.491939783096313477e+00
4.035971164703369141e+00
4.533601999282836914e+00
3.971408843994140625e+00
4.170807123184204102e+00
4.550817966461181641e+00
4.191545724868774414e+00
4.207458019256591797e+00
3.265203952789306641e+00
4.681295156478881836e+00
4.827970027923583984e+00
3.150536060333251953e+00
4.082756996154785156e+00
3.193547964096069336e+00
4.805077791213989258e+00
3.191272974014282227e+00
5.329386949539184570e+00
4.824904918670654297e+00
3.844964981079101562e+00
5.059828996658325195e+00
2.813996076583862305e+00
2.560770034790039062e+00
4.143133878707885742e+00
3.773612737655639648e+00
4.904427051544189453e+00
4.054776906967163086e+00
5.883445978164672852e+00
4.248013973236083984e+00
4.505670309066772461e+00
3.268256902694702148e+00
3.406351804733276367e+00
6.243690013885498047e+00
5.164165973663330078e+00
5.048333168029785156e+00
5.356577873229980469e+00
4.584856033325195312e+00
4.787672042846679688e+00
4.312463760375976562e+00
5.166081905364990234e+00
4.223913908004760742e+00
4.471297740936279297e+00
4.683366060256958008e+00
4.742579936981201172e+00
4.528896093368530273e+00
4.133773088455200195e+00
5.792290925979614258e+00
4.520045042037963867e+00
4.419013023376464844e+00
4.205521821975708008e+00
4.831957101821899414e+00
4.772817134857177734e+00
5.460616111755371094e+00
4.903290033340454102e+00
4.199092149734497070e+00
3.866014003753662109e+00
4.986178159713745117e+00
3.899032115936279297e+00
5.653680324554443359e+00
5.083717107772827148e+00
4.300034999847412109e+00
5.484867811203002930e+00
3.936338901519775391e+00
4.010998964309692383e+00
4.755490064620971680e+00
5.188037872314453125e+00
4.130401134490966797e+00
4.430733919143676758e+00
4.555802822113037109e+00
4.405988931655883789e+00
4.966849088668823242e+00
5.605560064315795898e+00
4.627095937728881836e+00
5.689256906509399414e+00
6.555022954940795898e+00
4.526198863983154297e+00
5.744859933853149414e+00
5.660329103469848633e+00
3.657279014587402344e+00
4.805282115936279297e+00
4.989115953445434570e+00
6.130121946334838867e+00
4.184974908828735352e+00
3.445543050765991211e+00
4.480019092559814453e+00
3.905372858047485352e+00
5.168086051940917969e+00
5.284496307373046875e+00
4.600612163543701172e+00
2.740907192230224609e+00
7.255720853805541992e+00
5.756838321685791016e+00
3.393273830413818359e+00
6.764322996139526367e+00
4.169335842132568359e+00
3.812105178833007812e+00
5.851147890090942383e+00
5.589546918869018555e+00
6.219889879226684570e+00
4.158951282501220703e+00
6.171103000640869141e+00
5.415246963500976562e+00
6.221809148788452148e+00
5.953589200973510742e+00
5.943229198455810547e+00
6.385498046875000000e+00
4.992368936538696289e+00
3.793793916702270508e+00
5.640395164489746094e+00
6.152358055114746094e+00
5.087736129760742188e+00
6.403782129287719727e+00
6.041908979415893555e+00
6.506522178649902344e+00
4.352125883102416992e+00
4.905984878540039062e+00
6.048188924789428711e+00
6.103003263473510742e+00
4.658409118652343750e+00
5.325865983963012695e+00
4.863511085510253906e+00
4.515866994857788086e+00
6.458861827850341797e+00
3.909679174423217773e+00
6.106797218322753906e+00
5.821322917938232422e+00
5.844102859497070312e+00
4.714590072631835938e+00
3.956378221511840820e+00
4.496253967285156250e+00
4.792131900787353516e+00
5.692314147949218750e+00
4.090646028518676758e+00
5.585973978042602539e+00
6.045588970184326172e+00
6.228190898895263672e+00
6.223186016082763672e+00
6.454466104507446289e+00
4.800488233566284180e+00
5.483536005020141602e+00
7.042553186416625977e+00
5.345983982086181641e+00
5.211030006408691406e+00
5.453058004379272461e+00
4.080344915390014648e+00
6.738749027252197266e+00
7.053102016448974609e+00
3.242309808731079102e+00
4.777729034423828125e+00
5.233226060867309570e+00
5.475320100784301758e+00
6.272131919860839844e+00
6.168502092361450195e+00
6.556430816650390625e+00
5.020956039428710938e+00
4.322633028030395508e+00
3.935374975204467773e+00
5.026745080947875977e+00
5.413350105285644531e+00
4.486002922058105469e+00
4.790696859359741211e+00
4.423165321350097656e+00
3.414632081985473633e+00
3.954544782638549805e+00
3.532498836517333984e+00
4.490898847579956055e+00
4.317679166793823242e+00
4.094696998596191406e+00
4.445103168487548828e+00
4.256375074386596680e+00
3.408192157745361328e+00
5.172981977462768555e+00
4.224716901779174805e+00
4.346373796463012695e+00
4.118762016296386719e+00
4.627841949462890625e+00
5.284349918365478516e+00
5.313412189483642578e+00
4.735357046127319336e+00
4.529024839401245117e+00
3.694029092788696289e+00
4.570191860198974609e+00
4.383507013320922852e+00
5.196523904800415039e+00
4.327035903930664062e+00
4.209275245666503906e+00
4.332485914230346680e+00
3.800257205963134766e+00
4.549421072006225586e+00
7.781649351119995117e+00
5.820211887359619141e+00
4.528072118759155273e+00
4.585888862609863281e+00
4.640025138854980469e+00
7.028123855590820312e+00
4.517757892608642578e+00
4.458585977554321289e+00
4.856194019317626953e+00
6.767498016357421875e+00
4.294314861297607422e+00
4.667416095733642578e+00
6.621803045272827148e+00
4.015089988708496094e+00
7.291471004486083984e+00
5.036520004272460938e+00
7.059515953063964844e+00
3.794448137283325195e+00
4.784019231796264648e+00
3.871969699859619141e+00
4.903115034103393555e+00
4.958013057708740234e+00
4.909952878952026367e+00
4.437565803527832031e+00
3.915576934814453125e+00
4.440002202987670898e+00
5.901896953582763672e+00
5.826062202453613281e+00
3.057734966278076172e+00
4.548609018325805664e+00
6.684606075286865234e+00
4.231533050537109375e+00
4.871501922607421875e+00
4.298081874847412109e+00
2.815938711166381836e+00
5.895555257797241211e+00
2.843147993087768555e+00
6.608962774276733398e+00
9.272663116455078125e+00
4.187855005264282227e+00
4.460954904556274414e+00
3.345115900039672852e+00
3.659556150436401367e+00
3.711481094360351562e+00
4.842409849166870117e+00
4.781329870223999023e+00
3.315636157989501953e+00
4.941721916198730469e+00
3.324024915695190430e+00
5.306585788726806641e+00
9.010989904403686523e+00
6.744060993194580078e+00
3.780123233795166016e+00
4.982328891754150391e+00
3.577108860015869141e+00
4.777527809143066406e+00
5.046272039413452148e+00
3.596158981323242188e+00
4.866268873214721680e+00
3.400640964508056641e+00
4.615339040756225586e+00
5.192186117172241211e+00
3.733558893203735352e+00
3.335296154022216797e+00
3.551701068878173828e+00
5.908860206604003906e+00
3.601372003555297852e+00
3.712160825729370117e+00
7.861922979354858398e+00
3.509978055953979492e+00
4.765380144119262695e+00
4.416398048400878906e+00
3.611421108245849609e+00
3.834995985031127930e+00
3.913968086242675781e+00
3.996922969818115234e+00
4.793319225311279297e+00
2.911291837692260742e+00
4.322740793228149414e+00
3.350090980529785156e+00
6.236915349960327148e+00
3.508768081665039062e+00
3.425711154937744141e+00
6.357528209686279297e+00
3.604191064834594727e+00
4.003067016601562500e+00
2.757856130599975586e+00
6.131950855255126953e+00
4.025575876235961914e+00
3.894618988037109375e+00
6.461385011672973633e+00
3.324904918670654297e+00
3.899923801422119141e+00
3.836870193481445312e+00
5.878128767013549805e+00
6.144751071929931641e+00
4.249505996704101562e+00
3.850629806518554688e+00
3.832284927368164062e+00
3.720282793045043945e+00
5.420274019241333008e+00
3.621314048767089844e+00
3.821969985961914062e+00
4.707118749618530273e+00
5.979331016540527344e+00
3.126039028167724609e+00
3.845067977905273438e+00
5.298860073089599609e+00
8.700016260147094727e+00
3.106853961944580078e+00
5.471334934234619141e+00
6.460806846618652344e+00
5.139631986618041992e+00
5.579107999801635742e+00
4.880431652069091797e+00
4.111269235610961914e+00
5.501878976821899414e+00
4.473122119903564453e+00
4.926017999649047852e+00
6.580320119857788086e+00
5.522789001464843750e+00
6.276458024978637695e+00
3.897054910659790039e+00
3.194570064544677734e+00
4.125173091888427734e+00
2.729913234710693359e+00
4.073939085006713867e+00
4.200963973999023438e+00
4.483567714691162109e+00
3.596200942993164062e+00
3.090491056442260742e+00
5.530642032623291016e+00
3.050316095352172852e+00
4.488660097122192383e+00
4.307731866836547852e+00
4.016129970550537109e+00
2.722558259963989258e+00
4.561061143875122070e+00
4.060081958770751953e+00
4.380427837371826172e+00
5.476296901702880859e+00
5.424838066101074219e+00
2.870519161224365234e+00
4.058204889297485352e+00
3.600540876388549805e+00
3.491892099380493164e+00
3.534242153167724609e+00
3.460282802581787109e+00
3.241989850997924805e+00
2.742134809494018555e+00
3.161863803863525391e+00
4.614848613739013672e+00
2.832302093505859375e+00
3.594490289688110352e+00
3.022967100143432617e+00
3.676225185394287109e+00
3.080442905426025391e+00
3.876587867736816406e+00
3.376798152923583984e+00
2.469840049743652344e+00
8.558549165725708008e+00
8.069365262985229492e+00
3.063560009002685547e+00
3.414502143859863281e+00
4.302500009536743164e+00
4.320914268493652344e+00
3.315232992172241211e+00
3.875015020370483398e+00
4.331509828567504883e+00
3.940255880355834961e+00
4.018404006958007812e+00
3.742576837539672852e+00
6.024203062057495117e+00
3.472561120986938477e+00
3.576543807983398438e+00
3.458807706832885742e+00
3.031980037689208984e+00
3.554978132247924805e+00
3.605555295944213867e+00
7.366406202316284180e+00
3.759992122650146484e+00
3.081267833709716797e+00
3.351706743240356445e+00
3.681660890579223633e+00
2.712491035461425781e+00
3.033410787582397461e+00
6.245995998382568359e+00
2.940741062164306641e+00
2.989860773086547852e+00
4.347811937332153320e+00
6.683316946029663086e+00
3.397754192352294922e+00
2.728632688522338867e+00
4.168818950653076172e+00
5.278684377670288086e+00
4.431729316711425781e+00
4.235063076019287109e+00
3.525739908218383789e+00
3.476493120193481445e+00
3.366028070449829102e+00
3.305236101150512695e+00
4.537486076354980469e+00
4.312325239181518555e+00
4.290178775787353516e+00
3.670120954513549805e+00
4.003628015518188477e+00
4.211067914962768555e+00
3.642996788024902344e+00
3.683640956878662109e+00
3.738941192626953125e+00
3.457983016967773438e+00
3.404560089111328125e+00
3.826754093170166016e+00
3.578433990478515625e+00
3.860033988952636719e+00
3.787956953048706055e+00
3.356343984603881836e+00
4.208678960800170898e+00
5.093625783920288086e+00
4.251716136932373047e+00
4.400294303894042969e+00
4.583628177642822266e+00
4.452903985977172852e+00
3.441684961318969727e+00
4.279210805892944336e+00
4.246526002883911133e+00
5.171843051910400391e+00
3.343152046203613281e+00
5.129030942916870117e+00
3.334487915039062500e+00
2.935554265975952148e+00
3.585249185562133789e+00
4.390431165695190430e+00
4.303722143173217773e+00
6.101016044616699219e+00
4.029114961624145508e+00
4.622376203536987305e+00
4.017008066177368164e+00
4.485489845275878906e+00
3.481999158859252930e+00
4.528942108154296875e+00
5.752070903778076172e+00
5.040400981903076172e+00
5.208523035049438477e+00
3.687729358673095703e+00
5.731719970703125000e+00
5.137198686599731445e+00
3.643759250640869141e+00
5.948251247406005859e+00
5.260731935501098633e+00
4.986183166503906250e+00
3.580146789550781250e+00
4.901231765747070312e+00
4.899724960327148438e+00
5.779702186584472656e+00
5.210317134857177734e+00
5.181049823760986328e+00
5.327044963836669922e+00
5.399507284164428711e+00
3.768682003021240234e+00
5.572108030319213867e+00
4.639960050582885742e+00
5.127706766128540039e+00
3.767596006393432617e+00
5.724880933761596680e+00
3.936785221099853516e+00
5.457812070846557617e+00
5.893957138061523438e+00
4.928340911865234375e+00
5.068768978118896484e+00
5.556211948394775391e+00
4.095313072204589844e+00
4.092229127883911133e+00
5.777064800262451172e+00
5.911384105682373047e+00
5.154778003692626953e+00
6.049091815948486328e+00
5.975017070770263672e+00
3.926090240478515625e+00
6.039055109024047852e+00
3.982435703277587891e+00
4.184768199920654297e+00
5.939028978347778320e+00
6.097191810607910156e+00
6.170397996902465820e+00
4.074581146240234375e+00
5.802860021591186523e+00
3.998768806457519531e+00
6.246805906295776367e+00
5.493165969848632812e+00
4.703685045242309570e+00
4.065991878509521484e+00
3.892946004867553711e+00
4.330648899078369141e+00
3.278077840805053711e+00
3.759712934494018555e+00
3.639585971832275391e+00
3.669604778289794922e+00
3.931863784790039062e+00
4.536473989486694336e+00
5.473896980285644531e+00
5.028152942657470703e+00
5.310919046401977539e+00
5.400177955627441406e+00
3.709971904754638672e+00
4.184537887573242188e+00
3.745459318161010742e+00
4.149131059646606445e+00
3.778584003448486328e+00
4.600087642669677734e+00
4.133894920349121094e+00
4.160292148590087891e+00
6.376306772232055664e+00
3.776257038116455078e+00
6.004878044128417969e+00
5.090768098831176758e+00
4.559011220932006836e+00
4.316210746765136719e+00
4.103199005126953125e+00
3.884865999221801758e+00
4.380346775054931641e+00
4.135133028030395508e+00
5.811398267745971680e+00
4.821282148361206055e+00
4.140903949737548828e+00
4.808032035827636719e+00
4.088666915893554688e+00
4.545058965682983398e+00
4.925702095031738281e+00
3.814402103424072266e+00
4.920903205871582031e+00
4.576468944549560547e+00
4.552811145782470703e+00
3.609920024871826172e+00
4.561631917953491211e+00
4.608556985855102539e+00
3.916262865066528320e+00
4.890735149383544922e+00
4.876079082489013672e+00
4.259413003921508789e+00
4.599870920181274414e+00
5.137234926223754883e+00
3.637224912643432617e+00
4.209160089492797852e+00
4.289268255233764648e+00
3.912068128585815430e+00
6.504477024078369141e+00
3.965898990631103516e+00
3.596672058105468750e+00
4.700579166412353516e+00
4.246157884597778320e+00
4.722296953201293945e+00
3.991876840591430664e+00
5.223392009735107422e+00
4.051955938339233398e+00
5.339828014373779297e+00
4.918865919113159180e+00
3.681423664093017578e+00
4.761945962905883789e+00
5.025200843811035156e+00
5.188677787780761719e+00
5.448440074920654297e+00
4.803627014160156250e+00
5.169833898544311523e+00
4.613703966140747070e+00
4.299513101577758789e+00
4.949974060058593750e+00
5.305501937866210938e+00
4.646977186203002930e+00
4.881625890731811523e+00
3.895904064178466797e+00
6.086026191711425781e+00
5.355728864669799805e+00
4.485355138778686523e+00
4.838810205459594727e+00
4.184082984924316406e+00
4.928190231323242188e+00
4.036247014999389648e+00
4.789429903030395508e+00
4.948225021362304688e+00
4.117294073104858398e+00
5.283598899841308594e+00
4.687129974365234375e+00
4.452800989151000977e+00
4.654739856719970703e+00
4.437679052352905273e+00
4.618834257125854492e+00
5.410537958145141602e+00
3.919057846069335938e+00
5.493130922317504883e+00
6.055223703384399414e+00
7.502263069152832031e+00
4.753870725631713867e+00
5.510524034500122070e+00
4.247714042663574219e+00
2.992391109466552734e+00
6.278946876525878906e+00
6.245654821395874023e+00
5.242807865142822266e+00
4.954102039337158203e+00
5.694751977920532227e+00
4.556580781936645508e+00
5.290665864944458008e+00
4.901553153991699219e+00
5.029508113861083984e+00
3.358260869979858398e+00
6.063690900802612305e+00
4.518097877502441406e+00
4.085828781127929688e+00
4.343175888061523438e+00
5.720411777496337891e+00
7.203538179397583008e+00
4.760440111160278320e+00
4.867892980575561523e+00
6.037858724594116211e+00
5.186975002288818359e+00
5.125112056732177734e+00
4.786545991897583008e+00
3.843766212463378906e+00
5.258820056915283203e+00
3.430942773818969727e+00
3.548828840255737305e+00
5.699054002761840820e+00
5.103749036788940430e+00
4.773365020751953125e+00
4.613013982772827148e+00
6.340527057647705078e+00
4.738601207733154297e+00
6.606016874313354492e+00
5.001924276351928711e+00
5.739705085754394531e+00
5.485332012176513672e+00
3.893570661544799805e+00
3.106646776199340820e+00
4.509544849395751953e+00
5.786772966384887695e+00
3.335183143615722656e+00
3.279559850692749023e+00
3.548354148864746094e+00
5.550365924835205078e+00
3.475471019744873047e+00
5.060418128967285156e+00
3.650294780731201172e+00
5.314278125762939453e+00
3.883342027664184570e+00
4.210446119308471680e+00
3.363040208816528320e+00
5.363540172576904297e+00
4.264431238174438477e+00
4.283542156219482422e+00
6.588571071624755859e+00
3.561983108520507812e+00
5.924821138381958008e+00
4.198658704757690430e+00
4.851331949234008789e+00
4.298357963562011719e+00
4.246773958206176758e+00
3.447281837463378906e+00
4.201860189437866211e+00
4.213469982147216797e+00
3.467652082443237305e+00
3.669839143753051758e+00
4.180774927139282227e+00
4.340253114700317383e+00
5.519629955291748047e+00
5.395336151123046875e+00
8.182088851928710938e+00
6.004544973373413086e+00
6.835282802581787109e+00
3.787254095077514648e+00
4.109577894210815430e+00
3.529489040374755859e+00
3.865398168563842773e+00
4.184041261672973633e+00
4.017942905426025391e+00
3.887906074523925781e+00
3.896938085556030273e+00
6.023707151412963867e+00
6.285793781280517578e+00
4.334258794784545898e+00
4.048139095306396484e+00
4.347959041595458984e+00
4.228204727172851562e+00
4.422801017761230469e+00
4.475888967514038086e+00
6.169996023178100586e+00
4.075757026672363281e+00
4.098620891571044922e+00
4.195127248764038086e+00
5.945656061172485352e+00
4.114924192428588867e+00
4.098617076873779297e+00
4.858913660049438477e+00
4.555927038192749023e+00
4.671428203582763672e+00
4.429853916168212891e+00
3.865188121795654297e+00
4.640339374542236328e+00
4.471626043319702148e+00
7.347098112106323242e+00
4.488173007965087891e+00
3.500891923904418945e+00
2.935569763183593750e+00
4.105500936508178711e+00
4.883611202239990234e+00
3.420001029968261719e+00
4.726552963256835938e+00
7.901029825210571289e+00
4.577506065368652344e+00
3.344783067703247070e+00
4.658302783966064453e+00
3.663297891616821289e+00
3.484084129333496094e+00
5.532424926757812500e+00
3.638052225112915039e+00
3.153777122497558594e+00
2.976958990097045898e+00
4.089268922805786133e+00
3.783393859863281250e+00
4.258319139480590820e+00
3.904290199279785156e+00
3.729686021804809570e+00
7.784051179885864258e+00
4.419473886489868164e+00
4.535815000534057617e+00
5.043934822082519531e+00
5.038610219955444336e+00
5.082866191864013672e+00
4.492349863052368164e+00
4.052479982376098633e+00
3.824337959289550781e+00
3.867809057235717773e+00
5.244523048400878906e+00
3.207406044006347656e+00
4.663292884826660156e+00
4.248012065887451172e+00
6.280783891677856445e+00
5.361533164978027344e+00
4.471879959106445312e+00
4.651929855346679688e+00
4.585368156433105469e+00
5.208820104598999023e+00
6.311393022537231445e+00
4.428690195083618164e+00
4.937155246734619141e+00
4.581536054611206055e+00
4.795413970947265625e+00
4.819598913192749023e+00
4.717970848083496094e+00
5.115293979644775391e+00
5.311939001083374023e+00
7.762190103530883789e+00
6.052863121032714844e+00
4.660205125808715820e+00
4.744024038314819336e+00
4.441753149032592773e+00
4.846554040908813477e+00
4.711665153503417969e+00
4.495429277420043945e+00
4.899299860000610352e+00
4.805268049240112305e+00
4.821276903152465820e+00
4.833177089691162109e+00
5.367793083190917969e+00
5.322625160217285156e+00
6.142716884613037109e+00
4.760023117065429688e+00
6.272428989410400391e+00
5.454654216766357422e+00
6.269438982009887695e+00
4.743762969970703125e+00
7.565351009368896484e+00
7.569259166717529297e+00
4.184132099151611328e+00
6.021054029464721680e+00
8.898396015167236328e+00
5.456215143203735352e+00
3.737142086029052734e+00
5.683784008026123047e+00
5.149243116378784180e+00
6.348954916000366211e+00
5.764910936355590820e+00
9.028957843780517578e+00
5.939580917358398438e+00
5.824976205825805664e+00
6.987619161605834961e+00
5.239559173583984375e+00
6.897247076034545898e+00
6.925689697265625000e+00
5.854540824890136719e+00
5.347992181777954102e+00
7.019813299179077148e+00
5.241065979003906250e+00
5.316920995712280273e+00
5.261818170547485352e+00
2.992303848266601562e+00
4.229428052902221680e+00
5.785326719284057617e+00
6.033197164535522461e+00
6.538100957870483398e+00
6.707076072692871094e+00
4.057582855224609375e+00
5.257714033126831055e+00
8.056370973587036133e+00
3.380342006683349609e+00
3.432289123535156250e+00
4.331210851669311523e+00
5.495868921279907227e+00
5.921288967132568359e+00
4.573868989944458008e+00
3.160718679428100586e+00
3.386819839477539062e+00
3.091082811355590820e+00
6.646639823913574219e+00
4.865454196929931641e+00
3.373651027679443359e+00
4.560655117034912109e+00
3.251820087432861328e+00
3.426871061325073242e+00
4.621816158294677734e+00
4.582952022552490234e+00
4.508932828903198242e+00
4.648344993591308594e+00
2.995721817016601562e+00
3.013849973678588867e+00
6.082334041595458984e+00
4.533633947372436523e+00
3.504863977432250977e+00
4.598609209060668945e+00
3.652029037475585938e+00
5.871031045913696289e+00
4.649295091629028320e+00
4.348124742507934570e+00
3.359182119369506836e+00
3.509651899337768555e+00
3.644546031951904297e+00
3.598810911178588867e+00
5.788861274719238281e+00
5.241837978363037109e+00
5.588999986648559570e+00
5.784564971923828125e+00
5.590136051177978516e+00
5.217035055160522461e+00
7.048038721084594727e+00
4.856302261352539062e+00
5.518926858901977539e+00
5.622607707977294922e+00
4.035091876983642578e+00
4.228663921356201172e+00
4.790818691253662109e+00
5.819429159164428711e+00
6.066002845764160156e+00
6.421021938323974609e+00
8.751734972000122070e+00
4.063138008117675781e+00
4.390042066574096680e+00
3.625622034072875977e+00
5.206016778945922852e+00
4.651998043060302734e+00
5.219903230667114258e+00
6.981437921524047852e+00
5.488979101181030273e+00
5.869773149490356445e+00
3.941591262817382812e+00
5.562650203704833984e+00
4.453896999359130859e+00
5.902505874633789062e+00
3.351764917373657227e+00
4.829060077667236328e+00
4.984679937362670898e+00
3.975647926330566406e+00
5.051017045974731445e+00
4.931619644165039062e+00
5.971402883529663086e+00
5.738512992858886719e+00
4.949682950973510742e+00
5.833842992782592773e+00
5.860018014907836914e+00
5.773297309875488281e+00
5.596381902694702148e+00
5.882947206497192383e+00
5.420664072036743164e+00
5.479115009307861328e+00
5.191318988800048828e+00
4.053670883178710938e+00
6.737447023391723633e+00
6.058588981628417969e+00
5.192835807800292969e+00
5.730839729309082031e+00
5.591980695724487305e+00
4.418057918548583984e+00
4.325837850570678711e+00
5.666732072830200195e+00
4.500073909759521484e+00
5.477049827575683594e+00
5.176744937896728516e+00
5.594850063323974609e+00
5.708905935287475586e+00
4.513046026229858398e+00
4.502601146697998047e+00
4.712198019027709961e+00
5.022647142410278320e+00
2.250663995742797852e+00
4.132084846496582031e+00
5.698494911193847656e+00
3.719906806945800781e+00
4.937582015991210938e+00
3.394109010696411133e+00
2.775873899459838867e+00
5.023947000503540039e+00
5.208467006683349609e+00
4.528218030929565430e+00
3.351658105850219727e+00
5.072594165802001953e+00
5.617271661758422852e+00
5.737977027893066406e+00
5.063877105712890625e+00
2.700566053390502930e+00
4.263347864151000977e+00
4.748696088790893555e+00
4.714443683624267578e+00
4.892233848571777344e+00
6.723433971405029297e+00
2.967437028884887695e+00
3.804131984710693359e+00
3.047491073608398438e+00
4.406536817550659180e+00
3.563591957092285156e+00
5.420063018798828125e+00
3.093061208724975586e+00
4.765783786773681641e+00
5.629970788955688477e+00
5.938178062438964844e+00
5.256867885589599609e+00
5.027575016021728516e+00
3.426124095916748047e+00
3.770071744918823242e+00
5.818592786788940430e+00
4.835072040557861328e+00
5.302035808563232422e+00
5.993888854980468750e+00
5.944631814956665039e+00
6.232868194580078125e+00
5.109469890594482422e+00
5.376538038253784180e+00
6.061470031738281250e+00
5.697275161743164062e+00
5.780651092529296875e+00
5.404292821884155273e+00
5.249008178710937500e+00
3.905542135238647461e+00
3.740303039550781250e+00
3.832210779190063477e+00
5.794557809829711914e+00
6.497796773910522461e+00
6.342188119888305664e+00
6.530539035797119141e+00
4.906016111373901367e+00
4.210486888885498047e+00
4.610337972640991211e+00
6.101619005203247070e+00
4.636625051498413086e+00
8.290845870971679688e+00
5.007053136825561523e+00
6.101676225662231445e+00
5.357436180114746094e+00
4.379106998443603516e+00
6.248185873031616211e+00
4.374714136123657227e+00
6.712503910064697266e+00
4.692268848419189453e+00
4.766224861145019531e+00
6.635760068893432617e+00
5.025519847869873047e+00
4.759120941162109375e+00
4.987997055053710938e+00
4.217944860458374023e+00
5.847872972488403320e+00
5.852293968200683594e+00
6.111305952072143555e+00
4.115752935409545898e+00
3.001183032989501953e+00
6.153460979461669922e+00
4.991169929504394531e+00
4.594172954559326172e+00
5.066379070281982422e+00
7.255654811859130859e+00
5.503333330154418945e+00
5.315485000610351562e+00
5.799834012985229492e+00
4.558737039566040039e+00
4.876998901367187500e+00
4.781291007995605469e+00
6.243397951126098633e+00
7.083626031875610352e+00
5.387233972549438477e+00
4.670862913131713867e+00
5.369742631912231445e+00
5.767529964447021484e+00
6.616969823837280273e+00
6.421250104904174805e+00
6.114495992660522461e+00
5.516773939132690430e+00
4.608321905136108398e+00
4.778344869613647461e+00
3.317988157272338867e+00
5.014634847640991211e+00
6.229443073272705078e+00
6.622373342514038086e+00
5.217471122741699219e+00
4.956408023834228516e+00
6.698647975921630859e+00
5.635908126831054688e+00
4.170044898986816406e+00
4.552917003631591797e+00
5.973387002944946289e+00
5.138950109481811523e+00
4.428072929382324219e+00
4.471209049224853516e+00
4.463788986206054688e+00
5.397310972213745117e+00
5.141132831573486328e+00
4.459132909774780273e+00
4.031695842742919922e+00
7.099302053451538086e+00
5.810520172119140625e+00
4.747516870498657227e+00
5.671300888061523438e+00
6.581366062164306641e+00
4.663491010665893555e+00
4.036351919174194336e+00
5.022361040115356445e+00
3.718992233276367188e+00
4.548286914825439453e+00
5.679009914398193359e+00
5.739641904830932617e+00
5.136026144027709961e+00
4.811623811721801758e+00
5.091667175292968750e+00
4.680976867675781250e+00
3.691766023635864258e+00
4.073831796646118164e+00
4.054314851760864258e+00
5.371079921722412109e+00
4.609425067901611328e+00
6.883560895919799805e+00
5.478417873382568359e+00
6.631812095642089844e+00
4.027074098587036133e+00
5.861887931823730469e+00
4.185816049575805664e+00
3.737447977066040039e+00
3.353483200073242188e+00
5.925566911697387695e+00
5.180471181869506836e+00
5.450402021408081055e+00
5.255912780761718750e+00
7.092597007751464844e+00
6.027133941650390625e+00
4.328515052795410156e+00
5.249405860900878906e+00
5.610954046249389648e+00
4.224230766296386719e+00
4.370921850204467773e+00
4.410146951675415039e+00
5.650529861450195312e+00
4.221592903137207031e+00
3.511067152023315430e+00
5.798128843307495117e+00
5.615532875061035156e+00
4.415373802185058594e+00
4.218152046203613281e+00
6.213654041290283203e+00
5.821240186691284180e+00
3.873862028121948242e+00
5.677036046981811523e+00
5.256365060806274414e+00
4.664601087570190430e+00
4.339854001998901367e+00
4.746940851211547852e+00
6.000399827957153320e+00
4.783122777938842773e+00
4.784697055816650391e+00
5.427258014678955078e+00
4.757623672485351562e+00
4.668219804763793945e+00
3.292510986328125000e+00
4.632010936737060547e+00
3.191833019256591797e+00
3.047790050506591797e+00
3.575548887252807617e+00
4.924628973007202148e+00
4.335079908370971680e+00
3.147027015686035156e+00
4.995545864105224609e+00
5.051451206207275391e+00
4.999521255493164062e+00
5.123744010925292969e+00
5.203323841094970703e+00
5.129188060760498047e+00
4.071613073348999023e+00
3.230063199996948242e+00
5.613602876663208008e+00
4.754778861999511719e+00
5.131377935409545898e+00
5.213295221328735352e+00
5.231577157974243164e+00
5.862188100814819336e+00
5.258415937423706055e+00
5.180986881256103516e+00
5.095198869705200195e+00
5.178435087203979492e+00
3.789784908294677734e+00
5.326915979385375977e+00
5.026648044586181641e+00
5.856165170669555664e+00
7.151972055435180664e+00
5.342741966247558594e+00
7.254032850265502930e+00
6.866177082061767578e+00
4.469125986099243164e+00
4.311675071716308594e+00
4.815971136093139648e+00
5.472733974456787109e+00
5.986826896667480469e+00
5.259733200073242188e+00
4.746110916137695312e+00
3.476147890090942383e+00
3.783816099166870117e+00
4.666672229766845703e+00
5.179151058197021484e+00
5.330779790878295898e+00
3.440980911254882812e+00
4.307740926742553711e+00
3.578675985336303711e+00
5.630579948425292969e+00
6.271464109420776367e+00
5.331500053405761719e+00
5.818768739700317383e+00
8.551846027374267578e+00
5.904602289199829102e+00
2.625149250030517578e+00
6.630714893341064453e+00
2.540510892868041992e+00
2.615319967269897461e+00
5.918493986129760742e+00
6.320415973663330078e+00
6.332697868347167969e+00
3.898607730865478516e+00
4.171203136444091797e+00
3.514226198196411133e+00
4.055577039718627930e+00
3.696727037429809570e+00
3.820273876190185547e+00
7.228950977325439453e+00
6.030582904815673828e+00
4.568511962890625000e+00
4.293483734130859375e+00
5.105381965637207031e+00
3.242206811904907227e+00
3.245881080627441406e+00
6.090198993682861328e+00
6.109764814376831055e+00
4.004129886627197266e+00
3.884532928466796875e+00
4.041872024536132812e+00
4.314495086669921875e+00
3.558320283889770508e+00
3.256368875503540039e+00
3.223069906234741211e+00
3.930228233337402344e+00
2.911848068237304688e+00
5.760814905166625977e+00
4.302867889404296875e+00
3.491067171096801758e+00
3.095241069793701172e+00
3.018327951431274414e+00
6.596348762512207031e+00
4.042120933532714844e+00
4.118095159530639648e+00
4.926650285720825195e+00
7.965142011642456055e+00
6.376714944839477539e+00
4.131039142608642578e+00
4.230855226516723633e+00
3.267942190170288086e+00
3.592385768890380859e+00
4.064300775527954102e+00
5.124861955642700195e+00
5.836189270019531250e+00
4.616148948669433594e+00
3.354667186737060547e+00
3.704182863235473633e+00
3.698367118835449219e+00
4.465698957443237305e+00
3.355151176452636719e+00
3.402054786682128906e+00
3.085886955261230469e+00
3.979131221771240234e+00
3.629148006439208984e+00
3.310647010803222656e+00
3.520416736602783203e+00
3.628121137619018555e+00
3.768326759338378906e+00
3.693186998367309570e+00
3.703301906585693359e+00
3.851694822311401367e+00
3.964339971542358398e+00
3.753741979598999023e+00
5.451779127120971680e+00
4.156162023544311523e+00
5.163570880889892578e+00
4.395968675613403320e+00
4.394783020019531250e+00
3.222708940505981445e+00
3.932137966156005859e+00
5.092720031738281250e+00
3.650840044021606445e+00
5.238452911376953125e+00
4.063059806823730469e+00
4.448951959609985352e+00
4.938688993453979492e+00
5.168185234069824219e+00
5.031986951828002930e+00
5.458203792572021484e+00
4.864603042602539062e+00
4.110368967056274414e+00
4.645854949951171875e+00
3.831117153167724609e+00
5.329658746719360352e+00
3.747153997421264648e+00
5.703502893447875977e+00
4.110785722732543945e+00
3.373483180999755859e+00
5.114276170730590820e+00
5.442657947540283203e+00
5.494801044464111328e+00
6.363126993179321289e+00
4.526063203811645508e+00
5.667925119400024414e+00
4.802154064178466797e+00
5.660706043243408203e+00
6.864560127258300781e+00
2.807847023010253906e+00
4.681910753250122070e+00
4.619879007339477539e+00
6.635255098342895508e+00
4.171805858612060547e+00
4.553729057312011719e+00
5.389914989471435547e+00
5.877590179443359375e+00
3.840472936630249023e+00
6.896607160568237305e+00
3.205988168716430664e+00
5.617763042449951172e+00
3.735997200012207031e+00
5.912447929382324219e+00
6.344433784484863281e+00
6.213384389877319336e+00
6.347896814346313477e+00
4.602416038513183594e+00
5.636301040649414062e+00
3.845160245895385742e+00
5.914975881576538086e+00
6.196162223815917969e+00
6.249467134475708008e+00
6.107090950012207031e+00
6.084525108337402344e+00
5.978369951248168945e+00
4.212871313095092773e+00
5.166305065155029297e+00
5.801344156265258789e+00
6.476583242416381836e+00
5.836949825286865234e+00
6.073185920715332031e+00
5.786817073822021484e+00
6.119863033294677734e+00
4.645232915878295898e+00
3.587631702423095703e+00
5.762989044189453125e+00
4.797069072723388672e+00
6.389420747756958008e+00
4.275687932968139648e+00
5.821535825729370117e+00
2.977886915206909180e+00
7.185126066207885742e+00
3.448828220367431641e+00
4.737085342407226562e+00
4.367524862289428711e+00
4.821378946304321289e+00
6.783368110656738281e+00
6.380573749542236328e+00
3.678503990173339844e+00
5.428390264511108398e+00
6.557059049606323242e+00
6.417210102081298828e+00
7.325644016265869141e+00
6.849420785903930664e+00
6.184810876846313477e+00
5.877762079238891602e+00
6.229229211807250977e+00
6.955166101455688477e+00
6.272726058959960938e+00
3.739663839340209961e+00
5.120506286621093750e+00
4.584647178649902344e+00
5.617855072021484375e+00
5.120280027389526367e+00
5.685338020324707031e+00
4.053607940673828125e+00
5.524718999862670898e+00
4.951307058334350586e+00
4.077965974807739258e+00
6.379592895507812500e+00
6.392164945602416992e+00
3.551898002624511719e+00
4.230925798416137695e+00
4.036709308624267578e+00
6.708268165588378906e+00
5.447833776473999023e+00
4.973253965377807617e+00
5.746843814849853516e+00
3.874623060226440430e+00
6.785141229629516602e+00
5.120213031768798828e+00
6.676424980163574219e+00
4.414535999298095703e+00
5.719429731369018555e+00
5.616546154022216797e+00
6.570752859115600586e+00
6.247476100921630859e+00
4.561444044113159180e+00
6.862601995468139648e+00
4.511039018630981445e+00
4.147922039031982422e+00
3.233760118484497070e+00
5.698394775390625000e+00
4.876332044601440430e+00
5.305616140365600586e+00
7.138349771499633789e+00
4.263781070709228516e+00
3.946895122528076172e+00
5.830211162567138672e+00
5.443776130676269531e+00
4.877087831497192383e+00
3.201233148574829102e+00
2.874780893325805664e+00
7.143293142318725586e+00
4.942802906036376953e+00
3.886177778244018555e+00
4.974410295486450195e+00
6.576847791671752930e+00
3.724672079086303711e+00
5.003354787826538086e+00
3.585897922515869141e+00
5.008548736572265625e+00
6.944084882736206055e+00
5.217927932739257812e+00
5.127722024917602539e+00
4.710803031921386719e+00
4.598349809646606445e+00
4.761449098587036133e+00
7.604069709777832031e+00
5.807292222976684570e+00
5.747644186019897461e+00
6.436581850051879883e+00
5.226624965667724609e+00
7.390410184860229492e+00
5.488423347473144531e+00
6.691313982009887695e+00
7.420061826705932617e+00
7.044881105422973633e+00
4.499934911727905273e+00
6.601329326629638672e+00
7.686215162277221680e+00
4.500845193862915039e+00
6.627286195755004883e+00
6.791899204254150391e+00
7.082980155944824219e+00
5.368677139282226562e+00
7.862219095230102539e+00
7.532509803771972656e+00
6.940090894699096680e+00
5.537878990173339844e+00
7.558552980422973633e+00
7.638048171997070312e+00
4.980375051498413086e+00
5.414283037185668945e+00
6.420866966247558594e+00
6.731454849243164062e+00
7.871440887451171875e+00
6.770926952362060547e+00
6.633288860321044922e+00
7.805526018142700195e+00
7.027391910552978516e+00
5.846412181854248047e+00
8.056022644042968750e+00
6.401061058044433594e+00
7.935796022415161133e+00
7.470036983489990234e+00
7.907591104507446289e+00
7.378787040710449219e+00
8.278919935226440430e+00
5.913731813430786133e+00
5.381456136703491211e+00
5.022644042968750000e+00
6.662817955017089844e+00
8.171875000000000000e+00
7.429761171340942383e+00
7.918778896331787109e+00
8.249646902084350586e+00
8.487735033035278320e+00
6.341169118881225586e+00
6.748724937438964844e+00
5.287199974060058594e+00
5.678264856338500977e+00
3.485306978225708008e+00
8.198434114456176758e+00
3.615221977233886719e+00
5.758733987808227539e+00
3.852875947952270508e+00
3.183497905731201172e+00
4.599812269210815430e+00
5.838624000549316406e+00
3.647916078567504883e+00
5.856769800186157227e+00
8.767219066619873047e+00
7.139683961868286133e+00
5.879553794860839844e+00
8.776276111602783203e+00
4.021357059478759766e+00
5.925643920898437500e+00
3.449728012084960938e+00
6.480302810668945312e+00
5.949167966842651367e+00
4.270291090011596680e+00
3.785128831863403320e+00
4.017638921737670898e+00
4.273803949356079102e+00
6.012096881866455078e+00
4.074594020843505859e+00
6.507376194000244141e+00
4.218589067459106445e+00
3.383409976959228516e+00
3.966665983200073242e+00
5.848862886428833008e+00
3.531109809875488281e+00
4.033133029937744141e+00
6.324093103408813477e+00
3.781169176101684570e+00
4.580766201019287109e+00
3.566086053848266602e+00
3.567156314849853516e+00
3.838033199310302734e+00
4.547358989715576172e+00
3.690299987792968750e+00
3.753431797027587891e+00
3.739308118820190430e+00
4.696396112442016602e+00
4.759133815765380859e+00
4.787299156188964844e+00
4.069470167160034180e+00
3.633565902709960938e+00
4.088730096817016602e+00
3.717677116394042969e+00
3.741888046264648438e+00
4.063970804214477539e+00
4.114993095397949219e+00
4.658523082733154297e+00
4.443435907363891602e+00
4.919803142547607422e+00
4.686889886856079102e+00
3.684261798858642578e+00
4.067235946655273438e+00
4.345716238021850586e+00
4.867486238479614258e+00
4.001349925994873047e+00
4.235276937484741211e+00
3.693109035491943359e+00
4.379783153533935547e+00
4.920642137527465820e+00
6.281205654144287109e+00
4.286145687103271484e+00
3.572726011276245117e+00
3.564639091491699219e+00
3.802213191986083984e+00
4.501216888427734375e+00
3.446094989776611328e+00
4.819432020187377930e+00
3.201482057571411133e+00
3.652009010314941406e+00
4.701751947402954102e+00
4.519937038421630859e+00
4.342869997024536133e+00
3.031135082244873047e+00
4.703722000122070312e+00
4.704586029052734375e+00
4.399998188018798828e+00
4.337693929672241211e+00
4.345537185668945312e+00
3.489005804061889648e+00
4.033246994018554688e+00
4.408388853073120117e+00
7.861359119415283203e+00
4.027592182159423828e+00
4.843576908111572266e+00
3.937446832656860352e+00
4.769505023956298828e+00
3.397503852844238281e+00
4.651135921478271484e+00
4.596977949142456055e+00
4.431469202041625977e+00
4.858466148376464844e+00
4.055690050125122070e+00
3.133963108062744141e+00
2.873624086380004883e+00
2.993616819381713867e+00
4.738204002380371094e+00
2.851248264312744141e+00
3.803900957107543945e+00
4.521657943725585938e+00
4.324229717254638672e+00
3.225915193557739258e+00
4.146428108215332031e+00
3.198811054229736328e+00
3.153198957443237305e+00
4.782389163970947266e+00
5.116165876388549805e+00
5.315971136093139648e+00
5.141669988632202148e+00
3.137310028076171875e+00
4.051631927490234375e+00
3.248588085174560547e+00
3.137547016143798828e+00
5.300333976745605469e+00
4.771870374679565430e+00
3.926965951919555664e+00
5.096430778503417969e+00
4.197267055511474609e+00
5.568509817123413086e+00
5.226422071456909180e+00
4.480471849441528320e+00
4.370295047760009766e+00
4.968714952468872070e+00
3.460655212402343750e+00
4.521919965744018555e+00
4.134493112564086914e+00
3.819636106491088867e+00
5.372908115386962891e+00
4.216472864151000977e+00
7.744464159011840820e+00
4.729878187179565430e+00
4.265046119689941406e+00
5.510105848312377930e+00
5.736804008483886719e+00
6.034364938735961914e+00
4.489362239837646484e+00
4.667095184326171875e+00
5.518969058990478516e+00
2.676007747650146484e+00
1.148624897003173828e+01
4.558815956115722656e+00
4.053987741470336914e+00
3.156661987304687500e+00
3.896620750427246094e+00
4.609416961669921875e+00
3.304574012756347656e+00
5.667817831039428711e+00
4.894469976425170898e+00
6.350894212722778320e+00
5.027458906173706055e+00
3.755541086196899414e+00
3.223432064056396484e+00
5.506308078765869141e+00
5.173029899597167969e+00
5.248544692993164062e+00
4.507909059524536133e+00
4.219210863113403320e+00
3.593782901763916016e+00
5.025083303451538086e+00
3.906495094299316406e+00
4.951137065887451172e+00
4.851969003677368164e+00
4.882661819458007812e+00
4.631852149963378906e+00
5.791939020156860352e+00
4.837062120437622070e+00
6.439388036727905273e+00
4.240969896316528320e+00
6.381209850311279297e+00
3.781580924987792969e+00
6.197149038314819336e+00
4.567703008651733398e+00
6.789741277694702148e+00
4.890887260437011719e+00
4.368330955505371094e+00
4.490024089813232422e+00
5.003110885620117188e+00
4.256472826004028320e+00
4.463992118835449219e+00
4.219751834869384766e+00
5.209671974182128906e+00
4.140856981277465820e+00
5.011260747909545898e+00
4.694020986557006836e+00
5.070981264114379883e+00
4.315481901168823242e+00
4.632127046585083008e+00
5.215112924575805664e+00
6.036562204360961914e+00
5.162538051605224609e+00
3.340752124786376953e+00
4.417690038681030273e+00
6.404577016830444336e+00
5.004901170730590820e+00
4.565834999084472656e+00
5.465826034545898438e+00
5.857403993606567383e+00
3.715431928634643555e+00
6.709948301315307617e+00
4.355171918869018555e+00
3.562107086181640625e+00
4.367860078811645508e+00
8.029475212097167969e+00
2.903627872467041016e+00
3.738489151000976562e+00
3.927037954330444336e+00
2.862945079803466797e+00
4.282337665557861328e+00
5.617713212966918945e+00
4.423580884933471680e+00
3.782428741455078125e+00
6.858063220977783203e+00
5.005775928497314453e+00
5.743946075439453125e+00
3.769811868667602539e+00
4.816666126251220703e+00
6.098894834518432617e+00
4.607306957244873047e+00
4.463223934173583984e+00
5.165825128555297852e+00
4.504637956619262695e+00
4.037060976028442383e+00
4.105971813201904297e+00
3.640936136245727539e+00
4.648303985595703125e+00
5.850790262222290039e+00
6.346559047698974609e+00
5.414787769317626953e+00
3.792826175689697266e+00
4.102573871612548828e+00
5.021068811416625977e+00
4.158182859420776367e+00
4.236355066299438477e+00
6.471384048461914062e+00
5.993461847305297852e+00
3.854499816894531250e+00
4.116372823715209961e+00
4.718671083450317383e+00
4.143348932266235352e+00
4.639177322387695312e+00
4.821569919586181641e+00
5.181324005126953125e+00
4.249806880950927734e+00
4.727725028991699219e+00
7.973571062088012695e+00
4.831233024597167969e+00
4.275340080261230469e+00
6.954485416412353516e+00
5.533802032470703125e+00
6.221182107925415039e+00
4.047720909118652344e+00
6.695199966430664062e+00
3.698780775070190430e+00
3.148400068283081055e+00
4.702399015426635742e+00
4.427287101745605469e+00
4.283749818801879883e+00
6.209381103515625000e+00
3.486207008361816406e+00
4.388078212738037109e+00
6.380070924758911133e+00
5.402608871459960938e+00
3.773672819137573242e+00
7.024034976959228516e+00
3.847121953964233398e+00
5.625877141952514648e+00
3.478967189788818359e+00
4.852849960327148438e+00
3.798947811126708984e+00
4.803101062774658203e+00
3.277160882949829102e+00
3.238101959228515625e+00
6.619626045227050781e+00
4.028075695037841797e+00
3.233219861984252930e+00
3.588389873504638672e+00
3.663778066635131836e+00
4.957895040512084961e+00
5.698673963546752930e+00
4.133736133575439453e+00
4.670654296875000000e+00
3.341764926910400391e+00
5.928835153579711914e+00
4.101910114288330078e+00
5.760816812515258789e+00
7.443041801452636719e+00
6.777721166610717773e+00
5.128835916519165039e+00
3.141488790512084961e+00
4.336440801620483398e+00
5.512896060943603516e+00
3.243259191513061523e+00
3.693046092987060547e+00
3.541795730590820312e+00
4.691999197006225586e+00
4.975346088409423828e+00
3.451133966445922852e+00
3.720196008682250977e+00
7.335895061492919922e+00
5.044728040695190430e+00
4.543305873870849609e+00
4.463010072708129883e+00
4.745856046676635742e+00
6.348335027694702148e+00
4.341164112091064453e+00
5.579344749450683594e+00
4.719719886779785156e+00
3.187788963317871094e+00
4.344253063201904297e+00
5.247863769531250000e+00
6.257989168167114258e+00
3.779621124267578125e+00
4.344985961914062500e+00
3.495064020156860352e+00
4.792160987854003906e+00
4.753823995590209961e+00
5.622214794158935547e+00
7.575381994247436523e+00
5.227114915847778320e+00
7.058537960052490234e+00
3.745505094528198242e+00
4.722523212432861328e+00
4.963534116744995117e+00
3.774452209472656250e+00
4.252566099166870117e+00
4.317005634307861328e+00
4.902794122695922852e+00
4.949405193328857422e+00
3.469285964965820312e+00
3.933180093765258789e+00
4.366462230682373047e+00
4.241127014160156250e+00
4.615934848785400391e+00
5.446391105651855469e+00
3.919456958770751953e+00
5.428458929061889648e+00
4.672590732574462891e+00
4.855222940444946289e+00
5.655575037002563477e+00
3.600846052169799805e+00
3.844880819320678711e+00
5.713819265365600586e+00
5.139919757843017578e+00
3.968558073043823242e+00
4.849258899688720703e+00
3.566244125366210938e+00
5.660527944564819336e+00
5.088207960128784180e+00
4.601789236068725586e+00
5.219227075576782227e+00
5.105293035507202148e+00
5.090228080749511719e+00
5.088988304138183594e+00
5.641265153884887695e+00
5.732096910476684570e+00
5.213756084442138672e+00
2.583467960357666016e+00
5.410635948181152344e+00
3.592897176742553711e+00
4.673815965652465820e+00
3.277353048324584961e+00
3.409125804901123047e+00
3.207577228546142578e+00
5.257493972778320312e+00
4.832860946655273438e+00
4.669173955917358398e+00
3.120102167129516602e+00
3.985437154769897461e+00
3.279764890670776367e+00
3.585412025451660156e+00
5.459138870239257812e+00
4.018975973129272461e+00
3.331619024276733398e+00
3.635301828384399414e+00
3.459682226181030273e+00
3.822046995162963867e+00
5.676944017410278320e+00
5.486391067504882812e+00
4.167831897735595703e+00
4.013079166412353516e+00
3.020974159240722656e+00
2.989820957183837891e+00
4.696141719818115234e+00
3.532869815826416016e+00
3.790027856826782227e+00
3.859301090240478516e+00
3.577080965042114258e+00
3.995867013931274414e+00
5.365000963211059570e+00
3.706634044647216797e+00
3.744676113128662109e+00
4.156906843185424805e+00
5.260700941085815430e+00
3.235219955444335938e+00
4.146449089050292969e+00
3.108038187026977539e+00
3.846087217330932617e+00
4.232656955718994141e+00
4.021170854568481445e+00
4.056383132934570312e+00
4.572434902191162109e+00
4.262955904006958008e+00
6.032643079757690430e+00
3.434217929840087891e+00
4.213166952133178711e+00
4.748368978500366211e+00
3.882204771041870117e+00
3.534812211990356445e+00
2.958542108535766602e+00
3.887958765029907227e+00
3.475541114807128906e+00
4.023610830307006836e+00
4.377443075180053711e+00
4.194723129272460938e+00
4.021679878234863281e+00
4.214847326278686523e+00
4.469248056411743164e+00
2.835322141647338867e+00
3.732414007186889648e+00
4.632109880447387695e+00
4.588340044021606445e+00
4.752723932266235352e+00
4.329114198684692383e+00
3.233515977859497070e+00
4.310124158859252930e+00
4.237921953201293945e+00
3.045689105987548828e+00
4.554447650909423828e+00
4.724976778030395508e+00
4.934484958648681641e+00
3.478560924530029297e+00
3.559485912322998047e+00
3.876057863235473633e+00
4.555251121520996094e+00
4.537485837936401367e+00
5.134181976318359375e+00
4.107564926147460938e+00
4.842557907104492188e+00
4.782398939132690430e+00
4.264327049255371094e+00
4.130257844924926758e+00
4.369938135147094727e+00
3.610753059387207031e+00
3.262737274169921875e+00
4.971690893173217773e+00
4.379691123962402344e+00
4.294177055358886719e+00
2.766589879989624023e+00
3.606607198715209961e+00
3.691414117813110352e+00
4.931629180908203125e+00
5.404444217681884766e+00
3.603170156478881836e+00
4.920119047164916992e+00
3.653917789459228516e+00
4.264740943908691406e+00
4.874938964843750000e+00
4.665491819381713867e+00
3.600413084030151367e+00
2.590700149536132812e+00
4.665387153625488281e+00
4.389885187149047852e+00
4.319281101226806641e+00
4.012135982513427734e+00
2.965111017227172852e+00
4.552125215530395508e+00
4.905412197113037109e+00
3.297616958618164062e+00
5.847565174102783203e+00
4.502735137939453125e+00
5.008017063140869141e+00
2.642105817794799805e+00
3.696923971176147461e+00
4.681849002838134766e+00
5.420100212097167969e+00
4.001970767974853516e+00
6.030416250228881836e+00
5.293709039688110352e+00
4.595862627029418945e+00
4.869462966918945312e+00
5.235905885696411133e+00
4.953339099884033203e+00
5.282038927078247070e+00
3.145027160644531250e+00
5.813097000122070312e+00
4.499343872070312500e+00
5.372445106506347656e+00
4.557144880294799805e+00
4.627723932266235352e+00
4.587785005569458008e+00
4.689097881317138672e+00
4.631223917007446289e+00
4.609051704406738281e+00
6.160344839096069336e+00
5.962924003601074219e+00
5.343958139419555664e+00
3.348618030548095703e+00
4.584846973419189453e+00
4.819850921630859375e+00
3.263283014297485352e+00
6.578995943069458008e+00
3.426755905151367188e+00
5.215528964996337891e+00
5.001686096191406250e+00
3.325886964797973633e+00
5.960363864898681641e+00
5.992469072341918945e+00
4.802624940872192383e+00
5.302848100662231445e+00
6.650896310806274414e+00
5.297734260559082031e+00
5.251721382141113281e+00
5.087143898010253906e+00
4.305699825286865234e+00
3.712342739105224609e+00
3.879464149475097656e+00
3.718805789947509766e+00
3.694332838058471680e+00
5.430063962936401367e+00
3.855755805969238281e+00
3.661274194717407227e+00
3.676935911178588867e+00
3.781244754791259766e+00
3.889253854751586914e+00
5.310869932174682617e+00
3.937235832214355469e+00
4.383299112319946289e+00
5.107021808624267578e+00
5.625442981719970703e+00
5.161450147628784180e+00
2.965609073638916016e+00
3.833312988281250000e+00
5.292012214660644531e+00
3.199728250503540039e+00
3.902806043624877930e+00
5.296063899993896484e+00
4.094753026962280273e+00
5.080581903457641602e+00
3.976732254028320312e+00
4.970896959304809570e+00
5.554562091827392578e+00
4.707540988922119141e+00
3.868195056915283203e+00
4.028949022293090820e+00
4.774526119232177734e+00
3.417212009429931641e+00
4.062352895736694336e+00
5.407423019409179688e+00
4.366796731948852539e+00
4.258425235748291016e+00
4.014166116714477539e+00
3.868240118026733398e+00
4.197028875350952148e+00
3.736675024032592773e+00
4.469550132751464844e+00
3.192823171615600586e+00
3.337299108505249023e+00
4.411216020584106445e+00
3.397628784179687500e+00
4.526788711547851562e+00
3.194215059280395508e+00
3.975875616073608398e+00
4.476140022277832031e+00
4.258044242858886719e+00
3.543982744216918945e+00
4.694074153900146484e+00
3.821927070617675781e+00
4.717535972595214844e+00
4.435013055801391602e+00
5.599745988845825195e+00
4.377581834793090820e+00
4.708230972290039062e+00
3.957927942276000977e+00
4.193668127059936523e+00
4.593755006790161133e+00
4.919481039047241211e+00
4.692752122879028320e+00
4.753070831298828125e+00
4.717521905899047852e+00
4.935518980026245117e+00
4.725587844848632812e+00
4.183776855468750000e+00
4.117211103439331055e+00
3.377936124801635742e+00
5.999056100845336914e+00
3.643581867218017578e+00
4.902755737304687500e+00
3.720779895782470703e+00
3.621838092803955078e+00
8.174671173095703125e+00
6.403915643692016602e+00
3.421854972839355469e+00
4.193246841430664062e+00
4.564682006835937500e+00
4.580542087554931641e+00
3.645220994949340820e+00
3.779878854751586914e+00
5.114450931549072266e+00
3.886559963226318359e+00
5.115922927856445312e+00
5.516389131546020508e+00
4.470771074295043945e+00
4.446982860565185547e+00
6.195102214813232422e+00
3.336149930953979492e+00
3.475365877151489258e+00
4.931949138641357422e+00
4.585303068161010742e+00
3.762420892715454102e+00
3.558340787887573242e+00
3.773776769638061523e+00
4.807018280029296875e+00
4.851233959197998047e+00
5.459255218505859375e+00
5.206314802169799805e+00
3.083939075469970703e+00
5.604718923568725586e+00
4.748350858688354492e+00
8.581001996994018555e+00
4.595864057540893555e+00
4.905894041061401367e+00
4.592849254608154297e+00
4.413133859634399414e+00
3.525980949401855469e+00
3.431103944778442383e+00
4.139859914779663086e+00
3.927800178527832031e+00
5.115778923034667969e+00
3.959887266159057617e+00
3.487353801727294922e+00
4.186977148056030273e+00
5.367175102233886719e+00
2.780098199844360352e+00
4.975123882293701172e+00
4.623002052307128906e+00
4.131556034088134766e+00
5.601209163665771484e+00
5.388406038284301758e+00
4.189402103424072266e+00
3.988235950469970703e+00
3.438950061798095703e+00
4.250218152999877930e+00
4.739427089691162109e+00
4.124878883361816406e+00
3.225466012954711914e+00
4.859146118164062500e+00
5.116385698318481445e+00
3.199683904647827148e+00
4.098522186279296875e+00
5.735123872756958008e+00
5.453324079513549805e+00
4.452001094818115234e+00
4.101389884948730469e+00
5.834568977355957031e+00
5.511963129043579102e+00
3.959972858428955078e+00
6.449273109436035156e+00
4.248391866683959961e+00
4.342504978179931641e+00
4.262525081634521484e+00
4.323179960250854492e+00
4.493582248687744141e+00
3.770548105239868164e+00
4.423374176025390625e+00
4.809834957122802734e+00
2.990254640579223633e+00
3.687566041946411133e+00
5.266616106033325195e+00
4.624107122421264648e+00
4.125339746475219727e+00
3.801300048828125000e+00
5.258867979049682617e+00
4.697371959686279297e+00
3.847411155700683594e+00
5.553719997406005859e+00
3.915138006210327148e+00
5.591600894927978516e+00
3.292164802551269531e+00
4.504786014556884766e+00
3.228524923324584961e+00
3.957905769348144531e+00
5.075196981430053711e+00
4.622542142868041992e+00
5.667627096176147461e+00
4.862374782562255859e+00
3.909318208694458008e+00
4.168005228042602539e+00
5.217693090438842773e+00
3.335797071456909180e+00
4.136311054229736328e+00
3.964470863342285156e+00
3.128241777420043945e+00
3.237147092819213867e+00
5.438468933105468750e+00
4.124547243118286133e+00
4.146599054336547852e+00
5.040256023406982422e+00
5.055826187133789062e+00
4.666466951370239258e+00
5.122128009796142578e+00
3.616702795028686523e+00
4.948155164718627930e+00
3.335818290710449219e+00
3.743963003158569336e+00
4.655566930770874023e+00
4.000547885894775391e+00
4.756513118743896484e+00
4.771095991134643555e+00
3.284193038940429688e+00
4.288358926773071289e+00
3.670587062835693359e+00
4.176578044891357422e+00
5.668438673019409180e+00
3.460892915725708008e+00
2.975733041763305664e+00
3.740029811859130859e+00
4.226993083953857422e+00
5.319175243377685547e+00
3.663545131683349609e+00
3.985917806625366211e+00
3.392928838729858398e+00
3.465960025787353516e+00
3.459560871124267578e+00
4.099923133850097656e+00
5.436025142669677734e+00
3.502733230590820312e+00
4.086219072341918945e+00
3.673754692077636719e+00
3.938755035400390625e+00
4.750556230545043945e+00
2.537391185760498047e+00
4.655999898910522461e+00
4.710432052612304688e+00
3.150741100311279297e+00
5.205380916595458984e+00
4.112759113311767578e+00
3.360770702362060547e+00
3.429017066955566406e+00
3.541611909866333008e+00
2.918037891387939453e+00
4.005310058593750000e+00
3.795735120773315430e+00
4.832301139831542969e+00
3.472745180130004883e+00
2.997759819030761719e+00
3.643063068389892578e+00
4.499300003051757812e+00
3.674012184143066406e+00
4.405574321746826172e+00
3.144329071044921875e+00
3.325067043304443359e+00
3.255537271499633789e+00
4.110148668289184570e+00
3.580213069915771484e+00
3.865816831588745117e+00
4.767760992050170898e+00
4.416203022003173828e+00
3.054788112640380859e+00
3.915848016738891602e+00
3.032948255538940430e+00
3.454115867614746094e+00
4.687019109725952148e+00
4.272610902786254883e+00
4.042593955993652344e+00
4.837637901306152344e+00
4.612852334976196289e+00
4.112604141235351562e+00
4.999974966049194336e+00
4.034997940063476562e+00
5.548942804336547852e+00
5.058035850524902344e+00
4.785429000854492188e+00
3.162234783172607422e+00
4.099660158157348633e+00
4.476803064346313477e+00
3.339375972747802734e+00
3.882139921188354492e+00
4.673260927200317383e+00
4.954751968383789062e+00
4.298318147659301758e+00
4.816902875900268555e+00
3.956860303878784180e+00
4.870810747146606445e+00
4.513648271560668945e+00
3.479045152664184570e+00
3.516858816146850586e+00
4.529632091522216797e+00
4.640985727310180664e+00
4.763181924819946289e+00
4.254544734954833984e+00
4.416115760803222656e+00
2.971747159957885742e+00
5.231889009475708008e+00
4.400825262069702148e+00
3.041842222213745117e+00
3.992064952850341797e+00
4.554808139801025391e+00
5.348153114318847656e+00
5.467259883880615234e+00
4.544548988342285156e+00
3.381479978561401367e+00
5.471505880355834961e+00
3.815347194671630859e+00
5.827327013015747070e+00
4.500334978103637695e+00
3.966759204864501953e+00
3.202945709228515625e+00
3.198106050491333008e+00
5.019206047058105469e+00
4.536137819290161133e+00
3.931718826293945312e+00
5.293318748474121094e+00
3.957498311996459961e+00
4.025768995285034180e+00
4.069672346115112305e+00
3.352979898452758789e+00
4.679386138916015625e+00
4.757332086563110352e+00
4.115269899368286133e+00
3.336823940277099609e+00
2.499644041061401367e+00
3.454275131225585938e+00
4.015745878219604492e+00
4.956325054168701172e+00
3.563224077224731445e+00
3.668832302093505859e+00
4.039644241333007812e+00
4.963521003723144531e+00
2.957156181335449219e+00
4.004030942916870117e+00
3.708629846572875977e+00
2.867837190628051758e+00
3.643063068389892578e+00
3.491638898849487305e+00
3.684060096740722656e+00
3.505168914794921875e+00
4.082105875015258789e+00
3.645827054977416992e+00
3.555352687835693359e+00
4.501605033874511719e+00
5.244657039642333984e+00
5.688436985015869141e+00
3.414093017578125000e+00
2.811713695526123047e+00
4.576215028762817383e+00
4.249797105789184570e+00
5.869821071624755859e+00
3.682435035705566406e+00
3.573103904724121094e+00
2.843703985214233398e+00
4.525144815444946289e+00
2.773988962173461914e+00
3.531600236892700195e+00
4.635593414306640625e+00
3.888456821441650391e+00
3.997607231140136719e+00
3.227466106414794922e+00
3.947922945022583008e+00
3.296684026718139648e+00
4.178019046783447266e+00
4.652653694152832031e+00
4.912972927093505859e+00
3.845525026321411133e+00
3.718680143356323242e+00
4.701627016067504883e+00
3.516923904418945312e+00
3.837656974792480469e+00
3.993996143341064453e+00
3.369825124740600586e+00
3.990202903747558594e+00
3.356029987335205078e+00
3.675076723098754883e+00
3.332653999328613281e+00
4.033550977706909180e+00
4.136302232742309570e+00
4.210263967514038086e+00
3.532088041305541992e+00
2.916252136230468750e+00
4.468729019165039062e+00
3.723429918289184570e+00
4.443580150604248047e+00
4.853143692016601562e+00
7.038733959197998047e+00
4.263770103454589844e+00
2.926161289215087891e+00
4.211724758148193359e+00
5.142128944396972656e+00
3.853671789169311523e+00
3.906516075134277344e+00
3.470350027084350586e+00
3.567010879516601562e+00
4.248816013336181641e+00
4.432052135467529297e+00
3.582293033599853516e+00
4.100133180618286133e+00
4.430220127105712891e+00
3.072479009628295898e+00
3.602912187576293945e+00
3.478932857513427734e+00
3.423392057418823242e+00
3.875244140625000000e+00
3.798370838165283203e+00
4.417486667633056641e+00
4.085881710052490234e+00
5.856361865997314453e+00
4.341853141784667969e+00
3.670590877532958984e+00
4.018472194671630859e+00
3.098694086074829102e+00
4.557426929473876953e+00
3.785579204559326172e+00
4.063428878784179688e+00
5.077819108963012695e+00
4.013608932495117188e+00
4.064862966537475586e+00
5.648929119110107422e+00
3.934972047805786133e+00
5.283187866210937500e+00
5.948237657546997070e+00
3.315465927124023438e+00
4.493303060531616211e+00
5.416360855102539062e+00
3.367218971252441406e+00
3.736211061477661133e+00
3.976314306259155273e+00
4.560787916183471680e+00
4.799416780471801758e+00
6.003526926040649414e+00
5.527541160583496094e+00
5.217382192611694336e+00
4.765157222747802734e+00
3.905245065689086914e+00
4.728871822357177734e+00
4.373218059539794922e+00
4.579365968704223633e+00
5.501865863800048828e+00
4.825049161911010742e+00
5.072654724121093750e+00
5.446709156036376953e+00
5.517841815948486328e+00
4.692307233810424805e+00
5.847531080245971680e+00
4.242105007171630859e+00
4.401152849197387695e+00
5.688657999038696289e+00
5.775846004486083984e+00
3.538242816925048828e+00
5.655203819274902344e+00
4.111266136169433594e+00
4.188301086425781250e+00
3.927479743957519531e+00
3.323478937149047852e+00
4.267765045166015625e+00
4.274965286254882812e+00
3.651093959808349609e+00
3.747170209884643555e+00
5.367305994033813477e+00
4.969289302825927734e+00
5.817172050476074219e+00
5.824156045913696289e+00
5.246287107467651367e+00
5.408656120300292969e+00
3.753210783004760742e+00
4.092316865921020508e+00
3.634317159652709961e+00
3.802366018295288086e+00
3.743310928344726562e+00
4.448947906494140625e+00
4.118151903152465820e+00
4.953258037567138672e+00
3.848498821258544922e+00
5.414598941802978516e+00
4.956974744796752930e+00
3.767174959182739258e+00
6.910411119461059570e+00
4.446201086044311523e+00
3.970166921615600586e+00
4.422488927841186523e+00
4.165392160415649414e+00
5.727267980575561523e+00
4.728402853012084961e+00
3.124208211898803711e+00
5.758874893188476562e+00
5.530192852020263672e+00
3.994415044784545898e+00
4.252827882766723633e+00
3.173101902008056641e+00
5.085913658142089844e+00
5.630943298339843750e+00
3.897825002670288086e+00
7.935230016708374023e+00
2.974162101745605469e+00
6.248124122619628906e+00
3.856259822845458984e+00
3.467102050781250000e+00
3.817349910736083984e+00
3.404700994491577148e+00
2.857269048690795898e+00
4.118517875671386719e+00
3.507091999053955078e+00
6.424098014831542969e+00
3.726875066757202148e+00
3.113173007965087891e+00
4.460594177246093750e+00
4.217442035675048828e+00
4.045162916183471680e+00
4.495758056640625000e+00
4.943914890289306641e+00
3.732053041458129883e+00
3.790550947189331055e+00
3.336044788360595703e+00
4.412710189819335938e+00
4.355053663253784180e+00
3.415938854217529297e+00
3.651764154434204102e+00
5.123873949050903320e+00
3.439508914947509766e+00
4.479171037673950195e+00
4.215552091598510742e+00
4.826680660247802734e+00
4.799440145492553711e+00
4.853935241699218750e+00
3.721832036972045898e+00
3.695368289947509766e+00
3.469088077545166016e+00
4.015343904495239258e+00
4.321054935455322266e+00
4.804904937744140625e+00
4.447708845138549805e+00
4.700038909912109375e+00
4.503392934799194336e+00
4.344452142715454102e+00
4.682527303695678711e+00
4.097287893295288086e+00
4.840011835098266602e+00
3.846444845199584961e+00
5.493742942810058594e+00
4.596937894821166992e+00
4.370788097381591797e+00
4.007502079010009766e+00
4.716853141784667969e+00
4.163970947265625000e+00
2.118014812469482422e+00
4.701609849929809570e+00
5.121542692184448242e+00
3.711639165878295898e+00
4.156245946884155273e+00
4.459980010986328125e+00
4.379466056823730469e+00
4.893856048583984375e+00
4.818320989608764648e+00
4.051169872283935547e+00
3.581635236740112305e+00
5.280357837677001953e+00
5.238165855407714844e+00
4.950149059295654297e+00
5.065317869186401367e+00
5.524505138397216797e+00
4.958573102951049805e+00
4.019194841384887695e+00
4.096092939376831055e+00
5.387748003005981445e+00
4.460135936737060547e+00
5.078629016876220703e+00
4.051836967468261719e+00
4.034217834472656250e+00
4.322444915771484375e+00
5.294442415237426758e+00
5.389148950576782227e+00
2.447479963302612305e+00
2.937401056289672852e+00
4.984849929809570312e+00
5.766205072402954102e+00
6.338164091110229492e+00
4.577540874481201172e+00
3.604189872741699219e+00
4.945833921432495117e+00
2.664686918258666992e+00
2.748986244201660156e+00
3.992713928222656250e+00
4.306755781173706055e+00
4.265715837478637695e+00
3.426236867904663086e+00
7.095455884933471680e+00
3.752286911010742188e+00
4.461225986480712891e+00
6.791050672531127930e+00
4.306188106536865234e+00
4.427205085754394531e+00
2.981549024581909180e+00
4.243879795074462891e+00
7.264081239700317383e+00
6.653642892837524414e+00
4.584600925445556641e+00
7.342127323150634766e+00
4.289232969284057617e+00
4.943762302398681641e+00
3.092962980270385742e+00
4.279724597930908203e+00
4.856700897216796875e+00
3.309978246688842773e+00
5.639687299728393555e+00
5.302789926528930664e+00
4.330087900161743164e+00
5.802917957305908203e+00
7.699934959411621094e+00
4.908823013305664062e+00
4.443000078201293945e+00
7.729781866073608398e+00
5.034666061401367188e+00
4.906304121017456055e+00
3.657797813415527344e+00
5.189496755599975586e+00
4.571682929992675781e+00
6.541904926300048828e+00
4.119911193847656250e+00
4.030660152435302734e+00
4.524053335189819336e+00
5.151794910430908203e+00
5.208249807357788086e+00
5.511466979980468750e+00
3.353313922882080078e+00
4.647939205169677734e+00
5.120594978332519531e+00
5.225201845169067383e+00
4.447209835052490234e+00
4.877140998840332031e+00
5.594574928283691406e+00
5.205660104751586914e+00
3.493396043777465820e+00
3.681208848953247070e+00
3.910758018493652344e+00
4.522329092025756836e+00
5.557923793792724609e+00
4.674729108810424805e+00
3.772503852844238281e+00
6.295726060867309570e+00
4.442741155624389648e+00
5.303339004516601562e+00
3.657810926437377930e+00
5.598605155944824219e+00
3.705149173736572266e+00
4.837116718292236328e+00
4.667325019836425781e+00
5.048151016235351562e+00
5.411453962326049805e+00
5.099370956420898438e+00
5.459300994873046875e+00
5.742859125137329102e+00
3.831288099288940430e+00
5.363789796829223633e+00
5.760694026947021484e+00
6.507020950317382812e+00
5.691684007644653320e+00
5.397678136825561523e+00
6.055043935775756836e+00
5.393064022064208984e+00
5.792896986007690430e+00
4.486978054046630859e+00
4.468715906143188477e+00
5.805242776870727539e+00
6.271444082260131836e+00
3.963032245635986328e+00
6.499665021896362305e+00
5.003185987472534180e+00
4.868783950805664062e+00
5.737950086593627930e+00
4.456109046936035156e+00
5.295567035675048828e+00
3.491550922393798828e+00
3.528069734573364258e+00
3.523701906204223633e+00
3.795907974243164062e+00
3.571602821350097656e+00
5.251508951187133789e+00
5.994716167449951172e+00
5.311100006103515625e+00
5.479538917541503906e+00
4.037720680236816406e+00
7.280814170837402344e+00
3.682764768600463867e+00
4.451681137084960938e+00
7.557600975036621094e+00
3.737278938293457031e+00
4.265442848205566406e+00
5.348493099212646484e+00
5.394881010055541992e+00
4.951373100280761719e+00
6.130546808242797852e+00
3.805020093917846680e+00
5.504243850708007812e+00
4.441635131835937500e+00
5.503017902374267578e+00
7.302033901214599609e+00
6.807782173156738281e+00
5.238549947738647461e+00
6.508999109268188477e+00
3.960368871688842773e+00
4.247294902801513672e+00
5.652178764343261719e+00
6.747312068939208984e+00
5.582959651947021484e+00
4.090532779693603516e+00
5.555728912353515625e+00
4.646878004074096680e+00
4.092774868011474609e+00
7.221404790878295898e+00
4.338100910186767578e+00
6.023442745208740234e+00
7.370489120483398438e+00
3.326459884643554688e+00
3.410196065902709961e+00
4.040484189987182617e+00
4.189510822296142578e+00
7.648663043975830078e+00
3.855327844619750977e+00
4.465173006057739258e+00
4.072739124298095703e+00
4.298290967941284180e+00
2.954213857650756836e+00
5.097931146621704102e+00
3.921787023544311523e+00
5.795882940292358398e+00
2.647833108901977539e+00
4.343750238418579102e+00
4.724159002304077148e+00
5.461876153945922852e+00
4.356841325759887695e+00
4.561706304550170898e+00
4.683049917221069336e+00
4.172397136688232422e+00
4.970058679580688477e+00
4.572148084640502930e+00
4.506582975387573242e+00
4.318671941757202148e+00
4.586750984191894531e+00
5.252984046936035156e+00
4.270864963531494141e+00
4.754665851593017578e+00
5.563613891601562500e+00
2.922584772109985352e+00
4.491621971130371094e+00
5.417956829071044922e+00
6.309826135635375977e+00
7.249214887619018555e+00
4.741153001785278320e+00
4.758228063583374023e+00
5.401430845260620117e+00
5.340579032897949219e+00
4.308986902236938477e+00
4.665115833282470703e+00
5.210357904434204102e+00
8.175249099731445312e+00
5.720386028289794922e+00
7.722989082336425781e+00
5.552486181259155273e+00
4.900861024856567383e+00
8.217283010482788086e+00
5.480216026306152344e+00
5.057536125183105469e+00
5.383802890777587891e+00
5.697625875473022461e+00
4.904808044433593750e+00
4.765572786331176758e+00
5.052171945571899414e+00
2.620114803314208984e+00
5.690015077590942383e+00
5.232908964157104492e+00
4.406909942626953125e+00
4.591365098953247070e+00
2.292299032211303711e+00
3.892596006393432617e+00
3.879575014114379883e+00
3.617319822311401367e+00
4.302332162857055664e+00
2.953114986419677734e+00
3.200145244598388672e+00
3.614150047302246094e+00
6.887212038040161133e+00
3.053541898727416992e+00
6.240010023117065430e+00
3.072713136672973633e+00
8.298648118972778320e+00
3.125040769577026367e+00
3.807286977767944336e+00
5.812566041946411133e+00
3.570281028747558594e+00
3.354244947433471680e+00
3.996951103210449219e+00
3.490748882293701172e+00
4.008696079254150391e+00
5.845412731170654297e+00
3.867656230926513672e+00
4.546034336090087891e+00
3.120428085327148438e+00
3.524763107299804688e+00
3.545526981353759766e+00
2.854928255081176758e+00
3.969896078109741211e+00
4.138549089431762695e+00
3.628218889236450195e+00
3.236008882522583008e+00
5.530314922332763672e+00
4.189997911453247070e+00
3.512720823287963867e+00
5.240072965621948242e+00
4.346406936645507812e+00
3.978735923767089844e+00
3.880450248718261719e+00
3.455956935882568359e+00
3.684236049652099609e+00
4.573743104934692383e+00
3.837747335433959961e+00
4.057552814483642578e+00
4.189884185791015625e+00
4.536076784133911133e+00
4.385078907012939453e+00
4.129482030868530273e+00
3.931531906127929688e+00
3.290629148483276367e+00
3.540708065032958984e+00
4.104514122009277344e+00
4.203383922576904297e+00
3.835761070251464844e+00
4.223371982574462891e+00
3.740178108215332031e+00
3.568855047225952148e+00
3.613215923309326172e+00
4.683336019515991211e+00
4.627337217330932617e+00
4.454823017120361328e+00
3.812172174453735352e+00
4.185521125793457031e+00
3.532792091369628906e+00
4.087707042694091797e+00
4.878851652145385742e+00
4.534180164337158203e+00
4.504808187484741211e+00
4.828645229339599609e+00
4.516766071319580078e+00
4.028260707855224609e+00
3.691844940185546875e+00
3.494408845901489258e+00
5.097186088562011719e+00
3.040639877319335938e+00
4.908179998397827148e+00
5.065416097640991211e+00
4.952728271484375000e+00
4.031050920486450195e+00
3.687109947204589844e+00
5.344000816345214844e+00
4.208925008773803711e+00
5.052123069763183594e+00
4.388671875000000000e+00
2.933623075485229492e+00
4.994549036026000977e+00
4.405882835388183594e+00
4.120740175247192383e+00
4.216097116470336914e+00
5.755449295043945312e+00
5.401743888854980469e+00
4.313057661056518555e+00
5.036260128021240234e+00
4.597206115722656250e+00
4.669966936111450195e+00
5.037389039993286133e+00
5.312132120132446289e+00
5.094734668731689453e+00
4.242583990097045898e+00
4.429805040359497070e+00
4.072659969329833984e+00
5.023721933364868164e+00
3.618655920028686523e+00
5.435342073440551758e+00
5.352847814559936523e+00
3.607279062271118164e+00
5.258568048477172852e+00
5.501830816268920898e+00
3.615567684173583984e+00
2.666391849517822266e+00
3.583004951477050781e+00
5.355825185775756836e+00
4.598295211791992188e+00
5.657217979431152344e+00
5.504378080368041992e+00
3.744413137435913086e+00
3.928704977035522461e+00
4.639684915542602539e+00
5.001096010208129883e+00
2.745593309402465820e+00
3.775266170501708984e+00
3.373826980590820312e+00
3.493692874908447266e+00
3.525047063827514648e+00
3.795979976654052734e+00
5.656200885772705078e+00
3.578633069992065430e+00
5.072799921035766602e+00
3.915602922439575195e+00
3.676635980606079102e+00
3.976190090179443359e+00
3.911045789718627930e+00
5.461251974105834961e+00
3.596662998199462891e+00
3.820606946945190430e+00
3.828819990158081055e+00
3.921760082244873047e+00
3.580948114395141602e+00
3.840065717697143555e+00
5.912889957427978516e+00
5.069697141647338867e+00
6.130194187164306641e+00
6.113442182540893555e+00
3.864253759384155273e+00
5.140791893005371094e+00
3.980150699615478516e+00
4.536222934722900391e+00
4.568070888519287109e+00
5.421403884887695312e+00
4.419625043869018555e+00
5.417252063751220703e+00
4.642618179321289062e+00
5.632289886474609375e+00
3.720860958099365234e+00
5.980344057083129883e+00
5.365874052047729492e+00
4.978746175765991211e+00
3.816067218780517578e+00
2.055338859558105469e+00
3.257632017135620117e+00
2.751851081848144531e+00
5.785643100738525391e+00
3.863333225250244141e+00
3.876598834991455078e+00
4.265919923782348633e+00
4.566261053085327148e+00
4.306015968322753906e+00
3.680717229843139648e+00
4.010636806488037109e+00
3.885349988937377930e+00
4.170159101486206055e+00
6.495943069458007812e+00
5.457962036132812500e+00
6.480993032455444336e+00
4.706951141357421875e+00
4.205645799636840820e+00
3.779676914215087891e+00
4.060928821563720703e+00
5.399528026580810547e+00
3.888399124145507812e+00
3.849992990493774414e+00
4.400589227676391602e+00
3.559368848800659180e+00
3.246458768844604492e+00
4.296731948852539062e+00
2.854141950607299805e+00
4.625315189361572266e+00
7.374829053878784180e+00
3.326855897903442383e+00
7.626337766647338867e+00
3.334717988967895508e+00
4.547358989715576172e+00
4.875571966171264648e+00
3.365274190902709961e+00
7.099883079528808594e+00
5.096713066101074219e+00
4.402876853942871094e+00
5.349810838699340820e+00
4.494862794876098633e+00
3.425317049026489258e+00
5.417120218276977539e+00
6.894447088241577148e+00
4.737884044647216797e+00
4.188325166702270508e+00
5.391668319702148438e+00
4.650154829025268555e+00
4.163895845413208008e+00
4.750641107559204102e+00
5.184396743774414062e+00
4.825420141220092773e+00
5.459965944290161133e+00
5.707304954528808594e+00
2.791455030441284180e+00
5.616427898406982422e+00
5.516055107116699219e+00
5.457161903381347656e+00
5.871168851852416992e+00
5.617848873138427734e+00
3.832065105438232422e+00
7.781478166580200195e+00
4.598349094390869141e+00
5.701346158981323242e+00
5.601733922958374023e+00
3.093322038650512695e+00
5.888731956481933594e+00
5.644065856933593750e+00
7.142545223236083984e+00
4.339775085449218750e+00
5.883560895919799805e+00
5.823076963424682617e+00
5.875446081161499023e+00
3.289210081100463867e+00
5.091046810150146484e+00
6.476544141769409180e+00
3.454986810684204102e+00
5.104062795639038086e+00
4.997267961502075195e+00
3.474520206451416016e+00
3.669231176376342773e+00
2.578617811203002930e+00
4.695484161376953125e+00
3.319970130920410156e+00
3.953479051589965820e+00
2.961412191390991211e+00
3.909510135650634766e+00
5.527376174926757812e+00
2.955702066421508789e+00
3.502605676651000977e+00
4.038975954055786133e+00
3.726269006729125977e+00
3.503814935684204102e+00
3.555469989776611328e+00
4.749660968780517578e+00
3.441305875778198242e+00
3.759725809097290039e+00
5.453330039978027344e+00
3.116523027420043945e+00
3.428990125656127930e+00
3.969245910644531250e+00
4.118030071258544922e+00
4.850324392318725586e+00
7.030688047409057617e+00
3.407220840454101562e+00
3.787848949432373047e+00
4.216858148574829102e+00
3.981539249420166016e+00
3.651207923889160156e+00
2.015579938888549805e+00
5.161462783813476562e+00
3.922035932540893555e+00
3.538555860519409180e+00
4.287275075912475586e+00
5.646304130554199219e+00
4.793921947479248047e+00
5.088692188262939453e+00
5.092375755310058594e+00
3.942890882492065430e+00
5.048152923583984375e+00
5.763956069946289062e+00
4.634782075881958008e+00
3.483363151550292969e+00
4.459439039230346680e+00
5.331581830978393555e+00
3.532060861587524414e+00
7.239614963531494141e+00
4.185147047042846680e+00
3.653833150863647461e+00
4.506978988647460938e+00
2.465200901031494141e+00
3.936048269271850586e+00
4.202982902526855469e+00
4.813778877258300781e+00
3.981695890426635742e+00
4.603736639022827148e+00
4.800412893295288086e+00
3.333112001419067383e+00
3.603166818618774414e+00
3.493605136871337891e+00
4.194425106048583984e+00
5.303333282470703125e+00
4.294782876968383789e+00
4.307695150375366211e+00
5.318071842193603516e+00
5.553511857986450195e+00
3.979942083358764648e+00
3.607964038848876953e+00
4.201820850372314453e+00
4.216996192932128906e+00
5.179502248764038086e+00
4.417025089263916016e+00
4.334169149398803711e+00
4.822662115097045898e+00
6.926070213317871094e+00
5.101337194442749023e+00
4.510872125625610352e+00
5.161396026611328125e+00
4.386440038681030273e+00
4.745200872421264648e+00
4.597725152969360352e+00
5.592784881591796875e+00
3.210846185684204102e+00
3.116338014602661133e+00
5.810539007186889648e+00
3.434103965759277344e+00
6.150912761688232422e+00
3.165801048278808594e+00
6.269251108169555664e+00
5.501013040542602539e+00
8.204346179962158203e+00
3.714895248413085938e+00
3.235609054565429688e+00
4.523169755935668945e+00
4.449876070022583008e+00
3.407731056213378906e+00
3.406413078308105469e+00
3.124916791915893555e+00
3.117509126663208008e+00
4.027473926544189453e+00
3.493811368942260742e+00
5.043468952178955078e+00
4.483250856399536133e+00
2.711534738540649414e+00
4.404904365539550781e+00
3.369806051254272461e+00
4.395623922348022461e+00
3.477024793624877930e+00
3.727675914764404297e+00
3.511226892471313477e+00
2.930773973464965820e+00
3.833846092224121094e+00
5.537261962890625000e+00
2.900259017944335938e+00
4.072662830352783203e+00
3.976327896118164062e+00
2.869925022125244141e+00
4.842862129211425781e+00
3.703572988510131836e+00
3.941817998886108398e+00
3.988748788833618164e+00
3.698110818862915039e+00
6.621465921401977539e+00
4.106970787048339844e+00
3.479336977005004883e+00
5.554325103759765625e+00
3.321580171585083008e+00
3.711584806442260742e+00
3.808054208755493164e+00
4.075591087341308594e+00
7.042350053787231445e+00
3.779506921768188477e+00
2.254807949066162109e+00
3.506438970565795898e+00
8.690522193908691406e+00
3.501747846603393555e+00
3.400669097900390625e+00
6.022753953933715820e+00
6.445877075195312500e+00
4.180171966552734375e+00
3.620278596878051758e+00
3.943178176879882812e+00
3.547288656234741211e+00
3.591428041458129883e+00
4.336980104446411133e+00
6.467494249343872070e+00
3.618868112564086914e+00
3.732808828353881836e+00
3.807764053344726562e+00
3.811407327651977539e+00
3.559050083160400391e+00
4.200571060180664062e+00
4.300024032592773438e+00
3.545961141586303711e+00
4.116918087005615234e+00
3.928152084350585938e+00
3.956896543502807617e+00
3.815345048904418945e+00
4.104042768478393555e+00
2.729887247085571289e+00
4.110460042953491211e+00
3.167542934417724609e+00
3.114815950393676758e+00
4.847335815429687500e+00
4.343325853347778320e+00
3.134361028671264648e+00
3.430736780166625977e+00
4.722619056701660156e+00
3.704989194869995117e+00
4.428530931472778320e+00
4.518554925918579102e+00
3.398496150970458984e+00
4.565741062164306641e+00
2.983541011810302734e+00
3.179522037506103516e+00
3.930318832397460938e+00
5.966816902160644531e+00
3.834172010421752930e+00
5.995282173156738281e+00
2.993928909301757812e+00
3.595950841903686523e+00
2.816868066787719727e+00
4.208921194076538086e+00
3.973220109939575195e+00
3.801765680313110352e+00
4.483272075653076172e+00
6.020851135253906250e+00
6.071336984634399414e+00
3.301643133163452148e+00
5.991771221160888672e+00
6.578381061553955078e+00
6.009752988815307617e+00
6.438704729080200195e+00
4.095139265060424805e+00
4.612549066543579102e+00
6.188011884689331055e+00
4.421344995498657227e+00
4.043727874755859375e+00
6.722799062728881836e+00
4.817403793334960938e+00
4.938437223434448242e+00
4.183743000030517578e+00
4.832030057907104492e+00
4.273272275924682617e+00
6.178203105926513672e+00
4.600442171096801758e+00
6.319073915481567383e+00
6.151762962341308594e+00
4.060004711151123047e+00
4.707126855850219727e+00
4.332223892211914062e+00
3.517749786376953125e+00
4.664475679397583008e+00
4.617116212844848633e+00
4.366789817810058594e+00
4.343336820602416992e+00
4.234045982360839844e+00
4.793640851974487305e+00
4.917409181594848633e+00
3.932080984115600586e+00
5.164856910705566406e+00
6.920978784561157227e+00
4.735577821731567383e+00
4.571967124938964844e+00
4.974947214126586914e+00
4.616454839706420898e+00
7.955995082855224609e+00
4.856421709060668945e+00
4.619386911392211914e+00
4.741139888763427734e+00
4.102653980255126953e+00
5.138261079788208008e+00
6.852264881134033203e+00
4.620248079299926758e+00
6.712088823318481445e+00
4.854195117950439453e+00
5.303452014923095703e+00
4.297385931015014648e+00
3.694136857986450195e+00
4.914288997650146484e+00
3.281191110610961914e+00
4.965949773788452148e+00
4.000150918960571289e+00
4.215080022811889648e+00
6.451088190078735352e+00
4.977329730987548828e+00
5.402190208435058594e+00
7.424756050109863281e+00
4.134184122085571289e+00
4.143271207809448242e+00
7.447469949722290039e+00
6.102379083633422852e+00
3.699065208435058594e+00
7.536412954330444336e+00
4.463646888732910156e+00
5.868956327438354492e+00
4.635159969329833984e+00
4.520494937896728516e+00
5.483833074569702148e+00
4.804399967193603516e+00
5.443757057189941406e+00
5.466873884201049805e+00
6.392103910446166992e+00
3.949110984802246094e+00
5.864308834075927734e+00
2.817362308502197266e+00
5.730921983718872070e+00
7.794215917587280273e+00
4.736813783645629883e+00
3.890583038330078125e+00
4.184875965118408203e+00
4.604185819625854492e+00
3.923571825027465820e+00
4.289139032363891602e+00
6.402709007263183594e+00
4.123351097106933594e+00
4.723972320556640625e+00
4.241864204406738281e+00
4.112513065338134766e+00
4.661561965942382812e+00
4.231974124908447266e+00
4.248576641082763672e+00
3.728209972381591797e+00
4.695473909378051758e+00
3.917884349822998047e+00
4.440919160842895508e+00
6.012140989303588867e+00
4.445978879928588867e+00
4.535810232162475586e+00
4.175787925720214844e+00
5.201787948608398438e+00
4.624232053756713867e+00
3.652806997299194336e+00
6.786782979965209961e+00
6.247249126434326172e+00
5.694058895111083984e+00
2.780731916427612305e+00
5.532803058624267578e+00
6.059146881103515625e+00
4.197298049926757812e+00
3.859796047210693359e+00
6.357939004898071289e+00
4.090348958969116211e+00
4.454782009124755859e+00
4.420983791351318359e+00
6.709012985229492188e+00
5.495896100997924805e+00
6.745044946670532227e+00
4.129624128341674805e+00
4.470289945602416992e+00
4.525178194046020508e+00
4.697086095809936523e+00
6.305109024047851562e+00
4.567263126373291016e+00
4.735644817352294922e+00
3.974351882934570312e+00
5.573436975479125977e+00
4.305265903472900391e+00
4.640163898468017578e+00
6.474358081817626953e+00
5.688300132751464844e+00
5.516010046005249023e+00
6.735091209411621094e+00
5.905906915664672852e+00
4.906722068786621094e+00
4.904379844665527344e+00
6.208137035369873047e+00
5.638845920562744141e+00
4.859935998916625977e+00
4.791502237319946289e+00
6.293008804321289062e+00
4.052968025207519531e+00
4.832582950592041016e+00
3.095005989074707031e+00
6.697317123413085938e+00
4.763866186141967773e+00
2.825893163681030273e+00
3.231138229370117188e+00
4.702473878860473633e+00
3.846396923065185547e+00
5.127093076705932617e+00
4.659759998321533203e+00
4.370523929595947266e+00
4.983289957046508789e+00
4.851411104202270508e+00
3.082809209823608398e+00
3.088572740554809570e+00
3.240778923034667969e+00
3.951647996902465820e+00
5.430911064147949219e+00
4.698086738586425781e+00
4.086860895156860352e+00
3.403729200363159180e+00
3.348222970962524414e+00
4.360184907913208008e+00
5.996896028518676758e+00
6.466577053070068359e+00
3.657360792160034180e+00
3.538609743118286133e+00
3.720031976699829102e+00
3.175198078155517578e+00
3.130879878997802734e+00
4.555170059204101562e+00
3.514631986618041992e+00
2.377225160598754883e+00
6.305997848510742188e+00
3.620859146118164062e+00
3.795218944549560547e+00
3.674182891845703125e+00
5.173699140548706055e+00
3.876250743865966797e+00
4.127639770507812500e+00
4.119102001190185547e+00
3.883298873901367188e+00
3.983687877655029297e+00
4.112496852874755859e+00
2.914133071899414062e+00
3.466447830200195312e+00
3.965341091156005859e+00
4.002380132675170898e+00
4.293872117996215820e+00
3.831660985946655273e+00
4.079462051391601562e+00
3.487134933471679688e+00
3.787421941757202148e+00
3.606333971023559570e+00
4.049975156784057617e+00
4.101951122283935547e+00
3.927067279815673828e+00
4.080995082855224609e+00
3.783861160278320312e+00
3.538588047027587891e+00
4.066524028778076172e+00
3.114147186279296875e+00
2.839883089065551758e+00
4.246268987655639648e+00
2.874447107315063477e+00
5.380106210708618164e+00
4.157315969467163086e+00
3.715251922607421875e+00
4.118669033050537109e+00
2.998183012008666992e+00
3.892112731933593750e+00
4.619287729263305664e+00
4.277819871902465820e+00
4.344627857208251953e+00
5.238533020019531250e+00
3.131835699081420898e+00
5.371848106384277344e+00
2.994663953781127930e+00
4.391175985336303711e+00
4.076540946960449219e+00
3.211435079574584961e+00
4.100966930389404297e+00
4.407340049743652344e+00
3.688143253326416016e+00
3.332766056060791016e+00
3.128971099853515625e+00
3.623267889022827148e+00
4.106103897094726562e+00
3.477417230606079102e+00
6.886525869369506836e+00
4.320577859878540039e+00
5.288156986236572266e+00
3.727432012557983398e+00
4.651901006698608398e+00
5.722654104232788086e+00
4.473963975906372070e+00
5.171129941940307617e+00
4.127454042434692383e+00
4.213020086288452148e+00
4.110426902770996094e+00
4.497004032135009766e+00
3.266453981399536133e+00
4.874460935592651367e+00
4.792223930358886719e+00
2.809062719345092773e+00
5.099034786224365234e+00
3.031525850296020508e+00
5.710739850997924805e+00
3.216686248779296875e+00
4.582463979721069336e+00
5.415360927581787109e+00
4.508052349090576172e+00
4.748752832412719727e+00
4.906468868255615234e+00
5.888378143310546875e+00
3.389005184173583984e+00
5.132714986801147461e+00
4.878100872039794922e+00
5.475181102752685547e+00
5.145895004272460938e+00
5.644151926040649414e+00
5.428339958190917969e+00
5.845121860504150391e+00
3.063843727111816406e+00
5.255747079849243164e+00
5.382719039916992188e+00
4.965152978897094727e+00
5.140600919723510742e+00
6.295247077941894531e+00
5.301171302795410156e+00
3.112895011901855469e+00
6.126402854919433594e+00
5.455571174621582031e+00
3.100370883941650391e+00
3.680799961090087891e+00
3.507159948348999023e+00
3.178983926773071289e+00
3.082909822463989258e+00
3.603139162063598633e+00
3.206531047821044922e+00
4.967106819152832031e+00
3.481160879135131836e+00
6.985790967941284180e+00
3.984852075576782227e+00
5.560335159301757812e+00
3.685631990432739258e+00
5.909872770309448242e+00
5.807835102081298828e+00
4.689345836639404297e+00
3.693910121917724609e+00
5.080432891845703125e+00
2.946688890457153320e+00
5.436615228652954102e+00
3.930840730667114258e+00
5.898339033126831055e+00
3.584707975387573242e+00
3.390600919723510742e+00
4.437171936035156250e+00
5.560519933700561523e+00
5.554777145385742188e+00
5.633095026016235352e+00
3.665169000625610352e+00
5.264589071273803711e+00
3.386469841003417969e+00
4.120686769485473633e+00
4.435796022415161133e+00
3.985641956329345703e+00
5.628999948501586914e+00
4.174479007720947266e+00
3.990385293960571289e+00
4.985499858856201172e+00
3.680516958236694336e+00
5.456917047500610352e+00
5.649252891540527344e+00
4.043542146682739258e+00
5.954779148101806641e+00
5.788258790969848633e+00
3.533656120300292969e+00
5.876677274703979492e+00
6.271227121353149414e+00
3.892366886138916016e+00
5.957298278808593750e+00
3.881687164306640625e+00
6.354347944259643555e+00
3.750344991683959961e+00
5.881474018096923828e+00
3.286577224731445312e+00
5.426951885223388672e+00
5.684941053390502930e+00
4.124972105026245117e+00
5.876111268997192383e+00
4.415594100952148438e+00
4.255731821060180664e+00
5.561121940612792969e+00
3.688989162445068359e+00
4.772604942321777344e+00
5.387569904327392578e+00
6.185350179672241211e+00
4.711674690246582031e+00
3.493276834487915039e+00
6.054469108581542969e+00
5.938406229019165039e+00
5.351397991180419922e+00
5.368017911911010742e+00
4.143649101257324219e+00
6.012979984283447266e+00
6.131195783615112305e+00
6.019566774368286133e+00
6.046180963516235352e+00
5.973917245864868164e+00
5.154623985290527344e+00
4.242375850677490234e+00
5.828902959823608398e+00
6.324816703796386719e+00
6.718315124511718750e+00
6.259701013565063477e+00
4.841079711914062500e+00
5.876249074935913086e+00
3.758225917816162109e+00
6.424594163894653320e+00
3.126586914062500000e+00
4.025459289550781250e+00
4.665377140045166016e+00
4.620661020278930664e+00
4.875893115997314453e+00
6.226274967193603516e+00
6.355100154876708984e+00
6.306606292724609375e+00
6.764968872070312500e+00
6.416836738586425781e+00
5.424211978912353516e+00
6.835456848144531250e+00
6.775590896606445312e+00
5.929630041122436523e+00
3.821358919143676758e+00
4.244405031204223633e+00
5.364871978759765625e+00
6.461153984069824219e+00
6.688307762145996094e+00
8.093724012374877930e+00
6.891546964645385742e+00
5.104462146759033203e+00
6.236353158950805664e+00
6.107305049896240234e+00
4.403889894485473633e+00
3.381445884704589844e+00
2.994761943817138672e+00
2.720805883407592773e+00
4.677367210388183594e+00
5.212648868560791016e+00
4.634614944458007812e+00
3.200566053390502930e+00
5.326142072677612305e+00
2.771204233169555664e+00
2.640654087066650391e+00
3.335630893707275391e+00
5.015500068664550781e+00
5.644505262374877930e+00
6.808589696884155273e+00
5.474422693252563477e+00
2.960145950317382812e+00
3.053326845169067383e+00
3.371433973312377930e+00
4.263509273529052734e+00
3.528434991836547852e+00
5.298341035842895508e+00
5.834864854812622070e+00
3.286530017852783203e+00
5.628108978271484375e+00
6.319326877593994141e+00
5.329354047775268555e+00
3.301192998886108398e+00
4.027811050415039062e+00
6.109070777893066406e+00
6.868038177490234375e+00
3.741248130798339844e+00
5.923701047897338867e+00
3.186170101165771484e+00
4.309767961502075195e+00
3.872468948364257812e+00
4.544424295425415039e+00
8.127269983291625977e+00
5.740257978439331055e+00
3.693915128707885742e+00
7.344411134719848633e+00
4.044244050979614258e+00
3.491617202758789062e+00
6.027868747711181641e+00
6.166556835174560547e+00
2.959114074707031250e+00
5.874740123748779297e+00
4.299854040145874023e+00
3.268912076950073242e+00
4.990746974945068359e+00
4.114451169967651367e+00
4.039228916168212891e+00
3.372833013534545898e+00
3.141619920730590820e+00
3.561400175094604492e+00
4.102414846420288086e+00
6.436489105224609375e+00
4.412537097930908203e+00
4.362426996231079102e+00
2.424199104309082031e+00
4.389920949935913086e+00
4.753658294677734375e+00
3.709840059280395508e+00
2.828931093215942383e+00
3.205813884735107422e+00
4.512744903564453125e+00
2.920628309249877930e+00
3.202753067016601562e+00
3.413519144058227539e+00
4.122478008270263672e+00
3.865760087966918945e+00
3.423847198486328125e+00
4.014840841293334961e+00
3.727079868316650391e+00
3.104853630065917969e+00
3.772571086883544922e+00
3.413227081298828125e+00
3.603950023651123047e+00
5.102083206176757812e+00
4.019632816314697266e+00
3.502309083938598633e+00
3.428339004516601562e+00
3.298378944396972656e+00
4.165744781494140625e+00
3.736228227615356445e+00
3.790761947631835938e+00
4.049664020538330078e+00
4.552339315414428711e+00
3.844242811203002930e+00
4.161334991455078125e+00
4.019097089767456055e+00
4.670186042785644531e+00
4.280782938003540039e+00
4.126128911972045898e+00
4.120810031890869141e+00
4.172029972076416016e+00
4.644404411315917969e+00
3.788424015045166016e+00
3.938507080078125000e+00
3.911723136901855469e+00
3.777162075042724609e+00
5.704188823699951172e+00
3.664326190948486328e+00
4.195605039596557617e+00
3.871560811996459961e+00
4.653495073318481445e+00
3.688234090805053711e+00
3.962551116943359375e+00
4.804296016693115234e+00
4.067527770996093750e+00
4.861674070358276367e+00
4.531296014785766602e+00
4.371511936187744141e+00
3.981995820999145508e+00
4.376121044158935547e+00
4.644934892654418945e+00
4.361092090606689453e+00
4.271054744720458984e+00
4.495430946350097656e+00
4.902665853500366211e+00
3.992960929870605469e+00
3.810720920562744141e+00
4.286174297332763672e+00
4.343196868896484375e+00
4.603845119476318359e+00
4.687724113464355469e+00
4.746685981750488281e+00
3.863143920898437500e+00
4.749163866043090820e+00
4.511013031005859375e+00
3.362485170364379883e+00
6.142154932022094727e+00
4.165860176086425781e+00
4.788814067840576172e+00
4.764319896697998047e+00
3.892756938934326172e+00
3.775344848632812500e+00
4.447968959808349609e+00
3.888160943984985352e+00
3.648622989654541016e+00
5.272473096847534180e+00
4.898391008377075195e+00
4.460527896881103516e+00
3.361105918884277344e+00
4.696732044219970703e+00
4.056901216506958008e+00
2.859356880187988281e+00
5.963001012802124023e+00
3.223363161087036133e+00
3.966005086898803711e+00
4.244925975799560547e+00
4.633764982223510742e+00
3.621678829193115234e+00
4.984453916549682617e+00
4.400919914245605469e+00
4.347394227981567383e+00
4.873809814453125000e+00
4.348083972930908203e+00
5.122210741043090820e+00
4.448045730590820312e+00
4.519450902938842773e+00
3.835571050643920898e+00
3.873027801513671875e+00
5.092265129089355469e+00
3.846781969070434570e+00
3.513163089752197266e+00
4.934724807739257812e+00
3.883892059326171875e+00
4.206951856613159180e+00
4.095198869705200195e+00
3.672953844070434570e+00
5.868331909179687500e+00
4.082253217697143555e+00
4.805582046508789062e+00
3.765404939651489258e+00
4.491411209106445312e+00
3.619246006011962891e+00
4.347975015640258789e+00
6.010199069976806641e+00
4.127959012985229492e+00
3.769277095794677734e+00
3.464606046676635742e+00
4.232084035873413086e+00
4.544939041137695312e+00
3.946743965148925781e+00
3.954972982406616211e+00
4.716956853866577148e+00
3.788872241973876953e+00
4.286877870559692383e+00
4.695044279098510742e+00
4.064505815505981445e+00
4.473446130752563477e+00
3.332715988159179688e+00
4.035510778427124023e+00
5.051074743270874023e+00
6.033911228179931641e+00
6.281968832015991211e+00
4.129185914993286133e+00
5.813637256622314453e+00
5.019139766693115234e+00
4.548028230667114258e+00
6.505423784255981445e+00
4.491852045059204102e+00
5.822218894958496094e+00
4.525279045104980469e+00
4.078078985214233398e+00
5.897597789764404297e+00
3.935684204101562500e+00
4.308563947677612305e+00
4.330972194671630859e+00
4.821169853210449219e+00
2.840645074844360352e+00
5.222233772277832031e+00
4.342509031295776367e+00
4.511734008789062500e+00
3.775555133819580078e+00
4.155045032501220703e+00
4.445598125457763672e+00
3.796853065490722656e+00
4.522408008575439453e+00
2.978183031082153320e+00
3.692252874374389648e+00
3.677609920501708984e+00
3.151150226593017578e+00
3.571191787719726562e+00
4.607778072357177734e+00
3.076028823852539062e+00
3.137769937515258789e+00
6.486119031906127930e+00
3.342519998550415039e+00
3.113961935043334961e+00
6.252507925033569336e+00
3.991492033004760742e+00
4.109933137893676758e+00
4.711913108825683594e+00
4.107578039169311523e+00
6.401886224746704102e+00
4.668308973312377930e+00
6.086788177490234375e+00
3.580052852630615234e+00
5.338128089904785156e+00
2.552799940109252930e+00
4.499073982238769531e+00
4.080008268356323242e+00
3.914721965789794922e+00
3.777372837066650391e+00
2.895457029342651367e+00
2.738376140594482422e+00
4.037205934524536133e+00
5.091249227523803711e+00
3.219423055648803711e+00
3.971063137054443359e+00
3.110400199890136719e+00
3.817416191101074219e+00
4.836304903030395508e+00
4.033859968185424805e+00
3.371796846389770508e+00
4.600232124328613281e+00
3.917048692703247070e+00
3.607687234878540039e+00
3.593575000762939453e+00
5.648623228073120117e+00
3.518300771713256836e+00
3.632157802581787109e+00
4.157344102859497070e+00
4.986168146133422852e+00
3.777221679687500000e+00
3.912515878677368164e+00
4.674449920654296875e+00
4.724003076553344727e+00
2.842018842697143555e+00
3.627143144607543945e+00
2.607463836669921875e+00
4.958127737045288086e+00
4.343033075332641602e+00
3.157429933547973633e+00
4.253592729568481445e+00
4.689383983612060547e+00
6.507630109786987305e+00
7.662179946899414062e+00
3.856701135635375977e+00
5.313097000122070312e+00
3.777140855789184570e+00
5.014955997467041016e+00
5.155555963516235352e+00
4.730911970138549805e+00
6.398979902267456055e+00
3.844338893890380859e+00
4.528750896453857422e+00
5.221879005432128906e+00
4.533768892288208008e+00
3.887214899063110352e+00
5.971357822418212891e+00
3.435935974121093750e+00
5.274412155151367188e+00
3.390354156494140625e+00
2.913889884948730469e+00
4.132072925567626953e+00
5.140683889389038086e+00
7.258437156677246094e+00
4.299264907836914062e+00
3.813347101211547852e+00
4.281643152236938477e+00
3.500550985336303711e+00
4.282424211502075195e+00
5.600125074386596680e+00
2.714524030685424805e+00
6.617622137069702148e+00
3.870992898941040039e+00
4.581648349761962891e+00
2.854318857192993164e+00
3.648139715194702148e+00
5.209065914154052734e+00
3.905283927917480469e+00
4.289702177047729492e+00
4.778314113616943359e+00
5.295755863189697266e+00
3.907499074935913086e+00
3.727949142456054688e+00
3.790167808532714844e+00
3.884652137756347656e+00
4.047792911529541016e+00
5.889917850494384766e+00
5.409460783004760742e+00
4.175397872924804688e+00
4.157521009445190430e+00
3.418302059173583984e+00
3.454065799713134766e+00
3.169603824615478516e+00
6.420263051986694336e+00
4.139750957489013672e+00
4.346072196960449219e+00
3.880292892456054688e+00
5.691780805587768555e+00
4.418819904327392578e+00
6.738638162612915039e+00
4.319471836090087891e+00
6.063738822937011719e+00
3.983680009841918945e+00
4.103957176208496094e+00
4.918817043304443359e+00
4.088049888610839844e+00
6.261888027191162109e+00
5.287525892257690430e+00
3.118108272552490234e+00
6.716827869415283203e+00
3.244017124176025391e+00
4.534564971923828125e+00
6.202147006988525391e+00
6.190232992172241211e+00
6.937572717666625977e+00
4.845499277114868164e+00
8.750983953475952148e+00
3.947618722915649414e+00
9.412085056304931641e+00
4.599349975585937500e+00
5.205861091613769531e+00
6.200646162033081055e+00
5.569709777832031250e+00
6.886769056320190430e+00
4.821156740188598633e+00
5.526437759399414062e+00
7.185879945755004883e+00
3.610335826873779297e+00
6.295040130615234375e+00
4.933108091354370117e+00
5.300036191940307617e+00
3.175545215606689453e+00
4.163182020187377930e+00
3.817869901657104492e+00
6.701527833938598633e+00
2.996350049972534180e+00
3.310405254364013672e+00
5.540864944458007812e+00
4.222478151321411133e+00
3.394758224487304688e+00
5.287843227386474609e+00
3.865763187408447266e+00
3.493484973907470703e+00
4.851613044738769531e+00
6.427839040756225586e+00
3.557860136032104492e+00
3.953502178192138672e+00
3.973898172378540039e+00
3.634124040603637695e+00
4.023557186126708984e+00
3.216837882995605469e+00
4.966752052307128906e+00
4.617520093917846680e+00
3.834139823913574219e+00
3.810654401779174805e+00
3.982913017272949219e+00
4.049515962600708008e+00
2.697650909423828125e+00
3.917362928390502930e+00
3.528573036193847656e+00
3.768981933593750000e+00
3.211210012435913086e+00
3.470877885818481445e+00
4.267518043518066406e+00
3.403163909912109375e+00
4.187824249267578125e+00
4.427327871322631836e+00
4.270076990127563477e+00
4.026142358779907227e+00
4.510360956192016602e+00
3.555558204650878906e+00
3.083488941192626953e+00
3.543041944503784180e+00
4.594444990158081055e+00
4.663700819015502930e+00
3.629219055175781250e+00
3.717044115066528320e+00
4.775781154632568359e+00
2.421913862228393555e+00
2.762343168258666992e+00
4.747950077056884766e+00
3.555562973022460938e+00
5.119184017181396484e+00
2.793226957321166992e+00
6.195425987243652344e+00
5.537019968032836914e+00
2.868957042694091797e+00
2.873682975769042969e+00
3.824851989746093750e+00
2.599268913269042969e+00
5.370287895202636719e+00
3.066510200500488281e+00
3.619450092315673828e+00
3.882115125656127930e+00
2.971386909484863281e+00
4.457276105880737305e+00
4.144296884536743164e+00
2.951209068298339844e+00
3.049772739410400391e+00
5.033563852310180664e+00
3.271150827407836914e+00
4.154412031173706055e+00
2.936515808105468750e+00
2.473371028900146484e+00
3.223067045211791992e+00
4.684442996978759766e+00
4.921913862228393555e+00
3.409560203552246094e+00
3.000737190246582031e+00
2.894979715347290039e+00
3.909482955932617188e+00
4.283824920654296875e+00
3.105518102645874023e+00
3.250718116760253906e+00
3.331634998321533203e+00
5.642343997955322266e+00
3.108550310134887695e+00
3.320200920104980469e+00
3.553667783737182617e+00
2.943506240844726562e+00
3.396157026290893555e+00
3.777276992797851562e+00
3.872834205627441406e+00
3.703182935714721680e+00
3.393876075744628906e+00
3.701086997985839844e+00
3.131607770919799805e+00
4.025546312332153320e+00
3.549106836318969727e+00
3.569839239120483398e+00
3.299101114273071289e+00
3.982727766036987305e+00
3.710082054138183594e+00
5.070852279663085938e+00
4.334063053131103516e+00
2.441645860671997070e+00
3.458496093750000000e+00
2.853766918182373047e+00
3.481477975845336914e+00
3.729128837585449219e+00
3.647632122039794922e+00
3.642539024353027344e+00
4.352914810180664062e+00
3.690906763076782227e+00
3.813555955886840820e+00
3.593303203582763672e+00
4.573047876358032227e+00
4.646427154541015625e+00
3.715140104293823242e+00
5.202908992767333984e+00
4.319173812866210938e+00
3.757608890533447266e+00
4.763163089752197266e+00
3.445456743240356445e+00
4.621652841567993164e+00
6.223306894302368164e+00
3.047263860702514648e+00
3.914062023162841797e+00
4.856237888336181641e+00
4.700325012207031250e+00
5.768465757369995117e+00
4.995917081832885742e+00
4.188503980636596680e+00
3.599810838699340820e+00
4.165405988693237305e+00
5.095170021057128906e+00
4.137041091918945312e+00
4.993355035781860352e+00
3.044872999191284180e+00
4.241749048233032227e+00
3.656291723251342773e+00
3.770588159561157227e+00
4.796442985534667969e+00
3.498300075531005859e+00
3.799795866012573242e+00
3.234431028366088867e+00
3.572183847427368164e+00
3.935895681381225586e+00
4.156264066696166992e+00
4.217695951461791992e+00
4.248615980148315430e+00
3.780916929244995117e+00
4.084644794464111328e+00
4.239048957824707031e+00
4.582343101501464844e+00
4.224517107009887695e+00
5.946195840835571289e+00
4.235826969146728516e+00
4.746811866760253906e+00
3.834159851074218750e+00
5.085927009582519531e+00
4.420653104782104492e+00
5.218389034271240234e+00
3.704972028732299805e+00
5.108355998992919922e+00
4.098822116851806641e+00
4.494364023208618164e+00
2.876477956771850586e+00
3.895686149597167969e+00
4.565822839736938477e+00
4.660892009735107422e+00
3.940453767776489258e+00
3.403176784515380859e+00
4.517947196960449219e+00
5.573536157608032227e+00
5.437499046325683594e+00
4.880280733108520508e+00
3.500216960906982422e+00
4.981414794921875000e+00
3.760310173034667969e+00
5.071614980697631836e+00
3.186810016632080078e+00
6.194112062454223633e+00
3.526701211929321289e+00
3.521850824356079102e+00
3.060199022293090820e+00
3.216963052749633789e+00
3.856626749038696289e+00
3.548214912414550781e+00
4.350749969482421875e+00
4.471956968307495117e+00
4.489793062210083008e+00
3.468641042709350586e+00
4.554270029067993164e+00
4.887376785278320312e+00
3.244095325469970703e+00
4.010303974151611328e+00
3.476594209671020508e+00
4.900652885437011719e+00
4.855773925781250000e+00
3.408376693725585938e+00
2.341414928436279297e+00
4.562697887420654297e+00
3.319612979888916016e+00
3.946866035461425781e+00
3.067260265350341797e+00
4.842810869216918945e+00
5.533937931060791016e+00
3.198824167251586914e+00
3.319046974182128906e+00
3.136016130447387695e+00
3.247042179107666016e+00
3.535855770111083984e+00
5.557780027389526367e+00
4.257955074310302734e+00
4.115520000457763672e+00
3.490283727645874023e+00
3.897864341735839844e+00
3.404917955398559570e+00
3.400672674179077148e+00
3.593894958496093750e+00
3.737595081329345703e+00
3.666700839996337891e+00
2.776495933532714844e+00
3.968722820281982422e+00
3.900286912918090820e+00
4.927917718887329102e+00
3.318176984786987305e+00
3.601626873016357422e+00
4.830903053283691406e+00
5.722076177597045898e+00
3.547695875167846680e+00
2.877115011215209961e+00
3.437299013137817383e+00
4.195612907409667969e+00
3.128063917160034180e+00
3.903288125991821289e+00
4.284136056900024414e+00
3.949162006378173828e+00
3.790075063705444336e+00
5.119805812835693359e+00
5.337377071380615234e+00
3.227870941162109375e+00
4.108303070068359375e+00
3.429821252822875977e+00
2.651803016662597656e+00
3.152761936187744141e+00
4.628972768783569336e+00
3.951783895492553711e+00
2.343656778335571289e+00
5.703886032104492188e+00
2.991732835769653320e+00
3.975039958953857422e+00
2.640021085739135742e+00
4.266839265823364258e+00
2.862000703811645508e+00
2.966433048248291016e+00
5.062136888504028320e+00
3.132949113845825195e+00
3.415153026580810547e+00
4.105456113815307617e+00
2.945915937423706055e+00
3.208930730819702148e+00
3.919287919998168945e+00
5.529154062271118164e+00
2.837893724441528320e+00
3.714646100997924805e+00
3.393013000488281250e+00
2.847087144851684570e+00
4.600167274475097656e+00
3.873356103897094727e+00
6.226788997650146484e+00
4.029124975204467773e+00
3.227220058441162109e+00
4.045397996902465820e+00
3.309742212295532227e+00
2.991512060165405273e+00
4.442768096923828125e+00
4.379599809646606445e+00
3.949634075164794922e+00
3.362200021743774414e+00
4.013735055923461914e+00
3.370019912719726562e+00
4.178541898727416992e+00
2.867540121078491211e+00
3.269811868667602539e+00
4.341281890869140625e+00
2.649471282958984375e+00
3.174877882003784180e+00
3.961104154586791992e+00
4.402503013610839844e+00
2.318877935409545898e+00
4.003127098083496094e+00
3.507888793945312500e+00
2.968087673187255859e+00
2.845287799835205078e+00
3.228569984436035156e+00
3.323812961578369141e+00
4.051767110824584961e+00
4.374595165252685547e+00
4.310410022735595703e+00
5.105491876602172852e+00
3.894831180572509766e+00
4.676049232482910156e+00
4.150443077087402344e+00
3.676235914230346680e+00
4.570632934570312500e+00
3.501616239547729492e+00
3.787039041519165039e+00
4.454248905181884766e+00
4.290251016616821289e+00
4.500003814697265625e+00
3.051066160202026367e+00
3.942683935165405273e+00
4.140410184860229492e+00
3.486116886138916016e+00
4.425354003906250000e+00
5.591722011566162109e+00
4.098882913589477539e+00
5.387785911560058594e+00
2.638385772705078125e+00
4.533697128295898438e+00
2.476459741592407227e+00
4.136814832687377930e+00
3.460530996322631836e+00
4.544317960739135742e+00
5.502491950988769531e+00
3.197873830795288086e+00
5.725434064865112305e+00
4.209778070449829102e+00
4.678741931915283203e+00
2.488782644271850586e+00
4.408953905105590820e+00
5.526619911193847656e+00
5.004378795623779297e+00
4.649495601654052734e+00
3.544095993041992188e+00
6.246438026428222656e+00
3.833395004272460938e+00
4.554106950759887695e+00
4.270445823669433594e+00
4.936184167861938477e+00
5.190527915954589844e+00
5.516829967498779297e+00
5.246206998825073242e+00
5.051224231719970703e+00
3.894881010055541992e+00
3.633749961853027344e+00
4.609338045120239258e+00
5.807610750198364258e+00
4.924652099609375000e+00
5.303594112396240234e+00
6.641328096389770508e+00
4.437801837921142578e+00
4.298242807388305664e+00
6.079923391342163086e+00
3.893177986145019531e+00
5.986677885055541992e+00
4.362957000732421875e+00
4.790642023086547852e+00
5.129177093505859375e+00
4.465347051620483398e+00
5.165107965469360352e+00
4.884145736694335938e+00
6.587135791778564453e+00
5.243124008178710938e+00
6.620181083679199219e+00
5.476992130279541016e+00
4.554415225982666016e+00
4.275979995727539062e+00
4.914494991302490234e+00
6.336333751678466797e+00
6.304823160171508789e+00
4.395618915557861328e+00
5.136886119842529297e+00
7.262735843658447266e+00
3.958976984024047852e+00
6.795675754547119141e+00
5.712020158767700195e+00
4.932113170623779297e+00
4.420135021209716797e+00
3.799974203109741211e+00
6.291213989257812500e+00
6.834514141082763672e+00
2.551565885543823242e+00
5.835261106491088867e+00
4.789471149444580078e+00
4.885256052017211914e+00
5.124706745147705078e+00
5.240868806838989258e+00
6.558330774307250977e+00
4.145252943038940430e+00
5.459674835205078125e+00
5.819731950759887695e+00
5.156315803527832031e+00
4.296838760375976562e+00
6.550410032272338867e+00
4.263132810592651367e+00
3.826119184494018555e+00
6.607322216033935547e+00
4.392483949661254883e+00
5.517386913299560547e+00
4.988689899444580078e+00
5.426763057708740234e+00
5.093669176101684570e+00
3.125271081924438477e+00
4.459100008010864258e+00
6.969553947448730469e+00
6.082607746124267578e+00
3.423606157302856445e+00
4.413668870925903320e+00
5.077913999557495117e+00
2.961059093475341797e+00
5.074172019958496094e+00
5.448561906814575195e+00
2.947176933288574219e+00
4.641761064529418945e+00
3.495874166488647461e+00
4.710214853286743164e+00
2.592981100082397461e+00
5.068846225738525391e+00
6.990731000900268555e+00
4.496595859527587891e+00
3.520019769668579102e+00
4.743037939071655273e+00
6.616436004638671875e+00
5.578069210052490234e+00
4.664042949676513672e+00
4.664842844009399414e+00
5.258365869522094727e+00
3.993056058883666992e+00
4.298350095748901367e+00
4.804340839385986328e+00
4.354440927505493164e+00
3.035226106643676758e+00
4.302655935287475586e+00
4.823550939559936523e+00
5.322858095169067383e+00
5.623137712478637695e+00
3.786291122436523438e+00
2.568269968032836914e+00
5.894758224487304688e+00
7.264809846878051758e+00
4.914044857025146484e+00
3.719948053359985352e+00
3.817919254302978516e+00
2.783277988433837891e+00
6.072019815444946289e+00
3.353048086166381836e+00
2.962834119796752930e+00
3.368203878402709961e+00
4.358648061752319336e+00
4.185512065887451172e+00
2.315884828567504883e+00
4.079962968826293945e+00
3.627766132354736328e+00
7.156712055206298828e+00
4.191326856613159180e+00
4.244065046310424805e+00
3.129313945770263672e+00
5.028054952621459961e+00
3.589969873428344727e+00
3.307703018188476562e+00
3.163986921310424805e+00
4.638245344161987305e+00
3.656713962554931641e+00
4.815455913543701172e+00
5.664131164550781250e+00
2.843700885772705078e+00
4.441182136535644531e+00
3.665220022201538086e+00
2.440101861953735352e+00
3.104223966598510742e+00
3.870468139648437500e+00
2.749799728393554688e+00
3.878283023834228516e+00
4.720967769622802734e+00
3.611877918243408203e+00
3.885021924972534180e+00
2.168939113616943359e+00
4.242759227752685547e+00
3.710375070571899414e+00
2.785868644714355469e+00
4.243238925933837891e+00
4.196180820465087891e+00
5.038800239562988281e+00
4.230093717575073242e+00
2.647785902023315430e+00
3.322178125381469727e+00
4.022530078887939453e+00
4.157955884933471680e+00
4.480639934539794922e+00
3.675399780273437500e+00
3.254097938537597656e+00
3.091346025466918945e+00
4.773410797119140625e+00
2.596820831298828125e+00
4.791123867034912109e+00
2.847421884536743164e+00
4.859119176864624023e+00
2.939923763275146484e+00
3.500463962554931641e+00
3.314995050430297852e+00
4.142231941223144531e+00
4.536860942840576172e+00
3.531260013580322266e+00
3.571868896484375000e+00
8.104685068130493164e+00
3.456955909729003906e+00
4.009646177291870117e+00
3.654694080352783203e+00
3.586772918701171875e+00
3.647178173065185547e+00
3.937070846557617188e+00
3.983633041381835938e+00
3.800811052322387695e+00
5.483972072601318359e+00
3.030192136764526367e+00
2.353894233703613281e+00
4.156998157501220703e+00
4.173691987991333008e+00
3.638911962509155273e+00
4.540421247482299805e+00
4.466758012771606445e+00
3.684786081314086914e+00
3.233343124389648438e+00
3.616076231002807617e+00
3.984740257263183594e+00
4.640626192092895508e+00
4.420119047164916992e+00
4.181710004806518555e+00
3.640319108963012695e+00
3.916779041290283203e+00
4.262620210647583008e+00
4.252678871154785156e+00
3.604782104492187500e+00
4.307496786117553711e+00
3.618218898773193359e+00
3.827805280685424805e+00
3.683289766311645508e+00
5.075878143310546875e+00
3.422776937484741211e+00
5.234264850616455078e+00
5.253988742828369141e+00
4.902498006820678711e+00
4.856200933456420898e+00
5.311184167861938477e+00
4.315348863601684570e+00
4.055104017257690430e+00
3.905205965042114258e+00
4.483165025711059570e+00
5.584564924240112305e+00
5.126929998397827148e+00
4.731807947158813477e+00
6.252563953399658203e+00
4.522671937942504883e+00
4.752616167068481445e+00
3.955439090728759766e+00
5.235111236572265625e+00
4.944379806518554688e+00
2.906358957290649414e+00
5.066231966018676758e+00
4.575721263885498047e+00
5.123304843902587891e+00
4.870729923248291016e+00
5.162688016891479492e+00
4.996675968170166016e+00
3.170989036560058594e+00
4.983628034591674805e+00
4.843482971191406250e+00
5.024332046508789062e+00
4.114990234375000000e+00
4.881808042526245117e+00
3.282645940780639648e+00
3.720042943954467773e+00
3.835827827453613281e+00
5.387582778930664062e+00
4.982367038726806641e+00
5.781981945037841797e+00
3.427936077117919922e+00
5.014187097549438477e+00
5.002928018569946289e+00
4.019534111022949219e+00
5.099982023239135742e+00
5.488429784774780273e+00
6.386340141296386719e+00
3.592998981475830078e+00
3.068225622177124023e+00
6.271923065185546875e+00
3.185683250427246094e+00
5.310853004455566406e+00
3.842646121978759766e+00
3.695230960845947266e+00
3.786720991134643555e+00
6.412745952606201172e+00
5.711516857147216797e+00
4.223324060440063477e+00
5.724862813949584961e+00
3.801306009292602539e+00
4.124480009078979492e+00
5.953588008880615234e+00
4.841981887817382812e+00
3.832671880722045898e+00
2.663475990295410156e+00
2.485388040542602539e+00
4.388219118118286133e+00
4.150127887725830078e+00
4.850703716278076172e+00
5.249166250228881836e+00
6.290035963058471680e+00
5.111066818237304688e+00
5.647632837295532227e+00
5.890604972839355469e+00
6.283355951309204102e+00
5.999519824981689453e+00
5.415377855300903320e+00
3.081986904144287109e+00
5.946826934814453125e+00
5.974379062652587891e+00
4.218950748443603516e+00
3.293009281158447266e+00
5.605488061904907227e+00
6.554499149322509766e+00
3.717922925949096680e+00
5.461416959762573242e+00
3.268302917480468750e+00
3.068921089172363281e+00
3.874313831329345703e+00
6.364167928695678711e+00
6.918606042861938477e+00
6.803713083267211914e+00
6.749125003814697266e+00
3.457615137100219727e+00
6.071205854415893555e+00
6.358680009841918945e+00
4.702116250991821289e+00
5.940518856048583984e+00
5.787883758544921875e+00
6.853390693664550781e+00
4.498040914535522461e+00
4.042442083358764648e+00
3.591781139373779297e+00
4.951062202453613281e+00
6.364186763763427734e+00
3.044308900833129883e+00
3.922947883605957031e+00
6.546018123626708984e+00
5.105649232864379883e+00
7.205852270126342773e+00
3.943984985351562500e+00
6.724450111389160156e+00
4.487363100051879883e+00
5.581831932067871094e+00
3.845691919326782227e+00
4.294719934463500977e+00
6.385458946228027344e+00
4.154570102691650391e+00
7.163507223129272461e+00
5.350556850433349609e+00
3.911287784576416016e+00
4.139142990112304688e+00
4.069654703140258789e+00
6.937698125839233398e+00
6.565854310989379883e+00
7.488207101821899414e+00
5.530771970748901367e+00
6.717958927154541016e+00
3.248118162155151367e+00
7.182926177978515625e+00
3.891340017318725586e+00
3.093986988067626953e+00
6.667385101318359375e+00
3.801442861557006836e+00
4.029178857803344727e+00
5.679398775100708008e+00
3.500085115432739258e+00
4.809272766113281250e+00
9.528667926788330078e+00
4.459337949752807617e+00
4.492831945419311523e+00
6.951651811599731445e+00
5.240853071212768555e+00
2.964546918869018555e+00
3.908350944519042969e+00
3.516861915588378906e+00
3.340183019638061523e+00
3.400893926620483398e+00
3.211918830871582031e+00
3.737532854080200195e+00
3.511376857757568359e+00
3.337049007415771484e+00
3.196981668472290039e+00
3.478616952896118164e+00
3.616643905639648438e+00
3.174966812133789062e+00
3.481073856353759766e+00
3.718608856201171875e+00
3.519768953323364258e+00
2.795449018478393555e+00
4.695487260818481445e+00
3.035247087478637695e+00
5.707573890686035156e+00
3.527774810791015625e+00
3.649642944335937500e+00
3.864701271057128906e+00
3.724855899810791016e+00
4.459218978881835938e+00
5.916501045227050781e+00
5.099028110504150391e+00
3.817762851715087891e+00
2.695209026336669922e+00
3.637583017349243164e+00
4.488338947296142578e+00
2.553704023361206055e+00
3.743763923645019531e+00
4.642398834228515625e+00
3.616866111755371094e+00
3.654071092605590820e+00
5.374797821044921875e+00
4.115328073501586914e+00
3.654898166656494141e+00
2.852435827255249023e+00
3.782833814620971680e+00
3.410192966461181641e+00
3.079503774642944336e+00
3.503571271896362305e+00
4.965590953826904297e+00
4.564252138137817383e+00
2.769619941711425781e+00
2.767342805862426758e+00
4.584362030029296875e+00
4.149653911590576172e+00
4.033990144729614258e+00
8.144450902938842773e+00
5.157119035720825195e+00
4.795593976974487305e+00
3.148853063583374023e+00
4.824073791503906250e+00
5.285537958145141602e+00
3.500586032867431641e+00
3.385560989379882812e+00
4.675656318664550781e+00
5.293988227844238281e+00
2.611900806427001953e+00
2.692274093627929688e+00
3.472790956497192383e+00
3.560774087905883789e+00
3.468184709548950195e+00
3.302354812622070312e+00
2.469821214675903320e+00
3.772726058959960938e+00
2.606725931167602539e+00
3.481282949447631836e+00
2.925875902175903320e+00
3.021465778350830078e+00
3.490356922149658203e+00
5.136276960372924805e+00
3.039533853530883789e+00
3.652662754058837891e+00
2.453257083892822266e+00
3.369338274002075195e+00
3.286426067352294922e+00
4.989893913269042969e+00
3.415470838546752930e+00
3.697338819503784180e+00
3.370529890060424805e+00
3.546469211578369141e+00
3.706964015960693359e+00
4.584539890289306641e+00
2.810163021087646484e+00
4.248896837234497070e+00
2.746377944946289062e+00
4.284656286239624023e+00
5.547542095184326172e+00
3.744258880615234375e+00
2.976921081542968750e+00
3.413887262344360352e+00
3.504807233810424805e+00
3.215302228927612305e+00
3.110609769821166992e+00
3.987129688262939453e+00
3.748440027236938477e+00
4.260613918304443359e+00
3.993854045867919922e+00
4.573443174362182617e+00
3.942692995071411133e+00
4.165621042251586914e+00
3.543724060058593750e+00
3.753345012664794922e+00
3.616629123687744141e+00
3.742336988449096680e+00
3.707619905471801758e+00
4.598046302795410156e+00
4.390775203704833984e+00
3.508069038391113281e+00
4.552697896957397461e+00
4.922149896621704102e+00
3.265731096267700195e+00
3.678550958633422852e+00
3.010076045989990234e+00
3.977279901504516602e+00
3.719797849655151367e+00
4.334568023681640625e+00
3.489154100418090820e+00
5.134361028671264648e+00
3.261103153228759766e+00
3.919579982757568359e+00
4.016670942306518555e+00
3.924484968185424805e+00
2.306580781936645508e+00
3.447463274002075195e+00
2.514318227767944336e+00
3.898989915847778320e+00
3.811917066574096680e+00
3.379857301712036133e+00
4.530804872512817383e+00
2.821121692657470703e+00
2.792321920394897461e+00
4.788553237915039062e+00
3.049978733062744141e+00
3.945590019226074219e+00
2.939508914947509766e+00
3.295469045639038086e+00
4.436316728591918945e+00
3.178676128387451172e+00
3.306255817413330078e+00
3.698150157928466797e+00
3.958904981613159180e+00
3.481464862823486328e+00
3.158943176269531250e+00
5.080595254898071289e+00
3.646466016769409180e+00
3.845870256423950195e+00
4.856718778610229492e+00
3.621501207351684570e+00
5.070195913314819336e+00
3.919174194335937500e+00
3.963241100311279297e+00
3.670771121978759766e+00
5.428598880767822266e+00
3.109586000442504883e+00
3.925195932388305664e+00
4.395459890365600586e+00
4.211364746093750000e+00
5.213163852691650391e+00
4.186765193939208984e+00
3.747373104095458984e+00
4.546695947647094727e+00
4.596515178680419922e+00
4.152189970016479492e+00
3.393441915512084961e+00
4.130033969879150391e+00
4.588251113891601562e+00
4.539749860763549805e+00
4.287251234054565430e+00
5.401210069656372070e+00
4.333232879638671875e+00
4.710007190704345703e+00
4.582947015762329102e+00
4.780079126358032227e+00
5.633066892623901367e+00
4.551228046417236328e+00
6.049849271774291992e+00
4.775755167007446289e+00
3.525257825851440430e+00
4.837625026702880859e+00
5.837925910949707031e+00
3.404007196426391602e+00
6.447841644287109375e+00
5.927972793579101562e+00
3.540055036544799805e+00
3.471613883972167969e+00
4.024377822875976562e+00
3.985359907150268555e+00
4.552477121353149414e+00
4.571542024612426758e+00
5.112076044082641602e+00
4.164718151092529297e+00
3.723079919815063477e+00
4.725466012954711914e+00
2.987754106521606445e+00
5.145623683929443359e+00
3.459424972534179688e+00
2.886399984359741211e+00
3.892287969589233398e+00
2.615051031112670898e+00
3.292270183563232422e+00
3.223809003829956055e+00
4.139961719512939453e+00
3.044344902038574219e+00
3.023255109786987305e+00
3.085525989532470703e+00
4.960947036743164062e+00
2.956709146499633789e+00
4.196567058563232422e+00
2.796418190002441406e+00
2.996763706207275391e+00
3.295333147048950195e+00
3.587704896926879883e+00
4.345993995666503906e+00
3.180239200592041016e+00
3.114097833633422852e+00
3.345340251922607422e+00
3.567610263824462891e+00
4.275069952011108398e+00
5.153210163116455078e+00
3.586045980453491211e+00
4.492647886276245117e+00
3.031311035156250000e+00
4.805194854736328125e+00
5.136101245880126953e+00
3.785559177398681641e+00
5.020874023437500000e+00
5.173723936080932617e+00
6.397684097290039062e+00
3.428582191467285156e+00
4.690627098083496094e+00
4.938750982284545898e+00
3.088381052017211914e+00
5.017154932022094727e+00
7.068493127822875977e+00
3.537003755569458008e+00
5.795831918716430664e+00
4.799882888793945312e+00
3.730020284652709961e+00
6.703509092330932617e+00
4.881258964538574219e+00
4.651932954788208008e+00
3.241924047470092773e+00
5.274218082427978516e+00
5.992405891418457031e+00
6.628802061080932617e+00
3.842233896255493164e+00
3.612164974212646484e+00
4.464650154113769531e+00
5.475214004516601562e+00
4.291150093078613281e+00
3.162894248962402344e+00
2.998291969299316406e+00
3.056701183319091797e+00
6.078279733657836914e+00
5.278949975967407227e+00
4.238773107528686523e+00
3.730216979980468750e+00
3.306291103363037109e+00
6.372752189636230469e+00
3.927398204803466797e+00
3.848206758499145508e+00
3.539485216140747070e+00
5.182162046432495117e+00
6.389178991317749023e+00
3.502715826034545898e+00
4.220155954360961914e+00
5.323856830596923828e+00
3.909193992614746094e+00
3.826745986938476562e+00
3.786134958267211914e+00
4.281064987182617188e+00
5.396382093429565430e+00
5.541421175003051758e+00
5.344998836517333984e+00
4.755238771438598633e+00
4.384958982467651367e+00
4.008522033691406250e+00
3.625035047531127930e+00
3.923323154449462891e+00
3.881059885025024414e+00
5.120643854141235352e+00
4.801018238067626953e+00
4.119577884674072266e+00
4.219036102294921875e+00
4.055614948272705078e+00
3.904258966445922852e+00
3.877424955368041992e+00
4.102437019348144531e+00
4.759294033050537109e+00
3.133923768997192383e+00
5.127976894378662109e+00
4.704509973526000977e+00
4.418038129806518555e+00
4.170016050338745117e+00
4.561103820800781250e+00
4.759064197540283203e+00
4.614498138427734375e+00
5.111749172210693359e+00
4.395371913909912109e+00
4.641481876373291016e+00
4.673729658126831055e+00
4.875333309173583984e+00
8.228343963623046875e+00
5.382021188735961914e+00
4.397943735122680664e+00
5.522799015045166016e+00
2.903316974639892578e+00
4.447686910629272461e+00
5.586153984069824219e+00
5.541622877120971680e+00
4.885278940200805664e+00
5.720217943191528320e+00
5.233445882797241211e+00
5.824519395828247070e+00
4.945512294769287109e+00
5.562366008758544922e+00
3.852168798446655273e+00
5.264414310455322266e+00
5.353606224060058594e+00
4.317516088485717773e+00
4.442353248596191406e+00
5.101865291595458984e+00
3.566050052642822266e+00
5.070003986358642578e+00
3.721229076385498047e+00
4.541848897933959961e+00
6.269106864929199219e+00
4.691426038742065430e+00
3.747544050216674805e+00
5.066242218017578125e+00
3.666761159896850586e+00
4.749982118606567383e+00
3.411436080932617188e+00
4.649860143661499023e+00
3.762501001358032227e+00
4.057838916778564453e+00
4.755822896957397461e+00
5.683734893798828125e+00
3.761507987976074219e+00
5.555523872375488281e+00
4.981864929199218750e+00
5.093080759048461914e+00
6.007411956787109375e+00
5.370152950286865234e+00
4.945888042449951172e+00
4.971675157546997070e+00
3.491932153701782227e+00
5.681515932083129883e+00
4.959826231002807617e+00
5.014843940734863281e+00
5.954685926437377930e+00
5.157701730728149414e+00
5.641971111297607422e+00
4.945058822631835938e+00
6.668642044067382812e+00
4.956984758377075195e+00
4.452814102172851562e+00
5.859187126159667969e+00
4.970661163330078125e+00
3.660682916641235352e+00
4.200299978256225586e+00
4.309556007385253906e+00
5.004989862442016602e+00
4.450026035308837891e+00
5.147323846817016602e+00
4.141709089279174805e+00
3.330782890319824219e+00
4.563565969467163086e+00
3.931602239608764648e+00
5.658111810684204102e+00
4.910975933074951172e+00
5.336817979812622070e+00
5.175673007965087891e+00
5.209745168685913086e+00
4.482046127319335938e+00
3.579554080963134766e+00
5.114707946777343750e+00
4.716585159301757812e+00
4.207583904266357422e+00
4.675120115280151367e+00
3.742006063461303711e+00
3.758608102798461914e+00
3.554872035980224609e+00
3.538781881332397461e+00
3.568291187286376953e+00
3.838137149810791016e+00
3.754030227661132812e+00
3.668534040451049805e+00
3.619323968887329102e+00
3.813541173934936523e+00
3.841473817825317383e+00
4.986584901809692383e+00
4.531437873840332031e+00
3.960495948791503906e+00
4.047630071640014648e+00
4.510260343551635742e+00
3.921136140823364258e+00
3.998352050781250000e+00
3.490386962890625000e+00
5.820635795593261719e+00
4.184370994567871094e+00
6.951610088348388672e+00
4.695021867752075195e+00
4.149923801422119141e+00
5.131963968276977539e+00
5.068994045257568359e+00
5.021648883819580078e+00
5.361450910568237305e+00
3.514908790588378906e+00
4.154840230941772461e+00
3.584231138229370117e+00
3.568526983261108398e+00
4.373515129089355469e+00
3.610670804977416992e+00
5.142244100570678711e+00
3.182959079742431641e+00
3.506750822067260742e+00
4.897573947906494141e+00
3.788225889205932617e+00
3.791102170944213867e+00
3.743443012237548828e+00
4.311818599700927734e+00
3.953346014022827148e+00
3.914928913116455078e+00
3.498277902603149414e+00
4.109172821044921875e+00
3.823397874832153320e+00
3.611849069595336914e+00
3.968078851699829102e+00
5.040863037109375000e+00
4.267449855804443359e+00
4.013533353805541992e+00
4.512250185012817383e+00
5.416172981262207031e+00
2.895529031753540039e+00
3.561942100524902344e+00
3.343837976455688477e+00
4.803989887237548828e+00
4.898423671722412109e+00
3.632060050964355469e+00
5.728068113327026367e+00
3.412015199661254883e+00
3.378766775131225586e+00
3.530533075332641602e+00
2.202001333236694336e+00
4.600865125656127930e+00
3.476927042007446289e+00
6.010865211486816406e+00
3.663065910339355469e+00
4.108244180679321289e+00
2.750530958175659180e+00
5.338083028793334961e+00
4.594606876373291016e+00
2.700223922729492188e+00
2.514876842498779297e+00
3.800194025039672852e+00
4.406210184097290039e+00
2.524260044097900391e+00
4.399024963378906250e+00
3.042216777801513672e+00
3.406992197036743164e+00
4.728021144866943359e+00
3.049111127853393555e+00
4.873802900314331055e+00
4.461069107055664062e+00
3.081156253814697266e+00
4.923216819763183594e+00
4.427597761154174805e+00
4.944813966751098633e+00
4.838704109191894531e+00
4.536584854125976562e+00
4.994491100311279297e+00
2.925221920013427734e+00
3.560310125350952148e+00
4.509122133255004883e+00
3.217254877090454102e+00
4.769291162490844727e+00
5.010083675384521484e+00
4.673009157180786133e+00
5.083440065383911133e+00
5.164798974990844727e+00
6.092013120651245117e+00
4.001079082489013672e+00
2.817091703414916992e+00
4.283339738845825195e+00
4.813749074935913086e+00
4.828546047210693359e+00
2.843659877777099609e+00
5.332290649414062500e+00
3.657175064086914062e+00
4.306552171707153320e+00
6.271175861358642578e+00
5.421646833419799805e+00
4.267369031906127930e+00
5.479661226272583008e+00
3.405842304229736328e+00
3.882188081741333008e+00
7.597547054290771484e+00
3.926461935043334961e+00
6.504853010177612305e+00
5.607229948043823242e+00
5.776021003723144531e+00
4.645458936691284180e+00
5.512623071670532227e+00
5.375818014144897461e+00
5.631268024444580078e+00
5.363018035888671875e+00
4.041799068450927734e+00
4.109342813491821289e+00
3.413327932357788086e+00
5.608419656753540039e+00
3.009271860122680664e+00
5.682190895080566406e+00
3.773494958877563477e+00
3.791476011276245117e+00
5.470860004425048828e+00
4.318356037139892578e+00
4.207073926925659180e+00
6.094492912292480469e+00
5.327098131179809570e+00
4.308678865432739258e+00
5.576514005661010742e+00
5.332170963287353516e+00
4.052529811859130859e+00
3.692595005035400391e+00
4.401347875595092773e+00
4.649565935134887695e+00
5.954128980636596680e+00
4.250054359436035156e+00
4.236863136291503906e+00
5.762636184692382812e+00
5.075389146804809570e+00
4.086694240570068359e+00
4.326686859130859375e+00
3.422191858291625977e+00
6.703485250473022461e+00
3.777651071548461914e+00
3.741611957550048828e+00
7.581958770751953125e+00
2.851495981216430664e+00
3.454875946044921875e+00
4.491366863250732422e+00
5.742512226104736328e+00
4.128561258316040039e+00
3.633841991424560547e+00
4.530022859573364258e+00
3.049289941787719727e+00
6.215620756149291992e+00
3.753595113754272461e+00
4.930418729782104492e+00
5.172958850860595703e+00
4.252228975296020508e+00
2.654530048370361328e+00
4.771035194396972656e+00
4.160070896148681641e+00
5.004445075988769531e+00
3.634823322296142578e+00
3.835097789764404297e+00
2.921211719512939453e+00
5.376178979873657227e+00
3.701061964035034180e+00
3.501819133758544922e+00
3.121049165725708008e+00
4.579240083694458008e+00
5.019556999206542969e+00
3.569644689559936523e+00
3.600697040557861328e+00
3.750058174133300781e+00
3.355525016784667969e+00
5.020224809646606445e+00
3.349444866180419922e+00
3.164994955062866211e+00
3.772952795028686523e+00
3.857098102569580078e+00
2.660824060440063477e+00
2.962070941925048828e+00
4.124201297760009766e+00
5.441103935241699219e+00
4.005688190460205078e+00
3.081489801406860352e+00
3.648157835006713867e+00
3.235691070556640625e+00
4.179983139038085938e+00
3.109641075134277344e+00
3.128674745559692383e+00
3.662169694900512695e+00
4.718116998672485352e+00
4.163744926452636719e+00
3.314704179763793945e+00
3.735948085784912109e+00
3.032377958297729492e+00
2.740040063858032227e+00
3.661494016647338867e+00
3.123121976852416992e+00
3.618176937103271484e+00
3.414367914199829102e+00
3.675328016281127930e+00
2.794911146163940430e+00
3.430394172668457031e+00
4.767723083496093750e+00
3.851545095443725586e+00
3.872782230377197266e+00
4.000123023986816406e+00
3.708031892776489258e+00
3.551136016845703125e+00
3.326116800308227539e+00
4.566148042678833008e+00
3.566738128662109375e+00
3.458288192749023438e+00
3.327611207962036133e+00
4.697251081466674805e+00
3.854954004287719727e+00
4.790928840637207031e+00
4.801280975341796875e+00
4.849923133850097656e+00
3.778992891311645508e+00
3.983604907989501953e+00
4.808543920516967773e+00
4.854195117950439453e+00
4.087924003601074219e+00
4.612261056900024414e+00
4.952978849411010742e+00
4.058223009109497070e+00
2.941059112548828125e+00
3.994893789291381836e+00
4.785693168640136719e+00
3.643408060073852539e+00
4.509988307952880859e+00
4.349771976470947266e+00
4.487485885620117188e+00
4.506213188171386719e+00
4.475837945938110352e+00
4.704175949096679688e+00
4.272866249084472656e+00
3.577409029006958008e+00
4.574064970016479492e+00
3.819734096527099609e+00
2.975716114044189453e+00
3.798601865768432617e+00
5.429481029510498047e+00
4.881889820098876953e+00
5.218819141387939453e+00
3.466462135314941406e+00
7.951983213424682617e+00
3.885782957077026367e+00
3.630154848098754883e+00
4.214260816574096680e+00
5.732231140136718750e+00
3.055738210678100586e+00
3.543753862380981445e+00
3.124120712280273438e+00
4.641227006912231445e+00
3.510993003845214844e+00
5.631025791168212891e+00
3.792149066925048828e+00
4.846162080764770508e+00
4.188615798950195312e+00
5.097484827041625977e+00
5.253277778625488281e+00
3.457319021224975586e+00
3.676527738571166992e+00
4.124273061752319336e+00
5.986407041549682617e+00
4.804250001907348633e+00
2.928899049758911133e+00
5.032173156738281250e+00
3.705351829528808594e+00
3.837463140487670898e+00
3.475584030151367188e+00
3.220740079879760742e+00
4.047087192535400391e+00
5.470411062240600586e+00
3.439064025878906250e+00
4.886062145233154297e+00
4.745966196060180664e+00
4.291777133941650391e+00
2.952947139739990234e+00
5.368566989898681641e+00
4.974920034408569336e+00
4.319660902023315430e+00
4.509103775024414062e+00
3.465637922286987305e+00
3.898975133895874023e+00
4.637326955795288086e+00
4.719130992889404297e+00
4.944332122802734375e+00
4.762650966644287109e+00
5.125789880752563477e+00
4.158964872360229492e+00
3.792612075805664062e+00
4.318177938461303711e+00
4.633427143096923828e+00
4.528203725814819336e+00
2.519920825958251953e+00
5.914726734161376953e+00
3.940518856048583984e+00
4.228332996368408203e+00
2.819332838058471680e+00
3.941716909408569336e+00
5.222003936767578125e+00
3.386931180953979492e+00
2.877932071685791016e+00
4.267619848251342773e+00
3.566579818725585938e+00
3.486212730407714844e+00
4.970706939697265625e+00
6.357125997543334961e+00
2.856545925140380859e+00
2.268998861312866211e+00
5.280357837677001953e+00
3.789203882217407227e+00
5.263834953308105469e+00
5.447281837463378906e+00
3.067408323287963867e+00
6.241419076919555664e+00
5.935548067092895508e+00
2.925652980804443359e+00
5.548107147216796875e+00
2.925535917282104492e+00
3.003909826278686523e+00
5.734390974044799805e+00
4.572411775588989258e+00
2.655963897705078125e+00
4.261669874191284180e+00
3.204060792922973633e+00
2.827113866806030273e+00
4.293245077133178711e+00
3.573982954025268555e+00
2.896080017089843750e+00
4.920905828475952148e+00
3.138881921768188477e+00
3.852551937103271484e+00
7.136582136154174805e+00
3.891761779785156250e+00
3.245596170425415039e+00
3.656656265258789062e+00
4.641870021820068359e+00
3.831363201141357422e+00
4.208641052246093750e+00
7.186867952346801758e+00
4.058706045150756836e+00
3.672169923782348633e+00
4.308136940002441406e+00
3.867731809616088867e+00
4.374195814132690430e+00
4.831785917282104492e+00
4.339889049530029297e+00
5.039133310317993164e+00
3.679553985595703125e+00
4.253322124481201172e+00
4.522211074829101562e+00
6.513765096664428711e+00
3.823066949844360352e+00
3.631500005722045898e+00
3.962499141693115234e+00
4.654353857040405273e+00
4.623698949813842773e+00
3.005216121673583984e+00
4.573544979095458984e+00
4.784063816070556641e+00
3.182988882064819336e+00
4.343904018402099609e+00
2.902359962463378906e+00
3.946604013442993164e+00
4.053000926971435547e+00
4.755367755889892578e+00
5.346990108489990234e+00
5.586973190307617188e+00
3.690423965454101562e+00
5.531763076782226562e+00
4.748868942260742188e+00
5.276154756546020508e+00
3.996353149414062500e+00
5.728685140609741211e+00
4.453850030899047852e+00
4.479133844375610352e+00
4.868303298950195312e+00
4.816462993621826172e+00
5.689722061157226562e+00
3.430290937423706055e+00
4.334077119827270508e+00
3.744995117187500000e+00
6.013406991958618164e+00
3.509386062622070312e+00
6.966095209121704102e+00
5.829833030700683594e+00
4.517858028411865234e+00
3.524395942687988281e+00
3.927047014236450195e+00
3.917158842086791992e+00
4.074465990066528320e+00
5.455214738845825195e+00
4.522809743881225586e+00
4.709938049316406250e+00
4.583223104476928711e+00
4.046453952789306641e+00
4.719518899917602539e+00
4.932673692703247070e+00
4.483836889266967773e+00
7.722054958343505859e+00
4.630141973495483398e+00
4.015734910964965820e+00
4.786913871765136719e+00
5.471405982971191406e+00
4.680689096450805664e+00
4.672441720962524414e+00
5.547239780426025391e+00
3.849539995193481445e+00
5.598499059677124023e+00
3.747884988784790039e+00
4.199545860290527344e+00
4.355329990386962891e+00
4.437655687332153320e+00
5.122987747192382812e+00
4.367634057998657227e+00
4.434832811355590820e+00
3.918873071670532227e+00
4.456135272979736328e+00
4.781656980514526367e+00
4.199476003646850586e+00
3.441611051559448242e+00
3.407455921173095703e+00
4.505698919296264648e+00
5.004050970077514648e+00
4.578598022460937500e+00
5.771092176437377930e+00
4.934195995330810547e+00
4.605485916137695312e+00
4.006506919860839844e+00
5.296092033386230469e+00
5.779522657394409180e+00
3.251938104629516602e+00
4.188118934631347656e+00
4.752088069915771484e+00
5.097998142242431641e+00
4.038368225097656250e+00
5.152228116989135742e+00
3.497901201248168945e+00
3.237122058868408203e+00
3.423536777496337891e+00
5.981807231903076172e+00
5.698011875152587891e+00
5.721139907836914062e+00
4.271364927291870117e+00
5.269774913787841797e+00
6.093715906143188477e+00
3.711812973022460938e+00
5.251107931137084961e+00
3.674765110015869141e+00
2.761497735977172852e+00
5.745454072952270508e+00
3.154943943023681641e+00
3.693042993545532227e+00
3.149209737777709961e+00
2.870532035827636719e+00
3.226783037185668945e+00
3.489333152770996094e+00
6.857233285903930664e+00
3.512416601181030273e+00
3.615320920944213867e+00
4.032050132751464844e+00
3.339191675186157227e+00
3.579175949096679688e+00
5.964505910873413086e+00
5.419591903686523438e+00
3.613519906997680664e+00
5.095919847488403320e+00
3.607176780700683594e+00
3.327597141265869141e+00
3.694142103195190430e+00
3.601682186126708984e+00
4.235816001892089844e+00
4.290422916412353516e+00
3.686391115188598633e+00
3.844142198562622070e+00
3.464902877807617188e+00
3.709419012069702148e+00
3.763307094573974609e+00
3.904971599578857422e+00
3.690751314163208008e+00
4.338186025619506836e+00
2.882344007492065430e+00
3.483419179916381836e+00
3.347681999206542969e+00
3.919500112533569336e+00
3.517982959747314453e+00
4.014649152755737305e+00
3.679863691329956055e+00
4.056509733200073242e+00
2.634104967117309570e+00
6.241120100021362305e+00
4.679886102676391602e+00
3.065245866775512695e+00
3.523889780044555664e+00
3.727704048156738281e+00
3.426102876663208008e+00
3.957889080047607422e+00
4.270727157592773438e+00
3.903737068176269531e+00
4.578724145889282227e+00
3.955444097518920898e+00
4.888980865478515625e+00
3.359421968460083008e+00
4.025249958038330078e+00
3.096766948699951172e+00
5.870705842971801758e+00
3.342970848083496094e+00
2.411182165145874023e+00
4.146873950958251953e+00
3.574239015579223633e+00
3.095746040344238281e+00
3.972754955291748047e+00
5.091222047805786133e+00
4.891927242279052734e+00
2.756663084030151367e+00
4.220441818237304688e+00
2.970994949340820312e+00
2.857077121734619141e+00
4.968811035156250000e+00
2.856211900711059570e+00
3.323396205902099609e+00
3.307699203491210938e+00
3.173608064651489258e+00
3.334151268005371094e+00
2.936580896377563477e+00
3.683490991592407227e+00
3.213841915130615234e+00
2.646946907043457031e+00
3.410429239273071289e+00
3.617960214614868164e+00
3.246329784393310547e+00
3.395716905593872070e+00
3.551437139511108398e+00
4.280287981033325195e+00
3.472256898880004883e+00
3.857258081436157227e+00
3.118559122085571289e+00
3.401986122131347656e+00
3.403661251068115234e+00
3.255875110626220703e+00
4.026115655899047852e+00
4.026949882507324219e+00
3.913474082946777344e+00
3.871134996414184570e+00
2.983268976211547852e+00
5.760178089141845703e+00
6.040904045104980469e+00
3.883077144622802734e+00
4.055385112762451172e+00
2.910537004470825195e+00
4.800514698028564453e+00
2.836557865142822266e+00
3.444635152816772461e+00
3.253117084503173828e+00
3.202810049057006836e+00
4.472299098968505859e+00
3.143431901931762695e+00
4.156782150268554688e+00
3.183095932006835938e+00
5.015308141708374023e+00
4.578194856643676758e+00
3.347988843917846680e+00
5.211546182632446289e+00
2.808525085449218750e+00
3.499203920364379883e+00
2.750116825103759766e+00
3.618544101715087891e+00
3.979585886001586914e+00
3.926512956619262695e+00
4.122114896774291992e+00
4.337523937225341797e+00
2.466666936874389648e+00
4.465197086334228516e+00
4.794155120849609375e+00
4.661907911300659180e+00
4.230809211730957031e+00
4.234023094177246094e+00
4.620303153991699219e+00
4.429868936538696289e+00
4.489832878112792969e+00
5.638614177703857422e+00
4.451334953308105469e+00
4.526140213012695312e+00
4.517976999282836914e+00
4.742708921432495117e+00
3.251961946487426758e+00
3.826941728591918945e+00
6.071301221847534180e+00
3.886914253234863281e+00
4.197681188583374023e+00
5.340623140335083008e+00
4.548541069030761719e+00
2.135948181152343750e+00
4.563697814941406250e+00
3.855067968368530273e+00
4.631332874298095703e+00
4.640788078308105469e+00
4.231477022171020508e+00
3.220278978347778320e+00
3.501321077346801758e+00
5.944739103317260742e+00
5.869626045227050781e+00
4.067344665527343750e+00
5.565341949462890625e+00
5.185723304748535156e+00
5.498810052871704102e+00
3.179921150207519531e+00
4.926566839218139648e+00
5.814888000488281250e+00
3.432777881622314453e+00
5.527258872985839844e+00
3.153938055038452148e+00
3.774610996246337891e+00
3.824146986007690430e+00
3.595399141311645508e+00
4.884995222091674805e+00
3.724081993103027344e+00
4.691589117050170898e+00
5.391049146652221680e+00
5.035156011581420898e+00
5.658040046691894531e+00
5.371618270874023438e+00
2.677446126937866211e+00
3.475949048995971680e+00
5.205210685729980469e+00
5.344852924346923828e+00
4.365608930587768555e+00
2.147123813629150391e+00
3.842128992080688477e+00
4.410032033920288086e+00
3.756172895431518555e+00
3.724040031433105469e+00
3.404479980468750000e+00
3.778537988662719727e+00
4.169768095016479492e+00
3.839246988296508789e+00
3.831515073776245117e+00
4.246953964233398438e+00
3.004837989807128906e+00
3.932551860809326172e+00
3.743649005889892578e+00
4.060256004333496094e+00
3.466723203659057617e+00
3.325845003128051758e+00
4.093845605850219727e+00
2.995556831359863281e+00
5.796568870544433594e+00
4.653070926666259766e+00
4.626326799392700195e+00
6.088094949722290039e+00
5.981793880462646484e+00
3.260176181793212891e+00
3.261711835861206055e+00
4.832021951675415039e+00
4.938732147216796875e+00
3.449552297592163086e+00
3.682013273239135742e+00
3.510360002517700195e+00
5.404244899749755859e+00
3.743551969528198242e+00
3.336693048477172852e+00
3.553777933120727539e+00
6.974684000015258789e+00
5.309028148651123047e+00
4.034866809844970703e+00
6.980365991592407227e+00
3.521185874938964844e+00
3.500050067901611328e+00
3.840323925018310547e+00
3.732972860336303711e+00
2.755011796951293945e+00
4.015979051589965820e+00
4.441323041915893555e+00
3.258391141891479492e+00
3.575771808624267578e+00
3.536602973937988281e+00
3.602656841278076172e+00
3.722322940826416016e+00
3.818103075027465820e+00
3.671916961669921875e+00
4.242337942123413086e+00
4.163112401962280273e+00
3.914121150970458984e+00
3.192068099975585938e+00
4.312576055526733398e+00
3.959005832672119141e+00
3.893763065338134766e+00
3.409383058547973633e+00
4.305148839950561523e+00
2.710047006607055664e+00
3.739597082138061523e+00
3.608678102493286133e+00
4.112393856048583984e+00
4.026065826416015625e+00
4.217216968536376953e+00
4.127403974533081055e+00
4.072619915008544922e+00
3.598260879516601562e+00
2.973973035812377930e+00
4.718530178070068359e+00
4.548246860504150391e+00
2.972955226898193359e+00
4.944342136383056641e+00
3.074281930923461914e+00
3.377295017242431641e+00
4.481709957122802734e+00
3.259165287017822266e+00
4.480424880981445312e+00
3.298265933990478516e+00
3.207892894744873047e+00
3.327816963195800781e+00
4.538612127304077148e+00
5.260853052139282227e+00
4.986121892929077148e+00
4.329893827438354492e+00
4.521127939224243164e+00
4.833051919937133789e+00
3.365092039108276367e+00
3.871140956878662109e+00
4.009377002716064453e+00
4.761274337768554688e+00
5.487842082977294922e+00
5.001798868179321289e+00
5.110236167907714844e+00
4.668593883514404297e+00
4.778508901596069336e+00
3.734314918518066406e+00
3.925147056579589844e+00
3.885078191757202148e+00
5.888482809066772461e+00
5.162395954132080078e+00
5.201469182968139648e+00
3.010689973831176758e+00
5.741741180419921875e+00
4.732222080230712891e+00
4.311579942703247070e+00
4.993293046951293945e+00
3.380903959274291992e+00
3.168298959732055664e+00
3.594290733337402344e+00
5.630877017974853516e+00
4.554895162582397461e+00
3.560275077819824219e+00
2.382685899734497070e+00
3.623344182968139648e+00
3.425317764282226562e+00
2.983767032623291016e+00
4.401851177215576172e+00
3.482736110687255859e+00
3.864084005355834961e+00
3.839481115341186523e+00
3.868333816528320312e+00
5.400722980499267578e+00
3.126364946365356445e+00
3.607947111129760742e+00
4.204314231872558594e+00
3.894732952117919922e+00
3.627517938613891602e+00
5.525006055831909180e+00
3.717541694641113281e+00
3.957834243774414062e+00
4.873951911926269531e+00
2.588373184204101562e+00
4.038888931274414062e+00
4.852725982666015625e+00
2.592032909393310547e+00
4.241837978363037109e+00
3.313571214675903320e+00
4.246577978134155273e+00
2.934879302978515625e+00
2.449750900268554688e+00
2.305891752243041992e+00
4.147236108779907227e+00
5.274052858352661133e+00
2.992825984954833984e+00
2.905327796936035156e+00
3.151690959930419922e+00
3.902904033660888672e+00
2.562628030776977539e+00
2.872062921524047852e+00
5.074445962905883789e+00
3.025798797607421875e+00
2.858158111572265625e+00
4.930563688278198242e+00
3.314786195755004883e+00
3.387536048889160156e+00
3.995565891265869141e+00
3.798762083053588867e+00
3.177901029586791992e+00
3.577929973602294922e+00
3.926419258117675781e+00
3.488206863403320312e+00
3.221518993377685547e+00
5.092130899429321289e+00
3.679101943969726562e+00
4.460398912429809570e+00
3.592980861663818359e+00
3.670624017715454102e+00
5.317386865615844727e+00
2.709701061248779297e+00
4.514851093292236328e+00
3.968241930007934570e+00
4.804123878479003906e+00
4.730808973312377930e+00
3.978708982467651367e+00
4.893185138702392578e+00
3.426361083984375000e+00
3.568463802337646484e+00
4.400733947753906250e+00
3.752561092376708984e+00
3.249279975891113281e+00
4.888807058334350586e+00
3.349647045135498047e+00
4.139066696166992188e+00
3.593822002410888672e+00
3.977154016494750977e+00
4.805471897125244141e+00
3.526772975921630859e+00
4.230885028839111328e+00
3.595336198806762695e+00
5.365855932235717773e+00
3.871088027954101562e+00
3.600422859191894531e+00
3.856463909149169922e+00
4.015182018280029297e+00
4.243367910385131836e+00
3.990348100662231445e+00
5.845301151275634766e+00
3.148266077041625977e+00
4.044039964675903320e+00
6.768762111663818359e+00
4.308779001235961914e+00
3.474683761596679688e+00
4.132220983505249023e+00
5.240278005599975586e+00
3.619342088699340820e+00
4.724829196929931641e+00
5.517140865325927734e+00
4.624529838562011719e+00
5.765990257263183594e+00
5.608392953872680664e+00
4.526680231094360352e+00
4.052639961242675781e+00
3.896670818328857422e+00
5.868407249450683594e+00
5.548049926757812500e+00
4.343023061752319336e+00
6.112564086914062500e+00
4.641038179397583008e+00
5.182959079742431641e+00
4.785559892654418945e+00
4.231374025344848633e+00
3.990539073944091797e+00
4.250309944152832031e+00
6.491734981536865234e+00
6.591313838958740234e+00
6.590825080871582031e+00
3.988456964492797852e+00
4.938013792037963867e+00
2.979908943176269531e+00
4.338877916336059570e+00
4.356170892715454102e+00
5.453301906585693359e+00
4.862311840057373047e+00
5.028044939041137695e+00
4.889613866806030273e+00
3.648972034454345703e+00
4.690046072006225586e+00
2.361949920654296875e+00
3.144877195358276367e+00
3.968202829360961914e+00
4.758153915405273438e+00
3.349192857742309570e+00
2.645827770233154297e+00
2.585219144821166992e+00
2.351254940032958984e+00
2.936923980712890625e+00
3.554563999176025391e+00
3.090608119964599609e+00
6.956170082092285156e+00
3.163743972778320312e+00
3.052958011627197266e+00
2.184210300445556641e+00
4.427498102188110352e+00
3.552652120590209961e+00
2.809043884277343750e+00
3.945397853851318359e+00
3.807241916656494141e+00
4.238360881805419922e+00
5.868407011032104492e+00
3.307845115661621094e+00
2.678144931793212891e+00
5.526866197586059570e+00
2.728306055068969727e+00
5.013386964797973633e+00
3.593734741210937500e+00
3.020375728607177734e+00
2.454960107803344727e+00
5.248582839965820312e+00
2.835860967636108398e+00
3.118638038635253906e+00
7.236727952957153320e+00
5.086323976516723633e+00
4.675156831741333008e+00
3.289777755737304688e+00
4.649673938751220703e+00
4.677897930145263672e+00
2.926204919815063477e+00
4.175876140594482422e+00
3.013088941574096680e+00
3.133898973464965820e+00
3.436402082443237305e+00
5.055686712265014648e+00
4.218766689300537109e+00
3.014317989349365234e+00
3.754465818405151367e+00
3.786828041076660156e+00
5.488984823226928711e+00
5.964054822921752930e+00
3.865123033523559570e+00
4.127577066421508789e+00
6.131548166275024414e+00
4.062502861022949219e+00
2.645439863204956055e+00
4.343719959259033203e+00
3.858477115631103516e+00
4.546461820602416992e+00
3.669061899185180664e+00
4.453070878982543945e+00
3.002354860305786133e+00
4.610286951065063477e+00
5.336735010147094727e+00
4.317146778106689453e+00
4.316059112548828125e+00
4.678050041198730469e+00
4.913978099822998047e+00
4.131339073181152344e+00
3.597744226455688477e+00
4.680469036102294922e+00
5.012540102005004883e+00
4.481869697570800781e+00
5.211951017379760742e+00
4.802213191986083984e+00
4.412611007690429688e+00
3.898524761199951172e+00
4.446166992187500000e+00
3.483725070953369141e+00
4.095945835113525391e+00
4.095107078552246094e+00
6.058445215225219727e+00
5.360677719116210938e+00
3.920027971267700195e+00
7.393895149230957031e+00
5.315958976745605469e+00
3.379900932312011719e+00
3.937251806259155273e+00
4.576223850250244141e+00
5.452229022979736328e+00
4.377825021743774414e+00
4.324262857437133789e+00
5.787756681442260742e+00
3.965302944183349609e+00
5.655289173126220703e+00
5.877021789550781250e+00
5.249123096466064453e+00
4.751766920089721680e+00
4.894850015640258789e+00
3.776424169540405273e+00
4.565873146057128906e+00
4.966706991195678711e+00
5.440914869308471680e+00
4.096238136291503906e+00
5.142430067062377930e+00
3.165651082992553711e+00
4.218403816223144531e+00
5.216773271560668945e+00
4.249388217926025391e+00
3.158621311187744141e+00
4.700893878936767578e+00
4.603496313095092773e+00
4.756967067718505859e+00
5.075999259948730469e+00
3.953693866729736328e+00
3.902889013290405273e+00
4.620134115219116211e+00
4.896609067916870117e+00
4.623669862747192383e+00
4.674968004226684570e+00
5.170277833938598633e+00
3.230784893035888672e+00
6.479743003845214844e+00
4.835506916046142578e+00
3.360568761825561523e+00
4.923389911651611328e+00
3.691765785217285156e+00
3.783812999725341797e+00
4.679430961608886719e+00
5.071074008941650391e+00
3.381575345993041992e+00
4.274314880371093750e+00
5.264083147048950195e+00
5.334032058715820312e+00
2.921313047409057617e+00
3.858659029006958008e+00
3.296808958053588867e+00
5.298270225524902344e+00
3.668657302856445312e+00
4.089481353759765625e+00
2.687042236328125000e+00
3.252697944641113281e+00
4.342221021652221680e+00
3.667790174484252930e+00
6.290120124816894531e+00
3.020356655120849609e+00
4.845047950744628906e+00
2.626601934432983398e+00
2.842188119888305664e+00
4.027683734893798828e+00
2.961525201797485352e+00
3.393050909042358398e+00
4.360429763793945312e+00
3.564131736755371094e+00
3.770037889480590820e+00
3.392272949218750000e+00
3.740169048309326172e+00
4.661572217941284180e+00
5.074231863021850586e+00
4.521353244781494141e+00
3.812513113021850586e+00
4.063119173049926758e+00
5.165172815322875977e+00
4.209466218948364258e+00
3.765090703964233398e+00
4.638896942138671875e+00
5.127210140228271484e+00
3.187812805175781250e+00
3.250179052352905273e+00
5.032730102539062500e+00
3.250513792037963867e+00
4.665925979614257812e+00
2.868322134017944336e+00
3.982538938522338867e+00
4.019824981689453125e+00
4.045552968978881836e+00
5.834384202957153320e+00
3.525788068771362305e+00
2.885295152664184570e+00
3.380434036254882812e+00
4.068779945373535156e+00
5.991052150726318359e+00
3.408216238021850586e+00
4.023763179779052734e+00
3.754182100296020508e+00
3.995021104812622070e+00
4.325973987579345703e+00
5.048038959503173828e+00
3.429702758789062500e+00
5.714433193206787109e+00
3.772843837738037109e+00
3.924290180206298828e+00
4.302158832550048828e+00
3.742504835128784180e+00
3.741296768188476562e+00
3.521198987960815430e+00
2.032055854797363281e+00
4.180181026458740234e+00
4.742380142211914062e+00
3.963974237442016602e+00
3.831092119216918945e+00
3.794152975082397461e+00
4.578572988510131836e+00
2.007246971130371094e+00
1.920123338699340820e+00
5.069453001022338867e+00
2.983285903930664062e+00
4.054406166076660156e+00
4.548743963241577148e+00
4.432461261749267578e+00
2.421320199966430664e+00
4.671260356903076172e+00
2.612330913543701172e+00
6.062968730926513672e+00
3.220157861709594727e+00
4.071008920669555664e+00
4.093197107315063477e+00
4.280629873275756836e+00
4.333530902862548828e+00
4.028177976608276367e+00
3.088328123092651367e+00
3.820371866226196289e+00
3.194679021835327148e+00
3.687563180923461914e+00
4.852780103683471680e+00
4.622572183609008789e+00
4.633956193923950195e+00
2.854010105133056641e+00
2.954744100570678711e+00
3.767279863357543945e+00
5.590919256210327148e+00
4.604552030563354492e+00
2.416471958160400391e+00
5.449334621429443359e+00
4.711694002151489258e+00
3.566901922225952148e+00
4.178980112075805664e+00
5.768396139144897461e+00
3.886267185211181641e+00
3.916695117950439453e+00
3.007037878036499023e+00
3.935857295989990234e+00
3.288670778274536133e+00
5.725360155105590820e+00
2.489044189453125000e+00
3.023627042770385742e+00
3.450775861740112305e+00
2.284102201461791992e+00
3.899976968765258789e+00
3.372352123260498047e+00
5.127926111221313477e+00
3.387640714645385742e+00
3.087151050567626953e+00
3.607434034347534180e+00
5.209836006164550781e+00
5.924074172973632812e+00
3.896708011627197266e+00
2.875211954116821289e+00
3.753384828567504883e+00
3.559950113296508789e+00
3.861382007598876953e+00
4.152640104293823242e+00
2.890637159347534180e+00
4.700475692749023438e+00
3.856525897979736328e+00
2.921921014785766602e+00
4.416520357131958008e+00
4.430727958679199219e+00
5.054079055786132812e+00
3.357774972915649414e+00
4.537876844406127930e+00
3.607406854629516602e+00
3.820933103561401367e+00
3.597156047821044922e+00
3.422111988067626953e+00
4.776146888732910156e+00
4.514716863632202148e+00
3.718045949935913086e+00
4.327728033065795898e+00
4.928532838821411133e+00
2.652021884918212891e+00
3.709714174270629883e+00
3.594360828399658203e+00
3.472138166427612305e+00
3.654052734375000000e+00
3.595561981201171875e+00
4.219570159912109375e+00
4.333256006240844727e+00
6.062507152557373047e+00
4.208409070968627930e+00
4.150928735733032227e+00
3.740652799606323242e+00
3.975079059600830078e+00
4.564459085464477539e+00
5.417153120040893555e+00
5.367895126342773438e+00
5.221955060958862305e+00
4.676031351089477539e+00
5.673435926437377930e+00
4.387423038482666016e+00
3.998629808425903320e+00
3.519169807434082031e+00
6.018298864364624023e+00
4.839150905609130859e+00
3.560260057449340820e+00
4.616005182266235352e+00
4.438457012176513672e+00
4.830267906188964844e+00
4.088464260101318359e+00
6.353826045989990234e+00
4.319972991943359375e+00
4.411674737930297852e+00
4.170095920562744141e+00
4.397814989089965820e+00
3.160040855407714844e+00
4.575649023056030273e+00
4.513129949569702148e+00
6.560467958450317383e+00
4.403353929519653320e+00
3.602361202239990234e+00
4.675496816635131836e+00
4.708482742309570312e+00
4.763549089431762695e+00
4.177217006683349609e+00
3.796023130416870117e+00
3.733016967773437500e+00
4.007067918777465820e+00
3.525863170623779297e+00
4.659383773803710938e+00
4.753177881240844727e+00
3.398901939392089844e+00
2.849275350570678711e+00
4.697731971740722656e+00
3.759469032287597656e+00
4.365728139877319336e+00
3.518184900283813477e+00
5.314170122146606445e+00
5.356142044067382812e+00
3.223126173019409180e+00
3.493334054946899414e+00
2.495918035507202148e+00
4.663672685623168945e+00
3.199148178100585938e+00
5.556211948394775391e+00
4.921458959579467773e+00
6.032326936721801758e+00
3.463021039962768555e+00
2.855792760848999023e+00
2.988925933837890625e+00
2.814222812652587891e+00
5.807232856750488281e+00
3.170644998550415039e+00
5.809714317321777344e+00
4.778995037078857422e+00
4.747120141983032227e+00
4.544857978820800781e+00
2.938617944717407227e+00
5.194370031356811523e+00
4.523203134536743164e+00
4.740931034088134766e+00
5.874516010284423828e+00
6.709133863449096680e+00
3.149333000183105469e+00
3.455739974975585938e+00
3.601511955261230469e+00
6.465750217437744141e+00
4.410686969757080078e+00
3.373429059982299805e+00
3.011394023895263672e+00
3.704254865646362305e+00
5.347931861877441406e+00
2.860967159271240234e+00
4.003158807754516602e+00
2.955617904663085938e+00
2.887930870056152344e+00
2.831631898880004883e+00
4.991441011428833008e+00
3.659440755844116211e+00
3.259471893310546875e+00
6.334637165069580078e+00
3.239557027816772461e+00
3.696666002273559570e+00
3.963769197463989258e+00
3.682646036148071289e+00
3.380603313446044922e+00
4.507500886917114258e+00
3.043553590774536133e+00
3.781231164932250977e+00
4.547999858856201172e+00
3.154315948486328125e+00
5.074232816696166992e+00
3.701223850250244141e+00
4.808115959167480469e+00
3.563138961791992188e+00
2.246901035308837891e+00
3.977334022521972656e+00
3.483077764511108398e+00
4.362208127975463867e+00
4.381834983825683594e+00
4.331549167633056641e+00
4.023791074752807617e+00
3.566209077835083008e+00
3.747933864593505859e+00
5.441235303878784180e+00
3.061765193939208984e+00
3.368024110794067383e+00
4.285613059997558594e+00
3.853806972503662109e+00
4.071567296981811523e+00
6.571055173873901367e+00
2.806560993194580078e+00
4.664933204650878906e+00
4.203052043914794922e+00
2.303903818130493164e+00
3.147420883178710938e+00
2.411765813827514648e+00
4.390420198440551758e+00
3.750167131423950195e+00
4.368216991424560547e+00
2.470880031585693359e+00
3.170817852020263672e+00
3.846603870391845703e+00
4.877140998840332031e+00
3.273196935653686523e+00
4.949854135513305664e+00
3.644307136535644531e+00
3.520859956741333008e+00
4.001572132110595703e+00
2.913899898529052734e+00
3.383208751678466797e+00
3.473964214324951172e+00
3.886077165603637695e+00
3.790397882461547852e+00
4.545512914657592773e+00
3.142102718353271484e+00
3.988155841827392578e+00
3.532333135604858398e+00
4.108721017837524414e+00
3.199380159378051758e+00
4.479499101638793945e+00
3.849144220352172852e+00
5.280176162719726562e+00
4.397799015045166016e+00
5.314538002014160156e+00
3.245202302932739258e+00
5.940135955810546875e+00
2.603043079376220703e+00
5.105404138565063477e+00
3.935474872589111328e+00
3.016145229339599609e+00
2.346040010452270508e+00
3.312435150146484375e+00
6.001092195510864258e+00
3.761148214340209961e+00
2.554909944534301758e+00
3.722468852996826172e+00
2.729743957519531250e+00
3.295464754104614258e+00
3.024523019790649414e+00
3.498486042022705078e+00
3.754503250122070312e+00
4.198120832443237305e+00
3.887397050857543945e+00
3.132411956787109375e+00
4.514447212219238281e+00
3.572389841079711914e+00
2.730155944824218750e+00
3.978348970413208008e+00
3.596743106842041016e+00
2.260902166366577148e+00
5.906773090362548828e+00
3.609345912933349609e+00
3.414084196090698242e+00
4.845995903015136719e+00
3.452115058898925781e+00
2.627007007598876953e+00
3.686554908752441406e+00
2.036288022994995117e+00
2.839836359024047852e+00
2.643656969070434570e+00
4.087250947952270508e+00
3.366823911666870117e+00
2.768148899078369141e+00
4.464754819869995117e+00
4.723001241683959961e+00
4.194178819656372070e+00
2.917367935180664062e+00
2.761767864227294922e+00
4.334289073944091797e+00
5.257559061050415039e+00
3.793552875518798828e+00
4.333625078201293945e+00
4.627384185791015625e+00
3.552601099014282227e+00
5.734438896179199219e+00
3.609399795532226562e+00
4.733536005020141602e+00
3.613204956054687500e+00
4.546424150466918945e+00
2.770565986633300781e+00
3.929387092590332031e+00
3.913919925689697266e+00
3.710956096649169922e+00
4.556395053863525391e+00
4.019359111785888672e+00
4.737398147583007812e+00
5.439381837844848633e+00
4.210944890975952148e+00
4.806262969970703125e+00
3.925199270248413086e+00
4.152738094329833984e+00
4.223009109497070312e+00
3.760315179824829102e+00
4.732297897338867188e+00
4.910863876342773438e+00
5.531818151473999023e+00
4.839431047439575195e+00
4.000954151153564453e+00
3.238625049591064453e+00
4.293406248092651367e+00
4.388977050781250000e+00
3.679199934005737305e+00
2.662887096405029297e+00
5.182105779647827148e+00
5.645538091659545898e+00
4.904440164566040039e+00
5.681281089782714844e+00
2.415894031524658203e+00
3.983725070953369141e+00
3.995326042175292969e+00
4.507178068161010742e+00
4.528731107711791992e+00
4.840456008911132812e+00
3.387169122695922852e+00
4.965767145156860352e+00
3.328297138214111328e+00
3.857640981674194336e+00
4.760613203048706055e+00
4.646809101104736328e+00
3.357447862625122070e+00
5.991408824920654297e+00
4.666482925415039062e+00
2.485517263412475586e+00
4.605886936187744141e+00
3.814132928848266602e+00
5.011173963546752930e+00
4.442147970199584961e+00
3.717046022415161133e+00
5.004191160202026367e+00
3.307265043258666992e+00
3.044196128845214844e+00
7.527860879898071289e+00
3.120155096054077148e+00
3.146343946456909180e+00
6.347363233566284180e+00
3.326166868209838867e+00
3.758018016815185547e+00
4.231771945953369141e+00
4.956991195678710938e+00
5.201911926269531250e+00
3.161788702011108398e+00
6.097371101379394531e+00
3.657674074172973633e+00
4.829336166381835938e+00
4.267451286315917969e+00
6.399954795837402344e+00
6.091701984405517578e+00
5.964700222015380859e+00
2.652174949645996094e+00
6.016415119171142578e+00
4.490123033523559570e+00
5.774158239364624023e+00
2.729017019271850586e+00
5.039072990417480469e+00
4.386286973953247070e+00
3.511949062347412109e+00
3.063404083251953125e+00
3.568756103515625000e+00
5.727380037307739258e+00
3.597912073135375977e+00
3.880933046340942383e+00
2.894776105880737305e+00
3.261317014694213867e+00
3.238278150558471680e+00
3.185636758804321289e+00
2.728013038635253906e+00
4.368670940399169922e+00
2.938986063003540039e+00
4.022822856903076172e+00
2.402146816253662109e+00
4.324502944946289062e+00
2.416815996170043945e+00
2.760132789611816406e+00
2.514039993286132812e+00
2.892814159393310547e+00
2.521103858947753906e+00
4.337657928466796875e+00
2.460891962051391602e+00
3.738635063171386719e+00
3.037752866744995117e+00
3.229601860046386719e+00
5.929522037506103516e+00
3.255483865737915039e+00
3.295719861984252930e+00
3.635245800018310547e+00
3.393485069274902344e+00
3.179209947586059570e+00
4.653817892074584961e+00
3.240933179855346680e+00
4.090402126312255859e+00
3.113794088363647461e+00
3.350794315338134766e+00
3.176295995712280273e+00
3.357576847076416016e+00
3.504854917526245117e+00
3.420733928680419922e+00
3.105752229690551758e+00
3.012428045272827148e+00
4.579777002334594727e+00
4.848716020584106445e+00
3.852501869201660156e+00
4.159800052642822266e+00
3.724181890487670898e+00
4.149538040161132812e+00
5.144320011138916016e+00
3.681066036224365234e+00
4.320336103439331055e+00
4.158329725265502930e+00
3.999902009963989258e+00
5.704338788986206055e+00
3.067759990692138672e+00
4.826976060867309570e+00
4.341299295425415039e+00
4.352550029754638672e+00
4.801804065704345703e+00
3.190346956253051758e+00
4.459004878997802734e+00
5.269047260284423828e+00
5.057238101959228516e+00
5.066090822219848633e+00
5.228346109390258789e+00
3.437978029251098633e+00
3.494487762451171875e+00
3.817044019699096680e+00
5.411668062210083008e+00
5.260694980621337891e+00
2.700690984725952148e+00
5.473623037338256836e+00
3.930757999420166016e+00
3.223934173583984375e+00
3.747180938720703125e+00
5.406073093414306641e+00
3.987305164337158203e+00
5.088093042373657227e+00
4.580658912658691406e+00
2.797476053237915039e+00
5.287886142730712891e+00
3.468419075012207031e+00
5.421343088150024414e+00
3.843494176864624023e+00
3.906845808029174805e+00
3.523525953292846680e+00
3.916003942489624023e+00
4.786209106445312500e+00
4.063491821289062500e+00
3.840260028839111328e+00
3.443196058273315430e+00
4.229892015457153320e+00
2.447085857391357422e+00
2.988512039184570312e+00
4.097517728805541992e+00
4.303257942199707031e+00
3.214443922042846680e+00
3.076326847076416016e+00
5.627938985824584961e+00
5.475866794586181641e+00
6.528719186782836914e+00
4.794107913970947266e+00
4.882541894912719727e+00
4.175620079040527344e+00
3.845741748809814453e+00
5.189957141876220703e+00
4.954282999038696289e+00
4.836386203765869141e+00
4.818166732788085938e+00
7.591694831848144531e+00
3.101797819137573242e+00
5.103150129318237305e+00
3.932351112365722656e+00
4.349360942840576172e+00
4.825953006744384766e+00
4.334095716476440430e+00
3.120552778244018555e+00
3.852586984634399414e+00
3.323473930358886719e+00
3.336292982101440430e+00
5.512860774993896484e+00
8.397803068161010742e+00
3.148359298706054688e+00
3.290775060653686523e+00
3.629410982131958008e+00
3.597011804580688477e+00
3.406650066375732422e+00
3.567786931991577148e+00
4.332386732101440430e+00
4.379714965820312500e+00
4.016005277633666992e+00
4.176915168762207031e+00
4.108054876327514648e+00
2.832308292388916016e+00
2.243990182876586914e+00
4.006613969802856445e+00
3.899773120880126953e+00
4.167560338973999023e+00
4.439398765563964844e+00
3.540785312652587891e+00
2.297190189361572266e+00
4.265364170074462891e+00
2.653411865234375000e+00
5.032084941864013672e+00
3.093094348907470703e+00
3.618928909301757812e+00
3.198740005493164062e+00
3.765196084976196289e+00
3.229348897933959961e+00
6.693898916244506836e+00
4.069714307785034180e+00
3.857936143875122070e+00
3.559992074966430664e+00
3.827682256698608398e+00
3.223921060562133789e+00
3.358643054962158203e+00
2.641323804855346680e+00
2.733399629592895508e+00
3.114948987960815430e+00
2.902628183364868164e+00
3.984693050384521484e+00
4.213800907135009766e+00
4.276947975158691406e+00
4.078993082046508789e+00
3.129424810409545898e+00
3.125219106674194336e+00
4.145928859710693359e+00
3.229380130767822266e+00
4.187771797180175781e+00
4.497256994247436523e+00
4.469964981079101562e+00
4.563996315002441406e+00
4.613842010498046875e+00
4.383627891540527344e+00
3.086314916610717773e+00
3.851140737533569336e+00
3.719571113586425781e+00
3.547970056533813477e+00
4.684395074844360352e+00
3.686198949813842773e+00
5.017744064331054688e+00
5.430832147598266602e+00
5.136718988418579102e+00
5.096883058547973633e+00
4.214269161224365234e+00
3.202630996704101562e+00
5.283786058425903320e+00
3.551387071609497070e+00
3.485862970352172852e+00
3.965903043746948242e+00
4.542427778244018555e+00
3.392528772354125977e+00
4.419001102447509766e+00
5.312043905258178711e+00
5.694897174835205078e+00
3.484925031661987305e+00
3.618659257888793945e+00
3.523470878601074219e+00
4.421221256256103516e+00
6.290752172470092773e+00
4.525679826736450195e+00
3.652915239334106445e+00
4.107105016708374023e+00
2.956885099411010742e+00
3.304003238677978516e+00
3.605821847915649414e+00
2.787146806716918945e+00
3.284860134124755859e+00
2.259014844894409180e+00
4.508574008941650391e+00
2.843941926956176758e+00
4.055229902267456055e+00
3.734480857849121094e+00
4.544171571731567383e+00
3.282814979553222656e+00
3.449523925781250000e+00
3.783139228820800781e+00
2.773957967758178711e+00
5.248285770416259766e+00
6.226446151733398438e+00
2.773372173309326172e+00
3.488375902175903320e+00
3.300483226776123047e+00
3.810884952545166016e+00
3.396854162216186523e+00
3.072537899017333984e+00
3.964437007904052734e+00
4.431437015533447266e+00
3.549957990646362305e+00
3.586471080780029297e+00
4.574444055557250977e+00
4.021280050277709961e+00
5.112128973007202148e+00
3.449147224426269531e+00
3.774150848388671875e+00
3.829603195190429688e+00
4.071670770645141602e+00
3.876471042633056641e+00
4.363297939300537109e+00
2.924149036407470703e+00
3.012087821960449219e+00
4.994189023971557617e+00
2.907674789428710938e+00
5.838537931442260742e+00
3.615745067596435547e+00
2.875390052795410156e+00
5.296190023422241211e+00
3.496192216873168945e+00
4.034611225128173828e+00
3.594553947448730469e+00
3.670009136199951172e+00
1.927440881729125977e+00
4.683006048202514648e+00
5.641192913055419922e+00
4.260085105895996094e+00
6.065953016281127930e+00
3.987663745880126953e+00
5.804092168807983398e+00
4.280484199523925781e+00
5.504018783569335938e+00
3.220062017440795898e+00
4.209403038024902344e+00
3.879575014114379883e+00
4.019830942153930664e+00
5.547627925872802734e+00
3.605758905410766602e+00
3.828986167907714844e+00
4.143685817718505859e+00
6.839763879776000977e+00
3.276411771774291992e+00
3.790217876434326172e+00
4.996984958648681641e+00
5.249830961227416992e+00
2.279987096786499023e+00
4.408041000366210938e+00
3.742420196533203125e+00
4.996060132980346680e+00
6.123611211776733398e+00
2.829516887664794922e+00
3.611124038696289062e+00
3.931346178054809570e+00
3.470263004302978516e+00
3.733838081359863281e+00
5.771441936492919922e+00
2.857756853103637695e+00
2.539654970169067383e+00
4.447409152984619141e+00
4.764751911163330078e+00
3.044781208038330078e+00
2.707370996475219727e+00
2.135420799255371094e+00
2.622383117675781250e+00
4.584496021270751953e+00
2.858415842056274414e+00
4.257601976394653320e+00
4.704740762710571289e+00
3.107515811920166016e+00
4.971203804016113281e+00
3.010283946990966797e+00
4.215082883834838867e+00
2.008356809616088867e+00
2.436589717864990234e+00
3.623665094375610352e+00
2.457640171051025391e+00
3.326548099517822266e+00
3.941781044006347656e+00
2.648221254348754883e+00
2.816715955734252930e+00
3.353668689727783203e+00
4.494797945022583008e+00
4.970481872558593750e+00
4.123249053955078125e+00
2.960265874862670898e+00
4.510186195373535156e+00
3.227180004119873047e+00
2.897667169570922852e+00
3.222510814666748047e+00
4.445884943008422852e+00
3.969160318374633789e+00
5.830895900726318359e+00
3.886440753936767578e+00
6.190251111984252930e+00
5.505934000015258789e+00
3.249842882156372070e+00
2.265340089797973633e+00
3.195461988449096680e+00
3.496509075164794922e+00
3.305256843566894531e+00
2.128593921661376953e+00
3.318551063537597656e+00
2.647666215896606445e+00
5.988852977752685547e+00
3.158454895019531250e+00
2.402824878692626953e+00
3.583081007003784180e+00
2.629462003707885742e+00
4.362514019012451172e+00
2.245527982711791992e+00
4.790642738342285156e+00
4.252341032028198242e+00
3.403251886367797852e+00
3.761248826980590820e+00
4.390089035034179688e+00
2.467663764953613281e+00
2.546366930007934570e+00
2.816082954406738281e+00
3.249444007873535156e+00
2.570837020874023438e+00
2.566719055175781250e+00
2.493035078048706055e+00
2.917466878890991211e+00
3.375592231750488281e+00
3.761599063873291016e+00
2.677967071533203125e+00
3.095674037933349609e+00
4.123480796813964844e+00
3.819578170776367188e+00
4.444378137588500977e+00
3.528563976287841797e+00
3.863648891448974609e+00
2.907458066940307617e+00
2.952037811279296875e+00
4.675218105316162109e+00
4.668581962585449219e+00
3.976362943649291992e+00
3.546642780303955078e+00
4.908349990844726562e+00
3.899053812026977539e+00
4.190281152725219727e+00
3.153352975845336914e+00
3.518139123916625977e+00
3.462161064147949219e+00
4.282392024993896484e+00
2.033565998077392578e+00
3.085700988769531250e+00
3.973455190658569336e+00
3.887794733047485352e+00
4.112270832061767578e+00
3.470589160919189453e+00
5.484327077865600586e+00
3.844133853912353516e+00
3.576372146606445312e+00
4.715782880783081055e+00
4.361639976501464844e+00
3.469451665878295898e+00
4.763986825942993164e+00
2.626869916915893555e+00
4.800699710845947266e+00
3.763850927352905273e+00
2.911125898361206055e+00
3.085372924804687500e+00
2.900194168090820312e+00
3.180471181869506836e+00
3.928796052932739258e+00
3.201891899108886719e+00
3.886434078216552734e+00
3.050787210464477539e+00
4.218377113342285156e+00
4.591116666793823242e+00
3.289799213409423828e+00
3.651679039001464844e+00
4.268122911453247070e+00
3.459785938262939453e+00
3.603744983673095703e+00
4.282476186752319336e+00
6.904437065124511719e+00
5.310317039489746094e+00
3.168790102005004883e+00
4.535221099853515625e+00
4.512398004531860352e+00
4.644706010818481445e+00
2.073807001113891602e+00
2.689248800277709961e+00
2.943857908248901367e+00
3.238416910171508789e+00
5.062031984329223633e+00
3.638024806976318359e+00
2.582905769348144531e+00
4.828098058700561523e+00
3.301056861877441406e+00
3.274217128753662109e+00
3.697452068328857422e+00
3.572241067886352539e+00
3.851328849792480469e+00
3.763772964477539062e+00
4.525408029556274414e+00
2.807550907135009766e+00
3.264988183975219727e+00
2.401665925979614258e+00
3.603470087051391602e+00
2.780898094177246094e+00
3.373209714889526367e+00
3.317126035690307617e+00
2.904963016510009766e+00
2.910382032394409180e+00
4.582195997238159180e+00
2.964328050613403320e+00
3.579763889312744141e+00
3.354135036468505859e+00
2.286368131637573242e+00
3.476087093353271484e+00
3.576836824417114258e+00
2.925488948822021484e+00
2.965486049652099609e+00
2.509441137313842773e+00
2.893163919448852539e+00
1.945733070373535156e+00
3.467724084854125977e+00
3.407872915267944336e+00
4.341209888458251953e+00
6.483085155487060547e+00
2.081420898437500000e+00
4.214530944824218750e+00
2.951488018035888672e+00
4.496984720230102539e+00
2.430729866027832031e+00
2.244054079055786133e+00
2.895519971847534180e+00
3.173051834106445312e+00
3.242436170578002930e+00
2.643796920776367188e+00
3.105561971664428711e+00
2.759327888488769531e+00
2.342251777648925781e+00
3.333672046661376953e+00
3.086879968643188477e+00
2.873721122741699219e+00
3.490959882736206055e+00
4.050646066665649414e+00
2.778223037719726562e+00
3.001235008239746094e+00
2.711224794387817383e+00
2.697937965393066406e+00
2.349740982055664062e+00
3.766021728515625000e+00
2.907087087631225586e+00
2.167057037353515625e+00
3.441913127899169922e+00
3.252527713775634766e+00
3.295527935028076172e+00
4.953665018081665039e+00
2.778365135192871094e+00
4.586373805999755859e+00
2.726428985595703125e+00
3.789024114608764648e+00
3.593436241149902344e+00
3.264880180358886719e+00
3.056149005889892578e+00
2.003600835800170898e+00
4.042057991027832031e+00
3.358688831329345703e+00
3.592210292816162109e+00
3.426910161972045898e+00
3.324409961700439453e+00
5.048733949661254883e+00
3.935224056243896484e+00
4.372884988784790039e+00
4.202866315841674805e+00
3.424072980880737305e+00
6.068145036697387695e+00
3.300862073898315430e+00
4.925899982452392578e+00
3.149754047393798828e+00
4.531141757965087891e+00
3.330790996551513672e+00
3.391197204589843750e+00
2.606988906860351562e+00
3.901051044464111328e+00
3.325600862503051758e+00
6.373364925384521484e+00
3.610794067382812500e+00
3.255685329437255859e+00
3.773458957672119141e+00
2.630347728729248047e+00
3.471821069717407227e+00
4.186808109283447266e+00
3.119307994842529297e+00
2.752721309661865234e+00
4.496516942977905273e+00
3.574532032012939453e+00
3.141078948974609375e+00
4.440498828887939453e+00
2.493474960327148438e+00
1.875599145889282227e+00
2.167363882064819336e+00
2.860377073287963867e+00
4.186962127685546875e+00
2.415574073791503906e+00
4.283141136169433594e+00
3.233896970748901367e+00
2.827088117599487305e+00
4.097044229507446289e+00
4.666024923324584961e+00
3.438235044479370117e+00
5.356192111968994141e+00
3.610367059707641602e+00
3.488369703292846680e+00
3.638642787933349609e+00
3.205227851867675781e+00
4.747259855270385742e+00
3.902960777282714844e+00
2.311703205108642578e+00
2.878270864486694336e+00
2.186345815658569336e+00
3.950801849365234375e+00
4.043058872222900391e+00
4.479542970657348633e+00
4.155360937118530273e+00
6.112228155136108398e+00
4.911102294921875000e+00
5.313511133193969727e+00
3.792570829391479492e+00
4.129315137863159180e+00
4.112705945968627930e+00
4.817656040191650391e+00
3.420973062515258789e+00
5.165833950042724609e+00
5.108147144317626953e+00
4.851722002029418945e+00
5.755131244659423828e+00
2.309387922286987305e+00
3.622176170349121094e+00
5.195337295532226562e+00
4.949795961380004883e+00
5.635969877243041992e+00
5.074777126312255859e+00
3.393425941467285156e+00
3.760626077651977539e+00
2.453603029251098633e+00
3.455108165740966797e+00
3.285171031951904297e+00
4.103716135025024414e+00
2.391355991363525391e+00
2.284978866577148438e+00
1.976365089416503906e+00
3.102424144744873047e+00
3.405904054641723633e+00
2.747232675552368164e+00
2.719798088073730469e+00
2.737909078598022461e+00
5.218771934509277344e+00
2.809499740600585938e+00
2.530048847198486328e+00
3.589697837829589844e+00
2.593165874481201172e+00
3.173727989196777344e+00
3.067515850067138672e+00
4.188180208206176758e+00
3.305268049240112305e+00
3.161783933639526367e+00
3.317391157150268555e+00
4.184695720672607422e+00
2.971343278884887695e+00
2.773050069808959961e+00
2.792911767959594727e+00
3.828418970108032227e+00
3.189503908157348633e+00
3.283409357070922852e+00
3.222714900970458984e+00
2.929800033569335938e+00
4.026381015777587891e+00
3.161374092102050781e+00
2.404366970062255859e+00
3.653263092041015625e+00
2.781062841415405273e+00
4.234684944152832031e+00
2.739345788955688477e+00
3.783868074417114258e+00
3.676631927490234375e+00
3.671144962310791016e+00
2.834496736526489258e+00
3.193182945251464844e+00
3.867007017135620117e+00
3.875357151031494141e+00
4.491047143936157227e+00
3.793037891387939453e+00
4.276710987091064453e+00
5.012182950973510742e+00
3.321478843688964844e+00
3.956053018569946289e+00
4.773318767547607422e+00
5.135958194732666016e+00
4.980958938598632812e+00
3.441326856613159180e+00
3.322917222976684570e+00
3.227688312530517578e+00
3.484345197677612305e+00
4.083835840225219727e+00
2.919458866119384766e+00
4.802630901336669922e+00
3.446180105209350586e+00
3.842340230941772461e+00
3.117384910583496094e+00
4.659064054489135742e+00
2.519151210784912109e+00
3.069405794143676758e+00
3.063341140747070312e+00
3.509636878967285156e+00
4.351958036422729492e+00
3.586848020553588867e+00
4.122267961502075195e+00
3.440433979034423828e+00
3.240409135818481445e+00
3.462328672409057617e+00
3.807489871978759766e+00
3.191807031631469727e+00
2.095007896423339844e+00
2.768821239471435547e+00
4.140195131301879883e+00
3.683368206024169922e+00
3.454987049102783203e+00
2.831568241119384766e+00
3.696950197219848633e+00
2.586419820785522461e+00
2.293790102005004883e+00
3.600094079971313477e+00
3.743010044097900391e+00
3.902653932571411133e+00
5.302171945571899414e+00
3.833538055419921875e+00
4.635821104049682617e+00
5.448693990707397461e+00
3.406466007232666016e+00
5.239525079727172852e+00
2.505511760711669922e+00
2.586091041564941406e+00
3.113366127014160156e+00
5.364659786224365234e+00
5.275230884552001953e+00
3.403567790985107422e+00
4.536355972290039062e+00
3.495273828506469727e+00
3.369829177856445312e+00
3.546117067337036133e+00
3.901962995529174805e+00
4.249174118041992188e+00
3.888892889022827148e+00
3.730877876281738281e+00
2.797709703445434570e+00
4.488576889038085938e+00
4.398869037628173828e+00
4.446591138839721680e+00
5.715350866317749023e+00
4.061671018600463867e+00
4.322715044021606445e+00
3.834080934524536133e+00
3.612878799438476562e+00
6.013813018798828125e+00
3.847506999969482422e+00
3.153250932693481445e+00
5.934438943862915039e+00
6.715392827987670898e+00
3.928584337234497070e+00
3.531314849853515625e+00
4.878407955169677734e+00
3.626087903976440430e+00
3.894501924514770508e+00
3.602166175842285156e+00
2.321784019470214844e+00
2.784028053283691406e+00
5.172435998916625977e+00
4.164170980453491211e+00
4.577869892120361328e+00
3.267500162124633789e+00
4.219513893127441406e+00
3.405555248260498047e+00
3.501558065414428711e+00
2.491853237152099609e+00
3.800021886825561523e+00
4.226582765579223633e+00
2.987364053726196289e+00
3.753363847732543945e+00
6.099752902984619141e+00
3.573750734329223633e+00
3.816114187240600586e+00
4.747689962387084961e+00
4.218569040298461914e+00
4.733183145523071289e+00
4.753843069076538086e+00
2.935699939727783203e+00
3.736265897750854492e+00
2.926888942718505859e+00
3.088447093963623047e+00
2.890595912933349609e+00
3.000206947326660156e+00
2.744147062301635742e+00
2.939074754714965820e+00
2.546603918075561523e+00
3.387361049652099609e+00
2.905520915985107422e+00
3.933764934539794922e+00
3.257907867431640625e+00
3.389316082000732422e+00
4.067801713943481445e+00
4.148095846176147461e+00
3.930633783340454102e+00
4.025058984756469727e+00
3.021637201309204102e+00
3.263430833816528320e+00
3.342198848724365234e+00
5.240998983383178711e+00
5.064846992492675781e+00
2.710419178009033203e+00
3.147236108779907227e+00
4.569334030151367188e+00
3.509661912918090820e+00
4.275181055068969727e+00
4.611300945281982422e+00
5.202269077301025391e+00
2.985650062561035156e+00
2.511236906051635742e+00
2.060305833816528320e+00
3.036384105682373047e+00
3.962339878082275391e+00
3.406750202178955078e+00
2.638696908950805664e+00
3.560037136077880859e+00
3.242375850677490234e+00
3.128038883209228516e+00
2.877463102340698242e+00
3.767714977264404297e+00
4.923107862472534180e+00
3.802687883377075195e+00
4.553463220596313477e+00
3.730360269546508789e+00
4.578597307205200195e+00
5.358458757400512695e+00
4.026412248611450195e+00
4.114534139633178711e+00
4.688868045806884766e+00
4.708866119384765625e+00
4.359613180160522461e+00
4.706537008285522461e+00
4.228838205337524414e+00
3.138160228729248047e+00
5.450557947158813477e+00
4.334270000457763672e+00
5.898194074630737305e+00
4.540186166763305664e+00
5.257176160812377930e+00
4.223184823989868164e+00
4.794638872146606445e+00
4.898135662078857422e+00
3.272108078002929688e+00
6.104619026184082031e+00
3.089609861373901367e+00
3.870073795318603516e+00
7.402451992034912109e+00
5.025877952575683594e+00
5.091775894165039062e+00
4.322931766510009766e+00
5.795125007629394531e+00
4.268571138381958008e+00
3.421157121658325195e+00
4.928374052047729492e+00
4.051760196685791016e+00
4.559785842895507812e+00
2.941262960433959961e+00
5.839930057525634766e+00
4.231320142745971680e+00
4.200183868408203125e+00
3.671953201293945312e+00
4.192912817001342773e+00
5.219662904739379883e+00
4.090655803680419922e+00
3.587323904037475586e+00
4.019500017166137695e+00
4.906956911087036133e+00
3.477067947387695312e+00
2.000440835952758789e+00
3.772928953170776367e+00
3.333261013031005859e+00
3.903787136077880859e+00
3.442769289016723633e+00
4.841776847839355469e+00
6.272282123565673828e+00
3.927803754806518555e+00
3.050981998443603516e+00
2.855983018875122070e+00
3.462257862091064453e+00
3.872089147567749023e+00
3.440944910049438477e+00
2.499389886856079102e+00
2.646408319473266602e+00
3.351939678192138672e+00
2.680421113967895508e+00
3.378875017166137695e+00
4.177304744720458984e+00
3.826290130615234375e+00
5.365897178649902344e+00
3.289650917053222656e+00
4.958593130111694336e+00
5.388544082641601562e+00
2.610384225845336914e+00
3.985774040222167969e+00
3.046798229217529297e+00
3.339241266250610352e+00
3.832583904266357422e+00
3.294457912445068359e+00
3.263032913208007812e+00
3.502540111541748047e+00
3.213794708251953125e+00
3.552562236785888672e+00
3.695399045944213867e+00
7.253063917160034180e+00
3.629071950912475586e+00
3.808207988739013672e+00
3.175077915191650391e+00
3.009355068206787109e+00
3.903740882873535156e+00
4.351757049560546875e+00
3.678380012512207031e+00
5.001768112182617188e+00
3.356230974197387695e+00
5.108523130416870117e+00
4.240820169448852539e+00
4.165616989135742188e+00
3.964781045913696289e+00
4.291290044784545898e+00
4.935305118560791016e+00
3.390836000442504883e+00
4.115437746047973633e+00
4.895760059356689453e+00
4.726532936096191406e+00
4.877972841262817383e+00
5.156103849411010742e+00
3.707533121109008789e+00
4.232043981552124023e+00
5.178094148635864258e+00
5.548230886459350586e+00
2.642009735107421875e+00
3.779553890228271484e+00
6.007479190826416016e+00
4.333436250686645508e+00
6.351317882537841797e+00
4.574133157730102539e+00
5.208678960800170898e+00
3.511265754699707031e+00
3.386864900588989258e+00
5.668391942977905273e+00
3.480551004409790039e+00
3.316680192947387695e+00
4.509068012237548828e+00
3.411982059478759766e+00
3.824793815612792969e+00
2.442911148071289062e+00
4.439686059951782227e+00
3.442366838455200195e+00
3.291500091552734375e+00
4.680184125900268555e+00
4.255852937698364258e+00
4.618359088897705078e+00
5.240016222000122070e+00
3.179284095764160156e+00
3.215941190719604492e+00
3.269115924835205078e+00
6.213938951492309570e+00
3.960989952087402344e+00
4.867932081222534180e+00
3.521910905838012695e+00
4.969346046447753906e+00
5.592278003692626953e+00
5.352478981018066406e+00
5.537105321884155273e+00
5.784334897994995117e+00
5.069360971450805664e+00
4.064401149749755859e+00
3.604369878768920898e+00
3.341890096664428711e+00
3.509205341339111328e+00
6.070194005966186523e+00
7.006988763809204102e+00
6.638926982879638672e+00
4.518474817276000977e+00
3.363378763198852539e+00
5.285147905349731445e+00
5.168176889419555664e+00
4.436649084091186523e+00
4.587799072265625000e+00
4.686702251434326172e+00
2.879002809524536133e+00
3.151116132736206055e+00
6.026436090469360352e+00
3.633629083633422852e+00
3.646531105041503906e+00
4.652201890945434570e+00
3.363941192626953125e+00
4.204819917678833008e+00
2.196452140808105469e+00
3.561155080795288086e+00
3.312007904052734375e+00
3.243525028228759766e+00
3.688105106353759766e+00
2.149686098098754883e+00
4.497069120407104492e+00
3.266695976257324219e+00
3.418259143829345703e+00
3.584442138671875000e+00
2.542957067489624023e+00
3.704199790954589844e+00
4.283052921295166016e+00
3.852170944213867188e+00
3.885010004043579102e+00
2.962431907653808594e+00
3.350467920303344727e+00
4.632649183273315430e+00
2.767216205596923828e+00
3.058579206466674805e+00
4.856932163238525391e+00
3.170198917388916016e+00
2.813798904418945312e+00
2.946039199829101562e+00
2.193627834320068359e+00
3.469849109649658203e+00
7.012598037719726562e+00
3.240803956985473633e+00
3.313303947448730469e+00
3.263973951339721680e+00
2.505427837371826172e+00
2.647158145904541016e+00
3.158674955368041992e+00
3.959407806396484375e+00
4.138172864913940430e+00
4.268177986145019531e+00
3.908517837524414062e+00
4.819802045822143555e+00
3.696389198303222656e+00
4.163776159286499023e+00
6.782201051712036133e+00
3.453898906707763672e+00
4.413437128067016602e+00
3.845887899398803711e+00
5.128589153289794922e+00
4.022300243377685547e+00
4.123252868652343750e+00
4.622494935989379883e+00
5.094204902648925781e+00
3.165811300277709961e+00
3.920268058776855469e+00
3.581707000732421875e+00
4.592120885848999023e+00
4.589568138122558594e+00
4.218290090560913086e+00
4.930011034011840820e+00
4.389160156250000000e+00
5.112524032592773438e+00
4.084076881408691406e+00
3.032053947448730469e+00
3.413982152938842773e+00
4.053134918212890625e+00
3.620965003967285156e+00
4.469728946685791016e+00
3.564699172973632812e+00
3.484828948974609375e+00
3.741117954254150391e+00
4.717668771743774414e+00
3.971260070800781250e+00
3.490628004074096680e+00
4.450150966644287109e+00
4.048151016235351562e+00
4.289869785308837891e+00
5.211852788925170898e+00
4.488622188568115234e+00
4.290098905563354492e+00
3.184434890747070312e+00
5.807439088821411133e+00
2.980696916580200195e+00
3.852033138275146484e+00
3.489958047866821289e+00
5.147563934326171875e+00
4.679291009902954102e+00
3.794605016708374023e+00
6.479108095169067383e+00
3.846651077270507812e+00
2.132880926132202148e+00
5.036421060562133789e+00
5.894131898880004883e+00
3.533467054367065430e+00
2.977115154266357422e+00
3.504662036895751953e+00
3.851562023162841797e+00
3.565820217132568359e+00
4.019867897033691406e+00
3.994277000427246094e+00
4.977674007415771484e+00
3.751252889633178711e+00
3.216434240341186523e+00
3.507174968719482422e+00
2.167982101440429688e+00
6.430034875869750977e+00
2.637949943542480469e+00
4.969446182250976562e+00
4.407350063323974609e+00
4.132719039916992188e+00
4.816874027252197266e+00
5.056126117706298828e+00
4.323153734207153320e+00
4.039926052093505859e+00
3.436033964157104492e+00
2.595696926116943359e+00
3.136126041412353516e+00
3.399943828582763672e+00
6.482091903686523438e+00
3.639473915100097656e+00
3.188346147537231445e+00
4.049635171890258789e+00
3.601000308990478516e+00
3.759151935577392578e+00
4.163017988204956055e+00
3.518399000167846680e+00
3.634726047515869141e+00
3.426599025726318359e+00
3.253245830535888672e+00
3.839980840682983398e+00
3.502253055572509766e+00
3.569580078125000000e+00
5.011802196502685547e+00
3.164878129959106445e+00
3.934595108032226562e+00
4.004054069519042969e+00
3.016989946365356445e+00
3.906314373016357422e+00
5.222690105438232422e+00
3.613548755645751953e+00
2.993933916091918945e+00
3.370871067047119141e+00
2.880224943161010742e+00
4.827360868453979492e+00
3.478377819061279297e+00
3.292832851409912109e+00
4.391114950180053711e+00
3.658601999282836914e+00
2.732957124710083008e+00
4.231990098953247070e+00
3.469336986541748047e+00
5.267165184020996094e+00
2.976178884506225586e+00
4.347196102142333984e+00
4.119364023208618164e+00
6.714313983917236328e+00
4.037081003189086914e+00
4.068889141082763672e+00
4.452508926391601562e+00
3.071253061294555664e+00
4.297113895416259766e+00
3.615919828414916992e+00
2.036202907562255859e+00
2.838003873825073242e+00
4.549718856811523438e+00
2.416977882385253906e+00
2.635958909988403320e+00
2.676776885986328125e+00
5.274876117706298828e+00
3.087524890899658203e+00
2.871972799301147461e+00
3.896535158157348633e+00
4.146461248397827148e+00
3.959393024444580078e+00
2.877725839614868164e+00
5.518796205520629883e+00
4.446152925491333008e+00
4.762897968292236328e+00
3.709648847579956055e+00
3.663981914520263672e+00
3.731898069381713867e+00
6.747030735015869141e+00
4.364624023437500000e+00
4.632094144821166992e+00
5.925229072570800781e+00
3.896315336227416992e+00
5.415050029754638672e+00
5.301388025283813477e+00
5.587211132049560547e+00
5.798254966735839844e+00
4.903403043746948242e+00
7.578880071640014648e+00
4.460413932800292969e+00
5.167920112609863281e+00
5.307008981704711914e+00
7.146292924880981445e+00
4.583033084869384766e+00
3.201070070266723633e+00
4.533749818801879883e+00
4.364449977874755859e+00
4.701875925064086914e+00
4.478018760681152344e+00
4.634217023849487305e+00
4.196866035461425781e+00
3.524266004562377930e+00
5.131690979003906250e+00
4.825549125671386719e+00
2.796305179595947266e+00
4.941926956176757812e+00
6.663882732391357422e+00
3.846416234970092773e+00
4.948715686798095703e+00
3.995971202850341797e+00
3.754722118377685547e+00
4.479192256927490234e+00
4.497282028198242188e+00
3.511494874954223633e+00
5.230661153793334961e+00
4.951897859573364258e+00
4.526570796966552734e+00
4.335539102554321289e+00
4.824007749557495117e+00
5.195724725723266602e+00
5.298356771469116211e+00
3.748802900314331055e+00
5.412597179412841797e+00
5.869072914123535156e+00
3.253180980682373047e+00
5.371078014373779297e+00
4.171211004257202148e+00
3.272639036178588867e+00
5.077967882156372070e+00
4.384444236755371094e+00
5.407513141632080078e+00
3.231014251708984375e+00
3.912272691726684570e+00
4.938864946365356445e+00
4.757921218872070312e+00
4.954583168029785156e+00
4.999603271484375000e+00
4.230050802230834961e+00
4.592996120452880859e+00
5.352601051330566406e+00
4.324879884719848633e+00
5.654277801513671875e+00
3.489520311355590820e+00
3.393432140350341797e+00
5.042752027511596680e+00
3.672168016433715820e+00
3.970808029174804688e+00
4.490807056427001953e+00
4.402045965194702148e+00
2.986752986907958984e+00
2.736278772354125977e+00
3.211355209350585938e+00
4.321852922439575195e+00
4.062804937362670898e+00
3.805212020874023438e+00
4.491573095321655273e+00
3.626347064971923828e+00
4.525194883346557617e+00
3.311041831970214844e+00
4.416922807693481445e+00
4.504489898681640625e+00
4.918478012084960938e+00
4.814390182495117188e+00
3.650843858718872070e+00
3.586354732513427734e+00
5.620069026947021484e+00
4.970357894897460938e+00
4.780677080154418945e+00
3.419757127761840820e+00
3.846938133239746094e+00
4.009099006652832031e+00
3.721611976623535156e+00
7.911493062973022461e+00
4.110930919647216797e+00
3.558017015457153320e+00
5.237255096435546875e+00
5.133225917816162109e+00
3.958243846893310547e+00
3.604057788848876953e+00
4.118443012237548828e+00
3.881113767623901367e+00
4.210216045379638672e+00
4.347656965255737305e+00
6.602211952209472656e+00
3.811760187149047852e+00
3.853307962417602539e+00
4.852827787399291992e+00
4.085208892822265625e+00
5.067315101623535156e+00
4.239079236984252930e+00
4.821367979049682617e+00
5.021385192871093750e+00
6.051712989807128906e+00
4.674152135848999023e+00
5.570976018905639648e+00
5.582827091217041016e+00
5.838526248931884766e+00
5.575152158737182617e+00
4.829901933670043945e+00
5.471759080886840820e+00
5.359885931015014648e+00
5.305833816528320312e+00
5.892158985137939453e+00
5.208009243011474609e+00
5.557101249694824219e+00
6.500854969024658203e+00
6.315168142318725586e+00
5.498715877532958984e+00
3.075245857238769531e+00
4.053438901901245117e+00
3.457803010940551758e+00
6.777982234954833984e+00
3.615355730056762695e+00
3.802341222763061523e+00
4.291634082794189453e+00
6.322530031204223633e+00
6.689750194549560547e+00
3.591980934143066406e+00
6.152194023132324219e+00
5.252877950668334961e+00
6.180557966232299805e+00
2.809198856353759766e+00
4.395714044570922852e+00
2.679610013961791992e+00
5.449249029159545898e+00
4.226474046707153320e+00
4.584121942520141602e+00
6.831844806671142578e+00
3.816513061523437500e+00
5.061715126037597656e+00
4.672133922576904297e+00
5.001190900802612305e+00
3.319619178771972656e+00
3.688565015792846680e+00
5.487873077392578125e+00
4.210438013076782227e+00
2.872749090194702148e+00
3.207415103912353516e+00
4.540072202682495117e+00
4.595322847366333008e+00
2.778350114822387695e+00
3.433220148086547852e+00
3.831806898117065430e+00
4.467432022094726562e+00
5.798620939254760742e+00
3.416490316390991211e+00
6.708710193634033203e+00
7.357203960418701172e+00
4.267431974411010742e+00
3.883068799972534180e+00
3.648734807968139648e+00
7.442153930664062500e+00
5.018499851226806641e+00
3.041249036788940430e+00
7.063454866409301758e+00
7.384593009948730469e+00
4.779392004013061523e+00
7.592885017395019531e+00
3.663096189498901367e+00
7.586225271224975586e+00
5.261044979095458984e+00
4.774116754531860352e+00
5.201839208602905273e+00
3.313365221023559570e+00
3.541652917861938477e+00
5.537620306015014648e+00
3.056074142456054688e+00
5.093321800231933594e+00
8.416709184646606445e+00
5.285166025161743164e+00
3.591064929962158203e+00
8.383380889892578125e+00
5.414057970046997070e+00
3.395252943038940430e+00
7.888539791107177734e+00
3.897861957550048828e+00
3.775027275085449219e+00
7.738821029663085938e+00
2.858668804168701172e+00
7.630053043365478516e+00
5.064998149871826172e+00
8.692873001098632812e+00
3.939900875091552734e+00
4.142976045608520508e+00
8.640987157821655273e+00
3.744144916534423828e+00
8.878755807876586914e+00
3.516313791275024414e+00
3.269757986068725586e+00
3.948359012603759766e+00
4.528154134750366211e+00
5.258013963699340820e+00
6.048880338668823242e+00
9.376402378082275391e+00
4.029500007629394531e+00
4.075408935546875000e+00
3.419878959655761719e+00
4.063386917114257812e+00
3.932950019836425781e+00
4.484217166900634766e+00
3.534482002258300781e+00
3.048694849014282227e+00
3.137920141220092773e+00
3.030571937561035156e+00
3.926438808441162109e+00
4.124312162399291992e+00
3.412882328033447266e+00
4.253714799880981445e+00
3.660433053970336914e+00
4.729274034500122070e+00
3.749078989028930664e+00
3.485291004180908203e+00
3.370784997940063477e+00
4.652102947235107422e+00
5.253534317016601562e+00
3.526225805282592773e+00
3.424115180969238281e+00
4.176659107208251953e+00
3.455325841903686523e+00
5.186047077178955078e+00
5.276839733123779297e+00
3.287686109542846680e+00
4.237092971801757812e+00
4.510528087615966797e+00
2.971560955047607422e+00
4.048540830612182617e+00
4.867156982421875000e+00
3.717474937438964844e+00
3.173071861267089844e+00
2.925266027450561523e+00
4.765387058258056641e+00
3.258770227432250977e+00
5.014504909515380859e+00
2.526299238204956055e+00
3.238606214523315430e+00
3.857280015945434570e+00
4.933336734771728516e+00
3.501944065093994141e+00
5.304337263107299805e+00
4.731050968170166016e+00
4.970897197723388672e+00
3.464837789535522461e+00
5.130920886993408203e+00
4.180665254592895508e+00
3.271369934082031250e+00
4.592952966690063477e+00
3.441154956817626953e+00
3.570278882980346680e+00
3.586439847946166992e+00
4.490444898605346680e+00
4.970350980758666992e+00
5.336148977279663086e+00
4.535367012023925781e+00
2.620517015457153320e+00
5.362640142440795898e+00
6.165903091430664062e+00
5.463542938232421875e+00
4.064719676971435547e+00
2.596917152404785156e+00
4.830020189285278320e+00
6.105944156646728516e+00
4.653764009475708008e+00
5.396541118621826172e+00
3.564733982086181641e+00
6.029407024383544922e+00
4.285521984100341797e+00
5.717057943344116211e+00
4.816344738006591797e+00
3.341802120208740234e+00
2.824776172637939453e+00
5.994725704193115234e+00
5.537641286849975586e+00
7.491156101226806641e+00
3.434794902801513672e+00
4.486806154251098633e+00
5.582170009613037109e+00
5.728832960128784180e+00
4.872671127319335938e+00
4.866184949874877930e+00
6.080622196197509766e+00
3.828937053680419922e+00
3.669794797897338867e+00
4.939990997314453125e+00
5.167143821716308594e+00
5.815667152404785156e+00
4.175118207931518555e+00
4.074640989303588867e+00
4.365356206893920898e+00
4.416695117950439453e+00
4.061113834381103516e+00
4.599760770797729492e+00
4.236860752105712891e+00
5.346309900283813477e+00
5.964066028594970703e+00
5.674581050872802734e+00
4.661571741104125977e+00
4.404522895812988281e+00
4.486213684082031250e+00
4.956527709960937500e+00
4.490005970001220703e+00
4.879218101501464844e+00
5.004524946212768555e+00
4.148113965988159180e+00
5.002257108688354492e+00
4.670018911361694336e+00
4.469724893569946289e+00
4.760237932205200195e+00
4.565736055374145508e+00
5.808052062988281250e+00
6.407379865646362305e+00
4.652124881744384766e+00
6.653368949890136719e+00
3.037574052810668945e+00
4.174102067947387695e+00
4.074667930603027344e+00
5.062080144882202148e+00
3.909163951873779297e+00
5.213701248168945312e+00
4.794076204299926758e+00
3.934812784194946289e+00
3.803539037704467773e+00
4.402297973632812500e+00
4.296677112579345703e+00
3.465142965316772461e+00
3.810404777526855469e+00
4.170197010040283203e+00
6.398753643035888672e+00
4.347570896148681641e+00
3.693497896194458008e+00
4.268831014633178711e+00
3.984777927398681641e+00
4.499975919723510742e+00
4.353826045989990234e+00
3.552479028701782227e+00
4.676195144653320312e+00
5.248369693756103516e+00
4.786647081375122070e+00
4.331321001052856445e+00
4.214066743850708008e+00
4.917031049728393555e+00
4.134752035140991211e+00
3.937835931777954102e+00
5.078277826309204102e+00
4.345929145812988281e+00
4.918344974517822266e+00
4.115990161895751953e+00
4.309307336807250977e+00
5.271712064743041992e+00
4.252024173736572266e+00
5.353813171386718750e+00
4.616256952285766602e+00
4.416953086853027344e+00
4.565450906753540039e+00
4.062498807907104492e+00
3.912075996398925781e+00
5.141553878784179688e+00
4.494541168212890625e+00
4.047695875167846680e+00
4.394891023635864258e+00
3.674850940704345703e+00
5.299913167953491211e+00
5.472678899765014648e+00
4.105272054672241211e+00
2.680426836013793945e+00
4.079648017883300781e+00
4.159601926803588867e+00
4.852059125900268555e+00
4.318557977676391602e+00
4.426436901092529297e+00
5.847594976425170898e+00
4.416321039199829102e+00
4.872889757156372070e+00
5.814621925354003906e+00
3.189407110214233398e+00
4.768104076385498047e+00
4.956551313400268555e+00
4.631528139114379883e+00
4.733808755874633789e+00
6.358844757080078125e+00
3.464735031127929688e+00
3.431627988815307617e+00
3.578083992004394531e+00
5.074738979339599609e+00
4.065129995346069336e+00
3.346066951751708984e+00
5.289501905441284180e+00
5.166628122329711914e+00
3.397140026092529297e+00
4.002681970596313477e+00
5.197579145431518555e+00
3.669711828231811523e+00
3.410768270492553711e+00
3.824052095413208008e+00
3.946079015731811523e+00
3.178197860717773438e+00
3.777930021286010742e+00
3.677793979644775391e+00
3.907257795333862305e+00
4.422568082809448242e+00
5.192775726318359375e+00
3.859078168869018555e+00
3.581307172775268555e+00
4.278875112533569336e+00
4.508168935775756836e+00
4.457672834396362305e+00
4.801908969879150391e+00
4.355499982833862305e+00
3.878243684768676758e+00
3.408579111099243164e+00
5.161176919937133789e+00
4.159994840621948242e+00
3.600564241409301758e+00
4.063863754272460938e+00
3.184044837951660156e+00
3.291803836822509766e+00
3.386735200881958008e+00
4.986578941345214844e+00
4.322302818298339844e+00
3.697070121765136719e+00
4.578259944915771484e+00
3.383243083953857422e+00
5.267768144607543945e+00
4.412411928176879883e+00
3.182040929794311523e+00
2.934270858764648438e+00
4.881672859191894531e+00
3.879968881607055664e+00
6.353327989578247070e+00
3.225345611572265625e+00
3.574042081832885742e+00
5.676643133163452148e+00
3.272099971771240234e+00
5.409133672714233398e+00
4.941188097000122070e+00
4.138562679290771484e+00
3.884365081787109375e+00
5.097685098648071289e+00
5.621584177017211914e+00
4.512687206268310547e+00
3.517938852310180664e+00
2.543512105941772461e+00
7.271836996078491211e+00
3.787554025650024414e+00
2.843487977981567383e+00
3.523663997650146484e+00
4.218715906143188477e+00
3.915374755859375000e+00
3.243337869644165039e+00
3.562694787979125977e+00
4.473599910736083984e+00
4.468024969100952148e+00
7.847825765609741211e+00
4.313750028610229492e+00
3.594790935516357422e+00
4.017882108688354492e+00
4.858305931091308594e+00
4.452874183654785156e+00
6.248845815658569336e+00
3.665963172912597656e+00
3.640444993972778320e+00
4.929260015487670898e+00
3.859169006347656250e+00
4.528069019317626953e+00
5.297260999679565430e+00
3.714352130889892578e+00
5.334423065185546875e+00
3.773061275482177734e+00
5.361830949783325195e+00
3.378586053848266602e+00
4.694178819656372070e+00
4.064383983612060547e+00
5.104194164276123047e+00
5.399462938308715820e+00
4.137639999389648438e+00
5.262557983398437500e+00
3.084175825119018555e+00
4.126606225967407227e+00
5.118016004562377930e+00
3.820087194442749023e+00
4.794175863265991211e+00
4.969554901123046875e+00
5.149861097335815430e+00
5.022454977035522461e+00
4.014025926589965820e+00
5.099043130874633789e+00
4.994964122772216797e+00
4.500356197357177734e+00
4.596339941024780273e+00
4.592188119888305664e+00
5.271059036254882812e+00
4.833651781082153320e+00
5.293176889419555664e+00
3.543533086776733398e+00
3.672621011734008789e+00
2.679744958877563477e+00
4.089514970779418945e+00
5.913300991058349609e+00
3.630029916763305664e+00
5.142760992050170898e+00
3.676872253417968750e+00
3.542688846588134766e+00
5.565454006195068359e+00
3.826872110366821289e+00
3.951805114746093750e+00
4.066529989242553711e+00
3.588447093963623047e+00
3.898289203643798828e+00
3.101369142532348633e+00
3.660609245300292969e+00
3.625027894973754883e+00
6.652176141738891602e+00
3.752576112747192383e+00
4.890220165252685547e+00
5.680627107620239258e+00
6.175689935684204102e+00
5.544364929199218750e+00
7.021008014678955078e+00
5.258285999298095703e+00
4.190220594406127930e+00
3.400756120681762695e+00
4.683227777481079102e+00
3.393149852752685547e+00
2.714731931686401367e+00
7.279556989669799805e+00
4.326959133148193359e+00
4.185261726379394531e+00
3.371952772140502930e+00
6.359281778335571289e+00
4.197463035583496094e+00
4.386983156204223633e+00
3.933324813842773438e+00
3.908977031707763672e+00
4.205670833587646484e+00
4.480843782424926758e+00
4.943937778472900391e+00
4.913902044296264648e+00
4.205992937088012695e+00
2.978941917419433594e+00
6.572021961212158203e+00
6.611824274063110352e+00
2.653900861740112305e+00
5.123529195785522461e+00
3.344343900680541992e+00
5.016824007034301758e+00
2.521675825119018555e+00
5.021655082702636719e+00
3.129486799240112305e+00
4.564650058746337891e+00
4.716873884201049805e+00
3.185716867446899414e+00
3.534587144851684570e+00
4.962923049926757812e+00
2.795726060867309570e+00
4.871732950210571289e+00
5.067769050598144531e+00
3.909454822540283203e+00
5.239529132843017578e+00
5.385563135147094727e+00
6.573596239089965820e+00
5.608747959136962891e+00
4.274700164794921875e+00
4.816262006759643555e+00
4.013827085494995117e+00
6.495673179626464844e+00
5.983865737915039062e+00
3.848976850509643555e+00
3.811544179916381836e+00
4.558189868927001953e+00
3.561232089996337891e+00
9.844345808029174805e+00
3.043927907943725586e+00
3.999218225479125977e+00
3.978359937667846680e+00
4.552453041076660156e+00
3.745421648025512695e+00
5.745061874389648438e+00
4.957308769226074219e+00
6.271378040313720703e+00
6.010423898696899414e+00
7.564498901367187500e+00
5.814737319946289062e+00
4.703967094421386719e+00
5.607502222061157227e+00
5.259274244308471680e+00
3.129382371902465820e+00
4.585787057876586914e+00
4.789454936981201172e+00
6.561462879180908203e+00
4.861845016479492188e+00
3.619690179824829102e+00
3.054097175598144531e+00
3.694432020187377930e+00
4.629614114761352539e+00
4.858808994293212891e+00
5.621566295623779297e+00
3.419816255569458008e+00
5.186867237091064453e+00
3.108489990234375000e+00
5.305441141128540039e+00
6.538367986679077148e+00
4.162997007369995117e+00
3.453978061676025391e+00
3.964721918106079102e+00
5.320444107055664062e+00
5.199630975723266602e+00
5.061601161956787109e+00
3.654575824737548828e+00
3.085753917694091797e+00
5.251785039901733398e+00
4.101906776428222656e+00
3.853153944015502930e+00
3.715218067169189453e+00
5.356016159057617188e+00
6.335910081863403320e+00
3.930423736572265625e+00
6.021883249282836914e+00
3.855137109756469727e+00
4.096436977386474609e+00
5.543589830398559570e+00
4.300950050354003906e+00
4.971734046936035156e+00
4.590047121047973633e+00
3.895210981369018555e+00
3.588553428649902344e+00
2.943430185317993164e+00
4.020859956741333008e+00
3.569711208343505859e+00
4.671454191207885742e+00
3.970911979675292969e+00
4.699806213378906250e+00
4.794443130493164062e+00
3.344836950302124023e+00
3.688810110092163086e+00
2.683912992477416992e+00
3.174562931060791016e+00
5.156779050827026367e+00
2.977146863937377930e+00
3.924360990524291992e+00
5.018785953521728516e+00
2.980265378952026367e+00
4.204586029052734375e+00
5.204926013946533203e+00
5.436000108718872070e+00
4.969156980514526367e+00
4.190296888351440430e+00
5.530329704284667969e+00
6.320924282073974609e+00
4.887236833572387695e+00
5.614252090454101562e+00
5.083997964859008789e+00
4.256525039672851562e+00
3.379941940307617188e+00
6.149873971939086914e+00
5.900861024856567383e+00
6.136817932128906250e+00
7.743563175201416016e+00
3.263163805007934570e+00
5.806306123733520508e+00
6.128834962844848633e+00
4.270478725433349609e+00
5.961538076400756836e+00
3.582641839981079102e+00
3.392153024673461914e+00
4.514528036117553711e+00
6.189332962036132812e+00
6.137566089630126953e+00
3.831822872161865234e+00
3.834496974945068359e+00
6.183669805526733398e+00
5.920700788497924805e+00
6.346540927886962891e+00
5.853200912475585938e+00
4.402162790298461914e+00
6.519058942794799805e+00
3.660155057907104492e+00
5.733243942260742188e+00
5.495419025421142578e+00
3.648435831069946289e+00
5.044626235961914062e+00
3.151068925857543945e+00
6.195934295654296875e+00
3.864655017852783203e+00
3.879638910293579102e+00
3.660004854202270508e+00
3.364645719528198242e+00
3.323137998580932617e+00
3.568675994873046875e+00
7.602293014526367188e+00
4.084523200988769531e+00
3.666917085647583008e+00
5.226814985275268555e+00
5.844380855560302734e+00
6.879327058792114258e+00
6.827011108398437500e+00
4.096062898635864258e+00
3.432356119155883789e+00
4.425270080566406250e+00
2.915594816207885742e+00
4.393636941909790039e+00
3.318418741226196289e+00
4.441957950592041016e+00
2.949710130691528320e+00
5.507160186767578125e+00
3.780956983566284180e+00
4.217492103576660156e+00
5.957619905471801758e+00
3.627866744995117188e+00
4.697207212448120117e+00
5.371484756469726562e+00
5.696071147918701172e+00
6.619022130966186523e+00
3.674547910690307617e+00
4.537619829177856445e+00
5.039093017578125000e+00
5.589410781860351562e+00
3.237802982330322266e+00
4.410253047943115234e+00
3.471791744232177734e+00
5.971445798873901367e+00
4.915624141693115234e+00
6.573948860168457031e+00
3.803655147552490234e+00
5.736060142517089844e+00
5.802242040634155273e+00
3.045091152191162109e+00
4.698117256164550781e+00
5.255353689193725586e+00
3.063843011856079102e+00
3.342333078384399414e+00
4.335551023483276367e+00
5.109276056289672852e+00
5.098042249679565430e+00
4.928956985473632812e+00
4.459733009338378906e+00
3.348398923873901367e+00
5.495537996292114258e+00
5.332085847854614258e+00
4.966966152191162109e+00
4.210992336273193359e+00
6.024909019470214844e+00
5.398164987564086914e+00
3.965550899505615234e+00
4.430770874023437500e+00
5.161559104919433594e+00
5.668902873992919922e+00
6.474949121475219727e+00
6.638791084289550781e+00
6.149844884872436523e+00
5.633590936660766602e+00
2.831007003784179688e+00
4.764209032058715820e+00
4.422774076461791992e+00
4.358342170715332031e+00
3.600008964538574219e+00
3.165527820587158203e+00
4.950335979461669922e+00
4.687947034835815430e+00
3.169672250747680664e+00
3.754631757736206055e+00
3.502708196640014648e+00
4.758405923843383789e+00
3.656495809555053711e+00
7.013036966323852539e+00
3.747210979461669922e+00
4.841367006301879883e+00
4.915847301483154297e+00
3.054343938827514648e+00
3.816363096237182617e+00
6.988640069961547852e+00
3.976545095443725586e+00
3.569530010223388672e+00
4.401672840118408203e+00
4.031662702560424805e+00
4.198948144912719727e+00
4.050076007843017578e+00
4.064414978027343750e+00
3.493854045867919922e+00
4.344105005264282227e+00
3.830146074295043945e+00
5.197526931762695312e+00
4.265181779861450195e+00
4.072249174118041992e+00
4.687766075134277344e+00
5.187811136245727539e+00
3.340175867080688477e+00
3.878859758377075195e+00
2.952131032943725586e+00
5.433625936508178711e+00
5.026859045028686523e+00
4.494966983795166016e+00
4.645971059799194336e+00
5.046653985977172852e+00
5.433946132659912109e+00
5.066670179367065430e+00
5.123545169830322266e+00
4.834614038467407227e+00
5.776763916015625000e+00
4.055860996246337891e+00
4.644474029541015625e+00
2.689074277877807617e+00
3.811105012893676758e+00
4.878159046173095703e+00
5.166208982467651367e+00
5.048451662063598633e+00
5.257616043090820312e+00
5.452696084976196289e+00
4.310788154602050781e+00
4.533957958221435547e+00
4.151186943054199219e+00
3.186556100845336914e+00
4.396169900894165039e+00
5.182509899139404297e+00
3.685558080673217773e+00
4.317347049713134766e+00
4.639516830444335938e+00
3.375618934631347656e+00
3.113352775573730469e+00
3.222070932388305664e+00
4.391186952590942383e+00
5.955629825592041016e+00
4.563882112503051758e+00
6.713062286376953125e+00
5.943146944046020508e+00
4.779935836791992188e+00
5.004823207855224609e+00
2.855656147003173828e+00
3.462266683578491211e+00
3.595433950424194336e+00
3.631854772567749023e+00
6.239697694778442383e+00
3.722700595855712891e+00
3.667395830154418945e+00
3.475969076156616211e+00
3.839439868927001953e+00
3.160965919494628906e+00
4.125391244888305664e+00
3.600032091140747070e+00
4.477858066558837891e+00
5.372419118881225586e+00
4.111800909042358398e+00
4.825185060501098633e+00
3.334601879119873047e+00
3.503350019454956055e+00
4.449473857879638672e+00
6.393069744110107422e+00
4.554565191268920898e+00
3.400996923446655273e+00
4.724513053894042969e+00
7.188503026962280273e+00
5.188422918319702148e+00
3.684659957885742188e+00
4.411322116851806641e+00
7.218639135360717773e+00
3.806457042694091797e+00
3.838699102401733398e+00
4.436321020126342773e+00
3.755174875259399414e+00
4.700235843658447266e+00
2.990645885467529297e+00
4.365341901779174805e+00
2.868692874908447266e+00
7.682876348495483398e+00
4.498198032379150391e+00
3.023957014083862305e+00
3.281908988952636719e+00
4.195983171463012695e+00
5.041679143905639648e+00
3.686752080917358398e+00
3.194365978240966797e+00
4.131120920181274414e+00
5.526171207427978516e+00
3.896884918212890625e+00
3.342613935470581055e+00
3.429057121276855469e+00
3.490997791290283203e+00
5.340338945388793945e+00
4.750321865081787109e+00
5.058032989501953125e+00
5.000565052032470703e+00
4.501816034317016602e+00
3.661627054214477539e+00
5.316036224365234375e+00
5.280502796173095703e+00
3.147344827651977539e+00
3.963566064834594727e+00
3.957924127578735352e+00
5.332794189453125000e+00
5.135015964508056641e+00
5.211168050765991211e+00
3.522172927856445312e+00
3.534211158752441406e+00
5.105875968933105469e+00
3.848773241043090820e+00
5.218037128448486328e+00
4.854785919189453125e+00
4.977442026138305664e+00
5.224637269973754883e+00
3.685169935226440430e+00
4.914052009582519531e+00
5.021249055862426758e+00
6.920242071151733398e+00
4.007458686828613281e+00
5.488141059875488281e+00
5.602859020233154297e+00
5.099541902542114258e+00
5.396271228790283203e+00
3.731465101242065430e+00
3.501830816268920898e+00
3.002454996109008789e+00
2.679560899734497070e+00
4.052827835083007812e+00
3.783909797668457031e+00
4.181219100952148438e+00
3.661405801773071289e+00
5.564801931381225586e+00
5.752155065536499023e+00
6.072146892547607422e+00
3.472738027572631836e+00
3.278836011886596680e+00
4.665390014648437500e+00
4.806528091430664062e+00
4.290330171585083008e+00
4.414148807525634766e+00
3.460232973098754883e+00
5.242309093475341797e+00
5.090097904205322266e+00
4.224850177764892578e+00
5.963027954101562500e+00
3.042631149291992188e+00
4.911119699478149414e+00
6.068034648895263672e+00
3.417186021804809570e+00
3.264886140823364258e+00
5.283151865005493164e+00
5.338159799575805664e+00
3.939618110656738281e+00
3.806911945343017578e+00
6.797426939010620117e+00
3.195883035659790039e+00
3.135441303253173828e+00
5.374151945114135742e+00
5.437286853790283203e+00
2.712562084197998047e+00
4.559839010238647461e+00
4.031994819641113281e+00
4.931958198547363281e+00
4.335690975189208984e+00
2.723502635955810547e+00
2.804931163787841797e+00
3.677756309509277344e+00
4.903041839599609375e+00
3.842939138412475586e+00
3.407490015029907227e+00
5.864982604980468750e+00
3.117820024490356445e+00
4.530559062957763672e+00
5.057301044464111328e+00
3.860223054885864258e+00
5.701756954193115234e+00
3.436866998672485352e+00
4.410370826721191406e+00
3.399191856384277344e+00
4.244585275650024414e+00
5.392540216445922852e+00
4.315042972564697266e+00
3.618210077285766602e+00
3.160059213638305664e+00
4.454965829849243164e+00
4.224706172943115234e+00
6.260993719100952148e+00
