9.097818136215209961e+00
1.218989109992980957e+01
8.242267131805419922e+00
7.311893939971923828e+00
1.036216187477111816e+01
6.370732069015502930e+00
4.418510198593139648e+00
5.477722167968750000e+00
3.811826944351196289e+00
3.362598896026611328e+00
1.244102907180786133e+01
2.466520071029663086e+00
1.554665327072143555e+00
1.878712892532348633e+00
2.014024972915649414e+00
2.934639692306518555e+00
3.036036968231201172e+00
3.237130880355834961e+00
3.531980752944946289e+00
3.937699079513549805e+00
3.481421947479248047e+00
3.460263252258300781e+00
2.550527095794677734e+00
3.266448020935058594e+00
4.483889102935791016e+00
2.808390140533447266e+00
3.716276884078979492e+00
4.134061098098754883e+00
3.764877080917358398e+00
2.469621896743774414e+00
3.467111825942993164e+00
5.499078035354614258e+00
2.796494007110595703e+00
3.121386051177978516e+00
3.511605024337768555e+00
4.591667890548706055e+00
3.160527944564819336e+00
4.788867950439453125e+00
4.058323860168457031e+00
3.153916835784912109e+00
3.301299095153808594e+00
2.979382038116455078e+00
3.561300039291381836e+00
4.227862119674682617e+00
3.556824922561645508e+00
2.273744106292724609e+00
3.218607902526855469e+00
3.539764881134033203e+00
4.411169052124023438e+00
3.451580047607421875e+00
1.985013961791992188e+00
2.516872167587280273e+00
3.463075637817382812e+00
3.490108966827392578e+00
2.607590198516845703e+00
2.517218828201293945e+00
3.330500125885009766e+00
3.835100889205932617e+00
3.070151805877685547e+00
2.783408880233764648e+00
3.796442031860351562e+00
4.284276962280273438e+00
2.474570035934448242e+00
3.186988830566406250e+00
1.592720031738281250e+00
3.547040939331054688e+00
4.163533687591552734e+00
3.600435018539428711e+00
2.714427947998046875e+00
3.223409891128540039e+00
4.349338769912719727e+00
2.435109138488769531e+00
4.105191946029663086e+00
4.003813266754150391e+00
2.113972425460815430e+00
2.690706968307495117e+00
4.023241996765136719e+00
3.474316835403442383e+00
2.892896175384521484e+00
4.414565801620483398e+00
2.330137968063354492e+00
3.712829828262329102e+00
2.394858837127685547e+00
2.925317049026489258e+00
4.055976152420043945e+00
3.807415008544921875e+00
2.980248928070068359e+00
3.864555835723876953e+00
2.791735172271728516e+00
3.557028055191040039e+00
2.788705110549926758e+00
3.272801876068115234e+00
2.205387115478515625e+00
3.964380025863647461e+00
3.199625968933105469e+00
2.249109029769897461e+00
3.507946014404296875e+00
3.583250045776367188e+00
3.593701124191284180e+00
2.600058078765869141e+00
4.406757831573486328e+00
3.044624805450439453e+00
4.463987827301025391e+00
2.818132162094116211e+00
3.963908195495605469e+00
4.910053014755249023e+00
4.187238931655883789e+00
3.534091949462890625e+00
2.177242994308471680e+00
3.582161903381347656e+00
5.023679018020629883e+00
2.828764200210571289e+00
4.197028875350952148e+00
3.462811231613159180e+00
5.120242834091186523e+00
3.776435852050781250e+00
5.835743188858032227e+00
4.884393930435180664e+00
3.291382074356079102e+00
4.223847866058349609e+00
3.318238258361816406e+00
2.419362068176269531e+00
2.968756914138793945e+00
2.425157785415649414e+00
5.700827836990356445e+00
4.094109058380126953e+00
4.063305854797363281e+00
3.929394245147705078e+00
2.490846872329711914e+00
3.572494029998779297e+00
4.963375091552734375e+00
2.488147258758544922e+00
2.795452117919921875e+00
3.857173919677734375e+00
2.467576265335083008e+00
2.882168054580688477e+00
2.135136842727661133e+00
2.798126935958862305e+00
2.757099866867065430e+00
3.739850044250488281e+00
3.873435020446777344e+00
3.367471218109130859e+00
3.936578035354614258e+00
3.290787935256958008e+00
3.457498073577880859e+00
3.177017927169799805e+00
3.930864095687866211e+00
8.129359006881713867e+00
2.439778804779052734e+00
3.044517993927001953e+00
4.685594797134399414e+00
3.012787818908691406e+00
2.788097620010375977e+00
3.270716905593872070e+00
4.077102661132812500e+00
2.771306991577148438e+00
4.445602178573608398e+00
3.505020856857299805e+00
3.083489894866943359e+00
3.252368927001953125e+00
5.623995780944824219e+00
3.744109153747558594e+00
3.472517013549804688e+00
4.499948024749755859e+00
3.773492097854614258e+00
3.110167980194091797e+00
2.565665006637573242e+00
3.784734249114990234e+00
2.590538740158081055e+00
3.172207832336425781e+00
3.302707910537719727e+00
3.517048120498657227e+00
3.518917083740234375e+00
2.280137062072753906e+00
2.952209949493408203e+00
4.724796056747436523e+00
1.929366111755371094e+00
2.951463222503662109e+00
2.402244091033935547e+00
2.324059247970581055e+00
3.382483959197998047e+00
3.212912797927856445e+00
2.305287122726440430e+00
3.574033975601196289e+00
2.539463996887207031e+00
3.919982194900512695e+00
2.495002746582031250e+00
2.453592061996459961e+00
1.999444961547851562e+00
3.401394844055175781e+00
4.016093015670776367e+00
2.530637979507446289e+00
2.317239046096801758e+00
2.938939094543457031e+00
4.302438974380493164e+00
3.597604036331176758e+00
3.992180109024047852e+00
4.612878084182739258e+00
3.230734109878540039e+00
3.899464845657348633e+00
2.586631059646606445e+00
3.282674074172973633e+00
2.947513818740844727e+00
3.034961938858032227e+00
2.471477031707763672e+00
3.072967052459716797e+00
3.483498096466064453e+00
2.164891958236694336e+00
2.525449037551879883e+00
3.603582143783569336e+00
3.061170816421508789e+00
3.419683218002319336e+00
3.419010877609252930e+00
3.824769020080566406e+00
3.001383066177368164e+00
3.149299860000610352e+00
3.203572034835815430e+00
2.773437023162841797e+00
2.133599042892456055e+00
2.854419946670532227e+00
3.318012237548828125e+00
3.425085783004760742e+00
2.448694944381713867e+00
2.246042966842651367e+00
3.556623935699462891e+00
3.544645071029663086e+00
4.161131858825683594e+00
3.424891948699951172e+00
3.074487209320068359e+00
3.757075071334838867e+00
3.710737943649291992e+00
7.101962089538574219e+00
2.874519109725952148e+00
3.631923913955688477e+00
4.424439191818237305e+00
3.663704872131347656e+00
2.850641965866088867e+00
3.689205884933471680e+00
3.506571054458618164e+00
3.813543319702148438e+00
3.103513002395629883e+00
3.425642013549804688e+00
2.995730161666870117e+00
3.764028787612915039e+00
4.024172067642211914e+00
2.985831022262573242e+00
3.969933032989501953e+00
4.376877069473266602e+00
3.274158000946044922e+00
2.654301881790161133e+00
4.045802116394042969e+00
3.035253047943115234e+00
4.975862979888916016e+00
3.860671043395996094e+00
4.916177034378051758e+00
3.887579202651977539e+00
2.272751092910766602e+00
3.898332834243774414e+00
2.284777164459228516e+00
3.866723060607910156e+00
2.141629934310913086e+00
4.060760021209716797e+00
5.485733032226562500e+00
2.188239812850952148e+00
3.635861158370971680e+00
5.865746974945068359e+00
3.826600790023803711e+00
5.796072006225585938e+00
3.162148237228393555e+00
3.263034105300903320e+00
6.078734874725341797e+00
2.814503908157348633e+00
5.242960929870605469e+00
3.355651140213012695e+00
3.211620807647705078e+00
6.511466026306152344e+00
3.328795909881591797e+00
5.978347778320312500e+00
2.984369754791259766e+00
3.152961730957031250e+00
3.574002027511596680e+00
2.711277723312377930e+00
2.276015043258666992e+00
3.551119804382324219e+00
3.008830785751342773e+00
4.125646114349365234e+00
3.325472116470336914e+00
3.685448884963989258e+00
3.439217805862426758e+00
4.075317144393920898e+00
2.982911109924316406e+00
3.292787790298461914e+00
2.994827985763549805e+00
3.113888978958129883e+00
4.553093910217285156e+00
3.522083282470703125e+00
3.647610902786254883e+00
4.091243982315063477e+00
4.171674966812133789e+00
4.737179756164550781e+00
4.679945230484008789e+00
3.247718095779418945e+00
4.112633705139160156e+00
4.066977024078369141e+00
3.578902959823608398e+00
4.822312116622924805e+00
2.731832742691040039e+00
3.784376144409179688e+00
4.245200872421264648e+00
3.001495122909545898e+00
3.484057188034057617e+00
1.914459228515625000e+00
3.715652942657470703e+00
3.475797891616821289e+00
3.978108882904052734e+00
2.474347829818725586e+00
4.232395887374877930e+00
3.914370059967041016e+00
3.377372026443481445e+00
3.721285104751586914e+00
3.219043731689453125e+00
3.777616977691650391e+00
2.909317016601562500e+00
3.294677972793579102e+00
4.411867141723632812e+00
2.679909944534301758e+00
3.926137685775756836e+00
3.365856170654296875e+00
3.880553960800170898e+00
2.923569202423095703e+00
4.299865961074829102e+00
2.809425830841064453e+00
3.090072154998779297e+00
3.023829936981201172e+00
2.303930997848510742e+00
3.275431871414184570e+00
3.573151111602783203e+00
4.489584922790527344e+00
3.774230003356933594e+00
2.508404016494750977e+00
3.373256921768188477e+00
4.645719051361083984e+00
3.709769010543823242e+00
3.202552080154418945e+00
3.566088914871215820e+00
4.780099153518676758e+00
3.572173118591308594e+00
2.073982000350952148e+00
3.371250867843627930e+00
2.136045932769775391e+00
2.906037807464599609e+00
3.085559129714965820e+00
2.649760007858276367e+00
4.179103136062622070e+00
3.697698116302490234e+00
2.760229110717773438e+00
4.506775140762329102e+00
4.057431936264038086e+00
4.045917987823486328e+00
2.845793008804321289e+00
4.303770780563354492e+00
3.006859064102172852e+00
2.805528163909912109e+00
2.994129896163940430e+00
3.364163160324096680e+00
3.447185039520263672e+00
4.324057102203369141e+00
4.011811017990112305e+00
2.749292135238647461e+00
3.246601343154907227e+00
3.025704860687255859e+00
2.683821916580200195e+00
4.233150243759155273e+00
2.857187747955322266e+00
5.167787075042724609e+00
3.788120031356811523e+00
3.616627931594848633e+00
5.482223033905029297e+00
4.495785951614379883e+00
5.241678953170776367e+00
5.779228925704956055e+00
3.363188982009887695e+00
5.337042093276977539e+00
3.841686964035034180e+00
4.227657794952392578e+00
6.348379135131835938e+00
3.030420064926147461e+00
4.014387130737304688e+00
4.014513969421386719e+00
5.405835151672363281e+00
4.541815996170043945e+00
3.444872856140136719e+00
4.668915271759033203e+00
4.168406963348388672e+00
3.532185077667236328e+00
3.877572059631347656e+00
3.830045938491821289e+00
5.712594032287597656e+00
3.128936052322387695e+00
4.024810075759887695e+00
4.101608991622924805e+00
3.850544929504394531e+00
4.251143217086791992e+00
3.929409027099609375e+00
3.297843933105468750e+00
3.856260776519775391e+00
3.056335926055908203e+00
4.095502853393554688e+00
3.067154884338378906e+00
5.353291034698486328e+00
3.666451930999755859e+00
4.318270921707153320e+00
4.222675323486328125e+00
3.979998350143432617e+00
2.432037830352783203e+00
4.431312084197998047e+00
4.516328096389770508e+00
3.540811061859130859e+00
5.490259170532226562e+00
3.034308195114135742e+00
4.335906982421875000e+00
3.405107975006103516e+00
2.740672826766967773e+00
3.657938241958618164e+00
4.100271940231323242e+00
3.859177827835083008e+00
3.062241077423095703e+00
2.965632915496826172e+00
2.733139753341674805e+00
5.079333066940307617e+00
4.138476133346557617e+00
5.099510908126831055e+00
2.684648990631103516e+00
3.433015108108520508e+00
3.726481199264526367e+00
2.816175937652587891e+00
4.048025131225585938e+00
2.345672845840454102e+00
4.270323038101196289e+00
2.418111085891723633e+00
4.587187051773071289e+00
2.706449270248413086e+00
2.313632011413574219e+00
2.860110998153686523e+00
3.167970895767211914e+00
2.880078792572021484e+00
3.251147985458374023e+00
4.155850887298583984e+00
2.604081869125366211e+00
2.547970056533813477e+00
3.944694995880126953e+00
3.320062875747680664e+00
3.191077232360839844e+00
3.277754068374633789e+00
3.037667036056518555e+00
3.292347192764282227e+00
3.300765991210937500e+00
2.863170146942138672e+00
2.441843032836914062e+00
2.447905063629150391e+00
3.218174934387207031e+00
2.934372901916503906e+00
3.461045026779174805e+00
3.864052057266235352e+00
3.406558990478515625e+00
2.689469099044799805e+00
2.458873987197875977e+00
3.035999059677124023e+00
2.513289928436279297e+00
3.002170085906982422e+00
2.833733797073364258e+00
2.973950862884521484e+00
3.541094779968261719e+00
3.249971151351928711e+00
3.125417947769165039e+00
3.609579086303710938e+00
4.417369127273559570e+00
3.148303985595703125e+00
5.105432987213134766e+00
3.691163063049316406e+00
3.454952955245971680e+00
3.263953924179077148e+00
3.902044773101806641e+00
5.027336835861206055e+00
3.109774112701416016e+00
4.200241804122924805e+00
2.994086027145385742e+00
4.993652105331420898e+00
3.489680290222167969e+00
4.369102239608764648e+00
4.340475797653198242e+00
3.021599054336547852e+00
4.787112951278686523e+00
4.246798038482666016e+00
3.197887897491455078e+00
4.423017978668212891e+00
4.894426107406616211e+00
3.886443853378295898e+00
4.891401052474975586e+00
4.622100114822387695e+00
4.761508226394653320e+00
4.732053756713867188e+00
4.309052944183349609e+00
4.035654783248901367e+00
5.447252035140991211e+00
3.999871015548706055e+00
5.195730209350585938e+00
3.949783086776733398e+00
5.481768846511840820e+00
5.833865880966186523e+00
5.168113231658935547e+00
4.444193840026855469e+00
5.043916940689086914e+00
4.509023904800415039e+00
5.077111005783081055e+00
5.244827985763549805e+00
5.219310998916625977e+00
3.632997751235961914e+00
5.056232213973999023e+00
4.417222976684570312e+00
5.148679971694946289e+00
5.189231157302856445e+00
5.792349100112915039e+00
3.923655033111572266e+00
3.291352748870849609e+00
3.197607040405273438e+00
4.005205869674682617e+00
3.936326742172241211e+00
2.841601133346557617e+00
4.093152999877929688e+00
4.343209028244018555e+00
3.759505987167358398e+00
4.397081851959228516e+00
5.298454046249389648e+00
3.793409109115600586e+00
4.660830974578857422e+00
2.637843132019042969e+00
5.710862874984741211e+00
3.240149021148681641e+00
3.093029975891113281e+00
5.755748748779296875e+00
4.627024888992309570e+00
5.443594932556152344e+00
5.120880842208862305e+00
4.591564178466796875e+00
6.853135108947753906e+00
4.978676080703735352e+00
2.907161951065063477e+00
4.589186191558837891e+00
6.608451843261718750e+00
4.943161010742187500e+00
3.075927019119262695e+00
6.251407146453857422e+00
2.760239124298095703e+00
3.166691064834594727e+00
5.112313985824584961e+00
2.796710014343261719e+00
3.906538963317871094e+00
3.102834224700927734e+00
3.181364059448242188e+00
3.234856843948364258e+00
4.184566974639892578e+00
4.447462320327758789e+00
3.423445940017700195e+00
3.591209888458251953e+00
4.041924953460693359e+00
3.606354236602783203e+00
3.656550168991088867e+00
3.237157106399536133e+00
3.587775945663452148e+00
3.401875019073486328e+00
3.570654869079589844e+00
5.443871021270751953e+00
4.169024705886840820e+00
5.782134056091308594e+00
4.559265851974487305e+00
3.953251123428344727e+00
5.122473955154418945e+00
5.947211027145385742e+00
5.292193889617919922e+00
3.521980047225952148e+00
3.902940750122070312e+00
4.590088844299316406e+00
5.380321025848388672e+00
4.584213972091674805e+00
4.743318080902099609e+00
4.764835119247436523e+00
3.578060150146484375e+00
3.504207134246826172e+00
3.027394056320190430e+00
4.059525012969970703e+00
2.859250307083129883e+00
3.300836801528930664e+00
4.148780107498168945e+00
3.713824033737182617e+00
4.827387809753417969e+00
3.331704139709472656e+00
3.596026182174682617e+00
3.361421108245849609e+00
3.449527025222778320e+00
1.867150783538818359e+00
5.504745006561279297e+00
2.963984012603759766e+00
2.312003135681152344e+00
2.989660739898681641e+00
2.988526105880737305e+00
3.138361930847167969e+00
4.280671834945678711e+00
3.204241037368774414e+00
4.125766992568969727e+00
2.911838054656982422e+00
2.950020790100097656e+00
3.329632997512817383e+00
3.039832830429077148e+00
3.966513156890869141e+00
4.132972002029418945e+00
3.894052982330322266e+00
4.701485872268676758e+00
4.360052824020385742e+00
3.295120954513549805e+00
3.926325798034667969e+00
3.910711765289306641e+00
4.145871877670288086e+00
3.207796335220336914e+00
3.050161838531494141e+00
4.337228775024414062e+00
4.568418979644775391e+00
2.976263999938964844e+00
4.436779975891113281e+00
2.875767707824707031e+00
3.421566963195800781e+00
3.523869276046752930e+00
5.004721164703369141e+00
2.876296043395996094e+00
3.998369932174682617e+00
4.798315048217773438e+00
4.332190990447998047e+00
3.769937753677368164e+00
3.842886924743652344e+00
3.354695081710815430e+00
3.157991170883178711e+00
2.593606233596801758e+00
3.374241113662719727e+00
3.818716764450073242e+00
3.298801898956298828e+00
4.047187089920043945e+00
4.660882949829101562e+00
3.525231122970581055e+00
3.041674137115478516e+00
3.535224676132202148e+00
3.000476121902465820e+00
3.601922750473022461e+00
3.662878990173339844e+00
4.438882827758789062e+00
3.458039045333862305e+00
4.081449031829833984e+00
4.069539785385131836e+00
4.161144256591796875e+00
4.376549720764160156e+00
3.794159889221191406e+00
4.287045955657958984e+00
3.773135900497436523e+00
4.288190126419067383e+00
4.082360029220581055e+00
4.428853034973144531e+00
3.604699134826660156e+00
4.530591964721679688e+00
3.837371110916137695e+00
4.234632968902587891e+00
4.582783937454223633e+00
4.082140922546386719e+00
4.015715122222900391e+00
2.895509004592895508e+00
4.068848133087158203e+00
5.212553024291992188e+00
5.323114871978759766e+00
4.711120128631591797e+00
4.547782897949218750e+00
4.282105684280395508e+00
3.342808961868286133e+00
3.253243923187255859e+00
2.382910966873168945e+00
4.968786001205444336e+00
5.338603019714355469e+00
5.079116106033325195e+00
2.926811695098876953e+00
4.656875848770141602e+00
4.996809959411621094e+00
4.931662797927856445e+00
5.849956035614013672e+00
4.770564079284667969e+00
5.080147981643676758e+00
5.039651870727539062e+00
6.242536067962646484e+00
4.542853116989135742e+00
5.087610960006713867e+00
5.810853004455566406e+00
3.351375818252563477e+00
4.712390184402465820e+00
4.079451799392700195e+00
5.052642822265625000e+00
4.954953908920288086e+00
3.508967161178588867e+00
4.392653942108154297e+00
3.533897876739501953e+00
4.490860700607299805e+00
3.777666807174682617e+00
3.553382873535156250e+00
3.556018114089965820e+00
3.744245052337646484e+00
3.689596891403198242e+00
3.647516012191772461e+00
2.923780918121337891e+00
2.873150825500488281e+00
4.746693849563598633e+00
4.139154911041259766e+00
6.034408092498779297e+00
4.269128084182739258e+00
2.577657699584960938e+00
4.449595689773559570e+00
3.919854879379272461e+00
4.270133018493652344e+00
4.471527099609375000e+00
2.302900075912475586e+00
2.851263046264648438e+00
3.139717817306518555e+00
5.663225173950195312e+00
3.246062040328979492e+00
4.231402158737182617e+00
3.470851182937622070e+00
2.832803010940551758e+00
4.449508905410766602e+00
3.290568828582763672e+00
3.377474069595336914e+00
4.114249229431152344e+00
4.422795057296752930e+00
3.330057859420776367e+00
3.569912195205688477e+00
4.171983003616333008e+00
4.666667699813842773e+00
5.269256830215454102e+00
5.621640920639038086e+00
3.013853788375854492e+00
4.068151950836181641e+00
4.788870096206665039e+00
5.338332891464233398e+00
4.987576961517333984e+00
5.495276927947998047e+00
4.206312894821166992e+00
3.074972152709960938e+00
3.861696004867553711e+00
5.088835000991821289e+00
3.393242120742797852e+00
5.245191097259521484e+00
5.337857007980346680e+00
4.900126934051513672e+00
6.051229000091552734e+00
3.255039930343627930e+00
3.319908857345581055e+00
4.591643095016479492e+00
3.247589111328125000e+00
3.162864685058593750e+00
3.586942911148071289e+00
3.644466876983642578e+00
4.035154104232788086e+00
4.268789052963256836e+00
3.535368919372558594e+00
3.993057012557983398e+00
2.489024877548217773e+00
3.850972890853881836e+00
3.356454133987426758e+00
4.405113220214843750e+00
4.686991214752197266e+00
4.321679115295410156e+00
3.244476079940795898e+00
4.373055934906005859e+00
4.763321876525878906e+00
3.098475933074951172e+00
3.923403024673461914e+00
3.886111021041870117e+00
4.551753044128417969e+00
4.457875013351440430e+00
3.755509853363037109e+00
4.290627241134643555e+00
4.546114206314086914e+00
6.247050046920776367e+00
3.117413043975830078e+00
4.099169015884399414e+00
5.066366195678710938e+00
4.118178844451904297e+00
4.366480112075805664e+00
4.694394826889038086e+00
5.031913995742797852e+00
5.200077772140502930e+00
4.153481006622314453e+00
4.950744867324829102e+00
4.992985963821411133e+00
6.085421085357666016e+00
5.000830173492431641e+00
5.046522140502929688e+00
4.840216636657714844e+00
4.331758737564086914e+00
4.430182933807373047e+00
4.409285783767700195e+00
4.823624849319458008e+00
3.707113981246948242e+00
4.853711843490600586e+00
3.123989105224609375e+00
2.429553985595703125e+00
2.915030956268310547e+00
4.136550188064575195e+00
3.251698970794677734e+00
3.219859123229980469e+00
3.421744108200073242e+00
3.801423072814941406e+00
4.306686162948608398e+00
5.233036994934082031e+00
5.012413740158081055e+00
5.330677270889282227e+00
3.378664255142211914e+00
4.458147764205932617e+00
3.202414035797119141e+00
4.117228031158447266e+00
5.033923864364624023e+00
5.138743162155151367e+00
3.198364257812500000e+00
3.710927009582519531e+00
5.661647081375122070e+00
2.877308845520019531e+00
4.204953908920288086e+00
3.508420944213867188e+00
4.984014272689819336e+00
4.512153148651123047e+00
4.408738136291503906e+00
5.564210891723632812e+00
5.871974229812622070e+00
3.530464887619018555e+00
3.253040313720703125e+00
5.629402875900268555e+00
5.239376306533813477e+00
4.640550851821899414e+00
5.461527109146118164e+00
4.068720817565917969e+00
3.766898155212402344e+00
4.055567026138305664e+00
6.884341955184936523e+00
4.594620227813720703e+00
4.205269098281860352e+00
4.280506134033203125e+00
6.683516025543212891e+00
5.990729808807373047e+00
5.447381973266601562e+00
7.217602968215942383e+00
6.529678106307983398e+00
6.329688072204589844e+00
3.707672119140625000e+00
3.184614896774291992e+00
6.210886955261230469e+00
4.962935209274291992e+00
4.265671968460083008e+00
3.974796772003173828e+00
4.589885950088500977e+00
2.520492792129516602e+00
4.371118068695068359e+00
4.761888027191162109e+00
4.699497222900390625e+00
5.830531120300292969e+00
5.554967164993286133e+00
4.996591329574584961e+00
4.838297128677368164e+00
7.434456825256347656e+00
4.797605752944946289e+00
5.502605915069580078e+00
6.088269948959350586e+00
4.901794195175170898e+00
2.931275844573974609e+00
2.645767927169799805e+00
6.263321161270141602e+00
5.646155118942260742e+00
6.745593070983886719e+00
4.997713804244995117e+00
2.840644836425781250e+00
3.849966287612915039e+00
5.172214031219482422e+00
5.597714900970458984e+00
5.200844049453735352e+00
3.888695001602172852e+00
8.805133104324340820e+00
5.187536001205444336e+00
3.687958002090454102e+00
4.707577943801879883e+00
7.106298923492431641e+00
4.759242057800292969e+00
4.782870054244995117e+00
3.980139017105102539e+00
5.853140830993652344e+00
2.766194820404052734e+00
3.204644918441772461e+00
3.197758197784423828e+00
3.192321062088012695e+00
3.558123111724853516e+00
3.226650714874267578e+00
4.397607088088989258e+00
2.898267030715942383e+00
3.351953029632568359e+00
5.575771093368530273e+00
6.079758167266845703e+00
3.274869918823242188e+00
2.830499172210693359e+00
6.335257768630981445e+00
3.199929952621459961e+00
3.871188163757324219e+00
3.203279972076416016e+00
3.611035108566284180e+00
3.918352127075195312e+00
3.419943332672119141e+00
3.939216136932373047e+00
3.362862110137939453e+00
4.131385087966918945e+00
2.736817836761474609e+00
3.215454101562500000e+00
4.043628931045532227e+00
4.180933237075805664e+00
4.560896873474121094e+00
3.342418909072875977e+00
3.592900991439819336e+00
5.201982975006103516e+00
3.145199775695800781e+00
4.189377069473266602e+00
3.888115167617797852e+00
3.929047822952270508e+00
3.648483037948608398e+00
2.827247858047485352e+00
3.309525966644287109e+00
3.940680027008056641e+00
4.738028049468994141e+00
4.779592037200927734e+00
4.381844997406005859e+00
3.871545791625976562e+00
4.453891992568969727e+00
3.600470066070556641e+00
4.175071954727172852e+00
4.009386062622070312e+00
4.193921089172363281e+00
4.632912158966064453e+00
2.189834117889404297e+00
3.634805202484130859e+00
4.954373121261596680e+00
4.586222171783447266e+00
4.657460927963256836e+00
4.308579206466674805e+00
5.261845111846923828e+00
4.919615983963012695e+00
4.739049911499023438e+00
4.480086088180541992e+00
5.338297128677368164e+00
5.823626995086669922e+00
6.246331930160522461e+00
6.112321138381958008e+00
4.966626644134521484e+00
5.785732984542846680e+00
5.471292018890380859e+00
4.119649887084960938e+00
3.599753856658935547e+00
5.339945077896118164e+00
5.308021068572998047e+00
4.426446914672851562e+00
5.192047834396362305e+00
3.112881898880004883e+00
5.397114992141723633e+00
6.097001791000366211e+00
4.809570074081420898e+00
4.788666963577270508e+00
6.247821092605590820e+00
5.422062873840332031e+00
6.078794002532958984e+00
5.127748012542724609e+00
5.841915130615234375e+00
3.775134801864624023e+00
6.502020120620727539e+00
5.775905132293701172e+00
5.128528833389282227e+00
4.442576169967651367e+00
5.150116920471191406e+00
5.254482030868530273e+00
4.465290069580078125e+00
5.234971046447753906e+00
3.308115959167480469e+00
3.542115211486816406e+00
4.588065147399902344e+00
4.847406864166259766e+00
3.320909023284912109e+00
5.312791109085083008e+00
4.701475143432617188e+00
5.112885951995849609e+00
5.579946994781494141e+00
6.268857955932617188e+00
5.338956832885742188e+00
5.796160936355590820e+00
5.901293039321899414e+00
4.519918918609619141e+00
5.987329959869384766e+00
4.318969726562500000e+00
3.454507112503051758e+00
3.606376886367797852e+00
6.672687053680419922e+00
6.509432077407836914e+00
3.249415874481201172e+00
4.899611234664916992e+00
4.155862092971801758e+00
4.779515027999877930e+00
3.445350170135498047e+00
7.684683799743652344e+00
5.367571830749511719e+00
5.152837991714477539e+00
3.186450958251953125e+00
4.086001157760620117e+00
3.209134101867675781e+00
5.313294172286987305e+00
4.466993093490600586e+00
4.135804891586303711e+00
5.725843906402587891e+00
5.998984098434448242e+00
5.328028917312622070e+00
4.267907857894897461e+00
4.880051851272583008e+00
4.410924911499023438e+00
4.683416128158569336e+00
4.710252761840820312e+00
5.107307910919189453e+00
5.599442958831787109e+00
4.141976833343505859e+00
4.864741802215576172e+00
4.389375925064086914e+00
4.610771894454956055e+00
5.157892227172851562e+00
5.570251226425170898e+00
4.294871807098388672e+00
4.363661766052246094e+00
4.435281276702880859e+00
5.114200115203857422e+00
4.958847999572753906e+00
7.932030916213989258e+00
7.099760293960571289e+00
5.055181980133056641e+00
7.729558944702148438e+00
5.548610210418701172e+00
7.941365003585815430e+00
7.891069889068603516e+00
4.452603101730346680e+00
4.503175258636474609e+00
5.151618003845214844e+00
5.221607923507690430e+00
5.619455099105834961e+00
5.751390218734741211e+00
5.401685953140258789e+00
4.963331222534179688e+00
5.508581161499023438e+00
5.534662961959838867e+00
5.841171979904174805e+00
5.769347906112670898e+00
5.590921878814697266e+00
5.839651107788085938e+00
5.792656898498535156e+00
6.041069030761718750e+00
6.003656864166259766e+00
5.714640855789184570e+00
5.718044996261596680e+00
6.115797042846679688e+00
5.286536931991577148e+00
5.752830028533935547e+00
5.862434148788452148e+00
6.055839061737060547e+00
5.065048933029174805e+00
4.766644001007080078e+00
4.610346078872680664e+00
6.038675069808959961e+00
5.092358827590942383e+00
4.846980094909667969e+00
4.888019800186157227e+00
5.221984148025512695e+00
5.640789985656738281e+00
2.135587215423583984e+00
6.727585077285766602e+00
5.371826887130737305e+00
5.510492324829101562e+00
5.630745887756347656e+00
7.034250974655151367e+00
6.568669080734252930e+00
6.882554292678833008e+00
5.541769027709960938e+00
5.865474939346313477e+00
6.932028055191040039e+00
5.228563070297241211e+00
6.720050811767578125e+00
4.213725090026855469e+00
4.235783100128173828e+00
5.570350885391235352e+00
7.314525127410888672e+00
3.251392126083374023e+00
4.754050731658935547e+00
7.781002044677734375e+00
4.522071123123168945e+00
2.635524272918701172e+00
7.990792989730834961e+00
4.525712251663208008e+00
8.042964935302734375e+00
7.939030885696411133e+00
3.042237043380737305e+00
3.719605922698974609e+00
8.213977098464965820e+00
4.965306997299194336e+00
5.006696939468383789e+00
8.269702911376953125e+00
2.897567033767700195e+00
5.104208230972290039e+00
5.704260826110839844e+00
3.439994812011718750e+00
4.152768850326538086e+00
3.687432289123535156e+00
6.203572988510131836e+00
8.722947120666503906e+00
8.780968904495239258e+00
3.890547990798950195e+00
3.153367996215820312e+00
7.250488042831420898e+00
3.981164932250976562e+00
4.032571792602539062e+00
7.069279909133911133e+00
5.371498823165893555e+00
4.771112203598022461e+00
4.850691080093383789e+00
6.405598878860473633e+00
4.560876846313476562e+00
4.059411048889160156e+00
5.230188846588134766e+00
7.151371955871582031e+00
5.032904863357543945e+00
5.546015024185180664e+00
5.893808841705322266e+00
3.743864059448242188e+00
3.844546079635620117e+00
3.071022033691406250e+00
4.261702060699462891e+00
7.551241874694824219e+00
2.906913995742797852e+00
4.415719032287597656e+00
4.498564720153808594e+00
3.681071996688842773e+00
3.597002983093261719e+00
3.312444925308227539e+00
5.382208108901977539e+00
5.097684144973754883e+00
4.038884878158569336e+00
7.374259948730468750e+00
3.733098030090332031e+00
6.853641986846923828e+00
4.663383960723876953e+00
3.988838911056518555e+00
7.177212953567504883e+00
5.963870763778686523e+00
7.532634973526000977e+00
3.802801847457885742e+00
4.460683107376098633e+00
4.991970777511596680e+00
3.890973091125488281e+00
4.736319065093994141e+00
4.454776048660278320e+00
3.459976911544799805e+00
3.738089084625244141e+00
4.319998264312744141e+00
8.299112081527709961e+00
5.420569181442260742e+00
4.600714206695556641e+00
4.082506895065307617e+00
3.076464891433715820e+00
3.139372110366821289e+00
3.818436861038208008e+00
4.393779993057250977e+00
2.804045915603637695e+00
4.963562965393066406e+00
4.768146991729736328e+00
4.839020729064941406e+00
3.961874723434448242e+00
6.693971157073974609e+00
4.160056114196777344e+00
3.891242980957031250e+00
3.485805988311767578e+00
3.431789875030517578e+00
2.800023078918457031e+00
4.598924636840820312e+00
3.742256879806518555e+00
3.966616153717041016e+00
5.155210971832275391e+00
4.229901075363159180e+00
3.249082088470458984e+00
3.058035850524902344e+00
4.236088037490844727e+00
4.998441934585571289e+00
4.245465040206909180e+00
4.157648801803588867e+00
4.801882982254028320e+00
3.715821027755737305e+00
4.623986959457397461e+00
4.379950046539306641e+00
4.284565210342407227e+00
4.693265199661254883e+00
5.307873010635375977e+00
4.768063306808471680e+00
5.442220926284790039e+00
3.935997009277343750e+00
3.660222053527832031e+00
4.353495121002197266e+00
4.440660953521728516e+00
4.746992826461791992e+00
4.570234060287475586e+00
5.201937198638916016e+00
4.116003036499023438e+00
4.647995948791503906e+00
5.256897926330566406e+00
5.204802036285400391e+00
4.612574100494384766e+00
6.866109132766723633e+00
3.315955877304077148e+00
4.525359153747558594e+00
5.848639011383056641e+00
6.743988037109375000e+00
5.484654903411865234e+00
3.463108777999877930e+00
5.356036663055419922e+00
6.107150077819824219e+00
5.150549888610839844e+00
4.564300775527954102e+00
3.275056123733520508e+00
5.645374059677124023e+00
5.497223138809204102e+00
5.938021898269653320e+00
4.885065078735351562e+00
5.512778043746948242e+00
6.797159194946289062e+00
6.652661085128784180e+00
6.407176971435546875e+00
5.697936058044433594e+00
7.216354131698608398e+00
5.103267908096313477e+00
4.157028675079345703e+00
5.229707002639770508e+00
6.365690946578979492e+00
5.060880899429321289e+00
5.279037952423095703e+00
5.749204874038696289e+00
6.211386680603027344e+00
5.887199163436889648e+00
4.496820926666259766e+00
5.665477752685546875e+00
5.031848907470703125e+00
6.397639989852905273e+00
6.420066118240356445e+00
6.714097976684570312e+00
6.179884910583496094e+00
6.123171806335449219e+00
5.086515903472900391e+00
7.561306953430175781e+00
4.472313165664672852e+00
5.268501043319702148e+00
5.939197063446044922e+00
4.967494964599609375e+00
6.618183135986328125e+00
3.729026079177856445e+00
5.682342767715454102e+00
6.369020223617553711e+00
6.260409832000732422e+00
4.120510816574096680e+00
4.178703069686889648e+00
6.180211067199707031e+00
4.320882081985473633e+00
7.327162027359008789e+00
5.678595066070556641e+00
6.705615758895874023e+00
2.573904752731323242e+00
4.165152788162231445e+00
4.126332044601440430e+00
3.505371809005737305e+00
7.783061981201171875e+00
2.661412954330444336e+00
4.163146972656250000e+00
5.248131990432739258e+00
6.010163068771362305e+00
7.069185972213745117e+00
5.826352119445800781e+00
7.183660030364990234e+00
7.171812057495117188e+00
6.477955818176269531e+00
7.445091962814331055e+00
4.253139257431030273e+00
7.804581165313720703e+00
6.750788927078247070e+00
4.648808002471923828e+00
5.524854183197021484e+00
6.995232105255126953e+00
6.387976169586181641e+00
3.676776885986328125e+00
6.238310813903808594e+00
4.256541967391967773e+00
4.706764698028564453e+00
4.488401889801025391e+00
3.631559133529663086e+00
3.823916196823120117e+00
6.433221817016601562e+00
5.086292982101440430e+00
4.388949871063232422e+00
3.908272743225097656e+00
4.786935806274414062e+00
3.341134786605834961e+00
4.227042198181152344e+00
3.923557043075561523e+00
4.715212106704711914e+00
2.921266794204711914e+00
3.745090961456298828e+00
2.995798110961914062e+00
3.558376312255859375e+00
4.918923139572143555e+00
4.549078226089477539e+00
3.234493732452392578e+00
4.054028034210205078e+00
4.003666877746582031e+00
4.036311864852905273e+00
4.580133914947509766e+00
3.295183658599853516e+00
4.230679035186767578e+00
3.156962156295776367e+00
3.380786895751953125e+00
3.652801036834716797e+00
4.240163087844848633e+00
3.241011142730712891e+00
3.992558002471923828e+00
4.498663187026977539e+00
3.130288839340209961e+00
4.677209138870239258e+00
2.685949802398681641e+00
2.983638048171997070e+00
2.853953123092651367e+00
3.574457645416259766e+00
3.081967830657958984e+00
3.366430997848510742e+00
3.324597120285034180e+00
3.373296976089477539e+00
2.532462120056152344e+00
4.120630025863647461e+00
3.648394107818603516e+00
3.224387884140014648e+00
4.079794883728027344e+00
4.299287080764770508e+00
3.391927003860473633e+00
4.275482177734375000e+00
3.634541034698486328e+00
4.033844947814941406e+00
4.336781024932861328e+00
3.748932123184204102e+00
3.767767906188964844e+00
4.851330041885375977e+00
3.892758846282958984e+00
3.524210929870605469e+00
4.332908153533935547e+00
3.817380905151367188e+00
3.998366117477416992e+00
4.902398109436035156e+00
4.179014205932617188e+00
4.540076732635498047e+00
3.655132293701171875e+00
3.509555101394653320e+00
4.586467981338500977e+00
4.575910806655883789e+00
5.137753009796142578e+00
3.503933906555175781e+00
3.797230958938598633e+00
3.993777036666870117e+00
4.719825267791748047e+00
5.223026275634765625e+00
4.616813182830810547e+00
4.021179199218750000e+00
5.253406286239624023e+00
4.920913219451904297e+00
4.197533130645751953e+00
3.864921092987060547e+00
4.455148220062255859e+00
3.763812780380249023e+00
4.411089181900024414e+00
4.554101943969726562e+00
4.152034044265747070e+00
4.610505819320678711e+00
4.499838829040527344e+00
5.032059907913208008e+00
3.747360944747924805e+00
3.557780027389526367e+00
3.453248977661132812e+00
4.635816097259521484e+00
3.671293973922729492e+00
4.447821617126464844e+00
4.544323921203613281e+00
4.767986774444580078e+00
3.763622283935546875e+00
4.235475063323974609e+00
4.722347974777221680e+00
4.222306966781616211e+00
4.568687677383422852e+00
3.670643091201782227e+00
3.732654094696044922e+00
4.663765907287597656e+00
5.096337318420410156e+00
4.754607200622558594e+00
3.869673967361450195e+00
4.568262100219726562e+00
5.445379734039306641e+00
5.132503032684326172e+00
4.326424121856689453e+00
4.135274887084960938e+00
4.968311071395874023e+00
4.604397773742675781e+00
4.286364793777465820e+00
4.648650884628295898e+00
3.460619211196899414e+00
4.511080026626586914e+00
4.120653152465820312e+00
3.728120803833007812e+00
4.451341867446899414e+00
4.548688888549804688e+00
4.024557828903198242e+00
4.647431850433349609e+00
5.956772089004516602e+00
2.677887916564941406e+00
5.461685895919799805e+00
4.240622043609619141e+00
5.119404077529907227e+00
4.068948984146118164e+00
5.927161931991577148e+00
3.859399080276489258e+00
6.359248161315917969e+00
4.326316118240356445e+00
5.505434274673461914e+00
5.045316934585571289e+00
3.254703044891357422e+00
3.136388063430786133e+00
4.713968992233276367e+00
5.467267990112304688e+00
4.144599676132202148e+00
5.456393003463745117e+00
5.416674852371215820e+00
3.675260782241821289e+00
3.087206840515136719e+00
4.328642129898071289e+00
3.980906009674072266e+00
4.417511224746704102e+00
6.253452062606811523e+00
4.445732831954956055e+00
4.297909021377563477e+00
4.207071065902709961e+00
4.125643968582153320e+00
6.346478223800659180e+00
4.700731277465820312e+00
4.341561079025268555e+00
4.308496236801147461e+00
3.365581035614013672e+00
3.104835271835327148e+00
3.844347953796386719e+00
5.042382955551147461e+00
3.892380952835083008e+00
3.053270101547241211e+00
3.938652038574218750e+00
5.522924900054931641e+00
5.069359064102172852e+00
3.915299892425537109e+00
4.533312082290649414e+00
6.755333185195922852e+00
5.199326038360595703e+00
4.230931043624877930e+00
5.199646949768066406e+00
5.981687068939208984e+00
5.245271205902099609e+00
6.100759983062744141e+00
5.440772056579589844e+00
6.164238929748535156e+00
4.724732875823974609e+00
5.620199918746948242e+00
4.465270042419433594e+00
5.770366907119750977e+00
5.401257991790771484e+00
6.053431987762451172e+00
4.506679058074951172e+00
4.062053203582763672e+00
6.294030904769897461e+00
3.843165874481201172e+00
4.576801061630249023e+00
5.639441967010498047e+00
3.307611227035522461e+00
6.086396217346191406e+00
5.000195026397705078e+00
3.905620813369750977e+00
6.525362014770507812e+00
5.112330913543701172e+00
4.712285995483398438e+00
5.184158802032470703e+00
5.076988935470581055e+00
4.643531084060668945e+00
5.812026023864746094e+00
4.230309963226318359e+00
8.265166997909545898e+00
5.042173862457275391e+00
3.852428197860717773e+00
5.138806819915771484e+00
4.465570211410522461e+00
5.290017127990722656e+00
4.997681140899658203e+00
6.103075027465820312e+00
4.560797929763793945e+00
5.175557851791381836e+00
6.377850055694580078e+00
4.107951164245605469e+00
4.981749057769775391e+00
5.071285009384155273e+00
3.016808032989501953e+00
5.688474178314208984e+00
3.107409954071044922e+00
5.503078937530517578e+00
5.094241857528686523e+00
2.821791887283325195e+00
3.722731590270996094e+00
4.421648979187011719e+00
5.374463319778442383e+00
3.093097925186157227e+00
5.554548025131225586e+00
3.226892232894897461e+00
5.167568206787109375e+00
5.148249149322509766e+00
3.238348007202148438e+00
4.909446716308593750e+00
3.806016206741333008e+00
3.874207973480224609e+00
6.310792922973632812e+00
4.224444866180419922e+00
4.456197977066040039e+00
4.290190935134887695e+00
5.796520948410034180e+00
3.910384178161621094e+00
5.100466012954711914e+00
4.744140148162841797e+00
6.554337978363037109e+00
6.685272932052612305e+00
4.386290073394775391e+00
4.989519119262695312e+00
4.991191625595092773e+00
4.815033912658691406e+00
6.639988899230957031e+00
3.134207010269165039e+00
4.162216901779174805e+00
3.567985057830810547e+00
4.115190982818603516e+00
5.537213087081909180e+00
3.203689336776733398e+00
5.162830114364624023e+00
3.293346881866455078e+00
3.356278896331787109e+00
5.217267990112304688e+00
4.979279041290283203e+00
5.656475782394409180e+00
5.633915185928344727e+00
4.231177806854248047e+00
3.032348155975341797e+00
5.057683944702148438e+00
7.520734786987304688e+00
2.993214845657348633e+00
5.905518054962158203e+00
4.579685688018798828e+00
4.583355188369750977e+00
5.708454132080078125e+00
6.199301242828369141e+00
3.536226034164428711e+00
3.094485998153686523e+00
4.475425720214843750e+00
3.862601995468139648e+00
3.306602001190185547e+00
3.175916910171508789e+00
6.556112051010131836e+00
3.365779876708984375e+00
6.293561220169067383e+00
3.741554975509643555e+00
6.065283060073852539e+00
4.854808807373046875e+00
3.848474264144897461e+00
4.344278097152709961e+00
3.622716188430786133e+00
3.521281003952026367e+00
4.950809001922607422e+00
3.476953029632568359e+00
6.765196084976196289e+00
4.564480781555175781e+00
4.912905931472778320e+00
2.893633127212524414e+00
5.584801912307739258e+00
4.671094894409179688e+00
3.656924724578857422e+00
3.723400115966796875e+00
4.076998710632324219e+00
4.595582008361816406e+00
3.607498884201049805e+00
3.798672914505004883e+00
3.533031940460205078e+00
3.076222896575927734e+00
4.963829040527343750e+00
3.669858694076538086e+00
4.595426797866821289e+00
3.852847814559936523e+00
3.226340055465698242e+00
3.661581039428710938e+00
3.614528179168701172e+00
4.656231880187988281e+00
3.947896957397460938e+00
3.961981296539306641e+00
5.778569221496582031e+00
4.193303823471069336e+00
5.135127067565917969e+00
4.272816896438598633e+00
3.984225988388061523e+00
5.194702863693237305e+00
4.996881008148193359e+00
5.947210788726806641e+00
5.080961227416992188e+00
4.503043174743652344e+00
4.167103052139282227e+00
4.849918842315673828e+00
4.186166048049926758e+00
3.286011934280395508e+00
2.891949653625488281e+00
4.123278141021728516e+00
3.775647878646850586e+00
3.448113918304443359e+00
4.548451185226440430e+00
5.360093116760253906e+00
4.712361812591552734e+00
3.674121141433715820e+00
4.012806892395019531e+00
3.798474073410034180e+00
3.864918947219848633e+00
3.668545007705688477e+00
3.255370140075683594e+00
2.948301076889038086e+00
5.079528093338012695e+00
5.161564826965332031e+00
3.949119806289672852e+00
3.951030015945434570e+00
3.934657096862792969e+00
4.838450193405151367e+00
4.455939054489135742e+00
3.671566009521484375e+00
4.198517322540283203e+00
3.182900905609130859e+00
3.902797937393188477e+00
4.494944810867309570e+00
4.073711872100830078e+00
4.515212059020996094e+00
4.863280773162841797e+00
4.094734907150268555e+00
4.454571008682250977e+00
4.184961080551147461e+00
5.226074934005737305e+00
3.863981962203979492e+00
4.010398864746093750e+00
5.022906064987182617e+00
4.551897048950195312e+00
2.581619977951049805e+00
2.988145112991333008e+00
2.981892108917236328e+00
3.614133119583129883e+00
4.943118810653686523e+00
5.087703227996826172e+00
3.869254112243652344e+00
2.755119085311889648e+00
4.047085762023925781e+00
3.190171957015991211e+00
3.753990173339843750e+00
4.206253051757812500e+00
2.639702081680297852e+00
4.388065099716186523e+00
4.815202951431274414e+00
4.977117061614990234e+00
5.065953016281127930e+00
3.970199108123779297e+00
5.541718959808349609e+00
3.679637908935546875e+00
4.461663007736206055e+00
4.262211084365844727e+00
3.230384111404418945e+00
4.130269050598144531e+00
3.385614871978759766e+00
5.533735275268554688e+00
4.497335910797119141e+00
5.924320936203002930e+00
3.471206903457641602e+00
4.368569135665893555e+00
5.556984901428222656e+00
5.070735216140747070e+00
6.077754974365234375e+00
6.297600030899047852e+00
5.272443056106567383e+00
5.738085269927978516e+00
4.395812749862670898e+00
6.247016906738281250e+00
3.489005088806152344e+00
4.206864833831787109e+00
4.259443998336791992e+00
5.853262901306152344e+00
3.853412866592407227e+00
5.927031040191650391e+00
4.798757076263427734e+00
6.100558757781982422e+00
3.847877979278564453e+00
5.144751787185668945e+00
4.981302976608276367e+00
4.389253854751586914e+00
5.754187107086181641e+00
5.460383892059326172e+00
6.137963056564331055e+00
4.234180927276611328e+00
3.819345951080322266e+00
4.655201911926269531e+00
4.311179876327514648e+00
3.394722223281860352e+00
6.021687984466552734e+00
3.699100732803344727e+00
4.605682373046875000e+00
4.371543169021606445e+00
5.558118820190429688e+00
6.705917119979858398e+00
5.795039176940917969e+00
4.052813053131103516e+00
4.844205617904663086e+00
5.600997924804687500e+00
4.416818380355834961e+00
4.241790056228637695e+00
4.643778085708618164e+00
6.302030086517333984e+00
4.940750837326049805e+00
4.664780139923095703e+00
4.035134077072143555e+00
4.874713897705078125e+00
4.648756980895996094e+00
6.060512065887451172e+00
6.722386121749877930e+00
2.543081998825073242e+00
4.080381155014038086e+00
2.808861970901489258e+00
5.571062088012695312e+00
5.466745138168334961e+00
4.774931907653808594e+00
4.366969108581542969e+00
5.074480056762695312e+00
4.149884939193725586e+00
4.032329082489013672e+00
3.361835002899169922e+00
5.977041244506835938e+00
7.188965082168579102e+00
4.732330083847045898e+00
5.922613143920898438e+00
5.225244998931884766e+00
5.209741115570068359e+00
4.568524599075317383e+00
3.322872161865234375e+00
5.239330053329467773e+00
5.038168191909790039e+00
5.035776138305664062e+00
5.182816028594970703e+00
4.545952081680297852e+00
5.725130081176757812e+00
4.820062160491943359e+00
4.149427413940429688e+00
3.310025930404663086e+00
6.840848922729492188e+00
6.810541868209838867e+00
5.813378095626831055e+00
4.318768978118896484e+00
5.583190679550170898e+00
4.441154003143310547e+00
4.182416200637817383e+00
5.892465829849243164e+00
3.321708917617797852e+00
4.162791013717651367e+00
5.625314950942993164e+00
3.411628723144531250e+00
4.389693021774291992e+00
4.862021923065185547e+00
3.707231044769287109e+00
5.815762042999267578e+00
4.481589078903198242e+00
5.980156898498535156e+00
4.701420068740844727e+00
5.697362899780273438e+00
3.895153999328613281e+00
4.388516187667846680e+00
4.225568056106567383e+00
5.655773878097534180e+00
5.843941926956176758e+00
5.035286903381347656e+00
6.274225950241088867e+00
5.751121282577514648e+00
3.812394380569458008e+00
5.911032199859619141e+00
3.175800085067749023e+00
2.945085048675537109e+00
4.033220052719116211e+00
3.718422889709472656e+00
3.839730024337768555e+00
4.101382732391357422e+00
6.193274736404418945e+00
6.359456062316894531e+00
4.502144098281860352e+00
3.835065841674804688e+00
2.434772968292236328e+00
4.380661010742187500e+00
3.997581720352172852e+00
3.620301008224487305e+00
4.060961008071899414e+00
4.584928989410400391e+00
3.709595918655395508e+00
4.519607067108154297e+00
3.053005218505859375e+00
4.277008771896362305e+00
4.374062061309814453e+00
3.472662925720214844e+00
4.587073087692260742e+00
5.179115056991577148e+00
4.152143239974975586e+00
3.205090045928955078e+00
5.796787023544311523e+00
5.807952880859375000e+00
3.481858968734741211e+00
3.494155168533325195e+00
3.604632854461669922e+00
5.751853942871093750e+00
6.609344005584716797e+00
4.940771102905273438e+00
3.857215166091918945e+00
3.777297973632812500e+00
4.168764829635620117e+00
4.918282985687255859e+00
3.784780740737915039e+00
4.894152879714965820e+00
4.877902030944824219e+00
4.588321924209594727e+00
3.142980098724365234e+00
4.053569078445434570e+00
3.955465078353881836e+00
4.018485069274902344e+00
5.325688123703002930e+00
3.198101997375488281e+00
3.647561073303222656e+00
3.566489934921264648e+00
3.285704851150512695e+00
4.140624046325683594e+00
5.317101001739501953e+00
4.162724018096923828e+00
6.667623758316040039e+00
6.797136783599853516e+00
5.215352773666381836e+00
4.758737802505493164e+00
3.520692110061645508e+00
5.744876861572265625e+00
4.232330083847045898e+00
4.062242984771728516e+00
4.255924940109252930e+00
4.029747962951660156e+00
3.823694705963134766e+00
5.108052968978881836e+00
4.365947008132934570e+00
3.446079015731811523e+00
4.376948118209838867e+00
4.099116802215576172e+00
4.051410913467407227e+00
3.980466842651367188e+00
3.955609083175659180e+00
3.127180099487304688e+00
4.988447904586791992e+00
4.105048894882202148e+00
5.490586042404174805e+00
4.520783901214599609e+00
4.395877838134765625e+00
4.973618984222412109e+00
4.755078792572021484e+00
3.793873071670532227e+00
4.461480140686035156e+00
4.644397974014282227e+00
3.951174736022949219e+00
3.569961309432983398e+00
3.674770832061767578e+00
5.139737844467163086e+00
4.298747301101684570e+00
4.219777107238769531e+00
4.136058807373046875e+00
4.289397001266479492e+00
3.990148782730102539e+00
4.159553766250610352e+00
2.806499958038330078e+00
3.929630994796752930e+00
4.908332824707031250e+00
4.964618444442749023e+00
5.072671175003051758e+00
4.226111888885498047e+00
4.746005058288574219e+00
4.876772165298461914e+00
4.531505346298217773e+00
4.432226896286010742e+00
5.210314035415649414e+00
3.319474935531616211e+00
5.822363853454589844e+00
4.175303220748901367e+00
5.672644853591918945e+00
3.499478101730346680e+00
3.492936849594116211e+00
3.407512903213500977e+00
4.044808864593505859e+00
4.726669073104858398e+00
6.793598413467407227e+00
5.482801914215087891e+00
3.993453025817871094e+00
3.712780952453613281e+00
5.258430957794189453e+00
3.913492918014526367e+00
4.884993076324462891e+00
4.562026739120483398e+00
6.048975229263305664e+00
5.281639814376831055e+00
5.915494918823242188e+00
4.795763254165649414e+00
5.386790990829467773e+00
5.214527130126953125e+00
5.641385078430175781e+00
4.111096143722534180e+00
3.619749069213867188e+00
5.060467243194580078e+00
3.714565277099609375e+00
4.103626966476440430e+00
5.962466001510620117e+00
4.333193302154541016e+00
3.554611206054687500e+00
5.517139911651611328e+00
5.916697978973388672e+00
5.171045303344726562e+00
5.753777265548706055e+00
3.585456132888793945e+00
4.092049837112426758e+00
5.108032941818237305e+00
3.900714159011840820e+00
4.084480047225952148e+00
5.848221063613891602e+00
6.227971076965332031e+00
4.592785120010375977e+00
4.056287050247192383e+00
4.281799793243408203e+00
5.143686294555664062e+00
5.910012960433959961e+00
5.650549888610839844e+00
4.369252920150756836e+00
3.625633001327514648e+00
4.918822050094604492e+00
3.838085174560546875e+00
4.574591875076293945e+00
4.722476959228515625e+00
4.426244974136352539e+00
4.371742248535156250e+00
3.829796314239501953e+00
6.166800975799560547e+00
4.493956804275512695e+00
4.173561811447143555e+00
2.821303129196166992e+00
5.364738225936889648e+00
6.248806238174438477e+00
3.551177978515625000e+00
6.397712230682373047e+00
2.759276151657104492e+00
4.729864835739135742e+00
3.359026908874511719e+00
4.998699903488159180e+00
4.801902294158935547e+00
2.991677284240722656e+00
3.274878978729248047e+00
3.889547109603881836e+00
3.970262050628662109e+00
2.649394989013671875e+00
3.343852043151855469e+00
5.368358850479125977e+00
4.722141981124877930e+00
6.332430124282836914e+00
3.090762853622436523e+00
3.686179876327514648e+00
4.583498001098632812e+00
5.057390928268432617e+00
4.469954967498779297e+00
5.338689088821411133e+00
7.329169988632202148e+00
4.631831645965576172e+00
5.257961988449096680e+00
4.896940946578979492e+00
7.415708780288696289e+00
4.901035070419311523e+00
3.156111001968383789e+00
3.833632946014404297e+00
5.064938068389892578e+00
6.509188890457153320e+00
3.715502977371215820e+00
4.355167150497436523e+00
5.053675651550292969e+00
3.505202293395996094e+00
3.005902767181396484e+00
4.055598020553588867e+00
3.642443895339965820e+00
2.312381029129028320e+00
3.682384252548217773e+00
4.049543857574462891e+00
6.273102045059204102e+00
3.471125125885009766e+00
3.835487127304077148e+00
2.495043039321899414e+00
3.422511100769042969e+00
3.751161098480224609e+00
3.865042924880981445e+00
4.650725841522216797e+00
4.041628122329711914e+00
3.564810991287231445e+00
4.503062248229980469e+00
6.112272977828979492e+00
3.611256122589111328e+00
4.890511989593505859e+00
4.836155176162719727e+00
4.056016921997070312e+00
4.836061000823974609e+00
4.232037067413330078e+00
4.938384294509887695e+00
4.009016036987304688e+00
4.827442884445190430e+00
3.833373308181762695e+00
4.831791162490844727e+00
3.223035812377929688e+00
4.779318809509277344e+00
3.864986896514892578e+00
5.350461006164550781e+00
4.154426336288452148e+00
5.490826845169067383e+00
3.543530941009521484e+00
3.863037109375000000e+00
4.401971817016601562e+00
4.433937788009643555e+00
4.779721975326538086e+00
4.163417100906372070e+00
5.020418167114257812e+00
5.906810045242309570e+00
5.473611831665039062e+00
4.096727132797241211e+00
4.827728271484375000e+00
5.167942285537719727e+00
4.000908136367797852e+00
3.697491884231567383e+00
5.259549856185913086e+00
2.750904083251953125e+00
4.185553789138793945e+00
4.243906974792480469e+00
4.041284084320068359e+00
4.967926740646362305e+00
4.846390008926391602e+00
4.258687973022460938e+00
4.015294075012207031e+00
3.588847875595092773e+00
5.298279762268066406e+00
4.653455972671508789e+00
3.849734067916870117e+00
5.317113161087036133e+00
5.035210847854614258e+00
4.506294965744018555e+00
5.057698011398315430e+00
6.507982969284057617e+00
4.504720926284790039e+00
5.199079275131225586e+00
4.189773082733154297e+00
5.347963094711303711e+00
4.901916980743408203e+00
5.228425979614257812e+00
4.773457050323486328e+00
5.473240852355957031e+00
4.493191957473754883e+00
3.912849187850952148e+00
5.933261156082153320e+00
4.672967910766601562e+00
5.117666006088256836e+00
5.531656265258789062e+00
5.297533750534057617e+00
5.114626884460449219e+00
3.330869913101196289e+00
3.405595064163208008e+00
4.747763156890869141e+00
5.498651981353759766e+00
6.085383176803588867e+00
5.704897642135620117e+00
6.099325180053710938e+00
5.639379978179931641e+00
6.789562940597534180e+00
5.788178920745849609e+00
5.150238275527954102e+00
3.211772918701171875e+00
5.785001993179321289e+00
6.648320913314819336e+00
4.407660722732543945e+00
5.562344789505004883e+00
5.100599050521850586e+00
5.621814966201782227e+00
6.589736938476562500e+00
6.182563781738281250e+00
4.062316179275512695e+00
4.311215877532958984e+00
4.006829261779785156e+00
5.693756818771362305e+00
6.742802858352661133e+00
3.945006132125854492e+00
5.564500808715820312e+00
5.621394872665405273e+00
5.792076826095581055e+00
6.289207220077514648e+00
5.099614143371582031e+00
6.461685895919799805e+00
7.353919029235839844e+00
5.594714879989624023e+00
5.327863931655883789e+00
5.869836807250976562e+00
7.209224939346313477e+00
4.303025007247924805e+00
5.561773777008056641e+00
5.839072227478027344e+00
6.406993150711059570e+00
4.024539709091186523e+00
5.355882167816162109e+00
3.975206136703491211e+00
4.341887950897216797e+00
6.235481023788452148e+00
5.834455966949462891e+00
4.578916788101196289e+00
6.148678779602050781e+00
6.964333057403564453e+00
3.149404048919677734e+00
6.342207908630371094e+00
7.957504987716674805e+00
6.537367105484008789e+00
6.789146184921264648e+00
6.446027040481567383e+00
6.913556098937988281e+00
6.780034065246582031e+00
6.352205753326416016e+00
6.708855152130126953e+00
6.475497245788574219e+00
7.747855186462402344e+00
6.959538221359252930e+00
2.498666048049926758e+00
3.936399936676025391e+00
5.178909063339233398e+00
6.217893123626708984e+00
4.934041261672973633e+00
7.158719062805175781e+00
6.960666179656982422e+00
4.827819108963012695e+00
4.636127948760986328e+00
4.473618030548095703e+00
5.622884273529052734e+00
4.615462303161621094e+00
6.009202957153320312e+00
3.816985845565795898e+00
4.391416072845458984e+00
3.878837108612060547e+00
5.089028835296630859e+00
4.248287916183471680e+00
5.277588844299316406e+00
4.889334917068481445e+00
4.848641157150268555e+00
4.907755136489868164e+00
3.616714954376220703e+00
4.026488065719604492e+00
4.616086959838867188e+00
3.877568960189819336e+00
3.309427976608276367e+00
3.579677343368530273e+00
5.266974210739135742e+00
5.205940008163452148e+00
5.309917211532592773e+00
4.324312210083007812e+00
4.713753938674926758e+00
5.719029903411865234e+00
4.073071002960205078e+00
3.450937747955322266e+00
5.601581096649169922e+00
5.150686979293823242e+00
4.151494979858398438e+00
4.742428779602050781e+00
5.632239818572998047e+00
3.225550889968872070e+00
5.853297948837280273e+00
4.041413784027099609e+00
3.667107105255126953e+00
5.657402038574218750e+00
6.592664003372192383e+00
4.642550945281982422e+00
4.736254930496215820e+00
4.769496917724609375e+00
4.636861801147460938e+00
4.721892118453979492e+00
3.418534994125366211e+00
4.034312963485717773e+00
5.135905981063842773e+00
3.513993024826049805e+00
3.978289842605590820e+00
6.175068140029907227e+00
5.445907831192016602e+00
4.347489118576049805e+00
5.012166023254394531e+00
6.067059278488159180e+00
5.284756183624267578e+00
4.151571989059448242e+00
3.795357942581176758e+00
5.780948877334594727e+00
5.551555156707763672e+00
5.451724052429199219e+00
5.831375122070312500e+00
4.223531007766723633e+00
5.974007844924926758e+00
4.953357219696044922e+00
4.072645902633666992e+00
6.221311092376708984e+00
4.499012947082519531e+00
6.300500869750976562e+00
6.340425252914428711e+00
4.836776971817016602e+00
5.503916978836059570e+00
6.410424232482910156e+00
6.154309988021850586e+00
6.393307924270629883e+00
4.508853912353515625e+00
4.464416980743408203e+00
4.417248964309692383e+00
4.225418090820312500e+00
4.731458187103271484e+00
5.242456197738647461e+00
4.100460052490234375e+00
4.512340784072875977e+00
3.193476915359497070e+00
5.404097795486450195e+00
3.241307020187377930e+00
5.025189876556396484e+00
6.087114095687866211e+00
5.028851747512817383e+00
5.368335008621215820e+00
4.860413074493408203e+00
4.915597200393676758e+00
5.328727006912231445e+00
6.308699131011962891e+00
5.739378929138183594e+00
5.278745174407958984e+00
5.303406953811645508e+00
5.146206855773925781e+00
3.519732952117919922e+00
6.592775821685791016e+00
5.205696105957031250e+00
5.940221071243286133e+00
4.834829092025756836e+00
5.950815916061401367e+00
5.583697080612182617e+00
5.437084913253784180e+00
5.291095733642578125e+00
4.047708988189697266e+00
5.287676095962524414e+00
5.813735008239746094e+00
4.893383026123046875e+00
5.269404888153076172e+00
3.356224060058593750e+00
7.105331897735595703e+00
5.630668640136718750e+00
3.947659015655517578e+00
3.973543167114257812e+00
5.646386861801147461e+00
6.393877983093261719e+00
4.068979978561401367e+00
4.237654924392700195e+00
5.158527135848999023e+00
3.881339073181152344e+00
4.937682867050170898e+00
3.853627920150756836e+00
3.610824823379516602e+00
8.310424089431762695e+00
3.320928096771240234e+00
4.328927993774414062e+00
4.101200103759765625e+00
6.253280162811279297e+00
5.011825084686279297e+00
4.420389175415039062e+00
5.293193101882934570e+00
4.374917030334472656e+00
3.851682186126708984e+00
6.238159179687500000e+00
4.843430995941162109e+00
7.270725011825561523e+00
7.074014902114868164e+00
5.582545995712280273e+00
5.646108865737915039e+00
4.495268106460571289e+00
6.288292884826660156e+00
7.505073785781860352e+00
3.660050868988037109e+00
7.033911705017089844e+00
3.472245931625366211e+00
4.306069135665893555e+00
6.463971853256225586e+00
3.122106075286865234e+00
3.517134904861450195e+00
6.513305902481079102e+00
5.196034193038940430e+00
4.681833982467651367e+00
6.256565093994140625e+00
6.105307817459106445e+00
6.353917121887207031e+00
3.795266866683959961e+00
6.615221023559570312e+00
4.559293031692504883e+00
5.409034967422485352e+00
7.557837724685668945e+00
4.639600992202758789e+00
2.715644836425781250e+00
6.087992906570434570e+00
5.812855243682861328e+00
3.935501813888549805e+00
6.154058933258056641e+00
2.912209987640380859e+00
5.557962417602539062e+00
5.176589012145996094e+00
6.973586082458496094e+00
5.562714099884033203e+00
5.032732725143432617e+00
5.646151781082153320e+00
5.174437999725341797e+00
5.446869134902954102e+00
3.563433885574340820e+00
6.490333080291748047e+00
6.964235067367553711e+00
4.398418903350830078e+00
4.913921117782592773e+00
5.232278108596801758e+00
3.067673206329345703e+00
7.405380249023437500e+00
7.682441949844360352e+00
3.028694152832031250e+00
3.635015010833740234e+00
2.993449926376342773e+00
4.989227056503295898e+00
3.428070068359375000e+00
6.341565847396850586e+00
8.123053789138793945e+00
4.043894052505493164e+00
5.052034139633178711e+00
4.014487028121948242e+00
3.835422277450561523e+00
3.315399885177612305e+00
6.104893922805786133e+00
8.649558067321777344e+00
8.006063222885131836e+00
3.667937994003295898e+00
7.833099126815795898e+00
2.987193107604980469e+00
6.638982057571411133e+00
8.447760105133056641e+00
6.861809015274047852e+00
8.146591901779174805e+00
8.392416000366210938e+00
8.551841735839843750e+00
4.158943176269531250e+00
5.746572732925415039e+00
4.897541999816894531e+00
6.502861976623535156e+00
8.568741798400878906e+00
2.757591009140014648e+00
4.508157968521118164e+00
2.786437034606933594e+00
4.246695041656494141e+00
5.695432901382446289e+00
5.419931888580322266e+00
7.744927883148193359e+00
8.346770048141479492e+00
2.857846736907958984e+00
3.868713855743408203e+00
5.154434919357299805e+00
5.028270006179809570e+00
5.156105995178222656e+00
5.656296253204345703e+00
4.460257768630981445e+00
6.199526071548461914e+00
5.716669082641601562e+00
4.978939056396484375e+00
4.531782865524291992e+00
5.523529052734375000e+00
5.908308029174804688e+00
6.174643993377685547e+00
5.110527992248535156e+00
4.852615833282470703e+00
5.188047647476196289e+00
4.129679918289184570e+00
4.376090764999389648e+00
7.147351026535034180e+00
6.716847896575927734e+00
7.287442922592163086e+00
4.313103199005126953e+00
3.764350891113281250e+00
5.654597282409667969e+00
5.506878137588500977e+00
6.651935815811157227e+00
4.824741125106811523e+00
5.992094755172729492e+00
4.406861066818237305e+00
7.000051975250244141e+00
7.435269117355346680e+00
5.383348226547241211e+00
6.937880992889404297e+00
6.544397115707397461e+00
6.941927909851074219e+00
5.576339006423950195e+00
5.724892854690551758e+00
5.836169958114624023e+00
6.519912242889404297e+00
5.717581987380981445e+00
5.760154962539672852e+00
5.826946020126342773e+00
5.908939838409423828e+00
5.051684141159057617e+00
5.318220138549804688e+00
6.231897830963134766e+00
6.183284997940063477e+00
4.925828933715820312e+00
8.338584661483764648e+00
5.283153057098388672e+00
5.655198812484741211e+00
7.504515886306762695e+00
4.468251943588256836e+00
6.512927055358886719e+00
5.341443061828613281e+00
4.931708812713623047e+00
5.238449335098266602e+00
5.478255033493041992e+00
6.149283170700073242e+00
6.095571994781494141e+00
6.488160848617553711e+00
5.757067918777465820e+00
5.411092996597290039e+00
6.211771249771118164e+00
7.080360889434814453e+00
4.914356946945190430e+00
6.645627021789550781e+00
6.713888168334960938e+00
4.176430940628051758e+00
4.988111019134521484e+00
8.644273996353149414e+00
5.246894121170043945e+00
6.743850946426391602e+00
6.319314956665039062e+00
6.682272911071777344e+00
6.693628072738647461e+00
6.744398832321166992e+00
6.816534042358398438e+00
6.752518892288208008e+00
6.843379259109497070e+00
4.317253828048706055e+00
4.300232887268066406e+00
6.866860866546630859e+00
6.608755826950073242e+00
6.211334943771362305e+00
6.532917022705078125e+00
5.950004816055297852e+00
7.083428144454956055e+00
6.685552120208740234e+00
6.978485107421875000e+00
7.786652326583862305e+00
5.606480836868286133e+00
7.200852870941162109e+00
9.547528266906738281e+00
5.023019075393676758e+00
7.253063917160034180e+00
5.468478918075561523e+00
5.295506954193115234e+00
3.492179155349731445e+00
4.539557218551635742e+00
4.404654979705810547e+00
7.050629138946533203e+00
7.217366695404052734e+00
4.992152929306030273e+00
7.707927942276000977e+00
5.917626857757568359e+00
6.640082836151123047e+00
8.269847869873046875e+00
6.722867965698242188e+00
5.199753046035766602e+00
5.177834987640380859e+00
6.065963029861450195e+00
5.284167289733886719e+00
5.506741046905517578e+00
5.377561092376708984e+00
4.418956041336059570e+00
4.276855707168579102e+00
6.661976099014282227e+00
6.190567255020141602e+00
4.534996032714843750e+00
5.802389144897460938e+00
5.802669763565063477e+00
5.057715892791748047e+00
7.910731077194213867e+00
4.855278968811035156e+00
3.300280094146728516e+00
2.996510982513427734e+00
5.676253795623779297e+00
5.384077072143554688e+00
6.261796236038208008e+00
6.067469120025634766e+00
4.339708089828491211e+00
5.614815950393676758e+00
6.324525117874145508e+00
6.212924957275390625e+00
6.364025831222534180e+00
5.493146181106567383e+00
6.282310009002685547e+00
5.081979036331176758e+00
5.709843873977661133e+00
5.230208158493041992e+00
7.890593767166137695e+00
6.560352087020874023e+00
5.705919981002807617e+00
5.509760141372680664e+00
6.019444227218627930e+00
4.215996980667114258e+00
3.847400426864624023e+00
3.146522760391235352e+00
5.717309236526489258e+00
6.182680130004882812e+00
7.259999990463256836e+00
6.303472757339477539e+00
6.585516929626464844e+00
6.517054080963134766e+00
3.971210002899169922e+00
6.314257144927978516e+00
7.124829053878784180e+00
5.923572063446044922e+00
6.610401153564453125e+00
5.653123140335083008e+00
4.223809003829956055e+00
7.361509084701538086e+00
7.117117881774902344e+00
5.094031095504760742e+00
4.703763008117675781e+00
5.784653186798095703e+00
5.365136861801147461e+00
3.909750223159790039e+00
3.628314971923828125e+00
3.324797868728637695e+00
5.303730964660644531e+00
3.417835950851440430e+00
3.862750291824340820e+00
4.969677925109863281e+00
3.113492965698242188e+00
3.351051092147827148e+00
7.736615896224975586e+00
4.819370031356811523e+00
4.252598047256469727e+00
4.796847820281982422e+00
4.277303934097290039e+00
4.414684772491455078e+00
3.711641788482666016e+00
4.916879177093505859e+00
5.648456811904907227e+00
3.847496032714843750e+00
3.749043941497802734e+00
2.884379863739013672e+00
6.325410127639770508e+00
4.133401155471801758e+00
5.264746904373168945e+00
3.212077140808105469e+00
3.910388946533203125e+00
4.211577177047729492e+00
3.760047912597656250e+00
7.613137006759643555e+00
4.636049270629882812e+00
3.608044862747192383e+00
2.896121025085449219e+00
7.118703126907348633e+00
4.218520879745483398e+00
3.391761779785156250e+00
3.853698015213012695e+00
4.495172977447509766e+00
3.176407814025878906e+00
5.448942184448242188e+00
3.726881027221679688e+00
5.057037830352783203e+00
7.788763999938964844e+00
4.219986200332641602e+00
4.964513778686523438e+00
3.505509138107299805e+00
3.172580003738403320e+00
4.598072052001953125e+00
3.994127273559570312e+00
3.777371168136596680e+00
5.261031150817871094e+00
5.050626993179321289e+00
4.874916315078735352e+00
5.217204093933105469e+00
4.286282777786254883e+00
3.309227943420410156e+00
3.445350170135498047e+00
6.197475910186767578e+00
4.418094635009765625e+00
3.705380916595458984e+00
3.654628753662109375e+00
4.758289098739624023e+00
3.509444952011108398e+00
4.109851837158203125e+00
4.528093099594116211e+00
4.494039058685302734e+00
4.419828176498413086e+00
4.106184959411621094e+00
4.784993886947631836e+00
5.008893013000488281e+00
4.175391197204589844e+00
3.527399778366088867e+00
4.028860092163085938e+00
4.225528240203857422e+00
4.722435951232910156e+00
4.432672977447509766e+00
5.092850923538208008e+00
2.940098047256469727e+00
4.955832958221435547e+00
4.133079051971435547e+00
4.290652990341186523e+00
5.198472976684570312e+00
4.484745025634765625e+00
3.555712938308715820e+00
3.691689968109130859e+00
5.022769927978515625e+00
5.538621902465820312e+00
4.955192089080810547e+00
4.231178045272827148e+00
4.632524967193603516e+00
6.274769783020019531e+00
5.200674057006835938e+00
3.825181007385253906e+00
4.939809083938598633e+00
5.020431995391845703e+00
4.655770063400268555e+00
4.868948936462402344e+00
4.142256975173950195e+00
5.158333063125610352e+00
4.480062007904052734e+00
4.670588254928588867e+00
5.061921834945678711e+00
4.744860172271728516e+00
3.990929126739501953e+00
3.393819093704223633e+00
3.933553934097290039e+00
3.190336942672729492e+00
4.618325948715209961e+00
3.570454835891723633e+00
3.933422088623046875e+00
4.064713954925537109e+00
4.859669923782348633e+00
3.900274038314819336e+00
5.551351070404052734e+00
5.519798994064331055e+00
4.347307920455932617e+00
5.158561944961547852e+00
4.924846172332763672e+00
4.684762239456176758e+00
4.149193048477172852e+00
5.220660924911499023e+00
4.543466806411743164e+00
5.371046781539916992e+00
5.102661132812500000e+00
3.519778966903686523e+00
5.521372795104980469e+00
4.060839891433715820e+00
4.660384893417358398e+00
4.588379144668579102e+00
5.471872091293334961e+00
4.558168172836303711e+00
4.889192342758178711e+00
4.620026111602783203e+00
6.309029102325439453e+00
4.604079008102416992e+00
4.577569007873535156e+00
3.859052896499633789e+00
3.897022962570190430e+00
5.065738201141357422e+00
4.800345182418823242e+00
3.786447763442993164e+00
4.193147897720336914e+00
3.801268815994262695e+00
4.400094985961914062e+00
4.925642967224121094e+00
4.997315168380737305e+00
6.481614112854003906e+00
4.493163108825683594e+00
4.902746915817260742e+00
4.677447080612182617e+00
6.306854724884033203e+00
4.923938274383544922e+00
6.519609212875366211e+00
4.359720230102539062e+00
5.227196931838989258e+00
4.579194068908691406e+00
4.180401086807250977e+00
4.485504865646362305e+00
4.820544004440307617e+00
5.633469820022583008e+00
3.774796962738037109e+00
5.292289018630981445e+00
5.239217042922973633e+00
5.122351884841918945e+00
4.721608161926269531e+00
4.322504758834838867e+00
4.864902019500732422e+00
5.060483932495117188e+00
5.050531864166259766e+00
4.155278205871582031e+00
4.831967830657958984e+00
4.099780082702636719e+00
5.751280069351196289e+00
5.212483882904052734e+00
5.119616985321044922e+00
5.156584262847900391e+00
5.010408163070678711e+00
4.468592166900634766e+00
4.453980922698974609e+00
5.343722105026245117e+00
5.846313238143920898e+00
3.266718864440917969e+00
5.993082761764526367e+00
5.085851907730102539e+00
4.855501890182495117e+00
5.724987030029296875e+00
3.570327043533325195e+00
3.755426168441772461e+00
6.234084844589233398e+00
5.797477960586547852e+00
5.291708946228027344e+00
6.571403026580810547e+00
3.840782165527343750e+00
6.301084756851196289e+00
4.391093969345092773e+00
4.562892913818359375e+00
3.920871973037719727e+00
4.368885993957519531e+00
5.710822820663452148e+00
3.607867717742919922e+00
3.995180130004882812e+00
7.250670194625854492e+00
4.366100072860717773e+00
4.035604953765869141e+00
6.110841989517211914e+00
6.023660898208618164e+00
4.257282972335815430e+00
3.889400005340576172e+00
4.954984903335571289e+00
4.534899950027465820e+00
6.247399806976318359e+00
4.212754964828491211e+00
5.461903095245361328e+00
5.833291053771972656e+00
4.836159229278564453e+00
3.628067016601562500e+00
4.613064050674438477e+00
4.779097795486450195e+00
4.900642156600952148e+00
3.625160932540893555e+00
4.395546197891235352e+00
5.838202953338623047e+00
4.639293193817138672e+00
5.721389055252075195e+00
4.139262914657592773e+00
4.571177959442138672e+00
5.374853134155273438e+00
5.215744972229003906e+00
5.089425802230834961e+00
7.077547073364257812e+00
4.397027015686035156e+00
5.066741943359375000e+00
5.237960815429687500e+00
7.697254896163940430e+00
5.597256898880004883e+00
5.517696857452392578e+00
8.064115047454833984e+00
3.336672306060791016e+00
5.089913845062255859e+00
2.536510944366455078e+00
4.684672832489013672e+00
4.316756010055541992e+00
5.260198354721069336e+00
5.593430042266845703e+00
5.131919145584106445e+00
5.827263116836547852e+00
4.852725028991699219e+00
6.448076009750366211e+00
3.446452856063842773e+00
5.047021865844726562e+00
6.277915239334106445e+00
5.976396083831787109e+00
6.265757083892822266e+00
6.108807086944580078e+00
6.469148874282836914e+00
6.744693040847778320e+00
5.284796953201293945e+00
5.945229053497314453e+00
6.209955930709838867e+00
4.981518030166625977e+00
6.591561794281005859e+00
4.726124763488769531e+00
6.038985013961791992e+00
5.611217975616455078e+00
6.519237995147705078e+00
3.878118038177490234e+00
6.197980880737304688e+00
5.512566089630126953e+00
6.016569137573242188e+00
6.852334022521972656e+00
6.685297966003417969e+00
4.833204984664916992e+00
6.737892866134643555e+00
6.273144006729125977e+00
6.659262895584106445e+00
5.857094049453735352e+00
5.671418905258178711e+00
4.696612834930419922e+00
6.409446954727172852e+00
5.351623296737670898e+00
6.627406120300292969e+00
4.327945232391357422e+00
6.968048095703125000e+00
6.211759805679321289e+00
5.387198925018310547e+00
6.899534225463867188e+00
7.437209129333496094e+00
5.367090940475463867e+00
7.285531759262084961e+00
7.699924945831298828e+00
5.310226202011108398e+00
5.175387859344482422e+00
5.838110208511352539e+00
4.758665084838867188e+00
6.193348169326782227e+00
5.379591941833496094e+00
5.593080997467041016e+00
4.856277942657470703e+00
7.022045373916625977e+00
5.256747961044311523e+00
6.720653057098388672e+00
4.462781906127929688e+00
6.007267951965332031e+00
5.698554992675781250e+00
6.486433744430541992e+00
5.710172176361083984e+00
6.110343933105468750e+00
4.303631782531738281e+00
4.560093879699707031e+00
6.062984228134155273e+00
6.088211774826049805e+00
5.767507076263427734e+00
7.430971860885620117e+00
6.279587030410766602e+00
6.383466005325317383e+00
9.399307012557983398e+00
5.255702018737792969e+00
6.280355930328369141e+00
4.397170782089233398e+00
5.164179086685180664e+00
4.776109933853149414e+00
5.698662996292114258e+00
6.999108076095581055e+00
6.326330184936523438e+00
6.894538879394531250e+00
4.709726095199584961e+00
5.326072216033935547e+00
6.742522239685058594e+00
6.945498228073120117e+00
7.675111293792724609e+00
5.711596727371215820e+00
4.884606122970581055e+00
8.083468914031982422e+00
5.261641025543212891e+00
5.397469997406005859e+00
4.875797986984252930e+00
5.083123922348022461e+00
6.789957761764526367e+00
6.119086027145385742e+00
7.827423810958862305e+00
4.864473104476928711e+00
4.465499877929687500e+00
4.966185092926025391e+00
5.436022996902465820e+00
4.654425859451293945e+00
5.590277194976806641e+00
6.542307138442993164e+00
6.910829067230224609e+00
4.435199975967407227e+00
5.969159126281738281e+00
5.067058801651000977e+00
5.498439788818359375e+00
5.073829174041748047e+00
4.031364679336547852e+00
5.411507844924926758e+00
6.573452711105346680e+00
2.981892824172973633e+00
3.889287233352661133e+00
5.543869972229003906e+00
3.057923078536987305e+00
2.465877056121826172e+00
3.327475786209106445e+00
4.814027070999145508e+00
4.229362249374389648e+00
3.748313188552856445e+00
5.528570175170898438e+00
3.995808124542236328e+00
4.969471931457519531e+00
4.143472194671630859e+00
3.349452018737792969e+00
5.085172891616821289e+00
5.623596906661987305e+00
5.307675123214721680e+00
3.448771953582763672e+00
5.526342153549194336e+00
6.019782066345214844e+00
4.780838012695312500e+00
4.484885215759277344e+00
6.094315052032470703e+00
5.264724969863891602e+00
5.100046157836914062e+00
3.618016958236694336e+00
5.749565124511718750e+00
6.081696987152099609e+00
5.708265066146850586e+00
5.109163761138916016e+00
5.954466104507446289e+00
5.421455860137939453e+00
3.802769899368286133e+00
6.182459115982055664e+00
5.162473201751708984e+00
3.444648027420043945e+00
3.554850101470947266e+00
5.236330986022949219e+00
5.819609642028808594e+00
3.768549203872680664e+00
4.910133123397827148e+00
4.294315099716186523e+00
3.966682672500610352e+00
4.483863830566406250e+00
4.354088783264160156e+00
4.778593063354492188e+00
4.089600801467895508e+00
4.798289060592651367e+00
2.910758972167968750e+00
3.781572103500366211e+00
4.169972896575927734e+00
5.242825031280517578e+00
3.938728809356689453e+00
6.908656835556030273e+00
4.712032079696655273e+00
5.785819053649902344e+00
6.921684980392456055e+00
5.200971126556396484e+00
4.768970966339111328e+00
4.746551990509033203e+00
6.455261945724487305e+00
5.549251079559326172e+00
5.528374910354614258e+00
3.231486082077026367e+00
5.115196943283081055e+00
5.378091096878051758e+00
5.195710897445678711e+00
4.324236869812011719e+00
5.451699972152709961e+00
4.717822790145874023e+00
5.481135129928588867e+00
5.054340839385986328e+00
4.549457788467407227e+00
4.755375862121582031e+00
5.769688129425048828e+00
5.579892158508300781e+00
5.160047054290771484e+00
4.490234136581420898e+00
5.651848316192626953e+00
6.476127862930297852e+00
9.318863868713378906e+00
5.680776834487915039e+00
5.918628215789794922e+00
5.184517145156860352e+00
4.674556016921997070e+00
4.717852115631103516e+00
6.098916053771972656e+00
4.874032020568847656e+00
5.120973110198974609e+00
4.645417928695678711e+00
4.624146938323974609e+00
6.393273830413818359e+00
5.727879762649536133e+00
6.079091072082519531e+00
4.505620956420898438e+00
5.294244050979614258e+00
6.830165863037109375e+00
5.321555137634277344e+00
5.052256107330322266e+00
5.850605964660644531e+00
5.830227851867675781e+00
6.192462205886840820e+00
9.102064847946166992e+00
6.479083061218261719e+00
6.193099975585937500e+00
5.996022939682006836e+00
4.352049112319946289e+00
4.625607967376708984e+00
6.627614259719848633e+00
5.322928905487060547e+00
5.860292673110961914e+00
5.708873033523559570e+00
4.781423091888427734e+00
4.914239883422851562e+00
1.089320588111877441e+01
4.799280881881713867e+00
5.022058963775634766e+00
4.665258884429931641e+00
4.647156000137329102e+00
5.787369251251220703e+00
4.787125825881958008e+00
5.178351163864135742e+00
5.232203006744384766e+00
4.941073894500732422e+00
4.885160923004150391e+00
4.816874027252197266e+00
4.841820001602172852e+00
4.874232769012451172e+00
6.794205188751220703e+00
4.863010883331298828e+00
6.047946214675903320e+00
4.802890062332153320e+00
5.025815963745117188e+00
3.708363056182861328e+00
6.151769876480102539e+00
5.534341096878051758e+00
6.019499063491821289e+00
4.917486190795898438e+00
4.588854074478149414e+00
5.861608028411865234e+00
3.646883010864257812e+00
5.918304204940795898e+00
4.680283784866333008e+00
5.664503097534179688e+00
6.387613058090209961e+00
6.031795740127563477e+00
6.151206254959106445e+00
4.469927787780761719e+00
5.434061050415039062e+00
6.006439208984375000e+00
6.707534790039062500e+00
5.712291002273559570e+00
5.907841682434082031e+00
5.786581039428710938e+00
6.942054271697998047e+00
5.789819240570068359e+00
5.954826831817626953e+00
5.771258831024169922e+00
5.297641038894653320e+00
6.101613998413085938e+00
6.707786083221435547e+00
5.784728050231933594e+00
6.028754949569702148e+00
8.103736162185668945e+00
5.718479156494140625e+00
5.539534091949462891e+00
4.478524208068847656e+00
6.765046119689941406e+00
7.103522777557373047e+00
4.891376018524169922e+00
5.335114002227783203e+00
3.016185045242309570e+00
5.565504074096679688e+00
6.038466215133666992e+00
5.182371139526367188e+00
5.481541156768798828e+00
4.622546911239624023e+00
5.676660060882568359e+00
2.914009809494018555e+00
6.230339050292968750e+00
5.960772991180419922e+00
5.958225965499877930e+00
3.873054265975952148e+00
4.940198898315429688e+00
6.448003768920898438e+00
4.170572042465209961e+00
3.810364961624145508e+00
3.334433078765869141e+00
6.228558063507080078e+00
4.771414041519165039e+00
5.117821931838989258e+00
5.222921848297119141e+00
4.643600225448608398e+00
4.207884073257446289e+00
3.318456172943115234e+00
3.638064146041870117e+00
2.634660959243774414e+00
5.802714824676513672e+00
4.173871040344238281e+00
4.284734010696411133e+00
4.254434823989868164e+00
6.429502010345458984e+00
3.038276910781860352e+00
3.908662796020507812e+00
4.071301221847534180e+00
4.034343242645263672e+00
4.068145990371704102e+00
5.517944812774658203e+00
3.917975902557373047e+00
4.647933959960937500e+00
4.416465759277343750e+00
3.517714977264404297e+00
3.352307081222534180e+00
5.735279083251953125e+00
5.421571016311645508e+00
7.760277986526489258e+00
8.165311098098754883e+00
7.282870054244995117e+00
3.495218038558959961e+00
3.783901929855346680e+00
5.600607156753540039e+00
3.182803869247436523e+00
4.522367000579833984e+00
6.236275196075439453e+00
5.951215028762817383e+00
3.708707094192504883e+00
5.427616119384765625e+00
4.184696674346923828e+00
4.401852130889892578e+00
4.009238004684448242e+00
5.756503105163574219e+00
6.793601989746093750e+00
3.888613939285278320e+00
6.394647121429443359e+00
6.277297973632812500e+00
6.308646917343139648e+00
5.656246185302734375e+00
4.226330041885375977e+00
4.962854862213134766e+00
5.622448921203613281e+00
4.598321199417114258e+00
5.935666084289550781e+00
4.978201150894165039e+00
4.167941093444824219e+00
4.431885004043579102e+00
3.831032991409301758e+00
4.936668157577514648e+00
3.386533737182617188e+00
3.894345998764038086e+00
3.923179864883422852e+00
5.014764070510864258e+00
4.242714881896972656e+00
6.865311145782470703e+00
5.265308856964111328e+00
4.729188919067382812e+00
4.303179979324340820e+00
4.644042015075683594e+00
5.475969076156616211e+00
3.860439062118530273e+00
4.172803878784179688e+00
4.829071760177612305e+00
6.982046842575073242e+00
4.021747827529907227e+00
5.091151237487792969e+00
2.857401132583618164e+00
7.719429254531860352e+00
5.949765205383300781e+00
4.836666822433471680e+00
4.809025049209594727e+00
5.392816781997680664e+00
4.774142026901245117e+00
4.172944307327270508e+00
5.765803098678588867e+00
7.072731971740722656e+00
4.931495904922485352e+00
4.620434045791625977e+00
4.869486093521118164e+00
5.521761894226074219e+00
5.277359724044799805e+00
5.214237213134765625e+00
5.240492105484008789e+00
3.735585927963256836e+00
5.840589761734008789e+00
5.116194963455200195e+00
5.176567077636718750e+00
3.889939069747924805e+00
3.203663110733032227e+00
6.215503931045532227e+00
5.204855918884277344e+00
3.409110069274902344e+00
5.384057283401489258e+00
5.426181316375732422e+00
4.026548862457275391e+00
5.803894042968750000e+00
6.146060943603515625e+00
6.407622098922729492e+00
5.588099956512451172e+00
5.576124191284179688e+00
4.825714349746704102e+00
5.020060062408447266e+00
3.969490051269531250e+00
4.996964693069458008e+00
4.293410778045654297e+00
5.394224882125854492e+00
5.037708044052124023e+00
5.077126979827880859e+00
4.053926229476928711e+00
5.172838926315307617e+00
6.255426883697509766e+00
5.195532083511352539e+00
4.067513704299926758e+00
4.076923847198486328e+00
5.220359802246093750e+00
5.286921262741088867e+00
6.023203849792480469e+00
5.590927124023437500e+00
5.730880975723266602e+00
4.128357887268066406e+00
5.830515861511230469e+00
6.986881017684936523e+00
4.219180107116699219e+00
4.605168104171752930e+00
4.224081993103027344e+00
6.190616846084594727e+00
4.966057062149047852e+00
4.310706853866577148e+00
6.614741086959838867e+00
6.852267980575561523e+00
6.884820222854614258e+00
6.482707977294921875e+00
4.441003084182739258e+00
4.512102127075195312e+00
6.983985900878906250e+00
4.469551801681518555e+00
5.875968933105468750e+00
5.210448026657104492e+00
6.775703668594360352e+00
6.699365854263305664e+00
5.694370031356811523e+00
5.295763254165649414e+00
5.552904844284057617e+00
5.317259073257446289e+00
5.191033840179443359e+00
5.321914196014404297e+00
6.981176137924194336e+00
5.156203985214233398e+00
6.495028018951416016e+00
6.779561281204223633e+00
6.187243700027465820e+00
5.773768901824951172e+00
3.087038040161132812e+00
4.755628824234008789e+00
7.001569986343383789e+00
4.728347063064575195e+00
5.064517021179199219e+00
3.244695901870727539e+00
5.930202722549438477e+00
4.043903827667236328e+00
5.688498020172119141e+00
6.456331014633178711e+00
6.477765083312988281e+00
7.006072044372558594e+00
4.731421232223510742e+00
5.573183059692382812e+00
5.793839693069458008e+00
6.088669061660766602e+00
5.577967882156372070e+00
7.953354835510253906e+00
5.160539150238037109e+00
6.382354974746704102e+00
8.082408189773559570e+00
6.658097982406616211e+00
6.513913154602050781e+00
5.601934909820556641e+00
4.902278184890747070e+00
7.547564029693603516e+00
3.775684118270874023e+00
5.373879909515380859e+00
5.824568033218383789e+00
5.704218864440917969e+00
3.738903045654296875e+00
3.706357002258300781e+00
3.958991050720214844e+00
4.027384042739868164e+00
5.481759071350097656e+00
5.748261928558349609e+00
5.528661012649536133e+00
4.829518079757690430e+00
4.092197895050048828e+00
4.873219013214111328e+00
4.736204147338867188e+00
5.232856988906860352e+00
4.119432926177978516e+00
3.702303886413574219e+00
5.001770973205566406e+00
4.987415075302124023e+00
5.026973962783813477e+00
5.077611207962036133e+00
3.547738075256347656e+00
6.653742074966430664e+00
5.062192916870117188e+00
6.576773881912231445e+00
5.167471885681152344e+00
5.531461954116821289e+00
5.716162919998168945e+00
5.061316013336181641e+00
5.689210176467895508e+00
4.976787090301513672e+00
5.130301952362060547e+00
4.770558118820190430e+00
4.182650089263916016e+00
4.586567878723144531e+00
5.043560981750488281e+00
4.615548133850097656e+00
4.759670019149780273e+00
6.041814088821411133e+00
6.463088989257812500e+00
5.992860794067382812e+00
4.600203037261962891e+00
4.130113601684570312e+00
6.288977861404418945e+00
4.810457706451416016e+00
6.109768390655517578e+00
3.946444034576416016e+00
5.808210849761962891e+00
5.025655984878540039e+00
3.925716161727905273e+00
3.451702833175659180e+00
3.298077821731567383e+00
7.958034992218017578e+00
6.660045146942138672e+00
5.163820028305053711e+00
5.234177112579345703e+00
5.961349725723266602e+00
6.255067825317382812e+00
4.539019107818603516e+00
5.743993043899536133e+00
4.524111986160278320e+00
4.311198234558105469e+00
3.241522073745727539e+00
3.267004013061523438e+00
3.401797056198120117e+00
5.332960128784179688e+00
5.413541078567504883e+00
3.886332035064697266e+00
3.970526218414306641e+00
4.801551818847656250e+00
4.122393131256103516e+00
4.756136894226074219e+00
3.508197784423828125e+00
3.262112140655517578e+00
5.652253866195678711e+00
3.930269241333007812e+00
4.299657106399536133e+00
4.938140869140625000e+00
4.895442008972167969e+00
3.604581117630004883e+00
4.181391716003417969e+00
4.688942193984985352e+00
3.376922130584716797e+00
4.065047025680541992e+00
3.722933053970336914e+00
4.471879720687866211e+00
5.866194009780883789e+00
6.665205001831054688e+00
4.862750291824340820e+00
4.169669151306152344e+00
4.545575857162475586e+00
4.909699916839599609e+00
4.468797922134399414e+00
5.488229274749755859e+00
3.885568857192993164e+00
4.741643667221069336e+00
4.039525985717773438e+00
4.780066013336181641e+00
4.264486074447631836e+00
5.316884994506835938e+00
6.689625978469848633e+00
3.998583078384399414e+00
4.301084041595458984e+00
5.473232746124267578e+00
4.092621803283691406e+00
4.603104114532470703e+00
3.492794036865234375e+00
4.391950130462646484e+00
3.966471910476684570e+00
3.937892913818359375e+00
4.174269914627075195e+00
5.345897912979125977e+00
6.351316928863525391e+00
3.822729825973510742e+00
3.818778276443481445e+00
6.247214078903198242e+00
4.400980949401855469e+00
4.251918077468872070e+00
4.270128965377807617e+00
3.865548133850097656e+00
4.111574888229370117e+00
5.719178199768066406e+00
4.613608121871948242e+00
5.014557123184204102e+00
4.353194952011108398e+00
4.436419010162353516e+00
3.455619096755981445e+00
5.307740926742553711e+00
8.291028022766113281e+00
4.892173767089843750e+00
4.616106033325195312e+00
3.739422798156738281e+00
4.629846096038818359e+00
4.678883075714111328e+00
4.747932910919189453e+00
4.270455121994018555e+00
3.477973937988281250e+00
4.541633129119873047e+00
3.372577905654907227e+00
4.811712026596069336e+00
4.190296649932861328e+00
3.253844022750854492e+00
4.854415655136108398e+00
4.013839960098266602e+00
4.686729907989501953e+00
4.269596815109252930e+00
4.853889942169189453e+00
5.702224016189575195e+00
4.184314966201782227e+00
3.743165016174316406e+00
5.145647048950195312e+00
4.137488842010498047e+00
4.150753974914550781e+00
4.826960802078247070e+00
5.831341266632080078e+00
4.072384119033813477e+00
4.754127740859985352e+00
4.882099866867065430e+00
5.071952819824218750e+00
5.931592941284179688e+00
4.476624727249145508e+00
3.737221002578735352e+00
6.013023853302001953e+00
4.728223085403442383e+00
5.505820035934448242e+00
4.959115028381347656e+00
4.099560260772705078e+00
4.187311887741088867e+00
4.695158004760742188e+00
4.519899845123291016e+00
4.390211105346679688e+00
4.165534019470214844e+00
4.409390926361083984e+00
4.479878902435302734e+00
4.391696214675903320e+00
5.800343990325927734e+00
4.259865999221801758e+00
5.059030055999755859e+00
4.804259061813354492e+00
4.553114175796508789e+00
4.452641963958740234e+00
5.364508867263793945e+00
3.396014928817749023e+00
4.538933038711547852e+00
5.402708053588867188e+00
3.678167104721069336e+00
5.850895166397094727e+00
4.547960042953491211e+00
4.758178949356079102e+00
4.697187662124633789e+00
5.358255863189697266e+00
5.819509983062744141e+00
5.192826986312866211e+00
2.970547199249267578e+00
3.873592853546142578e+00
5.845526933670043945e+00
4.789343118667602539e+00
5.838756084442138672e+00
5.802090883255004883e+00
5.886349916458129883e+00
4.114976167678833008e+00
5.163372993469238281e+00
5.443770170211791992e+00
6.250540018081665039e+00
3.725979089736938477e+00
4.844450950622558594e+00
4.715070962905883789e+00
5.850205898284912109e+00
4.806373119354248047e+00
4.850520133972167969e+00
6.470067262649536133e+00
3.749341964721679688e+00
5.558204889297485352e+00
6.059524297714233398e+00
4.606809139251708984e+00
5.288838863372802734e+00
4.446795940399169922e+00
5.324065923690795898e+00
4.713799953460693359e+00
3.599647998809814453e+00
4.843597173690795898e+00
5.337535858154296875e+00
5.674013853073120117e+00
4.972639083862304688e+00
5.507101058959960938e+00
4.604229927062988281e+00
5.248285055160522461e+00
5.596517801284790039e+00
5.292531013488769531e+00
4.412131786346435547e+00
4.751374006271362305e+00
5.296542882919311523e+00
5.228290081024169922e+00
4.614777803421020508e+00
6.627976894378662109e+00
4.600989818572998047e+00
4.712980985641479492e+00
5.059974908828735352e+00
5.622417926788330078e+00
5.313667058944702148e+00
4.864675998687744141e+00
5.318777084350585938e+00
3.433592081069946289e+00
5.209182977676391602e+00
5.659556865692138672e+00
5.338614940643310547e+00
4.133177995681762695e+00
5.482707977294921875e+00
5.245263099670410156e+00
4.591581106185913086e+00
6.035829067230224609e+00
6.255328178405761719e+00
6.120241165161132812e+00
5.208835840225219727e+00
4.796588182449340820e+00
5.386080980300903320e+00
3.281072139739990234e+00
4.223758935928344727e+00
4.713418006896972656e+00
5.121222972869873047e+00
5.022377967834472656e+00
5.389044046401977539e+00
5.470827102661132812e+00
5.121460199356079102e+00
3.748008012771606445e+00
4.858222007751464844e+00
6.263708829879760742e+00
5.505704879760742188e+00
2.866822004318237305e+00
3.310574054718017578e+00
4.974159002304077148e+00
5.657774925231933594e+00
5.713237047195434570e+00
3.683177232742309570e+00
5.862043142318725586e+00
4.781283855438232422e+00
6.344116926193237305e+00
5.396827220916748047e+00
5.937432050704956055e+00
5.843338966369628906e+00
5.387553215026855469e+00
6.538488149642944336e+00
4.125020980834960938e+00
5.705455064773559570e+00
5.295886039733886719e+00
3.973616123199462891e+00
5.433852910995483398e+00
7.021830797195434570e+00
4.553030014038085938e+00
3.853072166442871094e+00
6.312120199203491211e+00
6.735049009323120117e+00
6.612824916839599609e+00
4.672700166702270508e+00
4.814522266387939453e+00
7.369881153106689453e+00
6.730120182037353516e+00
7.500191926956176758e+00
3.816729068756103516e+00
6.945749044418334961e+00
6.333750009536743164e+00
6.232558965682983398e+00
4.821468114852905273e+00
8.272994995117187500e+00
8.138704776763916016e+00
6.421029090881347656e+00
5.912765026092529297e+00
5.865864992141723633e+00
6.991957902908325195e+00
7.259457111358642578e+00
5.657958984375000000e+00
6.522557020187377930e+00
5.194817781448364258e+00
4.907280206680297852e+00
6.486227989196777344e+00
5.554506063461303711e+00
7.243875980377197266e+00
7.195530176162719727e+00
6.288028001785278320e+00
7.523938894271850586e+00
6.551084041595458984e+00
5.717409610748291016e+00
5.986931085586547852e+00
5.111794948577880859e+00
5.190676927566528320e+00
5.254263639450073242e+00
7.496920108795166016e+00
5.119034290313720703e+00
8.805464982986450195e+00
5.560682058334350586e+00
6.631907939910888672e+00
7.038800001144409180e+00
6.261316776275634766e+00
7.009556055068969727e+00
7.060729026794433594e+00
6.654047012329101562e+00
5.426876068115234375e+00
4.797153949737548828e+00
5.300113201141357422e+00
5.558795213699340820e+00
5.207657814025878906e+00
6.883512735366821289e+00
8.439747095108032227e+00
6.998901128768920898e+00
7.131297111511230469e+00
7.429365634918212891e+00
5.408233165740966797e+00
5.897073030471801758e+00
8.868648052215576172e+00
4.092517137527465820e+00
5.135331153869628906e+00
4.564713001251220703e+00
6.118953943252563477e+00
5.263984203338623047e+00
5.057987928390502930e+00
8.340438127517700195e+00
6.146258831024169922e+00
8.397049188613891602e+00
4.067712068557739258e+00
4.348336219787597656e+00
8.648756980895996094e+00
6.574388980865478516e+00
6.253729104995727539e+00
5.663590908050537109e+00
8.691709995269775391e+00
8.120653867721557617e+00
4.873319864273071289e+00
5.467940092086791992e+00
5.004537820816040039e+00
4.815106153488159180e+00
5.516383886337280273e+00
5.284008979797363281e+00
4.901883125305175781e+00
7.337805986404418945e+00
5.541033983230590820e+00
5.189685106277465820e+00
8.494523286819458008e+00
7.888249874114990234e+00
6.528837680816650391e+00
7.366194963455200195e+00
4.889290094375610352e+00
6.701767921447753906e+00
6.941004991531372070e+00
6.910629034042358398e+00
5.439687967300415039e+00
3.458310842514038086e+00
5.707375049591064453e+00
6.009310245513916016e+00
5.279094934463500977e+00
5.370940923690795898e+00
5.816576957702636719e+00
5.422171115875244141e+00
5.336221933364868164e+00
5.606280088424682617e+00
3.969269037246704102e+00
6.373316764831542969e+00
7.179553031921386719e+00
5.734487056732177734e+00
5.395626068115234375e+00
5.376187086105346680e+00
5.835947036743164062e+00
4.141698837280273438e+00
6.022826910018920898e+00
5.477360010147094727e+00
5.889094829559326172e+00
6.114562988281250000e+00
6.100681066513061523e+00
5.650639772415161133e+00
4.954150915145874023e+00
6.661953687667846680e+00
5.960937023162841797e+00
4.845629930496215820e+00
6.853670835494995117e+00
3.921184062957763672e+00
6.092591762542724609e+00
4.372414827346801758e+00
6.966884136199951172e+00
5.438682079315185547e+00
4.974796056747436523e+00
6.559859037399291992e+00
8.193274974822998047e+00
4.471946001052856445e+00
5.530907154083251953e+00
7.595844745635986328e+00
7.075142145156860352e+00
6.821912050247192383e+00
3.581984043121337891e+00
6.516136884689331055e+00
4.222968101501464844e+00
6.289132118225097656e+00
5.111148118972778320e+00
6.583778858184814453e+00
5.582434654235839844e+00
5.800110816955566406e+00
4.479482173919677734e+00
4.222788810729980469e+00
5.109822988510131836e+00
6.786740064620971680e+00
6.176574230194091797e+00
4.856307029724121094e+00
6.813719749450683594e+00
6.093097925186157227e+00
6.052090644836425781e+00
3.331034183502197266e+00
3.716982603073120117e+00
4.800293684005737305e+00
4.741827964782714844e+00
6.503505945205688477e+00
4.031735181808471680e+00
7.517297029495239258e+00
4.975769042968750000e+00
4.396033048629760742e+00
6.669517040252685547e+00
5.946352958679199219e+00
4.845493078231811523e+00
5.947830915451049805e+00
5.059811115264892578e+00
5.102128028869628906e+00
5.664552927017211914e+00
7.726152896881103516e+00
3.208692073822021484e+00
6.559205055236816406e+00
4.955553054809570312e+00
5.488723039627075195e+00
6.691452026367187500e+00
4.762128829956054688e+00
6.845236063003540039e+00
5.381872892379760742e+00
4.691712856292724609e+00
4.203537940979003906e+00
6.131587028503417969e+00
4.654855966567993164e+00
3.290011167526245117e+00
4.950331211090087891e+00
5.529334068298339844e+00
4.525423288345336914e+00
4.624639034271240234e+00
4.140056848526000977e+00
3.854891061782836914e+00
7.746542215347290039e+00
7.551017999649047852e+00
4.240549087524414062e+00
5.818921089172363281e+00
4.318784952163696289e+00
4.763473987579345703e+00
4.162711143493652344e+00
4.133975028991699219e+00
4.858824014663696289e+00
4.846359014511108398e+00
5.116697311401367188e+00
4.579539299011230469e+00
7.793514728546142578e+00
5.815906047821044922e+00
5.392009258270263672e+00
4.628473997116088867e+00
5.367563009262084961e+00
6.364258050918579102e+00
4.330653190612792969e+00
4.934636116027832031e+00
4.339848041534423828e+00
5.084979057312011719e+00
5.802720069885253906e+00
4.449165105819702148e+00
4.243478059768676758e+00
4.447730064392089844e+00
5.003811836242675781e+00
3.870924234390258789e+00
3.557556152343750000e+00
3.967926979064941406e+00
4.242231130599975586e+00
5.263808965682983398e+00
5.247125148773193359e+00
6.861031055450439453e+00
4.385155916213989258e+00
4.784775972366333008e+00
4.511425018310546875e+00
5.833991289138793945e+00
5.292397975921630859e+00
6.359940767288208008e+00
4.723203897476196289e+00
5.244557142257690430e+00
5.942969083786010742e+00
4.524846076965332031e+00
4.762992143630981445e+00
6.096339941024780273e+00
5.123022794723510742e+00
5.740998268127441406e+00
4.753082275390625000e+00
4.274126052856445312e+00
3.410189151763916016e+00
3.927105903625488281e+00
4.893398761749267578e+00
5.871615886688232422e+00
3.350111007690429688e+00
4.331175088882446289e+00
3.741950035095214844e+00
4.980954885482788086e+00
4.004031896591186523e+00
5.410802841186523438e+00
5.921566009521484375e+00
5.870821952819824219e+00
3.494715213775634766e+00
6.112932205200195312e+00
3.683904170989990234e+00
5.097902774810791016e+00
4.480949878692626953e+00
3.594738006591796875e+00
5.691390991210937500e+00
3.958142042160034180e+00
4.272566080093383789e+00
4.446334838867187500e+00
4.436709880828857422e+00
5.324319124221801758e+00
5.145802021026611328e+00
7.208786964416503906e+00
5.443856239318847656e+00
6.193727970123291016e+00
5.246439933776855469e+00
5.687429904937744141e+00
4.649157762527465820e+00
6.310956954956054688e+00
5.011968135833740234e+00
5.500138044357299805e+00
6.053451776504516602e+00
5.866384029388427734e+00
4.790488958358764648e+00
4.792549133300781250e+00
5.830927848815917969e+00
5.579236745834350586e+00
5.770017862319946289e+00
4.509986162185668945e+00
5.682497978210449219e+00
4.596487998962402344e+00
5.947438955307006836e+00
4.551678895950317383e+00
4.080227851867675781e+00
6.540804862976074219e+00
5.462242126464843750e+00
6.788322687149047852e+00
5.938155174255371094e+00
3.430923938751220703e+00
5.768385887145996094e+00
5.619992017745971680e+00
4.199856042861938477e+00
5.109853029251098633e+00
3.359067201614379883e+00
5.948242902755737305e+00
4.854390144348144531e+00
4.086767196655273438e+00
4.623329162597656250e+00
6.587468862533569336e+00
5.698413848876953125e+00
4.022665262222290039e+00
6.936952114105224609e+00
4.399995803833007812e+00
5.290288925170898438e+00
4.512871742248535156e+00
6.439591169357299805e+00
7.356883049011230469e+00
4.474457979202270508e+00
7.250535011291503906e+00
3.553519964218139648e+00
4.573909997940063477e+00
4.259442806243896484e+00
5.205683946609497070e+00
4.910797834396362305e+00
3.540569067001342773e+00
4.079516172409057617e+00
4.368345737457275391e+00
2.611781120300292969e+00
5.236243963241577148e+00
4.194841861724853516e+00
4.717546701431274414e+00
4.403762817382812500e+00
4.743979215621948242e+00
3.939067840576171875e+00
3.118514060974121094e+00
4.754112958908081055e+00
4.335339069366455078e+00
6.113297939300537109e+00
6.151809930801391602e+00
4.225785732269287109e+00
5.171022176742553711e+00
3.449670076370239258e+00
3.646905183792114258e+00
4.572748899459838867e+00
3.115205049514770508e+00
7.202358961105346680e+00
5.387531995773315430e+00
5.179897785186767578e+00
3.766002893447875977e+00
4.762810707092285156e+00
3.542452096939086914e+00
5.353360891342163086e+00
3.764053106307983398e+00
5.691073179244995117e+00
5.047694683074951172e+00
5.169660806655883789e+00
4.025079011917114258e+00
3.529067039489746094e+00
5.174678087234497070e+00
4.044089078903198242e+00
4.226639986038208008e+00
5.688051939010620117e+00
4.090639114379882812e+00
5.045762062072753906e+00
3.731374740600585938e+00
4.441656827926635742e+00
6.112550973892211914e+00
4.729893922805786133e+00
5.519037008285522461e+00
3.896589994430541992e+00
4.213442802429199219e+00
6.728929042816162109e+00
6.367655754089355469e+00
6.379539012908935547e+00
5.829233884811401367e+00
4.086067914962768555e+00
5.030491828918457031e+00
5.569877147674560547e+00
3.500078201293945312e+00
3.895857095718383789e+00
5.083393812179565430e+00
4.920440912246704102e+00
5.403945207595825195e+00
4.476903915405273438e+00
4.760551214218139648e+00
6.975952863693237305e+00
4.825272083282470703e+00
7.232993125915527344e+00
7.246766090393066406e+00
4.896710872650146484e+00
6.607739925384521484e+00
3.933707952499389648e+00
4.952306747436523438e+00
6.751219987869262695e+00
6.559743165969848633e+00
7.621174812316894531e+00
4.913841009140014648e+00
4.931224822998046875e+00
5.197765827178955078e+00
7.230238914489746094e+00
5.370491743087768555e+00
4.337953805923461914e+00
4.353041887283325195e+00
7.033946990966796875e+00
7.306301116943359375e+00
4.747463226318359375e+00
4.050044059753417969e+00
4.602180004119873047e+00
5.343845129013061523e+00
4.642913103103637695e+00
5.778462886810302734e+00
3.439950942993164062e+00
7.343161821365356445e+00
7.239976882934570312e+00
5.301146030426025391e+00
6.291351079940795898e+00
3.948661088943481445e+00
5.589089632034301758e+00
5.801137924194335938e+00
5.647695779800415039e+00
7.005376100540161133e+00
7.240367174148559570e+00
5.531895875930786133e+00
3.779074907302856445e+00
8.525619983673095703e+00
4.221297740936279297e+00
5.633647203445434570e+00
7.739667892456054688e+00
4.632544040679931641e+00
4.663247823715209961e+00
6.074507951736450195e+00
7.857344865798950195e+00
5.641482114791870117e+00
5.045183897018432617e+00
6.871966838836669922e+00
7.590526819229125977e+00
5.075705051422119141e+00
7.868134737014770508e+00
5.849241971969604492e+00
5.067679882049560547e+00
5.890891075134277344e+00
6.338676929473876953e+00
7.893492221832275391e+00
7.487608671188354492e+00
5.214411020278930664e+00
5.634333133697509766e+00
5.220336198806762695e+00
4.899190902709960938e+00
3.952026844024658203e+00
5.306189060211181641e+00
5.325832843780517578e+00
4.085123062133789062e+00
6.392349958419799805e+00
5.602750301361083984e+00
5.206181049346923828e+00
4.591662168502807617e+00
5.503545045852661133e+00
5.069405078887939453e+00
5.756430149078369141e+00
4.129589080810546875e+00
4.064210891723632812e+00
4.352813959121704102e+00
4.808588981628417969e+00
4.892173051834106445e+00
4.353467941284179688e+00
4.806828975677490234e+00
3.933991909027099609e+00
4.806763172149658203e+00
4.041742086410522461e+00
4.705241203308105469e+00
4.286808013916015625e+00
5.566888809204101562e+00
4.823499917984008789e+00
5.002996921539306641e+00
6.281965017318725586e+00
4.474338769912719727e+00
4.172342061996459961e+00
5.297940015792846680e+00
6.220237016677856445e+00
4.729527235031127930e+00
6.045615196228027344e+00
7.058192968368530273e+00
6.236455917358398438e+00
5.899922132492065430e+00
5.295325040817260742e+00
7.407811164855957031e+00
4.893389225006103516e+00
5.951758146286010742e+00
7.160996913909912109e+00
5.627465963363647461e+00
4.309328794479370117e+00
6.251744985580444336e+00
3.906800746917724609e+00
6.176056861877441406e+00
6.248818874359130859e+00
5.176718711853027344e+00
5.854036092758178711e+00
6.169588804244995117e+00
4.641152143478393555e+00
6.022104978561401367e+00
7.417333841323852539e+00
6.313201189041137695e+00
7.465801000595092773e+00
5.046480894088745117e+00
5.416102886199951172e+00
4.321801900863647461e+00
7.145830869674682617e+00
6.822642326354980469e+00
7.100481986999511719e+00
6.277864933013916016e+00
7.597183942794799805e+00
5.978002071380615234e+00
2.993257045745849609e+00
5.424407958984375000e+00
7.216195821762084961e+00
5.055241107940673828e+00
4.195727109909057617e+00
7.379182815551757812e+00
5.625739097595214844e+00
6.015143156051635742e+00
6.378283977508544922e+00
6.191277742385864258e+00
4.933719158172607422e+00
8.121153831481933594e+00
6.560163021087646484e+00
5.843599081039428711e+00
5.746417999267578125e+00
5.208294153213500977e+00
6.610229015350341797e+00
5.888429164886474609e+00
5.514338016510009766e+00
7.142116069793701172e+00
5.629437208175659180e+00
5.737561225891113281e+00
6.878484964370727539e+00
6.807664871215820312e+00
5.853586196899414062e+00
6.828288078308105469e+00
5.717523813247680664e+00
4.978940963745117188e+00
6.984332084655761719e+00
5.232226848602294922e+00
6.215242385864257812e+00
4.958079814910888672e+00
5.986146688461303711e+00
5.271817922592163086e+00
7.509814023971557617e+00
5.427933931350708008e+00
4.838438987731933594e+00
6.553308725357055664e+00
5.386342287063598633e+00
5.565561294555664062e+00
5.986155986785888672e+00
5.803562164306640625e+00
4.868539094924926758e+00
5.141951084136962891e+00
5.185754060745239258e+00
6.203935861587524414e+00
4.784707069396972656e+00
7.152765035629272461e+00
7.696784019470214844e+00
6.482576847076416016e+00
4.526491165161132812e+00
8.260741233825683594e+00
4.772320032119750977e+00
4.217597007751464844e+00
3.901034832000732422e+00
2.755645990371704102e+00
6.196355104446411133e+00
7.126814365386962891e+00
4.613799095153808594e+00
6.454154014587402344e+00
8.324092864990234375e+00
6.899796009063720703e+00
4.869472026824951172e+00
3.878976821899414062e+00
4.252959012985229492e+00
3.638237953186035156e+00
5.917463064193725586e+00
3.935352087020874023e+00
6.824443817138671875e+00
4.864511251449584961e+00
4.568021059036254883e+00
4.969130992889404297e+00
4.974092006683349609e+00
4.526866912841796875e+00
5.420131206512451172e+00
5.708696126937866211e+00
4.389902114868164062e+00
4.339013814926147461e+00
4.687331914901733398e+00
4.746151924133300781e+00
5.419460058212280273e+00
3.951703071594238281e+00
4.813935041427612305e+00
4.917677879333496094e+00
4.083884954452514648e+00
6.069891214370727539e+00
4.492141246795654297e+00
4.576610088348388672e+00
5.886722087860107422e+00
4.162052154541015625e+00
6.697782039642333984e+00
5.956835746765136719e+00
5.799602031707763672e+00
5.174533128738403320e+00
5.775789976119995117e+00
5.047120094299316406e+00
6.571323156356811523e+00
5.745851039886474609e+00
5.511533975601196289e+00
5.846421003341674805e+00
6.400975942611694336e+00
5.264386653900146484e+00
4.199438095092773438e+00
5.775748014450073242e+00
6.062133073806762695e+00
5.306264877319335938e+00
6.359019041061401367e+00
5.580960035324096680e+00
5.279465198516845703e+00
4.307830095291137695e+00
6.409646987915039062e+00
5.333862066268920898e+00
6.540990114212036133e+00
6.553847074508666992e+00
6.385197162628173828e+00
6.116284847259521484e+00
5.917488098144531250e+00
5.032154798507690430e+00
4.447216987609863281e+00
6.730402231216430664e+00
6.270414829254150391e+00
4.967819929122924805e+00
4.065876960754394531e+00
6.715185880661010742e+00
5.564589023590087891e+00
5.700931072235107422e+00
6.088265180587768555e+00
6.580385923385620117e+00
6.029422998428344727e+00
6.456021070480346680e+00
6.816493988037109375e+00
6.673240900039672852e+00
5.628373146057128906e+00
5.916866779327392578e+00
6.503873109817504883e+00
6.757932186126708984e+00
5.305964231491088867e+00
3.791835069656372070e+00
7.039920091629028320e+00
5.396537065505981445e+00
6.251919746398925781e+00
7.137875318527221680e+00
7.403248071670532227e+00
5.952566146850585938e+00
7.382932424545288086e+00
4.685245037078857422e+00
6.189538002014160156e+00
4.707154989242553711e+00
6.796412944793701172e+00
8.046581983566284180e+00
7.004269838333129883e+00
6.166473865509033203e+00
6.187615156173706055e+00
4.574865341186523438e+00
7.116581916809082031e+00
6.565217018127441406e+00
3.594182968139648438e+00
7.538024902343750000e+00
5.369041919708251953e+00
4.371781110763549805e+00
5.327157020568847656e+00
5.803570270538330078e+00
3.863056898117065430e+00
5.450554847717285156e+00
4.627759933471679688e+00
6.852241277694702148e+00
3.260885000228881836e+00
4.592746973037719727e+00
4.763686895370483398e+00
4.178658962249755859e+00
7.463734865188598633e+00
7.227619886398315430e+00
5.216733932495117188e+00
4.660087823867797852e+00
3.719650268554687500e+00
4.254243135452270508e+00
5.346007823944091797e+00
5.458279848098754883e+00
5.661976099014282227e+00
4.385643005371093750e+00
4.904767990112304688e+00
4.236931085586547852e+00
4.142395734786987305e+00
9.307796001434326172e+00
5.570593833923339844e+00
5.180430173873901367e+00
3.949681282043457031e+00
5.211767196655273438e+00
3.963116168975830078e+00
4.325979948043823242e+00
5.056027173995971680e+00
4.216896057128906250e+00
4.312295913696289062e+00
5.279599905014038086e+00
6.175528764724731445e+00
5.362401008605957031e+00
5.561980962753295898e+00
4.941161870956420898e+00
7.834015130996704102e+00
5.023901939392089844e+00
6.289237976074218750e+00
6.277122974395751953e+00
6.419373035430908203e+00
4.383774042129516602e+00
4.840670824050903320e+00
5.713652372360229492e+00
5.441225051879882812e+00
4.910310268402099609e+00
5.399061918258666992e+00
4.961048126220703125e+00
5.113029241561889648e+00
3.748522043228149414e+00
7.907514810562133789e+00
5.942035913467407227e+00
6.075078010559082031e+00
5.506113052368164062e+00
5.939419031143188477e+00
5.941593885421752930e+00
5.084014177322387695e+00
4.910039186477661133e+00
5.470510721206665039e+00
4.835029840469360352e+00
7.068385124206542969e+00
4.956168889999389648e+00
6.503150939941406250e+00
6.178921937942504883e+00
5.613205194473266602e+00
5.163313865661621094e+00
6.290076255798339844e+00
5.096684932708740234e+00
6.228196859359741211e+00
3.569643020629882812e+00
5.409721851348876953e+00
4.171679258346557617e+00
5.802537918090820312e+00
6.815212965011596680e+00
6.207034826278686523e+00
6.206377983093261719e+00
5.134397268295288086e+00
4.279924869537353516e+00
7.096427202224731445e+00
4.981016159057617188e+00
4.636911869049072266e+00
6.287929058074951172e+00
5.638627767562866211e+00
6.957994937896728516e+00
5.234212160110473633e+00
4.895504236221313477e+00
4.396179914474487305e+00
6.649757146835327148e+00
7.301796913146972656e+00
6.803100109100341797e+00
4.340209960937500000e+00
5.609473228454589844e+00
7.037985801696777344e+00
2.954075813293457031e+00
4.696325302124023438e+00
3.692172050476074219e+00
2.987827062606811523e+00
6.183081865310668945e+00
5.258264064788818359e+00
3.550779104232788086e+00
3.754889011383056641e+00
4.465809822082519531e+00
4.376398086547851562e+00
3.203786134719848633e+00
4.034924030303955078e+00
4.074055910110473633e+00
5.358508110046386719e+00
4.939598083496093750e+00
3.656887054443359375e+00
4.016541957855224609e+00
6.054542064666748047e+00
4.898229122161865234e+00
4.699939966201782227e+00
3.472509384155273438e+00
3.399782180786132812e+00
6.603661060333251953e+00
4.217294216156005859e+00
4.200889110565185547e+00
5.139749765396118164e+00
4.930584907531738281e+00
5.625672101974487305e+00
4.092537879943847656e+00
4.157086849212646484e+00
5.337322950363159180e+00
4.579782009124755859e+00
4.671859979629516602e+00
3.996308088302612305e+00
4.648679018020629883e+00
4.095493793487548828e+00
4.682708978652954102e+00
5.470401763916015625e+00
5.572860002517700195e+00
6.162404060363769531e+00
3.977484941482543945e+00
3.596386909484863281e+00
5.364761114120483398e+00
5.084766864776611328e+00
4.078058004379272461e+00
4.804876089096069336e+00
4.945211172103881836e+00
5.185688018798828125e+00
4.638968944549560547e+00
3.961450099945068359e+00
4.656458139419555664e+00
6.139243125915527344e+00
4.680995941162109375e+00
5.955645084381103516e+00
4.753710031509399414e+00
3.556354999542236328e+00
4.498268842697143555e+00
5.280415058135986328e+00
5.423554182052612305e+00
6.222338199615478516e+00
6.287334918975830078e+00
6.796320915222167969e+00
4.363956928253173828e+00
5.883493185043334961e+00
4.427607059478759766e+00
6.157991886138916016e+00
5.167546033859252930e+00
5.132710218429565430e+00
7.467463016510009766e+00
6.242708921432495117e+00
6.299555778503417969e+00
7.434859037399291992e+00
5.316972017288208008e+00
4.387306928634643555e+00
5.221935033798217773e+00
6.730715274810791016e+00
4.799695014953613281e+00
4.772315979003906250e+00
4.219218969345092773e+00
5.019406795501708984e+00
4.883336782455444336e+00
5.404673099517822266e+00
5.952017784118652344e+00
6.198856830596923828e+00
6.717956066131591797e+00
4.481828689575195312e+00
7.405498981475830078e+00
4.573354244232177734e+00
5.554114818572998047e+00
5.425544023513793945e+00
5.795760869979858398e+00
4.045616149902343750e+00
4.787996768951416016e+00
5.659648180007934570e+00
5.814577102661132812e+00
4.946127891540527344e+00
3.443834781646728516e+00
6.515058994293212891e+00
6.063882112503051758e+00
5.896723985671997070e+00
4.989628791809082031e+00
6.027081012725830078e+00
5.965271234512329102e+00
5.579384088516235352e+00
4.927541017532348633e+00
3.850105047225952148e+00
5.901150226593017578e+00
7.815166950225830078e+00
6.592499971389770508e+00
6.592272043228149414e+00
5.320314884185791016e+00
5.513600111007690430e+00
5.058720827102661133e+00
5.480579853057861328e+00
5.712152957916259766e+00
6.325601100921630859e+00
5.097920894622802734e+00
5.380711317062377930e+00
5.380864858627319336e+00
4.987035036087036133e+00
5.010668039321899414e+00
5.348340988159179688e+00
5.104673147201538086e+00
8.334306001663208008e+00
5.527520895004272461e+00
5.463634967803955078e+00
4.549458980560302734e+00
4.826067924499511719e+00
4.307595968246459961e+00
6.559111118316650391e+00
4.501651763916015625e+00
7.215600967407226562e+00
3.140880107879638672e+00
8.021250247955322266e+00
3.614398002624511719e+00
4.393619298934936523e+00
6.054965019226074219e+00
5.052582979202270508e+00
4.162364959716796875e+00
6.191188097000122070e+00
6.676856756210327148e+00
6.067858934402465820e+00
7.017484188079833984e+00
4.784181118011474609e+00
6.481008052825927734e+00
4.376410722732543945e+00
4.209338188171386719e+00
3.721994876861572266e+00
4.851606845855712891e+00
4.895772933959960938e+00
4.598733186721801758e+00
4.435625791549682617e+00
4.506304025650024414e+00
4.265299797058105469e+00
4.192262887954711914e+00
5.486692190170288086e+00
4.779276132583618164e+00
5.579351186752319336e+00
5.854374885559082031e+00
3.998936891555786133e+00
3.577980756759643555e+00
5.016047239303588867e+00
4.564608097076416016e+00
4.550026178359985352e+00
6.178565740585327148e+00
2.836947917938232422e+00
3.827417850494384766e+00
5.026414871215820312e+00
4.617267847061157227e+00
3.620748996734619141e+00
5.331459999084472656e+00
8.455055236816406250e+00
5.566663026809692383e+00
5.473675012588500977e+00
4.356709003448486328e+00
5.188133955001831055e+00
6.208815097808837891e+00
5.573678731918334961e+00
3.572772026062011719e+00
4.470113039016723633e+00
5.179992914199829102e+00
5.791178941726684570e+00
5.200869321823120117e+00
2.977191925048828125e+00
7.016462802886962891e+00
5.362612009048461914e+00
3.657007694244384766e+00
4.682701110839843750e+00
4.480230808258056641e+00
5.500353097915649414e+00
5.551323175430297852e+00
4.999092102050781250e+00
5.711599111557006836e+00
6.328532934188842773e+00
5.265127897262573242e+00
5.851525783538818359e+00
6.247157096862792969e+00
5.919323921203613281e+00
5.805132627487182617e+00
5.735419988632202148e+00
5.742887020111083984e+00
4.309244871139526367e+00
6.340926170349121094e+00
6.353778123855590820e+00
5.554774045944213867e+00
6.082128286361694336e+00
4.499344110488891602e+00
5.903876066207885742e+00
4.875469923019409180e+00
5.812103033065795898e+00
3.945785045623779297e+00
3.331230878829956055e+00
6.257584810256958008e+00
4.358769893646240234e+00
4.388214826583862305e+00
6.100064992904663086e+00
3.454678058624267578e+00
6.024199008941650391e+00
6.522959947586059570e+00
4.928406000137329102e+00
4.449132919311523438e+00
5.613062858581542969e+00
4.922498703002929688e+00
5.115298032760620117e+00
5.483052015304565430e+00
5.970119953155517578e+00
4.513149976730346680e+00
7.431262016296386719e+00
3.859639644622802734e+00
6.102336883544921875e+00
5.180552959442138672e+00
6.860858678817749023e+00
6.875460147857666016e+00
5.713086128234863281e+00
7.585064888000488281e+00
6.776551008224487305e+00
5.951812267303466797e+00
3.977084159851074219e+00
4.387412071228027344e+00
3.582464933395385742e+00
4.882276058197021484e+00
7.528168201446533203e+00
5.006412982940673828e+00
5.353787899017333984e+00
5.886822223663330078e+00
4.689118862152099609e+00
5.444494724273681641e+00
7.864093065261840820e+00
5.652362108230590820e+00
5.232912778854370117e+00
5.329261064529418945e+00
4.888931989669799805e+00
4.458403110504150391e+00
4.333011388778686523e+00
4.826617240905761719e+00
5.824878931045532227e+00
4.698001146316528320e+00
4.383431911468505859e+00
6.320655822753906250e+00
5.452100276947021484e+00
4.962438106536865234e+00
3.680604934692382812e+00
5.462342262268066406e+00
4.627023935317993164e+00
4.943090915679931641e+00
4.237681865692138672e+00
3.325585842132568359e+00
4.722274065017700195e+00
4.214840888977050781e+00
5.013535976409912109e+00
4.557050943374633789e+00
4.220306873321533203e+00
5.323530197143554688e+00
5.115225315093994141e+00
3.570347070693969727e+00
5.740022182464599609e+00
4.726737022399902344e+00
3.647606849670410156e+00
6.171123981475830078e+00
6.432561874389648438e+00
6.489562988281250000e+00
4.358792781829833984e+00
3.671056270599365234e+00
3.787620067596435547e+00
4.136272907257080078e+00
4.990993022918701172e+00
5.479990005493164062e+00
4.215739965438842773e+00
5.586129903793334961e+00
3.808377742767333984e+00
3.506697893142700195e+00
3.591781139373779297e+00
4.808300256729125977e+00
4.262061119079589844e+00
5.090491056442260742e+00
5.659811019897460938e+00
4.660654067993164062e+00
5.724184751510620117e+00
3.809092044830322266e+00
4.602970838546752930e+00
4.722776889801025391e+00
4.735464811325073242e+00
4.427819967269897461e+00
4.336301088333129883e+00
6.282307147979736328e+00
4.309273242950439453e+00
4.046518087387084961e+00
3.769376993179321289e+00
4.684232234954833984e+00
5.449197053909301758e+00
4.095567226409912109e+00
4.591978788375854492e+00
3.959321737289428711e+00
4.676910877227783203e+00
4.478820800781250000e+00
3.866796016693115234e+00
4.560331106185913086e+00
4.460463047027587891e+00
3.938671827316284180e+00
3.996232986450195312e+00
5.360172986984252930e+00
4.652936935424804688e+00
3.509243726730346680e+00
5.187239885330200195e+00
5.314931869506835938e+00
3.836544036865234375e+00
5.650377988815307617e+00
4.305541992187500000e+00
3.988563060760498047e+00
4.667974948883056641e+00
4.369948863983154297e+00
3.909209966659545898e+00
4.735605001449584961e+00
4.527189970016479492e+00
5.134078979492187500e+00
4.661644935607910156e+00
4.454952955245971680e+00
6.193904876708984375e+00
4.983839035034179688e+00
4.454912900924682617e+00
4.811964988708496094e+00
3.948070287704467773e+00
5.237851142883300781e+00
4.680540084838867188e+00
5.370925664901733398e+00
5.461885929107666016e+00
5.093409061431884766e+00
5.477473020553588867e+00
4.564365148544311523e+00
5.767087936401367188e+00
5.485970258712768555e+00
5.377475976943969727e+00
4.502564907073974609e+00
4.388636112213134766e+00
4.905131101608276367e+00
5.201414108276367188e+00
5.582734823226928711e+00
4.886857986450195312e+00
5.466791152954101562e+00
5.285218238830566406e+00
5.789186000823974609e+00
5.691172122955322266e+00
4.596550226211547852e+00
5.819319009780883789e+00
4.855356931686401367e+00
4.227087736129760742e+00
5.070436954498291016e+00
4.281785249710083008e+00
5.348361968994140625e+00
3.663782119750976562e+00
5.411488056182861328e+00
5.595371961593627930e+00
4.970116138458251953e+00
3.834294080734252930e+00
4.939508914947509766e+00
3.404484987258911133e+00
4.306210756301879883e+00
5.805201053619384766e+00
5.295042991638183594e+00
3.818238973617553711e+00
5.725340127944946289e+00
3.691561937332153320e+00
3.995749950408935547e+00
4.792577981948852539e+00
4.518554925918579102e+00
6.308607101440429688e+00
5.309432744979858398e+00
4.602350711822509766e+00
3.994940996170043945e+00
4.381186008453369141e+00
3.997938871383666992e+00
4.040465116500854492e+00
5.124572038650512695e+00
5.024709224700927734e+00
4.340994834899902344e+00
5.156227111816406250e+00
5.320842027664184570e+00
4.885806798934936523e+00
4.865771055221557617e+00
4.562005043029785156e+00
6.761587858200073242e+00
4.930054187774658203e+00
5.694836139678955078e+00
4.661391258239746094e+00
4.355917930603027344e+00
5.897658109664916992e+00
3.480758190155029297e+00
4.454355001449584961e+00
4.323641777038574219e+00
4.528607845306396484e+00
3.773541688919067383e+00
5.042885303497314453e+00
4.815924882888793945e+00
6.037171363830566406e+00
5.344039201736450195e+00
4.419302701950073242e+00
5.300284862518310547e+00
5.150173187255859375e+00
5.672730207443237305e+00
4.701703786849975586e+00
4.856825113296508789e+00
5.193409919738769531e+00
5.590008020401000977e+00
4.981415987014770508e+00
5.612985849380493164e+00
3.590759754180908203e+00
4.606986999511718750e+00
3.665338754653930664e+00
5.371991872787475586e+00
3.957752227783203125e+00
5.988376140594482422e+00
4.715132951736450195e+00
4.427160024642944336e+00
5.773291826248168945e+00
5.467767000198364258e+00
4.048123121261596680e+00
4.195821285247802734e+00
5.267171859741210938e+00
4.399276018142700195e+00
3.656625032424926758e+00
3.545468807220458984e+00
4.291129112243652344e+00
5.575057983398437500e+00
5.603803157806396484e+00
5.654495954513549805e+00
5.745198965072631836e+00
4.603194952011108398e+00
5.152759075164794922e+00
4.751949071884155273e+00
4.856982946395874023e+00
4.845776081085205078e+00
4.806159019470214844e+00
6.033235073089599609e+00
5.294669151306152344e+00
6.508592844009399414e+00
4.908993005752563477e+00
4.924368858337402344e+00
4.668026924133300781e+00
5.474645853042602539e+00
3.795592069625854492e+00
6.591122388839721680e+00
5.492198228836059570e+00
5.758311033248901367e+00
4.824756145477294922e+00
4.306173801422119141e+00
5.928645133972167969e+00
4.035971879959106445e+00
6.056170940399169922e+00
5.948922157287597656e+00
4.897430896759033203e+00
4.574095964431762695e+00
4.178456068038940430e+00
5.019102096557617188e+00
6.468487977981567383e+00
5.082009315490722656e+00
4.679669857025146484e+00
6.576124906539916992e+00
4.966212987899780273e+00
5.729235887527465820e+00
4.963471174240112305e+00
4.895750999450683594e+00
6.613689184188842773e+00
3.520093917846679688e+00
5.207919120788574219e+00
4.067141056060791016e+00
4.939766168594360352e+00
4.914036989212036133e+00
5.665343999862670898e+00
5.008074045181274414e+00
6.083925008773803711e+00
4.895765066146850586e+00
7.367660045623779297e+00
7.048516988754272461e+00
5.088702917098999023e+00
6.158090829849243164e+00
5.439069986343383789e+00
6.282567977905273438e+00
5.337224960327148438e+00
4.644227027893066406e+00
5.399379014968872070e+00
4.665942668914794922e+00
7.040977954864501953e+00
6.783576965332031250e+00
4.426533937454223633e+00
4.044572114944458008e+00
5.340216875076293945e+00
5.472644329071044922e+00
6.346665143966674805e+00
5.643360853195190430e+00
4.489342927932739258e+00
3.518984317779541016e+00
4.837779045104980469e+00
3.664180994033813477e+00
5.655484914779663086e+00
4.856370925903320312e+00
5.659787893295288086e+00
4.095510005950927734e+00
5.409900188446044922e+00
5.547524213790893555e+00
4.422564744949340820e+00
5.551578044891357422e+00
6.214014053344726562e+00
5.290817022323608398e+00
4.734767913818359375e+00
6.266776084899902344e+00
5.651287078857421875e+00
4.807123899459838867e+00
4.123667001724243164e+00
4.518819808959960938e+00
4.544297218322753906e+00
4.480556011199951172e+00
4.514940977096557617e+00
5.512715816497802734e+00
6.502454042434692383e+00
4.129310846328735352e+00
4.134210109710693359e+00
4.270975828170776367e+00
3.187047243118286133e+00
7.518291950225830078e+00
5.063252925872802734e+00
4.098778963088989258e+00
4.378082752227783203e+00
7.464600086212158203e+00
3.926831245422363281e+00
5.935415029525756836e+00
5.222868919372558594e+00
6.820235967636108398e+00
3.977310895919799805e+00
4.632109880447387695e+00
4.954282999038696289e+00
4.349732637405395508e+00
6.473333120346069336e+00
2.941317081451416016e+00
3.551000118255615234e+00
5.999929189682006836e+00
5.861951112747192383e+00
3.523835897445678711e+00
3.769384145736694336e+00
5.569602966308593750e+00
3.773413181304931641e+00
3.384446144104003906e+00
4.435775041580200195e+00
4.807328939437866211e+00
4.880146980285644531e+00
4.154087781906127930e+00
2.850769996643066406e+00
4.721379041671752930e+00
4.847270250320434570e+00
3.835981845855712891e+00
2.656876087188720703e+00
7.362909078598022461e+00
5.594406127929687500e+00
3.599029064178466797e+00
6.703254938125610352e+00
3.406545877456665039e+00
5.430962085723876953e+00
5.215530157089233398e+00
6.090135097503662109e+00
5.362784862518310547e+00
5.510469198226928711e+00
5.335939168930053711e+00
4.689676046371459961e+00
4.954650878906250000e+00
3.891294956207275391e+00
3.897423028945922852e+00
4.220417737960815430e+00
5.969819307327270508e+00
5.750976085662841797e+00
5.122895956039428711e+00
4.123515844345092773e+00
5.433698177337646484e+00
5.270586013793945312e+00
3.875492095947265625e+00
5.892788887023925781e+00
4.106670141220092773e+00
4.075115919113159180e+00
5.781811952590942383e+00
4.256896972656250000e+00
4.749305248260498047e+00
4.877805948257446289e+00
5.822337627410888672e+00
5.978544235229492188e+00
4.230438232421875000e+00
7.185448884963989258e+00
6.426409006118774414e+00
4.634732007980346680e+00
5.127398014068603516e+00
6.162323951721191406e+00
5.275992870330810547e+00
5.017470121383666992e+00
6.238517999649047852e+00
6.329010725021362305e+00
5.959676265716552734e+00
5.347771167755126953e+00
5.053745985031127930e+00
6.242484807968139648e+00
4.947819948196411133e+00
5.587834835052490234e+00
5.345484972000122070e+00
6.349986076354980469e+00
6.365545988082885742e+00
5.387850999832153320e+00
5.587806940078735352e+00
6.319346904754638672e+00
5.763506174087524414e+00
6.154622316360473633e+00
6.709254980087280273e+00
4.876786231994628906e+00
6.514920949935913086e+00
5.762991666793823242e+00
5.127386093139648438e+00
5.662397861480712891e+00
5.073603153228759766e+00
5.826143026351928711e+00
4.344251871109008789e+00
5.623279094696044922e+00
6.028124809265136719e+00
6.398241996765136719e+00
4.236056089401245117e+00
4.338326930999755859e+00
6.225148916244506836e+00
7.169985055923461914e+00
4.482971191406250000e+00
6.810616970062255859e+00
6.435873985290527344e+00
6.295814037322998047e+00
7.156715154647827148e+00
6.161154031753540039e+00
7.447745084762573242e+00
5.834910154342651367e+00
5.904685020446777344e+00
6.870079994201660156e+00
7.526555776596069336e+00
6.116849184036254883e+00
5.611593961715698242e+00
7.504194974899291992e+00
6.175585031509399414e+00
4.850050210952758789e+00
7.273486852645874023e+00
2.173578977584838867e+00
6.780355691909790039e+00
5.455456972122192383e+00
5.206645011901855469e+00
2.919255733489990234e+00
4.880062103271484375e+00
5.333730936050415039e+00
6.870786190032958984e+00
4.283909082412719727e+00
4.306365728378295898e+00
3.806045770645141602e+00
4.653051137924194336e+00
4.145936965942382812e+00
6.059054851531982422e+00
6.161674022674560547e+00
5.223058938980102539e+00
7.442586898803710938e+00
4.549249887466430664e+00
3.998347997665405273e+00
6.255301713943481445e+00
3.521203994750976562e+00
5.319155931472778320e+00
4.489273071289062500e+00
4.092337846755981445e+00
3.386249065399169922e+00
4.014656066894531250e+00
3.515731334686279297e+00
3.189336061477661133e+00
5.674136877059936523e+00
5.897197008132934570e+00
6.827221870422363281e+00
6.445865869522094727e+00
6.457578182220458984e+00
4.037104129791259766e+00
3.906053066253662109e+00
5.163567066192626953e+00
7.009104013442993164e+00
6.388864994049072266e+00
4.031635046005249023e+00
6.426326036453247070e+00
5.919106960296630859e+00
5.050823926925659180e+00
6.600131034851074219e+00
4.530416727066040039e+00
4.566303968429565430e+00
4.065107107162475586e+00
8.043369054794311523e+00
5.483551025390625000e+00
3.780737161636352539e+00
5.829623699188232422e+00
6.193800926208496094e+00
5.531903982162475586e+00
5.633193969726562500e+00
5.432420015335083008e+00
9.078833818435668945e+00
4.666781902313232422e+00
4.629755258560180664e+00
7.977417945861816406e+00
7.031578063964843750e+00
4.093064785003662109e+00
5.771076917648315430e+00
7.731105089187622070e+00
8.177502870559692383e+00
5.543339014053344727e+00
7.247830152511596680e+00
7.044775247573852539e+00
7.708355188369750977e+00
6.807627916336059570e+00
6.458955049514770508e+00
6.127374172210693359e+00
5.987232923507690430e+00
5.920578956604003906e+00
8.402350187301635742e+00
5.974792957305908203e+00
8.403725147247314453e+00
6.639960050582885742e+00
7.409041881561279297e+00
8.178201913833618164e+00
8.005236148834228516e+00
6.348046064376831055e+00
7.324479103088378906e+00
6.583041906356811523e+00
5.939352273941040039e+00
8.382037162780761719e+00
8.520232915878295898e+00
7.152258872985839844e+00
9.516707181930541992e+00
5.504506111145019531e+00
8.131890773773193359e+00
9.489754915237426758e+00
8.200070858001708984e+00
8.675484180450439453e+00
5.877927064895629883e+00
7.444552898406982422e+00
8.860125303268432617e+00
8.231518030166625977e+00
6.022233724594116211e+00
7.295200824737548828e+00
7.619958162307739258e+00
8.895555973052978516e+00
8.674710988998413086e+00
7.773334026336669922e+00
8.322044849395751953e+00
8.207040071487426758e+00
5.504827976226806641e+00
7.004636049270629883e+00
8.900561094284057617e+00
7.943631887435913086e+00
8.016581296920776367e+00
4.074426174163818359e+00
5.020077943801879883e+00
8.960551023483276367e+00
7.657282114028930664e+00
7.867105960845947266e+00
5.790217876434326172e+00
8.029472112655639648e+00
7.037374019622802734e+00
9.032930850982666016e+00
8.020378112792968750e+00
4.656517982482910156e+00
7.715105056762695312e+00
6.575132131576538086e+00
8.824730157852172852e+00
7.284041881561279297e+00
9.154445648193359375e+00
4.952150106430053711e+00
6.983315944671630859e+00
8.575935840606689453e+00
7.280591964721679688e+00
9.005192041397094727e+00
8.052500009536743164e+00
7.468063116073608398e+00
5.843070983886718750e+00
7.026674032211303711e+00
8.027938127517700195e+00
8.221843004226684570e+00
9.250026941299438477e+00
7.034523010253906250e+00
9.393859863281250000e+00
5.997948884963989258e+00
8.184375047683715820e+00
8.224209070205688477e+00
6.521369934082031250e+00
7.402787208557128906e+00
9.339814186096191406e+00
5.296798944473266602e+00
3.575567245483398438e+00
4.243185281753540039e+00
5.518139123916625977e+00
5.601703882217407227e+00
7.646970987319946289e+00
8.680772066116333008e+00
9.707602977752685547e+00
5.624446868896484375e+00
6.646471023559570312e+00
7.559965848922729492e+00
5.673307180404663086e+00
7.352783203125000000e+00
9.996331930160522461e+00
9.008116006851196289e+00
7.561331033706665039e+00
3.539258718490600586e+00
9.137505054473876953e+00
8.972075939178466797e+00
9.203924894332885742e+00
5.675642013549804688e+00
8.584022045135498047e+00
8.564473867416381836e+00
8.518141031265258789e+00
5.653582096099853516e+00
5.822257041931152344e+00
4.599053859710693359e+00
8.832000017166137695e+00
6.425669193267822266e+00
4.822714805603027344e+00
5.034319162368774414e+00
8.731906890869140625e+00
1.009190917015075684e+01
9.962834119796752930e+00
5.054410219192504883e+00
7.136870861053466797e+00
4.550390958786010742e+00
7.502659797668457031e+00
4.545090198516845703e+00
6.509423017501831055e+00
5.164180994033813477e+00
8.750555992126464844e+00
4.752041101455688477e+00
5.134454011917114258e+00
6.140179157257080078e+00
5.285942077636718750e+00
5.792486190795898438e+00
6.657580852508544922e+00
6.617905139923095703e+00
7.730035066604614258e+00
6.191799163818359375e+00
4.002902030944824219e+00
3.692377805709838867e+00
5.758135080337524414e+00
5.544479131698608398e+00
5.939989089965820312e+00
9.395131826400756836e+00
4.115101099014282227e+00
6.112016916275024414e+00
7.233376741409301758e+00
7.077730178833007812e+00
1.012067818641662598e+01
5.877785921096801758e+00
6.185261011123657227e+00
5.398394107818603516e+00
5.095898866653442383e+00
5.998123168945312500e+00
4.877588033676147461e+00
5.219314336776733398e+00
5.793847084045410156e+00
5.446178913116455078e+00
6.053451061248779297e+00
5.531122922897338867e+00
7.246275186538696289e+00
6.045606851577758789e+00
3.978515863418579102e+00
6.363454103469848633e+00
7.087238073348999023e+00
5.357294797897338867e+00
7.164344072341918945e+00
6.583549022674560547e+00
9.773571014404296875e+00
5.428592205047607422e+00
7.011238336563110352e+00
6.345560073852539062e+00
7.342726230621337891e+00
5.483697891235351562e+00
7.342273712158203125e+00
6.267463922500610352e+00
4.231730937957763672e+00
5.971158027648925781e+00
5.303374767303466797e+00
7.633261919021606445e+00
6.473359107971191406e+00
5.996261835098266602e+00
7.562366962432861328e+00
5.849603176116943359e+00
5.093626976013183594e+00
5.681184053421020508e+00
7.586911916732788086e+00
5.692550897598266602e+00
7.652587175369262695e+00
4.900593757629394531e+00
9.197414159774780273e+00
4.105596303939819336e+00
7.496960878372192383e+00
3.884185791015625000e+00
5.009636163711547852e+00
4.128072977066040039e+00
4.667876005172729492e+00
5.231918811798095703e+00
6.816239833831787109e+00
5.237665176391601562e+00
5.683452129364013672e+00
4.984051227569580078e+00
4.045778036117553711e+00
4.906375885009765625e+00
5.638388156890869141e+00
4.098253965377807617e+00
4.238389015197753906e+00
6.032775878906250000e+00
3.951397895812988281e+00
4.115754842758178711e+00
4.880570888519287109e+00
5.773901700973510742e+00
4.429494142532348633e+00
4.924427032470703125e+00
5.088897228240966797e+00
4.233914136886596680e+00
5.888282060623168945e+00
4.895705223083496094e+00
5.514688014984130859e+00
6.189478874206542969e+00
5.247497797012329102e+00
4.693258047103881836e+00
5.598151922225952148e+00
4.391789674758911133e+00
4.512275934219360352e+00
5.014065742492675781e+00
4.674185991287231445e+00
4.436584949493408203e+00
4.651592016220092773e+00
5.918388128280639648e+00
8.656519889831542969e+00
5.832829952239990234e+00
4.998673915863037109e+00
5.299974203109741211e+00
4.682705163955688477e+00
4.845156192779541016e+00
3.859563112258911133e+00
5.789170026779174805e+00
4.866117954254150391e+00
4.176285028457641602e+00
6.444936037063598633e+00
5.945081949234008789e+00
6.019729852676391602e+00
6.043135881423950195e+00
5.436898946762084961e+00
6.888049840927124023e+00
5.651052951812744141e+00
5.533048868179321289e+00
5.995273828506469727e+00
6.669657945632934570e+00
8.742876052856445312e+00
5.213897943496704102e+00
6.240221977233886719e+00
8.062517881393432617e+00
5.930118322372436523e+00
5.585698127746582031e+00
5.313550710678100586e+00
5.859080791473388672e+00
7.491975784301757812e+00
4.461139202117919922e+00
7.319658994674682617e+00
6.093843936920166016e+00
5.690490007400512695e+00
4.267155885696411133e+00
4.921562194824218750e+00
5.822279930114746094e+00
7.080981969833374023e+00
5.959945917129516602e+00
6.480076074600219727e+00
8.054470062255859375e+00
6.115511178970336914e+00
8.689962863922119141e+00
6.583842039108276367e+00
4.920427083969116211e+00
4.897545099258422852e+00
6.226539134979248047e+00
7.042413234710693359e+00
5.081315994262695312e+00
7.280165910720825195e+00
5.426372051239013672e+00
6.546195268630981445e+00
6.646356821060180664e+00
6.236712932586669922e+00
6.244308948516845703e+00
5.465012073516845703e+00
5.088227748870849609e+00
7.146142959594726562e+00
6.083721876144409180e+00
6.076822996139526367e+00
6.352612972259521484e+00
5.549876928329467773e+00
7.462830066680908203e+00
4.712702274322509766e+00
7.408684968948364258e+00
7.299325942993164062e+00
5.711565971374511719e+00
5.500820875167846680e+00
7.135782241821289062e+00
7.357524871826171875e+00
6.427495956420898438e+00
7.410107851028442383e+00
5.753036022186279297e+00
6.712945938110351562e+00
7.285717010498046875e+00
7.578072071075439453e+00
7.669387817382812500e+00
6.576513767242431641e+00
6.717705965042114258e+00
6.665808916091918945e+00
4.789631843566894531e+00
6.987930059432983398e+00
7.648954153060913086e+00
7.650862693786621094e+00
6.661974906921386719e+00
5.869561195373535156e+00
5.719427108764648438e+00
7.731842041015625000e+00
6.932866811752319336e+00
5.886704206466674805e+00
7.568564891815185547e+00
7.573732852935791016e+00
5.137595176696777344e+00
5.868672132492065430e+00
6.645327091217041016e+00
6.951198816299438477e+00
7.950924873352050781e+00
6.089930057525634766e+00
4.593026876449584961e+00
5.312910795211791992e+00
5.754423856735229492e+00
5.997509717941284180e+00
7.070834159851074219e+00
6.549236059188842773e+00
6.743808984756469727e+00
6.027433872222900391e+00
6.764920949935913086e+00
6.203320026397705078e+00
6.799455165863037109e+00
6.201309919357299805e+00
6.774407863616943359e+00
6.217757940292358398e+00
5.424971103668212891e+00
5.458947896957397461e+00
5.379870891571044922e+00
8.214895248413085938e+00
6.336727142333984375e+00
8.273257017135620117e+00
6.448269128799438477e+00
7.202295780181884766e+00
7.644903898239135742e+00
7.868585109710693359e+00
4.910527944564819336e+00
6.633329868316650391e+00
5.331115007400512695e+00
3.696860074996948242e+00
4.952810049057006836e+00
5.123644828796386719e+00
5.509487867355346680e+00
5.159380912780761719e+00
5.146725177764892578e+00
4.690235853195190430e+00
6.740358352661132812e+00
4.594578027725219727e+00
5.056553125381469727e+00
4.882268905639648438e+00
5.707065105438232422e+00
5.149199724197387695e+00
5.313245773315429688e+00
6.280627965927124023e+00
5.340819835662841797e+00
4.606761932373046875e+00
7.383273124694824219e+00
6.702181100845336914e+00
7.425529956817626953e+00
5.189589977264404297e+00
5.422265052795410156e+00
6.964359045028686523e+00
6.965573787689208984e+00
5.811997890472412109e+00
5.491755962371826172e+00
6.720685005187988281e+00
5.509539127349853516e+00
5.111432075500488281e+00
7.041782855987548828e+00
6.525613784790039062e+00
5.525891065597534180e+00
3.663573980331420898e+00
5.890153884887695312e+00
6.497662067413330078e+00
5.123727083206176758e+00
5.429553985595703125e+00
5.942230939865112305e+00
5.454706907272338867e+00
6.530455112457275391e+00
5.655014038085937500e+00
5.980325937271118164e+00
6.605308294296264648e+00
6.017260789871215820e+00
5.587091922760009766e+00
6.102505922317504883e+00
6.087699890136718750e+00
6.650041103363037109e+00
5.667912960052490234e+00
6.537972927093505859e+00
5.818857908248901367e+00
7.620911121368408203e+00
6.200127124786376953e+00
6.294963836669921875e+00
6.114193201065063477e+00
6.147787094116210938e+00
5.116039991378784180e+00
6.242817163467407227e+00
7.097614049911499023e+00
6.599716186523437500e+00
4.607905149459838867e+00
6.155598878860473633e+00
4.832713127136230469e+00
3.716854810714721680e+00
6.568509101867675781e+00
6.720592021942138672e+00
4.472311019897460938e+00
4.171061038970947266e+00
4.915627002716064453e+00
7.021662950515747070e+00
4.516420841217041016e+00
5.390121936798095703e+00
6.670334100723266602e+00
4.299391984939575195e+00
5.690894842147827148e+00
7.984469890594482422e+00
4.846055030822753906e+00
7.442358016967773438e+00
5.582664966583251953e+00
7.204533100128173828e+00
7.086425781250000000e+00
4.818673133850097656e+00
5.857861042022705078e+00
5.427724838256835938e+00
5.043974876403808594e+00
7.101857900619506836e+00
5.636168241500854492e+00
5.512151718139648438e+00
5.522076845169067383e+00
6.306860923767089844e+00
5.612694025039672852e+00
5.044212818145751953e+00
6.013591766357421875e+00
6.504305839538574219e+00
6.472560167312622070e+00
5.856646299362182617e+00
4.552794694900512695e+00
5.071374177932739258e+00
6.199913978576660156e+00
5.448537826538085938e+00
3.362894058227539062e+00
6.806529045104980469e+00
6.316419839859008789e+00
5.636041879653930664e+00
6.769310951232910156e+00
5.212436199188232422e+00
4.920660018920898438e+00
7.006541013717651367e+00
4.830382108688354492e+00
5.530741930007934570e+00
6.975172042846679688e+00
8.340993881225585938e+00
3.901231050491333008e+00
4.995955944061279297e+00
7.103103876113891602e+00
5.052749156951904297e+00
4.459950685501098633e+00
3.969527959823608398e+00
4.829231023788452148e+00
7.306788206100463867e+00
5.188761234283447266e+00
5.306121110916137695e+00
5.400842189788818359e+00
7.054662942886352539e+00
5.913262844085693359e+00
4.673784017562866211e+00
4.844136953353881836e+00
7.163395881652832031e+00
5.327343940734863281e+00
5.877496004104614258e+00
6.371093988418579102e+00
6.373786211013793945e+00
6.814884185791015625e+00
4.070186138153076172e+00
4.895171165466308594e+00
4.379520893096923828e+00
6.794249296188354492e+00
5.299826860427856445e+00
5.230415821075439453e+00
5.458716869354248047e+00
4.524885892868041992e+00
5.092405080795288086e+00
7.994790077209472656e+00
5.222076177597045898e+00
6.617408037185668945e+00
5.439021110534667969e+00
4.631067037582397461e+00
4.615607976913452148e+00
6.621766328811645508e+00
7.646197080612182617e+00
5.554656982421875000e+00
7.328455924987792969e+00
4.490928888320922852e+00
7.015396118164062500e+00
5.234457015991210938e+00
5.362748146057128906e+00
8.107216119766235352e+00
5.669776916503906250e+00
5.677494049072265625e+00
5.453791141510009766e+00
5.343761205673217773e+00
5.092371940612792969e+00
6.200425148010253906e+00
4.930092096328735352e+00
7.778297185897827148e+00
6.029741048812866211e+00
9.132997035980224609e+00
5.348540306091308594e+00
5.839858055114746094e+00
6.339100122451782227e+00
7.421178102493286133e+00
6.094118356704711914e+00
6.333290100097656250e+00
6.993141889572143555e+00
4.805990934371948242e+00
6.395577907562255859e+00
4.374217271804809570e+00
6.498965978622436523e+00
5.172558069229125977e+00
8.526084184646606445e+00
6.470681905746459961e+00
6.074162006378173828e+00
5.319062709808349609e+00
6.643469095230102539e+00
6.191164970397949219e+00
5.961097955703735352e+00
5.871321916580200195e+00
7.580124855041503906e+00
6.619355916976928711e+00
6.602731943130493164e+00
6.251958847045898438e+00
6.343575000762939453e+00
6.452955007553100586e+00
6.635065793991088867e+00
4.722057819366455078e+00
6.592431783676147461e+00
6.308261156082153320e+00
5.361359119415283203e+00
6.368671894073486328e+00
6.449983835220336914e+00
8.181216001510620117e+00
9.165312051773071289e+00
4.888267040252685547e+00
7.166441917419433594e+00
6.701545953750610352e+00
6.050940036773681641e+00
6.598114013671875000e+00
6.578610181808471680e+00
4.997286081314086914e+00
5.690269947052001953e+00
5.803832054138183594e+00
7.126255989074707031e+00
5.794152021408081055e+00
5.609524965286254883e+00
6.736006975173950195e+00
5.666824102401733398e+00
6.490247011184692383e+00
5.761113882064819336e+00
6.012821197509765625e+00
7.247450828552246094e+00
6.941916227340698242e+00
9.573724031448364258e+00
8.019149065017700195e+00
7.716499090194702148e+00
5.562399148941040039e+00
6.500140190124511719e+00
5.740478992462158203e+00
8.189732074737548828e+00
9.305928945541381836e+00
8.066298007965087891e+00
7.375251054763793945e+00
6.791486024856567383e+00
9.083755970001220703e+00
6.220589876174926758e+00
7.077485799789428711e+00
7.470983266830444336e+00
7.383853912353515625e+00
2.820087909698486328e+00
7.503386974334716797e+00
6.735153913497924805e+00
3.292593955993652344e+00
6.892668247222900391e+00
5.988380908966064453e+00
4.494554996490478516e+00
6.605228900909423828e+00
4.084792852401733398e+00
3.629011869430541992e+00
7.570118188858032227e+00
6.839821100234985352e+00
5.279486894607543945e+00
3.170045852661132812e+00
3.482514142990112305e+00
3.734282016754150391e+00
4.174695968627929688e+00
7.445127964019775391e+00
6.797051906585693359e+00
7.453649044036865234e+00
3.527069330215454102e+00
7.378675222396850586e+00
5.801142930984497070e+00
3.408589839935302734e+00
4.223600864410400391e+00
7.851737976074218750e+00
3.513830184936523438e+00
5.280472993850708008e+00
7.037917137145996094e+00
4.619745969772338867e+00
7.475677728652954102e+00
8.220996141433715820e+00
6.465318918228149414e+00
5.585457086563110352e+00
8.578790903091430664e+00
6.367333889007568359e+00
7.126121997833251953e+00
6.312417984008789062e+00
6.350044012069702148e+00
6.428786277770996094e+00
5.071966171264648438e+00
6.031662702560424805e+00
6.016419172286987305e+00
6.533325910568237305e+00
5.035964965820312500e+00
3.290726900100708008e+00
7.198085784912109375e+00
6.474914073944091797e+00
6.340802907943725586e+00
5.044029951095581055e+00
3.516052007675170898e+00
5.537066936492919922e+00
6.484070777893066406e+00
5.987204790115356445e+00
3.903609037399291992e+00
6.358144044876098633e+00
8.411619663238525391e+00
6.530217885971069336e+00
7.281750917434692383e+00
3.973775863647460938e+00
7.436051845550537109e+00
9.594349861145019531e+00
6.206220149993896484e+00
6.569591760635375977e+00
5.827054023742675781e+00
4.143058300018310547e+00
6.148092031478881836e+00
6.568953990936279297e+00
7.562765836715698242e+00
5.365390062332153320e+00
5.970220088958740234e+00
4.451041936874389648e+00
7.694454193115234375e+00
4.371409177780151367e+00
6.292505979537963867e+00
7.695630073547363281e+00
6.924098968505859375e+00
7.037159919738769531e+00
6.864150047302246094e+00
6.585773944854736328e+00
5.316157102584838867e+00
5.951422929763793945e+00
7.095676898956298828e+00
6.372546911239624023e+00
3.426754951477050781e+00
4.535851955413818359e+00
5.487216949462890625e+00
7.097218036651611328e+00
8.891315937042236328e+00
5.412650823593139648e+00
4.876157760620117188e+00
6.101891040802001953e+00
7.378304004669189453e+00
3.271385908126831055e+00
6.932196855545043945e+00
4.081512928009033203e+00
5.525547027587890625e+00
6.346801042556762695e+00
4.095174074172973633e+00
3.934467077255249023e+00
3.365221738815307617e+00
4.544066905975341797e+00
7.399684906005859375e+00
4.289442062377929688e+00
4.850404024124145508e+00
3.429585218429565430e+00
5.120584964752197266e+00
7.977146863937377930e+00
4.664923906326293945e+00
4.123764038085937500e+00
4.142202854156494141e+00
4.081211090087890625e+00
5.282936811447143555e+00
5.052969217300415039e+00
4.623974323272705078e+00
4.299600839614868164e+00
4.224364042282104492e+00
6.000584125518798828e+00
4.819544792175292969e+00
4.106487035751342773e+00
4.930392026901245117e+00
3.488165855407714844e+00
4.444522857666015625e+00
5.269804000854492188e+00
3.921222209930419922e+00
8.271550893783569336e+00
8.158956050872802734e+00
4.949514150619506836e+00
5.785236120223999023e+00
4.794965982437133789e+00
6.562459945678710938e+00
4.142916202545166016e+00
4.585854291915893555e+00
6.298062086105346680e+00
4.506707191467285156e+00
3.585813045501708984e+00
7.697062969207763672e+00
4.485008001327514648e+00
2.848604917526245117e+00
4.039812088012695312e+00
3.645160198211669922e+00
4.408302068710327148e+00
4.082359075546264648e+00
3.979277610778808594e+00
3.282509803771972656e+00
3.226665973663330078e+00
6.501351833343505859e+00
4.334666013717651367e+00
3.768195152282714844e+00
4.266431808471679688e+00
4.226160049438476562e+00
3.210391044616699219e+00
4.108453035354614258e+00
3.247364997863769531e+00
3.924860954284667969e+00
3.945159912109375000e+00
3.860561847686767578e+00
2.869247913360595703e+00
3.832746982574462891e+00
3.844267129898071289e+00
3.743216037750244141e+00
4.080087900161743164e+00
4.427365064620971680e+00
4.549991846084594727e+00
4.655991077423095703e+00
4.489293098449707031e+00
4.428714990615844727e+00
3.929912090301513672e+00
3.834319829940795898e+00
4.136775016784667969e+00
4.514802932739257812e+00
3.660344123840332031e+00
4.300461053848266602e+00
3.981383323669433594e+00
3.756419897079467773e+00
4.729130029678344727e+00
4.052915096282958984e+00
6.949681043624877930e+00
3.463881969451904297e+00
6.491030931472778320e+00
4.705977678298950195e+00
4.570685148239135742e+00
4.579510927200317383e+00
4.133440971374511719e+00
4.696130037307739258e+00
4.895302772521972656e+00
4.725866079330444336e+00
3.684673070907592773e+00
4.242624044418334961e+00
4.225542068481445312e+00
4.537455081939697266e+00
3.769947767257690430e+00
4.387295961380004883e+00
3.971365928649902344e+00
4.053646802902221680e+00
4.529732942581176758e+00
5.224306106567382812e+00
4.999055147171020508e+00
5.383544921875000000e+00
5.128725051879882812e+00
3.881060838699340820e+00
5.820339918136596680e+00
3.893467903137207031e+00
5.145178794860839844e+00
4.164318799972534180e+00
5.133092164993286133e+00
4.692245006561279297e+00
3.677396059036254883e+00
3.777082920074462891e+00
5.652867078781127930e+00
5.911918878555297852e+00
4.426175117492675781e+00
5.651484251022338867e+00
3.951746940612792969e+00
4.218212842941284180e+00
4.248790979385375977e+00
3.960112094879150391e+00
4.735672235488891602e+00
5.116123914718627930e+00
4.370496988296508789e+00
5.474527835845947266e+00
4.644811153411865234e+00
5.811183929443359375e+00
4.515235900878906250e+00
4.151391029357910156e+00
3.098126173019409180e+00
4.383871078491210938e+00
4.530164241790771484e+00
4.406873941421508789e+00
3.135378837585449219e+00
3.621658086776733398e+00
3.164658069610595703e+00
3.352721929550170898e+00
2.886921882629394531e+00
3.629660129547119141e+00
3.119248867034912109e+00
3.316805124282836914e+00
3.514914989471435547e+00
3.801821947097778320e+00
3.826231002807617188e+00
4.095247030258178711e+00
3.919782876968383789e+00
3.039305925369262695e+00
3.117563009262084961e+00
5.435258150100708008e+00
3.987349987030029297e+00
4.753876209259033203e+00
3.471580028533935547e+00
4.399486064910888672e+00
4.181041240692138672e+00
5.125148773193359375e+00
4.092726945877075195e+00
4.767488002777099609e+00
3.950754880905151367e+00
4.849737882614135742e+00
3.852674961090087891e+00
4.363025903701782227e+00
3.496090173721313477e+00
3.847498178482055664e+00
6.171812772750854492e+00
4.075647354125976562e+00
4.788038015365600586e+00
3.928311109542846680e+00
3.666134119033813477e+00
5.813610076904296875e+00
4.805624008178710938e+00
3.458834171295166016e+00
4.407221078872680664e+00
5.067234992980957031e+00
4.068192958831787109e+00
5.660928010940551758e+00
5.446023225784301758e+00
4.784585952758789062e+00
3.373537063598632812e+00
4.453375339508056641e+00
3.243003845214843750e+00
4.238453865051269531e+00
4.509510993957519531e+00
5.737716197967529297e+00
4.357956886291503906e+00
4.478545904159545898e+00
4.818981885910034180e+00
4.899570941925048828e+00
6.302078247070312500e+00
4.473203182220458984e+00
5.652432203292846680e+00
3.543655157089233398e+00
5.047216176986694336e+00
4.385293960571289062e+00
5.052613258361816406e+00
5.115577697753906250e+00
4.606459140777587891e+00
5.185932874679565430e+00
5.068952083587646484e+00
3.876944065093994141e+00
5.209540128707885742e+00
3.781651258468627930e+00
6.297997951507568359e+00
5.759902954101562500e+00
5.199207067489624023e+00
6.169342041015625000e+00
3.954926729202270508e+00
5.369760990142822266e+00
3.613204002380371094e+00
5.929216861724853516e+00
3.867245674133300781e+00
3.601273059844970703e+00
3.604840993881225586e+00
2.943338155746459961e+00
4.505172967910766602e+00
4.278589248657226562e+00
3.911177158355712891e+00
6.343185901641845703e+00
6.319110155105590820e+00
5.103022098541259766e+00
4.833408832550048828e+00
6.796976804733276367e+00
4.459589242935180664e+00
4.697830915451049805e+00
3.523328065872192383e+00
5.610713005065917969e+00
4.097676038742065430e+00
4.997174024581909180e+00
4.517686843872070312e+00
4.753324985504150391e+00
4.711122035980224609e+00
4.296478033065795898e+00
4.563313961029052734e+00
4.611598968505859375e+00
3.237046003341674805e+00
5.161594152450561523e+00
4.486547946929931641e+00
4.525642871856689453e+00
5.105695962905883789e+00
4.881990909576416016e+00
5.154553174972534180e+00
4.765877008438110352e+00
4.546884775161743164e+00
3.290587902069091797e+00
4.156288146972656250e+00
4.782148122787475586e+00
3.670182943344116211e+00
4.790235757827758789e+00
6.152791023254394531e+00
3.615312099456787109e+00
3.658653974533081055e+00
4.983433961868286133e+00
5.452333927154541016e+00
4.934803009033203125e+00
5.326076984405517578e+00
4.036042928695678711e+00
4.826024770736694336e+00
4.164221048355102539e+00
4.315873861312866211e+00
5.861409187316894531e+00
5.751136064529418945e+00
5.615244150161743164e+00
5.157127857208251953e+00
6.143527269363403320e+00
5.251753091812133789e+00
3.815248012542724609e+00
5.780211210250854492e+00
4.346402883529663086e+00
4.285248994827270508e+00
4.478353261947631836e+00
5.819106101989746094e+00
5.980449199676513672e+00
5.279716253280639648e+00
4.200904846191406250e+00
5.886265754699707031e+00
5.603758096694946289e+00
5.702827930450439453e+00
5.422277212142944336e+00
5.272279739379882812e+00
4.925428867340087891e+00
4.277671813964843750e+00
5.023031949996948242e+00
4.861261129379272461e+00
6.007642030715942383e+00
4.116339206695556641e+00
5.021338939666748047e+00
4.226604223251342773e+00
5.601217985153198242e+00
4.836043834686279297e+00
5.105825185775756836e+00
4.011981010437011719e+00
3.797946929931640625e+00
6.372856140136718750e+00
5.139811992645263672e+00
4.883567810058593750e+00
4.538414001464843750e+00
6.342983961105346680e+00
3.893481969833374023e+00
4.109266996383666992e+00
3.821795940399169922e+00
5.451109170913696289e+00
5.682330131530761719e+00
4.513742208480834961e+00
5.869080781936645508e+00
4.964756965637207031e+00
6.357722997665405273e+00
4.342660665512084961e+00
5.975569963455200195e+00
5.590714931488037109e+00
4.589016199111938477e+00
4.263201951980590820e+00
6.246374845504760742e+00
4.603691101074218750e+00
4.010230779647827148e+00
4.621052980422973633e+00
3.680540800094604492e+00
4.656903028488159180e+00
4.665187835693359375e+00
4.524299144744873047e+00
6.011483907699584961e+00
4.950437307357788086e+00
6.712150096893310547e+00
5.884859085083007812e+00
3.956521034240722656e+00
4.833886861801147461e+00
4.699102878570556641e+00
5.761626005172729492e+00
4.769749164581298828e+00
4.510189771652221680e+00
6.041315793991088867e+00
5.415261030197143555e+00
4.884539127349853516e+00
4.808483839035034180e+00
4.636563062667846680e+00
6.045893192291259766e+00
5.762526988983154297e+00
5.946802854537963867e+00
7.226536035537719727e+00
4.769355058670043945e+00
5.290906190872192383e+00
6.051816940307617188e+00
4.472023963928222656e+00
3.547229051589965820e+00
6.380223989486694336e+00
5.003233909606933594e+00
7.168482065200805664e+00
5.460119962692260742e+00
6.949476003646850586e+00
5.535907745361328125e+00
6.814776182174682617e+00
5.903115987777709961e+00
4.563891887664794922e+00
7.027563095092773438e+00
4.318998098373413086e+00
6.181215047836303711e+00
7.435199975967407227e+00
6.679076910018920898e+00
4.968251943588256836e+00
4.871682882308959961e+00
5.302160024642944336e+00
5.173629999160766602e+00
5.762027740478515625e+00
4.631903886795043945e+00
4.566119194030761719e+00
3.670351743698120117e+00
4.881983995437622070e+00
3.477912187576293945e+00
3.581515073776245117e+00
5.084938049316406250e+00
2.801903724670410156e+00
4.179654836654663086e+00
7.064008951187133789e+00
2.803755998611450195e+00
4.183665752410888672e+00
4.668205022811889648e+00
4.395400047302246094e+00
6.215428829193115234e+00
5.111558914184570312e+00
5.816965818405151367e+00
5.141334772109985352e+00
3.256001949310302734e+00
5.205137014389038086e+00
5.417558193206787109e+00
3.842044830322265625e+00
4.661893129348754883e+00
3.588909626007080078e+00
5.337346076965332031e+00
6.252999782562255859e+00
5.615520715713500977e+00
4.067836284637451172e+00
3.405354022979736328e+00
6.391593933105468750e+00
3.354014158248901367e+00
4.143367052078247070e+00
7.982938051223754883e+00
7.819407939910888672e+00
3.365159749984741211e+00
4.961719036102294922e+00
5.902318000793457031e+00
4.715823173522949219e+00
4.299983739852905273e+00
3.763168096542358398e+00
4.495460033416748047e+00
4.280344724655151367e+00
4.980880975723266602e+00
4.495102882385253906e+00
5.296167135238647461e+00
5.798140287399291992e+00
4.421844959259033203e+00
4.685705184936523438e+00
2.908109903335571289e+00
5.753533840179443359e+00
3.995253086090087891e+00
4.691246986389160156e+00
3.952539920806884766e+00
3.916749954223632812e+00
5.393765926361083984e+00
4.098007202148437500e+00
5.211956977844238281e+00
5.944378852844238281e+00
5.662163972854614258e+00
5.936740875244140625e+00
4.200914144515991211e+00
5.696599006652832031e+00
5.817338943481445312e+00
4.897753953933715820e+00
5.195127964019775391e+00
6.976725101470947266e+00
5.242091894149780273e+00
4.923738956451416016e+00
5.657782077789306641e+00
3.362365961074829102e+00
6.252111673355102539e+00
6.331426620483398438e+00
5.159109115600585938e+00
5.704545974731445312e+00
5.794456005096435547e+00
6.074414730072021484e+00
5.197042226791381836e+00
6.742270946502685547e+00
3.655213117599487305e+00
5.368733882904052734e+00
5.533712863922119141e+00
5.674654006958007812e+00
5.312853813171386719e+00
6.854886770248413086e+00
5.693156003952026367e+00
4.228332996368408203e+00
6.610985279083251953e+00
6.497902870178222656e+00
6.759595155715942383e+00
6.088567972183227539e+00
7.180271148681640625e+00
5.470435857772827148e+00
6.172468900680541992e+00
3.264791965484619141e+00
4.444716930389404297e+00
6.814754724502563477e+00
4.719592094421386719e+00
4.008805036544799805e+00
3.353177785873413086e+00
5.568100929260253906e+00
4.610656023025512695e+00
5.292870998382568359e+00
5.340731859207153320e+00
6.705305099487304688e+00
5.715695858001708984e+00
3.573222875595092773e+00
3.572350978851318359e+00
8.006336927413940430e+00
4.876861095428466797e+00
4.695767879486083984e+00
5.317843914031982422e+00
3.367534160614013672e+00
3.844126939773559570e+00
5.202410221099853516e+00
6.052809953689575195e+00
5.441612005233764648e+00
4.028491973876953125e+00
3.608196973800659180e+00
7.397009372711181641e+00
5.713293075561523438e+00
5.700680971145629883e+00
9.391771316528320312e+00
5.887586116790771484e+00
5.396751880645751953e+00
5.809600114822387695e+00
6.873732089996337891e+00
3.985519647598266602e+00
4.776256799697875977e+00
4.546693086624145508e+00
4.109296798706054688e+00
4.282664060592651367e+00
6.040770053863525391e+00
4.416780233383178711e+00
4.808572769165039062e+00
4.414726972579956055e+00
5.443255186080932617e+00
5.501528024673461914e+00
5.018316030502319336e+00
6.693366050720214844e+00
3.620463848114013672e+00
6.754610776901245117e+00
4.751806020736694336e+00
6.435649156570434570e+00
6.170452117919921875e+00
4.940401077270507812e+00
4.503978967666625977e+00
5.196779012680053711e+00
4.677449941635131836e+00
4.587985754013061523e+00
4.927871942520141602e+00
4.067345142364501953e+00
3.296137332916259766e+00
4.471073150634765625e+00
4.746089935302734375e+00
3.564491987228393555e+00
4.832849740982055664e+00
4.430335998535156250e+00
5.217163085937500000e+00
5.265537023544311523e+00
6.882863283157348633e+00
3.517066955566406250e+00
5.161768198013305664e+00
4.339087963104248047e+00
5.227164745330810547e+00
5.399428844451904297e+00
4.881826877593994141e+00
4.952780008316040039e+00
3.435377120971679688e+00
6.529160976409912109e+00
6.523725032806396484e+00
5.084365129470825195e+00
4.031961202621459961e+00
4.606053113937377930e+00
7.176175117492675781e+00
5.611636161804199219e+00
5.216538190841674805e+00
3.788325071334838867e+00
4.027469873428344727e+00
4.648951053619384766e+00
5.047091007232666016e+00
5.316176176071166992e+00
5.917652130126953125e+00
7.470485925674438477e+00
5.458695888519287109e+00
5.279226064682006836e+00
7.599668979644775391e+00
4.965659856796264648e+00
4.303781032562255859e+00
5.397287130355834961e+00
4.157856941223144531e+00
7.412410736083984375e+00
6.305604219436645508e+00
3.867847919464111328e+00
7.511472940444946289e+00
7.459537982940673828e+00
3.159051895141601562e+00
6.771052122116088867e+00
5.773032188415527344e+00
2.885904073715209961e+00
4.690243005752563477e+00
5.549175977706909180e+00
7.615304946899414062e+00
6.923248767852783203e+00
5.028468847274780273e+00
7.535550832748413086e+00
5.903995990753173828e+00
6.142369985580444336e+00
5.005758762359619141e+00
5.942292928695678711e+00
4.858586788177490234e+00
3.103288173675537109e+00
4.704005718231201172e+00
6.435003995895385742e+00
6.419816970825195312e+00
4.455868005752563477e+00
4.682288169860839844e+00
5.682507038116455078e+00
6.088328123092651367e+00
6.257611036300659180e+00
5.380382299423217773e+00
4.762704133987426758e+00
5.129288911819458008e+00
5.293460369110107422e+00
5.756597042083740234e+00
6.508865833282470703e+00
3.673606872558593750e+00
6.141927957534790039e+00
6.255728006362915039e+00
4.716152191162109375e+00
6.583383798599243164e+00
5.640354156494140625e+00
5.427631139755249023e+00
4.916146755218505859e+00
8.339434146881103516e+00
6.703911066055297852e+00
8.063673019409179688e+00
8.055131912231445312e+00
8.229075908660888672e+00
5.063190221786499023e+00
4.583751916885375977e+00
8.279114961624145508e+00
4.509707927703857422e+00
6.415961980819702148e+00
8.108884096145629883e+00
3.857104778289794922e+00
7.254119873046875000e+00
6.779822111129760742e+00
6.275690078735351562e+00
5.407415628433227539e+00
5.802242994308471680e+00
5.200541734695434570e+00
5.485799074172973633e+00
8.214047193527221680e+00
5.152419090270996094e+00
5.812565088272094727e+00
5.511909246444702148e+00
4.457861661911010742e+00
3.589967966079711914e+00
6.331975221633911133e+00
5.795002222061157227e+00
5.797159194946289062e+00
5.370850801467895508e+00
5.817867994308471680e+00
5.110147237777709961e+00
6.208675861358642578e+00
3.816899061203002930e+00
3.743860006332397461e+00
5.160737991333007812e+00
6.920452117919921875e+00
6.686794042587280273e+00
5.647260189056396484e+00
5.003419876098632812e+00
4.186877012252807617e+00
3.995315790176391602e+00
3.677241086959838867e+00
3.788743972778320312e+00
3.380889177322387695e+00
4.559812784194946289e+00
4.060090065002441406e+00
4.714547157287597656e+00
9.181103706359863281e+00
5.549069881439208984e+00
6.113538026809692383e+00
5.957600116729736328e+00
7.920678853988647461e+00
4.222149133682250977e+00
5.984527111053466797e+00
3.323475837707519531e+00
3.515600681304931641e+00
4.144940853118896484e+00
4.369359970092773438e+00
6.426631212234497070e+00
4.283298015594482422e+00
4.939997911453247070e+00
4.747798919677734375e+00
6.990395784378051758e+00
3.998695850372314453e+00
4.277432203292846680e+00
4.589370965957641602e+00
3.878214836120605469e+00
4.454943180084228516e+00
3.948512792587280273e+00
3.456186771392822266e+00
6.436008214950561523e+00
3.294281005859375000e+00
3.926249980926513672e+00
6.568917036056518555e+00
5.246280908584594727e+00
4.226036071777343750e+00
5.295160055160522461e+00
6.109301090240478516e+00
5.783835887908935547e+00
5.891962766647338867e+00
3.878781795501708984e+00
4.061132192611694336e+00
6.628066062927246094e+00
5.014908075332641602e+00
3.690334796905517578e+00
5.487589120864868164e+00
3.320306301116943359e+00
4.506540775299072266e+00
3.509298086166381836e+00
3.695548295974731445e+00
3.812687158584594727e+00
3.614036321640014648e+00
4.094892978668212891e+00
4.178302049636840820e+00
4.067145824432373047e+00
5.700158834457397461e+00
3.865761041641235352e+00
6.383094072341918945e+00
3.767854928970336914e+00
6.701010942459106445e+00
5.426805973052978516e+00
5.148416996002197266e+00
4.528821945190429688e+00
6.143556118011474609e+00
5.488249778747558594e+00
3.983491182327270508e+00
5.306089162826538086e+00
5.180422782897949219e+00
6.529285192489624023e+00
6.092732906341552734e+00
6.123496055603027344e+00
4.981300830841064453e+00
4.085648059844970703e+00
3.932310104370117188e+00
6.396231889724731445e+00
3.900507926940917969e+00
3.406869888305664062e+00
3.858252048492431641e+00
4.537484169006347656e+00
4.548169851303100586e+00
4.688373088836669922e+00
6.414685010910034180e+00
4.837454795837402344e+00
4.840692996978759766e+00
4.398717880249023438e+00
3.586761951446533203e+00
5.906316995620727539e+00
5.201338052749633789e+00
4.834917068481445312e+00
3.277447223663330078e+00
4.569462060928344727e+00
4.979827165603637695e+00
3.636209964752197266e+00
5.189181089401245117e+00
4.818219184875488281e+00
4.654665946960449219e+00
3.859256029129028320e+00
6.364146947860717773e+00
5.515777111053466797e+00
3.603100776672363281e+00
4.969820022583007812e+00
4.006540060043334961e+00
3.824556827545166016e+00
3.716389179229736328e+00
5.455499172210693359e+00
5.608819961547851562e+00
5.397710800170898438e+00
4.061869144439697266e+00
3.769853115081787109e+00
3.746369123458862305e+00
3.883983850479125977e+00
8.223576068878173828e+00
3.977713823318481445e+00
4.587903022766113281e+00
4.459549188613891602e+00
3.513210773468017578e+00
3.956360816955566406e+00
4.966734170913696289e+00
4.028014898300170898e+00
5.852885961532592773e+00
3.313910961151123047e+00
3.400654792785644531e+00
4.391691923141479492e+00
3.623050451278686523e+00
4.433898925781250000e+00
4.593149900436401367e+00
5.234885215759277344e+00
4.800135850906372070e+00
7.257558822631835938e+00
3.971824169158935547e+00
3.870712041854858398e+00
5.697178125381469727e+00
3.532140970230102539e+00
5.719167947769165039e+00
3.638712167739868164e+00
5.039208889007568359e+00
5.134366989135742188e+00
4.607372999191284180e+00
4.604816675186157227e+00
4.207609891891479492e+00
4.095397949218750000e+00
5.816648960113525391e+00
5.330167055130004883e+00
3.724669218063354492e+00
4.199079036712646484e+00
4.927133798599243164e+00
4.598218917846679688e+00
5.500567913055419922e+00
5.256805181503295898e+00
4.577130079269409180e+00
4.226010084152221680e+00
4.786545276641845703e+00
4.453161954879760742e+00
6.618052244186401367e+00
3.672099113464355469e+00
5.636889219284057617e+00
4.109485626220703125e+00
4.286755084991455078e+00
3.926317214965820312e+00
3.700764894485473633e+00
4.767335176467895508e+00
3.955188989639282227e+00
4.548491716384887695e+00
4.996831178665161133e+00
5.209856986999511719e+00
4.575544118881225586e+00
4.996601819992065430e+00
5.136758089065551758e+00
4.102149963378906250e+00
5.467687845230102539e+00
5.722100019454956055e+00
5.314191102981567383e+00
3.957522153854370117e+00
4.513334751129150391e+00
4.102279186248779297e+00
5.368681907653808594e+00
4.575639963150024414e+00
4.433309078216552734e+00
4.022459268569946289e+00
6.220664978027343750e+00
4.794513940811157227e+00
4.617574214935302734e+00
5.151745080947875977e+00
4.301272869110107422e+00
3.964879274368286133e+00
5.122568845748901367e+00
3.609110832214355469e+00
4.396863937377929688e+00
4.149442672729492188e+00
5.718680143356323242e+00
4.485098838806152344e+00
4.602123975753784180e+00
3.646517992019653320e+00
4.440685033798217773e+00
4.498054027557373047e+00
3.528920173645019531e+00
4.205423831939697266e+00
4.109468936920166016e+00
4.168139934539794922e+00
5.269665956497192383e+00
3.262428283691406250e+00
4.265100002288818359e+00
4.356048107147216797e+00
4.351500749588012695e+00
4.410804033279418945e+00
4.612942695617675781e+00
4.019177913665771484e+00
4.376799821853637695e+00
3.733785152435302734e+00
4.627465963363647461e+00
4.387924194335937500e+00
4.939342021942138672e+00
4.691723108291625977e+00
4.964713096618652344e+00
4.964344978332519531e+00
4.540024995803833008e+00
4.281514883041381836e+00
4.760681867599487305e+00
4.497310161590576172e+00
4.573282718658447266e+00
4.506026983261108398e+00
5.064056158065795898e+00
4.027957916259765625e+00
3.839208841323852539e+00
3.967811107635498047e+00
4.948030948638916016e+00
4.761698007583618164e+00
4.194612979888916016e+00
5.363353013992309570e+00
7.683629751205444336e+00
4.953030824661254883e+00
5.793941974639892578e+00
4.735500812530517578e+00
5.822730302810668945e+00
5.155822277069091797e+00
4.981131553649902344e+00
6.168962001800537109e+00
5.156622171401977539e+00
4.507361173629760742e+00
4.769464015960693359e+00
5.466908931732177734e+00
3.795567989349365234e+00
4.937608003616333008e+00
5.008334875106811523e+00
4.632533073425292969e+00
4.572372913360595703e+00
5.700258970260620117e+00
4.919837951660156250e+00
6.080517768859863281e+00
5.171250820159912109e+00
4.775686979293823242e+00
3.341975927352905273e+00
5.637680053710937500e+00
6.144167184829711914e+00
5.798756837844848633e+00
5.268591880798339844e+00
4.394908905029296875e+00
5.224433183670043945e+00
4.808674812316894531e+00
5.096083879470825195e+00
5.814075231552124023e+00
5.977331876754760742e+00
5.560516834259033203e+00
5.528084993362426758e+00
5.490698099136352539e+00
5.232035875320434570e+00
5.231483936309814453e+00
5.480483293533325195e+00
4.494596719741821289e+00
5.370040178298950195e+00
4.861368894577026367e+00
4.744084358215332031e+00
5.233662128448486328e+00
6.141752004623413086e+00
4.449961900711059570e+00
5.015277147293090820e+00
3.562245130538940430e+00
5.286325931549072266e+00
5.136020183563232422e+00
3.626214981079101562e+00
5.654042005538940430e+00
4.454779148101806641e+00
4.879446983337402344e+00
6.259212017059326172e+00
6.096332073211669922e+00
3.911515951156616211e+00
4.569050073623657227e+00
5.935887813568115234e+00
2.813480854034423828e+00
5.811872959136962891e+00
4.698447942733764648e+00
6.188355684280395508e+00
4.191371202468872070e+00
3.877832889556884766e+00
4.715188980102539062e+00
6.008229255676269531e+00
4.127749919891357422e+00
4.406735897064208984e+00
4.134286880493164062e+00
6.427384138107299805e+00
5.992170810699462891e+00
6.517371177673339844e+00
5.987365007400512695e+00
5.932043075561523438e+00
4.560343980789184570e+00
4.728611946105957031e+00
3.391865015029907227e+00
6.021162033081054688e+00
4.093939065933227539e+00
5.657586812973022461e+00
4.587754011154174805e+00
5.874529838562011719e+00
5.219187974929809570e+00
6.162197113037109375e+00
5.239126920700073242e+00
4.532053947448730469e+00
6.388571977615356445e+00
4.916343927383422852e+00
6.710398912429809570e+00
6.562332868576049805e+00
5.895437002182006836e+00
5.435851097106933594e+00
3.704349994659423828e+00
6.234674215316772461e+00
5.482702016830444336e+00
5.738041877746582031e+00
5.723560094833374023e+00
4.511084794998168945e+00
5.754335880279541016e+00
4.167173862457275391e+00
5.000597953796386719e+00
4.792152166366577148e+00
3.391948223114013672e+00
6.823107719421386719e+00
3.402722120285034180e+00
7.113775968551635742e+00
6.344912767410278320e+00
6.507595062255859375e+00
4.853310108184814453e+00
5.273495912551879883e+00
6.354074716567993164e+00
4.866529941558837891e+00
4.119127035140991211e+00
6.226499080657958984e+00
5.970066308975219727e+00
5.863496065139770508e+00
2.941386222839355469e+00
5.980146169662475586e+00
4.455311775207519531e+00
3.106477022171020508e+00
6.537938833236694336e+00
4.687371969223022461e+00
4.811038017272949219e+00
6.035481214523315430e+00
4.697932958602905273e+00
3.262371063232421875e+00
5.369807243347167969e+00
5.449856042861938477e+00
6.600001096725463867e+00
5.417119741439819336e+00
5.962039947509765625e+00
4.464741230010986328e+00
6.634526014328002930e+00
4.232287168502807617e+00
6.458341836929321289e+00
4.085251092910766602e+00
5.155517816543579102e+00
6.843725204467773438e+00
4.575242996215820312e+00
4.206351041793823242e+00
3.976766109466552734e+00
5.023317098617553711e+00
3.042158842086791992e+00
6.046843051910400391e+00
4.135899305343627930e+00
5.252053976058959961e+00
4.284435033798217773e+00
6.095992088317871094e+00
5.598692178726196289e+00
5.643349885940551758e+00
4.511933803558349609e+00
4.130765914916992188e+00
4.538894891738891602e+00
4.461260080337524414e+00
4.813994884490966797e+00
4.372916221618652344e+00
3.906897306442260742e+00
7.269821166992187500e+00
3.924675703048706055e+00
3.780499935150146484e+00
4.312492847442626953e+00
4.874511241912841797e+00
6.711175203323364258e+00
3.880180835723876953e+00
4.884562969207763672e+00
3.997631072998046875e+00
4.628576040267944336e+00
3.921510934829711914e+00
3.802860736846923828e+00
4.986230611801147461e+00
4.673665046691894531e+00
5.687290191650390625e+00
5.470039129257202148e+00
5.836216688156127930e+00
4.910397052764892578e+00
5.552773952484130859e+00
4.981631040573120117e+00
3.567239761352539062e+00
5.061201810836791992e+00
5.108279943466186523e+00
4.837805986404418945e+00
3.281042814254760742e+00
4.671481847763061523e+00
4.834275960922241211e+00
6.055571079254150391e+00
3.028720140457153320e+00
5.407549858093261719e+00
5.195858955383300781e+00
5.326914787292480469e+00
4.940086126327514648e+00
4.994450807571411133e+00
5.320034027099609375e+00
5.339850902557373047e+00
5.937225818634033203e+00
5.574718952178955078e+00
5.325847148895263672e+00
5.207592964172363281e+00
5.247863054275512695e+00
5.052807092666625977e+00
4.892752885818481445e+00
5.504415988922119141e+00
5.519855260848999023e+00
5.421668052673339844e+00
8.023070096969604492e+00
5.245313167572021484e+00
5.010030984878540039e+00
7.990478992462158203e+00
5.558218955993652344e+00
5.264715909957885742e+00
5.327045917510986328e+00
7.794428110122680664e+00
6.821179151535034180e+00
5.156378269195556641e+00
5.516392946243286133e+00
4.737515926361083984e+00
4.784647941589355469e+00
4.977146148681640625e+00
4.230039119720458984e+00
4.713115930557250977e+00
6.924894094467163086e+00
5.109808206558227539e+00
5.975183963775634766e+00
4.605716228485107422e+00
4.052966833114624023e+00
8.146949768066406250e+00
5.832672119140625000e+00
4.034627676010131836e+00
3.417926073074340820e+00
4.846017837524414062e+00
4.212663888931274414e+00
5.723602294921875000e+00
4.599947929382324219e+00
5.511863946914672852e+00
5.450742006301879883e+00
4.437091827392578125e+00
4.512910127639770508e+00
8.328967094421386719e+00
4.066262006759643555e+00
4.573941946029663086e+00
5.093461036682128906e+00
6.229101181030273438e+00
4.624841928482055664e+00
4.731038331985473633e+00
3.995007991790771484e+00
4.771167039871215820e+00
4.850462913513183594e+00
4.729445695877075195e+00
3.560607910156250000e+00
4.287546873092651367e+00
4.076090812683105469e+00
4.167972803115844727e+00
4.318408966064453125e+00
5.192334175109863281e+00
4.500812053680419922e+00
4.743410110473632812e+00
4.910471916198730469e+00
3.815574169158935547e+00
5.024489879608154297e+00
4.941976070404052734e+00
4.196498155593872070e+00
4.278049230575561523e+00
5.114428281784057617e+00
4.968603134155273438e+00
7.781376600265502930e+00
3.840044021606445312e+00
4.485611200332641602e+00
4.798687934875488281e+00
4.804463863372802734e+00
4.274538993835449219e+00
4.406085014343261719e+00
4.875821113586425781e+00
4.239044189453125000e+00
4.617962121963500977e+00
4.498055219650268555e+00
4.275167942047119141e+00
5.118972063064575195e+00
5.380313873291015625e+00
5.374972343444824219e+00
5.374948740005493164e+00
4.586495161056518555e+00
5.072013139724731445e+00
5.086264848709106445e+00
6.134731054306030273e+00
5.348347902297973633e+00
4.865178823471069336e+00
4.520905971527099609e+00
5.591379165649414062e+00
3.770898103713989258e+00
4.785269021987915039e+00
4.766288995742797852e+00
5.003803968429565430e+00
3.422936916351318359e+00
4.893679141998291016e+00
5.302584171295166016e+00
4.695467948913574219e+00
3.919977903366088867e+00
4.121782064437866211e+00
3.691832065582275391e+00
3.331447839736938477e+00
4.930940866470336914e+00
5.997201919555664062e+00
5.994058847427368164e+00
4.599363088607788086e+00
3.890233993530273438e+00
4.526806116104125977e+00
4.593763113021850586e+00
5.040876865386962891e+00
4.613468885421752930e+00
4.721617937088012695e+00
3.625692367553710938e+00
4.090559005737304688e+00
4.625008821487426758e+00
3.817867040634155273e+00
4.062787055969238281e+00
4.620261192321777344e+00
5.464655876159667969e+00
3.930729866027832031e+00
4.770171880722045898e+00
6.627562999725341797e+00
3.885550737380981445e+00
4.525797843933105469e+00
5.323055982589721680e+00
4.660802125930786133e+00
4.340176105499267578e+00
4.816421747207641602e+00
4.979494094848632812e+00
4.704756975173950195e+00
6.470855951309204102e+00
4.418877124786376953e+00
5.424557924270629883e+00
4.608980894088745117e+00
5.111163854598999023e+00
6.500581741333007812e+00
5.839627027511596680e+00
4.115814924240112305e+00
3.785291910171508789e+00
6.059187889099121094e+00
4.956811189651489258e+00
4.186972141265869141e+00
4.110982179641723633e+00
6.674863100051879883e+00
6.070573806762695312e+00
4.171660900115966797e+00
5.467040061950683594e+00
3.834131956100463867e+00
4.931161165237426758e+00
5.161381006240844727e+00
6.569647312164306641e+00
4.282191991806030273e+00
4.388132095336914062e+00
4.323307991027832031e+00
4.424559116363525391e+00
4.169101238250732422e+00
4.398661851882934570e+00
3.954879999160766602e+00
4.446614980697631836e+00
6.160169839859008789e+00
4.452235221862792969e+00
4.025576353073120117e+00
6.732554912567138672e+00
5.369576930999755859e+00
3.826604843139648438e+00
3.895965099334716797e+00
4.631992101669311523e+00
3.221418142318725586e+00
6.341664075851440430e+00
5.749909877777099609e+00
5.645251989364624023e+00
5.624529838562011719e+00
4.405822992324829102e+00
5.615576028823852539e+00
4.765675544738769531e+00
5.682250022888183594e+00
5.621844768524169922e+00
5.237707853317260742e+00
6.476674079895019531e+00
4.394585132598876953e+00
5.554234027862548828e+00
4.745634078979492188e+00
3.847414731979370117e+00
4.085350036621093750e+00
6.225302934646606445e+00
3.591158866882324219e+00
3.590666055679321289e+00
4.374459981918334961e+00
5.384832859039306641e+00
4.473783969879150391e+00
5.295075178146362305e+00
4.951289176940917969e+00
5.225037097930908203e+00
4.262485027313232422e+00
3.934973001480102539e+00
4.856297016143798828e+00
4.765749931335449219e+00
5.111794948577880859e+00
4.878239870071411133e+00
3.816530942916870117e+00
3.837440013885498047e+00
4.784629821777343750e+00
4.471879959106445312e+00
5.560611963272094727e+00
7.369277000427246094e+00
5.321703195571899414e+00
4.932898044586181641e+00
4.475857734680175781e+00
5.116026163101196289e+00
5.278462886810302734e+00
3.465789079666137695e+00
5.296702146530151367e+00
5.189052104949951172e+00
6.855590105056762695e+00
4.664985895156860352e+00
6.170993804931640625e+00
4.757739067077636719e+00
5.210278749465942383e+00
4.776231288909912109e+00
4.071248769760131836e+00
4.170426845550537109e+00
4.355012178421020508e+00
4.578601121902465820e+00
5.744367837905883789e+00
4.177695989608764648e+00
4.784740924835205078e+00
3.466491937637329102e+00
5.694001913070678711e+00
4.243314981460571289e+00
5.492191314697265625e+00
5.843426942825317383e+00
4.879955053329467773e+00
5.438537836074829102e+00
5.487571001052856445e+00
4.355385780334472656e+00
4.043060064315795898e+00
4.398791074752807617e+00
4.593600034713745117e+00
4.239994764328002930e+00
3.881546020507812500e+00
6.451629161834716797e+00
5.235807895660400391e+00
5.804879903793334961e+00
5.249731063842773438e+00
3.608984231948852539e+00
5.346673965454101562e+00
5.237797021865844727e+00
4.738348960876464844e+00
5.518760204315185547e+00
3.987343788146972656e+00
3.890601873397827148e+00
6.275554180145263672e+00
4.654148101806640625e+00
6.329830884933471680e+00
4.851544857025146484e+00
4.650882959365844727e+00
3.831332921981811523e+00
5.501894235610961914e+00
4.751800060272216797e+00
4.481583833694458008e+00
6.146341323852539062e+00
4.818372011184692383e+00
6.315499067306518555e+00
5.952176809310913086e+00
4.618096113204956055e+00
5.340853929519653320e+00
6.098160982131958008e+00
5.622938871383666992e+00
5.492942094802856445e+00
5.054125070571899414e+00
5.050143957138061523e+00
5.698817014694213867e+00
4.621035099029541016e+00
5.233314990997314453e+00
3.781133890151977539e+00
4.282401800155639648e+00
5.281272172927856445e+00
5.659905910491943359e+00
6.004415988922119141e+00
4.170250177383422852e+00
4.666791915893554688e+00
4.313652992248535156e+00
4.966437816619873047e+00
3.728055953979492188e+00
4.433022975921630859e+00
4.527815103530883789e+00
5.224885940551757812e+00
5.605262279510498047e+00
5.473814725875854492e+00
5.343224048614501953e+00
5.250226974487304688e+00
5.881267070770263672e+00
5.469439983367919922e+00
5.203473329544067383e+00
5.426851034164428711e+00
4.880397081375122070e+00
5.396861791610717773e+00
5.391041040420532227e+00
4.033440828323364258e+00
5.130297899246215820e+00
4.785494804382324219e+00
4.678493022918701172e+00
4.933852910995483398e+00
4.495142936706542969e+00
4.802707910537719727e+00
6.497632026672363281e+00
5.129860877990722656e+00
3.514466047286987305e+00
5.497267961502075195e+00
3.741793870925903320e+00
4.489340305328369141e+00
5.091113090515136719e+00
6.813203811645507812e+00
6.699321031570434570e+00
3.901736974716186523e+00
4.071372747421264648e+00
3.961156845092773438e+00
7.738947868347167969e+00
5.215523004531860352e+00
7.140720844268798828e+00
4.056823015213012695e+00
4.085227012634277344e+00
5.721154928207397461e+00
6.629631042480468750e+00
5.848569154739379883e+00
4.546663999557495117e+00
4.341218948364257812e+00
6.537374973297119141e+00
6.155297040939331055e+00
3.931048870086669922e+00
6.171787977218627930e+00
4.073576927185058594e+00
5.868969917297363281e+00
6.027215719223022461e+00
6.761749029159545898e+00
4.105715036392211914e+00
4.195435047149658203e+00
3.896756887435913086e+00
4.427375078201293945e+00
5.890362739562988281e+00
4.097475767135620117e+00
3.169882059097290039e+00
5.930997133255004883e+00
4.519010066986083984e+00
3.539618015289306641e+00
5.744623899459838867e+00
7.641746759414672852e+00
3.683824777603149414e+00
3.620184183120727539e+00
4.359625816345214844e+00
4.374075174331665039e+00
4.729676723480224609e+00
6.556080102920532227e+00
3.553872823715209961e+00
4.344204902648925781e+00
6.649435043334960938e+00
6.696293115615844727e+00
5.046063184738159180e+00
5.580425977706909180e+00
3.539832830429077148e+00
4.597276210784912109e+00
4.417223215103149414e+00
4.489814043045043945e+00
4.299864768981933594e+00
4.497188806533813477e+00
6.188737630844116211e+00
3.896160125732421875e+00
5.809237957000732422e+00
3.433606147766113281e+00
4.166077136993408203e+00
4.992730855941772461e+00
4.572613954544067383e+00
6.358448982238769531e+00
5.229178905487060547e+00
5.105987071990966797e+00
4.976985931396484375e+00
7.958672046661376953e+00
6.410503864288330078e+00
7.524006128311157227e+00
5.620319843292236328e+00
4.891879320144653320e+00
4.970490932464599609e+00
7.182364940643310547e+00
5.173040151596069336e+00
4.496263027191162109e+00
3.975448131561279297e+00
4.318714857101440430e+00
5.943927764892578125e+00
4.136343002319335938e+00
3.863559007644653320e+00
4.597887992858886719e+00
7.093726873397827148e+00
4.997451066970825195e+00
5.130767822265625000e+00
6.035071849822998047e+00
6.901929855346679688e+00
7.537147998809814453e+00
5.760195016860961914e+00
5.277364015579223633e+00
3.774004936218261719e+00
4.414465188980102539e+00
5.252223014831542969e+00
6.407432794570922852e+00
5.879707098007202148e+00
6.520139932632446289e+00
6.779467821121215820e+00
5.448518276214599609e+00
5.843370199203491211e+00
6.537157773971557617e+00
7.048124074935913086e+00
6.870293140411376953e+00
6.596567153930664062e+00
4.652362108230590820e+00
6.452383041381835938e+00
6.494446277618408203e+00
5.062674999237060547e+00
3.893333911895751953e+00
7.142750978469848633e+00
6.461560010910034180e+00
7.842815160751342773e+00
5.042025327682495117e+00
7.182297229766845703e+00
6.346798658370971680e+00
5.322369098663330078e+00
4.132266998291015625e+00
4.245651960372924805e+00
4.334082126617431641e+00
3.837088823318481445e+00
4.383093118667602539e+00
6.463965892791748047e+00
7.314958810806274414e+00
4.543898105621337891e+00
6.533829689025878906e+00
6.130656003952026367e+00
4.384811162948608398e+00
5.072525024414062500e+00
4.186502695083618164e+00
4.939843177795410156e+00
3.508837699890136719e+00
4.254671812057495117e+00
4.305947065353393555e+00
6.102057933807373047e+00
4.699705123901367188e+00
5.832882881164550781e+00
6.018031835556030273e+00
4.609426021575927734e+00
6.816265821456909180e+00
3.891088008880615234e+00
4.640480041503906250e+00
4.234766960144042969e+00
4.635291099548339844e+00
4.016761064529418945e+00
4.424335956573486328e+00
6.136092901229858398e+00
3.563596010208129883e+00
5.161598920822143555e+00
4.618909835815429688e+00
6.271476984024047852e+00
4.724225044250488281e+00
4.893284082412719727e+00
3.781090974807739258e+00
4.219858884811401367e+00
5.847227096557617188e+00
3.751898050308227539e+00
4.771684169769287109e+00
3.799049139022827148e+00
5.047286033630371094e+00
3.750875234603881836e+00
4.125728130340576172e+00
4.049468994140625000e+00
3.961274862289428711e+00
7.594686985015869141e+00
4.547265052795410156e+00
3.696327924728393555e+00
5.414968013763427734e+00
6.629320144653320312e+00
6.627629756927490234e+00
6.038627624511718750e+00
4.116815090179443359e+00
6.516028881072998047e+00
3.581489086151123047e+00
4.509614944458007812e+00
4.613532781600952148e+00
3.103026866912841797e+00
5.114916086196899414e+00
4.110916852951049805e+00
4.137378931045532227e+00
4.146129131317138672e+00
4.374684810638427734e+00
5.249800920486450195e+00
3.978744268417358398e+00
5.232357025146484375e+00
4.689565181732177734e+00
4.106438875198364258e+00
4.642231941223144531e+00
4.050137042999267578e+00
3.547574043273925781e+00
5.227921247482299805e+00
5.589277029037475586e+00
4.486959218978881836e+00
4.679613828659057617e+00
5.373276948928833008e+00
5.091253995895385742e+00
5.018835306167602539e+00
4.796288013458251953e+00
4.588879823684692383e+00
4.364073991775512695e+00
6.382207155227661133e+00
4.342113971710205078e+00
8.826189041137695312e+00
2.921048879623413086e+00
3.865974187850952148e+00
3.884299039840698242e+00
3.919455051422119141e+00
5.978430986404418945e+00
3.673143863677978516e+00
4.617728710174560547e+00
5.535719156265258789e+00
4.099127769470214844e+00
5.539068937301635742e+00
6.113090991973876953e+00
5.992815971374511719e+00
3.059556961059570312e+00
6.671230077743530273e+00
3.458405733108520508e+00
4.215756893157958984e+00
6.198961019515991211e+00
5.475052118301391602e+00
5.838284730911254883e+00
6.055378913879394531e+00
5.526592969894409180e+00
4.760842084884643555e+00
4.891568183898925781e+00
7.594998121261596680e+00
4.838940858840942383e+00
5.331252813339233398e+00
6.845872879028320312e+00
4.910720109939575195e+00
3.514941930770874023e+00
6.857464075088500977e+00
6.136400938034057617e+00
5.991963863372802734e+00
3.009358167648315430e+00
3.242023944854736328e+00
3.517439126968383789e+00
4.701265811920166016e+00
3.281655073165893555e+00
4.959202051162719727e+00
3.143604040145874023e+00
4.980663776397705078e+00
4.197020053863525391e+00
5.864233016967773438e+00
5.252070903778076172e+00
3.299829721450805664e+00
5.223988056182861328e+00
6.666786670684814453e+00
5.115101337432861328e+00
4.749701976776123047e+00
5.099013805389404297e+00
3.613955259323120117e+00
4.979093074798583984e+00
4.508435964584350586e+00
2.854558229446411133e+00
5.498640060424804688e+00
5.241833925247192383e+00
3.238659858703613281e+00
5.511193037033081055e+00
4.425657987594604492e+00
3.882241010665893555e+00
4.650624990463256836e+00
3.236417055130004883e+00
3.469126224517822266e+00
5.357366085052490234e+00
3.380797863006591797e+00
5.636685132980346680e+00
5.543167829513549805e+00
5.606977701187133789e+00
5.067501068115234375e+00
3.934409141540527344e+00
4.394147157669067383e+00
6.924252271652221680e+00
3.687399864196777344e+00
3.755053997039794922e+00
3.715265989303588867e+00
5.936000108718872070e+00
4.465780019760131836e+00
4.090584039688110352e+00
5.152735948562622070e+00
6.228853940963745117e+00
6.011715888977050781e+00
4.632461786270141602e+00
5.656097888946533203e+00
4.102283000946044922e+00
4.612086057662963867e+00
6.569822788238525391e+00
4.266806840896606445e+00
5.397001981735229492e+00
6.107093095779418945e+00
4.543577909469604492e+00
4.186593055725097656e+00
6.558437824249267578e+00
6.178881168365478516e+00
4.628644227981567383e+00
4.485483169555664062e+00
4.575953006744384766e+00
4.451207876205444336e+00
6.038914203643798828e+00
4.728718757629394531e+00
5.727588891983032227e+00
4.223654985427856445e+00
2.998835086822509766e+00
4.710659742355346680e+00
4.458531856536865234e+00
4.015001058578491211e+00
4.142304897308349609e+00
4.925372838973999023e+00
4.054105997085571289e+00
4.661930084228515625e+00
5.724030017852783203e+00
4.601190328598022461e+00
8.474208831787109375e+00
5.226743221282958984e+00
4.753144025802612305e+00
4.764301061630249023e+00
3.641977071762084961e+00
4.740159034729003906e+00
4.784841299057006836e+00
4.818527936935424805e+00
5.321638107299804688e+00
4.465443134307861328e+00
4.675661087036132812e+00
4.497807979583740234e+00
4.606584072113037109e+00
3.972953081130981445e+00
4.542731046676635742e+00
3.870944023132324219e+00
3.451717853546142578e+00
4.669089078903198242e+00
4.646291971206665039e+00
5.019407749176025391e+00
4.012394905090332031e+00
5.279721975326538086e+00
4.746856212615966797e+00
3.371413946151733398e+00
4.844842910766601562e+00
4.793478012084960938e+00
4.836495876312255859e+00
4.282148838043212891e+00
4.265182018280029297e+00
5.100847244262695312e+00
3.847711086273193359e+00
3.936770915985107422e+00
4.654445886611938477e+00
5.599030971527099609e+00
5.666417121887207031e+00
4.586514949798583984e+00
5.169882059097290039e+00
4.323293209075927734e+00
4.113991022109985352e+00
5.474182844161987305e+00
5.764911890029907227e+00
5.292218923568725586e+00
3.921495914459228516e+00
4.122282028198242188e+00
5.709029197692871094e+00
3.599724054336547852e+00
4.922573089599609375e+00
4.961885929107666016e+00
3.943601846694946289e+00
4.998443841934204102e+00
5.321380138397216797e+00
4.541124105453491211e+00
4.405193090438842773e+00
4.565239906311035156e+00
3.869906902313232422e+00
4.598430871963500977e+00
4.805893898010253906e+00
4.629972219467163086e+00
4.475648164749145508e+00
5.148337841033935547e+00
6.194634199142456055e+00
5.793579101562500000e+00
6.010494947433471680e+00
5.377237081527709961e+00
3.601794242858886719e+00
4.959022045135498047e+00
5.841166734695434570e+00
5.604458093643188477e+00
4.519164800643920898e+00
4.319265842437744141e+00
4.631725072860717773e+00
5.102352142333984375e+00
5.472146272659301758e+00
3.124289989471435547e+00
3.744885921478271484e+00
5.068341016769409180e+00
4.592649221420288086e+00
5.315486907958984375e+00
3.121662139892578125e+00
3.916743993759155273e+00
5.696660995483398438e+00
6.578395843505859375e+00
5.082098960876464844e+00
4.294051170349121094e+00
4.376585245132446289e+00
3.669466972351074219e+00
4.287105083465576172e+00
4.215574979782104492e+00
3.816053867340087891e+00
5.762553215026855469e+00
3.731140136718750000e+00
4.585432767868041992e+00
5.824499130249023438e+00
5.056271076202392578e+00
5.615954875946044922e+00
3.824753284454345703e+00
3.866964340209960938e+00
4.513474225997924805e+00
5.420976161956787109e+00
4.895592927932739258e+00
5.196957826614379883e+00
5.188857078552246094e+00
3.691392898559570312e+00
3.958456993103027344e+00
4.106857061386108398e+00
3.939192056655883789e+00
4.710217952728271484e+00
4.835093021392822266e+00
4.817548036575317383e+00
4.654400110244750977e+00
5.835108041763305664e+00
4.424337863922119141e+00
4.811245203018188477e+00
4.647959947586059570e+00
4.963437795639038086e+00
7.636272192001342773e+00
4.854292869567871094e+00
6.678402185440063477e+00
4.808557748794555664e+00
5.338630199432373047e+00
4.157872200012207031e+00
5.579130172729492188e+00
5.351003885269165039e+00
6.093704938888549805e+00
5.847864866256713867e+00
5.300073862075805664e+00
5.779903888702392578e+00
4.163290023803710938e+00
5.520421028137207031e+00
5.439789056777954102e+00
5.775707006454467773e+00
5.071227788925170898e+00
4.709012031555175781e+00
4.943377733230590820e+00
4.561102867126464844e+00
4.960057735443115234e+00
4.065036058425903320e+00
5.342478036880493164e+00
3.201063871383666992e+00
5.038252115249633789e+00
5.134145975112915039e+00
7.324452161788940430e+00
3.563765048980712891e+00
4.817148923873901367e+00
4.827904939651489258e+00
5.222021818161010742e+00
4.873200893402099609e+00
4.887496948242187500e+00
4.316893815994262695e+00
5.340693950653076172e+00
5.037011146545410156e+00
4.796196222305297852e+00
3.721006870269775391e+00
4.712657213211059570e+00
5.435525894165039062e+00
2.939527750015258789e+00
4.195069074630737305e+00
5.102582931518554688e+00
4.707617044448852539e+00
6.505069017410278320e+00
5.571784973144531250e+00
3.914006948471069336e+00
4.363046169281005859e+00
3.173362016677856445e+00
4.166671752929687500e+00
3.901013135910034180e+00
4.088264942169189453e+00
5.512319087982177734e+00
5.468291997909545898e+00
5.641501903533935547e+00
4.997967004776000977e+00
5.610612154006958008e+00
3.147315979003906250e+00
4.133381128311157227e+00
5.076614856719970703e+00
5.020930051803588867e+00
5.402295589447021484e+00
4.333865880966186523e+00
5.433467149734497070e+00
4.309179067611694336e+00
5.636494159698486328e+00
5.579545974731445312e+00
3.459572076797485352e+00
5.230113029479980469e+00
4.467331171035766602e+00
4.435389041900634766e+00
6.412201166152954102e+00
5.874124050140380859e+00
3.606210708618164062e+00
6.474180936813354492e+00
5.231481075286865234e+00
6.050732135772705078e+00
6.302466869354248047e+00
2.848639965057373047e+00
3.857378005981445312e+00
5.692188262939453125e+00
6.167197942733764648e+00
4.744283914566040039e+00
3.970612049102783203e+00
4.637684345245361328e+00
3.863643884658813477e+00
3.105586767196655273e+00
3.474726200103759766e+00
3.754246950149536133e+00
3.956377983093261719e+00
4.260244131088256836e+00
5.572637796401977539e+00
4.027257919311523438e+00
2.495940208435058594e+00
4.383976936340332031e+00
3.548292160034179688e+00
4.372102260589599609e+00
3.550964832305908203e+00
3.227458238601684570e+00
4.056964159011840820e+00
4.215526103973388672e+00
3.220361948013305664e+00
4.219939947128295898e+00
4.094432830810546875e+00
4.220641136169433594e+00
4.101546049118041992e+00
3.842289924621582031e+00
3.931233167648315430e+00
4.389766216278076172e+00
3.396133899688720703e+00
6.623920917510986328e+00
3.840229988098144531e+00
4.235945940017700195e+00
7.815429210662841797e+00
4.285057783126831055e+00
7.309898853302001953e+00
2.969993829727172852e+00
4.193908929824829102e+00
3.781317949295043945e+00
4.049601078033447266e+00
5.197111845016479492e+00
4.186398267745971680e+00
4.685389041900634766e+00
4.666568040847778320e+00
5.185585260391235352e+00
4.775347948074340820e+00
4.793107986450195312e+00
5.507459163665771484e+00
4.032907009124755859e+00
3.295150041580200195e+00
4.966042041778564453e+00
4.821326017379760742e+00
4.995933055877685547e+00
3.286846160888671875e+00
4.033322095870971680e+00
5.555975914001464844e+00
3.453027963638305664e+00
7.573465824127197266e+00
3.554616928100585938e+00
3.924077033996582031e+00
5.217983007431030273e+00
3.162622928619384766e+00
3.643180131912231445e+00
3.632158994674682617e+00
3.329353809356689453e+00
6.434983015060424805e+00
6.232177972793579102e+00
5.037514925003051758e+00
3.385154962539672852e+00
7.297554969787597656e+00
3.774264097213745117e+00
3.448928117752075195e+00
5.123555183410644531e+00
4.568366050720214844e+00
5.827148914337158203e+00
5.300334215164184570e+00
3.593636989593505859e+00
4.807566881179809570e+00
7.997221708297729492e+00
3.934573173522949219e+00
3.886838912963867188e+00
4.004265069961547852e+00
5.016719102859497070e+00
3.917928218841552734e+00
3.787230253219604492e+00
3.455052137374877930e+00
5.253124237060546875e+00
5.544057846069335938e+00
3.260104894638061523e+00
4.515912294387817383e+00
4.584852933883666992e+00
4.175719976425170898e+00
6.047153234481811523e+00
5.099756956100463867e+00
4.313655853271484375e+00
5.325414896011352539e+00
4.333514928817749023e+00
3.591572999954223633e+00
3.807848930358886719e+00
4.380234003067016602e+00
4.136643171310424805e+00
4.013801097869873047e+00
3.166623115539550781e+00
4.380362987518310547e+00
4.703598022460937500e+00
4.664827108383178711e+00
4.754656076431274414e+00
4.436973810195922852e+00
9.169852256774902344e+00
5.785049200057983398e+00
7.047528982162475586e+00
5.858800172805786133e+00
3.854148149490356445e+00
3.101500034332275391e+00
3.310711145401000977e+00
4.664214849472045898e+00
3.895073175430297852e+00
3.637398958206176758e+00
3.807576656341552734e+00
3.523707866668701172e+00
4.240610837936401367e+00
4.706156015396118164e+00
3.537225008010864258e+00
5.013988971710205078e+00
4.430968046188354492e+00
4.558693170547485352e+00
3.700631141662597656e+00
5.614074945449829102e+00
3.499984979629516602e+00
4.202565908432006836e+00
5.888486862182617188e+00
5.345722913742065430e+00
4.136618852615356445e+00
3.688839197158813477e+00
4.052526950836181641e+00
3.643584966659545898e+00
4.637768983840942383e+00
5.192049264907836914e+00
5.413716077804565430e+00
4.238461971282958984e+00
4.207095146179199219e+00
3.733691930770874023e+00
3.986787080764770508e+00
4.564631223678588867e+00
4.482650041580200195e+00
4.402513980865478516e+00
3.395617961883544922e+00
4.187963008880615234e+00
4.564872264862060547e+00
3.021646738052368164e+00
3.864867925643920898e+00
4.552979230880737305e+00
4.035701990127563477e+00
4.433144807815551758e+00
3.964831113815307617e+00
4.804394960403442383e+00
5.675254821777343750e+00
4.793962001800537109e+00
4.084115982055664062e+00
4.146333932876586914e+00
4.187420845031738281e+00
4.015985250473022461e+00
5.660481214523315430e+00
4.936797857284545898e+00
4.522430896759033203e+00
3.114192008972167969e+00
4.845637321472167969e+00
4.180160999298095703e+00
4.299289226531982422e+00
3.019993066787719727e+00
5.799261808395385742e+00
3.456252336502075195e+00
2.935196876525878906e+00
4.004687309265136719e+00
3.636849164962768555e+00
3.483003854751586914e+00
3.443364143371582031e+00
4.249639272689819336e+00
4.050197124481201172e+00
4.745311260223388672e+00
4.640954256057739258e+00
4.683031082153320312e+00
4.383103132247924805e+00
4.780358791351318359e+00
4.620769977569580078e+00
3.384144067764282227e+00
4.711703062057495117e+00
4.464137077331542969e+00
4.803712129592895508e+00
4.690729856491088867e+00
4.898182868957519531e+00
4.794219970703125000e+00
4.559117794036865234e+00
4.888361930847167969e+00
4.635318994522094727e+00
4.280370950698852539e+00
5.027924060821533203e+00
4.771807909011840820e+00
4.139075040817260742e+00
3.780137300491333008e+00
3.821153879165649414e+00
4.784665822982788086e+00
4.370869159698486328e+00
4.138817071914672852e+00
5.378483772277832031e+00
4.019433975219726562e+00
5.563551187515258789e+00
4.478088855743408203e+00
5.292846918106079102e+00
4.163410186767578125e+00
5.057861089706420898e+00
3.815335988998413086e+00
3.258706092834472656e+00
5.045456886291503906e+00
5.373128890991210938e+00
5.711312294006347656e+00
5.839465141296386719e+00
4.464725017547607422e+00
3.788781881332397461e+00
4.240029811859130859e+00
3.483265876770019531e+00
5.241040229797363281e+00
5.581370115280151367e+00
5.834691047668457031e+00
4.885709762573242188e+00
4.306775808334350586e+00
4.205411911010742188e+00
3.668051004409790039e+00
4.692479848861694336e+00
4.226279258728027344e+00
3.772541999816894531e+00
4.905601978302001953e+00
5.258801937103271484e+00
4.262449979782104492e+00
4.550184965133666992e+00
2.944283008575439453e+00
3.958227872848510742e+00
4.933438301086425781e+00
4.451279163360595703e+00
4.175014734268188477e+00
4.531790018081665039e+00
3.926743030548095703e+00
4.086642026901245117e+00
4.681145191192626953e+00
4.173274040222167969e+00
4.204772949218750000e+00
4.733785867691040039e+00
5.086409807205200195e+00
4.932661056518554688e+00
4.454250097274780273e+00
5.770369052886962891e+00
4.572183609008789062e+00
4.061496973037719727e+00
4.993054866790771484e+00
5.442569971084594727e+00
5.138942241668701172e+00
5.384243965148925781e+00
4.922517061233520508e+00
3.205325126647949219e+00
6.473634719848632812e+00
5.091536760330200195e+00
5.137741088867187500e+00
6.526790142059326172e+00
5.461461067199707031e+00
3.836210966110229492e+00
4.400312900543212891e+00
3.872942924499511719e+00
5.991987943649291992e+00
4.353510141372680664e+00
3.936012029647827148e+00
5.485818147659301758e+00
5.000731706619262695e+00
5.291543960571289062e+00
6.271796941757202148e+00
4.964816093444824219e+00
5.642207860946655273e+00
5.590331077575683594e+00
3.717036008834838867e+00
6.389095067977905273e+00
3.573884725570678711e+00
4.261098384857177734e+00
4.839630842208862305e+00
5.920091152191162109e+00
4.698341131210327148e+00
3.527478694915771484e+00
6.690450906753540039e+00
4.449378013610839844e+00
5.034118890762329102e+00
5.810473918914794922e+00
6.706984043121337891e+00
6.445600032806396484e+00
6.187928676605224609e+00
6.121374130249023438e+00
6.207367181777954102e+00
4.925915956497192383e+00
4.237361192703247070e+00
5.638324975967407227e+00
4.990010976791381836e+00
5.759803295135498047e+00
4.711393117904663086e+00
4.953979253768920898e+00
5.237799882888793945e+00
6.298848867416381836e+00
6.463878870010375977e+00
6.956459045410156250e+00
4.004546165466308594e+00
5.442060947418212891e+00
4.588436126708984375e+00
3.183580160140991211e+00
6.662702798843383789e+00
5.921822786331176758e+00
7.190329313278198242e+00
6.740550041198730469e+00
5.345585823059082031e+00
7.122416019439697266e+00
4.769124984741210938e+00
7.622041940689086914e+00
7.586555004119873047e+00
5.644514083862304688e+00
6.974559068679809570e+00
3.625720024108886719e+00
4.798077821731567383e+00
7.554681062698364258e+00
5.336443901062011719e+00
5.522214889526367188e+00
5.043663024902343750e+00
4.768085002899169922e+00
6.070288896560668945e+00
5.732469081878662109e+00
5.585817813873291016e+00
4.321507930755615234e+00
5.159357309341430664e+00
5.072124958038330078e+00
5.599979162216186523e+00
8.028498888015747070e+00
4.716372966766357422e+00
6.404448032379150391e+00
7.206030130386352539e+00
5.432694196701049805e+00
4.380691051483154297e+00
4.679605960845947266e+00
4.795022726058959961e+00
5.150666952133178711e+00
6.081225872039794922e+00
5.663341045379638672e+00
4.472664117813110352e+00
4.922771930694580078e+00
5.931396245956420898e+00
4.778745889663696289e+00
4.724292993545532227e+00
5.875940084457397461e+00
3.666684150695800781e+00
4.879475831985473633e+00
4.863226890563964844e+00
5.455913782119750977e+00
4.616962671279907227e+00
4.242375135421752930e+00
5.021343946456909180e+00
5.123549938201904297e+00
5.370986938476562500e+00
6.176084041595458984e+00
8.510038137435913086e+00
4.730232954025268555e+00
5.664962053298950195e+00
5.204609155654907227e+00
4.788027048110961914e+00
4.746844768524169922e+00
5.238697052001953125e+00
5.155936956405639648e+00
5.349915981292724609e+00
6.066295862197875977e+00
4.989641904830932617e+00
5.233227968215942383e+00
4.919193029403686523e+00
5.224663019180297852e+00
4.903132915496826172e+00
4.884854793548583984e+00
5.304352045059204102e+00
4.974129199981689453e+00
6.095231294631958008e+00
5.998266935348510742e+00
6.160606861114501953e+00
5.873267173767089844e+00
6.205456256866455078e+00
6.897603750228881836e+00
6.007091999053955078e+00
4.811140775680541992e+00
4.556541204452514648e+00
5.190778970718383789e+00
5.367968082427978516e+00
6.759379863739013672e+00
4.340029954910278320e+00
5.251945018768310547e+00
6.847057104110717773e+00
4.204022169113159180e+00
5.397675991058349609e+00
5.919196128845214844e+00
5.482500791549682617e+00
4.561559915542602539e+00
5.923317909240722656e+00
6.578463077545166016e+00
5.881567001342773438e+00
4.568541049957275391e+00
6.392954826354980469e+00
6.985023975372314453e+00
6.346642971038818359e+00
7.644415855407714844e+00
7.200252056121826172e+00
4.807459115982055664e+00
4.695199966430664062e+00
3.718591928482055664e+00
3.532862901687622070e+00
6.209895133972167969e+00
5.754149198532104492e+00
6.952363014221191406e+00
5.932708978652954102e+00
6.087607145309448242e+00
6.356474876403808594e+00
5.383243083953857422e+00
7.096462726593017578e+00
4.519000053405761719e+00
5.922163009643554688e+00
4.920994043350219727e+00
4.829719781875610352e+00
7.765371084213256836e+00
4.795055866241455078e+00
4.739847183227539062e+00
4.903254032135009766e+00
5.902200222015380859e+00
5.480104923248291016e+00
2.901206016540527344e+00
4.989369869232177734e+00
4.976378917694091797e+00
5.416175127029418945e+00
4.956287860870361328e+00
5.803982019424438477e+00
5.874514818191528320e+00
4.655931711196899414e+00
4.317488908767700195e+00
6.878588199615478516e+00
3.388626098632812500e+00
7.721300125122070312e+00
4.638088941574096680e+00
4.575980901718139648e+00
4.500623941421508789e+00
4.471153974533081055e+00
7.062311887741088867e+00
5.029606103897094727e+00
5.976355791091918945e+00
4.354570865631103516e+00
5.732459068298339844e+00
4.673697948455810547e+00
4.740625143051147461e+00
3.711254119873046875e+00
4.571409225463867188e+00
5.009707212448120117e+00
9.727686882019042969e+00
5.654734849929809570e+00
3.414026975631713867e+00
5.462470054626464844e+00
5.104338884353637695e+00
3.857767105102539062e+00
4.709044933319091797e+00
4.753720045089721680e+00
3.875911951065063477e+00
4.887411117553710938e+00
4.349908113479614258e+00
5.016394853591918945e+00
4.846217870712280273e+00
4.425023078918457031e+00
6.183956146240234375e+00
5.634145021438598633e+00
5.588477849960327148e+00
5.400623083114624023e+00
6.763829946517944336e+00
4.527796030044555664e+00
3.780332803726196289e+00
5.954638957977294922e+00
4.236029148101806641e+00
5.675147056579589844e+00
5.391363859176635742e+00
2.908731222152709961e+00
5.130909919738769531e+00
3.033942222595214844e+00
3.754469156265258789e+00
4.759046077728271484e+00
3.354711055755615234e+00
4.209463119506835938e+00
4.246939897537231445e+00
7.146538972854614258e+00
5.413646936416625977e+00
9.495415210723876953e+00
5.636653184890747070e+00
5.526496887207031250e+00
5.015893936157226562e+00
4.699766159057617188e+00
4.300580024719238281e+00
3.144132852554321289e+00
5.120026111602783203e+00
3.554008960723876953e+00
3.963158845901489258e+00
4.311480760574340820e+00
7.598855972290039062e+00
4.283102273941040039e+00
5.263188123703002930e+00
3.537171840667724609e+00
4.784595966339111328e+00
3.537344932556152344e+00
3.843945980072021484e+00
4.762893915176391602e+00
4.519099950790405273e+00
4.853741884231567383e+00
3.736746788024902344e+00
7.789416074752807617e+00
3.733700752258300781e+00
5.298075914382934570e+00
6.170852899551391602e+00
4.154372215270996094e+00
5.373925924301147461e+00
3.664736032485961914e+00
3.741356849670410156e+00
4.212938070297241211e+00
4.194972991943359375e+00
4.318924903869628906e+00
4.090172052383422852e+00
4.610511779785156250e+00
3.836926937103271484e+00
2.864001989364624023e+00
3.965551853179931641e+00
4.048239946365356445e+00
4.219159126281738281e+00
4.229998111724853516e+00
4.312977790832519531e+00
3.819644212722778320e+00
3.340783834457397461e+00
4.248000144958496094e+00
3.010742187500000000e+00
4.150716066360473633e+00
3.953688859939575195e+00
2.389360904693603516e+00
4.779643058776855469e+00
4.175764083862304688e+00
5.607150077819824219e+00
5.094264984130859375e+00
2.954166173934936523e+00
4.538692951202392578e+00
4.489378929138183594e+00
4.136453866958618164e+00
3.894999980926513672e+00
3.385998725891113281e+00
5.258921861648559570e+00
5.040443897247314453e+00
3.592987298965454102e+00
4.550767183303833008e+00
5.399838924407958984e+00
4.013604879379272461e+00
3.689501047134399414e+00
4.612658023834228516e+00
4.661451101303100586e+00
3.848914861679077148e+00
4.089575052261352539e+00
4.688387155532836914e+00
3.368942975997924805e+00
3.547716856002807617e+00
3.884762287139892578e+00
4.604316949844360352e+00
3.983685016632080078e+00
4.510556936264038086e+00
3.765529155731201172e+00
4.893321037292480469e+00
3.584001064300537109e+00
4.817096948623657227e+00
4.579767942428588867e+00
3.988616228103637695e+00
4.733139991760253906e+00
2.391070842742919922e+00
4.124000072479248047e+00
2.959884881973266602e+00
3.497889995574951172e+00
4.317713260650634766e+00
3.453252077102661133e+00
3.710044145584106445e+00
3.545263051986694336e+00
4.193222761154174805e+00
3.638498783111572266e+00
3.187770843505859375e+00
3.800250768661499023e+00
3.533701181411743164e+00
3.317476749420166016e+00
3.126595020294189453e+00
3.904321908950805664e+00
4.641386032104492188e+00
4.733910083770751953e+00
4.416674137115478516e+00
3.572325944900512695e+00
4.790040254592895508e+00
3.542704105377197266e+00
4.829823970794677734e+00
3.742636919021606445e+00
4.040895938873291016e+00
4.980369091033935547e+00
3.365293264389038086e+00
4.441330909729003906e+00
3.733818054199218750e+00
4.472025156021118164e+00
6.631489038467407227e+00
3.844944953918457031e+00
3.710424184799194336e+00
4.514037847518920898e+00
3.976289033889770508e+00
5.101448059082031250e+00
4.272730112075805664e+00
4.471648931503295898e+00
4.466406106948852539e+00
4.859200000762939453e+00
3.358353137969970703e+00
4.372735977172851562e+00
4.139730930328369141e+00
4.403107166290283203e+00
3.584933280944824219e+00
2.579059123992919922e+00
4.104866743087768555e+00
4.538326025009155273e+00
4.445076942443847656e+00
5.829823017120361328e+00
4.888409137725830078e+00
3.469478845596313477e+00
5.012290000915527344e+00
5.042481899261474609e+00
4.338742017745971680e+00
4.144206047058105469e+00
4.718660116195678711e+00
4.900262117385864258e+00
4.931208848953247070e+00
5.212644100189208984e+00
4.613072872161865234e+00
4.544648885726928711e+00
4.084874868392944336e+00
5.163681030273437500e+00
4.816620111465454102e+00
4.275999069213867188e+00
3.783641099929809570e+00
3.645910978317260742e+00
3.369455814361572266e+00
5.006801128387451172e+00
4.823262929916381836e+00
3.402805805206298828e+00
4.804997920989990234e+00
5.556183815002441406e+00
5.617000102996826172e+00
5.586700916290283203e+00
4.564644098281860352e+00
3.422571897506713867e+00
5.348322153091430664e+00
6.041284799575805664e+00
4.912880897521972656e+00
6.000306129455566406e+00
4.971617221832275391e+00
4.465602636337280273e+00
5.072074174880981445e+00
6.082314968109130859e+00
4.677604675292968750e+00
5.106758117675781250e+00
5.238583087921142578e+00
5.238698005676269531e+00
4.775805950164794922e+00
4.710860967636108398e+00
6.243168115615844727e+00
4.206837177276611328e+00
5.252130031585693359e+00
5.544043064117431641e+00
5.008106231689453125e+00
4.057372808456420898e+00
4.132690906524658203e+00
5.336100101470947266e+00
4.108196735382080078e+00
4.864472150802612305e+00
3.743397235870361328e+00
3.893329143524169922e+00
3.788371801376342773e+00
5.472175836563110352e+00
4.260991811752319336e+00
4.842960119247436523e+00
4.164585113525390625e+00
4.686389923095703125e+00
4.028376102447509766e+00
4.197357654571533203e+00
4.232610940933227539e+00
4.973509311676025391e+00
4.690639734268188477e+00
4.354970216751098633e+00
4.595648050308227539e+00
3.634108066558837891e+00
3.680845022201538086e+00
4.230624914169311523e+00
5.715667963027954102e+00
3.801455020904541016e+00
5.544546127319335938e+00
4.855322837829589844e+00
4.750783205032348633e+00
5.984101772308349609e+00
4.106359004974365234e+00
5.572944164276123047e+00
4.290128231048583984e+00
4.347285985946655273e+00
5.050554275512695312e+00
6.007505178451538086e+00
5.697009325027465820e+00
4.351835966110229492e+00
4.674916028976440430e+00
4.845317125320434570e+00
5.780791044235229492e+00
4.939962148666381836e+00
5.032474994659423828e+00
4.141935110092163086e+00
4.710374116897583008e+00
4.737623929977416992e+00
4.369956970214843750e+00
3.914458274841308594e+00
6.078558206558227539e+00
4.860676050186157227e+00
4.472028017044067383e+00
4.929653167724609375e+00
4.464010000228881836e+00
5.970994949340820312e+00
4.569207906723022461e+00
4.243352174758911133e+00
4.615236759185791016e+00
4.785699129104614258e+00
4.794609308242797852e+00
4.651718854904174805e+00
6.126586914062500000e+00
4.029785156250000000e+00
5.252958059310913086e+00
3.643347024917602539e+00
5.185079813003540039e+00
5.453130006790161133e+00
6.387344837188720703e+00
3.913873910903930664e+00
3.099905967712402344e+00
4.644447088241577148e+00
4.881468772888183594e+00
3.880715847015380859e+00
5.026797771453857422e+00
4.359269142150878906e+00
3.710697889328002930e+00
4.444712162017822266e+00
5.182300090789794922e+00
4.843034982681274414e+00
6.384065866470336914e+00
5.205803155899047852e+00
4.547979116439819336e+00
6.639420986175537109e+00
4.822530031204223633e+00
5.733610868453979492e+00
5.033929824829101562e+00
4.794896125793457031e+00
6.842067241668701172e+00
4.862178802490234375e+00
4.341913938522338867e+00
5.465042352676391602e+00
6.638895750045776367e+00
5.195520162582397461e+00
4.951518058776855469e+00
4.272778987884521484e+00
6.954427957534790039e+00
4.298041105270385742e+00
6.817001104354858398e+00
5.361487865447998047e+00
4.411103963851928711e+00
5.137486219406127930e+00
5.091216087341308594e+00
6.015517950057983398e+00
6.758069038391113281e+00
4.982705831527709961e+00
5.102931976318359375e+00
6.957040071487426758e+00
4.754647970199584961e+00
5.238097190856933594e+00
3.328644275665283203e+00
2.279721021652221680e+00
4.981347084045410156e+00
4.990521192550659180e+00
5.153228044509887695e+00
3.527022838592529297e+00
5.761925220489501953e+00
3.768095970153808594e+00
3.718821048736572266e+00
4.207227945327758789e+00
4.612641096115112305e+00
4.141244888305664062e+00
7.187744140625000000e+00
5.310303211212158203e+00
5.580391883850097656e+00
4.663970947265625000e+00
5.807951211929321289e+00
3.913529872894287109e+00
4.803077936172485352e+00
4.308073282241821289e+00
5.204488992691040039e+00
5.380440950393676758e+00
5.021898984909057617e+00
7.048341035842895508e+00
5.114325046539306641e+00
4.537362813949584961e+00
5.335541009902954102e+00
4.941761016845703125e+00
4.800218105316162109e+00
4.784049272537231445e+00
4.780623197555541992e+00
5.105031967163085938e+00
5.267062902450561523e+00
4.588093996047973633e+00
4.204868078231811523e+00
5.335963964462280273e+00
5.833023786544799805e+00
3.484999895095825195e+00
5.114552021026611328e+00
5.948662042617797852e+00
5.293125152587890625e+00
4.016209840774536133e+00
5.048405885696411133e+00
4.883488178253173828e+00
6.972625970840454102e+00
4.184714078903198242e+00
5.461485147476196289e+00
4.953444004058837891e+00
6.235241889953613281e+00
4.365710973739624023e+00
5.018305778503417969e+00
2.638607978820800781e+00
3.887476921081542969e+00
4.314319133758544922e+00
3.276542901992797852e+00
5.636211872100830078e+00
6.033518791198730469e+00
4.286580085754394531e+00
2.787728071212768555e+00
5.005300045013427734e+00
4.183734178543090820e+00
3.716259956359863281e+00
5.522308826446533203e+00
3.772323131561279297e+00
5.369871139526367188e+00
4.007279157638549805e+00
5.308115959167480469e+00
3.280154943466186523e+00
3.782299995422363281e+00
3.681017160415649414e+00
4.790421009063720703e+00
5.712862014770507812e+00
5.879797935485839844e+00
2.472380876541137695e+00
5.635080099105834961e+00
3.748049974441528320e+00
5.828722953796386719e+00
3.770289897918701172e+00
4.666070938110351562e+00
3.543142080307006836e+00
5.078884124755859375e+00
5.776838779449462891e+00
6.546463012695312500e+00
6.231564998626708984e+00
3.929008007049560547e+00
3.686914205551147461e+00
3.679341793060302734e+00
5.256869077682495117e+00
3.933086872100830078e+00
3.018028974533081055e+00
3.944035053253173828e+00
3.730985879898071289e+00
3.903764009475708008e+00
4.342798948287963867e+00
3.961417913436889648e+00
3.617248058319091797e+00
5.975350141525268555e+00
5.099781751632690430e+00
4.896580934524536133e+00
4.736783981323242188e+00
4.410845041275024414e+00
4.538661003112792969e+00
4.060729980468750000e+00
4.693202018737792969e+00
5.182099103927612305e+00
5.267941951751708984e+00
3.652818918228149414e+00
4.508276224136352539e+00
3.749085903167724609e+00
3.772389888763427734e+00
3.549283027648925781e+00
4.240570068359375000e+00
4.264953136444091797e+00
4.097598075866699219e+00
3.466441154479980469e+00
2.632731914520263672e+00
4.532758951187133789e+00
4.171427249908447266e+00
3.849730968475341797e+00
3.857544898986816406e+00
5.127862930297851562e+00
4.793745994567871094e+00
4.983286142349243164e+00
3.234505414962768555e+00
5.781398057937622070e+00
4.741257905960083008e+00
5.096065998077392578e+00
5.144051074981689453e+00
4.800814151763916016e+00
5.187579154968261719e+00
4.889341115951538086e+00
5.267684936523437500e+00
4.925256967544555664e+00
4.229507207870483398e+00
4.948318004608154297e+00
4.540645837783813477e+00
4.096587896347045898e+00
4.903867959976196289e+00
5.012494802474975586e+00
5.076659917831420898e+00
4.927559852600097656e+00
4.050910949707031250e+00
4.762585163116455078e+00
5.173428058624267578e+00
5.039915084838867188e+00
5.039798021316528320e+00
4.529840230941772461e+00
3.679381847381591797e+00
4.388879060745239258e+00
4.271125793457031250e+00
6.055271863937377930e+00
3.420780897140502930e+00
4.371227025985717773e+00
5.961524963378906250e+00
5.162406682968139648e+00
4.689255952835083008e+00
4.498855829238891602e+00
5.275520086288452148e+00
3.591170787811279297e+00
4.462527036666870117e+00
4.495352029800415039e+00
3.924896001815795898e+00
5.364635705947875977e+00
4.147265911102294922e+00
5.537099123001098633e+00
5.797701120376586914e+00
5.318332195281982422e+00
3.088197946548461914e+00
5.250238895416259766e+00
3.756848812103271484e+00
4.748090982437133789e+00
5.605845928192138672e+00
3.864105939865112305e+00
4.885113954544067383e+00
5.464175224304199219e+00
4.782326936721801758e+00
4.056342124938964844e+00
3.735934972763061523e+00
5.365052938461303711e+00
3.560549974441528320e+00
5.410770893096923828e+00
4.887115955352783203e+00
3.349420070648193359e+00
5.421355009078979492e+00
5.242114067077636719e+00
4.208584070205688477e+00
4.997021913528442383e+00
6.084679841995239258e+00
4.514953851699829102e+00
4.920070886611938477e+00
4.307586193084716797e+00
4.421541929244995117e+00
3.840182065963745117e+00
5.672950029373168945e+00
4.972043991088867188e+00
3.732255935668945312e+00
4.106081008911132812e+00
5.090960979461669922e+00
5.733781814575195312e+00
6.153361082077026367e+00
5.028622865676879883e+00
3.920954227447509766e+00
4.712267160415649414e+00
4.358705997467041016e+00
4.132295131683349609e+00
4.642894744873046875e+00
4.810962200164794922e+00
3.865545034408569336e+00
5.162728786468505859e+00
4.704672813415527344e+00
5.883297920227050781e+00
4.680824995040893555e+00
4.806839942932128906e+00
4.773267030715942383e+00
3.497090101242065430e+00
4.719615936279296875e+00
5.401831150054931641e+00
4.380707979202270508e+00
6.108679771423339844e+00
6.066463947296142578e+00
5.896126270294189453e+00
5.048758029937744141e+00
4.144184827804565430e+00
5.425373792648315430e+00
4.600592136383056641e+00
5.064803838729858398e+00
5.588007926940917969e+00
5.058115243911743164e+00
4.684031963348388672e+00
4.611521005630493164e+00
4.945680856704711914e+00
4.878399848937988281e+00
4.363207101821899414e+00
4.552153825759887695e+00
4.173528909683227539e+00
5.818856000900268555e+00
4.498186111450195312e+00
4.758275985717773438e+00
4.831416845321655273e+00
6.603578090667724609e+00
4.784948110580444336e+00
4.863598108291625977e+00
6.612189769744873047e+00
5.885250806808471680e+00
5.789313077926635742e+00
4.524960994720458984e+00
4.775817871093750000e+00
6.593302011489868164e+00
4.603675127029418945e+00
6.166365146636962891e+00
5.203913927078247070e+00
4.467200994491577148e+00
6.460754871368408203e+00
5.095793724060058594e+00
5.126104116439819336e+00
4.957110881805419922e+00
5.943432092666625977e+00
6.325484037399291992e+00
6.607445955276489258e+00
2.811989068984985352e+00
4.264136791229248047e+00
6.009363889694213867e+00
6.758978128433227539e+00
6.653280019760131836e+00
3.562926054000854492e+00
4.947105884552001953e+00
6.292009353637695312e+00
4.784082889556884766e+00
4.519531965255737305e+00
6.619983911514282227e+00
6.404716968536376953e+00
4.907315015792846680e+00
4.565052986145019531e+00
5.044786214828491211e+00
5.337356090545654297e+00
6.386677026748657227e+00
4.919889926910400391e+00
5.136999845504760742e+00
4.668172121047973633e+00
4.896168947219848633e+00
4.183384656906127930e+00
4.323640108108520508e+00
4.809063911437988281e+00
4.060570955276489258e+00
6.364153146743774414e+00
3.865610122680664062e+00
4.741645097732543945e+00
4.819917201995849609e+00
4.664952039718627930e+00
4.496381044387817383e+00
5.447288036346435547e+00
4.523635864257812500e+00
3.213943719863891602e+00
5.169326066970825195e+00
3.275180816650390625e+00
4.897653818130493164e+00
4.511029958724975586e+00
4.513506174087524414e+00
3.019815206527709961e+00
4.574838876724243164e+00
5.170661926269531250e+00
4.417241096496582031e+00
4.390585184097290039e+00
4.541098117828369141e+00
4.658723115921020508e+00
5.407469034194946289e+00
5.367763996124267578e+00
4.658946037292480469e+00
6.611876010894775391e+00
4.492166280746459961e+00
4.611227989196777344e+00
4.562752008438110352e+00
7.882352828979492188e+00
4.898903131484985352e+00
6.057503938674926758e+00
5.906712055206298828e+00
4.746037006378173828e+00
5.792443990707397461e+00
2.631968021392822266e+00
5.789727687835693359e+00
3.387610197067260742e+00
2.558153867721557617e+00
5.590809106826782227e+00
6.196497917175292969e+00
5.011283874511718750e+00
4.257514953613281250e+00
5.022641897201538086e+00
4.906850099563598633e+00
2.820765018463134766e+00
3.059672117233276367e+00
4.941814899444580078e+00
2.996611118316650391e+00
4.870133638381958008e+00
5.299635171890258789e+00
3.170369148254394531e+00
3.770580768585205078e+00
2.981585979461669922e+00
2.519710779190063477e+00
3.297392129898071289e+00
4.755194187164306641e+00
3.884248018264770508e+00
4.282577991485595703e+00
5.665840864181518555e+00
4.354181051254272461e+00
5.118564128875732422e+00
3.211627960205078125e+00
6.107907056808471680e+00
5.550614833831787109e+00
5.735769987106323242e+00
2.766702890396118164e+00
5.248326063156127930e+00
5.490897893905639648e+00
3.664371013641357422e+00
2.599049329757690430e+00
4.957980155944824219e+00
4.078674793243408203e+00
3.281155109405517578e+00
7.961021900177001953e+00
3.422582149505615234e+00
5.560625791549682617e+00
5.850477695465087891e+00
3.538763046264648438e+00
3.621669054031372070e+00
4.910063982009887695e+00
2.698708057403564453e+00
4.374443054199218750e+00
5.476572751998901367e+00
5.409951686859130859e+00
3.202373981475830078e+00
5.542554855346679688e+00
3.616652011871337891e+00
3.465896368026733398e+00
3.252707958221435547e+00
5.549365997314453125e+00
5.966567993164062500e+00
3.144356012344360352e+00
3.795549869537353516e+00
3.295369148254394531e+00
3.067162036895751953e+00
3.488590955734252930e+00
3.558243036270141602e+00
6.118942975997924805e+00
3.344388723373413086e+00
5.938949108123779297e+00
3.179384946823120117e+00
3.176517009735107422e+00
3.479913234710693359e+00
3.433345079421997070e+00
3.502735853195190430e+00
3.530911922454833984e+00
3.576285362243652344e+00
5.240297079086303711e+00
3.777046918869018555e+00
3.487973928451538086e+00
3.935809135437011719e+00
3.536601066589355469e+00
3.563328027725219727e+00
3.308256864547729492e+00
4.019448995590209961e+00
3.505670309066772461e+00
3.386229991912841797e+00
3.326103925704956055e+00
3.509324073791503906e+00
3.477136135101318359e+00
3.285999059677124023e+00
3.756708145141601562e+00
4.119857072830200195e+00
2.830089092254638672e+00
3.158530712127685547e+00
3.248035192489624023e+00
3.842760801315307617e+00
3.644857168197631836e+00
4.053864955902099609e+00
3.081282615661621094e+00
3.897374868392944336e+00
4.043227910995483398e+00
3.924922943115234375e+00
3.550532102584838867e+00
3.985895156860351562e+00
3.782145023345947266e+00
4.209592103958129883e+00
3.341974735260009766e+00
4.902329206466674805e+00
3.073161840438842773e+00
4.196315288543701172e+00
4.186808109283447266e+00
4.235613822937011719e+00
2.920114040374755859e+00
3.620451927185058594e+00
4.449897766113281250e+00
4.510952234268188477e+00
3.392225027084350586e+00
3.239608049392700195e+00
3.461442947387695312e+00
4.261654853820800781e+00
3.759702205657958984e+00
3.968232870101928711e+00
3.174303054809570312e+00
4.551312923431396484e+00
4.032799959182739258e+00
3.936925888061523438e+00
3.741767883300781250e+00
3.351354122161865234e+00
4.499150037765502930e+00
3.961990833282470703e+00
3.684710741043090820e+00
3.638125896453857422e+00
4.132788896560668945e+00
3.772604227066040039e+00
4.257234811782836914e+00
3.761308193206787109e+00
5.022271871566772461e+00
4.388953924179077148e+00
3.875939130783081055e+00
3.437361001968383789e+00
3.942010164260864258e+00
3.894435882568359375e+00
3.996299982070922852e+00
3.960371971130371094e+00
3.879024982452392578e+00
4.364794969558715820e+00
4.296001911163330078e+00
3.444683074951171875e+00
4.132648944854736328e+00
4.259797811508178711e+00
4.085101127624511719e+00
5.138175249099731445e+00
4.198549985885620117e+00
4.062312841415405273e+00
3.545608282089233398e+00
4.440875768661499023e+00
4.833582162857055664e+00
4.561824083328247070e+00
4.965605974197387695e+00
5.240059137344360352e+00
4.006190061569213867e+00
4.871482133865356445e+00
5.001941204071044922e+00
4.709799051284790039e+00
5.347755193710327148e+00
4.983839988708496094e+00
5.009930133819580078e+00
3.111773252487182617e+00
4.999934911727905273e+00
3.937589168548583984e+00
5.624051809310913086e+00
5.433418989181518555e+00
5.779274940490722656e+00
5.348664760589599609e+00
5.829152107238769531e+00
4.530615091323852539e+00
5.175375699996948242e+00
5.977778911590576172e+00
2.988969087600708008e+00
4.237187862396240234e+00
4.241700887680053711e+00
4.715917825698852539e+00
4.634436130523681641e+00
3.981222867965698242e+00
5.921555042266845703e+00
6.108180999755859375e+00
3.646934986114501953e+00
6.191675186157226562e+00
6.106006145477294922e+00
4.137517929077148438e+00
3.486838102340698242e+00
5.808310985565185547e+00
4.759353876113891602e+00
4.763041019439697266e+00
5.441660881042480469e+00
4.044050216674804688e+00
5.440163850784301758e+00
6.022902011871337891e+00
6.210628032684326172e+00
4.680029153823852539e+00
4.398420333862304688e+00
5.841295003890991211e+00
6.134691953659057617e+00
4.251160144805908203e+00
4.830251932144165039e+00
4.343699932098388672e+00
5.487691164016723633e+00
4.315226078033447266e+00
3.412752866744995117e+00
5.651445865631103516e+00
4.764108180999755859e+00
5.294259786605834961e+00
4.725334882736206055e+00
4.388659954071044922e+00
5.815479993820190430e+00
3.785363912582397461e+00
5.240322113037109375e+00
6.344153881072998047e+00
5.641039848327636719e+00
3.808650016784667969e+00
5.782956838607788086e+00
3.807140827178955078e+00
4.264807939529418945e+00
5.063394069671630859e+00
5.894356966018676758e+00
5.392925977706909180e+00
4.836077928543090820e+00
4.420756816864013672e+00
4.624303102493286133e+00
4.779139041900634766e+00
4.219985008239746094e+00
5.737062692642211914e+00
4.176331996917724609e+00
5.007153987884521484e+00
5.146517038345336914e+00
5.991244792938232422e+00
5.682237863540649414e+00
4.241010189056396484e+00
5.076218128204345703e+00
7.190276145935058594e+00
5.637578010559082031e+00
5.997601032257080078e+00
4.178441047668457031e+00
5.275372982025146484e+00
4.587049007415771484e+00
4.385174036026000977e+00
4.521902799606323242e+00
4.766191959381103516e+00
5.557275772094726562e+00
4.796498775482177734e+00
4.600619077682495117e+00
3.310184955596923828e+00
4.512180089950561523e+00
4.504992961883544922e+00
4.299661636352539062e+00
4.796977996826171875e+00
5.179424285888671875e+00
6.030954122543334961e+00
5.870939970016479492e+00
4.880429744720458984e+00
4.838721990585327148e+00
4.889840126037597656e+00
4.746254205703735352e+00
4.940998077392578125e+00
5.149201869964599609e+00
5.008972644805908203e+00
5.798547983169555664e+00
6.513922929763793945e+00
5.413009166717529297e+00
6.317977905273437500e+00
5.988090276718139648e+00
6.021474838256835938e+00
6.393004179000854492e+00
5.596318006515502930e+00
6.437051773071289062e+00
6.151696205139160156e+00
2.951864004135131836e+00
5.588171005249023438e+00
5.669837713241577148e+00
5.923254013061523438e+00
4.893024921417236328e+00
5.612468957901000977e+00
5.464473009109497070e+00
6.834856033325195312e+00
6.054116725921630859e+00
4.425061702728271484e+00
5.592739820480346680e+00
5.892695188522338867e+00
4.870504856109619141e+00
4.325609922409057617e+00
4.940240144729614258e+00
5.255104064941406250e+00
4.044175148010253906e+00
6.293435811996459961e+00
5.167753934860229492e+00
6.798691034317016602e+00
3.386950016021728516e+00
3.928223371505737305e+00
5.476285934448242188e+00
5.403445005416870117e+00
4.850319862365722656e+00
6.485770940780639648e+00
4.847740888595581055e+00
5.428591012954711914e+00
4.128171920776367188e+00
5.292806863784790039e+00
4.168703079223632812e+00
6.752568960189819336e+00
5.696371078491210938e+00
4.521275043487548828e+00
4.999443054199218750e+00
5.749951124191284180e+00
4.016306877136230469e+00
4.967463970184326172e+00
5.972262144088745117e+00
4.362145185470581055e+00
4.291213989257812500e+00
5.497013092041015625e+00
4.736313104629516602e+00
5.967117071151733398e+00
3.777197122573852539e+00
6.585434198379516602e+00
6.671684741973876953e+00
5.687877893447875977e+00
3.788191795349121094e+00
4.456879854202270508e+00
4.140398979187011719e+00
4.288102149963378906e+00
5.112492084503173828e+00
5.065620899200439453e+00
5.342673063278198242e+00
5.645200252532958984e+00
5.154577016830444336e+00
3.112405061721801758e+00
3.875311851501464844e+00
3.880139112472534180e+00
4.257344007492065430e+00
6.050430774688720703e+00
5.731400966644287109e+00
4.137663125991821289e+00
4.119848966598510742e+00
4.203159093856811523e+00
6.685166120529174805e+00
4.471352100372314453e+00
4.953319072723388672e+00
4.551094055175781250e+00
5.521279096603393555e+00
3.834450960159301758e+00
5.448785781860351562e+00
5.004741907119750977e+00
4.792093992233276367e+00
5.797639369964599609e+00
5.549566984176635742e+00
5.445569992065429688e+00
6.005404949188232422e+00
5.206850051879882812e+00
5.360249757766723633e+00
5.279233694076538086e+00
6.610119104385375977e+00
5.189093112945556641e+00
4.496609687805175781e+00
5.484503030776977539e+00
5.164236783981323242e+00
4.991259813308715820e+00
5.506981134414672852e+00
5.585779905319213867e+00
5.263158082962036133e+00
5.504312038421630859e+00
6.495417118072509766e+00
6.944943904876708984e+00
6.610137224197387695e+00
5.532872200012207031e+00
7.553879022598266602e+00
4.985014200210571289e+00
7.127701997756958008e+00
5.795567035675048828e+00
5.694808006286621094e+00
5.602613210678100586e+00
5.013185977935791016e+00
4.503486871719360352e+00
5.549412012100219727e+00
6.767230272293090820e+00
6.545676946640014648e+00
4.944648027420043945e+00
4.179673910140991211e+00
4.478072166442871094e+00
3.719552040100097656e+00
4.258564233779907227e+00
3.622710943222045898e+00
4.996236085891723633e+00
6.532799959182739258e+00
4.637323856353759766e+00
3.185392141342163086e+00
3.935338973999023438e+00
5.720539093017578125e+00
6.144592046737670898e+00
5.091078042984008789e+00
6.422508955001831055e+00
4.556846141815185547e+00
4.614725112915039062e+00
4.950199842453002930e+00
4.371316909790039062e+00
5.929908990859985352e+00
5.437593936920166016e+00
5.123910188674926758e+00
3.696003198623657227e+00
4.940777063369750977e+00
5.580659151077270508e+00
4.815793037414550781e+00
5.444668054580688477e+00
5.356930017471313477e+00
3.966693878173828125e+00
5.047564744949340820e+00
5.411276102066040039e+00
6.576077222824096680e+00
3.920349836349487305e+00
5.748509883880615234e+00
3.977633953094482422e+00
4.113221883773803711e+00
5.455366849899291992e+00
4.900662183761596680e+00
4.884901046752929688e+00
5.262176036834716797e+00
5.361021995544433594e+00
5.726449966430664062e+00
4.960390090942382812e+00
5.508178949356079102e+00
7.180591106414794922e+00
5.223501920700073242e+00
7.325245141983032227e+00
5.552531957626342773e+00
6.296011924743652344e+00
5.381993055343627930e+00
6.655144929885864258e+00
5.350944042205810547e+00
6.020935297012329102e+00
6.192176103591918945e+00
5.557101964950561523e+00
5.428169965744018555e+00
5.695286750793457031e+00
5.389284849166870117e+00
4.678968906402587891e+00
5.317671298980712891e+00
5.655030012130737305e+00
4.703148126602172852e+00
4.060165882110595703e+00
5.046832799911499023e+00
5.845293998718261719e+00
4.703711032867431641e+00
4.471719980239868164e+00
4.910382032394409180e+00
6.069632053375244141e+00
5.788048028945922852e+00
4.207124948501586914e+00
5.287956953048706055e+00
6.086519002914428711e+00
4.360495090484619141e+00
4.753950119018554688e+00
6.357973098754882812e+00
4.810865879058837891e+00
5.112905979156494141e+00
4.376499891281127930e+00
5.215384721755981445e+00
6.046492099761962891e+00
5.411284923553466797e+00
5.603030681610107422e+00
6.294420957565307617e+00
6.742039918899536133e+00
6.184487819671630859e+00
6.136985778808593750e+00
5.474013805389404297e+00
4.693783760070800781e+00
5.088716983795166016e+00
5.222318887710571289e+00
5.585701704025268555e+00
5.061321258544921875e+00
6.983448743820190430e+00
5.647240877151489258e+00
5.861174106597900391e+00
6.262669086456298828e+00
3.676190137863159180e+00
5.945206165313720703e+00
5.571810007095336914e+00
4.668604850769042969e+00
5.935035943984985352e+00
5.463596105575561523e+00
5.506946086883544922e+00
5.951613903045654297e+00
6.928910732269287109e+00
3.672780036926269531e+00
5.996350288391113281e+00
5.710284948348999023e+00
5.327305078506469727e+00
6.050885915756225586e+00
5.476885080337524414e+00
6.454434156417846680e+00
6.023461103439331055e+00
6.335192918777465820e+00
5.066463947296142578e+00
6.349027872085571289e+00
4.975560903549194336e+00
4.117062091827392578e+00
5.599078893661499023e+00
6.046361207962036133e+00
5.878021955490112305e+00
6.062813997268676758e+00
4.527062892913818359e+00
5.002211093902587891e+00
5.584094047546386719e+00
6.739295005798339844e+00
3.943096876144409180e+00
5.990064859390258789e+00
4.007769823074340820e+00
4.759485960006713867e+00
4.849363327026367188e+00
5.642180919647216797e+00
5.573755025863647461e+00
6.813175201416015625e+00
6.007976055145263672e+00
5.018511056900024414e+00
6.105535984039306641e+00
6.308791160583496094e+00
4.853454828262329102e+00
7.517426967620849609e+00
4.952997922897338867e+00
6.833271980285644531e+00
5.384712934494018555e+00
5.745055913925170898e+00
4.276912927627563477e+00
5.149597883224487305e+00
6.374988079071044922e+00
5.401755094528198242e+00
6.554301977157592773e+00
4.093364000320434570e+00
4.626518964767456055e+00
5.844104051589965820e+00
4.394006967544555664e+00
6.216635942459106445e+00
5.197897911071777344e+00
5.252573013305664062e+00
5.211508035659790039e+00
4.476666212081909180e+00
4.663845777511596680e+00
6.713560104370117188e+00
5.374930858612060547e+00
3.893553972244262695e+00
7.201427936553955078e+00
5.280776977539062500e+00
6.185899019241333008e+00
5.266160249710083008e+00
4.506999731063842773e+00
6.764341592788696289e+00
4.862263202667236328e+00
5.743753910064697266e+00
6.499897003173828125e+00
6.075860977172851562e+00
5.560642004013061523e+00
4.808883905410766602e+00
5.116437196731567383e+00
3.846511125564575195e+00
3.355359077453613281e+00
6.468527078628540039e+00
5.009296894073486328e+00
4.093569993972778320e+00
4.418032169342041016e+00
2.573446750640869141e+00
5.632273197174072266e+00
4.999356269836425781e+00
4.179862976074218750e+00
5.131606101989746094e+00
5.698642015457153320e+00
6.695858955383300781e+00
3.875178098678588867e+00
5.303381919860839844e+00
4.198272943496704102e+00
3.107472181320190430e+00
5.861311912536621094e+00
5.418655157089233398e+00
4.173069000244140625e+00
3.491138935089111328e+00
3.967463016510009766e+00
7.021394014358520508e+00
3.517119884490966797e+00
3.751431703567504883e+00
4.249234914779663086e+00
3.902621269226074219e+00
3.985420227050781250e+00
4.786504983901977539e+00
3.394941329956054688e+00
4.987983942031860352e+00
3.689916133880615234e+00
4.770163059234619141e+00
4.576407909393310547e+00
5.078052997589111328e+00
4.521648883819580078e+00
4.577363967895507812e+00
7.005119085311889648e+00
5.265588998794555664e+00
6.458862066268920898e+00
5.804352045059204102e+00
4.676801919937133789e+00
5.005404949188232422e+00
4.826020717620849609e+00
4.143491029739379883e+00
4.717655181884765625e+00
3.728600025177001953e+00
5.597623109817504883e+00
3.535206079483032227e+00
5.108047723770141602e+00
4.317415952682495117e+00
3.604350805282592773e+00
5.213171243667602539e+00
3.252032995223999023e+00
3.763453960418701172e+00
4.221277952194213867e+00
3.282583951950073242e+00
4.838621139526367188e+00
4.702760934829711914e+00
3.645545005798339844e+00
5.370513916015625000e+00
4.527876853942871094e+00
4.286138772964477539e+00
3.368732213973999023e+00
3.325563192367553711e+00
4.024142265319824219e+00
5.771116018295288086e+00
5.840171813964843750e+00
3.980070829391479492e+00
5.763411998748779297e+00
5.665320873260498047e+00
4.941680192947387695e+00
4.202047109603881836e+00
7.857985973358154297e+00
5.690574169158935547e+00
6.065425872802734375e+00
5.177757024765014648e+00
2.875751733779907227e+00
3.308956146240234375e+00
3.836781978607177734e+00
3.818361997604370117e+00
3.939221858978271484e+00
4.415372133255004883e+00
4.346751928329467773e+00
6.190579891204833984e+00
4.619706869125366211e+00
3.910904169082641602e+00
3.128584384918212891e+00
4.533773899078369141e+00
4.090082883834838867e+00
4.013025999069213867e+00
3.342557907104492188e+00
4.273296117782592773e+00
4.738117933273315430e+00
4.573351860046386719e+00
6.236152887344360352e+00
4.837462186813354492e+00
4.037788152694702148e+00
4.085051774978637695e+00
4.161101818084716797e+00
4.171492815017700195e+00
3.943499088287353516e+00
3.865332365036010742e+00
4.710226058959960938e+00
5.217128992080688477e+00
3.646365880966186523e+00
5.092615842819213867e+00
5.527435779571533203e+00
6.747433900833129883e+00
3.819129943847656250e+00
4.898865938186645508e+00
3.830406188964843750e+00
4.751146078109741211e+00
6.979241132736206055e+00
7.209583044052124023e+00
4.351652145385742188e+00
5.539746046066284180e+00
4.714052915573120117e+00
4.493535995483398438e+00
4.028732299804687500e+00
7.277245044708251953e+00
4.694101095199584961e+00
4.418946027755737305e+00
4.036523103713989258e+00
4.875617980957031250e+00
4.445315837860107422e+00
4.319131851196289062e+00
4.204615831375122070e+00
5.731398820877075195e+00
5.003673791885375977e+00
5.016288995742797852e+00
5.066150903701782227e+00
5.754496097564697266e+00
7.670129060745239258e+00
6.067223072052001953e+00
5.276418924331665039e+00
4.613098859786987305e+00
5.350636720657348633e+00
5.400480747222900391e+00
5.789663076400756836e+00
5.193964958190917969e+00
5.864706754684448242e+00
4.205263853073120117e+00
5.501724720001220703e+00
6.453233003616333008e+00
4.619668006896972656e+00
6.818530797958374023e+00
5.534497976303100586e+00
5.439945936203002930e+00
5.652527093887329102e+00
5.241284132003784180e+00
6.416483163833618164e+00
4.405812025070190430e+00
5.027868032455444336e+00
4.828194141387939453e+00
5.434491872787475586e+00
4.682838916778564453e+00
4.296016216278076172e+00
4.229408979415893555e+00
4.711350917816162109e+00
5.566564083099365234e+00
4.926934003829956055e+00
5.457156658172607422e+00
4.447641849517822266e+00
5.546344995498657227e+00
4.877447843551635742e+00
5.038256883621215820e+00
6.529447078704833984e+00
5.098690271377563477e+00
6.127707242965698242e+00
5.567538976669311523e+00
4.798478126525878906e+00
5.254510641098022461e+00
6.493553161621093750e+00
6.020910739898681641e+00
5.341824054718017578e+00
5.176115751266479492e+00
6.369782686233520508e+00
5.347490072250366211e+00
6.099332094192504883e+00
5.357080936431884766e+00
6.713745117187500000e+00
5.869520902633666992e+00
5.667701959609985352e+00
5.483154058456420898e+00
4.599490880966186523e+00
5.991788148880004883e+00
6.542226076126098633e+00
5.104029893875122070e+00
3.960469961166381836e+00
6.712099790573120117e+00
6.046275138854980469e+00
6.393922090530395508e+00
6.292382955551147461e+00
5.965535879135131836e+00
6.776001930236816406e+00
5.976116180419921875e+00
3.184095859527587891e+00
3.482637166976928711e+00
5.037582159042358398e+00
4.043766975402832031e+00
4.102595090866088867e+00
7.166079998016357422e+00
6.014579296112060547e+00
6.886217832565307617e+00
7.267989158630371094e+00
6.749876976013183594e+00
3.932144880294799805e+00
4.519747257232666016e+00
4.517702102661132812e+00
6.899398088455200195e+00
4.105901002883911133e+00
6.111049175262451172e+00
4.666648149490356445e+00
7.093837022781372070e+00
6.833647966384887695e+00
6.659492969512939453e+00
7.553440093994140625e+00
4.355159759521484375e+00
6.663001298904418945e+00
7.238078117370605469e+00
5.461231231689453125e+00
6.485816717147827148e+00
4.455578088760375977e+00
5.428609132766723633e+00
3.941602706909179688e+00
6.547662973403930664e+00
9.058878898620605469e+00
3.656759977340698242e+00
5.596251249313354492e+00
7.046113967895507812e+00
3.601724863052368164e+00
6.460426092147827148e+00
3.987501859664916992e+00
6.701681852340698242e+00
4.626636028289794922e+00
7.886299848556518555e+00
5.355486869812011719e+00
4.844262123107910156e+00
4.605117797851562500e+00
4.861398935317993164e+00
3.014311790466308594e+00
4.237457275390625000e+00
5.522268772125244141e+00
6.272869110107421875e+00
3.186866044998168945e+00
5.007860898971557617e+00
4.762953042984008789e+00
7.563378095626831055e+00
7.585564374923706055e+00
4.615038871765136719e+00
5.002106189727783203e+00
5.260965108871459961e+00
5.746354341506958008e+00
7.050225973129272461e+00
7.691602945327758789e+00
7.909502983093261719e+00
7.903050899505615234e+00
6.728616237640380859e+00
3.803630113601684570e+00
5.766974925994873047e+00
4.780784130096435547e+00
6.704595088958740234e+00
5.270177841186523438e+00
3.943364858627319336e+00
7.374009132385253906e+00
5.070148706436157227e+00
5.583811044692993164e+00
5.232347011566162109e+00
3.895496129989624023e+00
4.903302192687988281e+00
3.497282266616821289e+00
6.674993038177490234e+00
4.861082792282104492e+00
5.343333959579467773e+00
7.978567838668823242e+00
6.881967067718505859e+00
5.048908948898315430e+00
3.584359884262084961e+00
5.639775991439819336e+00
8.002094745635986328e+00
5.616494178771972656e+00
3.939269065856933594e+00
8.012094020843505859e+00
7.446874141693115234e+00
7.357678890228271484e+00
5.429462194442749023e+00
8.770653963088989258e+00
5.493230104446411133e+00
4.425430059432983398e+00
4.065619945526123047e+00
4.124942064285278320e+00
7.536489009857177734e+00
3.692676067352294922e+00
5.775846004486083984e+00
8.279057741165161133e+00
4.458158016204833984e+00
5.908524036407470703e+00
3.891793012619018555e+00
6.845635890960693359e+00
4.789969921112060547e+00
4.306925058364868164e+00
4.743703842163085938e+00
3.548792839050292969e+00
5.318805932998657227e+00
4.328168869018554688e+00
5.125334024429321289e+00
5.030022859573364258e+00
8.323507785797119141e+00
4.379432916641235352e+00
4.217968702316284180e+00
6.207031011581420898e+00
4.526203870773315430e+00
5.183043956756591797e+00
4.104467868804931641e+00
4.819303989410400391e+00
3.981888055801391602e+00
5.959954977035522461e+00
3.667579889297485352e+00
3.868211269378662109e+00
3.898608922958374023e+00
5.266047954559326172e+00
5.730012178421020508e+00
4.209513902664184570e+00
3.835923910140991211e+00
5.307408809661865234e+00
3.620658874511718750e+00
6.121251821517944336e+00
4.923198938369750977e+00
4.000350952148437500e+00
4.120849847793579102e+00
5.493886947631835938e+00
5.913220882415771484e+00
4.982215881347656250e+00
5.979681968688964844e+00
3.511682748794555664e+00
3.928609848022460938e+00
3.397670745849609375e+00
4.453460931777954102e+00
2.718936204910278320e+00
2.919028043746948242e+00
3.061485052108764648e+00
5.978259325027465820e+00
8.315270900726318359e+00
7.586261987686157227e+00
5.259855031967163086e+00
3.996160030364990234e+00
4.573388099670410156e+00
3.496294736862182617e+00
4.920526981353759766e+00
6.172895908355712891e+00
3.553183317184448242e+00
3.664470195770263672e+00
3.752419710159301758e+00
5.345901966094970703e+00
4.700148344039916992e+00
4.090458154678344727e+00
4.326869010925292969e+00
4.930746078491210938e+00
4.281347990036010742e+00
6.851215839385986328e+00
4.195039033889770508e+00
5.702558279037475586e+00
4.176926136016845703e+00
4.709038019180297852e+00
4.313720226287841797e+00
4.976539134979248047e+00
4.220099925994873047e+00
5.023089170455932617e+00
5.605718612670898438e+00
6.029093980789184570e+00
5.585078001022338867e+00
6.357980012893676758e+00
4.032857894897460938e+00
3.935214996337890625e+00
4.691345930099487305e+00
5.992594003677368164e+00
4.165366172790527344e+00
5.455504894256591797e+00
5.760144948959350586e+00
6.336708784103393555e+00
7.395401000976562500e+00
6.736107826232910156e+00
6.550441026687622070e+00
6.152364969253540039e+00
6.812665224075317383e+00
3.908556938171386719e+00
6.118734836578369141e+00
6.639107227325439453e+00
5.823210000991821289e+00
7.450541973114013672e+00
4.207406044006347656e+00
4.419574022293090820e+00
6.703263044357299805e+00
5.181114912033081055e+00
5.436835050582885742e+00
6.392189979553222656e+00
4.563035011291503906e+00
4.931396961212158203e+00
4.389367103576660156e+00
2.978939056396484375e+00
4.394404888153076172e+00
4.262319087982177734e+00
4.339056968688964844e+00
6.871329069137573242e+00
4.099748134613037109e+00
4.652612209320068359e+00
6.415918827056884766e+00
6.582890987396240234e+00
4.588508129119873047e+00
4.775484800338745117e+00
4.742846012115478516e+00
5.071736812591552734e+00
4.195440769195556641e+00
4.338141918182373047e+00
4.826058864593505859e+00
3.928177118301391602e+00
4.519284009933471680e+00
4.387020826339721680e+00
3.666607856750488281e+00
3.502417087554931641e+00
4.740055799484252930e+00
5.374799966812133789e+00
3.636651039123535156e+00
4.878823757171630859e+00
4.509428977966308594e+00
4.610818147659301758e+00
4.920228004455566406e+00
4.802536964416503906e+00
3.904993057250976562e+00
4.174457788467407227e+00
3.694988012313842773e+00
4.803176879882812500e+00
4.579426765441894531e+00
4.826264142990112305e+00
4.898117065429687500e+00
4.687263011932373047e+00
4.276149034500122070e+00
4.193299055099487305e+00
5.041138172149658203e+00
4.335898160934448242e+00
5.407245874404907227e+00
5.034692049026489258e+00
3.937313079833984375e+00
4.832020998001098633e+00
4.325715065002441406e+00
4.135428190231323242e+00
4.498015880584716797e+00
4.196089744567871094e+00
4.120812892913818359e+00
5.119721174240112305e+00
4.433549880981445312e+00
5.243478059768676758e+00
4.439563989639282227e+00
4.120494842529296875e+00
4.154131889343261719e+00
4.993233203887939453e+00
5.126575946807861328e+00
4.849346876144409180e+00
5.297948122024536133e+00
5.341097354888916016e+00
4.698713064193725586e+00
4.481687068939208984e+00
4.462434053421020508e+00
4.945688009262084961e+00
4.480647325515747070e+00
5.359930753707885742e+00
4.716050863265991211e+00
4.523969888687133789e+00
4.635103940963745117e+00
5.076313257217407227e+00
5.947300195693969727e+00
7.974395990371704102e+00
5.296585083007812500e+00
4.902241706848144531e+00
5.235231876373291016e+00
4.382613897323608398e+00
5.279535770416259766e+00
3.006568908691406250e+00
5.305337190628051758e+00
3.006896734237670898e+00
5.514178037643432617e+00
4.542571067810058594e+00
4.769275903701782227e+00
5.147468090057373047e+00
5.392654180526733398e+00
5.771141767501831055e+00
5.165382862091064453e+00
5.311197996139526367e+00
6.122590780258178711e+00
5.671516895294189453e+00
5.512980937957763672e+00
5.807271003723144531e+00
4.650114059448242188e+00
5.367677927017211914e+00
6.372827768325805664e+00
5.379110097885131836e+00
5.198476076126098633e+00
6.248045206069946289e+00
5.081171035766601562e+00
2.888750076293945312e+00
4.955415964126586914e+00
5.358768224716186523e+00
6.388320922851562500e+00
5.112256765365600586e+00
3.161118030548095703e+00
5.045499801635742188e+00
3.078822851181030273e+00
3.423799037933349609e+00
5.530533790588378906e+00
5.428570747375488281e+00
3.140582084655761719e+00
3.853283882141113281e+00
3.169294118881225586e+00
5.328808069229125977e+00
5.569342136383056641e+00
3.346578836441040039e+00
5.105485916137695312e+00
5.419522762298583984e+00
3.736342906951904297e+00
6.453567981719970703e+00
5.554381132125854492e+00
3.829357147216796875e+00
5.188144683837890625e+00
6.237311840057373047e+00
5.580940961837768555e+00
6.021913290023803711e+00
5.682789802551269531e+00
5.686545133590698242e+00
5.990408897399902344e+00
6.156046867370605469e+00
5.754909038543701172e+00
3.546916961669921875e+00
3.719923973083496094e+00
5.690781116485595703e+00
5.881654024124145508e+00
5.527800083160400391e+00
4.636412143707275391e+00
3.866055965423583984e+00
5.968115806579589844e+00
6.226031303405761719e+00
4.285459995269775391e+00
5.013021945953369141e+00
5.634634017944335938e+00
6.639367818832397461e+00
6.301480054855346680e+00
6.413462162017822266e+00
6.227912902832031250e+00
6.481317281723022461e+00
6.446531057357788086e+00
5.805692195892333984e+00
4.274307966232299805e+00
6.779029846191406250e+00
5.816704034805297852e+00
6.183113813400268555e+00
3.581782102584838867e+00
4.249667167663574219e+00
4.073549032211303711e+00
4.668367147445678711e+00
3.327064752578735352e+00
4.785895824432373047e+00
6.387037992477416992e+00
6.639456987380981445e+00
3.590044736862182617e+00
6.635631084442138672e+00
3.967953205108642578e+00
4.302194118499755859e+00
4.223903894424438477e+00
3.847547054290771484e+00
4.248307943344116211e+00
4.373722314834594727e+00
3.923212051391601562e+00
4.511733055114746094e+00
6.638836860656738281e+00
6.831823825836181641e+00
4.253619194030761719e+00
3.881145000457763672e+00
6.449828147888183594e+00
4.113834857940673828e+00
4.577425241470336914e+00
4.619368076324462891e+00
4.457335948944091797e+00
4.675699949264526367e+00
3.425217866897583008e+00
4.542924880981445312e+00
3.574119806289672852e+00
4.504545927047729492e+00
2.873187065124511719e+00
4.155344009399414062e+00
6.913041830062866211e+00
4.493629932403564453e+00
4.700167179107666016e+00
4.899444818496704102e+00
3.936752080917358398e+00
3.868538141250610352e+00
4.633308887481689453e+00
4.212085247039794922e+00
3.855775117874145508e+00
4.313263177871704102e+00
3.990240097045898438e+00
5.016221284866333008e+00
6.451370000839233398e+00
4.544026136398315430e+00
5.027143955230712891e+00
4.146450281143188477e+00
4.445798873901367188e+00
3.821085929870605469e+00
4.734326124191284180e+00
5.279917001724243164e+00
4.302510976791381836e+00
4.420695781707763672e+00
7.361657857894897461e+00
7.282170057296752930e+00
3.916892766952514648e+00
7.494626045227050781e+00
5.208206176757812500e+00
4.629012107849121094e+00
7.419191837310791016e+00
6.085856914520263672e+00
5.041072130203247070e+00
5.185602903366088867e+00
4.816464185714721680e+00
5.010380744934082031e+00
5.539407014846801758e+00
4.649556875228881836e+00
4.381619930267333984e+00
3.701913118362426758e+00
5.695384979248046875e+00
3.773653984069824219e+00
4.476081848144531250e+00
4.849745035171508789e+00
6.045369148254394531e+00
5.856239795684814453e+00
5.813339948654174805e+00
3.671095848083496094e+00
7.989436149597167969e+00
5.453870058059692383e+00
5.750403881072998047e+00
7.801522970199584961e+00
4.300900936126708984e+00
4.966705083847045898e+00
8.011848211288452148e+00
4.864938259124755859e+00
5.491570949554443359e+00
3.700197935104370117e+00
4.969341993331909180e+00
5.475085020065307617e+00
4.455188989639282227e+00
4.497494935989379883e+00
4.863486051559448242e+00
4.412725925445556641e+00
3.949614763259887695e+00
4.447583913803100586e+00
4.940383911132812500e+00
4.120974063873291016e+00
3.958948850631713867e+00
5.775993108749389648e+00
4.199152946472167969e+00
4.207966089248657227e+00
4.508144855499267578e+00
4.602038621902465820e+00
4.545963048934936523e+00
4.833906888961791992e+00
4.678493022918701172e+00
3.786552190780639648e+00
4.815865993499755859e+00
4.918009042739868164e+00
4.295440912246704102e+00
4.644859790802001953e+00
4.166556835174560547e+00
4.638664007186889648e+00
4.266837120056152344e+00
3.149131059646606445e+00
4.469316005706787109e+00
4.298114061355590820e+00
4.725039958953857422e+00
3.795738697052001953e+00
4.641489982604980469e+00
3.853766918182373047e+00
3.933678865432739258e+00
3.113502025604248047e+00
5.005274057388305664e+00
3.869315147399902344e+00
4.240273952484130859e+00
4.913689136505126953e+00
5.372403860092163086e+00
3.913300991058349609e+00
5.345781087875366211e+00
3.933765888214111328e+00
3.044924736022949219e+00
3.947166204452514648e+00
8.764113903045654297e+00
3.994271993637084961e+00
4.390646934509277344e+00
5.485723733901977539e+00
4.591359138488769531e+00
4.923251867294311523e+00
4.757148027420043945e+00
5.507730960845947266e+00
5.289885044097900391e+00
4.715944051742553711e+00
3.583020925521850586e+00
3.836808204650878906e+00
4.751414060592651367e+00
4.442164182662963867e+00
3.920979976654052734e+00
4.818580150604248047e+00
3.162063121795654297e+00
4.870767831802368164e+00
5.383703947067260742e+00
2.886731147766113281e+00
3.785412311553955078e+00
5.414354085922241211e+00
3.716415882110595703e+00
3.934757947921752930e+00
4.647042989730834961e+00
4.123620986938476562e+00
3.218795061111450195e+00
3.957735061645507812e+00
5.173602104187011719e+00
3.395089149475097656e+00
5.146160125732421875e+00
5.214367866516113281e+00
4.130273103713989258e+00
3.586332798004150391e+00
3.407275199890136719e+00
3.279206275939941406e+00
4.718955993652343750e+00
3.374929904937744141e+00
4.274533987045288086e+00
3.008104801177978516e+00
3.230297803878784180e+00
4.208389997482299805e+00
4.955959081649780273e+00
4.928055047988891602e+00
4.922157764434814453e+00
3.614033937454223633e+00
3.460339069366455078e+00
4.818703889846801758e+00
5.383491039276123047e+00
4.998205900192260742e+00
3.810489177703857422e+00
3.049535036087036133e+00
3.106519937515258789e+00
5.788312911987304688e+00
3.826156139373779297e+00
5.610676050186157227e+00
3.864728927612304688e+00
4.032844781875610352e+00
4.021032094955444336e+00
4.266753911972045898e+00
4.522512912750244141e+00
4.827512025833129883e+00
4.873459815979003906e+00
3.970611095428466797e+00
4.835246801376342773e+00
4.348676919937133789e+00
4.289364099502563477e+00
4.613700866699218750e+00
3.465924263000488281e+00
4.614091157913208008e+00
4.350329160690307617e+00
4.684931039810180664e+00
4.726470947265625000e+00
4.120072126388549805e+00
3.017448902130126953e+00
3.393015861511230469e+00
3.378100872039794922e+00
3.994324922561645508e+00
3.250828742980957031e+00
4.830732107162475586e+00
4.136804103851318359e+00
6.209015130996704102e+00
4.633113861083984375e+00
5.175376892089843750e+00
4.420591831207275391e+00
5.994721174240112305e+00
4.640382051467895508e+00
4.913241147994995117e+00
3.581096887588500977e+00
3.070341825485229492e+00
3.140341043472290039e+00
4.699945211410522461e+00
4.717890024185180664e+00
4.291119813919067383e+00
3.669220209121704102e+00
3.101733922958374023e+00
3.557039260864257812e+00
2.928902149200439453e+00
5.120131731033325195e+00
3.731113910675048828e+00
3.696487188339233398e+00
3.273458957672119141e+00
4.556468963623046875e+00
5.966701030731201172e+00
3.842383861541748047e+00
4.248433113098144531e+00
4.653828144073486328e+00
4.529403924942016602e+00
4.061151981353759766e+00
4.045251131057739258e+00
2.856605768203735352e+00
4.560542106628417969e+00
5.176293849945068359e+00
5.478916883468627930e+00
4.405129909515380859e+00
3.416973114013671875e+00
4.926463842391967773e+00
5.697597980499267578e+00
3.991724014282226562e+00
3.545987129211425781e+00
3.433014154434204102e+00
3.951851606369018555e+00
3.222902774810791016e+00
5.004368066787719727e+00
3.590061187744140625e+00
5.086286067962646484e+00
7.729345083236694336e+00
6.292222976684570312e+00
4.837178230285644531e+00
3.969425201416015625e+00
4.963246822357177734e+00
4.801389694213867188e+00
4.800263166427612305e+00
4.915163993835449219e+00
4.496222972869873047e+00
5.196318149566650391e+00
3.695818901062011719e+00
4.829493045806884766e+00
4.564190864562988281e+00
3.701025009155273438e+00
4.895319938659667969e+00
3.809837102890014648e+00
4.619678974151611328e+00
4.140059947967529297e+00
4.382960796356201172e+00
3.616347789764404297e+00
3.943772077560424805e+00
3.653416872024536133e+00
3.601278066635131836e+00
3.473143815994262695e+00
4.661808013916015625e+00
4.288245916366577148e+00
4.070536136627197266e+00
3.982873201370239258e+00
4.855232954025268555e+00
4.608691930770874023e+00
4.498691797256469727e+00
5.562155961990356445e+00
4.464694023132324219e+00
3.929328918457031250e+00
3.661767244338989258e+00
4.214009046554565430e+00
3.842089891433715820e+00
4.123126029968261719e+00
5.374896049499511719e+00
4.592662096023559570e+00
4.992582082748413086e+00
4.021609783172607422e+00
3.877843141555786133e+00
4.550277948379516602e+00
5.083927154541015625e+00
4.414625167846679688e+00
4.645948886871337891e+00
6.835160970687866211e+00
3.052370786666870117e+00
4.191401958465576172e+00
3.680227041244506836e+00
4.785778999328613281e+00
3.084797859191894531e+00
3.129328966140747070e+00
3.346365213394165039e+00
4.161462783813476562e+00
7.782839059829711914e+00
4.031454086303710938e+00
4.905217647552490234e+00
4.229989290237426758e+00
4.446752071380615234e+00
4.316322088241577148e+00
3.816879034042358398e+00
2.958122014999389648e+00
3.589717864990234375e+00
4.464085817337036133e+00
4.428707838058471680e+00
4.225682258605957031e+00
4.450364828109741211e+00
4.098124027252197266e+00
4.593981266021728516e+00
3.612572193145751953e+00
2.330554246902465820e+00
3.615789651870727539e+00
4.649938821792602539e+00
3.583071947097778320e+00
4.480237007141113281e+00
3.353955984115600586e+00
4.381706953048706055e+00
3.401002168655395508e+00
4.941040992736816406e+00
3.183681011199951172e+00
4.608850955963134766e+00
3.261941909790039062e+00
4.546375989913940430e+00
4.116430044174194336e+00
2.652566671371459961e+00
3.196280002593994141e+00
4.596932172775268555e+00
3.004006862640380859e+00
4.849772691726684570e+00
4.687319993972778320e+00
3.365947008132934570e+00
5.003655910491943359e+00
2.795217275619506836e+00
3.346787929534912109e+00
3.026033163070678711e+00
4.286954879760742188e+00
4.771682977676391602e+00
4.683226108551025391e+00
2.473437786102294922e+00
2.839040994644165039e+00
4.885941982269287109e+00
3.198674201965332031e+00
4.597509860992431641e+00
5.105495929718017578e+00
3.722705125808715820e+00
2.696597814559936523e+00
3.045335054397583008e+00
5.222970247268676758e+00
3.170979022979736328e+00
3.091239929199218750e+00
4.038073778152465820e+00
3.113498926162719727e+00
4.146563053131103516e+00
3.983637094497680664e+00
3.110602855682373047e+00
3.280985116958618164e+00
3.234137058258056641e+00
2.591377019882202148e+00
5.918309926986694336e+00
3.103941202163696289e+00
2.355176925659179688e+00
3.852878093719482422e+00
5.474802732467651367e+00
3.091223001480102539e+00
2.986227989196777344e+00
4.052344083786010742e+00
3.358471155166625977e+00
3.149507045745849609e+00
3.388628959655761719e+00
2.937588214874267578e+00
4.206995010375976562e+00
3.778131008148193359e+00
3.710367918014526367e+00
3.497856855392456055e+00
3.567776918411254883e+00
2.778802156448364258e+00
3.485548973083496094e+00
3.571175813674926758e+00
3.239757061004638672e+00
4.405986070632934570e+00
3.354877948760986328e+00
3.500820875167846680e+00
3.433871030807495117e+00
3.361868143081665039e+00
3.348081827163696289e+00
3.812541007995605469e+00
3.821192979812622070e+00
3.844357252120971680e+00
3.894358634948730469e+00
3.664180994033813477e+00
3.608959913253784180e+00
3.517780065536499023e+00
3.569298982620239258e+00
3.788948059082031250e+00
5.014890909194946289e+00
3.130528926849365234e+00
4.512984752655029297e+00
4.534417152404785156e+00
3.715713977813720703e+00
4.066720962524414062e+00
3.496879100799560547e+00
4.431950807571411133e+00
4.807996034622192383e+00
4.790144920349121094e+00
3.863649845123291016e+00
4.852649927139282227e+00
4.118400812149047852e+00
3.156294107437133789e+00
4.518031835556030273e+00
4.293802976608276367e+00
3.662551164627075195e+00
3.926918745040893555e+00
2.848778963088989258e+00
5.845721006393432617e+00
3.919256925582885742e+00
5.054608821868896484e+00
3.076388120651245117e+00
2.633509159088134766e+00
3.459342002868652344e+00
3.783653020858764648e+00
3.192581892013549805e+00
3.023514032363891602e+00
4.435316085815429688e+00
3.589067935943603516e+00
4.159271001815795898e+00
4.561675071716308594e+00
2.929395914077758789e+00
3.239258289337158203e+00
4.086198091506958008e+00
3.336109161376953125e+00
3.488711118698120117e+00
3.623034000396728516e+00
3.776129007339477539e+00
4.066607952117919922e+00
3.682347059249877930e+00
2.988317966461181641e+00
3.955569982528686523e+00
3.430733680725097656e+00
4.250403165817260742e+00
3.852234125137329102e+00
2.634017944335937500e+00
4.038048028945922852e+00
2.588123798370361328e+00
3.917069673538208008e+00
3.492513895034790039e+00
3.841725826263427734e+00
3.312880754470825195e+00
4.402096033096313477e+00
3.808921098709106445e+00
3.866638898849487305e+00
4.029165983200073242e+00
3.424499988555908203e+00
3.462512969970703125e+00
3.341202259063720703e+00
3.720637798309326172e+00
3.930284023284912109e+00
4.268742084503173828e+00
3.180001020431518555e+00
3.246028661727905273e+00
3.916916131973266602e+00
3.041509151458740234e+00
4.161702156066894531e+00
3.596430063247680664e+00
3.864913940429687500e+00
3.325666904449462891e+00
3.924163818359375000e+00
4.378248929977416992e+00
4.016934156417846680e+00
4.129539012908935547e+00
3.565318822860717773e+00
4.025443077087402344e+00
3.373944044113159180e+00
4.206546783447265625e+00
3.607408761978149414e+00
4.417613983154296875e+00
4.985008001327514648e+00
3.498934984207153320e+00
3.510920047760009766e+00
3.439605951309204102e+00
4.116360902786254883e+00
3.873644828796386719e+00
3.879725694656372070e+00
3.105228185653686523e+00
3.955945014953613281e+00
3.890985965728759766e+00
3.216104984283447266e+00
4.082113742828369141e+00
2.918030023574829102e+00
3.532892227172851562e+00
3.482654809951782227e+00
4.719160795211791992e+00
3.324757099151611328e+00
3.720218181610107422e+00
3.381103038787841797e+00
3.345105886459350586e+00
4.678392171859741211e+00
3.002818107604980469e+00
3.483731031417846680e+00
4.396586179733276367e+00
3.680417060852050781e+00
3.237625837326049805e+00
4.456604003906250000e+00
3.753057003021240234e+00
3.203211069107055664e+00
4.224323034286499023e+00
4.085080146789550781e+00
3.420444250106811523e+00
4.269378185272216797e+00
3.649024724960327148e+00
3.994812965393066406e+00
3.311272859573364258e+00
3.633324861526489258e+00
4.282235145568847656e+00
3.364766836166381836e+00
4.414793014526367188e+00
4.609635114669799805e+00
4.821461677551269531e+00
5.521512985229492188e+00
4.163542032241821289e+00
4.546860218048095703e+00
3.999031066894531250e+00
3.568850994110107422e+00
3.653827190399169922e+00
4.501893043518066406e+00
4.185020923614501953e+00
4.167705774307250977e+00
3.688271045684814453e+00
5.268584966659545898e+00
3.391029119491577148e+00
3.746787071228027344e+00
4.364549875259399414e+00
5.174670934677124023e+00
3.844749927520751953e+00
3.225209236145019531e+00
3.812622785568237305e+00
3.571876049041748047e+00
3.978533267974853516e+00
4.320601940155029297e+00
5.213593244552612305e+00
3.669659852981567383e+00
3.720427989959716797e+00
3.800601959228515625e+00
2.958583116531372070e+00
3.063897132873535156e+00
3.914514303207397461e+00
5.081420183181762695e+00
3.159648895263671875e+00
3.614037036895751953e+00
3.642438173294067383e+00
4.817940950393676758e+00
5.284241914749145508e+00
3.523728132247924805e+00
3.860630035400390625e+00
3.308763980865478516e+00
5.253968954086303711e+00
5.435218095779418945e+00
4.723311901092529297e+00
5.005891799926757812e+00
4.574316978454589844e+00
3.915751934051513672e+00
5.090930938720703125e+00
3.994564056396484375e+00
4.648446083068847656e+00
5.206639051437377930e+00
5.704630136489868164e+00
3.481534004211425781e+00
3.686724185943603516e+00
3.956635951995849609e+00
4.237466096878051758e+00
5.137855291366577148e+00
4.429874181747436523e+00
5.509172916412353516e+00
5.471971035003662109e+00
4.170529127120971680e+00
4.950403928756713867e+00
4.280694007873535156e+00
4.761695384979248047e+00
4.037065029144287109e+00
4.026387929916381836e+00
4.071887254714965820e+00
4.048092126846313477e+00
4.118250846862792969e+00
3.576517820358276367e+00
4.093944072723388672e+00
3.878008842468261719e+00
3.582776069641113281e+00
4.146775007247924805e+00
4.288506746292114258e+00
4.254309892654418945e+00
3.937920093536376953e+00
3.960742712020874023e+00
4.250591039657592773e+00
4.143883705139160156e+00
6.071971178054809570e+00
5.264322996139526367e+00
4.558005094528198242e+00
5.834698915481567383e+00
5.853857994079589844e+00
4.701716184616088867e+00
4.492289781570434570e+00
3.802000045776367188e+00
3.938874959945678711e+00
4.589934825897216797e+00
4.850069046020507812e+00
6.178175926208496094e+00
4.133474111557006836e+00
4.177147865295410156e+00
4.808701038360595703e+00
6.550518035888671875e+00
5.889766931533813477e+00
4.445256948471069336e+00
4.400832176208496094e+00
3.298346996307373047e+00
4.926787137985229492e+00
4.066226959228515625e+00
4.029080867767333984e+00
3.774045228958129883e+00
4.231549978256225586e+00
4.538727283477783203e+00
4.059156179428100586e+00
4.137103080749511719e+00
3.786877870559692383e+00
3.787656784057617188e+00
3.823584079742431641e+00
5.022593736648559570e+00
5.229965209960937500e+00
3.768920183181762695e+00
4.462295055389404297e+00
4.455071210861206055e+00
3.820262908935546875e+00
3.834376096725463867e+00
5.096310138702392578e+00
4.465130329132080078e+00
3.831299066543579102e+00
3.945389747619628906e+00
3.874479770660400391e+00
5.270119905471801758e+00
3.709296941757202148e+00
2.964321613311767578e+00
4.390656948089599609e+00
4.965434074401855469e+00
5.525301694869995117e+00
4.511892318725585938e+00
3.950406312942504883e+00
5.954882860183715820e+00
4.287100076675415039e+00
5.979055881500244141e+00
4.252171039581298828e+00
3.670678138732910156e+00
5.132903099060058594e+00
5.117870092391967773e+00
5.070443153381347656e+00
4.619009017944335938e+00
4.053783893585205078e+00
6.092190027236938477e+00
3.462862968444824219e+00
3.904416084289550781e+00
5.053689002990722656e+00
4.038466930389404297e+00
3.891812086105346680e+00
3.661326169967651367e+00
3.893464803695678711e+00
4.902840137481689453e+00
5.189133167266845703e+00
5.090664863586425781e+00
4.808286190032958984e+00
3.974683761596679688e+00
4.783122777938842773e+00
4.908557891845703125e+00
5.145504951477050781e+00
5.407138109207153320e+00
5.381827831268310547e+00
5.875403881072998047e+00
4.746993064880371094e+00
2.913350820541381836e+00
4.280588865280151367e+00
4.819386243820190430e+00
6.219863176345825195e+00
5.530450105667114258e+00
4.753935813903808594e+00
4.450052976608276367e+00
4.827851057052612305e+00
5.677889108657836914e+00
7.342031955718994141e+00
4.445168972015380859e+00
5.917728185653686523e+00
5.067959070205688477e+00
4.970996141433715820e+00
4.549412250518798828e+00
5.966607093811035156e+00
3.548708915710449219e+00
3.590210914611816406e+00
4.417848110198974609e+00
5.956153869628906250e+00
5.385870933532714844e+00
4.934266090393066406e+00
3.853323936462402344e+00
7.055186271667480469e+00
3.240657806396484375e+00
5.417672157287597656e+00
4.987857818603515625e+00
4.978178024291992188e+00
5.023974180221557617e+00
6.367817878723144531e+00
4.381322860717773438e+00
6.522228956222534180e+00
6.325911045074462891e+00
5.475620031356811523e+00
5.374394893646240234e+00
3.641671180725097656e+00
3.714844942092895508e+00
6.371852874755859375e+00
3.666705131530761719e+00
6.191429138183593750e+00
6.457122802734375000e+00
5.942708969116210938e+00
5.584076881408691406e+00
5.849925994873046875e+00
4.142306089401245117e+00
4.916910886764526367e+00
5.926041841506958008e+00
5.209022998809814453e+00
4.088873863220214844e+00
6.286447048187255859e+00
6.302246809005737305e+00
3.783968925476074219e+00
6.435926198959350586e+00
7.180599927902221680e+00
4.719802141189575195e+00
5.210878133773803711e+00
6.672772645950317383e+00
5.211940050125122070e+00
5.258409023284912109e+00
5.606134176254272461e+00
5.285429000854492188e+00
3.703245878219604492e+00
4.672495126724243164e+00
3.747139692306518555e+00
3.439940214157104492e+00
4.147608757019042969e+00
3.908040761947631836e+00
3.746037960052490234e+00
3.814975976943969727e+00
4.472208976745605469e+00
4.746947050094604492e+00
3.793645143508911133e+00
4.535625934600830078e+00
4.958103895187377930e+00
4.350524902343750000e+00
5.505131959915161133e+00
3.787178039550781250e+00
5.234665870666503906e+00
3.750970840454101562e+00
3.990751981735229492e+00
5.586541891098022461e+00
6.313101768493652344e+00
3.422859907150268555e+00
4.073159933090209961e+00
3.289268970489501953e+00
6.006995916366577148e+00
4.433192014694213867e+00
4.164566040039062500e+00
5.649047136306762695e+00
4.709460020065307617e+00
4.760878801345825195e+00
4.803202152252197266e+00
4.620467901229858398e+00
4.682075977325439453e+00
5.042486190795898438e+00
4.697116851806640625e+00
5.746600389480590820e+00
3.445024967193603516e+00
4.155942916870117188e+00
4.962763071060180664e+00
5.458238840103149414e+00
4.223623037338256836e+00
4.765218019485473633e+00
5.525081157684326172e+00
4.891447782516479492e+00
4.231540441513061523e+00
4.466876029968261719e+00
5.654682874679565430e+00
3.653610944747924805e+00
4.787527799606323242e+00
5.075911998748779297e+00
4.128031015396118164e+00
4.178509950637817383e+00
8.227761030197143555e+00
3.861027002334594727e+00
4.424860000610351562e+00
6.232689857482910156e+00
3.014317035675048828e+00
4.464546203613281250e+00
3.499857902526855469e+00
3.142492055892944336e+00
4.184094190597534180e+00
4.174877166748046875e+00
4.677932024002075195e+00
4.695536136627197266e+00
5.851796150207519531e+00
3.913494110107421875e+00
6.635440826416015625e+00
3.852132797241210938e+00
4.425993919372558594e+00
4.966213941574096680e+00
4.714048147201538086e+00
3.507909774780273438e+00
4.482761144638061523e+00
4.775130033493041992e+00
4.500773906707763672e+00
4.305380821228027344e+00
4.702036857604980469e+00
4.924472093582153320e+00
4.421191930770874023e+00
3.863422870635986328e+00
3.761538982391357422e+00
4.518707990646362305e+00
2.918702125549316406e+00
3.849357128143310547e+00
4.778431177139282227e+00
5.141727924346923828e+00
3.825749158859252930e+00
4.718683719635009766e+00
3.399256229400634766e+00
6.193425893783569336e+00
3.980983257293701172e+00
4.838382005691528320e+00
4.546501874923706055e+00
4.929247856140136719e+00
3.942123174667358398e+00
4.224564075469970703e+00
4.536717176437377930e+00
3.625118017196655273e+00
4.298889875411987305e+00
3.450137853622436523e+00
4.960678815841674805e+00
2.957396984100341797e+00
3.046663999557495117e+00
4.248480558395385742e+00
3.478796005249023438e+00
5.285905122756958008e+00
4.464959144592285156e+00
3.195347070693969727e+00
5.298902034759521484e+00
3.960587024688720703e+00
3.323747158050537109e+00
4.078940868377685547e+00
4.634672164916992188e+00
3.811823844909667969e+00
4.170293092727661133e+00
3.722435951232910156e+00
3.223291158676147461e+00
3.895257949829101562e+00
3.877520799636840820e+00
3.442089796066284180e+00
5.573613882064819336e+00
3.604915857315063477e+00
3.263319253921508789e+00
6.316981077194213867e+00
3.909693002700805664e+00
3.619744062423706055e+00
3.950681924819946289e+00
3.961650133132934570e+00
3.599482774734497070e+00
4.111561775207519531e+00
5.702435970306396484e+00
4.042297124862670898e+00
3.642699003219604492e+00
6.347398757934570312e+00
4.382035255432128906e+00
2.727487087249755859e+00
3.287461996078491211e+00
3.744365930557250977e+00
4.245069980621337891e+00
3.799933910369873047e+00
4.873282194137573242e+00
4.270516395568847656e+00
2.851022720336914062e+00
5.653079986572265625e+00
3.405700922012329102e+00
5.676796913146972656e+00
3.653446197509765625e+00
3.871662855148315430e+00
3.834825992584228516e+00
4.347506046295166016e+00
3.492506742477416992e+00
3.809674978256225586e+00
6.347486972808837891e+00
3.327601909637451172e+00
4.274756908416748047e+00
3.133506059646606445e+00
3.859989881515502930e+00
3.963978052139282227e+00
3.094679832458496094e+00
3.400547981262207031e+00
3.951534271240234375e+00
3.917908906936645508e+00
4.072612047195434570e+00
3.247102022171020508e+00
3.619106054306030273e+00
4.747441291809082031e+00
3.739669084548950195e+00
3.672309160232543945e+00
3.861371040344238281e+00
3.779912948608398438e+00
3.744911909103393555e+00
4.147789001464843750e+00
4.460639953613281250e+00
3.900380134582519531e+00
3.883482933044433594e+00
3.122025012969970703e+00
4.671895980834960938e+00
4.606015205383300781e+00
3.309722185134887695e+00
4.802851200103759766e+00
4.584221124649047852e+00
3.862487077713012695e+00
4.665296077728271484e+00
4.377862930297851562e+00
3.826479911804199219e+00
4.830484867095947266e+00
4.429363012313842773e+00
4.563117027282714844e+00
4.142657041549682617e+00
3.544618129730224609e+00
4.851063728332519531e+00
3.240703105926513672e+00
4.850955009460449219e+00
4.176420927047729492e+00
5.025744915008544922e+00
5.100870132446289062e+00
4.512998819351196289e+00
4.959831953048706055e+00
5.217363834381103516e+00
4.687097072601318359e+00
5.116388082504272461e+00
3.632930994033813477e+00
5.084544897079467773e+00
4.338128805160522461e+00
5.158802032470703125e+00
4.602939844131469727e+00
4.806436061859130859e+00
4.564886093139648438e+00
4.675120830535888672e+00
5.246356964111328125e+00
4.587105035781860352e+00
3.251119852066040039e+00
4.674651145935058594e+00
5.065848827362060547e+00
4.707429885864257812e+00
5.160323858261108398e+00
5.538678169250488281e+00
5.107679128646850586e+00
5.265605926513671875e+00
3.419950962066650391e+00
5.343044757843017578e+00
6.551474809646606445e+00
4.889071226119995117e+00
4.323177814483642578e+00
5.401191949844360352e+00
4.919538021087646484e+00
4.759608983993530273e+00
4.109634876251220703e+00
5.257053852081298828e+00
3.469367980957031250e+00
3.521984815597534180e+00
4.772970199584960938e+00
3.989663839340209961e+00
5.554965019226074219e+00
5.500357866287231445e+00
5.615663290023803711e+00
4.842430114746093750e+00
5.568807125091552734e+00
4.166934967041015625e+00
5.036391973495483398e+00
5.314216852188110352e+00
5.840996742248535156e+00
5.636309862136840820e+00
5.092054843902587891e+00
3.456405401229858398e+00
5.385158777236938477e+00
4.264231204986572266e+00
4.360980033874511719e+00
5.587413072586059570e+00
4.652020931243896484e+00
4.223747730255126953e+00
3.372589826583862305e+00
3.016854047775268555e+00
3.088806152343750000e+00
4.375883102416992188e+00
4.423461914062500000e+00
3.437384128570556641e+00
3.418729782104492188e+00
5.253957033157348633e+00
3.688904285430908203e+00
3.707778930664062500e+00
4.119146108627319336e+00
4.630840063095092773e+00
4.675467014312744141e+00
3.571190834045410156e+00
3.770331859588623047e+00
5.723069906234741211e+00
4.979825019836425781e+00
3.571779012680053711e+00
3.334846973419189453e+00
4.920883893966674805e+00
4.461340188980102539e+00
4.792833089828491211e+00
3.386430978775024414e+00
4.826026916503906250e+00
2.558924198150634766e+00
3.955192089080810547e+00
3.381798267364501953e+00
6.576264858245849609e+00
6.766059160232543945e+00
6.255435943603515625e+00
4.264036178588867188e+00
3.929510116577148438e+00
3.508817195892333984e+00
4.589614152908325195e+00
5.134063243865966797e+00
3.580449104309082031e+00
3.878706932067871094e+00
4.330115079879760742e+00
6.880907773971557617e+00
3.871578693389892578e+00
5.098152875900268555e+00
4.447517871856689453e+00
4.435022830963134766e+00
3.788166999816894531e+00
6.422166109085083008e+00
3.337305068969726562e+00
3.684885025024414062e+00
2.915802955627441406e+00
5.875027179718017578e+00
5.354909896850585938e+00
6.405628919601440430e+00
4.257458925247192383e+00
5.747825145721435547e+00
3.590532064437866211e+00
4.156043052673339844e+00
5.228978872299194336e+00
4.699967861175537109e+00
3.802594900131225586e+00
5.190309762954711914e+00
4.424508810043334961e+00
4.847300291061401367e+00
5.897691965103149414e+00
5.757736921310424805e+00
3.150289773941040039e+00
3.800287961959838867e+00
4.977971076965332031e+00
5.343616962432861328e+00
5.964641094207763672e+00
5.494692087173461914e+00
5.154141902923583984e+00
5.080457925796508789e+00
4.845198154449462891e+00
6.427432060241699219e+00
3.430789709091186523e+00
7.113698959350585938e+00
4.666221857070922852e+00
3.521393060684204102e+00
4.783177137374877930e+00
4.789621829986572266e+00
3.825374126434326172e+00
4.991648912429809570e+00
4.601174116134643555e+00
4.141533851623535156e+00
3.875597953796386719e+00
6.307870864868164062e+00
5.964453935623168945e+00
4.062210798263549805e+00
3.348669052124023438e+00
2.838274955749511719e+00
3.551360845565795898e+00
4.071491003036499023e+00
3.720492124557495117e+00
4.749790906906127930e+00
6.416680097579956055e+00
5.384773015975952148e+00
4.040843009948730469e+00
4.066668987274169922e+00
3.036715030670166016e+00
3.120172977447509766e+00
5.368339061737060547e+00
3.822376012802124023e+00
4.248183012008666992e+00
4.628852367401123047e+00
3.923858880996704102e+00
3.403153896331787109e+00
3.751384973526000977e+00
4.482136249542236328e+00
3.210542917251586914e+00
4.149565935134887695e+00
4.820863962173461914e+00
3.255052089691162109e+00
5.794024944305419922e+00
3.904353141784667969e+00
4.638678073883056641e+00
4.753293991088867188e+00
5.166117191314697266e+00
2.731749057769775391e+00
4.126107215881347656e+00
4.356032133102416992e+00
3.197582006454467773e+00
3.443608760833740234e+00
4.304915189743041992e+00
5.760280847549438477e+00
5.065916061401367188e+00
4.367642879486083984e+00
3.317014932632446289e+00
4.945285320281982422e+00
4.025094032287597656e+00
4.059586048126220703e+00
3.689970016479492188e+00
3.419548034667968750e+00
3.547688961029052734e+00
5.404433965682983398e+00
3.928570032119750977e+00
4.212740898132324219e+00
4.516235113143920898e+00
4.028146982192993164e+00
4.104436874389648438e+00
4.288782119750976562e+00
4.169765233993530273e+00
4.339279174804687500e+00
4.035741090774536133e+00
4.909124851226806641e+00
4.548022985458374023e+00
4.391059875488281250e+00
4.208727121353149414e+00
4.423793792724609375e+00
4.694399833679199219e+00
4.166526079177856445e+00
4.664156913757324219e+00
4.643435001373291016e+00
3.001169919967651367e+00
4.340769052505493164e+00
4.123903036117553711e+00
5.830566167831420898e+00
5.036909103393554688e+00
3.930124044418334961e+00
5.050554990768432617e+00
4.295587062835693359e+00
5.136766195297241211e+00
4.452068090438842773e+00
4.069636106491088867e+00
4.557312011718750000e+00
4.424191951751708984e+00
4.694473981857299805e+00
4.586601972579956055e+00
4.125149965286254883e+00
4.478004932403564453e+00
4.145298242568969727e+00
5.045797109603881836e+00
4.356636047363281250e+00
3.982867956161499023e+00
3.403702020645141602e+00
4.724864006042480469e+00
4.835622072219848633e+00
4.537916183471679688e+00
5.121204853057861328e+00
4.263824939727783203e+00
5.072123765945434570e+00
3.992146968841552734e+00
5.060880899429321289e+00
3.268281936645507812e+00
4.370841979980468750e+00
3.773307800292968750e+00
3.659512042999267578e+00
4.616261005401611328e+00
3.593707084655761719e+00
3.807544946670532227e+00
4.330339193344116211e+00
2.773866891860961914e+00
3.366367101669311523e+00
4.112441062927246094e+00
4.232895851135253906e+00
4.694113969802856445e+00
3.503943920135498047e+00
2.717902183532714844e+00
4.716572046279907227e+00
3.720459938049316406e+00
3.922973155975341797e+00
5.470146894454956055e+00
2.620096921920776367e+00
5.343178987503051758e+00
4.089439868927001953e+00
4.872067928314208984e+00
4.165913105010986328e+00
4.189882040023803711e+00
3.933588027954101562e+00
3.402262926101684570e+00
3.528599023818969727e+00
5.334012985229492188e+00
3.507793903350830078e+00
4.722375154495239258e+00
3.453925132751464844e+00
5.376633167266845703e+00
4.501612186431884766e+00
3.768420696258544922e+00
3.846560955047607422e+00
3.421561956405639648e+00
4.669207096099853516e+00
5.171283006668090820e+00
4.672910213470458984e+00
3.360884428024291992e+00
3.865404844284057617e+00
3.788710832595825195e+00
3.732126235961914062e+00
4.993056058883666992e+00
3.457030773162841797e+00
4.644518852233886719e+00
4.419378042221069336e+00
4.487888097763061523e+00
4.736548900604248047e+00
5.454812049865722656e+00
6.143707990646362305e+00
4.064764976501464844e+00
4.778327226638793945e+00
4.615876913070678711e+00
4.670303106307983398e+00
4.251207828521728516e+00
4.903285980224609375e+00
4.690185308456420898e+00
4.180635929107666016e+00
4.946354866027832031e+00
4.651936054229736328e+00
4.057054996490478516e+00
4.735234022140502930e+00
3.475357055664062500e+00
2.660725831985473633e+00
3.333345890045166016e+00
4.208171129226684570e+00
3.986482858657836914e+00
4.275506019592285156e+00
3.529514074325561523e+00
4.137169837951660156e+00
3.406870126724243164e+00
5.460223913192749023e+00
4.191504716873168945e+00
4.208442687988281250e+00
3.860426187515258789e+00
3.360918998718261719e+00
4.128547906875610352e+00
3.266752958297729492e+00
3.757111072540283203e+00
3.524384021759033203e+00
4.461524963378906250e+00
4.438435077667236328e+00
4.105772972106933594e+00
3.615488052368164062e+00
3.637484073638916016e+00
6.097866058349609375e+00
4.493311166763305664e+00
3.540179967880249023e+00
4.821192026138305664e+00
4.686760902404785156e+00
5.135058164596557617e+00
4.246567964553833008e+00
5.729847908020019531e+00
2.954431772232055664e+00
4.289148330688476562e+00
4.276160955429077148e+00
4.071848154067993164e+00
5.510441780090332031e+00
4.493154048919677734e+00
3.970182895660400391e+00
3.370994091033935547e+00
4.294696807861328125e+00
3.363456010818481445e+00
3.296005725860595703e+00
2.577454805374145508e+00
3.404875993728637695e+00
3.068974256515502930e+00
3.346888065338134766e+00
4.794378042221069336e+00
4.779952287673950195e+00
3.507580995559692383e+00
3.689649820327758789e+00
4.928191900253295898e+00
3.861133813858032227e+00
4.646697998046875000e+00
3.243080854415893555e+00
4.190685987472534180e+00
3.473188161849975586e+00
3.902628183364868164e+00
3.991475105285644531e+00
3.890662193298339844e+00
3.277412176132202148e+00
4.965738058090209961e+00
3.477084159851074219e+00
4.688987016677856445e+00
3.465741872787475586e+00
3.475775003433227539e+00
3.556078910827636719e+00
3.888764858245849609e+00
5.868055105209350586e+00
5.203023910522460938e+00
4.143906116485595703e+00
3.622354984283447266e+00
3.943595170974731445e+00
6.636022090911865234e+00
3.507078170776367188e+00
4.250712871551513672e+00
4.537574052810668945e+00
5.005187988281250000e+00
5.096565961837768555e+00
4.820494174957275391e+00
3.656084060668945312e+00
3.814756870269775391e+00
4.053228139877319336e+00
3.062896966934204102e+00
4.236644029617309570e+00
3.399802923202514648e+00
4.299169063568115234e+00
3.784602880477905273e+00
4.557784080505371094e+00
4.735537290573120117e+00
3.877781867980957031e+00
5.116255044937133789e+00
4.437806129455566406e+00
3.258450984954833984e+00
3.227387905120849609e+00
4.210239171981811523e+00
4.278020858764648438e+00
5.658130884170532227e+00
4.063008069992065430e+00
4.057860136032104492e+00
4.380813121795654297e+00
3.879633188247680664e+00
4.178394794464111328e+00
4.348166942596435547e+00
4.018407106399536133e+00
3.069165229797363281e+00
4.304975986480712891e+00
4.418994903564453125e+00
3.601191997528076172e+00
3.696565151214599609e+00
4.392864942550659180e+00
4.243139982223510742e+00
4.786862850189208984e+00
4.849839925765991211e+00
4.776837825775146484e+00
3.156854152679443359e+00
4.312914848327636719e+00
3.507092952728271484e+00
3.146886825561523438e+00
3.325757026672363281e+00
3.537158250808715820e+00
4.596728086471557617e+00
5.015120029449462891e+00
3.607567071914672852e+00
3.580983161926269531e+00
4.549602985382080078e+00
5.713400125503540039e+00
4.646170854568481445e+00
4.047844171524047852e+00
4.332313299179077148e+00
4.579292297363281250e+00
3.604686021804809570e+00
5.068757057189941406e+00
4.501721143722534180e+00
5.198334932327270508e+00
4.955976009368896484e+00
3.633956909179687500e+00
3.212970972061157227e+00
4.561018943786621094e+00
4.171783924102783203e+00
4.190604209899902344e+00
3.763101816177368164e+00
4.263302326202392578e+00
5.322248935699462891e+00
3.868145942687988281e+00
4.219602108001708984e+00
5.453752040863037109e+00
5.745273113250732422e+00
4.015514850616455078e+00
4.073246240615844727e+00
5.313881158828735352e+00
4.590229988098144531e+00
6.406306982040405273e+00
4.532707929611206055e+00
4.474908828735351562e+00
5.605204105377197266e+00
4.294841766357421875e+00
3.329222917556762695e+00
4.757798910140991211e+00
3.499993085861206055e+00
4.263075113296508789e+00
5.214981794357299805e+00
4.222583055496215820e+00
5.365795135498046875e+00
5.352669954299926758e+00
5.675347089767456055e+00
5.241746187210083008e+00
3.737384080886840820e+00
4.627588033676147461e+00
4.662034988403320312e+00
5.008875846862792969e+00
4.176268100738525391e+00
4.348818778991699219e+00
6.144808053970336914e+00
5.832528829574584961e+00
4.383486270904541016e+00
4.942129135131835938e+00
4.960899114608764648e+00
6.147269248962402344e+00
4.499596118927001953e+00
4.907700300216674805e+00
5.156716108322143555e+00
6.111867904663085938e+00
4.154822826385498047e+00
6.296878099441528320e+00
4.738238811492919922e+00
4.964302778244018555e+00
4.466794967651367188e+00
4.857815980911254883e+00
5.306873083114624023e+00
4.157261133193969727e+00
1.672970056533813477e+00
3.311214923858642578e+00
4.549480915069580078e+00
3.088241100311279297e+00
3.919133186340332031e+00
5.475705146789550781e+00
3.118175029754638672e+00
4.689979076385498047e+00
2.501692056655883789e+00
3.736518859863281250e+00
4.051295995712280273e+00
5.778108835220336914e+00
4.891665220260620117e+00
5.215716123580932617e+00
3.823091030120849609e+00
3.953547000885009766e+00
2.985572099685668945e+00
4.520412206649780273e+00
3.199304103851318359e+00
3.868198156356811523e+00
4.292284965515136719e+00
5.016376972198486328e+00
5.832448959350585938e+00
3.856823921203613281e+00
6.736737012863159180e+00
3.542823076248168945e+00
5.188994884490966797e+00
3.130557298660278320e+00
4.419219970703125000e+00
6.007718086242675781e+00
5.524373054504394531e+00
5.507245779037475586e+00
3.563212871551513672e+00
4.746638059616088867e+00
5.032515048980712891e+00
4.711116075515747070e+00
5.961619853973388672e+00
5.756032943725585938e+00
3.848217010498046875e+00
3.625422000885009766e+00
4.362008094787597656e+00
4.326727867126464844e+00
4.184631109237670898e+00
5.369253873825073242e+00
4.377511978149414062e+00
4.211232185363769531e+00
4.360264301300048828e+00
3.976230859756469727e+00
4.640433073043823242e+00
4.650587081909179688e+00
6.260205030441284180e+00
4.729377031326293945e+00
4.942418098449707031e+00
3.798032045364379883e+00
4.377171993255615234e+00
5.253663063049316406e+00
4.769658088684082031e+00
4.509439945220947266e+00
5.463763952255249023e+00
2.723052024841308594e+00
4.426342964172363281e+00
4.047085046768188477e+00
4.324105978012084961e+00
4.339533090591430664e+00
4.084213733673095703e+00
5.413962125778198242e+00
4.882927894592285156e+00
4.544536828994750977e+00
4.459709167480468750e+00
6.327965021133422852e+00
5.654724121093750000e+00
4.716315984725952148e+00
4.002326011657714844e+00
4.928308963775634766e+00
6.495355844497680664e+00
4.643960952758789062e+00
3.958918094635009766e+00
2.569597959518432617e+00
5.925360202789306641e+00
3.438663959503173828e+00
3.861128091812133789e+00
3.743281841278076172e+00
5.035114049911499023e+00
5.867717981338500977e+00
4.381097078323364258e+00
3.953781127929687500e+00
3.911944866180419922e+00
2.994874000549316406e+00
4.664906024932861328e+00
5.104591846466064453e+00
3.939484119415283203e+00
3.653050899505615234e+00
4.509234189987182617e+00
3.677876949310302734e+00
4.546237945556640625e+00
3.957478284835815430e+00
4.414730072021484375e+00
3.047297000885009766e+00
3.793262004852294922e+00
3.234825134277343750e+00
3.308907747268676758e+00
2.862546205520629883e+00
3.122657060623168945e+00
3.142662286758422852e+00
2.689627885818481445e+00
3.338504791259765625e+00
3.227583169937133789e+00
3.026267051696777344e+00
4.058337926864624023e+00
4.699382781982421875e+00
3.449836015701293945e+00
4.223485231399536133e+00
4.088784694671630859e+00
2.495586156845092773e+00
4.276211738586425781e+00
4.002596855163574219e+00
4.173307180404663086e+00
3.635664224624633789e+00
3.891151666641235352e+00
3.050997018814086914e+00
3.915034294128417969e+00
3.573912143707275391e+00
3.586261034011840820e+00
4.977218866348266602e+00
4.636066913604736328e+00
3.165376186370849609e+00
3.394527196884155273e+00
3.467988967895507812e+00
3.980856657028198242e+00
4.913226127624511719e+00
4.633478879928588867e+00
4.633605003356933594e+00
5.075649976730346680e+00
4.708353996276855469e+00
4.026996135711669922e+00
3.033874273300170898e+00
4.022209167480468750e+00
3.965038776397705078e+00
3.689670085906982422e+00
4.667397022247314453e+00
4.002204895019531250e+00
5.019641876220703125e+00
3.925143003463745117e+00
2.967771053314208984e+00
4.202514171600341797e+00
2.758020162582397461e+00
2.350974082946777344e+00
5.188813924789428711e+00
3.782010793685913086e+00
3.921815633773803711e+00
3.988259792327880859e+00
2.622485160827636719e+00
2.981218814849853516e+00
2.707292079925537109e+00
2.965999126434326172e+00
2.923394680023193359e+00
2.836781024932861328e+00
3.937407970428466797e+00
3.015690088272094727e+00
2.898518085479736328e+00
4.493896007537841797e+00
4.659329891204833984e+00
3.752723932266235352e+00
4.485687017440795898e+00
4.043082714080810547e+00
3.183067083358764648e+00
3.647165775299072266e+00
4.771188974380493164e+00
3.401638031005859375e+00
4.780673027038574219e+00
4.555917978286743164e+00
3.676268815994262695e+00
3.537823915481567383e+00
3.555049180984497070e+00
4.401233911514282227e+00
4.265440940856933594e+00
3.494035959243774414e+00
3.605679273605346680e+00
4.785741090774536133e+00
3.710128307342529297e+00
4.208432912826538086e+00
5.032979965209960938e+00
5.088171958923339844e+00
5.160355091094970703e+00
3.777055978775024414e+00
3.334662914276123047e+00
4.016610145568847656e+00
3.889782190322875977e+00
3.885753154754638672e+00
3.508332014083862305e+00
3.148083925247192383e+00
4.435044050216674805e+00
4.019478082656860352e+00
5.315719842910766602e+00
4.634450912475585938e+00
3.839202165603637695e+00
4.226010799407958984e+00
3.671039104461669922e+00
4.877275228500366211e+00
3.555436134338378906e+00
3.649899721145629883e+00
4.168426990509033203e+00
4.424058914184570312e+00
3.767345905303955078e+00
4.191681861877441406e+00
5.772820234298706055e+00
5.810084104537963867e+00
5.297652959823608398e+00
5.200774192810058594e+00
3.654814004898071289e+00
4.019704103469848633e+00
5.398120164871215820e+00
5.392787933349609375e+00
4.013425111770629883e+00
3.322836875915527344e+00
4.562922000885009766e+00
4.254324913024902344e+00
3.703116178512573242e+00
6.100015163421630859e+00
4.396699190139770508e+00
3.455692052841186523e+00
2.971554994583129883e+00
4.421672105789184570e+00
4.488737106323242188e+00
4.520687818527221680e+00
4.413585186004638672e+00
4.431406259536743164e+00
4.045685052871704102e+00
4.469487905502319336e+00
2.944970369338989258e+00
4.599230051040649414e+00
4.915917158126831055e+00
4.622303009033203125e+00
4.678698062896728516e+00
6.056833982467651367e+00
5.862533092498779297e+00
4.593253135681152344e+00
4.419476985931396484e+00
4.916652679443359375e+00
4.823896169662475586e+00
4.667632818222045898e+00
2.988252878189086914e+00
4.194410085678100586e+00
4.793164014816284180e+00
4.451200962066650391e+00
3.386147022247314453e+00
3.161303043365478516e+00
4.052715778350830078e+00
4.549360036849975586e+00
4.290596008300781250e+00
2.132471084594726562e+00
4.120650529861450195e+00
3.674242019653320312e+00
4.199765920639038086e+00
4.655055999755859375e+00
3.876402854919433594e+00
4.653975009918212891e+00
5.157047986984252930e+00
5.238433122634887695e+00
5.245855093002319336e+00
4.935114860534667969e+00
5.061044216156005859e+00
5.214150190353393555e+00
4.177712917327880859e+00
5.001499891281127930e+00
3.953573226928710938e+00
4.925055027008056641e+00
4.019378900527954102e+00
5.224270105361938477e+00
5.448538064956665039e+00
3.478414297103881836e+00
3.927800893783569336e+00
5.161508083343505859e+00
4.399289846420288086e+00
4.561538934707641602e+00
4.142588853836059570e+00
5.339967012405395508e+00
5.627991676330566406e+00
3.917994022369384766e+00
5.697630167007446289e+00
3.857179164886474609e+00
5.447201728820800781e+00
3.792133808135986328e+00
3.709430932998657227e+00
5.829982995986938477e+00
4.044289112091064453e+00
4.489516973495483398e+00
4.872625112533569336e+00
4.896520853042602539e+00
5.725774049758911133e+00
3.704272031784057617e+00
4.393763780593872070e+00
4.152476072311401367e+00
3.484749794006347656e+00
4.132533073425292969e+00
6.123399257659912109e+00
4.963595867156982422e+00
5.372791051864624023e+00
5.842963933944702148e+00
5.120349168777465820e+00
3.405285120010375977e+00
3.636532068252563477e+00
5.984680891036987305e+00
4.137172937393188477e+00
4.565810918807983398e+00
5.161551952362060547e+00
3.110044240951538086e+00
5.413972377777099609e+00
3.573086023330688477e+00
4.239678859710693359e+00
4.544128179550170898e+00
4.310124874114990234e+00
4.568941831588745117e+00
6.019400119781494141e+00
4.616041183471679688e+00
4.593755960464477539e+00
4.491738080978393555e+00
2.747662782669067383e+00
4.540660858154296875e+00
4.895817995071411133e+00
3.493417024612426758e+00
3.253057003021240234e+00
3.233155012130737305e+00
3.626631259918212891e+00
4.936719179153442383e+00
3.988848209381103516e+00
6.323626995086669922e+00
2.634731054306030273e+00
3.478015899658203125e+00
4.487717151641845703e+00
6.685912132263183594e+00
4.150332927703857422e+00
3.155318021774291992e+00
4.582545280456542969e+00
4.365178108215332031e+00
5.022137880325317383e+00
3.226041078567504883e+00
4.306362867355346680e+00
4.845049142837524414e+00
4.714188098907470703e+00
3.886654138565063477e+00
3.712862014770507812e+00
3.515035152435302734e+00
4.249457836151123047e+00
5.122677087783813477e+00
2.710958003997802734e+00
3.615834951400756836e+00
5.480769872665405273e+00
4.147551059722900391e+00
3.371967077255249023e+00
4.142196893692016602e+00
5.155584096908569336e+00
4.246041297912597656e+00
5.006546258926391602e+00
4.027516126632690430e+00
4.403702020645141602e+00
4.429232120513916016e+00
5.083311319351196289e+00
4.553596973419189453e+00
3.532500982284545898e+00
4.134796142578125000e+00
4.255997180938720703e+00
3.737465143203735352e+00
3.953837871551513672e+00
4.570757150650024414e+00
4.219957113265991211e+00
4.212529897689819336e+00
5.044734954833984375e+00
4.264474868774414062e+00
3.841664075851440430e+00
4.293892860412597656e+00
5.522313833236694336e+00
3.897281169891357422e+00
4.700612068176269531e+00
2.980205059051513672e+00
4.637249946594238281e+00
3.992408990859985352e+00
3.350467920303344727e+00
4.867927074432373047e+00
4.492188215255737305e+00
4.050594091415405273e+00
5.378863811492919922e+00
4.927671670913696289e+00
3.484973907470703125e+00
4.124100208282470703e+00
3.659535884857177734e+00
6.509710788726806641e+00
3.973006725311279297e+00
4.493437767028808594e+00
4.681509733200073242e+00
3.406864881515502930e+00
4.929038047790527344e+00
4.510307788848876953e+00
4.594818115234375000e+00
3.184231996536254883e+00
4.397044897079467773e+00
6.160605907440185547e+00
6.406672954559326172e+00
3.816081047058105469e+00
4.869755029678344727e+00
4.108470916748046875e+00
4.762970924377441406e+00
4.702967166900634766e+00
3.797317981719970703e+00
3.705883026123046875e+00
5.264034032821655273e+00
3.935363054275512695e+00
4.480818271636962891e+00
6.542621135711669922e+00
5.672225952148437500e+00
4.062072038650512695e+00
4.986101150512695312e+00
3.596783876419067383e+00
4.362015008926391602e+00
3.614408016204833984e+00
4.080664157867431641e+00
4.392485141754150391e+00
3.841059207916259766e+00
5.354788064956665039e+00
4.013628005981445312e+00
3.948863983154296875e+00
4.480946063995361328e+00
4.381485939025878906e+00
4.348594188690185547e+00
4.673439979553222656e+00
4.197246074676513672e+00
4.547927141189575195e+00
5.018882036209106445e+00
4.907690048217773438e+00
4.222250938415527344e+00
5.451220989227294922e+00
3.447988033294677734e+00
4.731369018554687500e+00
4.558298110961914062e+00
5.212332963943481445e+00
5.260787010192871094e+00
5.529655933380126953e+00
4.387914180755615234e+00
4.342263936996459961e+00
4.319812774658203125e+00
4.107781171798706055e+00
4.832249879837036133e+00
5.256693840026855469e+00
4.073529005050659180e+00
5.191749095916748047e+00
7.119208097457885742e+00
4.148889303207397461e+00
4.570039033889770508e+00
4.857188940048217773e+00
4.383874177932739258e+00
7.064248085021972656e+00
5.885894775390625000e+00
4.815261840820312500e+00
7.610217809677124023e+00
4.029309988021850586e+00
4.190117835998535156e+00
5.019006013870239258e+00
4.523505210876464844e+00
5.547377824783325195e+00
4.504375219345092773e+00
5.488825798034667969e+00
5.501618146896362305e+00
4.633419990539550781e+00
4.577955007553100586e+00
5.595303058624267578e+00
4.890635013580322266e+00
2.417551040649414062e+00
3.073778867721557617e+00
4.624453067779541016e+00
3.084956884384155273e+00
3.848628044128417969e+00
4.352516174316406250e+00
4.012539863586425781e+00
3.005204916000366211e+00
4.708226919174194336e+00
4.485193014144897461e+00
3.969069004058837891e+00
4.939230203628540039e+00
2.802682876586914062e+00
4.273905992507934570e+00
3.115511655807495117e+00
4.454702138900756836e+00
4.862278223037719727e+00
4.433116197586059570e+00
4.348729133605957031e+00
4.285269021987915039e+00
4.760074138641357422e+00
3.407222032546997070e+00
4.822242736816406250e+00
2.850579977035522461e+00
3.102932929992675781e+00
5.164268016815185547e+00
3.412197113037109375e+00
3.882306814193725586e+00
4.088235855102539062e+00
4.775710821151733398e+00
4.506068944931030273e+00
4.480473756790161133e+00
4.489503145217895508e+00
4.525044918060302734e+00
3.167356729507446289e+00
3.332055807113647461e+00
4.878072023391723633e+00
3.490413665771484375e+00
3.261379957199096680e+00
3.629966735839843750e+00
3.947532176971435547e+00
5.290857791900634766e+00
3.639464855194091797e+00
3.760186910629272461e+00
4.908464908599853516e+00
5.028846025466918945e+00
4.153161048889160156e+00
3.134515047073364258e+00
3.575097084045410156e+00
3.943686246871948242e+00
3.251847982406616211e+00
4.265464782714843750e+00
3.313843965530395508e+00
6.008964061737060547e+00
4.766739130020141602e+00
3.237577199935913086e+00
4.770441293716430664e+00
4.430665969848632812e+00
3.786300182342529297e+00
3.816066026687622070e+00
4.064014196395874023e+00
3.463413000106811523e+00
4.526466131210327148e+00
3.858196020126342773e+00
4.042741060256958008e+00
4.628719806671142578e+00
3.874060869216918945e+00
4.162923812866210938e+00
3.645903825759887695e+00
3.977782964706420898e+00
4.495473861694335938e+00
4.837430000305175781e+00
3.957854986190795898e+00
3.926226854324340820e+00
3.086241006851196289e+00
3.957990169525146484e+00
3.957947015762329102e+00
2.708289146423339844e+00
4.576411962509155273e+00
3.965965032577514648e+00
4.655861139297485352e+00
4.659348964691162109e+00
6.842193841934204102e+00
4.632545948028564453e+00
4.575972795486450195e+00
2.740125894546508789e+00
4.653447866439819336e+00
4.772535085678100586e+00
3.519191741943359375e+00
5.102595090866088867e+00
3.865571022033691406e+00
3.832410812377929688e+00
3.850845098495483398e+00
4.211578845977783203e+00
4.694714069366455078e+00
4.435352087020874023e+00
3.682123661041259766e+00
3.668032884597778320e+00
4.140479087829589844e+00
4.137670993804931641e+00
4.805778026580810547e+00
4.879649162292480469e+00
4.354423999786376953e+00
3.604218006134033203e+00
4.332504272460937500e+00
3.815074920654296875e+00
3.945441007614135742e+00
3.930290937423706055e+00
4.821148157119750977e+00
4.400180339813232422e+00
3.989880800247192383e+00
4.175275087356567383e+00
3.957494020462036133e+00
4.022171020507812500e+00
5.052518844604492188e+00
3.816582918167114258e+00
4.024060249328613281e+00
5.080322742462158203e+00
3.956765890121459961e+00
4.342067003250122070e+00
5.531836032867431641e+00
4.349367141723632812e+00
4.077249050140380859e+00
3.978773117065429688e+00
4.050844907760620117e+00
5.826310873031616211e+00
4.589286804199218750e+00
3.792386054992675781e+00
4.173341989517211914e+00
4.658546209335327148e+00
6.007933139801025391e+00
4.635648965835571289e+00
5.356776952743530273e+00
3.662178039550781250e+00
4.453943252563476562e+00
4.405256986618041992e+00
4.154832839965820312e+00
4.547894954681396484e+00
3.820549249649047852e+00
4.415718793869018555e+00
3.805494070053100586e+00
4.346875905990600586e+00
4.252985000610351562e+00
4.237289905548095703e+00
4.517112016677856445e+00
5.081537008285522461e+00
5.977477788925170898e+00
3.884624004364013672e+00
4.064280986785888672e+00
4.305231809616088867e+00
3.750239849090576172e+00
3.163074016571044922e+00
3.867694854736328125e+00
4.118249893188476562e+00
5.810482263565063477e+00
4.602208137512207031e+00
4.378061056137084961e+00
3.079509019851684570e+00
3.948231935501098633e+00
4.034098863601684570e+00
3.427127122879028320e+00
4.141376018524169922e+00
5.046272039413452148e+00
3.533074855804443359e+00
4.244792938232421875e+00
3.905968189239501953e+00
4.879296064376831055e+00
4.603209972381591797e+00
3.685013055801391602e+00
4.404962778091430664e+00
4.617182970046997070e+00
2.784586191177368164e+00
3.644861936569213867e+00
4.861387968063354492e+00
4.003470897674560547e+00
4.966579914093017578e+00
3.560467004776000977e+00
4.016718864440917969e+00
6.291875839233398438e+00
4.486371994018554688e+00
2.806190013885498047e+00
3.664227008819580078e+00
5.016055822372436523e+00
5.015635967254638672e+00
4.423496246337890625e+00
4.967733144760131836e+00
4.494097232818603516e+00
4.425477981567382812e+00
4.529325008392333984e+00
4.553903102874755859e+00
5.357085943222045898e+00
5.132627010345458984e+00
4.554793834686279297e+00
5.346657991409301758e+00
5.463427782058715820e+00
3.218128204345703125e+00
5.562233209609985352e+00
4.148351192474365234e+00
5.692986011505126953e+00
5.678576946258544922e+00
5.441862106323242188e+00
5.724696874618530273e+00
4.492559194564819336e+00
4.262300252914428711e+00
3.982900381088256836e+00
3.333657026290893555e+00
4.072010278701782227e+00
3.929815053939819336e+00
5.807833194732666016e+00
3.378515958786010742e+00
2.397045135498046875e+00
5.606824159622192383e+00
5.254582166671752930e+00
3.994663238525390625e+00
3.508766889572143555e+00
3.993445158004760742e+00
3.546700000762939453e+00
5.606817007064819336e+00
3.967329025268554688e+00
3.976319074630737305e+00
4.170969009399414062e+00
3.682142972946166992e+00
4.176794052124023438e+00
2.843820095062255859e+00
3.782971858978271484e+00
4.298510074615478516e+00
4.308710098266601562e+00
4.371757030487060547e+00
3.135286092758178711e+00
3.191514015197753906e+00
4.383897781372070312e+00
3.942504882812500000e+00
3.961570024490356445e+00
4.472939014434814453e+00
4.573385000228881836e+00
4.619102001190185547e+00
3.997503280639648438e+00
3.253624200820922852e+00
4.056612968444824219e+00
4.053684949874877930e+00
4.065973997116088867e+00
2.408482074737548828e+00
3.374658107757568359e+00
5.417298316955566406e+00
4.900573968887329102e+00
4.264033794403076172e+00
4.273270606994628906e+00
4.000978708267211914e+00
3.557712793350219727e+00
3.770825147628784180e+00
3.877485990524291992e+00
3.177814960479736328e+00
5.576043128967285156e+00
3.574873685836791992e+00
3.393664121627807617e+00
3.811005115509033203e+00
3.301577329635620117e+00
2.991284847259521484e+00
3.620819807052612305e+00
4.651666879653930664e+00
4.661188840866088867e+00
3.586842298507690430e+00
3.548647165298461914e+00
3.040596008300781250e+00
4.177329063415527344e+00
2.869745016098022461e+00
3.030066967010498047e+00
4.052468061447143555e+00
3.264760971069335938e+00
3.705866098403930664e+00
3.631003856658935547e+00
3.990683078765869141e+00
3.821496248245239258e+00
3.278523206710815430e+00
4.939843177795410156e+00
5.011626958847045898e+00
3.635091066360473633e+00
3.326784849166870117e+00
3.746277093887329102e+00
4.193926811218261719e+00
3.567148923873901367e+00
4.314656019210815430e+00
3.715561151504516602e+00
3.355184316635131836e+00
4.339025974273681641e+00
4.405194997787475586e+00
3.487474918365478516e+00
3.267026901245117188e+00
4.643769979476928711e+00
3.591607809066772461e+00
4.880007028579711914e+00
4.316983938217163086e+00
3.919419765472412109e+00
4.005676984786987305e+00
5.175256967544555664e+00
3.854352951049804688e+00
3.328140020370483398e+00
4.840120792388916016e+00
4.805644035339355469e+00
4.995568990707397461e+00
4.167867898941040039e+00
4.157932996749877930e+00
4.385102272033691406e+00
4.463600158691406250e+00
5.082005023956298828e+00
4.798658132553100586e+00
5.259326934814453125e+00
3.094271183013916016e+00
5.211435079574584961e+00
5.266310691833496094e+00
3.649711847305297852e+00
4.870237827301025391e+00
4.776278972625732422e+00
5.358042240142822266e+00
4.957602024078369141e+00
5.502634048461914062e+00
5.598374843597412109e+00
5.453276872634887695e+00
4.803524255752563477e+00
4.885983943939208984e+00
4.627557039260864258e+00
4.748286008834838867e+00
5.231757164001464844e+00
3.404421806335449219e+00
4.962786912918090820e+00
5.104020833969116211e+00
5.855972051620483398e+00
4.928828954696655273e+00
4.552119970321655273e+00
4.829047918319702148e+00
5.716039896011352539e+00
5.669648170471191406e+00
3.585814952850341797e+00
3.604027748107910156e+00
3.439445972442626953e+00
3.916067123413085938e+00
4.168502807617187500e+00
3.829406023025512695e+00
4.104372024536132812e+00
4.280137062072753906e+00
3.988590717315673828e+00
3.826255083084106445e+00
3.827003240585327148e+00
5.619505167007446289e+00
4.057152986526489258e+00
5.796703815460205078e+00
5.938416004180908203e+00
3.991365909576416016e+00
5.554153919219970703e+00
4.239130258560180664e+00
6.825983047485351562e+00
4.013104200363159180e+00
6.319418907165527344e+00
6.024036169052124023e+00
5.338268280029296875e+00
4.450402021408081055e+00
4.178354978561401367e+00
5.488074779510498047e+00
4.178112983703613281e+00
5.582978963851928711e+00
5.509500026702880859e+00
5.021539926528930664e+00
5.521704196929931641e+00
4.893716812133789062e+00
4.702601432800292969e+00
5.184645891189575195e+00
6.385848045349121094e+00
3.828454017639160156e+00
3.980703115463256836e+00
3.986871957778930664e+00
6.203280925750732422e+00
5.229717016220092773e+00
6.595870018005371094e+00
4.365695953369140625e+00
4.599699020385742188e+00
5.368257045745849609e+00
7.752591133117675781e+00
4.194262027740478516e+00
5.610666990280151367e+00
2.985491991043090820e+00
4.866911888122558594e+00
4.990635156631469727e+00
5.248968124389648438e+00
5.466296672821044922e+00
5.800745010375976562e+00
4.356110095977783203e+00
5.728788852691650391e+00
6.058532953262329102e+00
4.937380075454711914e+00
6.426492929458618164e+00
3.251619815826416016e+00
5.992411136627197266e+00
3.690451860427856445e+00
3.464704990386962891e+00
5.455324888229370117e+00
3.390856027603149414e+00
7.281548976898193359e+00
4.791980981826782227e+00
7.007220983505249023e+00
5.533647775650024414e+00
6.175683736801147461e+00
5.188218832015991211e+00
4.934532165527343750e+00
5.290117979049682617e+00
6.448297262191772461e+00
4.994217872619628906e+00
4.962272167205810547e+00
4.096253871917724609e+00
3.051628112792968750e+00
5.619426012039184570e+00
7.097877025604248047e+00
6.192308902740478516e+00
3.085554838180541992e+00
3.016555070877075195e+00
6.358696937561035156e+00
4.171343088150024414e+00
5.586786985397338867e+00
5.319179058074951172e+00
6.138432025909423828e+00
4.641577005386352539e+00
3.924881219863891602e+00
5.166006803512573242e+00
4.557848215103149414e+00
5.348148107528686523e+00
6.317579030990600586e+00
5.350148916244506836e+00
3.858846902847290039e+00
4.067097902297973633e+00
2.521095037460327148e+00
3.628499984741210938e+00
4.804527997970581055e+00
4.755496025085449219e+00
2.387384891510009766e+00
5.405876874923706055e+00
5.392625093460083008e+00
7.630215883255004883e+00
4.051409244537353516e+00
3.531696319580078125e+00
4.994692087173461914e+00
4.040899753570556641e+00
8.116573333740234375e+00
5.467081069946289062e+00
2.959814786911010742e+00
4.347161054611206055e+00
4.789840936660766602e+00
3.429719209671020508e+00
4.261273860931396484e+00
3.460448741912841797e+00
4.001121044158935547e+00
5.363703966140747070e+00
2.582776784896850586e+00
4.485595941543579102e+00
2.736486911773681641e+00
3.375072956085205078e+00
5.474254131317138672e+00
4.540985107421875000e+00
3.861535072326660156e+00
3.718911170959472656e+00
3.072949886322021484e+00
3.108042955398559570e+00
4.693891763687133789e+00
5.783506870269775391e+00
3.661577939987182617e+00
3.762835025787353516e+00
6.013965129852294922e+00
4.398383855819702148e+00
4.196557044982910156e+00
4.758072853088378906e+00
4.495865106582641602e+00
6.105295896530151367e+00
3.631476879119873047e+00
3.189089059829711914e+00
3.189870119094848633e+00
6.492028713226318359e+00
7.068810939788818359e+00
4.882328033447265625e+00
5.941212892532348633e+00
5.485831975936889648e+00
4.993658781051635742e+00
6.189502000808715820e+00
4.985556840896606445e+00
6.119763135910034180e+00
6.344091176986694336e+00
3.478389024734497070e+00
3.004181146621704102e+00
3.413718938827514648e+00
3.514679193496704102e+00
5.004736185073852539e+00
3.236064910888671875e+00
3.039881944656372070e+00
3.081248044967651367e+00
6.559926033020019531e+00
2.623301029205322266e+00
3.647849321365356445e+00
3.753942966461181641e+00
3.704137802124023438e+00
2.956974983215332031e+00
2.665372848510742188e+00
2.398918867111206055e+00
3.504167079925537109e+00
3.448075056076049805e+00
3.440415859222412109e+00
3.678277969360351562e+00
3.478701114654541016e+00
5.239684104919433594e+00
3.615446805953979492e+00
3.122790098190307617e+00
2.596333980560302734e+00
4.082768917083740234e+00
2.652419805526733398e+00
3.844865798950195312e+00
3.452021837234497070e+00
3.971735239028930664e+00
3.480298995971679688e+00
3.877786159515380859e+00
3.069893836975097656e+00
4.093714952468872070e+00
4.098731040954589844e+00
3.882712841033935547e+00
3.502365827560424805e+00
3.810519695281982422e+00
3.141350269317626953e+00
4.364466905593872070e+00
3.557169914245605469e+00
2.647208213806152344e+00
3.396121740341186523e+00
4.421105146408081055e+00
4.689146995544433594e+00
4.662899017333984375e+00
5.114898920059204102e+00
3.650717973709106445e+00
3.659641027450561523e+00
3.279023170471191406e+00
3.475178956985473633e+00
3.825135946273803711e+00
3.566406965255737305e+00
2.839457035064697266e+00
3.679106712341308594e+00
3.811663866043090820e+00
3.711645841598510742e+00
3.673210859298706055e+00
4.421463012695312500e+00
3.516268968582153320e+00
3.775739908218383789e+00
3.590575933456420898e+00
3.708256959915161133e+00
3.674800157546997070e+00
3.693866968154907227e+00
3.471781253814697266e+00
3.337283849716186523e+00
4.460558176040649414e+00
4.737949132919311523e+00
5.204717874526977539e+00
5.716629028320312500e+00
4.353680849075317383e+00
3.145737409591674805e+00
3.913641929626464844e+00
4.865688800811767578e+00
3.244235992431640625e+00
2.793499946594238281e+00
3.036967992782592773e+00
3.846643924713134766e+00
4.199644804000854492e+00
3.480444192886352539e+00
3.883417844772338867e+00
3.430662155151367188e+00
3.616371870040893555e+00
3.580804824829101562e+00
3.477440118789672852e+00
4.503404140472412109e+00
3.564970970153808594e+00
3.235959053039550781e+00
2.323317050933837891e+00
3.410931110382080078e+00
4.451407909393310547e+00
3.483056783676147461e+00
4.175035953521728516e+00
3.897835969924926758e+00
4.005213975906372070e+00
3.205713033676147461e+00
4.350529670715332031e+00
3.168839931488037109e+00
4.069549083709716797e+00
4.416394948959350586e+00
3.592732906341552734e+00
2.428832054138183594e+00
4.751827001571655273e+00
4.425117015838623047e+00
4.158077955245971680e+00
4.655488014221191406e+00
4.049466133117675781e+00
3.463624000549316406e+00
3.086307764053344727e+00
3.070389032363891602e+00
2.717082023620605469e+00
3.499737024307250977e+00
3.364470005035400391e+00
4.609025955200195312e+00
3.303828001022338867e+00
4.854173183441162109e+00
3.892991065979003906e+00
4.275479078292846680e+00
3.005182981491088867e+00
3.137235164642333984e+00
3.402446269989013672e+00
3.973865985870361328e+00
4.056087970733642578e+00
4.281954050064086914e+00
4.426315069198608398e+00
4.275086879730224609e+00
4.195048093795776367e+00
4.539062023162841797e+00
3.297957658767700195e+00
2.610147714614868164e+00
4.871290922164916992e+00
4.604053020477294922e+00
2.168431758880615234e+00
3.998842000961303711e+00
5.380558013916015625e+00
5.216722011566162109e+00
5.433710813522338867e+00
3.866976022720336914e+00
4.137047052383422852e+00
4.556565999984741211e+00
4.963285684585571289e+00
5.424932003021240234e+00
5.068605899810791016e+00
3.256756305694580078e+00
4.220741033554077148e+00
3.940831184387207031e+00
4.977988004684448242e+00
4.660326004028320312e+00
2.199242830276489258e+00
4.022977828979492188e+00
5.339123249053955078e+00
4.626732110977172852e+00
4.058238983154296875e+00
2.628948926925659180e+00
5.689097881317138672e+00
4.651756048202514648e+00
3.983470201492309570e+00
5.700864076614379883e+00
4.679363012313842773e+00
2.558404207229614258e+00
4.878685235977172852e+00
3.391680002212524414e+00
4.587555885314941406e+00
4.948809385299682617e+00
3.461969137191772461e+00
4.044119119644165039e+00
5.205620050430297852e+00
5.084480047225952148e+00
2.620862007141113281e+00
2.954928874969482422e+00
3.206270933151245117e+00
3.146663188934326172e+00
3.372030019760131836e+00
5.006711959838867188e+00
4.888151884078979492e+00
5.738032817840576172e+00
3.533026695251464844e+00
3.660337924957275391e+00
4.876089811325073242e+00
5.375319242477416992e+00
3.258347034454345703e+00
5.475821256637573242e+00
3.269292116165161133e+00
4.098901987075805664e+00
4.081988811492919922e+00
4.828765869140625000e+00
3.331260919570922852e+00
3.612629890441894531e+00
3.131238937377929688e+00
3.952304124832153320e+00
4.078452110290527344e+00
3.731513023376464844e+00
3.196772098541259766e+00
4.244535923004150391e+00
3.455224990844726562e+00
3.272279024124145508e+00
4.136914253234863281e+00
3.288393020629882812e+00
5.001574993133544922e+00
4.501749992370605469e+00
2.819535017013549805e+00
4.080554962158203125e+00
4.196955919265747070e+00
3.875329971313476562e+00
2.994499206542968750e+00
3.063137054443359375e+00
2.869682312011718750e+00
3.906049013137817383e+00
3.361877202987670898e+00
5.307360172271728516e+00
3.386811017990112305e+00
2.430408954620361328e+00
2.519482135772705078e+00
3.021365880966186523e+00
3.430071115493774414e+00
3.676764965057373047e+00
3.441531896591186523e+00
3.477035045623779297e+00
3.764274120330810547e+00
3.380713939666748047e+00
3.087571859359741211e+00
3.040877819061279297e+00
3.299965143203735352e+00
2.987797975540161133e+00
3.051206111907958984e+00
3.057477712631225586e+00
3.093930959701538086e+00
3.768097877502441406e+00
2.623538970947265625e+00
3.129408836364746094e+00
2.894750833511352539e+00
3.061052799224853516e+00
2.951257944107055664e+00
3.214252710342407227e+00
3.669799327850341797e+00
3.344648122787475586e+00
3.388082981109619141e+00
3.239486217498779297e+00
2.406738281250000000e+00
2.971345186233520508e+00
3.261119127273559570e+00
4.006211042404174805e+00
2.690003156661987305e+00
4.304429054260253906e+00
3.787177324295043945e+00
4.140355110168457031e+00
2.713490962982177734e+00
3.072643995285034180e+00
3.877634763717651367e+00
4.571234941482543945e+00
2.803445100784301758e+00
2.758483171463012695e+00
3.133410215377807617e+00
3.417360782623291016e+00
4.365425109863281250e+00
4.491787910461425781e+00
2.985986709594726562e+00
3.089821815490722656e+00
3.974942922592163086e+00
4.772490024566650391e+00
2.925273895263671875e+00
3.188966274261474609e+00
2.315736055374145508e+00
3.598191976547241211e+00
4.476275920867919922e+00
2.667712211608886719e+00
2.514332056045532227e+00
3.834549903869628906e+00
3.726508855819702148e+00
3.695029020309448242e+00
4.785934925079345703e+00
3.976147890090942383e+00
2.957950115203857422e+00
4.385622978210449219e+00
4.188498973846435547e+00
3.420729875564575195e+00
3.919299125671386719e+00
3.416441917419433594e+00
4.348320007324218750e+00
4.919629096984863281e+00
4.410557746887207031e+00
4.483644247055053711e+00
5.270168066024780273e+00
3.063115119934082031e+00
4.530618906021118164e+00
4.385552167892456055e+00
3.499318599700927734e+00
3.206212997436523438e+00
3.688316106796264648e+00
3.909373998641967773e+00
3.773432016372680664e+00
5.041276931762695312e+00
3.430598020553588867e+00
4.569934844970703125e+00
4.085451126098632812e+00
4.083943843841552734e+00
3.698919773101806641e+00
4.011420965194702148e+00
4.007694721221923828e+00
3.970795154571533203e+00
5.099238872528076172e+00
6.212243080139160156e+00
4.592458963394165039e+00
4.275652170181274414e+00
4.190151214599609375e+00
3.479650974273681641e+00
3.919446945190429688e+00
3.961556911468505859e+00
3.178900957107543945e+00
3.866414785385131836e+00
3.300153017044067383e+00
4.575520038604736328e+00
3.259649038314819336e+00
3.205877065658569336e+00
5.055525302886962891e+00
4.441279888153076172e+00
4.992787837982177734e+00
4.218430995941162109e+00
3.696933746337890625e+00
5.239485979080200195e+00
3.839008331298828125e+00
5.960664033889770508e+00
4.670563220977783203e+00
4.837352991104125977e+00
4.618345022201538086e+00
4.702611923217773438e+00
5.239091157913208008e+00
4.846788883209228516e+00
5.511667966842651367e+00
6.859620809555053711e+00
4.560768842697143555e+00
4.329220056533813477e+00
5.194880962371826172e+00
4.721654176712036133e+00
5.158396959304809570e+00
3.883692026138305664e+00
3.784783124923706055e+00
4.423372030258178711e+00
4.015595197677612305e+00
3.344208240509033203e+00
6.766445636749267578e+00
5.835125923156738281e+00
3.753261089324951172e+00
3.717634677886962891e+00
4.454291105270385742e+00
6.834631919860839844e+00
5.018374919891357422e+00
4.493824005126953125e+00
5.250589847564697266e+00
4.888634681701660156e+00
3.932779073715209961e+00
3.674947023391723633e+00
4.172878026962280273e+00
2.959556102752685547e+00
2.174287796020507812e+00
2.489876985549926758e+00
4.021855115890502930e+00
3.201624155044555664e+00
4.444993972778320312e+00
4.936568975448608398e+00
4.446148157119750977e+00
5.132318019866943359e+00
4.421016216278076172e+00
4.486244916915893555e+00
3.490216970443725586e+00
5.074177026748657227e+00
5.957844972610473633e+00
5.110332965850830078e+00
4.529524087905883789e+00
5.751762866973876953e+00
3.548165798187255859e+00
4.342314958572387695e+00
4.115226984024047852e+00
6.053878068923950195e+00
6.073603153228759766e+00
3.875784158706665039e+00
3.705177068710327148e+00
5.716066837310791016e+00
2.564887046813964844e+00
2.751159191131591797e+00
4.637122869491577148e+00
4.145588159561157227e+00
4.118793964385986328e+00
3.836546182632446289e+00
3.711107015609741211e+00
3.085284709930419922e+00
4.049204826354980469e+00
5.589899778366088867e+00
6.605801105499267578e+00
3.983818054199218750e+00
3.686851263046264648e+00
2.592166900634765625e+00
4.308788061141967773e+00
2.170469760894775391e+00
3.324337244033813477e+00
3.355684041976928711e+00
2.538920164108276367e+00
3.466252088546752930e+00
2.223994970321655273e+00
4.228563070297241211e+00
3.072915315628051758e+00
2.398990869522094727e+00
2.472268104553222656e+00
2.813367128372192383e+00
3.249358892440795898e+00
3.850169897079467773e+00
2.541747331619262695e+00
2.581024169921875000e+00
4.676098108291625977e+00
4.231839895248413086e+00
2.364766836166381836e+00
4.690814018249511719e+00
3.159919977188110352e+00
2.931323051452636719e+00
3.328084945678710938e+00
3.231544017791748047e+00
3.315315961837768555e+00
3.045963048934936523e+00
3.303537130355834961e+00
5.990324020385742188e+00
4.549635171890258789e+00
3.527497768402099609e+00
3.581103801727294922e+00
2.792893171310424805e+00
2.213714838027954102e+00
3.690126895904541016e+00
3.377928972244262695e+00
3.454460859298706055e+00
2.660684108734130859e+00
4.280351877212524414e+00
3.170230150222778320e+00
3.667437076568603516e+00
3.655234098434448242e+00
3.908895015716552734e+00
5.025590896606445312e+00
2.951227903366088867e+00
3.877287864685058594e+00
3.928997755050659180e+00
3.083364963531494141e+00
3.276842117309570312e+00
3.315748214721679688e+00
4.704249143600463867e+00
4.534819126129150391e+00
4.120504140853881836e+00
4.087302923202514648e+00
3.559792041778564453e+00
4.042051076889038086e+00
4.076455831527709961e+00
4.041510105133056641e+00
3.846486091613769531e+00
3.344524860382080078e+00
3.504189252853393555e+00
3.866929054260253906e+00
4.878216981887817383e+00
3.678653955459594727e+00
4.566286802291870117e+00
5.792742013931274414e+00
4.665302991867065430e+00
4.188354015350341797e+00
6.749127149581909180e+00
3.719010114669799805e+00
4.672002792358398438e+00
4.259648084640502930e+00
3.593410015106201172e+00
4.662509202957153320e+00
4.302947044372558594e+00
3.802196025848388672e+00
4.520133018493652344e+00
5.117488861083984375e+00
4.237889051437377930e+00
5.953927993774414062e+00
3.931170225143432617e+00
4.255208015441894531e+00
4.350976943969726562e+00
4.202023983001708984e+00
3.932437896728515625e+00
4.726180076599121094e+00
5.200556993484497070e+00
4.169645071029663086e+00
4.448818922042846680e+00
4.410675764083862305e+00
4.810980081558227539e+00
4.076746940612792969e+00
4.470103979110717773e+00
4.742078065872192383e+00
4.576565265655517578e+00
4.014197111129760742e+00
4.446663856506347656e+00
5.411473035812377930e+00
5.107222080230712891e+00
5.221900224685668945e+00
4.302373170852661133e+00
3.977848052978515625e+00
4.494369029998779297e+00
3.904476165771484375e+00
4.744216680526733398e+00
5.350136995315551758e+00
4.694540023803710938e+00
4.026925086975097656e+00
2.390067815780639648e+00
5.001204967498779297e+00
4.885033845901489258e+00
4.094890117645263672e+00
3.891535997390747070e+00
4.851077318191528320e+00
4.853491067886352539e+00
4.927442073822021484e+00
5.350695848464965820e+00
4.770109891891479492e+00
5.495212078094482422e+00
4.113193988800048828e+00
4.554065227508544922e+00
3.334651947021484375e+00
3.962406158447265625e+00
4.985631942749023438e+00
4.245698928833007812e+00
3.719178199768066406e+00
4.204365968704223633e+00
4.321694135665893555e+00
3.920269966125488281e+00
4.489672899246215820e+00
3.274955987930297852e+00
4.518291950225830078e+00
3.905076026916503906e+00
3.320165872573852539e+00
3.934334039688110352e+00
4.270612955093383789e+00
4.310113191604614258e+00
4.833017110824584961e+00
4.751694917678833008e+00
4.853405952453613281e+00
4.929679155349731445e+00
3.325109004974365234e+00
4.917217969894409180e+00
4.594742059707641602e+00
3.405379772186279297e+00
4.316975831985473633e+00
4.227447748184204102e+00
3.613276004791259766e+00
3.205084800720214844e+00
4.857485771179199219e+00
3.572736024856567383e+00
3.238708972930908203e+00
4.667739152908325195e+00
6.259835958480834961e+00
2.805589914321899414e+00
5.692696809768676758e+00
4.895280838012695312e+00
3.374593734741210938e+00
2.571417808532714844e+00
4.553719043731689453e+00
4.546863079071044922e+00
3.188530206680297852e+00
2.869092702865600586e+00
5.547761201858520508e+00
3.384593009948730469e+00
3.766177177429199219e+00
2.834852933883666992e+00
4.063006877899169922e+00
2.571107149124145508e+00
2.597547054290771484e+00
3.047220945358276367e+00
4.116060018539428711e+00
4.059956073760986328e+00
2.806401968002319336e+00
3.645122766494750977e+00
3.407052755355834961e+00
3.271439790725708008e+00
3.471125125885009766e+00
4.369819879531860352e+00
2.929893016815185547e+00
4.392417192459106445e+00
4.152358055114746094e+00
3.264440774917602539e+00
3.320031166076660156e+00
4.738316059112548828e+00
4.806241989135742188e+00
3.432847738265991211e+00
4.132387161254882812e+00
3.456980943679809570e+00
3.463794946670532227e+00
3.349671125411987305e+00
2.946846246719360352e+00
3.468582153320312500e+00
4.392731904983520508e+00
3.568900108337402344e+00
3.727257013320922852e+00
3.517041921615600586e+00
3.619845867156982422e+00
3.968302249908447266e+00
3.854881048202514648e+00
3.645583868026733398e+00
3.901618957519531250e+00
3.812910795211791992e+00
3.788425922393798828e+00
2.945776939392089844e+00
3.705667018890380859e+00
3.361749887466430664e+00
3.837271928787231445e+00
4.160956859588623047e+00
4.385795116424560547e+00
4.412297964096069336e+00
3.886039972305297852e+00
4.199570894241333008e+00
4.781416893005371094e+00
3.789680242538452148e+00
4.424332857131958008e+00
3.634956121444702148e+00
3.949175834655761719e+00
3.986723184585571289e+00
4.397382020950317383e+00
3.836948871612548828e+00
4.065315008163452148e+00
4.778697967529296875e+00
3.973260879516601562e+00
3.977025032043457031e+00
4.628153085708618164e+00
4.607372045516967773e+00
4.771883010864257812e+00
4.833455801010131836e+00
4.880392789840698242e+00
4.345276117324829102e+00
4.520857095718383789e+00
4.981406211853027344e+00
4.558686017990112305e+00
4.224939107894897461e+00
5.230059146881103516e+00
4.829784154891967773e+00
5.067945957183837891e+00
4.809893131256103516e+00
5.127758026123046875e+00
4.672734975814819336e+00
2.820197105407714844e+00
4.985484123229980469e+00
2.793011188507080078e+00
4.191753864288330078e+00
4.490409135818481445e+00
4.233998775482177734e+00
5.020442008972167969e+00
4.723186016082763672e+00
3.286767005920410156e+00
5.238819122314453125e+00
5.056719303131103516e+00
4.747985124588012695e+00
2.876824855804443359e+00
4.400584936141967773e+00
3.964557886123657227e+00
4.922910928726196289e+00
3.860104084014892578e+00
3.108434915542602539e+00
3.398978948593139648e+00
4.692503213882446289e+00
2.642163038253784180e+00
3.965541124343872070e+00
2.575746059417724609e+00
3.788935899734497070e+00
4.022217988967895508e+00
3.216048240661621094e+00
3.908757686614990234e+00
5.500567674636840820e+00
4.044439077377319336e+00
4.100213766098022461e+00
5.095538854598999023e+00
4.190912961959838867e+00
4.048645019531250000e+00
4.094283103942871094e+00
4.946356773376464844e+00
5.034810781478881836e+00
4.427394866943359375e+00
4.475435972213745117e+00
4.678992986679077148e+00
4.770439147949218750e+00
5.184274911880493164e+00
2.744415998458862305e+00
3.470019102096557617e+00
4.903574228286743164e+00
2.993155717849731445e+00
5.408904314041137695e+00
4.496565580368041992e+00
4.681903123855590820e+00
5.166882038116455078e+00
3.197762012481689453e+00
5.581812143325805664e+00
4.645874261856079102e+00
5.920293092727661133e+00
5.077152967453002930e+00
4.910335063934326172e+00
4.848285913467407227e+00
5.472250223159790039e+00
4.628881931304931641e+00
4.915136098861694336e+00
4.663429021835327148e+00
4.446103096008300781e+00
4.153180360794067383e+00
4.089926719665527344e+00
5.550110101699829102e+00
3.757977008819580078e+00
4.118668079376220703e+00
2.737994909286499023e+00
3.727565050125122070e+00
5.233641862869262695e+00
5.302165985107421875e+00
4.872494935989379883e+00
3.586460828781127930e+00
3.156536102294921875e+00
3.667429924011230469e+00
3.332701206207275391e+00
3.878401994705200195e+00
2.870925664901733398e+00
4.444482088088989258e+00
4.062083005905151367e+00
4.248229026794433594e+00
3.020947933197021484e+00
2.952880859375000000e+00
3.017117977142333984e+00
3.950790166854858398e+00
3.002820014953613281e+00
3.106223106384277344e+00
3.174576759338378906e+00
4.187720775604248047e+00
4.711977005004882812e+00
4.123184204101562500e+00
4.611612081527709961e+00
4.084059715270996094e+00
3.235878229141235352e+00
4.231109857559204102e+00
3.711091279983520508e+00
3.912961959838867188e+00
4.586866140365600586e+00
4.290295839309692383e+00
3.755883932113647461e+00
4.243587017059326172e+00
6.844173908233642578e+00
3.256049156188964844e+00
4.225156068801879883e+00
3.623113155364990234e+00
4.404468059539794922e+00
3.279690980911254883e+00
4.372570037841796875e+00
3.693694829940795898e+00
3.183456182479858398e+00
3.582123994827270508e+00
3.370517015457153320e+00
3.444985866546630859e+00
3.490900039672851562e+00
3.442063093185424805e+00
3.922091960906982422e+00
4.215175867080688477e+00
3.610794067382812500e+00
4.055483818054199219e+00
3.106551885604858398e+00
4.183836221694946289e+00
4.135258913040161133e+00
4.322252035140991211e+00
4.291753053665161133e+00
3.094767093658447266e+00
2.906316041946411133e+00
3.770658016204833984e+00
3.180059909820556641e+00
3.737720727920532227e+00
3.247444868087768555e+00
3.455586194992065430e+00
3.308092832565307617e+00
4.394777297973632812e+00
3.169513940811157227e+00
3.634178876876831055e+00
4.449540138244628906e+00
4.114376306533813477e+00
4.007493972778320312e+00
4.731249809265136719e+00
4.167937040328979492e+00
3.650929212570190430e+00
3.828930139541625977e+00
3.081002950668334961e+00
4.963892936706542969e+00
3.768099069595336914e+00
3.863396883010864258e+00
3.973238945007324219e+00
3.921466827392578125e+00
4.447605133056640625e+00
5.039099216461181641e+00
4.542465925216674805e+00
4.720259189605712891e+00
3.105013132095336914e+00
4.003904104232788086e+00
5.236896991729736328e+00
4.138546943664550781e+00
5.163526058197021484e+00
4.970939159393310547e+00
5.051938056945800781e+00
3.221632957458496094e+00
5.206108808517456055e+00
5.003829240798950195e+00
4.818181276321411133e+00
5.060210943222045898e+00
4.506030797958374023e+00
5.380130052566528320e+00
4.944910049438476562e+00
5.660985231399536133e+00
4.719693899154663086e+00
5.223893165588378906e+00
5.576890230178833008e+00
4.285491943359375000e+00
3.706250905990600586e+00
5.441409111022949219e+00
3.239156007766723633e+00
5.018391609191894531e+00
5.646231889724731445e+00
3.502432823181152344e+00
4.769849061965942383e+00
3.572340011596679688e+00
3.061120986938476562e+00
4.169666051864624023e+00
5.114781141281127930e+00
5.841903924942016602e+00
6.404822111129760742e+00
5.164119005203247070e+00
4.733583927154541016e+00
4.654716014862060547e+00
5.863143920898437500e+00
3.621136903762817383e+00
5.941457748413085938e+00
3.514337778091430664e+00
5.535842180252075195e+00
5.365555286407470703e+00
3.379952907562255859e+00
5.186533212661743164e+00
4.389196157455444336e+00
5.431185007095336914e+00
4.351855039596557617e+00
4.780868053436279297e+00
3.701489925384521484e+00
4.274680137634277344e+00
3.371646881103515625e+00
5.328540802001953125e+00
3.620944023132324219e+00
2.674075126647949219e+00
2.958788871765136719e+00
5.185421943664550781e+00
3.762040853500366211e+00
3.332167863845825195e+00
4.125256061553955078e+00
3.968003749847412109e+00
3.625648975372314453e+00
3.802515983581542969e+00
3.892868757247924805e+00
4.305680990219116211e+00
4.216296195983886719e+00
4.510062932968139648e+00
4.349768161773681641e+00
4.410144090652465820e+00
2.713428974151611328e+00
4.742698907852172852e+00
4.459802150726318359e+00
4.384735107421875000e+00
4.432606935501098633e+00
4.653131961822509766e+00
4.811156034469604492e+00
4.691806793212890625e+00
4.637579917907714844e+00
4.725135803222656250e+00
4.936980009078979492e+00
2.606786012649536133e+00
4.743901968002319336e+00
3.391127109527587891e+00
3.288593769073486328e+00
4.887749910354614258e+00
5.234526872634887695e+00
3.465367078781127930e+00
3.591173887252807617e+00
3.628340959548950195e+00
2.321232080459594727e+00
3.363698005676269531e+00
3.433547019958496094e+00
3.192311048507690430e+00
3.761888027191162109e+00
3.531003952026367188e+00
3.606904983520507812e+00
3.937101125717163086e+00
3.736124277114868164e+00
5.034717082977294922e+00
2.697399139404296875e+00
2.754544734954833984e+00
4.324979782104492188e+00
4.265887022018432617e+00
3.288808107376098633e+00
4.108729839324951172e+00
4.107427120208740234e+00
3.121451139450073242e+00
3.840067148208618164e+00
5.530733108520507812e+00
4.345077276229858398e+00
3.136707305908203125e+00
5.558629274368286133e+00
5.531823873519897461e+00
3.481319904327392578e+00
3.074549913406372070e+00
2.972222805023193359e+00
3.453334093093872070e+00
4.324829101562500000e+00
3.093760967254638672e+00
3.244866847991943359e+00
3.573456287384033203e+00
3.422527790069580078e+00
4.693804979324340820e+00
3.756604909896850586e+00
2.805784702301025391e+00
3.966148853302001953e+00
3.312929153442382812e+00
4.200813055038452148e+00
2.524099826812744141e+00
3.551558971405029297e+00
4.622840166091918945e+00
3.839410305023193359e+00
5.002908945083618164e+00
3.641454219818115234e+00
4.113836050033569336e+00
3.881140947341918945e+00
3.228419065475463867e+00
3.079878807067871094e+00
3.538644075393676758e+00
3.939987182617187500e+00
3.826835155487060547e+00
4.764772176742553711e+00
3.457188129425048828e+00
3.993681907653808594e+00
4.082988977432250977e+00
4.368016004562377930e+00
2.902267932891845703e+00
4.018295049667358398e+00
4.184170007705688477e+00
4.175066947937011719e+00
4.203934907913208008e+00
4.628663063049316406e+00
3.198761940002441406e+00
4.232887983322143555e+00
4.545428037643432617e+00
4.698933124542236328e+00
2.710757017135620117e+00
4.116610765457153320e+00
4.764057159423828125e+00
4.699759006500244141e+00
4.908308029174804688e+00
4.777404069900512695e+00
4.366663932800292969e+00
4.491327047348022461e+00
4.529261112213134766e+00
3.717417955398559570e+00
4.736451864242553711e+00
3.304022073745727539e+00
4.992665767669677734e+00
3.546095848083496094e+00
4.660746097564697266e+00
3.575103998184204102e+00
2.857324123382568359e+00
2.539662837982177734e+00
4.634719848632812500e+00
4.698550224304199219e+00
4.671228885650634766e+00
5.187914133071899414e+00
5.052062034606933594e+00
5.048593997955322266e+00
3.678385972976684570e+00
5.043979883193969727e+00
5.057723999023437500e+00
5.426159858703613281e+00
2.704308271408081055e+00
5.132252216339111328e+00
2.953144073486328125e+00
3.730258941650390625e+00
3.493505716323852539e+00
5.332311153411865234e+00
2.842075109481811523e+00
3.160475969314575195e+00
3.010722875595092773e+00
2.614758014678955078e+00
3.607256174087524414e+00
3.116821765899658203e+00
3.628639936447143555e+00
3.121583223342895508e+00
2.981725215911865234e+00
2.876249790191650391e+00
3.163969993591308594e+00
3.606399059295654297e+00
3.666451930999755859e+00
3.654042005538940430e+00
4.114671945571899414e+00
3.453788995742797852e+00
2.359843015670776367e+00
3.620385169982910156e+00
3.004421949386596680e+00
4.751854896545410156e+00
4.573661088943481445e+00
4.816007852554321289e+00
4.419222831726074219e+00
3.715929985046386719e+00
5.720065116882324219e+00
4.442098855972290039e+00
3.571488857269287109e+00
4.159680843353271484e+00
3.946301937103271484e+00
4.024369239807128906e+00
4.234209060668945312e+00
2.271561861038208008e+00
4.762747049331665039e+00
3.568677663803100586e+00
2.630749940872192383e+00
3.120137929916381836e+00
4.317608833312988281e+00
3.307262897491455078e+00
3.120992183685302734e+00
4.581251144409179688e+00
4.695756196975708008e+00
4.026993989944458008e+00
4.539332866668701172e+00
4.338645935058593750e+00
2.965360164642333984e+00
4.358958959579467773e+00
4.029773950576782227e+00
5.077216148376464844e+00
3.794501066207885742e+00
2.446191787719726562e+00
4.856331110000610352e+00
4.095511913299560547e+00
4.456989049911499023e+00
6.430320024490356445e+00
7.159103155136108398e+00
4.465217113494873047e+00
2.557710170745849609e+00
3.290565013885498047e+00
2.790328025817871094e+00
3.071063041687011719e+00
2.513156890869140625e+00
2.875360012054443359e+00
3.815161228179931641e+00
2.711703062057495117e+00
2.753655910491943359e+00
2.980167150497436523e+00
2.987754106521606445e+00
3.093101978302001953e+00
3.110725879669189453e+00
3.132859230041503906e+00
3.263236284255981445e+00
2.986015081405639648e+00
3.192414760589599609e+00
3.224052190780639648e+00
2.865084886550903320e+00
3.488581895828247070e+00
3.745063781738281250e+00
3.658924102783203125e+00
3.787551879882812500e+00
2.728697061538696289e+00
3.197131156921386719e+00
3.840760946273803711e+00
3.674434185028076172e+00
3.308456897735595703e+00
3.494222879409790039e+00
4.312392950057983398e+00
3.593156099319458008e+00
3.287554979324340820e+00
4.366465091705322266e+00
3.704201936721801758e+00
3.229288101196289062e+00
3.794208049774169922e+00
3.562776088714599609e+00
4.205849885940551758e+00
3.467661142349243164e+00
3.823671102523803711e+00
3.273552894592285156e+00
4.050101041793823242e+00
3.255583047866821289e+00
3.119644165039062500e+00
3.989377737045288086e+00
4.071852922439575195e+00
4.546764135360717773e+00
3.935947895050048828e+00
3.931685924530029297e+00
3.994778156280517578e+00
4.095224857330322266e+00
4.230320215225219727e+00
4.393628120422363281e+00
2.805988073348999023e+00
3.225315093994140625e+00
4.102674007415771484e+00
4.440623998641967773e+00
4.233460187911987305e+00
3.134572029113769531e+00
4.055601119995117188e+00
3.813499927520751953e+00
4.568149089813232422e+00
3.717382907867431641e+00
4.194536924362182617e+00
3.725868940353393555e+00
4.014495134353637695e+00
5.010217905044555664e+00
4.401016950607299805e+00
4.300045728683471680e+00
3.504082918167114258e+00
4.535708904266357422e+00
3.635234117507934570e+00
3.014990806579589844e+00
4.816590070724487305e+00
4.417344093322753906e+00
4.453945875167846680e+00
2.909551858901977539e+00
2.805031299591064453e+00
3.494183301925659180e+00
3.008697271347045898e+00
3.699405670166015625e+00
4.743176937103271484e+00
4.555533170700073242e+00
2.937435150146484375e+00
3.751228094100952148e+00
3.286312818527221680e+00
3.315529346466064453e+00
3.341524839401245117e+00
3.795865058898925781e+00
3.866533041000366211e+00
5.150552034378051758e+00
3.507719039916992188e+00
3.820019960403442383e+00
3.479165315628051758e+00
2.680715084075927734e+00
3.437922000885009766e+00
3.596967935562133789e+00
2.895918846130371094e+00
3.612112045288085938e+00
4.176306247711181641e+00
3.996994733810424805e+00
3.408888101577758789e+00
3.323189020156860352e+00
4.142625093460083008e+00
4.317742824554443359e+00
2.985538959503173828e+00
4.178003072738647461e+00
3.539727687835693359e+00
4.626731872558593750e+00
4.415613889694213867e+00
3.629273176193237305e+00
3.159378051757812500e+00
4.418792963027954102e+00
3.132378101348876953e+00
3.061700105667114258e+00
3.733547210693359375e+00
3.794799089431762695e+00
3.741631984710693359e+00
3.691465139389038086e+00
3.397196054458618164e+00
2.299426078796386719e+00
3.298327684402465820e+00
4.603244066238403320e+00
2.791667222976684570e+00
2.847527027130126953e+00
3.341861963272094727e+00
3.212814092636108398e+00
3.372090816497802734e+00
2.713370323181152344e+00
2.856794834136962891e+00
3.473699092864990234e+00
2.643378973007202148e+00
4.323304176330566406e+00
3.881747007369995117e+00
3.485811948776245117e+00
4.256925821304321289e+00
3.777504920959472656e+00
4.286472797393798828e+00
4.073568105697631836e+00
4.675465106964111328e+00
3.641847133636474609e+00
5.421963930130004883e+00
5.305459976196289062e+00
3.272484064102172852e+00
3.751365900039672852e+00
3.733195066452026367e+00
3.821648120880126953e+00
3.354769229888916016e+00
3.952172994613647461e+00
4.079800844192504883e+00
3.968196630477905273e+00
3.667899131774902344e+00
3.684540987014770508e+00
4.143701076507568359e+00
3.366146087646484375e+00
3.610121965408325195e+00
2.689439296722412109e+00
2.874294996261596680e+00
3.188204050064086914e+00
4.895138025283813477e+00
4.530709981918334961e+00
4.515538215637207031e+00
4.018906831741333008e+00
4.067766904830932617e+00
3.049676895141601562e+00
3.183768033981323242e+00
3.965713262557983398e+00
4.086302042007446289e+00
3.963104009628295898e+00
3.528344154357910156e+00
4.116169929504394531e+00
4.020635843276977539e+00
4.993246078491210938e+00
4.146114110946655273e+00
2.975886821746826172e+00
4.303170919418334961e+00
4.499819040298461914e+00
4.626911878585815430e+00
4.135185956954956055e+00
4.434340000152587891e+00
3.052403926849365234e+00
4.372849941253662109e+00
4.207984209060668945e+00
3.267623901367187500e+00
2.649611949920654297e+00
4.419843912124633789e+00
4.069765806198120117e+00
4.200253963470458984e+00
3.153541803359985352e+00
4.622459888458251953e+00
4.396240949630737305e+00
3.639126062393188477e+00
3.712750911712646484e+00
4.093742132186889648e+00
4.543854951858520508e+00
3.406781911849975586e+00
4.912961006164550781e+00
4.379124164581298828e+00
4.688210010528564453e+00
5.086914062500000000e+00
4.480940103530883789e+00
3.753785133361816406e+00
4.313112020492553711e+00
5.424892902374267578e+00
4.029475927352905273e+00
4.070205211639404297e+00
4.849691867828369141e+00
5.234231948852539062e+00
4.248274326324462891e+00
3.967654943466186523e+00
4.038670063018798828e+00
4.954279899597167969e+00
4.057986974716186523e+00
4.435029983520507812e+00
4.674156904220581055e+00
4.490827083587646484e+00
4.724929809570312500e+00
3.475785255432128906e+00
4.169167280197143555e+00
4.236759185791015625e+00
2.988439798355102539e+00
4.122094154357910156e+00
4.623566150665283203e+00
4.537819147109985352e+00
3.938476085662841797e+00
3.729660272598266602e+00
5.055767059326171875e+00
3.443093061447143555e+00
5.008771181106567383e+00
5.067539930343627930e+00
3.511005878448486328e+00
4.148273944854736328e+00
4.617244958877563477e+00
5.032816171646118164e+00
4.464162826538085938e+00
4.343000888824462891e+00
4.722469091415405273e+00
2.881864070892333984e+00
3.611757993698120117e+00
3.550307989120483398e+00
2.418639183044433594e+00
4.307057857513427734e+00
4.004158973693847656e+00
4.760125160217285156e+00
4.485613822937011719e+00
3.008829116821289062e+00
4.159684181213378906e+00
2.849380254745483398e+00
3.388190031051635742e+00
4.227073907852172852e+00
2.914282798767089844e+00
4.172795772552490234e+00
3.069308996200561523e+00
2.931045055389404297e+00
2.590766906738281250e+00
3.298977136611938477e+00
2.408593177795410156e+00
3.759407997131347656e+00
4.960671901702880859e+00
3.120598077774047852e+00
3.802711009979248047e+00
2.780140161514282227e+00
2.445888996124267578e+00
3.040769100189208984e+00
4.018004179000854492e+00
2.822837114334106445e+00
4.010274887084960938e+00
2.839169979095458984e+00
3.123286008834838867e+00
3.187350988388061523e+00
3.508193969726562500e+00
2.969957113265991211e+00
4.004074096679687500e+00
1.990931272506713867e+00
2.923532247543334961e+00
4.159325838088989258e+00
4.623639106750488281e+00
3.848522186279296875e+00
3.515532016754150391e+00
1.964931964874267578e+00
3.856489896774291992e+00
3.740393877029418945e+00
3.789469003677368164e+00
3.061789035797119141e+00
2.347855806350708008e+00
3.448035717010498047e+00
3.955983877182006836e+00
4.352766990661621094e+00
3.138150930404663086e+00
3.914467811584472656e+00
3.811208963394165039e+00
3.174915075302124023e+00
3.102231025695800781e+00
2.956410884857177734e+00
4.547983884811401367e+00
5.068975210189819336e+00
3.196500062942504883e+00
3.525273799896240234e+00
4.572670221328735352e+00
4.131392002105712891e+00
4.729157209396362305e+00
4.982800006866455078e+00
5.728505134582519531e+00
3.806790828704833984e+00
3.182900905609130859e+00
4.818763017654418945e+00
4.891984224319458008e+00
4.024878025054931641e+00
3.370007038116455078e+00
3.776333093643188477e+00
4.662754774093627930e+00
3.263469219207763672e+00
4.318025112152099609e+00
3.493632078170776367e+00
4.469615697860717773e+00
4.762550115585327148e+00
3.842558383941650391e+00
5.282054901123046875e+00
3.826782941818237305e+00
3.925724744796752930e+00
4.992612838745117188e+00
5.278578996658325195e+00
4.393046140670776367e+00
4.522865056991577148e+00
3.547805070877075195e+00
3.682368993759155273e+00
3.034373998641967773e+00
4.591048002243041992e+00
4.054804086685180664e+00
4.638432025909423828e+00
3.468239068984985352e+00
4.018287658691406250e+00
4.131958961486816406e+00
4.372268915176391602e+00
3.943625926971435547e+00
3.492246866226196289e+00
4.051926851272583008e+00
4.648639917373657227e+00
2.787938117980957031e+00
4.329503774642944336e+00
3.991185903549194336e+00
4.607121944427490234e+00
5.099045991897583008e+00
3.209130048751831055e+00
3.059808969497680664e+00
4.700386047363281250e+00
4.429965019226074219e+00
2.809557914733886719e+00
2.772983074188232422e+00
4.165409088134765625e+00
4.605053901672363281e+00
4.869363307952880859e+00
3.140143156051635742e+00
4.420379877090454102e+00
4.375982046127319336e+00
4.310628890991210938e+00
3.265811204910278320e+00
2.355153322219848633e+00
3.014246225357055664e+00
2.864688158035278320e+00
2.516243219375610352e+00
4.447465896606445312e+00
2.851590871810913086e+00
4.634094238281250000e+00
4.243968963623046875e+00
3.790172815322875977e+00
3.937135934829711914e+00
4.944662809371948242e+00
4.771608114242553711e+00
2.779566049575805664e+00
4.842713832855224609e+00
4.447800159454345703e+00
4.673004865646362305e+00
4.974887132644653320e+00
2.698970079421997070e+00
4.250389814376831055e+00
4.545149087905883789e+00
2.542078971862792969e+00
5.147284030914306641e+00
4.476354122161865234e+00
3.524693965911865234e+00
3.072869062423706055e+00
2.707943201065063477e+00
3.254537820816040039e+00
2.824778795242309570e+00
3.427375078201293945e+00
3.097430944442749023e+00
5.102949142456054688e+00
5.315965175628662109e+00
5.361186981201171875e+00
6.110410928726196289e+00
3.226544141769409180e+00
5.772807836532592773e+00
3.353813886642456055e+00
3.264114141464233398e+00
3.644512891769409180e+00
4.130399942398071289e+00
5.984779119491577148e+00
3.320946931838989258e+00
2.892427921295166016e+00
2.497060298919677734e+00
3.169657945632934570e+00
3.081490993499755859e+00
3.534188032150268555e+00
3.164777040481567383e+00
3.399935960769653320e+00
2.939354181289672852e+00
3.162431955337524414e+00
2.951848745346069336e+00
3.171485900878906250e+00
3.346740007400512695e+00
2.739406108856201172e+00
2.800586938858032227e+00
2.989383935928344727e+00
3.270980834960937500e+00
2.767472982406616211e+00
3.715603113174438477e+00
4.390244007110595703e+00
3.543464899063110352e+00
3.466428756713867188e+00
4.506997823715209961e+00
2.879519939422607422e+00
3.802391052246093750e+00
3.396506071090698242e+00
4.459534168243408203e+00
4.027272939682006836e+00
3.811292886734008789e+00
4.193434000015258789e+00
4.055052995681762695e+00
4.094050884246826172e+00
4.194724798202514648e+00
3.291329145431518555e+00
5.167599678039550781e+00
4.050797939300537109e+00
4.027725934982299805e+00
4.949228048324584961e+00
3.627576112747192383e+00
4.167255640029907227e+00
5.105856895446777344e+00
3.775284051895141602e+00
3.459467887878417969e+00
3.793638944625854492e+00
4.390535116195678711e+00
2.912089109420776367e+00
4.450572967529296875e+00
4.838382720947265625e+00
2.755630970001220703e+00
4.047987937927246094e+00
5.093955993652343750e+00
4.654833078384399414e+00
3.565802097320556641e+00
3.884970188140869141e+00
5.105515956878662109e+00
4.541335105895996094e+00
4.325407028198242188e+00
5.002276897430419922e+00
4.915700197219848633e+00
5.515007019042968750e+00
5.772322893142700195e+00
3.241657972335815430e+00
3.931435108184814453e+00
4.973912000656127930e+00
5.723608732223510742e+00
3.424415111541748047e+00
3.602435111999511719e+00
3.780954837799072266e+00
3.777399063110351562e+00
3.271967172622680664e+00
3.948493003845214844e+00
3.622821092605590820e+00
4.088232040405273438e+00
3.683599233627319336e+00
3.682919979095458984e+00
3.957953929901123047e+00
4.339397192001342773e+00
4.269220113754272461e+00
2.821724891662597656e+00
2.395463943481445312e+00
4.600916147232055664e+00
4.355355978012084961e+00
4.150925159454345703e+00
3.471568822860717773e+00
2.925879001617431641e+00
4.688729047775268555e+00
3.700814008712768555e+00
4.606761932373046875e+00
4.761804819107055664e+00
4.834467887878417969e+00
5.445287942886352539e+00
2.782669782638549805e+00
4.776447057723999023e+00
4.529733896255493164e+00
5.295239925384521484e+00
4.549487829208374023e+00
4.324832916259765625e+00
3.649880886077880859e+00
4.158032894134521484e+00
3.238433122634887695e+00
3.718991756439208984e+00
3.273748874664306641e+00
5.441091060638427734e+00
3.145792961120605469e+00
5.038117170333862305e+00
5.320894956588745117e+00
3.447381019592285156e+00
5.680074930191040039e+00
5.278697013854980469e+00
3.534337043762207031e+00
3.323332786560058594e+00
4.602134943008422852e+00
4.474316120147705078e+00
3.690712213516235352e+00
4.834116697311401367e+00
3.211599111557006836e+00
4.697163105010986328e+00
3.570430040359497070e+00
4.713432073593139648e+00
3.581161022186279297e+00
3.752002239227294922e+00
4.023390054702758789e+00
3.973444938659667969e+00
2.993846178054809570e+00
3.532058000564575195e+00
4.996860265731811523e+00
4.685012817382812500e+00
4.240131139755249023e+00
6.237851858139038086e+00
5.837417125701904297e+00
4.936197042465209961e+00
5.110268115997314453e+00
4.158983945846557617e+00
4.153725147247314453e+00
4.063831090927124023e+00
4.403320074081420898e+00
4.306607007980346680e+00
4.017356157302856445e+00
4.426231145858764648e+00
5.514160871505737305e+00
4.263783931732177734e+00
4.599116086959838867e+00
4.169456720352172852e+00
4.636004924774169922e+00
4.598089933395385742e+00
3.534926176071166992e+00
4.625368118286132812e+00
4.728651046752929688e+00
4.778309106826782227e+00
3.184237957000732422e+00
4.528428792953491211e+00
5.797801017761230469e+00
4.442654848098754883e+00
4.533080816268920898e+00
5.091639995574951172e+00
3.963785886764526367e+00
3.634798049926757812e+00
7.332259178161621094e+00
4.214316129684448242e+00
4.399981021881103516e+00
3.405928850173950195e+00
3.575545072555541992e+00
5.510354995727539062e+00
4.386852979660034180e+00
2.749644994735717773e+00
2.725443124771118164e+00
2.931560993194580078e+00
5.380274057388305664e+00
4.000311851501464844e+00
3.552088737487792969e+00
3.175963163375854492e+00
4.517068147659301758e+00
2.974310159683227539e+00
3.559038877487182617e+00
4.305537939071655273e+00
3.823111057281494141e+00
5.891583442687988281e+00
4.275961160659790039e+00
3.984693050384521484e+00
4.910537242889404297e+00
4.969996929168701172e+00
4.616834163665771484e+00
5.011379241943359375e+00
4.077053785324096680e+00
6.086086273193359375e+00
4.085452795028686523e+00
3.539009094238281250e+00
4.441797971725463867e+00
3.748772144317626953e+00
4.251999855041503906e+00
4.770582914352416992e+00
4.761083126068115234e+00
3.708657264709472656e+00
4.025727033615112305e+00
3.879040002822875977e+00
3.980893850326538086e+00
5.063169956207275391e+00
2.786805868148803711e+00
4.592871189117431641e+00
3.349835157394409180e+00
2.740129947662353516e+00
4.235596179962158203e+00
4.392547130584716797e+00
3.602632999420166016e+00
6.078324794769287109e+00
4.050209999084472656e+00
5.206367969512939453e+00
4.858508110046386719e+00
4.608927965164184570e+00
4.384142160415649414e+00
5.463212966918945312e+00
2.000236988067626953e+00
4.654606103897094727e+00
4.514518976211547852e+00
3.259635925292968750e+00
4.320349931716918945e+00
3.661807775497436523e+00
2.856523752212524414e+00
3.725687026977539062e+00
4.477875947952270508e+00
2.703397274017333984e+00
4.236296892166137695e+00
2.564141988754272461e+00
6.088797092437744141e+00
3.245712041854858398e+00
5.260725975036621094e+00
5.436630964279174805e+00
4.612700223922729492e+00
6.468194007873535156e+00
5.446207046508789062e+00
4.656545162200927734e+00
5.295006275177001953e+00
5.514924049377441406e+00
6.062098979949951172e+00
5.331578016281127930e+00
5.517331838607788086e+00
4.456408023834228516e+00
3.830463886260986328e+00
3.219828128814697266e+00
4.128652095794677734e+00
3.913490056991577148e+00
5.298628807067871094e+00
5.577371835708618164e+00
4.018469810485839844e+00
5.049165010452270508e+00
5.615710973739624023e+00
3.942853212356567383e+00
5.007482051849365234e+00
5.566969871520996094e+00
5.549865961074829102e+00
5.218285083770751953e+00
6.065099000930786133e+00
2.503323793411254883e+00
3.712380886077880859e+00
3.410591125488281250e+00
4.272269725799560547e+00
4.774839162826538086e+00
3.059476375579833984e+00
5.334732055664062500e+00
4.479104995727539062e+00
4.836767911911010742e+00
4.478687047958374023e+00
2.938755989074707031e+00
3.148425102233886719e+00
4.460164785385131836e+00
2.947000026702880859e+00
4.604599714279174805e+00
5.507077217102050781e+00
3.881040811538696289e+00
2.428022623062133789e+00
2.962508678436279297e+00
2.411031007766723633e+00
3.474169015884399414e+00
2.645709991455078125e+00
2.699095010757446289e+00
3.647368907928466797e+00
2.802114963531494141e+00
2.019147157669067383e+00
2.757688999176025391e+00
4.305246114730834961e+00
2.957885980606079102e+00
2.880141019821166992e+00
3.673877000808715820e+00
4.131133079528808594e+00
2.439445018768310547e+00
3.031251907348632812e+00
4.008635759353637695e+00
2.990826845169067383e+00
3.630379915237426758e+00
4.588142871856689453e+00
4.264065027236938477e+00
3.518344163894653320e+00
3.384287834167480469e+00
3.382184743881225586e+00
2.904220104217529297e+00
3.642486095428466797e+00
3.989928960800170898e+00
4.213340997695922852e+00
3.348778009414672852e+00
2.736590147018432617e+00
4.498907804489135742e+00
3.328561067581176758e+00
4.032689809799194336e+00
3.283592939376831055e+00
3.110888004302978516e+00
2.960021972656250000e+00
2.591097116470336914e+00
2.150784969329833984e+00
2.976642847061157227e+00
3.027388811111450195e+00
3.124429225921630859e+00
2.943656921386718750e+00
3.292549133300781250e+00
3.622128248214721680e+00
3.652971029281616211e+00
3.660553932189941406e+00
3.001636028289794922e+00
3.210208892822265625e+00
3.011063098907470703e+00
3.149380207061767578e+00
3.456644058227539062e+00
3.684252023696899414e+00
4.069642066955566406e+00
3.702940940856933594e+00
3.191981077194213867e+00
4.132142782211303711e+00
3.528555870056152344e+00
3.295473098754882812e+00
3.888128995895385742e+00
4.121423006057739258e+00
4.078914165496826172e+00
4.028603076934814453e+00
3.891956090927124023e+00
4.411442041397094727e+00
4.058745861053466797e+00
4.220906972885131836e+00
4.183146953582763672e+00
4.122405052185058594e+00
4.460577726364135742e+00
4.476748704910278320e+00
4.199867963790893555e+00
4.312791109085083008e+00
4.746286153793334961e+00
3.989447832107543945e+00
4.673781156539916992e+00
4.362163066864013672e+00
3.293063402175903320e+00
4.954959869384765625e+00
2.898471117019653320e+00
3.547880887985229492e+00
3.097075939178466797e+00
4.173717021942138672e+00
5.124433755874633789e+00
3.477676868438720703e+00
4.404136896133422852e+00
5.085316181182861328e+00
4.010291099548339844e+00
4.668270826339721680e+00
4.559527873992919922e+00
3.217468738555908203e+00
4.057908058166503906e+00
3.596012115478515625e+00
3.929040908813476562e+00
5.153755903244018555e+00
3.003888845443725586e+00
3.729896783828735352e+00
2.684864997863769531e+00
4.283414840698242188e+00
3.222085237503051758e+00
3.625288009643554688e+00
3.079516887664794922e+00
4.681401014328002930e+00
3.643544197082519531e+00
4.897118806838989258e+00
2.989334106445312500e+00
4.523813009262084961e+00
4.983267068862915039e+00
4.282577991485595703e+00
3.603686332702636719e+00
4.755843162536621094e+00
4.117903947830200195e+00
4.744344234466552734e+00
4.770365238189697266e+00
3.102185010910034180e+00
4.409623146057128906e+00
6.336230993270874023e+00
3.590735912322998047e+00
4.318469047546386719e+00
3.344276905059814453e+00
3.071800947189331055e+00
2.919959068298339844e+00
3.812025785446166992e+00
3.078211069107055664e+00
4.079275131225585938e+00
3.252323150634765625e+00
4.658227920532226562e+00
4.515614986419677734e+00
3.661983966827392578e+00
3.874205827713012695e+00
3.339462280273437500e+00
3.122906208038330078e+00
3.723481893539428711e+00
3.637373924255371094e+00
2.501764297485351562e+00
3.199703693389892578e+00
4.132919073104858398e+00
3.227016925811767578e+00
3.687714099884033203e+00
4.582885980606079102e+00
3.980284929275512695e+00
3.200187921524047852e+00
4.072407007217407227e+00
4.773089170455932617e+00
3.440349817276000977e+00
3.936855077743530273e+00
4.090484857559204102e+00
4.503341913223266602e+00
4.770700216293334961e+00
2.896614789962768555e+00
4.734448194503784180e+00
4.571192026138305664e+00
4.421488046646118164e+00
4.244546890258789062e+00
4.924459934234619141e+00
3.573273897171020508e+00
5.315881013870239258e+00
2.976367950439453125e+00
5.129897117614746094e+00
1.933176040649414062e+00
3.255965948104858398e+00
4.198160886764526367e+00
3.291432857513427734e+00
5.306457042694091797e+00
4.690361022949218750e+00
3.021675109863281250e+00
4.284034013748168945e+00
3.394494056701660156e+00
5.197505950927734375e+00
3.011063098907470703e+00
4.485186100006103516e+00
4.810805797576904297e+00
3.279724121093750000e+00
3.271391868591308594e+00
4.067682981491088867e+00
3.233136892318725586e+00
4.645658016204833984e+00
4.331784248352050781e+00
2.939153909683227539e+00
2.360808134078979492e+00
3.032345056533813477e+00
2.677770137786865234e+00
5.029600858688354492e+00
3.499400377273559570e+00
4.632519960403442383e+00
6.168513059616088867e+00
6.288120031356811523e+00
4.092471122741699219e+00
4.132559776306152344e+00
5.080501079559326172e+00
5.191662788391113281e+00
3.572506666183471680e+00
3.893673896789550781e+00
5.031702756881713867e+00
5.206450939178466797e+00
3.789204835891723633e+00
4.209487915039062500e+00
4.350500106811523438e+00
3.771211147308349609e+00
3.571053028106689453e+00
4.524943113327026367e+00
2.938676118850708008e+00
3.771354913711547852e+00
3.916011095046997070e+00
4.538182973861694336e+00
3.936870098114013672e+00
5.001024007797241211e+00
6.972601890563964844e+00
5.622153997421264648e+00
5.118095874786376953e+00
2.782372951507568359e+00
2.788831949234008789e+00
3.093569993972778320e+00
2.573239088058471680e+00
2.858329057693481445e+00
2.775527000427246094e+00
3.005533218383789062e+00
3.026571035385131836e+00
2.121222019195556641e+00
3.190426111221313477e+00
4.926888942718505859e+00
2.923486948013305664e+00
2.312232017517089844e+00
3.142765998840332031e+00
3.196564912796020508e+00
2.624943971633911133e+00
2.134134054183959961e+00
3.514994144439697266e+00
3.050585031509399414e+00
3.922472000122070312e+00
2.606614112854003906e+00
2.713272094726562500e+00
3.669575929641723633e+00
3.567459821701049805e+00
3.570960998535156250e+00
3.688675165176391602e+00
2.455052852630615234e+00
3.308990001678466797e+00
4.424444913864135742e+00
3.070829153060913086e+00
3.317124843597412109e+00
2.910480260848999023e+00
3.842682123184204102e+00
2.916654109954833984e+00
3.595117092132568359e+00
3.232856035232543945e+00
4.583528757095336914e+00
3.089124202728271484e+00
3.237683773040771484e+00
2.963356018066406250e+00
2.968077898025512695e+00
3.872558832168579102e+00
3.090178012847900391e+00
3.100481986999511719e+00
3.681262016296386719e+00
3.758749008178710938e+00
2.456503152847290039e+00
3.685571193695068359e+00
4.091109752655029297e+00
3.815348148345947266e+00
4.035014867782592773e+00
5.265979051589965820e+00
3.679577827453613281e+00
3.649547100067138672e+00
3.191154956817626953e+00
4.008018970489501953e+00
3.960204124450683594e+00
3.971824169158935547e+00
4.188621759414672852e+00
4.099602937698364258e+00
4.639189004898071289e+00
4.496492147445678711e+00
3.395780801773071289e+00
4.678725719451904297e+00
4.394917964935302734e+00
4.014050006866455078e+00
4.007694005966186523e+00
4.417938947677612305e+00
4.040775060653686523e+00
4.438034057617187500e+00
4.145024061203002930e+00
4.438765048980712891e+00
3.337793111801147461e+00
4.701106071472167969e+00
4.120861768722534180e+00
2.800532102584838867e+00
3.838061809539794922e+00
3.041311979293823242e+00
4.950034856796264648e+00
3.703972101211547852e+00
3.500399112701416016e+00
4.605746984481811523e+00
2.847020149230957031e+00
4.168628931045532227e+00
3.807430028915405273e+00
3.601918220520019531e+00
3.630846023559570312e+00
3.586079120635986328e+00
4.482113122940063477e+00
3.829005956649780273e+00
3.104927062988281250e+00
3.388645887374877930e+00
4.784079313278198242e+00
2.630710840225219727e+00
2.932945966720581055e+00
3.198760032653808594e+00
3.591771841049194336e+00
3.313765764236450195e+00
3.271161079406738281e+00
2.642477989196777344e+00
4.104154109954833984e+00
3.415906667709350586e+00
3.449625015258789062e+00
2.368009090423583984e+00
2.874685049057006836e+00
3.230500221252441406e+00
4.075481891632080078e+00
2.238182067871093750e+00
2.150979042053222656e+00
3.613589048385620117e+00
2.737717866897583008e+00
4.305576801300048828e+00
2.663579940795898438e+00
2.807603359222412109e+00
2.904365062713623047e+00
2.455157995223999023e+00
3.877386093139648438e+00
3.329980850219726562e+00
2.766580104827880859e+00
2.965593099594116211e+00
3.425898075103759766e+00
3.484677791595458984e+00
3.434730052947998047e+00
4.423357009887695312e+00
3.306661128997802734e+00
3.503551244735717773e+00
4.341630935668945312e+00
4.047346115112304688e+00
3.424132823944091797e+00
4.393805027008056641e+00
4.096909046173095703e+00
4.286685228347778320e+00
4.613000869750976562e+00
4.439638137817382812e+00
4.423281908035278320e+00
4.917501926422119141e+00
5.043548822402954102e+00
3.770903110504150391e+00
6.040454864501953125e+00
4.403262138366699219e+00
4.283155202865600586e+00
4.453969001770019531e+00
4.726548433303833008e+00
4.784044981002807617e+00
4.860712051391601562e+00
6.053991079330444336e+00
3.820507049560546875e+00
4.467381238937377930e+00
4.363029003143310547e+00
3.740308046340942383e+00
5.031208992004394531e+00
4.999100923538208008e+00
4.119779109954833984e+00
5.455677986145019531e+00
2.802233219146728516e+00
4.072726011276245117e+00
5.068125724792480469e+00
3.544525623321533203e+00
3.420258998870849609e+00
4.361864328384399414e+00
4.739732980728149414e+00
4.647634029388427734e+00
3.534528017044067383e+00
3.437741041183471680e+00
4.162701845169067383e+00
5.026096105575561523e+00
2.707602977752685547e+00
2.427168846130371094e+00
2.999311923980712891e+00
3.717596054077148438e+00
4.366068124771118164e+00
5.350099086761474609e+00
4.481725931167602539e+00
5.684632062911987305e+00
3.625819921493530273e+00
4.643147230148315430e+00
4.542062997817993164e+00
5.064893007278442383e+00
3.847525119781494141e+00
4.894557952880859375e+00
4.039650917053222656e+00
5.229146242141723633e+00
4.895961046218872070e+00
2.935781955718994141e+00
3.486525058746337891e+00
4.987016916275024414e+00
2.904604911804199219e+00
6.136776924133300781e+00
4.112567186355590820e+00
2.392571926116943359e+00
2.573142051696777344e+00
3.162187099456787109e+00
2.123656988143920898e+00
1.900902271270751953e+00
2.640811920166015625e+00
2.331863880157470703e+00
2.652271986007690430e+00
3.090358734130859375e+00
2.925098896026611328e+00
2.111258029937744141e+00
2.136972665786743164e+00
3.099092006683349609e+00
2.322123050689697266e+00
2.789426803588867188e+00
2.835547924041748047e+00
2.312025070190429688e+00
2.638700962066650391e+00
3.231064081192016602e+00
2.822836875915527344e+00
2.681744098663330078e+00
2.488089084625244141e+00
2.525138854980468750e+00
2.900671958923339844e+00
2.735498905181884766e+00
2.744883298873901367e+00
2.078790187835693359e+00
2.961647033691406250e+00
3.599447011947631836e+00
3.343168020248413086e+00
2.953586816787719727e+00
2.430982112884521484e+00
3.023360013961791992e+00
2.613028049468994141e+00
3.338255882263183594e+00
3.347815990447998047e+00
4.189445018768310547e+00
2.894802093505859375e+00
3.027558803558349609e+00
3.707674980163574219e+00
3.992051124572753906e+00
3.098684310913085938e+00
3.254421949386596680e+00
3.856281757354736328e+00
3.640006303787231445e+00
3.088057279586791992e+00
3.906710147857666016e+00
3.412461042404174805e+00
3.589080095291137695e+00
4.075237751007080078e+00
3.236956834793090820e+00
4.286150932312011719e+00
3.076112985610961914e+00
3.665923118591308594e+00
3.813135147094726562e+00
3.669635772705078125e+00
3.266688108444213867e+00
3.075221061706542969e+00
3.451609849929809570e+00
3.497841119766235352e+00
3.849442958831787109e+00
3.168145895004272461e+00
4.164775848388671875e+00
3.967643260955810547e+00
2.178140163421630859e+00
4.129082918167114258e+00
2.818797111511230469e+00
3.154659032821655273e+00
4.450106143951416016e+00
4.552552223205566406e+00
4.087310791015625000e+00
3.856606960296630859e+00
2.515247821807861328e+00
3.273830890655517578e+00
2.509470939636230469e+00
3.060256958007812500e+00
2.448985099792480469e+00
3.507410049438476562e+00
2.618941307067871094e+00
2.716182231903076172e+00
3.097213983535766602e+00
2.888971567153930664e+00
3.608937978744506836e+00
3.362175941467285156e+00
3.414729833602905273e+00
2.859641075134277344e+00
2.660070896148681641e+00
3.100019931793212891e+00
4.137289762496948242e+00
4.144449234008789062e+00
3.686007976531982422e+00
3.375579118728637695e+00
2.143867254257202148e+00
2.347380876541137695e+00
2.687834739685058594e+00
3.202903985977172852e+00
2.943183183670043945e+00
3.086916923522949219e+00
2.616675138473510742e+00
2.510221004486083984e+00
2.194496870040893555e+00
4.817208766937255859e+00
2.531298637390136719e+00
2.759690999984741211e+00
3.547211170196533203e+00
3.206830739974975586e+00
3.604081153869628906e+00
3.165755987167358398e+00
3.076974153518676758e+00
3.141982078552246094e+00
2.535165071487426758e+00
3.399400949478149414e+00
2.721937894821166992e+00
2.933413982391357422e+00
3.042819261550903320e+00
4.121112823486328125e+00
2.814177989959716797e+00
3.741357803344726562e+00
2.506819248199462891e+00
2.898663997650146484e+00
3.473729848861694336e+00
2.547358036041259766e+00
3.622520208358764648e+00
3.170001029968261719e+00
3.897027969360351562e+00
3.241008758544921875e+00
4.028848886489868164e+00
3.606144905090332031e+00
3.054534912109375000e+00
4.246721029281616211e+00
4.510458946228027344e+00
3.479183912277221680e+00
3.360602140426635742e+00
5.074125051498413086e+00
3.848132848739624023e+00
3.306428194046020508e+00
3.605166912078857422e+00
3.221159219741821289e+00
4.629097938537597656e+00
3.164174795150756836e+00
3.011630058288574219e+00
2.902125120162963867e+00
4.894268989562988281e+00
4.227020025253295898e+00
3.058581590652465820e+00
3.233685731887817383e+00
3.782688140869140625e+00
3.557940006256103516e+00
3.251981019973754883e+00
3.251104116439819336e+00
3.115627050399780273e+00
3.473382711410522461e+00
3.523792266845703125e+00
2.663607120513916016e+00
3.162336826324462891e+00
4.123776197433471680e+00
4.581300973892211914e+00
3.264686107635498047e+00
3.330181837081909180e+00
3.534328699111938477e+00
3.075908184051513672e+00
3.610682249069213867e+00
4.048652887344360352e+00
2.897979021072387695e+00
3.773232936859130859e+00
4.052034854888916016e+00
2.301342964172363281e+00
3.144996166229248047e+00
2.932474851608276367e+00
3.595204114913940430e+00
3.098599195480346680e+00
2.833271026611328125e+00
3.310755014419555664e+00
4.015011072158813477e+00
3.221057176589965820e+00
3.245702028274536133e+00
2.249284982681274414e+00
3.795274972915649414e+00
2.483808040618896484e+00
2.517582893371582031e+00
2.977853059768676758e+00
2.730513095855712891e+00
3.732207059860229492e+00
2.917145967483520508e+00
2.958555936813354492e+00
3.273604154586791992e+00
4.108184099197387695e+00
4.306178092956542969e+00
3.903867959976196289e+00
4.084975957870483398e+00
4.123573064804077148e+00
3.905473232269287109e+00
4.537744760513305664e+00
4.060729026794433594e+00
4.701555013656616211e+00
3.962637901306152344e+00
3.653546810150146484e+00
3.502817869186401367e+00
4.358766078948974609e+00
3.544523000717163086e+00
4.082615137100219727e+00
2.492096900939941406e+00
4.066819190979003906e+00
3.273627042770385742e+00
4.235763072967529297e+00
3.392149686813354492e+00
3.906085014343261719e+00
2.368129014968872070e+00
3.525091886520385742e+00
3.929690837860107422e+00
2.658716917037963867e+00
2.816584110260009766e+00
4.015593051910400391e+00
3.842903852462768555e+00
2.275163888931274414e+00
2.679698944091796875e+00
3.411785364151000977e+00
4.517073869705200195e+00
3.636058092117309570e+00
4.729749917984008789e+00
3.183337926864624023e+00
3.971317052841186523e+00
4.139423370361328125e+00
3.702585935592651367e+00
3.669785976409912109e+00
3.992518901824951172e+00
3.830687046051025391e+00
3.384091138839721680e+00
4.301220893859863281e+00
4.102338075637817383e+00
4.124362945556640625e+00
4.433597087860107422e+00
4.734926939010620117e+00
4.508618116378784180e+00
3.015611171722412109e+00
3.019114017486572266e+00
5.049610137939453125e+00
4.988883972167968750e+00
5.658307075500488281e+00
3.277451992034912109e+00
4.612198114395141602e+00
2.938153028488159180e+00
2.511868000030517578e+00
2.991769790649414062e+00
2.934345960617065430e+00
3.263505220413208008e+00
2.762256860733032227e+00
2.285321950912475586e+00
3.805250883102416992e+00
3.061850070953369141e+00
3.091356992721557617e+00
3.815134048461914062e+00
2.599799156188964844e+00
3.147433996200561523e+00
3.355922937393188477e+00
3.329032897949218750e+00
2.846753120422363281e+00
2.996279239654541016e+00
2.954271078109741211e+00
3.081484079360961914e+00
3.200911998748779297e+00
2.906610965728759766e+00
2.019745111465454102e+00
3.384348154067993164e+00
2.725649833679199219e+00
3.990107059478759766e+00
3.223127126693725586e+00
3.295480728149414062e+00
3.633559703826904297e+00
3.418734073638916016e+00
3.538264036178588867e+00
2.809409141540527344e+00
4.131958007812500000e+00
4.767757177352905273e+00
4.167974948883056641e+00
4.039045095443725586e+00
2.280577182769775391e+00
2.832599163055419922e+00
4.197721958160400391e+00
2.669034957885742188e+00
3.421571731567382812e+00
3.090469121932983398e+00
4.484137058258056641e+00
3.065921068191528320e+00
2.757202148437500000e+00
4.709801912307739258e+00
4.289180040359497070e+00
4.796073913574218750e+00
2.992178201675415039e+00
2.776405096054077148e+00
3.462129116058349609e+00
2.995100021362304688e+00
4.155067920684814453e+00
2.282564163208007812e+00
4.088045120239257812e+00
3.775730848312377930e+00
2.385951042175292969e+00
3.645069122314453125e+00
3.270781993865966797e+00
3.013803005218505859e+00
3.963858127593994141e+00
4.464535951614379883e+00
2.668603897094726562e+00
3.014998197555541992e+00
2.569693088531494141e+00
2.435773372650146484e+00
2.442027091979980469e+00
2.671648025512695312e+00
3.009573221206665039e+00
2.104001045227050781e+00
3.281364917755126953e+00
3.842355251312255859e+00
4.362723827362060547e+00
3.635824918746948242e+00
2.866997957229614258e+00
3.341542243957519531e+00
3.196190118789672852e+00
4.217710018157958984e+00
2.607967138290405273e+00
2.936883926391601562e+00
3.349278926849365234e+00
2.563860177993774414e+00
3.204432010650634766e+00
3.371677160263061523e+00
2.755844116210937500e+00
2.884060859680175781e+00
3.550633907318115234e+00
3.465807914733886719e+00
2.922034025192260742e+00
3.665052890777587891e+00
3.452027082443237305e+00
3.136467933654785156e+00
2.872784852981567383e+00
1.818054199218750000e+00
2.815140962600708008e+00
2.841695070266723633e+00
2.981743812561035156e+00
3.297679185867309570e+00
3.336752176284790039e+00
3.412778139114379883e+00
2.413418769836425781e+00
2.913995981216430664e+00
2.018533229827880859e+00
3.276353120803833008e+00
3.020565986633300781e+00
3.549415826797485352e+00
3.444697141647338867e+00
2.309796810150146484e+00
3.179383993148803711e+00
2.996772050857543945e+00
3.707955121994018555e+00
3.514089822769165039e+00
2.325322866439819336e+00
2.180227756500244141e+00
2.771268844604492188e+00
4.392344951629638672e+00
2.959960222244262695e+00
3.144850730895996094e+00
2.632123231887817383e+00
2.492602825164794922e+00
2.263936996459960938e+00
2.699064016342163086e+00
2.929383993148803711e+00
3.711186885833740234e+00
2.820142030715942383e+00
2.948288917541503906e+00
3.046489715576171875e+00
2.642631292343139648e+00
4.136499881744384766e+00
2.964295148849487305e+00
3.258065223693847656e+00
4.247668981552124023e+00
4.308889865875244141e+00
3.104143857955932617e+00
4.015347957611083984e+00
3.748630046844482422e+00
4.412801980972290039e+00
2.431288003921508789e+00
3.515295982360839844e+00
3.271214962005615234e+00
3.071351051330566406e+00
2.721548080444335938e+00
4.834382057189941406e+00
3.542155027389526367e+00
2.152068853378295898e+00
2.049649953842163086e+00
4.561885356903076172e+00
2.977885961532592773e+00
3.406291961669921875e+00
3.301944017410278320e+00
2.870894670486450195e+00
4.494940042495727539e+00
3.711624860763549805e+00
4.384667158126831055e+00
4.332926034927368164e+00
1.988454818725585938e+00
2.361759185791015625e+00
3.662467956542968750e+00
4.043683052062988281e+00
3.223614931106567383e+00
3.317368030548095703e+00
2.392349958419799805e+00
5.186428308486938477e+00
2.890094757080078125e+00
2.753269910812377930e+00
2.557057142257690430e+00
3.936784029006958008e+00
3.220143079757690430e+00
2.087627887725830078e+00
2.963129281997680664e+00
2.873213052749633789e+00
2.160837173461914062e+00
2.471107006072998047e+00
3.312446117401123047e+00
2.277691841125488281e+00
3.236574888229370117e+00
2.207535028457641602e+00
3.145056962966918945e+00
4.203016996383666992e+00
2.625024080276489258e+00
4.026600837707519531e+00
3.537690162658691406e+00
3.512119054794311523e+00
3.055685043334960938e+00
2.853595256805419922e+00
3.511202096939086914e+00
3.301232814788818359e+00
4.559223175048828125e+00
2.856180191040039062e+00
2.875342845916748047e+00
3.613524198532104492e+00
3.712819814682006836e+00
3.234543085098266602e+00
3.904728174209594727e+00
3.849592208862304688e+00
2.613909959793090820e+00
2.346136093139648438e+00
3.686742782592773438e+00
3.396701812744140625e+00
2.352054834365844727e+00
3.762960910797119141e+00
2.867691040039062500e+00
2.292522907257080078e+00
3.623349905014038086e+00
3.716963052749633789e+00
4.080286979675292969e+00
4.432389259338378906e+00
2.441069841384887695e+00
3.233041286468505859e+00
3.501910209655761719e+00
2.825473070144653320e+00
3.532511949539184570e+00
3.497172355651855469e+00
3.883834123611450195e+00
3.254143953323364258e+00
2.334918975830078125e+00
3.318385124206542969e+00
2.896604776382446289e+00
3.882588148117065430e+00
3.587502956390380859e+00
2.837722778320312500e+00
4.305189132690429688e+00
3.811809062957763672e+00
3.691919088363647461e+00
3.100132942199707031e+00
3.159285068511962891e+00
3.760543107986450195e+00
3.153788805007934570e+00
3.772143125534057617e+00
2.808475255966186523e+00
3.786281824111938477e+00
2.837264776229858398e+00
3.819456100463867188e+00
3.495979070663452148e+00
4.754269123077392578e+00
3.462110042572021484e+00
2.351886034011840820e+00
3.440224170684814453e+00
3.437919139862060547e+00
3.174970865249633789e+00
3.785826683044433594e+00
2.985456943511962891e+00
4.091634035110473633e+00
4.621720790863037109e+00
3.769711971282958984e+00
2.616406917572021484e+00
4.063259124755859375e+00
3.141617059707641602e+00
3.202226877212524414e+00
4.305294036865234375e+00
3.010448694229125977e+00
3.079095125198364258e+00
3.686761856079101562e+00
2.733047962188720703e+00
3.002324819564819336e+00
3.755678892135620117e+00
3.906133890151977539e+00
3.491299152374267578e+00
2.413509130477905273e+00
3.838880062103271484e+00
2.292397975921630859e+00
3.250210762023925781e+00
3.107691049575805664e+00
2.607007980346679688e+00
2.535096168518066406e+00
4.179808855056762695e+00
4.765963792800903320e+00
2.699223041534423828e+00
2.336672782897949219e+00
4.498260974884033203e+00
4.725937128067016602e+00
4.119382858276367188e+00
4.131914854049682617e+00
5.440142154693603516e+00
2.996231794357299805e+00
2.747382164001464844e+00
3.454368114471435547e+00
3.682926893234252930e+00
3.898593187332153320e+00
2.829442024230957031e+00
4.193606138229370117e+00
3.047087192535400391e+00
2.653987884521484375e+00
3.679219007492065430e+00
2.686746835708618164e+00
1.824180126190185547e+00
2.429253816604614258e+00
2.444799900054931641e+00
3.807626247406005859e+00
2.946949243545532227e+00
2.471467018127441406e+00
3.399766921997070312e+00
2.339440822601318359e+00
3.141980886459350586e+00
2.667562961578369141e+00
2.182725667953491211e+00
2.169931888580322266e+00
2.631211996078491211e+00
2.213315725326538086e+00
2.508145332336425781e+00
2.606782913208007812e+00
2.254268884658813477e+00
2.392377853393554688e+00
3.694944143295288086e+00
3.093150854110717773e+00
2.204149961471557617e+00
3.845626831054687500e+00
3.586270093917846680e+00
3.169905900955200195e+00
2.768949031829833984e+00
2.708076000213623047e+00
2.503830671310424805e+00
3.341688156127929688e+00
2.747771978378295898e+00
3.544180870056152344e+00
2.882304191589355469e+00
2.606501817703247070e+00
2.820874214172363281e+00
3.111935853958129883e+00
2.570843935012817383e+00
2.714520931243896484e+00
2.646589994430541992e+00
2.316670894622802734e+00
2.796441078186035156e+00
3.844524860382080078e+00
3.165177822113037109e+00
3.466329813003540039e+00
3.187154054641723633e+00
2.996574878692626953e+00
2.603060007095336914e+00
2.523569822311401367e+00
2.636560916900634766e+00
2.521761178970336914e+00
2.983941078186035156e+00
2.315672874450683594e+00
3.698951959609985352e+00
4.024877071380615234e+00
2.184393882751464844e+00
2.408712863922119141e+00
3.591207027435302734e+00
4.514598846435546875e+00
2.908350944519042969e+00
3.556679964065551758e+00
2.251405954360961914e+00
4.600185871124267578e+00
2.750701189041137695e+00
2.994572877883911133e+00
4.112354040145874023e+00
3.464024066925048828e+00
3.701307058334350586e+00
3.015764951705932617e+00
2.392817974090576172e+00
2.938520193099975586e+00
3.710691690444946289e+00
3.715736150741577148e+00
3.908224821090698242e+00
3.081840991973876953e+00
4.242730855941772461e+00
2.765576839447021484e+00
3.673431158065795898e+00
4.772508859634399414e+00
2.555490016937255859e+00
3.110897064208984375e+00
3.421905994415283203e+00
3.059000015258789062e+00
3.117098808288574219e+00
3.088860988616943359e+00
2.887817144393920898e+00
2.002190113067626953e+00
3.912475824356079102e+00
3.004921913146972656e+00
3.328923940658569336e+00
3.197922706604003906e+00
4.058022975921630859e+00
2.040127038955688477e+00
3.612668275833129883e+00
3.810781955718994141e+00
4.072977781295776367e+00
4.413516044616699219e+00
2.360974073410034180e+00
2.723006010055541992e+00
2.811670064926147461e+00
3.971344709396362305e+00
3.461384057998657227e+00
4.407114028930664062e+00
2.828269004821777344e+00
3.815999031066894531e+00
3.081456899642944336e+00
3.425931215286254883e+00
2.863999128341674805e+00
2.094965934753417969e+00
2.841686010360717773e+00
1.890174150466918945e+00
2.105294942855834961e+00
2.631494998931884766e+00
3.239757061004638672e+00
2.068237066268920898e+00
3.157097101211547852e+00
2.189113855361938477e+00
2.283354043960571289e+00
2.885195970535278320e+00
3.319796085357666016e+00
2.488725185394287109e+00
3.259486913681030273e+00
3.116503953933715820e+00
3.421885013580322266e+00
3.573643207550048828e+00
3.945173978805541992e+00
3.706669092178344727e+00
2.841542243957519531e+00
4.387655258178710938e+00
3.173521995544433594e+00
1.899544954299926758e+00
3.920646190643310547e+00
4.370218992233276367e+00
2.698927164077758789e+00
2.864655971527099609e+00
2.883013963699340820e+00
2.920595169067382812e+00
1.754091024398803711e+00
3.640723943710327148e+00
2.198714971542358398e+00
3.790798902511596680e+00
3.641526937484741211e+00
2.256785869598388672e+00
3.663325071334838867e+00
3.809323072433471680e+00
3.822284936904907227e+00
2.672744989395141602e+00
3.417828083038330078e+00
2.910052061080932617e+00
4.175747156143188477e+00
3.378607988357543945e+00
2.933367013931274414e+00
2.449701070785522461e+00
2.413509845733642578e+00
3.183400154113769531e+00
4.312680959701538086e+00
2.712158918380737305e+00
4.397416114807128906e+00
2.975339174270629883e+00
2.575727224349975586e+00
3.090878963470458984e+00
3.153277873992919922e+00
3.293195009231567383e+00
3.186770915985107422e+00
2.466995954513549805e+00
3.591037034988403320e+00
3.537435054779052734e+00
3.756950855255126953e+00
2.468724012374877930e+00
3.241131067276000977e+00
3.811302185058593750e+00
3.841552972793579102e+00
2.418231964111328125e+00
2.952695846557617188e+00
3.582586765289306641e+00
4.383476018905639648e+00
3.300483226776123047e+00
2.486221075057983398e+00
3.175334692001342773e+00
3.590124130249023438e+00
2.548073053359985352e+00
4.276051998138427734e+00
4.152729749679565430e+00
2.396018981933593750e+00
2.488879203796386719e+00
4.837343931198120117e+00
4.016691923141479492e+00
3.013925075531005859e+00
4.904540061950683594e+00
3.113841295242309570e+00
2.687952280044555664e+00
3.016464948654174805e+00
2.812273025512695312e+00
3.107390165328979492e+00
3.215890169143676758e+00
3.444586992263793945e+00
3.752957820892333984e+00
2.845246791839599609e+00
2.621310949325561523e+00
4.029128074645996094e+00
4.169108867645263672e+00
4.224177837371826172e+00
3.167354106903076172e+00
3.634343147277832031e+00
3.963866949081420898e+00
3.914354324340820312e+00
3.897055864334106445e+00
2.621894836425781250e+00
2.997164964675903320e+00
3.426560878753662109e+00
3.466866254806518555e+00
3.706614017486572266e+00
3.697654008865356445e+00
3.097609043121337891e+00
3.161900043487548828e+00
3.475174903869628906e+00
3.619363069534301758e+00
3.494097948074340820e+00
3.418915033340454102e+00
3.732182025909423828e+00
4.557954072952270508e+00
3.808202981948852539e+00
3.772375106811523438e+00
2.842465877532958984e+00
3.506650924682617188e+00
4.615525722503662109e+00
4.618656158447265625e+00
3.635356187820434570e+00
3.795071363449096680e+00
3.588064908981323242e+00
2.468119144439697266e+00
4.252290248870849609e+00
4.315095901489257812e+00
3.484251737594604492e+00
3.050199747085571289e+00
5.375301837921142578e+00
2.571605920791625977e+00
3.005173921585083008e+00
2.951385974884033203e+00
4.171261072158813477e+00
4.352128982543945312e+00
3.738526105880737305e+00
3.022077322006225586e+00
3.455624103546142578e+00
3.812498092651367188e+00
3.310827016830444336e+00
4.060172796249389648e+00
3.131793975830078125e+00
4.790648221969604492e+00
2.526469945907592773e+00
2.549881935119628906e+00
3.692398071289062500e+00
3.758113622665405273e+00
3.066966056823730469e+00
2.278891086578369141e+00
2.745083093643188477e+00
3.314983129501342773e+00
3.217392921447753906e+00
3.544129133224487305e+00
2.742852926254272461e+00
2.872739076614379883e+00
3.955787897109985352e+00
4.192922115325927734e+00
2.993833065032958984e+00
2.789915084838867188e+00
3.365487813949584961e+00
3.656849145889282227e+00
3.252685070037841797e+00
3.613276004791259766e+00
3.054163217544555664e+00
2.816543102264404297e+00
4.064897060394287109e+00
3.685289859771728516e+00
3.095650911331176758e+00
3.013516902923583984e+00
3.437743902206420898e+00
4.110189199447631836e+00
3.496138095855712891e+00
4.107385158538818359e+00
3.166079044342041016e+00
2.531198978424072266e+00
4.162186145782470703e+00
4.241299867630004883e+00
4.133473873138427734e+00
4.230182886123657227e+00
4.119458198547363281e+00
2.345654010772705078e+00
4.123315095901489258e+00
4.197615861892700195e+00
3.974429845809936523e+00
4.650253057479858398e+00
4.289909839630126953e+00
3.212928056716918945e+00
4.898509025573730469e+00
4.255204916000366211e+00
3.179259061813354492e+00
2.814157962799072266e+00
4.216575145721435547e+00
4.033982992172241211e+00
2.795868873596191406e+00
5.593485116958618164e+00
5.651840925216674805e+00
5.568817138671875000e+00
3.626137733459472656e+00
3.533955812454223633e+00
5.060859918594360352e+00
4.646769285202026367e+00
4.655525207519531250e+00
4.208175897598266602e+00
5.118939876556396484e+00
3.481229782104492188e+00
4.693492174148559570e+00
2.838513851165771484e+00
4.304360151290893555e+00
2.670956134796142578e+00
4.257278919219970703e+00
3.391069889068603516e+00
2.744025945663452148e+00
2.862170696258544922e+00
2.883501052856445312e+00
3.351521015167236328e+00
5.666492223739624023e+00
4.630338907241821289e+00
3.377284049987792969e+00
2.273524045944213867e+00
2.928488016128540039e+00
5.891507863998413086e+00
2.857339143753051758e+00
5.885400056838989258e+00
6.232391119003295898e+00
5.565005064010620117e+00
4.966805934906005859e+00
3.574753761291503906e+00
3.067962169647216797e+00
3.794139862060546875e+00
6.956156969070434570e+00
7.356801986694335938e+00
3.283346176147460938e+00
2.940532922744750977e+00
2.918121337890625000e+00
4.245588064193725586e+00
5.431536912918090820e+00
5.386738061904907227e+00
2.024335145950317383e+00
3.136142253875732422e+00
3.366837024688720703e+00
3.893255949020385742e+00
3.552349805831909180e+00
2.963702678680419922e+00
2.696677923202514648e+00
2.194221019744873047e+00
3.167641878128051758e+00
2.226537942886352539e+00
3.236493110656738281e+00
2.747641086578369141e+00
3.279211997985839844e+00
3.488279819488525391e+00
3.723174095153808594e+00
3.871580123901367188e+00
3.016201019287109375e+00
3.011487960815429688e+00
3.277402877807617188e+00
1.970779180526733398e+00
2.756060838699340820e+00
2.450485944747924805e+00
4.622411727905273438e+00
2.960768938064575195e+00
4.136660099029541016e+00
2.996317863464355469e+00
3.864201068878173828e+00
2.880241870880126953e+00
2.703809022903442383e+00
3.038877964019775391e+00
3.501605272293090820e+00
3.911787033081054688e+00
3.502766132354736328e+00
3.758906841278076172e+00
3.605182170867919922e+00
3.677403926849365234e+00
4.776788949966430664e+00
3.518732070922851562e+00
3.038781881332397461e+00
3.691351890563964844e+00
4.121554851531982422e+00
2.585093021392822266e+00
4.402319908142089844e+00
4.447971105575561523e+00
3.805361032485961914e+00
3.953895092010498047e+00
3.981549978256225586e+00
2.670178174972534180e+00
3.066680908203125000e+00
2.616595029830932617e+00
3.748088836669921875e+00
3.347723007202148438e+00
4.845609903335571289e+00
3.799540996551513672e+00
5.455046892166137695e+00
4.549421787261962891e+00
3.111067056655883789e+00
5.103568792343139648e+00
5.419919967651367188e+00
4.070942163467407227e+00
3.653409719467163086e+00
3.443909883499145508e+00
4.662595748901367188e+00
4.845290899276733398e+00
5.474480867385864258e+00
6.485496759414672852e+00
5.003932952880859375e+00
6.553519964218139648e+00
4.787764072418212891e+00
4.068948030471801758e+00
3.755364179611206055e+00
6.213753938674926758e+00
4.681754827499389648e+00
4.126045227050781250e+00
4.157787084579467773e+00
4.809481382369995117e+00
5.473788022994995117e+00
4.295493125915527344e+00
4.296543121337890625e+00
5.950183868408203125e+00
4.272202014923095703e+00
4.887009859085083008e+00
3.956179380416870117e+00
3.906159877777099609e+00
5.008570194244384766e+00
3.728915929794311523e+00
4.044435977935791016e+00
3.987977981567382812e+00
4.907495260238647461e+00
4.509618043899536133e+00
4.067641019821166992e+00
3.032644033432006836e+00
2.562821149826049805e+00
4.427624940872192383e+00
3.371660709381103516e+00
4.937855958938598633e+00
2.373564004898071289e+00
3.494446039199829102e+00
5.090249061584472656e+00
3.300899028778076172e+00
5.097529888153076172e+00
2.559836864471435547e+00
4.545416116714477539e+00
3.118950128555297852e+00
2.229739189147949219e+00
2.629690885543823242e+00
4.914712905883789062e+00
4.550400018692016602e+00
4.405360698699951172e+00
5.631464242935180664e+00
3.097085952758789062e+00
4.305815935134887695e+00
3.395867824554443359e+00
5.783637046813964844e+00
2.658036231994628906e+00
3.739490032196044922e+00
2.330468893051147461e+00
5.850590944290161133e+00
4.013448953628540039e+00
2.737645149230957031e+00
3.356470108032226562e+00
2.664764165878295898e+00
3.606576919555664062e+00
3.705447912216186523e+00
6.346589326858520508e+00
2.454581975936889648e+00
4.201700210571289062e+00
3.089760065078735352e+00
3.124424934387207031e+00
3.332281827926635742e+00
3.349787235260009766e+00
4.623847007751464844e+00
2.272411108016967773e+00
5.151736259460449219e+00
2.497246980667114258e+00
3.777374267578125000e+00
5.112784862518310547e+00
2.884500026702880859e+00
3.566920042037963867e+00
3.657693147659301758e+00
3.307490110397338867e+00
3.493563890457153320e+00
3.809227943420410156e+00
2.944213151931762695e+00
2.221814870834350586e+00
4.987031936645507812e+00
3.691437005996704102e+00
4.246074914932250977e+00
3.552786827087402344e+00
3.511436939239501953e+00
2.254369974136352539e+00
2.965955018997192383e+00
2.516466856002807617e+00
2.907609939575195312e+00
3.505776882171630859e+00
3.092301130294799805e+00
3.718720912933349609e+00
3.563835859298706055e+00
5.080598115921020508e+00
3.298717975616455078e+00
2.563169002532958984e+00
4.232975721359252930e+00
3.865961790084838867e+00
2.905989885330200195e+00
3.156646013259887695e+00
4.900306224822998047e+00
3.959760904312133789e+00
3.577213048934936523e+00
4.031638145446777344e+00
3.480436086654663086e+00
3.896032094955444336e+00
3.954647064208984375e+00
5.220286369323730469e+00
3.780205965042114258e+00
3.958629131317138672e+00
4.425615072250366211e+00
4.119947910308837891e+00
3.745566129684448242e+00
3.816324234008789062e+00
4.974006175994873047e+00
4.039443016052246094e+00
3.458096265792846680e+00
3.687669038772583008e+00
3.624984025955200195e+00
4.128670930862426758e+00
4.984429121017456055e+00
5.309623956680297852e+00
3.623702764511108398e+00
4.803984165191650391e+00
3.850737810134887695e+00
4.141185998916625977e+00
3.263669013977050781e+00
4.811872959136962891e+00
4.521210193634033203e+00
3.609662055969238281e+00
4.399527072906494141e+00
3.756889104843139648e+00
4.982419967651367188e+00
4.654350042343139648e+00
4.489238023757934570e+00
5.042618036270141602e+00
3.594695806503295898e+00
3.887732982635498047e+00
3.348258018493652344e+00
3.945800065994262695e+00
4.097937345504760742e+00
4.215736150741577148e+00
4.182526111602783203e+00
5.174567937850952148e+00
4.809760093688964844e+00
5.412605285644531250e+00
2.515888929367065430e+00
4.711864948272705078e+00
4.404208183288574219e+00
4.132066011428833008e+00
4.074460268020629883e+00
5.546470165252685547e+00
4.629710912704467773e+00
5.194272994995117188e+00
3.100881814956665039e+00
5.551460981369018555e+00
3.242947101593017578e+00
4.593423843383789062e+00
3.227952241897583008e+00
3.677436113357543945e+00
4.151998996734619141e+00
3.570256710052490234e+00
3.919094085693359375e+00
5.417776346206665039e+00
5.266916036605834961e+00
4.149380922317504883e+00
3.491340875625610352e+00
2.457968235015869141e+00
3.256190061569213867e+00
3.751001119613647461e+00
4.181997060775756836e+00
3.222265243530273438e+00
2.914773941040039062e+00
3.488231897354125977e+00
3.713048696517944336e+00
3.047192811965942383e+00
4.412824153900146484e+00
3.108942985534667969e+00
3.379077911376953125e+00
4.116044044494628906e+00
3.281543016433715820e+00
3.554055929183959961e+00
3.799631118774414062e+00
2.767768859863281250e+00
3.449513912200927734e+00
4.009971380233764648e+00
5.314356088638305664e+00
3.234928131103515625e+00
3.757079839706420898e+00
3.600175857543945312e+00
3.022083759307861328e+00
3.188881874084472656e+00
4.428177356719970703e+00
4.292248964309692383e+00
4.676922082901000977e+00
4.905025005340576172e+00
3.680483102798461914e+00
5.081480026245117188e+00
3.701724290847778320e+00
3.667909145355224609e+00
5.344994068145751953e+00
3.379549980163574219e+00
3.675495862960815430e+00
3.213813781738281250e+00
3.454528093338012695e+00
4.378412961959838867e+00
6.003892898559570312e+00
3.111137151718139648e+00
4.336886167526245117e+00
3.517391920089721680e+00
2.977610826492309570e+00
2.122459888458251953e+00
3.055624961853027344e+00
2.702968120574951172e+00
3.110387802124023438e+00
3.001520156860351562e+00
4.022287845611572266e+00
4.191221714019775391e+00
2.628592967987060547e+00
3.728138923645019531e+00
4.168877840042114258e+00
4.078759193420410156e+00
2.050858974456787109e+00
4.020426988601684570e+00
2.566356897354125977e+00
3.826230049133300781e+00
3.074934005737304688e+00
5.426644086837768555e+00
5.029308080673217773e+00
4.582971811294555664e+00
4.351256132125854492e+00
3.955734729766845703e+00
5.237435102462768555e+00
5.134354829788208008e+00
5.154236316680908203e+00
5.386204957962036133e+00
4.425230026245117188e+00
3.347598075866699219e+00
4.486699104309082031e+00
4.698976993560791016e+00
3.903674125671386719e+00
4.326179027557373047e+00
4.531462192535400391e+00
5.459502935409545898e+00
4.835548877716064453e+00
2.658045053482055664e+00
4.899827003479003906e+00
4.904372930526733398e+00
2.604706048965454102e+00
4.370541095733642578e+00
3.487201929092407227e+00
3.657410860061645508e+00
2.954345941543579102e+00
5.457206964492797852e+00
5.146758079528808594e+00
2.731131792068481445e+00
3.121391057968139648e+00
3.054167032241821289e+00
3.110969066619873047e+00
3.409466743469238281e+00
3.437361955642700195e+00
3.527003049850463867e+00
4.117346048355102539e+00
5.336338996887207031e+00
3.623093843460083008e+00
3.777281045913696289e+00
3.761894941329956055e+00
3.040819168090820312e+00
4.094861984252929688e+00
3.989011764526367188e+00
2.435661077499389648e+00
3.326928138732910156e+00
2.989753246307373047e+00
4.040289163589477539e+00
4.773573875427246094e+00
4.074513196945190430e+00
2.855059862136840820e+00
4.816243171691894531e+00
4.383321762084960938e+00
3.182174205780029297e+00
4.325107097625732422e+00
2.736430883407592773e+00
4.188313007354736328e+00
5.043577194213867188e+00
3.400870084762573242e+00
5.005553722381591797e+00
3.240869045257568359e+00
5.025809049606323242e+00
3.852391004562377930e+00
4.257593870162963867e+00
5.295902013778686523e+00
3.881944179534912109e+00
5.328104972839355469e+00
3.591708898544311523e+00
5.747737169265747070e+00
5.089344024658203125e+00
5.186037063598632812e+00
3.935955047607421875e+00
5.875762939453125000e+00
3.680249214172363281e+00
4.236865997314453125e+00
4.143340110778808594e+00
5.275153160095214844e+00
5.344444751739501953e+00
3.604686021804809570e+00
4.783402919769287109e+00
4.165508031845092773e+00
4.452397108078002930e+00
3.093729972839355469e+00
4.343613147735595703e+00
4.231426000595092773e+00
5.326346397399902344e+00
5.450018882751464844e+00
5.303145170211791992e+00
5.031188011169433594e+00
4.679491043090820312e+00
6.140740871429443359e+00
3.020939111709594727e+00
3.064460992813110352e+00
5.450228929519653320e+00
2.670516967773437500e+00
3.771517753601074219e+00
2.605474948883056641e+00
3.567765951156616211e+00
2.966490745544433594e+00
5.160226106643676758e+00
4.409211158752441406e+00
5.081779003143310547e+00
5.271232843399047852e+00
4.072354793548583984e+00
5.189763069152832031e+00
4.371158123016357422e+00
5.357702016830444336e+00
3.074776172637939453e+00
4.154082059860229492e+00
2.696770191192626953e+00
3.891237974166870117e+00
4.520759105682373047e+00
4.274405956268310547e+00
6.007120132446289062e+00
2.754952192306518555e+00
5.085274934768676758e+00
5.062042236328125000e+00
6.064751863479614258e+00
5.933509826660156250e+00
2.811283826828002930e+00
3.760149955749511719e+00
4.330450773239135742e+00
5.591105699539184570e+00
6.018734931945800781e+00
6.034637928009033203e+00
3.263196229934692383e+00
6.097078084945678711e+00
6.023246049880981445e+00
2.552150964736938477e+00
4.544453144073486328e+00
4.879670858383178711e+00
3.569267988204956055e+00
3.382320880889892578e+00
4.740859031677246094e+00
5.736549139022827148e+00
2.650949954986572266e+00
4.061849832534790039e+00
2.495668888092041016e+00
3.800553321838378906e+00
2.925853967666625977e+00
3.463895082473754883e+00
4.027517080307006836e+00
5.186434984207153320e+00
3.325536012649536133e+00
3.134883165359497070e+00
2.365635633468627930e+00
3.907621860504150391e+00
3.917932987213134766e+00
4.932643890380859375e+00
3.649021863937377930e+00
2.853175878524780273e+00
4.019905090332031250e+00
3.661611080169677734e+00
3.637752056121826172e+00
3.306308031082153320e+00
4.062962055206298828e+00
4.388973951339721680e+00
3.971769094467163086e+00
3.152559757232666016e+00
3.102337837219238281e+00
2.386677980422973633e+00
4.376860857009887695e+00
2.908866167068481445e+00
3.068525791168212891e+00
4.258738279342651367e+00
4.592750072479248047e+00
4.869688034057617188e+00
3.804031133651733398e+00
3.035015821456909180e+00
3.645466089248657227e+00
4.406770944595336914e+00
4.146770954132080078e+00
3.137842178344726562e+00
3.694711208343505859e+00
3.789614915847778320e+00
3.578137874603271484e+00
4.286908149719238281e+00
4.497242212295532227e+00
4.315890073776245117e+00
3.757510900497436523e+00
4.071799039840698242e+00
3.749841213226318359e+00
3.044286251068115234e+00
3.256904840469360352e+00
3.667461156845092773e+00
3.574126005172729492e+00
4.285222768783569336e+00
3.913171052932739258e+00
4.386418819427490234e+00
3.450308799743652344e+00
4.087162256240844727e+00
3.747054100036621094e+00
4.528927087783813477e+00
5.575088977813720703e+00
5.013791084289550781e+00
4.781405210494995117e+00
3.654232025146484375e+00
4.843172073364257812e+00
5.495813131332397461e+00
3.785999059677124023e+00
4.203116893768310547e+00
5.692050933837890625e+00
2.567703962326049805e+00
4.574218034744262695e+00
5.641581058502197266e+00
4.368143081665039062e+00
4.783195972442626953e+00
2.736749172210693359e+00
3.992831945419311523e+00
2.771632909774780273e+00
5.508477926254272461e+00
4.734620094299316406e+00
4.867277145385742188e+00
3.370861053466796875e+00
5.306934118270874023e+00
4.293346643447875977e+00
3.931991815567016602e+00
3.207422971725463867e+00
4.902439832687377930e+00
2.941727161407470703e+00
2.863040924072265625e+00
4.937394857406616211e+00
5.051464796066284180e+00
6.449326276779174805e+00
5.983241081237792969e+00
5.250749349594116211e+00
5.295830965042114258e+00
3.383193016052246094e+00
5.261152029037475586e+00
4.857612609863281250e+00
3.586395978927612305e+00
2.514346837997436523e+00
5.347204208374023438e+00
3.541726350784301758e+00
2.582859992980957031e+00
2.654439210891723633e+00
3.113620042800903320e+00
5.450075149536132812e+00
2.121269941329956055e+00
5.360311031341552734e+00
5.047813892364501953e+00
2.586858034133911133e+00
3.314576864242553711e+00
5.210258722305297852e+00
2.766021013259887695e+00
3.124468088150024414e+00
3.902761936187744141e+00
2.733970165252685547e+00
2.930289983749389648e+00
3.193423986434936523e+00
3.100758075714111328e+00
3.703423976898193359e+00
3.063403844833374023e+00
2.766684055328369141e+00
3.881281137466430664e+00
2.754786968231201172e+00
3.940842866897583008e+00
5.840978860855102539e+00
4.290060043334960938e+00
3.283710956573486328e+00
3.535772800445556641e+00
3.746515035629272461e+00
3.991682052612304688e+00
2.773802042007446289e+00
2.925339937210083008e+00
2.626961946487426758e+00
2.179591178894042969e+00
4.725465059280395508e+00
2.538670063018798828e+00
3.151226282119750977e+00
2.377834081649780273e+00
2.923535108566284180e+00
3.792577981948852539e+00
3.690305948257446289e+00
3.438256978988647461e+00
3.111076116561889648e+00
2.877228975296020508e+00
3.254046916961669922e+00
3.259340047836303711e+00
3.846966028213500977e+00
3.006844997406005859e+00
3.133440971374511719e+00
4.586279869079589844e+00
2.950833082199096680e+00
3.070199966430664062e+00
3.014191150665283203e+00
3.403832674026489258e+00
4.721504926681518555e+00
4.126198053359985352e+00
3.019968032836914062e+00
3.561074972152709961e+00
3.456515073776245117e+00
5.081351995468139648e+00
4.112235069274902344e+00
3.548789978027343750e+00
3.680155992507934570e+00
3.915350914001464844e+00
3.811536788940429688e+00
3.834143877029418945e+00
3.241449356079101562e+00
3.447999000549316406e+00
4.319364786148071289e+00
3.954109907150268555e+00
4.543688058853149414e+00
4.279609203338623047e+00
3.544817924499511719e+00
4.372753858566284180e+00
4.274133920669555664e+00
4.484019994735717773e+00
3.076315879821777344e+00
2.563081979751586914e+00
4.390468835830688477e+00
4.124594926834106445e+00
4.107842922210693359e+00
3.441221952438354492e+00
3.983646869659423828e+00
3.930207014083862305e+00
3.637585878372192383e+00
4.493119955062866211e+00
4.287600040435791016e+00
4.932146072387695312e+00
4.453669071197509766e+00
3.824992895126342773e+00
5.076704025268554688e+00
4.778734922409057617e+00
3.373453140258789062e+00
3.911311864852905273e+00
4.671733379364013672e+00
4.706949949264526367e+00
4.175750970840454102e+00
3.859982252120971680e+00
4.783073902130126953e+00
4.691851139068603516e+00
2.391934156417846680e+00
3.836176872253417969e+00
4.260675191879272461e+00
4.838829755783081055e+00
4.164103746414184570e+00
4.823042154312133789e+00
3.504394054412841797e+00
4.146099805831909180e+00
4.901540994644165039e+00
4.980489015579223633e+00
2.757701873779296875e+00
2.736004829406738281e+00
4.876406669616699219e+00
4.276112079620361328e+00
3.474453926086425781e+00
4.732811927795410156e+00
5.269470214843750000e+00
4.943161010742187500e+00
4.381417989730834961e+00
4.571984291076660156e+00
3.857314109802246094e+00
4.025966167449951172e+00
2.805525779724121094e+00
2.894199609756469727e+00
3.848639011383056641e+00
5.105435848236083984e+00
3.744460105895996094e+00
4.083800077438354492e+00
4.753304004669189453e+00
3.770308017730712891e+00
4.655876874923706055e+00
5.347844123840332031e+00
2.181666135787963867e+00
4.729212760925292969e+00
3.863744974136352539e+00
5.412099123001098633e+00
3.141872167587280273e+00
4.552854061126708984e+00
5.853801965713500977e+00
3.798005104064941406e+00
3.644140720367431641e+00
3.258949041366577148e+00
3.967869281768798828e+00
3.654248952865600586e+00
3.428369045257568359e+00
3.719583988189697266e+00
4.468184709548950195e+00
4.322999954223632812e+00
3.147356033325195312e+00
3.646117925643920898e+00
3.723389863967895508e+00
3.534428834915161133e+00
4.484319925308227539e+00
4.123023033142089844e+00
2.755425214767456055e+00
3.071604967117309570e+00
4.899687051773071289e+00
3.910526990890502930e+00
3.977062225341796875e+00
3.500687122344970703e+00
4.787579774856567383e+00
4.302437067031860352e+00
2.186444997787475586e+00
2.422067165374755859e+00
2.698042869567871094e+00
4.052298069000244141e+00
2.957823991775512695e+00
3.207118988037109375e+00
3.668798208236694336e+00
3.141931056976318359e+00
3.389725923538208008e+00
2.299484252929687500e+00
2.648146867752075195e+00
4.014236927032470703e+00
4.279793024063110352e+00
3.452117919921875000e+00
3.744177103042602539e+00
3.793180942535400391e+00
4.156169891357421875e+00
4.681040763854980469e+00
3.900259017944335938e+00
3.573221206665039062e+00
4.128638029098510742e+00
5.509061098098754883e+00
4.352473020553588867e+00
5.103759288787841797e+00
3.495970010757446289e+00
3.506942987442016602e+00
3.248676061630249023e+00
4.157835006713867188e+00
4.040838718414306641e+00
3.808622121810913086e+00
4.568665027618408203e+00
4.460571050643920898e+00
4.487607002258300781e+00
5.529716014862060547e+00
4.374145030975341797e+00
3.925584077835083008e+00
4.004677295684814453e+00
5.412080049514770508e+00
3.997375011444091797e+00
4.685132026672363281e+00
6.739347934722900391e+00
4.515934944152832031e+00
3.165630102157592773e+00
5.165127992630004883e+00
5.539485931396484375e+00
5.458003044128417969e+00
4.885262250900268555e+00
4.674245119094848633e+00
3.944500923156738281e+00
4.885512828826904297e+00
5.513654947280883789e+00
3.399976968765258789e+00
5.924126148223876953e+00
5.762575864791870117e+00
4.005099058151245117e+00
5.833783149719238281e+00
5.009796857833862305e+00
3.891087055206298828e+00
5.275807142257690430e+00
5.290547847747802734e+00
5.633617162704467773e+00
4.028327941894531250e+00
6.181620359420776367e+00
4.409910202026367188e+00
4.157778978347778320e+00
3.781614065170288086e+00
5.545496702194213867e+00
3.153882026672363281e+00
4.259046077728271484e+00
4.408139944076538086e+00
4.124274730682373047e+00
4.741199970245361328e+00
6.174743175506591797e+00
5.514968156814575195e+00
4.294012069702148438e+00
5.325560092926025391e+00
2.554308176040649414e+00
2.468831062316894531e+00
4.664943933486938477e+00
3.786298990249633789e+00
3.381733179092407227e+00
4.741066932678222656e+00
2.695626020431518555e+00
4.695633172988891602e+00
5.115053176879882812e+00
3.627826213836669922e+00
3.395325183868408203e+00
3.735679149627685547e+00
6.052953958511352539e+00
3.669836997985839844e+00
5.483803987503051758e+00
3.615145921707153320e+00
3.784365177154541016e+00
4.205865859985351562e+00
2.509485960006713867e+00
3.582017898559570312e+00
3.746460914611816406e+00
5.577656030654907227e+00
2.717736005783081055e+00
2.826143980026245117e+00
2.581720829010009766e+00
3.140639066696166992e+00
3.226067066192626953e+00
4.093604087829589844e+00
3.222947120666503906e+00
4.354056119918823242e+00
3.020612001419067383e+00
6.262726783752441406e+00
3.703270912170410156e+00
4.485479831695556641e+00
4.319406270980834961e+00
4.668777942657470703e+00
4.007462024688720703e+00
5.855864763259887695e+00
6.310563087463378906e+00
6.035356998443603516e+00
4.333610057830810547e+00
5.405259847640991211e+00
5.607977867126464844e+00
2.526267051696777344e+00
6.088983774185180664e+00
6.215314865112304688e+00
6.141134738922119141e+00
5.302262067794799805e+00
6.975435972213745117e+00
3.305258989334106445e+00
2.705986976623535156e+00
5.145990848541259766e+00
5.738870143890380859e+00
3.813458204269409180e+00
6.268219232559204102e+00
5.178562164306640625e+00
6.178963899612426758e+00
3.541006803512573242e+00
3.533756256103515625e+00
6.789495944976806641e+00
3.258092880249023438e+00
4.755470037460327148e+00
3.970583677291870117e+00
4.980790138244628906e+00
3.622940778732299805e+00
4.879991054534912109e+00
2.826157808303833008e+00
2.863291025161743164e+00
3.494198083877563477e+00
3.429665088653564453e+00
7.279448270797729492e+00
3.186078071594238281e+00
3.724215030670166016e+00
3.688612937927246094e+00
2.815398216247558594e+00
3.368851900100708008e+00
3.759778022766113281e+00
4.004805803298950195e+00
4.472712993621826172e+00
4.140274763107299805e+00
3.447600841522216797e+00
3.676380872726440430e+00
4.031830787658691406e+00
3.697325944900512695e+00
2.608701944351196289e+00
3.783376216888427734e+00
4.189882993698120117e+00
3.717952013015747070e+00
4.144540071487426758e+00
4.041462182998657227e+00
3.956046819686889648e+00
4.348255872726440430e+00
4.539172887802124023e+00
4.492438077926635742e+00
4.720699310302734375e+00
5.968501091003417969e+00
5.156827688217163086e+00
3.930557966232299805e+00
2.413586854934692383e+00
5.545963048934936523e+00
3.374037027359008789e+00
3.048349857330322266e+00
4.777097940444946289e+00
5.137667179107666016e+00
4.804856061935424805e+00
4.838238954544067383e+00
5.451326131820678711e+00
5.211054801940917969e+00
3.411954164505004883e+00
5.519510030746459961e+00
5.514806032180786133e+00
3.595894098281860352e+00
4.891026020050048828e+00
4.921111106872558594e+00
4.995110034942626953e+00
5.089261770248413086e+00
6.363587141036987305e+00
4.651276111602783203e+00
4.656616210937500000e+00
5.682363271713256836e+00
5.748244047164916992e+00
4.513577938079833984e+00
4.980006933212280273e+00
5.799248218536376953e+00
4.788956880569458008e+00
4.734192848205566406e+00
5.541203022003173828e+00
5.255323171615600586e+00
5.273504018783569336e+00
4.350782155990600586e+00
5.122874021530151367e+00
5.559082984924316406e+00
3.307162761688232422e+00
6.048779010772705078e+00
5.413944005966186523e+00
5.972466945648193359e+00
5.381895780563354492e+00
6.314476966857910156e+00
4.202644348144531250e+00
5.260465860366821289e+00
4.564795970916748047e+00
5.462628841400146484e+00
4.713134050369262695e+00
5.040058851242065430e+00
5.618855237960815430e+00
3.374966859817504883e+00
5.050560951232910156e+00
3.832687139511108398e+00
7.149382829666137695e+00
5.559315204620361328e+00
8.179395914077758789e+00
5.507231950759887695e+00
4.408663034439086914e+00
4.977357625961303711e+00
5.265285730361938477e+00
6.975172758102416992e+00
5.861212253570556641e+00
4.936545610427856445e+00
3.893267154693603516e+00
3.904213905334472656e+00
6.809231996536254883e+00
4.489257097244262695e+00
6.409122943878173828e+00
6.698457002639770508e+00
5.914727926254272461e+00
6.698153972625732422e+00
5.441355943679809570e+00
5.969250917434692383e+00
7.773718118667602539e+00
8.081048965454101562e+00
4.877230167388916016e+00
6.285649776458740234e+00
7.246799945831298828e+00
6.062741756439208984e+00
7.537326097488403320e+00
4.348042011260986328e+00
4.962404966354370117e+00
3.669108867645263672e+00
6.095354080200195312e+00
7.344072103500366211e+00
4.696833133697509766e+00
8.187020063400268555e+00
6.877820968627929688e+00
5.746606826782226562e+00
8.473754882812500000e+00
6.235970258712768555e+00
2.075587987899780273e+00
7.327225923538208008e+00
5.622390747070312500e+00
4.896121025085449219e+00
4.846151351928710938e+00
4.778643846511840820e+00
7.518201828002929688e+00
2.320855140686035156e+00
2.923943042755126953e+00
5.917701005935668945e+00
5.280739068984985352e+00
6.865370988845825195e+00
4.478916168212890625e+00
3.096259117126464844e+00
4.576238870620727539e+00
5.712646961212158203e+00
2.456240177154541016e+00
2.548489332199096680e+00
2.990427255630493164e+00
2.024747133255004883e+00
2.412877082824707031e+00
2.079375743865966797e+00
2.563328027725219727e+00
2.489144086837768555e+00
2.590457916259765625e+00
2.572763919830322266e+00
2.696360111236572266e+00
2.961711883544921875e+00
2.636410951614379883e+00
3.588572978973388672e+00
3.088073968887329102e+00
3.298895835876464844e+00
3.365648984909057617e+00
2.862489700317382812e+00
2.692672014236450195e+00
3.665306329727172852e+00
2.919804096221923828e+00
3.271214723587036133e+00
4.119480133056640625e+00
2.702398061752319336e+00
3.049464941024780273e+00
3.632390022277832031e+00
4.214940786361694336e+00
3.358247041702270508e+00
3.809938907623291016e+00
3.918210744857788086e+00
3.947288990020751953e+00
4.410474061965942383e+00
4.270245790481567383e+00
4.282812118530273438e+00
4.366467952728271484e+00
4.889137268066406250e+00
4.818121910095214844e+00
4.665464162826538086e+00
4.820611000061035156e+00
4.583099842071533203e+00
4.706363201141357422e+00
3.865315198898315430e+00
5.094947099685668945e+00
4.251874208450317383e+00
3.011507987976074219e+00
4.440644025802612305e+00
4.685293912887573242e+00
5.000072956085205078e+00
4.858891010284423828e+00
4.329397916793823242e+00
5.307749271392822266e+00
4.758478879928588867e+00
5.389841079711914062e+00
5.543196916580200195e+00
5.283339977264404297e+00
5.846865892410278320e+00
3.513438224792480469e+00
5.603118896484375000e+00
5.622423171997070312e+00
5.331191062927246094e+00
5.336145877838134766e+00
5.395444154739379883e+00
4.829625844955444336e+00
4.761781215667724609e+00
6.135120868682861328e+00
5.796746969223022461e+00
6.143391132354736328e+00
5.873342037200927734e+00
6.069787263870239258e+00
6.140724182128906250e+00
5.491711854934692383e+00
3.120889663696289062e+00
5.656508207321166992e+00
5.805899143218994141e+00
6.401119947433471680e+00
6.450929164886474609e+00
6.436824083328247070e+00
5.889529705047607422e+00
4.190689086914062500e+00
6.216982603073120117e+00
6.612523078918457031e+00
5.890527963638305664e+00
6.495376110076904297e+00
7.005256175994873047e+00
7.056329965591430664e+00
6.320135116577148438e+00
5.487494945526123047e+00
6.556262254714965820e+00
6.020441055297851562e+00
6.041635036468505859e+00
6.876013994216918945e+00
6.442273139953613281e+00
5.263979196548461914e+00
6.055437088012695312e+00
6.900188207626342773e+00
6.420233011245727539e+00
6.210524082183837891e+00
6.435638189315795898e+00
5.855449676513671875e+00
7.045977115631103516e+00
4.615342140197753906e+00
4.669482946395874023e+00
3.365411043167114258e+00
4.471376180648803711e+00
5.479166984558105469e+00
4.563351154327392578e+00
5.910492897033691406e+00
5.558792352676391602e+00
5.891236066818237305e+00
6.518599987030029297e+00
4.633872270584106445e+00
6.886680126190185547e+00
5.143970251083374023e+00
4.757135152816772461e+00
4.489623069763183594e+00
7.528080940246582031e+00
7.271637201309204102e+00
7.703551054000854492e+00
6.300794124603271484e+00
4.379163265228271484e+00
5.752145051956176758e+00
7.535146951675415039e+00
6.665762186050415039e+00
3.050193071365356445e+00
7.024788856506347656e+00
4.173392057418823242e+00
2.607639074325561523e+00
7.086973905563354492e+00
7.082203149795532227e+00
2.797159910202026367e+00
5.153532028198242188e+00
3.219841003417968750e+00
3.641942977905273438e+00
4.243512868881225586e+00
4.548875093460083008e+00
6.921195030212402344e+00
4.355447769165039062e+00
5.597743988037109375e+00
3.106317043304443359e+00
4.089914798736572266e+00
3.828914880752563477e+00
3.547831058502197266e+00
3.990906715393066406e+00
5.139999866485595703e+00
3.509025812149047852e+00
3.170934915542602539e+00
3.860049009323120117e+00
7.757342338562011719e+00
4.424205064773559570e+00
4.619459152221679688e+00
3.944982051849365234e+00
4.000005722045898438e+00
3.466415166854858398e+00
2.675722122192382812e+00
3.678762912750244141e+00
3.850988149642944336e+00
3.515077114105224609e+00
6.023180723190307617e+00
3.116618871688842773e+00
3.732060909271240234e+00
3.042171001434326172e+00
2.772861242294311523e+00
5.308118104934692383e+00
3.450000286102294922e+00
7.845006942749023438e+00
5.272361040115356445e+00
6.976919174194335938e+00
5.346158027648925781e+00
2.515000820159912109e+00
3.690012931823730469e+00
3.045921802520751953e+00
4.192589044570922852e+00
3.935907125473022461e+00
2.659754037857055664e+00
4.682307958602905273e+00
3.036838054656982422e+00
3.119710922241210938e+00
3.755220890045166016e+00
3.608826160430908203e+00
3.105038881301879883e+00
4.024379014968872070e+00
3.331779718399047852e+00
3.061274051666259766e+00
3.681111812591552734e+00
3.767707824707031250e+00
3.704669952392578125e+00
3.308321952819824219e+00
4.393627882003784180e+00
3.499499082565307617e+00
5.054377317428588867e+00
3.220570802688598633e+00
3.522748947143554688e+00
3.327593803405761719e+00
4.230035305023193359e+00
3.761412858963012695e+00
3.664448022842407227e+00
4.303443908691406250e+00
3.626910924911499023e+00
3.683912038803100586e+00
4.339098215103149414e+00
3.828287363052368164e+00
2.038431167602539062e+00
4.025336980819702148e+00
4.735811948776245117e+00
3.285306930541992188e+00
3.465365171432495117e+00
3.439212083816528320e+00
4.355952262878417969e+00
4.605930089950561523e+00
4.042254686355590820e+00
4.734230041503906250e+00
3.969897270202636719e+00
3.537408113479614258e+00
3.269954919815063477e+00
5.204039812088012695e+00
3.594755887985229492e+00
4.119203090667724609e+00
4.823647975921630859e+00
4.169429779052734375e+00
5.212723970413208008e+00
4.401095867156982422e+00
4.230976104736328125e+00
4.455467939376831055e+00
2.662306785583496094e+00
3.776115179061889648e+00
4.333428859710693359e+00
5.195016145706176758e+00
4.977440834045410156e+00
4.063443899154663086e+00
4.040689945220947266e+00
4.543998956680297852e+00
3.693431854248046875e+00
4.514906883239746094e+00
4.425564050674438477e+00
4.342466115951538086e+00
3.163559913635253906e+00
3.453356981277465820e+00
4.634309053421020508e+00
4.876165866851806641e+00
4.256783962249755859e+00
6.058123111724853516e+00
3.516785860061645508e+00
3.409900903701782227e+00
3.693335771560668945e+00
4.242166042327880859e+00
4.280984878540039062e+00
5.377794027328491211e+00
6.311911106109619141e+00
4.690581083297729492e+00
4.910372972488403320e+00
3.670459985733032227e+00
4.280426025390625000e+00
3.718811988830566406e+00
3.376985073089599609e+00
4.432620048522949219e+00
5.218824863433837891e+00
2.836732864379882812e+00
4.221286058425903320e+00
3.941639900207519531e+00
3.871839046478271484e+00
4.400702953338623047e+00
3.107115030288696289e+00
4.855527162551879883e+00
5.201333999633789062e+00
4.684932708740234375e+00
5.464072227478027344e+00
5.769921064376831055e+00
4.647646903991699219e+00
4.805155754089355469e+00
5.272080898284912109e+00
3.646673917770385742e+00
2.873785972595214844e+00
4.283434867858886719e+00
4.592266082763671875e+00
5.530743122100830078e+00
3.815069198608398438e+00
5.769308805465698242e+00
4.533308267593383789e+00
4.201566934585571289e+00
3.277375221252441406e+00
4.322872877120971680e+00
3.845531940460205078e+00
5.641026020050048828e+00
5.909446716308593750e+00
5.906201124191284180e+00
3.512920141220092773e+00
5.471785068511962891e+00
2.782959222793579102e+00
4.274967908859252930e+00
4.112367153167724609e+00
4.908575057983398438e+00
5.232449054718017578e+00
4.366118907928466797e+00
4.484117984771728516e+00
4.584763050079345703e+00
5.375053882598876953e+00
4.728946924209594727e+00
5.108892917633056641e+00
3.606802940368652344e+00
3.296988964080810547e+00
3.508781194686889648e+00
3.310847997665405273e+00
5.347759962081909180e+00
7.531777143478393555e+00
5.551296949386596680e+00
3.552531957626342773e+00
4.228578090667724609e+00
4.040308952331542969e+00
3.392011165618896484e+00
5.787254810333251953e+00
4.012951135635375977e+00
5.548006772994995117e+00
3.720244169235229492e+00
5.271523237228393555e+00
5.090837717056274414e+00
3.459911346435546875e+00
3.499337196350097656e+00
5.470783948898315430e+00
5.347306966781616211e+00
4.543438196182250977e+00
3.350223064422607422e+00
5.944551944732666016e+00
3.638502120971679688e+00
4.245431900024414062e+00
6.071535110473632812e+00
4.749917984008789062e+00
2.605248928070068359e+00
3.376750946044921875e+00
4.250477790832519531e+00
3.944885015487670898e+00
4.015225887298583984e+00
3.346015930175781250e+00
4.162307739257812500e+00
4.358603000640869141e+00
4.412777185440063477e+00
5.084368228912353516e+00
4.408004760742187500e+00
4.521883964538574219e+00
3.185090065002441406e+00
5.176309108734130859e+00
3.734577178955078125e+00
4.808505058288574219e+00
5.174749851226806641e+00
4.692552804946899414e+00
4.653255939483642578e+00
3.130193948745727539e+00
4.644978284835815430e+00
5.037045001983642578e+00
4.124350786209106445e+00
5.536405086517333984e+00
4.074509143829345703e+00
7.473606824874877930e+00
3.266175031661987305e+00
4.005370855331420898e+00
2.434096813201904297e+00
5.828259706497192383e+00
3.671287059783935547e+00
4.218243122100830078e+00
4.963056087493896484e+00
2.696367263793945312e+00
3.592964172363281250e+00
4.533710241317749023e+00
4.600361824035644531e+00
5.274102210998535156e+00
5.641764163970947266e+00
6.635604858398437500e+00
4.478068828582763672e+00
3.361546993255615234e+00
5.243954896926879883e+00
5.531393051147460938e+00
4.252600193023681641e+00
3.363336801528930664e+00
3.481928110122680664e+00
4.556517839431762695e+00
4.817610979080200195e+00
4.733963012695312500e+00
3.479058265686035156e+00
5.597422122955322266e+00
5.728122711181640625e+00
6.749826908111572266e+00
5.187825202941894531e+00
6.371076822280883789e+00
5.617085933685302734e+00
6.637059211730957031e+00
6.149278879165649414e+00
3.408300161361694336e+00
4.181325197219848633e+00
4.410377979278564453e+00
4.215554237365722656e+00
5.938118219375610352e+00
4.950240135192871094e+00
4.656446933746337891e+00
2.397647142410278320e+00
4.494973897933959961e+00
4.503198146820068359e+00
3.639203071594238281e+00
4.350080966949462891e+00
5.389469861984252930e+00
6.208297014236450195e+00
6.670208930969238281e+00
5.538496971130371094e+00
5.614877939224243164e+00
3.439021110534667969e+00
5.522891759872436523e+00
4.409006118774414062e+00
3.219058990478515625e+00
4.704555988311767578e+00
5.035516023635864258e+00
5.175776004791259766e+00
3.420711040496826172e+00
5.407778978347778320e+00
4.438036918640136719e+00
5.622681140899658203e+00
6.329082965850830078e+00
6.399773120880126953e+00
5.253158092498779297e+00
4.452908992767333984e+00
5.252961874008178711e+00
7.310322999954223633e+00
5.688844919204711914e+00
4.578591108322143555e+00
3.624201059341430664e+00
4.120697975158691406e+00
5.060374975204467773e+00
6.056107997894287109e+00
5.416533946990966797e+00
5.359824895858764648e+00
4.848379850387573242e+00
4.716020107269287109e+00
6.815470218658447266e+00
4.153672933578491211e+00
5.472149133682250977e+00
5.741307020187377930e+00
5.665124177932739258e+00
6.305335998535156250e+00
3.900142908096313477e+00
4.217875957489013672e+00
5.295531988143920898e+00
4.091098785400390625e+00
5.023921251296997070e+00
4.754909038543701172e+00
5.374418735504150391e+00
3.760816097259521484e+00
4.054866790771484375e+00
4.030191898345947266e+00
5.388306140899658203e+00
4.029748201370239258e+00
3.727600812911987305e+00
4.136807203292846680e+00
6.403365135192871094e+00
4.956362962722778320e+00
6.224001884460449219e+00
4.539359807968139648e+00
4.926945924758911133e+00
6.575587987899780273e+00
5.038499832153320312e+00
6.806790113449096680e+00
4.376755237579345703e+00
6.268476009368896484e+00
