9.320767164230346680e+00
1.234966707229614258e+01
3.650533914566040039e+00
8.719614982604980469e+00
6.359797954559326172e+00
1.340391016006469727e+01
9.385265111923217773e+00
3.387088298797607422e+00
1.550684595108032227e+01
2.485294103622436523e+00
2.447961091995239258e+00
5.132933139801025391e+00
1.322087025642395020e+01
1.740160393714904785e+01
9.354013919830322266e+00
3.464605093002319336e+00
3.212032079696655273e+00
8.532588005065917969e+00
2.585112810134887695e+00
2.972034931182861328e+00
2.014697790145874023e+00
2.163418054580688477e+00
2.556383848190307617e+00
2.795255184173583984e+00
2.723437070846557617e+00
2.579221010208129883e+00
3.424704074859619141e+00
4.246906995773315430e+00
3.342177152633666992e+00
3.199503898620605469e+00
3.746203899383544922e+00
2.145282983779907227e+00
3.127139091491699219e+00
3.687608718872070312e+00
3.734007835388183594e+00
4.125977993011474609e+00
4.184096097946166992e+00
4.515000104904174805e+00
2.625860929489135742e+00
2.518624067306518555e+00
3.128183126449584961e+00
3.914284944534301758e+00
4.366441965103149414e+00
4.932837009429931641e+00
2.880023002624511719e+00
3.224199295043945312e+00
2.665663003921508789e+00
2.359522104263305664e+00
2.519155979156494141e+00
2.000739812850952148e+00
2.538385868072509766e+00
2.767270088195800781e+00
2.192445993423461914e+00
3.025439023971557617e+00
2.766103029251098633e+00
3.444370985031127930e+00
3.180015087127685547e+00
2.937750101089477539e+00
2.818201780319213867e+00
3.728819847106933594e+00
3.242493867874145508e+00
3.996370315551757812e+00
3.351205110549926758e+00
3.460128068923950195e+00
3.194954872131347656e+00
2.612377166748046875e+00
2.359313964843750000e+00
2.692373991012573242e+00
3.528114795684814453e+00
2.140988826751708984e+00
3.819549322128295898e+00
3.869785785675048828e+00
2.786993741989135742e+00
2.163306951522827148e+00
2.702382087707519531e+00
4.062437057495117188e+00
3.236001014709472656e+00
3.498941898345947266e+00
2.331822156906127930e+00
2.553452014923095703e+00
3.440938949584960938e+00
2.886645078659057617e+00
3.270030021667480469e+00
2.791514873504638672e+00
3.588067054748535156e+00
2.230453968048095703e+00
3.084737062454223633e+00
3.150650739669799805e+00
2.751683950424194336e+00
3.195904016494750977e+00
3.345112085342407227e+00
2.336125850677490234e+00
2.948743820190429688e+00
3.454511880874633789e+00
2.609493017196655273e+00
3.077190160751342773e+00
2.814386129379272461e+00
2.670694828033447266e+00
2.745936870574951172e+00
2.929752111434936523e+00
4.161865949630737305e+00
3.829767704010009766e+00
2.507879972457885742e+00
3.108967304229736328e+00
3.654979944229125977e+00
2.050236225128173828e+00
4.890809774398803711e+00
2.345829248428344727e+00
2.985896825790405273e+00
2.065788984298706055e+00
2.257600069046020508e+00
2.555983066558837891e+00
2.550894260406494141e+00
4.080109834671020508e+00
2.220408916473388672e+00
2.870135068893432617e+00
3.343060016632080078e+00
3.372280836105346680e+00
3.210546016693115234e+00
3.364249944686889648e+00
3.875932931900024414e+00
3.047352075576782227e+00
3.350012302398681641e+00
3.834728002548217773e+00
3.589082002639770508e+00
3.015919208526611328e+00
4.494149684906005859e+00
4.546653985977172852e+00
3.362355947494506836e+00
4.636328935623168945e+00
3.324273824691772461e+00
4.237200260162353516e+00
3.315521001815795898e+00
3.528609037399291992e+00
3.619873046875000000e+00
3.919791936874389648e+00
2.581485271453857422e+00
3.135409116744995117e+00
4.216722011566162109e+00
3.985176801681518555e+00
2.494890928268432617e+00
4.161075830459594727e+00
3.397358894348144531e+00
4.086040019989013672e+00
3.849431037902832031e+00
3.000686168670654297e+00
4.340369224548339844e+00
3.587142944335937500e+00
3.502610921859741211e+00
5.096826076507568359e+00
2.126625061035156250e+00
2.437201023101806641e+00
2.924183845520019531e+00
2.905783653259277344e+00
2.686205863952636719e+00
2.807362079620361328e+00
2.303212165832519531e+00
2.987087249755859375e+00
1.970355749130249023e+00
2.110975027084350586e+00
2.889842987060546875e+00
2.594387054443359375e+00
2.580367088317871094e+00
3.984313011169433594e+00
2.548757076263427734e+00
2.799740076065063477e+00
3.972531080245971680e+00
4.098204851150512695e+00
4.309493064880371094e+00
3.377325057983398438e+00
2.551793813705444336e+00
3.468683004379272461e+00
3.877260208129882812e+00
2.441582202911376953e+00
3.168999910354614258e+00
3.986542940139770508e+00
3.595735073089599609e+00
2.826076745986938477e+00
3.439290285110473633e+00
3.284934997558593750e+00
3.437052965164184570e+00
3.053987979888916016e+00
3.283076047897338867e+00
4.266223192214965820e+00
3.358512878417968750e+00
4.591979980468750000e+00
3.483128786087036133e+00
3.143428087234497070e+00
2.839637994766235352e+00
2.790677070617675781e+00
3.519527912139892578e+00
4.718052148818969727e+00
3.744102001190185547e+00
2.812553882598876953e+00
2.723222017288208008e+00
2.247010707855224609e+00
3.987084150314331055e+00
4.639981985092163086e+00
3.322501897811889648e+00
2.708798885345458984e+00
2.791237115859985352e+00
3.567403078079223633e+00
3.654448986053466797e+00
3.289752006530761719e+00
2.649101972579956055e+00
2.888590097427368164e+00
3.380026817321777344e+00
3.098939895629882812e+00
2.585820913314819336e+00
2.801821231842041016e+00
3.255522727966308594e+00
3.550867319107055664e+00
3.813119173049926758e+00
3.313602209091186523e+00
3.272601842880249023e+00
3.843313932418823242e+00
3.604660034179687500e+00
4.003779888153076172e+00
4.150191783905029297e+00
3.793651103973388672e+00
2.991465330123901367e+00
2.434606790542602539e+00
2.996984243392944336e+00
3.053683042526245117e+00
3.236730098724365234e+00
4.149058103561401367e+00
3.550781965255737305e+00
2.313827276229858398e+00
3.113597869873046875e+00
2.471297979354858398e+00
3.456062078475952148e+00
2.871164798736572266e+00
4.296111106872558594e+00
2.684176921844482422e+00
2.733104705810546875e+00
3.036488056182861328e+00
3.303132772445678711e+00
2.554048061370849609e+00
3.039731025695800781e+00
3.259181022644042969e+00
2.274706125259399414e+00
3.218288898468017578e+00
3.407624959945678711e+00
2.641989707946777344e+00
3.044726133346557617e+00
2.308413982391357422e+00
2.709032297134399414e+00
3.610455989837646484e+00
2.694068908691406250e+00
3.679291009902954102e+00
3.025938272476196289e+00
3.784576892852783203e+00
2.148458957672119141e+00
3.524041891098022461e+00
2.667991161346435547e+00
2.704382181167602539e+00
3.415043830871582031e+00
2.849761247634887695e+00
2.898822069168090820e+00
2.562330722808837891e+00
3.035824060440063477e+00
2.931135892868041992e+00
2.884245872497558594e+00
4.067244052886962891e+00
3.377974033355712891e+00
3.202785968780517578e+00
3.926848173141479492e+00
3.849917888641357422e+00
3.812183141708374023e+00
3.645282983779907227e+00
3.535506963729858398e+00
3.993262767791748047e+00
4.142706871032714844e+00
3.507112979888916016e+00
4.576287984848022461e+00
3.365180015563964844e+00
3.100874900817871094e+00
4.564097166061401367e+00
2.886031866073608398e+00
4.131652116775512695e+00
4.214255809783935547e+00
4.820058822631835938e+00
4.325307130813598633e+00
3.911818981170654297e+00
3.799487829208374023e+00
3.675152063369750977e+00
3.874000787734985352e+00
3.282834053039550781e+00
3.798559904098510742e+00
3.366231679916381836e+00
3.813945770263671875e+00
3.759274005889892578e+00
3.831417083740234375e+00
4.691513061523437500e+00
5.980160951614379883e+00
4.173167228698730469e+00
3.877160072326660156e+00
3.169585227966308594e+00
4.575067758560180664e+00
4.412959098815917969e+00
4.425464630126953125e+00
4.177902221679687500e+00
3.373686075210571289e+00
4.127052068710327148e+00
3.846925973892211914e+00
1.881800174713134766e+00
4.055856943130493164e+00
3.213027000427246094e+00
2.486499071121215820e+00
3.127593278884887695e+00
2.587522983551025391e+00
2.842020750045776367e+00
3.618739366531372070e+00
3.074944972991943359e+00
3.488997936248779297e+00
4.813390016555786133e+00
3.958690881729125977e+00
3.302221775054931641e+00
2.169854879379272461e+00
2.036225080490112305e+00
2.646571159362792969e+00
3.973860979080200195e+00
1.989989995956420898e+00
2.707643032073974609e+00
2.545336008071899414e+00
3.770872116088867188e+00
2.413157224655151367e+00
3.038233995437622070e+00
2.659501075744628906e+00
3.392910718917846680e+00
3.124931097030639648e+00
3.049089193344116211e+00
3.181712150573730469e+00
3.513220071792602539e+00
1.991165876388549805e+00
3.648097991943359375e+00
3.066488027572631836e+00
3.070229768753051758e+00
3.003144979476928711e+00
4.281228065490722656e+00
3.285266876220703125e+00
4.203946828842163086e+00
3.117259025573730469e+00
4.766600847244262695e+00
6.192542791366577148e+00
3.705381870269775391e+00
5.539347887039184570e+00
4.232864141464233398e+00
4.623093843460083008e+00
5.024919033050537109e+00
5.159981012344360352e+00
5.288842916488647461e+00
4.109347820281982422e+00
5.048986911773681641e+00
5.298660278320312500e+00
4.828501939773559570e+00
4.143685102462768555e+00
4.819974184036254883e+00
6.216171979904174805e+00
4.922969102859497070e+00
4.727428197860717773e+00
4.868479013442993164e+00
4.333276987075805664e+00
5.715163946151733398e+00
4.196933984756469727e+00
4.946772098541259766e+00
5.493687152862548828e+00
5.288830280303955078e+00
5.296753883361816406e+00
5.271803140640258789e+00
6.564133167266845703e+00
4.386996030807495117e+00
3.388471126556396484e+00
5.511577844619750977e+00
4.100493192672729492e+00
4.332947969436645508e+00
4.486400127410888672e+00
5.249994993209838867e+00
2.162657976150512695e+00
4.586747884750366211e+00
6.596436023712158203e+00
5.191601991653442383e+00
5.534251928329467773e+00
6.134739398956298828e+00
5.583843946456909180e+00
5.207300186157226562e+00
3.533431053161621094e+00
4.644467115402221680e+00
5.204030990600585938e+00
5.011199951171875000e+00
3.164667129516601562e+00
5.770488023757934570e+00
4.788825988769531250e+00
2.725563287734985352e+00
4.063381195068359375e+00
4.661685943603515625e+00
4.310532093048095703e+00
3.212090969085693359e+00
5.295448064804077148e+00
3.420017004013061523e+00
2.774692773818969727e+00
4.067781925201416016e+00
3.568324089050292969e+00
3.255522012710571289e+00
2.751204729080200195e+00
4.476926088333129883e+00
2.606881856918334961e+00
2.507236003875732422e+00
2.516872167587280273e+00
3.833566904067993164e+00
2.916238784790039062e+00
2.868024826049804688e+00
2.891843080520629883e+00
3.560853958129882812e+00
3.348247051239013672e+00
4.169111967086791992e+00
2.306241989135742188e+00
3.615949153900146484e+00
4.423463344573974609e+00
4.950606107711791992e+00
4.342947244644165039e+00
4.058977842330932617e+00
4.281659126281738281e+00
4.018345832824707031e+00
2.772015094757080078e+00
4.169442176818847656e+00
3.186979055404663086e+00
4.245320081710815430e+00
4.918792963027954102e+00
3.534027099609375000e+00
3.680687189102172852e+00
4.283312082290649414e+00
3.765720844268798828e+00
3.725469827651977539e+00
4.364089012145996094e+00
4.916411161422729492e+00
4.300638198852539062e+00
3.390699148178100586e+00
3.382135868072509766e+00
2.873957872390747070e+00
3.143809080123901367e+00
4.212354183197021484e+00
4.734463214874267578e+00
3.482133150100708008e+00
3.672894001007080078e+00
3.562464952468872070e+00
3.551922082901000977e+00
3.633973836898803711e+00
3.547397851943969727e+00
3.478918075561523438e+00
3.725115060806274414e+00
3.784678936004638672e+00
5.368103265762329102e+00
5.696223020553588867e+00
3.989543199539184570e+00
4.097580909729003906e+00
3.391548156738281250e+00
2.854467868804931641e+00
4.293466806411743164e+00
6.065852880477905273e+00
5.329345226287841797e+00
3.598633766174316406e+00
4.507018089294433594e+00
5.791939258575439453e+00
3.764692068099975586e+00
3.716107845306396484e+00
3.822072029113769531e+00
2.329155921936035156e+00
2.796363830566406250e+00
5.580734014511108398e+00
2.506484985351562500e+00
2.616268157958984375e+00
4.456946134567260742e+00
3.642343997955322266e+00
3.199066162109375000e+00
3.184071779251098633e+00
3.209640979766845703e+00
3.586644887924194336e+00
3.687608003616333008e+00
2.960369348526000977e+00
2.973514080047607422e+00
3.054821968078613281e+00
3.320641994476318359e+00
3.849151849746704102e+00
4.267976999282836914e+00
3.290287256240844727e+00
3.929692029953002930e+00
5.594610929489135742e+00
3.050621747970581055e+00
4.980032920837402344e+00
2.923217296600341797e+00
2.867403030395507812e+00
5.163800239562988281e+00
3.113868951797485352e+00
3.062520027160644531e+00
3.098389148712158203e+00
3.758651256561279297e+00
3.039289712905883789e+00
3.672798871994018555e+00
3.076339006423950195e+00
2.457956075668334961e+00
3.089188814163208008e+00
2.537890911102294922e+00
3.193312883377075195e+00
3.300701856613159180e+00
2.131032943725585938e+00
2.997437953948974609e+00
3.173582077026367188e+00
2.768686056137084961e+00
2.798936843872070312e+00
2.889938831329345703e+00
3.386616706848144531e+00
2.552529811859130859e+00
3.398360013961791992e+00
4.546539068222045898e+00
3.387800931930541992e+00
2.714925050735473633e+00
3.250489950180053711e+00
3.406122922897338867e+00
3.509918928146362305e+00
4.764245033264160156e+00
3.303207874298095703e+00
3.007328987121582031e+00
2.642738103866577148e+00
2.641644001007080078e+00
2.672615766525268555e+00
4.099449157714843750e+00
2.805985927581787109e+00
2.905515909194946289e+00
3.261509895324707031e+00
3.566216945648193359e+00
2.919348001480102539e+00
2.867743015289306641e+00
1.983214139938354492e+00
2.942281007766723633e+00
2.869021415710449219e+00
3.739223003387451172e+00
2.863498926162719727e+00
3.041592836380004883e+00
4.623460054397583008e+00
3.423117876052856445e+00
2.496734142303466797e+00
3.347382068634033203e+00
2.858479738235473633e+00
3.042173147201538086e+00
3.188110113143920898e+00
3.161328792572021484e+00
3.112510919570922852e+00
2.278225898742675781e+00
3.466922998428344727e+00
3.989037275314331055e+00
3.967841863632202148e+00
3.289195775985717773e+00
3.809803009033203125e+00
3.439702033996582031e+00
3.801478862762451172e+00
3.228336334228515625e+00
3.704388141632080078e+00
3.874980926513671875e+00
4.044376134872436523e+00
2.660331010818481445e+00
2.823636054992675781e+00
3.074647903442382812e+00
3.955298900604248047e+00
2.518132925033569336e+00
2.816961050033569336e+00
4.170292854309082031e+00
3.208542823791503906e+00
3.452486038208007812e+00
4.263929843902587891e+00
3.454818725585937500e+00
4.398897886276245117e+00
2.497702121734619141e+00
4.076646804809570312e+00
4.283146858215332031e+00
4.459132194519042969e+00
2.736164808273315430e+00
4.453412055969238281e+00
4.541736841201782227e+00
4.014940023422241211e+00
4.062820911407470703e+00
3.696285009384155273e+00
3.071494817733764648e+00
4.229957103729248047e+00
3.740568161010742188e+00
5.270843267440795898e+00
3.206696987152099609e+00
3.833640813827514648e+00
4.191961765289306641e+00
3.548583984375000000e+00
4.440260887145996094e+00
3.537761688232421875e+00
2.771919727325439453e+00
4.187268972396850586e+00
5.470522165298461914e+00
4.025425910949707031e+00
4.653673887252807617e+00
2.441578388214111328e+00
4.962909936904907227e+00
5.294513225555419922e+00
3.789175033569335938e+00
5.174247026443481445e+00
4.172347068786621094e+00
3.381727933883666992e+00
4.555691719055175781e+00
4.244230985641479492e+00
3.888109922409057617e+00
3.516993999481201172e+00
3.503057956695556641e+00
3.254959821701049805e+00
3.667647123336791992e+00
2.289997100830078125e+00
3.757713794708251953e+00
3.743156909942626953e+00
2.536947011947631836e+00
3.000730991363525391e+00
2.926160097122192383e+00
3.703635931015014648e+00
5.054867029190063477e+00
3.171934843063354492e+00
2.828880786895751953e+00
4.307125091552734375e+00
4.194624185562133789e+00
3.272848129272460938e+00
3.049504995346069336e+00
3.365177869796752930e+00
2.540625810623168945e+00
3.446103096008300781e+00
3.256144285202026367e+00
2.949652910232543945e+00
3.218525886535644531e+00
3.813899755477905273e+00
2.098696947097778320e+00
3.964133024215698242e+00
3.004500865936279297e+00
4.223405122756958008e+00
3.304951190948486328e+00
3.979984283447265625e+00
2.882758140563964844e+00
3.707395076751708984e+00
3.775166988372802734e+00
2.536098003387451172e+00
4.404551982879638672e+00
5.273663997650146484e+00
3.938428163528442383e+00
4.598074913024902344e+00
3.032468795776367188e+00
4.575102806091308594e+00
3.068960905075073242e+00
4.456825017929077148e+00
3.288796186447143555e+00
3.812442064285278320e+00
3.630041122436523438e+00
3.993696928024291992e+00
4.051553010940551758e+00
2.418201208114624023e+00
3.250572204589843750e+00
2.752044916152954102e+00
3.704102039337158203e+00
3.941682815551757812e+00
3.607391119003295898e+00
4.061165094375610352e+00
3.455518960952758789e+00
2.696567058563232422e+00
3.172252178192138672e+00
3.556658983230590820e+00
4.033869028091430664e+00
2.839342832565307617e+00
3.350039005279541016e+00
3.443080186843872070e+00
2.985246896743774414e+00
3.257118940353393555e+00
2.479559183120727539e+00
3.089817047119140625e+00
3.200805187225341797e+00
3.792282104492187500e+00
3.469540834426879883e+00
3.384871006011962891e+00
3.162066936492919922e+00
4.151582956314086914e+00
3.818902015686035156e+00
3.891063690185546875e+00
3.411798000335693359e+00
3.322086095809936523e+00
3.242033958435058594e+00
4.155778884887695312e+00
3.546251058578491211e+00
4.474169254302978516e+00
4.125428199768066406e+00
4.436543941497802734e+00
3.663856983184814453e+00
4.195214033126831055e+00
3.670864820480346680e+00
3.908445119857788086e+00
2.962954044342041016e+00
4.158527135848999023e+00
4.708989858627319336e+00
3.527408123016357422e+00
2.636075019836425781e+00
4.281331062316894531e+00
4.358443021774291992e+00
3.439875125885009766e+00
3.133975982666015625e+00
4.167145013809204102e+00
4.485923051834106445e+00
4.406964063644409180e+00
3.591220855712890625e+00
3.496255159378051758e+00
2.786124944686889648e+00
2.495845079421997070e+00
2.711619853973388672e+00
2.869813919067382812e+00
4.390505075454711914e+00
3.877063989639282227e+00
3.850728988647460938e+00
4.463761806488037109e+00
3.379581928253173828e+00
3.275038003921508789e+00
2.936804771423339844e+00
3.339061975479125977e+00
2.554739952087402344e+00
2.495265007019042969e+00
3.417280912399291992e+00
3.844228267669677734e+00
3.459990024566650391e+00
2.787305831909179688e+00
4.110274076461791992e+00
3.048441886901855469e+00
3.140462875366210938e+00
2.981677770614624023e+00
4.290826797485351562e+00
4.881469011306762695e+00
4.305338144302368164e+00
6.029038667678833008e+00
4.610172271728515625e+00
3.077806234359741211e+00
2.880788803100585938e+00
3.356842994689941406e+00
2.465167045593261719e+00
3.773453950881958008e+00
3.346201181411743164e+00
3.527920961380004883e+00
3.372140884399414062e+00
3.327104091644287109e+00
3.169435977935791016e+00
3.553155183792114258e+00
4.430744171142578125e+00
3.075871944427490234e+00
5.123619079589843750e+00
1.731900930404663086e+00
2.518282175064086914e+00
3.744192123413085938e+00
3.255576848983764648e+00
2.454311370849609375e+00
3.154636859893798828e+00
3.221453189849853516e+00
2.639481067657470703e+00
2.540748834609985352e+00
3.106754064559936523e+00
4.843225002288818359e+00
3.020128011703491211e+00
2.570763111114501953e+00
3.434649944305419922e+00
3.458986997604370117e+00
2.954266071319580078e+00
2.756129980087280273e+00
2.782773017883300781e+00
2.407041788101196289e+00
3.191097021102905273e+00
2.242071866989135742e+00
3.014980792999267578e+00
3.106311082839965820e+00
2.956688165664672852e+00
2.368582725524902344e+00
3.937989950180053711e+00
3.203269243240356445e+00
3.483678102493286133e+00
4.532953023910522461e+00
3.522037982940673828e+00
3.192031145095825195e+00
3.542751073837280273e+00
3.933181285858154297e+00
3.250845909118652344e+00
3.847192049026489258e+00
3.093037128448486328e+00
3.723485946655273438e+00
3.793802976608276367e+00
3.290393114089965820e+00
4.080047130584716797e+00
3.677177667617797852e+00
3.551254987716674805e+00
3.762650012969970703e+00
3.594107866287231445e+00
3.762339830398559570e+00
3.073072910308837891e+00
3.984883069992065430e+00
3.316987991333007812e+00
3.369295120239257812e+00
4.362622261047363281e+00
3.044556140899658203e+00
2.356327056884765625e+00
3.782990217208862305e+00
3.207648038864135742e+00
3.943024873733520508e+00
4.508419990539550781e+00
3.448229074478149414e+00
3.924901723861694336e+00
3.938659191131591797e+00
3.943185806274414062e+00
3.334034919738769531e+00
4.152208805084228516e+00
2.909019231796264648e+00
4.143116712570190430e+00
4.940891027450561523e+00
4.312434911727905273e+00
3.572764158248901367e+00
4.577697992324829102e+00
4.171149969100952148e+00
3.623074054718017578e+00
4.828355073928833008e+00
4.392050266265869141e+00
3.981338739395141602e+00
3.704397916793823242e+00
3.568678855895996094e+00
3.558360815048217773e+00
5.703205108642578125e+00
3.372462987899780273e+00
5.510661125183105469e+00
3.500491857528686523e+00
3.930266857147216797e+00
4.239295959472656250e+00
3.473920822143554688e+00
5.517271041870117188e+00
3.544047832489013672e+00
4.192847967147827148e+00
4.484541893005371094e+00
3.596639156341552734e+00
5.609411001205444336e+00
5.651928901672363281e+00
4.817471981048583984e+00
4.958580970764160156e+00
2.683293104171752930e+00
3.876470565795898438e+00
4.328352212905883789e+00
5.229625940322875977e+00
4.633255958557128906e+00
4.309419870376586914e+00
4.038774967193603516e+00
5.289067029953002930e+00
3.189826965332031250e+00
3.236992120742797852e+00
4.958718061447143555e+00
3.645833969116210938e+00
3.892714262008666992e+00
3.564410209655761719e+00
3.575919151306152344e+00
4.156173944473266602e+00
4.234385728836059570e+00
3.519434928894042969e+00
3.739385128021240234e+00
2.619757175445556641e+00
3.886296033859252930e+00
3.560990810394287109e+00
3.803559064865112305e+00
4.059097051620483398e+00
4.661381721496582031e+00
3.346407175064086914e+00
4.162316799163818359e+00
4.380733251571655273e+00
3.501845121383666992e+00
3.772206068038940430e+00
2.463746070861816406e+00
4.125077009201049805e+00
3.591240882873535156e+00
3.806526184082031250e+00
2.825134277343750000e+00
2.399813652038574219e+00
2.898233890533447266e+00
3.011899948120117188e+00
3.180612802505493164e+00
3.006246089935302734e+00
4.034606695175170898e+00
2.955252885818481445e+00
4.259915113449096680e+00
2.733785867691040039e+00
3.999782800674438477e+00
3.906131982803344727e+00
3.399061918258666992e+00
3.568394184112548828e+00
4.237754821777343750e+00
3.170467138290405273e+00
5.026080131530761719e+00
3.026033878326416016e+00
3.119581937789916992e+00
3.765656948089599609e+00
4.067055940628051758e+00
3.387053728103637695e+00
3.690397977828979492e+00
3.397228956222534180e+00
5.442400932312011719e+00
4.072916984558105469e+00
3.902643918991088867e+00
3.849653959274291992e+00
5.956755876541137695e+00
3.896139860153198242e+00
4.293096780776977539e+00
4.014128923416137695e+00
4.238768339157104492e+00
5.500383853912353516e+00
4.471609830856323242e+00
7.825377941131591797e+00
6.094762086868286133e+00
3.733392953872680664e+00
2.615270853042602539e+00
4.853832960128784180e+00
4.670033931732177734e+00
4.812730073928833008e+00
3.979597091674804688e+00
3.440492153167724609e+00
5.035439729690551758e+00
4.877686023712158203e+00
5.337443828582763672e+00
4.081566333770751953e+00
3.815556764602661133e+00
4.688452005386352539e+00
4.229964017868041992e+00
6.362904787063598633e+00
3.854597091674804688e+00
4.163668870925903320e+00
5.307434082031250000e+00
5.554065942764282227e+00
4.669519186019897461e+00
3.348831892013549805e+00
5.173798799514770508e+00
4.023032665252685547e+00
4.938945770263671875e+00
3.865916013717651367e+00
5.139309883117675781e+00
4.208139896392822266e+00
5.012059926986694336e+00
3.037586212158203125e+00
3.909367084503173828e+00
5.752741336822509766e+00
5.490775108337402344e+00
3.700885057449340820e+00
3.474053144454956055e+00
4.687034130096435547e+00
5.616359710693359375e+00
5.413120031356811523e+00
3.841660022735595703e+00
3.744587898254394531e+00
4.075196027755737305e+00
4.984436988830566406e+00
5.897665739059448242e+00
3.893530130386352539e+00
5.569307088851928711e+00
3.823795080184936523e+00
4.070009708404541016e+00
4.419972181320190430e+00
3.542235136032104492e+00
5.290968894958496094e+00
3.181027889251708984e+00
3.761955022811889648e+00
4.278018951416015625e+00
4.606441259384155273e+00
4.758896827697753906e+00
3.004287004470825195e+00
4.192270040512084961e+00
3.852492094039916992e+00
5.677047967910766602e+00
3.669600963592529297e+00
4.924248218536376953e+00
2.730025053024291992e+00
4.284461021423339844e+00
3.471685886383056641e+00
4.650763988494873047e+00
4.262610197067260742e+00
3.607392072677612305e+00
5.293631076812744141e+00
5.660616874694824219e+00
2.699426174163818359e+00
4.827777862548828125e+00
5.684144020080566406e+00
5.538383007049560547e+00
4.048917055130004883e+00
4.500837087631225586e+00
3.684988975524902344e+00
3.806998014450073242e+00
3.309092998504638672e+00
4.668766975402832031e+00
4.798209190368652344e+00
3.811694145202636719e+00
3.591291904449462891e+00
5.826702833175659180e+00
3.731820106506347656e+00
4.475558996200561523e+00
4.562887191772460938e+00
6.614582061767578125e+00
5.543092012405395508e+00
3.885877847671508789e+00
3.762242078781127930e+00
4.451212167739868164e+00
4.440129995346069336e+00
4.349482059478759766e+00
4.237478017807006836e+00
4.517491817474365234e+00
4.604832887649536133e+00
3.746279954910278320e+00
4.142153978347778320e+00
3.787234067916870117e+00
5.529025077819824219e+00
4.274738788604736328e+00
4.705909967422485352e+00
4.451122045516967773e+00
3.775513887405395508e+00
3.717595100402832031e+00
4.693701982498168945e+00
7.257207155227661133e+00
4.780461788177490234e+00
3.724864006042480469e+00
3.889946222305297852e+00
3.727822303771972656e+00
7.033552885055541992e+00
5.066548109054565430e+00
4.394723653793334961e+00
4.595309972763061523e+00
3.301836967468261719e+00
3.246317148208618164e+00
4.150047779083251953e+00
4.417708873748779297e+00
4.512475252151489258e+00
3.745582103729248047e+00
4.368413925170898438e+00
4.277444124221801758e+00
4.590381145477294922e+00
3.011432170867919922e+00
5.065234899520874023e+00
4.391871929168701172e+00
7.933470249176025391e+00
5.007759809494018555e+00
2.919404029846191406e+00
5.058677911758422852e+00
3.211555004119873047e+00
4.031217813491821289e+00
4.063165903091430664e+00
3.608683824539184570e+00
3.847502946853637695e+00
3.068046092987060547e+00
4.418469905853271484e+00
7.833359718322753906e+00
4.426614046096801758e+00
3.051188945770263672e+00
2.770866155624389648e+00
3.692778825759887695e+00
3.300105333328247070e+00
2.778380155563354492e+00
6.340319156646728516e+00
2.762429237365722656e+00
3.035119771957397461e+00
3.436037063598632812e+00
3.055660724639892578e+00
4.123540163040161133e+00
3.518687963485717773e+00
5.754138231277465820e+00
4.111684083938598633e+00
4.298808097839355469e+00
4.298784017562866211e+00
4.370665073394775391e+00
3.464257001876831055e+00
3.926832914352416992e+00
3.221809148788452148e+00
3.771538257598876953e+00
4.064450979232788086e+00
3.190000295639038086e+00
4.826702833175659180e+00
3.731331110000610352e+00
3.783754825592041016e+00
3.679845094680786133e+00
4.395842790603637695e+00
3.582973003387451172e+00
4.607053041458129883e+00
4.097009181976318359e+00
4.680886030197143555e+00
4.682460308074951172e+00
4.704895019531250000e+00
4.700250148773193359e+00
4.235610961914062500e+00
4.707103013992309570e+00
6.166239976882934570e+00
5.531785964965820312e+00
5.122802257537841797e+00
4.408123254776000977e+00
3.760373115539550781e+00
5.001153945922851562e+00
4.239382982254028320e+00
4.581290960311889648e+00
4.612295389175415039e+00
4.431290864944458008e+00
4.467358827590942383e+00
4.460184097290039062e+00
3.763398885726928711e+00
4.581611871719360352e+00
3.021412849426269531e+00
4.577376127243041992e+00
2.732023000717163086e+00
4.020139932632446289e+00
2.789588928222656250e+00
4.315271139144897461e+00
3.987676858901977539e+00
4.395558834075927734e+00
4.627515792846679688e+00
4.341209888458251953e+00
4.910671710968017578e+00
4.635802268981933594e+00
4.162345886230468750e+00
4.585070848464965820e+00
3.848373889923095703e+00
4.558017015457153320e+00
4.124500989913940430e+00
2.286734104156494141e+00
4.546492815017700195e+00
4.062976837158203125e+00
3.013864994049072266e+00
3.732912778854370117e+00
5.162569999694824219e+00
4.776952981948852539e+00
3.404257059097290039e+00
4.996685981750488281e+00
3.145676851272583008e+00
4.708306789398193359e+00
3.579485893249511719e+00
2.428324222564697266e+00
3.099244832992553711e+00
3.214438915252685547e+00
5.081655979156494141e+00
3.905714035034179688e+00
2.437182903289794922e+00
5.387844800949096680e+00
5.390882015228271484e+00
4.016666173934936523e+00
5.079439163208007812e+00
4.852885961532592773e+00
3.480468988418579102e+00
4.663013935089111328e+00
4.268291711807250977e+00
4.979693174362182617e+00
5.449689149856567383e+00
3.140764951705932617e+00
5.589214086532592773e+00
2.287512063980102539e+00
2.562944173812866211e+00
4.263421773910522461e+00
4.794336080551147461e+00
2.283190011978149414e+00
4.077848911285400391e+00
4.047632932662963867e+00
2.751636981964111328e+00
3.474385976791381836e+00
4.415184020996093750e+00
2.746711969375610352e+00
3.119208097457885742e+00
2.747859239578247070e+00
2.794903039932250977e+00
2.499103307723999023e+00
6.349772214889526367e+00
6.206741809844970703e+00
2.804158210754394531e+00
2.868636846542358398e+00
3.338252782821655273e+00
3.730705022811889648e+00
4.067727804183959961e+00
3.618847131729125977e+00
2.913178205490112305e+00
3.189547061920166016e+00
4.031546115875244141e+00
5.313380241394042969e+00
2.662816047668457031e+00
2.655843973159790039e+00
3.824489116668701172e+00
3.622296094894409180e+00
3.401671171188354492e+00
3.413839817047119141e+00
3.016743898391723633e+00
3.653467893600463867e+00
3.842115163803100586e+00
3.583107948303222656e+00
3.672815799713134766e+00
3.079986095428466797e+00
3.308504104614257812e+00
3.651567935943603516e+00
3.327316999435424805e+00
3.618355989456176758e+00
3.644682884216308594e+00
4.436760187149047852e+00
3.817680835723876953e+00
4.429906845092773438e+00
3.975564241409301758e+00
3.469689130783081055e+00
4.552748203277587891e+00
3.999417066574096680e+00
4.236824035644531250e+00
2.874741315841674805e+00
4.044158935546875000e+00
3.283599138259887695e+00
3.819788217544555664e+00
2.624058723449707031e+00
4.313251972198486328e+00
3.404776096343994141e+00
4.625983953475952148e+00
3.382437229156494141e+00
3.897604227066040039e+00
3.181361913681030273e+00
4.061731100082397461e+00
3.339844942092895508e+00
3.152143239974975586e+00
3.512658834457397461e+00
4.731054067611694336e+00
3.350602865219116211e+00
3.429604768753051758e+00
3.849900007247924805e+00
4.474527120590209961e+00
3.450582981109619141e+00
3.771061182022094727e+00
3.833465099334716797e+00
2.895915746688842773e+00
4.365879058837890625e+00
3.708349943161010742e+00
3.735768079757690430e+00
4.302890062332153320e+00
3.579287052154541016e+00
3.672751188278198242e+00
4.827899932861328125e+00
5.051126956939697266e+00
4.004061937332153320e+00
3.293823957443237305e+00
5.191254138946533203e+00
4.171426057815551758e+00
4.620211839675903320e+00
3.304750204086303711e+00
3.764564990997314453e+00
3.997221946716308594e+00
3.034379005432128906e+00
4.103337049484252930e+00
3.346067905426025391e+00
4.200917005538940430e+00
4.865110158920288086e+00
4.326433658599853516e+00
3.068034887313842773e+00
2.498367071151733398e+00
3.349936962127685547e+00
3.266497850418090820e+00
2.295805931091308594e+00
2.523761034011840820e+00
2.570679903030395508e+00
3.966856002807617188e+00
3.761977195739746094e+00
3.374022006988525391e+00
5.425255060195922852e+00
2.818423748016357422e+00
2.492062091827392578e+00
4.317670106887817383e+00
4.837574958801269531e+00
3.517156124114990234e+00
2.326549053192138672e+00
3.357471942901611328e+00
2.670506000518798828e+00
3.629154920578002930e+00
4.038267135620117188e+00
3.530843734741210938e+00
3.206781864166259766e+00
4.734048843383789062e+00
4.123802185058593750e+00
5.013755083084106445e+00
2.927333831787109375e+00
2.889870882034301758e+00
3.185389995574951172e+00
3.119922876358032227e+00
2.295589923858642578e+00
2.141914129257202148e+00
4.436758041381835938e+00
3.997586965560913086e+00
2.629495143890380859e+00
4.409529209136962891e+00
3.442230939865112305e+00
3.565932035446166992e+00
2.882272005081176758e+00
2.910130023956298828e+00
3.023093700408935547e+00
4.627521991729736328e+00
2.866879940032958984e+00
2.800467967987060547e+00
2.869105815887451172e+00
4.383329153060913086e+00
3.137758016586303711e+00
3.189848184585571289e+00
3.152394056320190430e+00
4.024528980255126953e+00
3.194428920745849609e+00
3.100780010223388672e+00
3.235319137573242188e+00
3.123497962951660156e+00
3.071653842926025391e+00
3.343466997146606445e+00
3.348078727722167969e+00
2.974968910217285156e+00
2.753157854080200195e+00
3.473027229309082031e+00
3.388987064361572266e+00
3.385297775268554688e+00
4.425723791122436523e+00
4.022619009017944336e+00
4.611758947372436523e+00
4.219774007797241211e+00
4.247228145599365234e+00
4.439270257949829102e+00
3.714641809463500977e+00
4.006726026535034180e+00
4.237451791763305664e+00
4.437704086303710938e+00
4.914394855499267578e+00
3.802193880081176758e+00
3.850558042526245117e+00
3.945744037628173828e+00
3.648745059967041016e+00
4.356361150741577148e+00
4.253545045852661133e+00
4.441446065902709961e+00
4.401859760284423828e+00
4.003623247146606445e+00
3.440041065216064453e+00
4.973109960556030273e+00
3.788718938827514648e+00
4.008663892745971680e+00
3.740116834640502930e+00
4.131173133850097656e+00
3.784186124801635742e+00
3.186233758926391602e+00
4.889441013336181641e+00
4.035787105560302734e+00
3.890138149261474609e+00
5.181625127792358398e+00
4.481773138046264648e+00
4.835797071456909180e+00
5.495664119720458984e+00
5.623744964599609375e+00
3.837021350860595703e+00
5.251639842987060547e+00
4.089833021163940430e+00
4.879724025726318359e+00
3.126640081405639648e+00
4.364422082901000977e+00
5.444852828979492188e+00
5.882116794586181641e+00
6.002635955810546875e+00
4.728624105453491211e+00
5.572069168090820312e+00
4.265151977539062500e+00
5.949068069458007812e+00
4.604973793029785156e+00
4.351512193679809570e+00
4.263850927352905273e+00
4.096624135971069336e+00
4.095741033554077148e+00
3.369915723800659180e+00
4.283976316452026367e+00
3.557434082031250000e+00
4.653418064117431641e+00
4.289011955261230469e+00
3.474365949630737305e+00
3.887742996215820312e+00
4.927864789962768555e+00
5.338299036026000977e+00
4.391477108001708984e+00
4.628319978713989258e+00
3.385178089141845703e+00
4.334545850753784180e+00
4.947450160980224609e+00
4.116870880126953125e+00
5.020547866821289062e+00
2.649625778198242188e+00
3.947920799255371094e+00
3.670484066009521484e+00
4.790133953094482422e+00
1.885154008865356445e+00
2.649658918380737305e+00
5.132922172546386719e+00
3.958414077758789062e+00
6.348367929458618164e+00
6.272331953048706055e+00
5.364515781402587891e+00
4.204982042312622070e+00
3.858705997467041016e+00
3.510723114013671875e+00
2.412482738494873047e+00
6.696234941482543945e+00
3.183722019195556641e+00
2.911381006240844727e+00
4.121005058288574219e+00
3.699996948242187500e+00
3.300720930099487305e+00
4.185330390930175781e+00
3.139195919036865234e+00
2.696717023849487305e+00
5.598659038543701172e+00
5.932153224945068359e+00
4.683133840560913086e+00
3.839817762374877930e+00
3.012084007263183594e+00
3.944998025894165039e+00
3.425691843032836914e+00
3.330591917037963867e+00
3.970418930053710938e+00
5.353711843490600586e+00
6.330168008804321289e+00
6.808723211288452148e+00
5.422193765640258789e+00
3.175742864608764648e+00
4.141866922378540039e+00
4.098108768463134766e+00
3.230150222778320312e+00
4.352217674255371094e+00
4.751751899719238281e+00
6.363981008529663086e+00
4.349319219589233398e+00
5.016452074050903320e+00
3.780484914779663086e+00
5.128671884536743164e+00
2.484935998916625977e+00
3.956968307495117188e+00
2.916207790374755859e+00
3.602334022521972656e+00
3.735301256179809570e+00
3.498437881469726562e+00
4.077754974365234375e+00
3.613311290740966797e+00
3.373504161834716797e+00
4.303918123245239258e+00
6.208995103836059570e+00
5.298585891723632812e+00
3.140509128570556641e+00
3.686631917953491211e+00
4.675950765609741211e+00
4.298906803131103516e+00
3.774405241012573242e+00
3.839786052703857422e+00
3.396610021591186523e+00
3.945631980895996094e+00
2.751517057418823242e+00
3.687681674957275391e+00
4.037097930908203125e+00
4.108187198638916016e+00
2.738352060317993164e+00
4.068537712097167969e+00
3.897927284240722656e+00
3.847378253936767578e+00
3.507949113845825195e+00
4.487226724624633789e+00
4.363345861434936523e+00
4.287321805953979492e+00
3.403579235076904297e+00
3.942808866500854492e+00
3.847715139389038086e+00
3.096989154815673828e+00
3.870360136032104492e+00
2.902590036392211914e+00
3.635610103607177734e+00
2.146157979965209961e+00
3.421903133392333984e+00
4.625227928161621094e+00
3.172288894653320312e+00
3.409469842910766602e+00
3.591480970382690430e+00
4.502675056457519531e+00
4.690380096435546875e+00
3.449189186096191406e+00
4.174449205398559570e+00
4.076248884201049805e+00
4.943120718002319336e+00
2.695564746856689453e+00
4.106776237487792969e+00
4.302067995071411133e+00
4.440406799316406250e+00
4.276387691497802734e+00
3.941009998321533203e+00
5.265854120254516602e+00
4.527502059936523438e+00
4.534409999847412109e+00
4.679044246673583984e+00
4.330420017242431641e+00
2.927141904830932617e+00
4.543340921401977539e+00
3.167020082473754883e+00
3.091951131820678711e+00
4.784869909286499023e+00
4.597595930099487305e+00
4.114629268646240234e+00
4.781537055969238281e+00
4.814350128173828125e+00
3.673676729202270508e+00
3.769718170166015625e+00
3.379916191101074219e+00
3.468497037887573242e+00
4.778420925140380859e+00
4.848354101181030273e+00
2.302024841308593750e+00
3.716138839721679688e+00
3.824424028396606445e+00
5.090069055557250977e+00
2.906644105911254883e+00
2.987528085708618164e+00
2.956720113754272461e+00
4.610130071640014648e+00
3.882292032241821289e+00
3.692796230316162109e+00
5.453064203262329102e+00
5.454561710357666016e+00
5.132046937942504883e+00
3.106699943542480469e+00
3.904273986816406250e+00
4.136129140853881836e+00
3.969604253768920898e+00
4.790626049041748047e+00
4.226536989212036133e+00
3.897221803665161133e+00
3.349463939666748047e+00
4.909650802612304688e+00
4.840663909912109375e+00
5.117738723754882812e+00
4.274446010589599609e+00
2.627979040145874023e+00
3.285737991333007812e+00
3.637617111206054688e+00
3.570799112319946289e+00
3.650678873062133789e+00
4.393699169158935547e+00
2.723937988281250000e+00
3.522183179855346680e+00
5.737269163131713867e+00
3.357748031616210938e+00
4.405686855316162109e+00
3.528567075729370117e+00
4.468192815780639648e+00
3.909345865249633789e+00
2.966020822525024414e+00
3.894389152526855469e+00
4.001044988632202148e+00
3.601469755172729492e+00
3.425334930419921875e+00
4.286361932754516602e+00
3.155569076538085938e+00
3.651754856109619141e+00
3.389071226119995117e+00
3.977302074432373047e+00
3.020635843276977539e+00
3.598920106887817383e+00
3.597270965576171875e+00
3.167254924774169922e+00
5.243139028549194336e+00
3.170569896697998047e+00
3.819929122924804688e+00
4.594626903533935547e+00
3.544157028198242188e+00
4.535662174224853516e+00
3.062099218368530273e+00
4.484441041946411133e+00
4.020678997039794922e+00
3.462630987167358398e+00
4.029816150665283203e+00
4.047165870666503906e+00
5.266626119613647461e+00
3.930400133132934570e+00
4.070318222045898438e+00
4.668732881546020508e+00
2.601384162902832031e+00
4.245618820190429688e+00
4.557584047317504883e+00
5.346395015716552734e+00
4.874722957611083984e+00
4.854438066482543945e+00
3.694425821304321289e+00
3.114419221878051758e+00
4.837763071060180664e+00
4.565015077590942383e+00
2.215653896331787109e+00
3.690515041351318359e+00
3.927006959915161133e+00
3.607955932617187500e+00
3.521975040435791016e+00
3.719175100326538086e+00
3.192850351333618164e+00
4.688305139541625977e+00
3.557044982910156250e+00
3.216134786605834961e+00
3.929122209548950195e+00
3.160112142562866211e+00
3.996459007263183594e+00
3.476799964904785156e+00
4.005150079727172852e+00
3.989694118499755859e+00
3.590811014175415039e+00
3.110679864883422852e+00
2.933370828628540039e+00
4.105974197387695312e+00
4.290950775146484375e+00
4.175875186920166016e+00
4.232238769531250000e+00
3.650537967681884766e+00
4.940339803695678711e+00
3.726288795471191406e+00
4.418756723403930664e+00
3.461676836013793945e+00
3.039897680282592773e+00
4.403360128402709961e+00
4.104924201965332031e+00
2.842149972915649414e+00
4.699043035507202148e+00
4.796030998229980469e+00
3.036732912063598633e+00
4.570332765579223633e+00
3.940932273864746094e+00
3.796458005905151367e+00
4.371742010116577148e+00
3.931781768798828125e+00
4.716625213623046875e+00
3.767948865890502930e+00
4.025900125503540039e+00
4.338792085647583008e+00
4.130649089813232422e+00
3.476339101791381836e+00
3.313733816146850586e+00
3.309419155120849609e+00
3.601004838943481445e+00
4.929146289825439453e+00
3.783979892730712891e+00
3.277524948120117188e+00
3.835366010665893555e+00
3.772338867187500000e+00
3.938006877899169922e+00
4.503662109375000000e+00
3.562716007232666016e+00
4.474838972091674805e+00
4.977035999298095703e+00
4.987618207931518555e+00
4.590959072113037109e+00
3.722340822219848633e+00
4.176939964294433594e+00
4.571662902832031250e+00
4.754163980484008789e+00
5.207712173461914062e+00
4.016019821166992188e+00
4.358536958694458008e+00
4.325665950775146484e+00
5.439639091491699219e+00
5.106235980987548828e+00
3.049916982650756836e+00
3.453997135162353516e+00
3.609644889831542969e+00
4.071937084197998047e+00
3.951666355133056641e+00
3.836954116821289062e+00
4.823532104492187500e+00
4.273630857467651367e+00
3.923636198043823242e+00
3.351390838623046875e+00
3.805510044097900391e+00
4.780354976654052734e+00
4.106728792190551758e+00
4.413222074508666992e+00
4.329651832580566406e+00
4.596031904220581055e+00
5.163800954818725586e+00
3.621558189392089844e+00
5.159479856491088867e+00
4.075201034545898438e+00
4.152495145797729492e+00
4.106320858001708984e+00
5.283830165863037109e+00
4.493598937988281250e+00
4.043534040451049805e+00
3.999411106109619141e+00
4.395595073699951172e+00
3.887112855911254883e+00
4.596549749374389648e+00
4.665976762771606445e+00
3.342992067337036133e+00
4.846030950546264648e+00
4.031385898590087891e+00
4.321779012680053711e+00
5.679595947265625000e+00
3.502196073532104492e+00
3.791278123855590820e+00
4.618707895278930664e+00
2.368129968643188477e+00
4.536811113357543945e+00
3.761749982833862305e+00
3.347954273223876953e+00
4.187609195709228516e+00
3.574573040008544922e+00
2.508647918701171875e+00
4.245287179946899414e+00
4.203697204589843750e+00
4.559412002563476562e+00
4.083813905715942383e+00
3.628823041915893555e+00
4.498933076858520508e+00
4.110923051834106445e+00
2.664133071899414062e+00
3.084550142288208008e+00
3.531407833099365234e+00
4.280822038650512695e+00
3.245010137557983398e+00
3.689220905303955078e+00
5.162277221679687500e+00
5.163336038589477539e+00
3.006137132644653320e+00
4.815834045410156250e+00
5.011940002441406250e+00
5.264144897460937500e+00
3.200877904891967773e+00
4.740118026733398438e+00
4.505848169326782227e+00
4.196613073348999023e+00
3.935138940811157227e+00
4.003653764724731445e+00
4.935618877410888672e+00
4.210566759109497070e+00
5.054744720458984375e+00
4.569991827011108398e+00
4.538931846618652344e+00
4.712819337844848633e+00
4.213279962539672852e+00
4.575050354003906250e+00
2.939569711685180664e+00
3.979561090469360352e+00
5.021618366241455078e+00
4.346945047378540039e+00
5.111840963363647461e+00
4.460658311843872070e+00
4.228304862976074219e+00
4.712835073471069336e+00
4.295034885406494141e+00
5.487405061721801758e+00
3.610952854156494141e+00
5.937173843383789062e+00
3.982486963272094727e+00
5.715065956115722656e+00
4.184121847152709961e+00
4.939974784851074219e+00
3.230108976364135742e+00
4.940354108810424805e+00
5.585978984832763672e+00
4.988778114318847656e+00
5.084681987762451172e+00
4.799329996109008789e+00
3.590034008026123047e+00
3.250225782394409180e+00
4.854407072067260742e+00
2.763374090194702148e+00
3.152297973632812500e+00
3.043906688690185547e+00
5.624552249908447266e+00
3.626839160919189453e+00
3.146301031112670898e+00
3.027691125869750977e+00
3.371420860290527344e+00
3.410454034805297852e+00
3.294498205184936523e+00
3.423162937164306641e+00
4.839262962341308594e+00
4.802394866943359375e+00
3.741370916366577148e+00
4.163113117218017578e+00
3.508174896240234375e+00
3.245359897613525391e+00
2.916385173797607422e+00
3.294258356094360352e+00
3.360698938369750977e+00
3.311988830566406250e+00
3.209229230880737305e+00
4.089688062667846680e+00
3.416212081909179688e+00
3.091814994812011719e+00
4.051288843154907227e+00
3.274293184280395508e+00
3.849858045578002930e+00
3.083189010620117188e+00
4.079761028289794922e+00
4.873444080352783203e+00
4.689108133316040039e+00
3.629714965820312500e+00
3.336592912673950195e+00
4.158483982086181641e+00
3.737215995788574219e+00
3.886367321014404297e+00
2.919105768203735352e+00
4.167087078094482422e+00
4.111783027648925781e+00
3.778268098831176758e+00
2.532645225524902344e+00
4.173502922058105469e+00
3.782157182693481445e+00
3.048171997070312500e+00
3.756284952163696289e+00
2.670906066894531250e+00
4.046463966369628906e+00
2.978424072265625000e+00
4.457191944122314453e+00
4.804852008819580078e+00
2.846475124359130859e+00
4.120582103729248047e+00
3.190335988998413086e+00
3.166568279266357422e+00
2.724285125732421875e+00
3.075084686279296875e+00
3.095985889434814453e+00
3.482461929321289062e+00
3.548250198364257812e+00
2.836386203765869141e+00
3.785813093185424805e+00
3.836711883544921875e+00
3.782184123992919922e+00
3.357177972793579102e+00
3.494140148162841797e+00
3.048450946807861328e+00
3.859680175781250000e+00
3.726602315902709961e+00
4.391898155212402344e+00
3.776839971542358398e+00
3.539186000823974609e+00
3.526262998580932617e+00
2.863785982131958008e+00
3.929056882858276367e+00
3.019332885742187500e+00
3.900153875350952148e+00
4.204699039459228516e+00
4.174086093902587891e+00
3.695250988006591797e+00
4.204584121704101562e+00
3.425478219985961914e+00
3.196781873703002930e+00
4.384258031845092773e+00
4.163909912109375000e+00
3.493054151535034180e+00
3.593288183212280273e+00
4.774525880813598633e+00
5.051558971405029297e+00
3.901497125625610352e+00
5.098218917846679688e+00
4.661918878555297852e+00
4.326746940612792969e+00
4.084086656570434570e+00
5.358828783035278320e+00
4.561916112899780273e+00
6.727710008621215820e+00
4.299283027648925781e+00
5.826552867889404297e+00
4.236153125762939453e+00
5.499263048171997070e+00
3.916314840316772461e+00
5.504731178283691406e+00
4.528404951095581055e+00
4.532666921615600586e+00
5.054422616958618164e+00
4.704154253005981445e+00
4.781913280487060547e+00
4.856261014938354492e+00
3.906357049942016602e+00
4.925334930419921875e+00
4.595051765441894531e+00
3.520282745361328125e+00
4.093571901321411133e+00
4.771090269088745117e+00
5.895648956298828125e+00
4.301684856414794922e+00
5.762230157852172852e+00
6.090627193450927734e+00
4.308731317520141602e+00
4.581349849700927734e+00
3.758716821670532227e+00
3.350903749465942383e+00
5.648590087890625000e+00
4.828400850296020508e+00
3.313648223876953125e+00
4.213860988616943359e+00
6.579889059066772461e+00
4.749606847763061523e+00
5.395515918731689453e+00
5.444205760955810547e+00
4.465267896652221680e+00
3.990061998367309570e+00
5.567696094512939453e+00
5.069710254669189453e+00
5.120310783386230469e+00
4.495459079742431641e+00
5.500572204589843750e+00
5.679048061370849609e+00
4.650044918060302734e+00
4.147033929824829102e+00
2.979347944259643555e+00
5.330991983413696289e+00
5.679382085800170898e+00
4.148460149765014648e+00
5.515081405639648438e+00
4.014052152633666992e+00
4.960469961166381836e+00
4.907895088195800781e+00
4.379550933837890625e+00
3.945965051651000977e+00
5.702028036117553711e+00
4.515263080596923828e+00
4.083499908447265625e+00
4.071220874786376953e+00
6.030291080474853516e+00
4.345942020416259766e+00
4.426581144332885742e+00
4.459095001220703125e+00
5.183305978775024414e+00
4.532356977462768555e+00
5.387401819229125977e+00
4.532269239425659180e+00
5.699067115783691406e+00
4.982483863830566406e+00
4.545326709747314453e+00
4.641664028167724609e+00
4.471442937850952148e+00
4.469824075698852539e+00
4.733145952224731445e+00
5.288090944290161133e+00
5.323575019836425781e+00
3.627037048339843750e+00
4.131346225738525391e+00
5.719890832901000977e+00
3.765514135360717773e+00
5.594817876815795898e+00
3.514300107955932617e+00
5.020608186721801758e+00
3.727863073348999023e+00
3.951308727264404297e+00
2.883909940719604492e+00
6.327549219131469727e+00
2.831091880798339844e+00
3.895974874496459961e+00
4.033604860305786133e+00
3.951537847518920898e+00
5.289628028869628906e+00
6.232796907424926758e+00
5.672210931777954102e+00
4.141020298004150391e+00
3.254126071929931641e+00
5.435501098632812500e+00
3.248026847839355469e+00
4.043887853622436523e+00
4.228421688079833984e+00
4.465093135833740234e+00
4.273847103118896484e+00
3.419317960739135742e+00
4.097810983657836914e+00
4.307305097579956055e+00
3.562538146972656250e+00
6.166469812393188477e+00
4.573838233947753906e+00
4.556857824325561523e+00
2.632436037063598633e+00
3.364631175994873047e+00
3.660187721252441406e+00
3.194032907485961914e+00
3.245593786239624023e+00
4.556286096572875977e+00
3.899079799652099609e+00
4.426725864410400391e+00
3.065515995025634766e+00
3.480531930923461914e+00
5.286842823028564453e+00
5.885930061340332031e+00
4.210078954696655273e+00
3.970415115356445312e+00
4.129322052001953125e+00
4.129976749420166016e+00
3.925487041473388672e+00
4.885577201843261719e+00
2.503712177276611328e+00
3.756900072097778320e+00
3.627469062805175781e+00
3.910969972610473633e+00
5.554734945297241211e+00
4.120445013046264648e+00
3.568219184875488281e+00
3.637449026107788086e+00
4.275293111801147461e+00
3.990652084350585938e+00
4.856083869934082031e+00
3.175270795822143555e+00
4.050706863403320312e+00
3.262465000152587891e+00
4.166095972061157227e+00
3.969964981079101562e+00
5.003315925598144531e+00
3.998607873916625977e+00
3.079247951507568359e+00
3.790081024169921875e+00
3.398675918579101562e+00
4.590883255004882812e+00
4.513770103454589844e+00
3.794041156768798828e+00
3.647181034088134766e+00
3.459287643432617188e+00
3.962508916854858398e+00
3.499022722244262695e+00
4.982667684555053711e+00
3.992041110992431641e+00
3.251420974731445312e+00
3.497290134429931641e+00
3.987485885620117188e+00
3.562774896621704102e+00
4.741619110107421875e+00
3.574234008789062500e+00
3.987206935882568359e+00
4.121698856353759766e+00
4.049460172653198242e+00
3.803584098815917969e+00
3.777135133743286133e+00
4.280901908874511719e+00
3.852885007858276367e+00
4.113619089126586914e+00
4.108676910400390625e+00
4.574641942977905273e+00
3.970498085021972656e+00
4.249277830123901367e+00
3.770298719406127930e+00
4.490509033203125000e+00
3.081432104110717773e+00
3.926449060440063477e+00
3.260399103164672852e+00
4.551698923110961914e+00
4.160517215728759766e+00
4.189091920852661133e+00
4.086093902587890625e+00
3.803707122802734375e+00
3.436038255691528320e+00
3.692280054092407227e+00
3.760996818542480469e+00
4.106661796569824219e+00
3.536064147949218750e+00
4.010834932327270508e+00
3.510335922241210938e+00
5.489094257354736328e+00
4.377554893493652344e+00
4.379709005355834961e+00
4.762165069580078125e+00
2.236996889114379883e+00
3.980286121368408203e+00
4.065130949020385742e+00
4.994424819946289062e+00
4.121710777282714844e+00
4.193751811981201172e+00
6.085974931716918945e+00
5.200392961502075195e+00
3.911841869354248047e+00
4.807032823562622070e+00
3.437415122985839844e+00
5.648592948913574219e+00
4.423384904861450195e+00
4.551227807998657227e+00
5.068152189254760742e+00
3.311995983123779297e+00
4.502547979354858398e+00
5.425997257232666016e+00
5.357798337936401367e+00
2.639327764511108398e+00
2.652243375778198242e+00
4.223802804946899414e+00
3.651285886764526367e+00
5.598761320114135742e+00
3.557693958282470703e+00
4.641125202178955078e+00
4.416019916534423828e+00
5.115984916687011719e+00
5.194793939590454102e+00
4.036527156829833984e+00
3.804262161254882812e+00
4.005759239196777344e+00
5.245096206665039062e+00
5.437658786773681641e+00
4.594247102737426758e+00
2.849227905273437500e+00
4.158306837081909180e+00
5.501780033111572266e+00
4.895177841186523438e+00
5.193394184112548828e+00
3.936640024185180664e+00
3.648944854736328125e+00
5.520283937454223633e+00
4.766833782196044922e+00
4.762909173965454102e+00
4.932011127471923828e+00
5.543203830718994141e+00
3.575325250625610352e+00
5.036113977432250977e+00
3.740571737289428711e+00
4.197689056396484375e+00
5.441026926040649414e+00
5.374324083328247070e+00
5.557691097259521484e+00
3.687967061996459961e+00
5.205359935760498047e+00
5.602396011352539062e+00
4.409470081329345703e+00
5.229321956634521484e+00
4.040132045745849609e+00
4.068179130554199219e+00
5.638635873794555664e+00
4.114872694015502930e+00
3.362130880355834961e+00
4.713875293731689453e+00
5.103322267532348633e+00
6.248503923416137695e+00
4.522292852401733398e+00
4.196942090988159180e+00
3.993453025817871094e+00
3.152123928070068359e+00
4.152550935745239258e+00
5.763109207153320312e+00
3.980926990509033203e+00
3.322532892227172852e+00
3.489299058914184570e+00
3.156085968017578125e+00
4.887320041656494141e+00
4.192810058593750000e+00
3.489765167236328125e+00
3.866143941879272461e+00
2.413572072982788086e+00
3.516875028610229492e+00
4.072736024856567383e+00
4.107792139053344727e+00
3.592265844345092773e+00
4.248984813690185547e+00
4.251085042953491211e+00
3.982919931411743164e+00
4.375769853591918945e+00
4.271625995635986328e+00
4.237503051757812500e+00
4.630800008773803711e+00
4.206145048141479492e+00
4.438359737396240234e+00
4.061893939971923828e+00
4.241202831268310547e+00
4.913513183593750000e+00
4.682706832885742188e+00
5.024519920349121094e+00
3.506045341491699219e+00
4.535371065139770508e+00
4.085024118423461914e+00
4.402096986770629883e+00
4.264773845672607422e+00
4.237709045410156250e+00
4.122462034225463867e+00
4.663776636123657227e+00
4.472676038742065430e+00
4.413578033447265625e+00
4.028726816177368164e+00
4.093956232070922852e+00
2.984303712844848633e+00
4.459393024444580078e+00
4.600402355194091797e+00
4.291507959365844727e+00
5.007638931274414062e+00
5.485156059265136719e+00
4.690068960189819336e+00
4.316099882125854492e+00
4.348193168640136719e+00
2.780084848403930664e+00
3.091256856918334961e+00
5.202173948287963867e+00
5.890669822692871094e+00
5.332060813903808594e+00
2.569561958312988281e+00
3.719687938690185547e+00
5.208218097686767578e+00
3.002304553985595703e+00
2.815068006515502930e+00
3.430849790573120117e+00
3.520069122314453125e+00
4.047744989395141602e+00
5.282806873321533203e+00
3.506438016891479492e+00
3.703161001205444336e+00
4.798523187637329102e+00
5.276429176330566406e+00
3.315442085266113281e+00
2.652635812759399414e+00
5.398664236068725586e+00
3.995584011077880859e+00
5.901608943939208984e+00
3.375080823898315430e+00
3.235020160675048828e+00
3.356511831283569336e+00
5.329441070556640625e+00
3.735338926315307617e+00
3.318318128585815430e+00
3.165315866470336914e+00
3.454738140106201172e+00
3.468017101287841797e+00
5.410804033279418945e+00
3.523085117340087891e+00
3.544643163681030273e+00
3.229820251464843750e+00
3.022258281707763672e+00
3.685930013656616211e+00
3.394123077392578125e+00
4.188225030899047852e+00
2.487126111984252930e+00
3.765287160873413086e+00
4.080033063888549805e+00
3.549973011016845703e+00
4.103591203689575195e+00
3.745314121246337891e+00
3.996438026428222656e+00
3.675182104110717773e+00
3.227632045745849609e+00
3.959115982055664062e+00
4.668468952178955078e+00
4.126559019088745117e+00
4.446755886077880859e+00
6.540408849716186523e+00
3.473034143447875977e+00
3.586549043655395508e+00
4.577449083328247070e+00
3.359352827072143555e+00
3.709676027297973633e+00
6.419417858123779297e+00
3.616673707962036133e+00
4.824254274368286133e+00
5.348885059356689453e+00
4.883908987045288086e+00
4.895483255386352539e+00
4.992850065231323242e+00
2.802292823791503906e+00
4.744207143783569336e+00
4.154082059860229492e+00
4.410566091537475586e+00
4.265246868133544922e+00
4.408927917480468750e+00
3.195911169052124023e+00
4.434792995452880859e+00
2.627216100692749023e+00
5.038658142089843750e+00
2.826292037963867188e+00
6.064560174942016602e+00
4.857292890548706055e+00
3.551599025726318359e+00
4.364996194839477539e+00
2.797601222991943359e+00
5.778405904769897461e+00
4.023128032684326172e+00
5.192152023315429688e+00
3.084900856018066406e+00
5.376062154769897461e+00
5.464005947113037109e+00
3.829607009887695312e+00
3.286049842834472656e+00
4.171976804733276367e+00
3.841453075408935547e+00
4.100387096405029297e+00
3.136945724487304688e+00
5.359575986862182617e+00
4.018359184265136719e+00
3.556608200073242188e+00
5.955193042755126953e+00
4.421318769454956055e+00
4.858309745788574219e+00
3.924270153045654297e+00
4.142488002777099609e+00
4.002397775650024414e+00
3.893541336059570312e+00
3.992046117782592773e+00
4.484794139862060547e+00
4.603168010711669922e+00
4.198963880538940430e+00
4.196211338043212891e+00
4.732815027236938477e+00
3.705673933029174805e+00
5.263711929321289062e+00
3.901565074920654297e+00
4.971177816390991211e+00
3.547310829162597656e+00
6.315410137176513672e+00
6.683933258056640625e+00
4.437007188796997070e+00
3.920372009277343750e+00
6.518347024917602539e+00
5.510421037673950195e+00
4.582868814468383789e+00
3.575575113296508789e+00
3.927469015121459961e+00
4.585371732711791992e+00
4.121044158935546875e+00
3.993328809738159180e+00
3.342907905578613281e+00
4.100435018539428711e+00
4.268058061599731445e+00
4.324352025985717773e+00
4.134824991226196289e+00
3.496130943298339844e+00
4.358345031738281250e+00
4.109938144683837891e+00
5.995361089706420898e+00
3.499832153320312500e+00
4.283419132232666016e+00
5.222424030303955078e+00
5.179665803909301758e+00
5.059580802917480469e+00
5.473236083984375000e+00
4.714202165603637695e+00
4.639344930648803711e+00
4.778841018676757812e+00
3.772813796997070312e+00
4.303378105163574219e+00
4.652091979980468750e+00
4.523752927780151367e+00
5.519402980804443359e+00
5.478163957595825195e+00
5.909449815750122070e+00
5.517032384872436523e+00
5.549530029296875000e+00
4.994271993637084961e+00
7.260074138641357422e+00
3.816159963607788086e+00
4.196729898452758789e+00
4.740729093551635742e+00
4.447012186050415039e+00
5.647505044937133789e+00
4.834706068038940430e+00
4.580767869949340820e+00
4.732151985168457031e+00
4.419852018356323242e+00
4.416004180908203125e+00
2.822303056716918945e+00
4.396704912185668945e+00
5.144042015075683594e+00
5.048372268676757812e+00
5.126214742660522461e+00
5.416597843170166016e+00
5.024483203887939453e+00
5.057369709014892578e+00
4.414893865585327148e+00
5.079579830169677734e+00
4.427424907684326172e+00
4.597707033157348633e+00
3.986994266510009766e+00
4.392884969711303711e+00
4.314900398254394531e+00
4.773251056671142578e+00
4.762982845306396484e+00
2.955625057220458984e+00
4.702382087707519531e+00
4.750535964965820312e+00
5.229461908340454102e+00
4.774780273437500000e+00
3.087379217147827148e+00
4.821046113967895508e+00
4.805405139923095703e+00
5.867438077926635742e+00
5.042505979537963867e+00
4.293593883514404297e+00
5.676270961761474609e+00
4.713875770568847656e+00
5.199435710906982422e+00
4.984581947326660156e+00
3.536807298660278320e+00
4.672564983367919922e+00
5.223006963729858398e+00
3.787748098373413086e+00
3.346906900405883789e+00
3.740340948104858398e+00
3.856944084167480469e+00
3.648000001907348633e+00
3.785202264785766602e+00
5.514710664749145508e+00
5.485943078994750977e+00
5.260738134384155273e+00
4.464825153350830078e+00
6.572313785552978516e+00
5.065380096435546875e+00
3.306813001632690430e+00
5.374056100845336914e+00
5.560379266738891602e+00
6.503676891326904297e+00
3.441366195678710938e+00
3.554244041442871094e+00
4.587130069732666016e+00
5.217400789260864258e+00
6.578866958618164062e+00
3.504729032516479492e+00
5.287404060363769531e+00
4.649572134017944336e+00
3.595260858535766602e+00
6.777599096298217773e+00
4.605134010314941406e+00
3.239546060562133789e+00
2.763071060180664062e+00
3.498415708541870117e+00
5.557910919189453125e+00
3.604029893875122070e+00
6.166437149047851562e+00
4.804801702499389648e+00
6.469303131103515625e+00
4.591024160385131836e+00
2.682496786117553711e+00
3.048379182815551758e+00
5.207783222198486328e+00
3.358831882476806641e+00
2.815049886703491211e+00
3.503041982650756836e+00
2.470846891403198242e+00
3.156524181365966797e+00
3.188207149505615234e+00
2.946489095687866211e+00
4.414917230606079102e+00
3.594586133956909180e+00
3.836071968078613281e+00
3.194619894027709961e+00
2.842711210250854492e+00
4.914755105972290039e+00
3.198251008987426758e+00
5.264585971832275391e+00
5.189693927764892578e+00
3.319280147552490234e+00
3.247262954711914062e+00
6.647339820861816406e+00
3.537739992141723633e+00
2.947019100189208984e+00
3.764137029647827148e+00
4.179826021194458008e+00
3.553557872772216797e+00
4.170150041580200195e+00
5.140761852264404297e+00
4.228603124618530273e+00
3.455866813659667969e+00
3.256079673767089844e+00
3.693318128585815430e+00
3.815495967864990234e+00
3.305470943450927734e+00
3.494508028030395508e+00
4.175512075424194336e+00
5.213232278823852539e+00
5.388513088226318359e+00
3.848731756210327148e+00
3.980806827545166016e+00
4.003947019577026367e+00
3.689509868621826172e+00
5.361983060836791992e+00
4.723616123199462891e+00
3.487618923187255859e+00
3.707610130310058594e+00
3.601574182510375977e+00
6.000282049179077148e+00
4.301018238067626953e+00
3.583447933197021484e+00
3.990118026733398438e+00
3.851463317871093750e+00
3.776210784912109375e+00
5.703410863876342773e+00
3.458564043045043945e+00
6.172607898712158203e+00
3.364732265472412109e+00
3.538012266159057617e+00
6.081429004669189453e+00
4.708153963088989258e+00
3.421169042587280273e+00
6.336583137512207031e+00
4.717278003692626953e+00
6.835017919540405273e+00
4.798985958099365234e+00
4.182989120483398438e+00
6.331715106964111328e+00
4.481945991516113281e+00
6.359228849411010742e+00
3.745453119277954102e+00
3.806452035903930664e+00
3.388207912445068359e+00
6.460976123809814453e+00
4.184658050537109375e+00
6.219569921493530273e+00
4.204964876174926758e+00
2.704392194747924805e+00
4.218060731887817383e+00
5.230592966079711914e+00
3.676730871200561523e+00
4.154938936233520508e+00
4.012670993804931641e+00
3.875204801559448242e+00
7.035166025161743164e+00
4.633290052413940430e+00
4.157293081283569336e+00
4.005854368209838867e+00
5.556969165802001953e+00
4.121196031570434570e+00
4.347375869750976562e+00
3.443149805068969727e+00
3.552049875259399414e+00
4.177663087844848633e+00
3.504560947418212891e+00
3.223035812377929688e+00
4.028710126876831055e+00
3.297902822494506836e+00
3.365669250488281250e+00
4.404989957809448242e+00
4.487651109695434570e+00
3.688598155975341797e+00
4.235996723175048828e+00
3.496959924697875977e+00
3.630649089813232422e+00
3.628417968750000000e+00
3.747660160064697266e+00
4.071075201034545898e+00
3.847224950790405273e+00
4.399749279022216797e+00
4.783389329910278320e+00
4.198911905288696289e+00
3.999080896377563477e+00
3.468430042266845703e+00
4.203984975814819336e+00
3.217881917953491211e+00
2.955987215042114258e+00
2.323287963867187500e+00
4.981011867523193359e+00
4.772487878799438477e+00
4.136076927185058594e+00
3.810142040252685547e+00
3.569392204284667969e+00
3.552849054336547852e+00
3.192642927169799805e+00
3.825942039489746094e+00
3.712928056716918945e+00
4.980671882629394531e+00
4.030943393707275391e+00
4.537688970565795898e+00
3.897697925567626953e+00
3.242104768753051758e+00
3.774767875671386719e+00
3.974536895751953125e+00
2.850254058837890625e+00
5.680111169815063477e+00
4.012278079986572266e+00
3.249573230743408203e+00
3.894711971282958984e+00
5.013391733169555664e+00
3.914309978485107422e+00
3.248319149017333984e+00
2.999234199523925781e+00
2.806665897369384766e+00
3.073709964752197266e+00
4.511157035827636719e+00
4.307327032089233398e+00
4.654700040817260742e+00
4.636434316635131836e+00
3.525037765502929688e+00
3.278056144714355469e+00
4.436089277267456055e+00
3.099022150039672852e+00
2.913261175155639648e+00
3.721438884735107422e+00
2.959574699401855469e+00
4.734875917434692383e+00
4.929159879684448242e+00
4.160158872604370117e+00
4.520043849945068359e+00
4.405357837677001953e+00
4.069236993789672852e+00
3.026693105697631836e+00
4.031828165054321289e+00
4.596677064895629883e+00
3.818667888641357422e+00
3.379127025604248047e+00
4.174870014190673828e+00
4.189985036849975586e+00
3.638149738311767578e+00
4.267604112625122070e+00
2.888582229614257812e+00
3.535268068313598633e+00
4.187796115875244141e+00
2.602137804031372070e+00
3.541152000427246094e+00
4.235440254211425781e+00
3.871315240859985352e+00
4.304482936859130859e+00
3.689815044403076172e+00
4.217220067977905273e+00
4.170490741729736328e+00
3.202434062957763672e+00
4.016662120819091797e+00
3.683957099914550781e+00
3.672313213348388672e+00
3.579019069671630859e+00
3.619473934173583984e+00
4.045945882797241211e+00
3.985755920410156250e+00
4.093855857849121094e+00
3.258702278137207031e+00
4.703583002090454102e+00
4.027747154235839844e+00
3.491545915603637695e+00
3.633295297622680664e+00
4.772069931030273438e+00
3.691220998764038086e+00
3.501524209976196289e+00
4.336142063140869141e+00
2.930804967880249023e+00
3.689060926437377930e+00
4.062701940536499023e+00
5.302909851074218750e+00
4.901021242141723633e+00
4.245630979537963867e+00
4.844546794891357422e+00
4.505787849426269531e+00
5.043826103210449219e+00
4.376200914382934570e+00
4.722229957580566406e+00
3.526468038558959961e+00
4.231610059738159180e+00
4.624368906021118164e+00
3.512036085128784180e+00
4.887140750885009766e+00
5.221850156784057617e+00
3.555830001831054688e+00
4.718655109405517578e+00
5.504306793212890625e+00
3.838701009750366211e+00
5.451184749603271484e+00
3.714165925979614258e+00
4.920145034790039062e+00
3.169297218322753906e+00
3.741219043731689453e+00
5.260294914245605469e+00
4.829235076904296875e+00
4.075741052627563477e+00
4.115401029586791992e+00
3.127181053161621094e+00
4.118629932403564453e+00
5.026394844055175781e+00
4.056142091751098633e+00
4.232575893402099609e+00
3.883282184600830078e+00
3.932747125625610352e+00
4.513369083404541016e+00
4.287549972534179688e+00
5.195070981979370117e+00
2.112329006195068359e+00
4.273872137069702148e+00
3.705385446548461914e+00
3.953997135162353516e+00
2.636605024337768555e+00
4.555734872817993164e+00
4.450345039367675781e+00
3.664426088333129883e+00
4.797431945800781250e+00
4.990474939346313477e+00
4.753436326980590820e+00
4.590805053710937500e+00
4.731947898864746094e+00
4.626710176467895508e+00
4.932142972946166992e+00
5.265646934509277344e+00
4.519144058227539062e+00
5.104656934738159180e+00
4.437438964843750000e+00
4.795900821685791016e+00
5.469744920730590820e+00
4.448955774307250977e+00
4.134584665298461914e+00
5.204499006271362305e+00
5.550716876983642578e+00
4.596542835235595703e+00
5.381697654724121094e+00
5.116307020187377930e+00
5.023127794265747070e+00
4.531164169311523438e+00
5.710823297500610352e+00
3.606130838394165039e+00
5.598150014877319336e+00
3.607499122619628906e+00
4.648028135299682617e+00
5.305149078369140625e+00
3.801854133605957031e+00
5.046031951904296875e+00
5.738044261932373047e+00
3.855714082717895508e+00
6.189407348632812500e+00
5.031026124954223633e+00
5.084043741226196289e+00
3.941391229629516602e+00
5.105215072631835938e+00
3.962959051132202148e+00
5.970107316970825195e+00
6.516344070434570312e+00
4.018106937408447266e+00
3.911092042922973633e+00
4.144187927246093750e+00
6.357780933380126953e+00
5.699290037155151367e+00
5.329137325286865234e+00
6.394897937774658203e+00
4.449398040771484375e+00
5.895164728164672852e+00
4.611202716827392578e+00
3.857813835144042969e+00
3.213389158248901367e+00
6.471866846084594727e+00
5.881977081298828125e+00
4.362397909164428711e+00
6.139163017272949219e+00
5.289712905883789062e+00
4.702207803726196289e+00
4.637510061264038086e+00
3.808185100555419922e+00
4.535928010940551758e+00
4.825307369232177734e+00
4.138474941253662109e+00
4.587063789367675781e+00
6.578031063079833984e+00
3.733312129974365234e+00
3.700710058212280273e+00
6.062353849411010742e+00
4.313340902328491211e+00
3.338033914566040039e+00
4.879729270935058594e+00
4.912419080734252930e+00
3.849477291107177734e+00
4.946455001831054688e+00
4.426846027374267578e+00
6.209594726562500000e+00
4.663634061813354492e+00
4.985406875610351562e+00
6.956485986709594727e+00
6.394235849380493164e+00
5.288020849227905273e+00
4.987714052200317383e+00
6.186964988708496094e+00
4.504901170730590820e+00
4.109121084213256836e+00
4.631724834442138672e+00
7.084900856018066406e+00
4.871942758560180664e+00
5.288800001144409180e+00
4.179934978485107422e+00
4.798678159713745117e+00
3.622986078262329102e+00
5.080035924911499023e+00
4.566694259643554688e+00
4.434284925460815430e+00
5.263144969940185547e+00
4.756557226181030273e+00
5.378437757492065430e+00
4.803405046463012695e+00
4.765172958374023438e+00
5.457047939300537109e+00
3.564077138900756836e+00
5.394536972045898438e+00
4.447591781616210938e+00
5.006273984909057617e+00
3.749017238616943359e+00
3.841078996658325195e+00
3.847107172012329102e+00
4.005655765533447266e+00
5.114392995834350586e+00
3.856243848800659180e+00
3.802541017532348633e+00
3.497536182403564453e+00
5.658303976058959961e+00
5.010565996170043945e+00
2.951778173446655273e+00
6.359153985977172852e+00
4.987627983093261719e+00
3.429924011230468750e+00
3.789625883102416992e+00
4.110285997390747070e+00
3.897780895233154297e+00
4.912414073944091797e+00
4.532232999801635742e+00
5.243680715560913086e+00
4.191548347473144531e+00
7.106401205062866211e+00
3.807389974594116211e+00
4.451671123504638672e+00
3.055813789367675781e+00
3.946079969406127930e+00
5.034815788269042969e+00
4.631489038467407227e+00
4.587924957275390625e+00
3.142807722091674805e+00
4.444226980209350586e+00
4.714380979537963867e+00
3.295812129974365234e+00
2.126263141632080078e+00
4.739989757537841797e+00
3.173227071762084961e+00
4.067250013351440430e+00
4.506170988082885742e+00
4.291928768157958984e+00
3.035527944564819336e+00
3.508866071701049805e+00
3.640924930572509766e+00
3.027217864990234375e+00
4.771132946014404297e+00
2.917494058609008789e+00
5.888523101806640625e+00
3.623359918594360352e+00
3.279206037521362305e+00
4.356513023376464844e+00
4.060542821884155273e+00
3.759259939193725586e+00
3.113199949264526367e+00
2.633472204208374023e+00
4.288837194442749023e+00
4.162789106369018555e+00
3.836682081222534180e+00
3.060179233551025391e+00
3.107220172882080078e+00
3.111069202423095703e+00
4.213796138763427734e+00
3.814394712448120117e+00
4.675755023956298828e+00
4.345563888549804688e+00
4.353568792343139648e+00
3.093050241470336914e+00
4.050306081771850586e+00
2.636663913726806641e+00
3.535219907760620117e+00
3.500524044036865234e+00
3.139467000961303711e+00
3.483417034149169922e+00
3.828593015670776367e+00
3.434521913528442383e+00
3.937328815460205078e+00
3.504767894744873047e+00
4.704992055892944336e+00
4.555896997451782227e+00
3.903568983078002930e+00
3.917552947998046875e+00
4.557516098022460938e+00
4.592755079269409180e+00
3.433899879455566406e+00
4.134240865707397461e+00
4.282916069030761719e+00
4.413563013076782227e+00
4.616643190383911133e+00
3.983597755432128906e+00
4.147542953491210938e+00
3.326009750366210938e+00
4.279825925827026367e+00
4.192980051040649414e+00
3.374348163604736328e+00
3.597435235977172852e+00
3.451424837112426758e+00
3.522041082382202148e+00
4.493979930877685547e+00
4.397222995758056641e+00
4.303430795669555664e+00
4.602219104766845703e+00
4.343750000000000000e+00
3.805895805358886719e+00
4.293334960937500000e+00
3.689834117889404297e+00
4.020592927932739258e+00
3.850799083709716797e+00
4.683001756668090820e+00
4.801068067550659180e+00
4.187407970428466797e+00
4.493005990982055664e+00
4.034377813339233398e+00
4.027078866958618164e+00
5.027626276016235352e+00
5.069450139999389648e+00
5.052876949310302734e+00
4.248363018035888672e+00
5.625074863433837891e+00
4.883199930191040039e+00
4.325885057449340820e+00
3.680053949356079102e+00
3.933345794677734375e+00
5.206907033920288086e+00
3.650408983230590820e+00
4.656306743621826172e+00
3.732346057891845703e+00
3.880771160125732422e+00
4.736330032348632812e+00
4.273998737335205078e+00
4.830281972885131836e+00
4.121515035629272461e+00
4.253875017166137695e+00
4.261909008026123047e+00
4.375202655792236328e+00
4.333590030670166016e+00
5.272588968276977539e+00
3.530817031860351562e+00
4.441271066665649414e+00
4.502863883972167969e+00
5.041028022766113281e+00
6.118046998977661133e+00
3.989728927612304688e+00
4.576188087463378906e+00
5.050760746002197266e+00
5.875628948211669922e+00
4.390558958053588867e+00
5.021561145782470703e+00
5.206630229949951172e+00
5.620373010635375977e+00
4.988301038742065430e+00
4.411604881286621094e+00
4.418556213378906250e+00
4.583446025848388672e+00
5.221410989761352539e+00
4.705159902572631836e+00
4.997773885726928711e+00
5.111261844635009766e+00
5.686025857925415039e+00
4.455633878707885742e+00
5.498730182647705078e+00
5.648117780685424805e+00
3.793806076049804688e+00
4.468619108200073242e+00
5.989092111587524414e+00
5.120651006698608398e+00
5.972394943237304688e+00
3.821521043777465820e+00
5.821035861968994141e+00
6.173502922058105469e+00
5.310872077941894531e+00
6.231074094772338867e+00
5.826718807220458984e+00
6.053442716598510742e+00
5.190062046051025391e+00
3.743994951248168945e+00
4.608413934707641602e+00
4.985610961914062500e+00
5.272933006286621094e+00
5.039236068725585938e+00
3.507016897201538086e+00
5.122652292251586914e+00
3.260672092437744141e+00
2.905503988265991211e+00
3.712790012359619141e+00
4.816139221191406250e+00
3.767556905746459961e+00
5.013246059417724609e+00
5.330615997314453125e+00
4.771258115768432617e+00
5.651641130447387695e+00
4.663146972656250000e+00
4.427371025085449219e+00
3.644454002380371094e+00
5.602703809738159180e+00
5.316384077072143555e+00
4.802831172943115234e+00
3.644388198852539062e+00
6.451490163803100586e+00
3.650624990463256836e+00
4.155573606491088867e+00
5.535136699676513672e+00
4.161448001861572266e+00
5.533433914184570312e+00
5.959386825561523438e+00
2.860343933105468750e+00
5.438280820846557617e+00
4.752179861068725586e+00
5.204953193664550781e+00
6.126368284225463867e+00
5.892847061157226562e+00
5.304666280746459961e+00
5.512377023696899414e+00
5.492339134216308594e+00
5.161057949066162109e+00
5.552284002304077148e+00
5.111055850982666016e+00
6.164422273635864258e+00
4.036710023880004883e+00
3.713864803314208984e+00
4.920449972152709961e+00
6.385111093521118164e+00
5.828547000885009766e+00
5.479542016983032227e+00
6.086750984191894531e+00
3.603959083557128906e+00
3.797769784927368164e+00
3.962798833847045898e+00
5.730014085769653320e+00
6.900803089141845703e+00
4.649919033050537109e+00
3.778315067291259766e+00
5.957251787185668945e+00
5.737008094787597656e+00
4.150120019912719727e+00
4.117188692092895508e+00
5.825045347213745117e+00
3.295577764511108398e+00
4.702996969223022461e+00
7.031899929046630859e+00
7.236692190170288086e+00
5.205636262893676758e+00
5.969458103179931641e+00
6.224606990814208984e+00
5.275259256362915039e+00
5.047094821929931641e+00
8.255264043807983398e+00
3.758816957473754883e+00
4.406309127807617188e+00
3.702219009399414062e+00
4.054146051406860352e+00
2.665491819381713867e+00
4.088370084762573242e+00
5.870260953903198242e+00
5.062487125396728516e+00
5.302860975265502930e+00
5.482254028320312500e+00
3.488214969635009766e+00
5.261255025863647461e+00
5.107362031936645508e+00
3.157516002655029297e+00
3.148215055465698242e+00
5.498897314071655273e+00
4.139079809188842773e+00
5.674853086471557617e+00
5.221157073974609375e+00
4.740167856216430664e+00
4.351560831069946289e+00
4.098762035369873047e+00
4.821953773498535156e+00
3.373934030532836914e+00
5.899619817733764648e+00
5.201492786407470703e+00
5.431395053863525391e+00
6.550040006637573242e+00
4.340606927871704102e+00
4.526070117950439453e+00
6.087102890014648438e+00
5.508250951766967773e+00
5.901823997497558594e+00
5.067667007446289062e+00
5.638774156570434570e+00
5.267738819122314453e+00
3.798148155212402344e+00
3.627991914749145508e+00
4.839122056961059570e+00
5.024251222610473633e+00
5.891887187957763672e+00
4.146345853805541992e+00
3.477527141571044922e+00
5.322526931762695312e+00
6.357346057891845703e+00
5.278917074203491211e+00
5.075885772705078125e+00
3.440945863723754883e+00
5.202437877655029297e+00
4.412828922271728516e+00
4.516268968582153320e+00
3.531604051589965820e+00
3.049611091613769531e+00
5.431255102157592773e+00
3.604851007461547852e+00
3.645612001419067383e+00
4.236110210418701172e+00
5.618444919586181641e+00
5.560735940933227539e+00
4.491117000579833984e+00
4.666936874389648438e+00
4.862676143646240234e+00
5.384743928909301758e+00
4.321408033370971680e+00
5.952053070068359375e+00
4.731915950775146484e+00
3.750344991683959961e+00
4.454033851623535156e+00
5.631399393081665039e+00
5.784925937652587891e+00
5.187381982803344727e+00
4.421525955200195312e+00
6.073891878128051758e+00
5.121912002563476562e+00
3.597935914993286133e+00
4.721202850341796875e+00
4.992910861968994141e+00
5.855973005294799805e+00
5.901501178741455078e+00
5.932144880294799805e+00
3.514126062393188477e+00
6.423963308334350586e+00
6.047338962554931641e+00
4.902905702590942383e+00
5.048180818557739258e+00
4.156661987304687500e+00
4.876863956451416016e+00
5.215607166290283203e+00
4.169626951217651367e+00
6.062100172042846680e+00
5.731997966766357422e+00
3.258496999740600586e+00
4.916785240173339844e+00
6.004898071289062500e+00
4.985289096832275391e+00
5.013946771621704102e+00
6.192013025283813477e+00
5.277442693710327148e+00
4.987370014190673828e+00
5.055267095565795898e+00
5.054982900619506836e+00
4.942764043807983398e+00
5.479160785675048828e+00
4.269564151763916016e+00
4.441207170486450195e+00
3.212110042572021484e+00
5.441027164459228516e+00
4.393307924270629883e+00
3.665086984634399414e+00
4.573551177978515625e+00
3.155043125152587891e+00
6.420454978942871094e+00
6.281410217285156250e+00
5.154849052429199219e+00
5.494969844818115234e+00
6.638888359069824219e+00
3.998662948608398438e+00
6.521668910980224609e+00
5.231866836547851562e+00
5.830544948577880859e+00
7.183567047119140625e+00
4.332491159439086914e+00
6.874388217926025391e+00
3.211694717407226562e+00
4.853233814239501953e+00
4.782858848571777344e+00
5.753449916839599609e+00
4.458014011383056641e+00
5.606239080429077148e+00
5.511416912078857422e+00
7.223430871963500977e+00
5.669064998626708984e+00
3.983947038650512695e+00
4.596762895584106445e+00
5.013361930847167969e+00
4.516424179077148438e+00
5.043890953063964844e+00
4.344878911972045898e+00
3.766326904296875000e+00
6.066749095916748047e+00
4.973640918731689453e+00
5.774307012557983398e+00
4.677803039550781250e+00
4.291773080825805664e+00
4.175021171569824219e+00
6.210295915603637695e+00
6.305104255676269531e+00
4.199611186981201172e+00
4.544994115829467773e+00
5.477539062500000000e+00
6.107899188995361328e+00
4.077234983444213867e+00
4.587561130523681641e+00
5.959584951400756836e+00
4.507681131362915039e+00
3.711074829101562500e+00
3.619807004928588867e+00
5.674826860427856445e+00
4.275832176208496094e+00
4.554702043533325195e+00
4.882667064666748047e+00
4.644183874130249023e+00
3.840634822845458984e+00
3.848002910614013672e+00
3.898505926132202148e+00
4.138216972351074219e+00
4.019868850708007812e+00
4.314435005187988281e+00
4.347567081451416016e+00
4.246432065963745117e+00
3.492312908172607422e+00
3.872208118438720703e+00
4.467763185501098633e+00
4.322276115417480469e+00
3.572016000747680664e+00
3.324996709823608398e+00
2.881606817245483398e+00
4.744323968887329102e+00
4.347140312194824219e+00
3.968357324600219727e+00
4.618046760559082031e+00
4.290755033493041992e+00
2.610849142074584961e+00
3.577689170837402344e+00
3.123356342315673828e+00
2.649292945861816406e+00
3.901172876358032227e+00
3.112889289855957031e+00
3.233514070510864258e+00
4.197404861450195312e+00
4.685411930084228516e+00
3.045798063278198242e+00
6.611140251159667969e+00
4.677184104919433594e+00
4.860748767852783203e+00
4.153326034545898438e+00
4.934979200363159180e+00
3.861666679382324219e+00
5.197065353393554688e+00
3.812111854553222656e+00
3.870064020156860352e+00
3.936545848846435547e+00
3.705128192901611328e+00
5.075051069259643555e+00
3.706767082214355469e+00
3.478712797164916992e+00
3.016149997711181641e+00
4.728600740432739258e+00
5.379652023315429688e+00
5.199684143066406250e+00
4.467811107635498047e+00
3.973771095275878906e+00
4.522320747375488281e+00
3.724969148635864258e+00
5.074146032333374023e+00
4.156527042388916016e+00
2.956966876983642578e+00
3.988142013549804688e+00
4.801304817199707031e+00
4.560047864913940430e+00
3.944770812988281250e+00
4.587426900863647461e+00
3.996381282806396484e+00
5.084724903106689453e+00
3.867320060729980469e+00
3.756081104278564453e+00
4.650377988815307617e+00
4.144771099090576172e+00
5.306969165802001953e+00
3.832545995712280273e+00
4.333765268325805664e+00
3.627665281295776367e+00
4.654834032058715820e+00
4.983536243438720703e+00
5.453366994857788086e+00
3.604328870773315430e+00
4.578659296035766602e+00
4.340224981307983398e+00
5.208642005920410156e+00
4.702857017517089844e+00
4.677637815475463867e+00
4.858851909637451172e+00
3.809662103652954102e+00
5.562227010726928711e+00
3.935548067092895508e+00
5.240076780319213867e+00
5.497737169265747070e+00
4.078552722930908203e+00
5.329684019088745117e+00
5.525489091873168945e+00
4.845589160919189453e+00
6.228083848953247070e+00
6.828073024749755859e+00
4.805675029754638672e+00
4.760526180267333984e+00
4.541316032409667969e+00
5.261839866638183594e+00
5.061939001083374023e+00
5.515814065933227539e+00
5.631859064102172852e+00
5.262594223022460938e+00
4.677326202392578125e+00
6.312116146087646484e+00
5.301082134246826172e+00
4.826444149017333984e+00
7.047982692718505859e+00
5.378296852111816406e+00
4.290431022644042969e+00
4.767140865325927734e+00
4.303612947463989258e+00
4.814607858657836914e+00
4.017346858978271484e+00
4.734093189239501953e+00
4.787863969802856445e+00
4.957930088043212891e+00
3.741204977035522461e+00
4.863005161285400391e+00
4.121950864791870117e+00
4.603705883026123047e+00
4.546118736267089844e+00
5.233985900878906250e+00
3.778244018554687500e+00
4.733138799667358398e+00
5.822602033615112305e+00
3.916620969772338867e+00
5.292582035064697266e+00
5.756290197372436523e+00
4.133321046829223633e+00
4.565441131591796875e+00
5.656010866165161133e+00
3.977741003036499023e+00
5.598376274108886719e+00
5.636274337768554688e+00
3.545717000961303711e+00
4.211120128631591797e+00
5.180243253707885742e+00
5.813138008117675781e+00
4.306984901428222656e+00
4.918143987655639648e+00
5.858750104904174805e+00
3.955224037170410156e+00
5.875973224639892578e+00
2.983741760253906250e+00
4.617085218429565430e+00
3.566778898239135742e+00
5.041208744049072266e+00
4.564508914947509766e+00
5.052201986312866211e+00
5.748355150222778320e+00
5.191507101058959961e+00
4.630047798156738281e+00
5.967107772827148438e+00
6.368965864181518555e+00
3.995046138763427734e+00
5.519546270370483398e+00
4.052108049392700195e+00
5.389503002166748047e+00
6.085447788238525391e+00
3.710106849670410156e+00
4.315667867660522461e+00
4.101119279861450195e+00
5.522383928298950195e+00
3.062252044677734375e+00
4.413743019104003906e+00
4.479982852935791016e+00
5.716318130493164062e+00
4.997936248779296875e+00
5.894924163818359375e+00
4.724954843521118164e+00
5.731563806533813477e+00
5.328166961669921875e+00
5.302840948104858398e+00
3.651412010192871094e+00
5.488200902938842773e+00
2.523082971572875977e+00
4.622065067291259766e+00
4.196577787399291992e+00
4.369335174560546875e+00
3.455798149108886719e+00
4.226687192916870117e+00
4.524310111999511719e+00
4.564743041992187500e+00
5.418001890182495117e+00
4.445797204971313477e+00
5.067520141601562500e+00
3.211971282958984375e+00
4.860776901245117188e+00
5.657401084899902344e+00
4.120237112045288086e+00
4.560746908187866211e+00
4.635150194168090820e+00
4.173344850540161133e+00
5.391270875930786133e+00
4.047077894210815430e+00
4.836682319641113281e+00
4.141431093215942383e+00
5.523179054260253906e+00
6.124304056167602539e+00
4.082451820373535156e+00
5.258377790451049805e+00
4.314056158065795898e+00
3.745517015457153320e+00
3.866322278976440430e+00
5.315965890884399414e+00
3.412354230880737305e+00
4.477597951889038086e+00
5.637048721313476562e+00
5.270506858825683594e+00
4.815493106842041016e+00
4.179579257965087891e+00
4.980539083480834961e+00
5.018615007400512695e+00
4.348526954650878906e+00
3.852731227874755859e+00
4.929816961288452148e+00
3.599183082580566406e+00
4.464159965515136719e+00
5.315709114074707031e+00
4.805351734161376953e+00
4.998760938644409180e+00
4.440274953842163086e+00
4.194678068161010742e+00
6.235932826995849609e+00
6.013182878494262695e+00
3.932477235794067383e+00
3.652956008911132812e+00
3.958330869674682617e+00
3.637953996658325195e+00
4.183037996292114258e+00
5.267493963241577148e+00
5.150206804275512695e+00
4.024840116500854492e+00
4.163324832916259766e+00
5.121192932128906250e+00
5.330703973770141602e+00
3.991336107254028320e+00
4.217460870742797852e+00
4.276611089706420898e+00
4.434492111206054688e+00
4.473408222198486328e+00
4.554866313934326172e+00
4.598012924194335938e+00
4.707341909408569336e+00
4.116250991821289062e+00
4.575841188430786133e+00
4.610455036163330078e+00
4.402571916580200195e+00
4.706443071365356445e+00
4.429377794265747070e+00
5.014847278594970703e+00
4.093640089035034180e+00
4.894412994384765625e+00
5.902667045593261719e+00
3.087924003601074219e+00
3.751832723617553711e+00
3.579432010650634766e+00
5.128588914871215820e+00
5.261142969131469727e+00
5.605499982833862305e+00
5.715290784835815430e+00
5.444617033004760742e+00
4.552015781402587891e+00
3.527231931686401367e+00
4.763295888900756836e+00
5.126906156539916992e+00
5.045335054397583008e+00
2.721277952194213867e+00
5.416939020156860352e+00
6.096676826477050781e+00
5.086609363555908203e+00
5.367173910140991211e+00
4.894019126892089844e+00
5.312575101852416992e+00
4.369711875915527344e+00
4.931640148162841797e+00
5.343309164047241211e+00
6.047241210937500000e+00
4.559681177139282227e+00
5.244856834411621094e+00
6.334569931030273438e+00
5.283511638641357422e+00
5.321751117706298828e+00
5.337247133255004883e+00
5.374082088470458984e+00
5.939406156539916992e+00
4.809259176254272461e+00
5.200665235519409180e+00
6.572719812393188477e+00
5.611422777175903320e+00
5.737886905670166016e+00
5.589405059814453125e+00
4.213227987289428711e+00
5.382365942001342773e+00
5.489696979522705078e+00
3.992114782333374023e+00
6.210916996002197266e+00
6.394953012466430664e+00
4.984827041625976562e+00
3.468248128890991211e+00
5.474318981170654297e+00
4.683546066284179688e+00
6.421221971511840820e+00
3.785056114196777344e+00
5.902655124664306641e+00
4.381729841232299805e+00
4.578392028808593750e+00
5.456197977066040039e+00
3.865770101547241211e+00
5.245944023132324219e+00
6.875422000885009766e+00
5.693009853363037109e+00
4.639486074447631836e+00
5.829497098922729492e+00
5.954579114913940430e+00
5.322798013687133789e+00
6.821027994155883789e+00
5.934724092483520508e+00
5.481541156768798828e+00
5.134356021881103516e+00
4.730877876281738281e+00
6.432207107543945312e+00
6.025543928146362305e+00
5.134725809097290039e+00
6.188771963119506836e+00
5.905028104782104492e+00
6.015218019485473633e+00
5.162790775299072266e+00
7.091554164886474609e+00
5.338336944580078125e+00
6.036582946777343750e+00
5.108668088912963867e+00
5.245752096176147461e+00
3.318554162979125977e+00
4.470256090164184570e+00
4.031078815460205078e+00
4.610169887542724609e+00
3.993564844131469727e+00
3.120674133300781250e+00
4.847410202026367188e+00
4.039652824401855469e+00
3.621061801910400391e+00
8.150145053863525391e+00
4.619302749633789062e+00
5.008351087570190430e+00
5.533313989639282227e+00
6.505699157714843750e+00
4.396008253097534180e+00
5.028311014175415039e+00
7.235123872756958008e+00
4.228296279907226562e+00
4.924638986587524414e+00
7.103878021240234375e+00
7.264258146286010742e+00
5.679111003875732422e+00
7.367825031280517578e+00
5.075003862380981445e+00
7.594096899032592773e+00
5.105736017227172852e+00
6.855632781982421875e+00
4.943870067596435547e+00
8.734483003616333008e+00
7.019064903259277344e+00
7.217257976531982422e+00
5.433656930923461914e+00
8.434290170669555664e+00
5.525193929672241211e+00
6.391689062118530273e+00
5.744671821594238281e+00
5.647524833679199219e+00
5.267755031585693359e+00
6.007201910018920898e+00
5.565110921859741211e+00
5.944118738174438477e+00
8.915575981140136719e+00
5.813351869583129883e+00
6.253279685974121094e+00
5.686079978942871094e+00
4.019969940185546875e+00
6.218755960464477539e+00
7.440469026565551758e+00
3.871323108673095703e+00
7.532728910446166992e+00
5.415675163269042969e+00
5.836924076080322266e+00
4.869452953338623047e+00
6.597378015518188477e+00
5.463202714920043945e+00
2.669679880142211914e+00
5.964502096176147461e+00
5.272629022598266602e+00
4.495822906494140625e+00
5.030702114105224609e+00
4.266095876693725586e+00
5.885823965072631836e+00
3.420894145965576172e+00
6.274252891540527344e+00
3.310539007186889648e+00
4.741826772689819336e+00
3.399635791778564453e+00
6.635740995407104492e+00
4.963191986083984375e+00
5.682953357696533203e+00
4.762346029281616211e+00
4.165728092193603516e+00
4.424507141113281250e+00
4.981635808944702148e+00
6.896906852722167969e+00
3.433518171310424805e+00
3.584881067276000977e+00
4.591712951660156250e+00
8.862548112869262695e+00
4.282621860504150391e+00
3.563970088958740234e+00
5.633192062377929688e+00
5.728369951248168945e+00
3.445586919784545898e+00
4.050937891006469727e+00
6.705518960952758789e+00
3.952409267425537109e+00
5.280781030654907227e+00
5.323602914810180664e+00
5.348181724548339844e+00
5.405448913574218750e+00
3.313559055328369141e+00
3.841603040695190430e+00
6.082795858383178711e+00
5.968640089035034180e+00
5.839166879653930664e+00
3.905416250228881836e+00
5.630323171615600586e+00
7.962498903274536133e+00
3.529770135879516602e+00
5.639781236648559570e+00
8.289799928665161133e+00
5.606352090835571289e+00
4.852791070938110352e+00
5.883373022079467773e+00
4.844983100891113281e+00
6.559328079223632812e+00
4.370992183685302734e+00
3.559708118438720703e+00
7.296940803527832031e+00
4.002146720886230469e+00
3.382503747940063477e+00
3.381608963012695312e+00
4.058193206787109375e+00
6.749708175659179688e+00
4.273756980895996094e+00
4.121473073959350586e+00
3.576163768768310547e+00
4.165524959564208984e+00
3.810460090637207031e+00
6.420068025588989258e+00
6.141234397888183594e+00
4.206783056259155273e+00
6.499172925949096680e+00
6.194434165954589844e+00
4.418185949325561523e+00
4.284393072128295898e+00
3.139281034469604492e+00
3.828802108764648438e+00
4.424860954284667969e+00
4.815178155899047852e+00
3.744543075561523438e+00
4.394199132919311523e+00
4.455328941345214844e+00
4.870079040527343750e+00
4.859627962112426758e+00
4.468032121658325195e+00
4.342435836791992188e+00
4.678366899490356445e+00
3.983618021011352539e+00
4.884248971939086914e+00
4.665400266647338867e+00
4.138894796371459961e+00
4.647420883178710938e+00
4.477174043655395508e+00
4.041440963745117188e+00
4.134949922561645508e+00
3.966891050338745117e+00
4.464138031005859375e+00
4.651773214340209961e+00
4.116951227188110352e+00
4.085583925247192383e+00
4.730068922042846680e+00
5.372512817382812500e+00
4.701221227645874023e+00
5.088351011276245117e+00
4.207440853118896484e+00
3.805387020111083984e+00
5.313895940780639648e+00
3.541620969772338867e+00
4.482341766357421875e+00
4.088082313537597656e+00
3.428157091140747070e+00
3.882893085479736328e+00
3.904073953628540039e+00
5.422643899917602539e+00
3.289289951324462891e+00
4.178351879119873047e+00
4.557643175125122070e+00
3.430683135986328125e+00
5.348697900772094727e+00
3.694897174835205078e+00
4.914804220199584961e+00
3.467223644256591797e+00
4.972010135650634766e+00
5.369365930557250977e+00
5.460654735565185547e+00
4.602160930633544922e+00
4.624799966812133789e+00
4.110352039337158203e+00
3.311247110366821289e+00
5.146924018859863281e+00
4.914727210998535156e+00
3.508419990539550781e+00
4.000796794891357422e+00
3.354642868041992188e+00
3.033212900161743164e+00
5.218070030212402344e+00
2.999142169952392578e+00
3.445658206939697266e+00
4.630723953247070312e+00
2.740446090698242188e+00
3.038538932800292969e+00
3.726505994796752930e+00
3.281819105148315430e+00
3.562026023864746094e+00
3.193706035614013672e+00
3.187731981277465820e+00
3.434807062149047852e+00
4.398895025253295898e+00
4.473645210266113281e+00
3.764956951141357422e+00
4.262315034866333008e+00
4.457186698913574219e+00
3.454292058944702148e+00
4.116088628768920898e+00
3.041019916534423828e+00
3.975101232528686523e+00
3.665106058120727539e+00
4.249872922897338867e+00
3.086587905883789062e+00
4.544173717498779297e+00
4.630688190460205078e+00
4.559744834899902344e+00
4.745620012283325195e+00
4.391024112701416016e+00
4.651863098144531250e+00
4.175990819931030273e+00
4.192911863327026367e+00
4.432489156723022461e+00
2.953272819519042969e+00
3.498598098754882812e+00
4.434694051742553711e+00
2.616230010986328125e+00
4.766688108444213867e+00
3.429926156997680664e+00
4.273685932159423828e+00
3.611062049865722656e+00
4.504927158355712891e+00
4.428081750869750977e+00
4.304008007049560547e+00
4.726298093795776367e+00
4.506888866424560547e+00
3.461400032043457031e+00
4.434564113616943359e+00
4.973845005035400391e+00
5.088428020477294922e+00
3.902693033218383789e+00
4.864056110382080078e+00
3.783365011215209961e+00
2.557359218597412109e+00
4.741873025894165039e+00
4.143919944763183594e+00
3.633614063262939453e+00
3.380702018737792969e+00
5.647303104400634766e+00
3.128790855407714844e+00
4.828368186950683594e+00
3.517539024353027344e+00
3.903803825378417969e+00
3.421996831893920898e+00
3.853362083435058594e+00
2.666124105453491211e+00
2.758750915527343750e+00
2.283351659774780273e+00
5.061244726181030273e+00
5.294957160949707031e+00
5.075121879577636719e+00
3.806013107299804688e+00
3.726732015609741211e+00
5.086556911468505859e+00
5.319559097290039062e+00
3.218082189559936523e+00
3.302109003067016602e+00
3.286916971206665039e+00
4.039638042449951172e+00
4.136795997619628906e+00
3.451712131500244141e+00
3.263021707534790039e+00
5.371419191360473633e+00
3.705562114715576172e+00
3.437031030654907227e+00
4.009217023849487305e+00
4.916766881942749023e+00
2.981105089187622070e+00
3.718728780746459961e+00
3.123044967651367188e+00
3.884238243103027344e+00
3.473820924758911133e+00
3.245906114578247070e+00
3.964530229568481445e+00
3.231376886367797852e+00
4.608208894729614258e+00
3.562897205352783203e+00
4.802688121795654297e+00
3.500043153762817383e+00
4.824509859085083008e+00
4.419443130493164062e+00
3.200214862823486328e+00
3.997550964355468750e+00
3.365058898925781250e+00
4.585274219512939453e+00
4.871989965438842773e+00
4.097444057464599609e+00
3.175699949264526367e+00
3.867857933044433594e+00
4.552641153335571289e+00
4.580369234085083008e+00
5.359298706054687500e+00
4.878323078155517578e+00
4.135795831680297852e+00
4.214982271194458008e+00
5.032693862915039062e+00
4.523633003234863281e+00
3.987065792083740234e+00
4.413151979446411133e+00
4.283217191696166992e+00
4.093777179718017578e+00
4.243167877197265625e+00
2.965467214584350586e+00
3.577942132949829102e+00
4.255963087081909180e+00
4.476951122283935547e+00
2.834912061691284180e+00
4.814484834671020508e+00
4.968472957611083984e+00
4.300724029541015625e+00
4.655298948287963867e+00
4.602824926376342773e+00
4.390269994735717773e+00
4.681346178054809570e+00
6.012008905410766602e+00
4.675534248352050781e+00
4.766227960586547852e+00
4.295144319534301758e+00
4.653984785079956055e+00
4.102232933044433594e+00
4.089902162551879883e+00
4.385521173477172852e+00
3.779488801956176758e+00
4.237785100936889648e+00
4.197434186935424805e+00
5.213466882705688477e+00
4.931322097778320312e+00
6.740050315856933594e+00
5.157714128494262695e+00
3.621294021606445312e+00
5.573122024536132812e+00
6.677750110626220703e+00
4.000539779663085938e+00
3.915747880935668945e+00
4.613190889358520508e+00
4.058737993240356445e+00
3.836767911911010742e+00
3.945657253265380859e+00
4.853707075119018555e+00
5.072259902954101562e+00
6.149020910263061523e+00
3.300973176956176758e+00
4.451657056808471680e+00
3.948102951049804688e+00
4.167544841766357422e+00
4.231844186782836914e+00
3.425065040588378906e+00
4.846994161605834961e+00
3.822942018508911133e+00
4.271253108978271484e+00
5.327785015106201172e+00
4.029273986816406250e+00
6.556200981140136719e+00
6.783149719238281250e+00
6.143532991409301758e+00
5.663933277130126953e+00
5.972691774368286133e+00
4.495757102966308594e+00
4.481630802154541016e+00
4.293116807937622070e+00
5.099848985671997070e+00
3.814447164535522461e+00
5.909327030181884766e+00
4.596938848495483398e+00
3.747362136840820312e+00
5.103410005569458008e+00
3.942209005355834961e+00
4.613438129425048828e+00
5.220095872879028320e+00
5.283987998962402344e+00
5.301095962524414062e+00
4.390284061431884766e+00
2.620435953140258789e+00
4.852807998657226562e+00
4.983623743057250977e+00
5.634006977081298828e+00
5.642877101898193359e+00
4.727048873901367188e+00
4.024347066879272461e+00
5.306286096572875977e+00
3.373465061187744141e+00
4.296020030975341797e+00
5.482017040252685547e+00
3.784394025802612305e+00
4.008373975753784180e+00
4.785464763641357422e+00
5.492664098739624023e+00
6.118938207626342773e+00
3.737633228302001953e+00
5.598701000213623047e+00
3.161093711853027344e+00
3.586762189865112305e+00
3.959242820739746094e+00
4.306413650512695312e+00
3.471421957015991211e+00
7.076886177062988281e+00
5.669132232666015625e+00
4.534025907516479492e+00
5.611707210540771484e+00
5.081543922424316406e+00
5.204617977142333984e+00
3.739022970199584961e+00
4.338627815246582031e+00
3.292898178100585938e+00
4.085559844970703125e+00
5.865082740783691406e+00
3.577081918716430664e+00
3.416417837142944336e+00
3.515661001205444336e+00
4.306775093078613281e+00
5.073093891143798828e+00
5.026683092117309570e+00
4.961854219436645508e+00
5.066693305969238281e+00
5.482119798660278320e+00
5.018849611282348633e+00
4.896576881408691406e+00
2.847743988037109375e+00
3.808478116989135742e+00
4.773982048034667969e+00
5.286330938339233398e+00
6.185092926025390625e+00
6.668676137924194336e+00
5.873934030532836914e+00
4.269515037536621094e+00
5.380213975906372070e+00
4.412426948547363281e+00
4.918856859207153320e+00
5.307071924209594727e+00
5.375989913940429688e+00
5.231603860855102539e+00
5.472557067871093750e+00
5.387742042541503906e+00
4.310921907424926758e+00
2.949808120727539062e+00
5.619405984878540039e+00
3.886011838912963867e+00
4.450433015823364258e+00
4.010478258132934570e+00
5.865715980529785156e+00
5.798338890075683594e+00
4.700980901718139648e+00
5.797888994216918945e+00
5.547662019729614258e+00
5.557556867599487305e+00
5.479676246643066406e+00
5.943760156631469727e+00
4.442446231842041016e+00
5.434112071990966797e+00
5.856072902679443359e+00
4.662775039672851562e+00
4.717595100402832031e+00
4.159533262252807617e+00
4.556923151016235352e+00
2.944173812866210938e+00
5.546028137207031250e+00
5.801806211471557617e+00
2.909294128417968750e+00
3.095929145812988281e+00
3.742094039916992188e+00
5.827815055847167969e+00
4.389073848724365234e+00
5.879067897796630859e+00
2.962618827819824219e+00
4.412743091583251953e+00
5.018419027328491211e+00
5.959877967834472656e+00
3.792901992797851562e+00
3.363293886184692383e+00
5.824607133865356445e+00
3.283326864242553711e+00
4.050424098968505859e+00
3.381841182708740234e+00
5.465646028518676758e+00
3.495181083679199219e+00
4.889995098114013672e+00
3.483598947525024414e+00
3.405168056488037109e+00
4.145318984985351562e+00
4.968265056610107422e+00
3.304346799850463867e+00
3.907081842422485352e+00
6.618759870529174805e+00
4.044562816619873047e+00
5.844829082489013672e+00
3.016052007675170898e+00
4.642843008041381836e+00
5.967813968658447266e+00
3.987041950225830078e+00
3.358032226562500000e+00
5.256489992141723633e+00
4.182188987731933594e+00
3.731216192245483398e+00
3.742661237716674805e+00
5.379269123077392578e+00
6.159105777740478516e+00
6.167762041091918945e+00
3.026224136352539062e+00
4.528872966766357422e+00
5.226993799209594727e+00
3.764338016510009766e+00
3.991528987884521484e+00
3.732643127441406250e+00
5.699593067169189453e+00
7.021892070770263672e+00
6.503625154495239258e+00
3.810904979705810547e+00
3.886596202850341797e+00
3.975427865982055664e+00
6.975602149963378906e+00
4.730043172836303711e+00
6.414861917495727539e+00
6.321940898895263672e+00
3.818825960159301758e+00
3.640178918838500977e+00
6.887930154800415039e+00
3.324174165725708008e+00
3.462610960006713867e+00
5.484503030776977539e+00
4.018836975097656250e+00
3.371865272521972656e+00
4.483117103576660156e+00
4.007812976837158203e+00
3.864791870117187500e+00
3.574335098266601562e+00
3.928992748260498047e+00
3.422179698944091797e+00
3.501368999481201172e+00
3.926475048065185547e+00
5.535848855972290039e+00
3.972915887832641602e+00
3.415084838867187500e+00
4.375896930694580078e+00
4.953548192977905273e+00
4.386276245117187500e+00
4.277853012084960938e+00
4.793806791305541992e+00
4.726068019866943359e+00
3.087733030319213867e+00
5.984937906265258789e+00
3.744935989379882812e+00
3.940831899642944336e+00
2.483725070953369141e+00
4.031904220581054688e+00
3.970061779022216797e+00
4.426985025405883789e+00
2.983827352523803711e+00
3.350545167922973633e+00
3.957862138748168945e+00
3.557550907135009766e+00
4.465389966964721680e+00
4.878339052200317383e+00
3.080385923385620117e+00
3.298183202743530273e+00
3.918915033340454102e+00
3.884175062179565430e+00
4.029896974563598633e+00
3.723711252212524414e+00
4.324383020401000977e+00
3.780620098114013672e+00
4.158379077911376953e+00
3.407212972640991211e+00
2.911371946334838867e+00
4.640242099761962891e+00
2.767604351043701172e+00
3.963738203048706055e+00
3.846261024475097656e+00
3.908968925476074219e+00
3.602021932601928711e+00
4.018580913543701172e+00
4.360018968582153320e+00
2.625176191329956055e+00
4.031320810317993164e+00
2.497643947601318359e+00
4.298401594161987305e+00
4.089867830276489258e+00
3.660265207290649414e+00
4.165722131729125977e+00
4.621036052703857422e+00
3.687513113021850586e+00
3.885908126831054688e+00
4.555480241775512695e+00
4.377392053604125977e+00
3.754986047744750977e+00
3.946631193161010742e+00
2.994567871093750000e+00
3.766476154327392578e+00
4.055805206298828125e+00
3.817948341369628906e+00
2.760308980941772461e+00
3.172626018524169922e+00
3.649026155471801758e+00
3.104433059692382812e+00
4.195467948913574219e+00
2.850878000259399414e+00
5.083056926727294922e+00
3.128853082656860352e+00
5.324602127075195312e+00
3.432368278503417969e+00
3.471338033676147461e+00
3.762004137039184570e+00
3.921519756317138672e+00
3.169048070907592773e+00
3.495959997177124023e+00
3.766600847244262695e+00
4.179734945297241211e+00
3.776470899581909180e+00
3.534003973007202148e+00
5.253250122070312500e+00
4.247926235198974609e+00
4.204644203186035156e+00
4.168971061706542969e+00
4.096363782882690430e+00
4.334361076354980469e+00
4.320734977722167969e+00
4.217535972595214844e+00
3.791726827621459961e+00
4.238741636276245117e+00
4.024928092956542969e+00
4.537868976593017578e+00
3.606388092041015625e+00
4.644837141036987305e+00
3.775206804275512695e+00
3.687237977981567383e+00
4.385573863983154297e+00
3.200180053710937500e+00
4.901182889938354492e+00
4.320277929306030273e+00
4.337511062622070312e+00
4.703768014907836914e+00
4.256861209869384766e+00
5.283812999725341797e+00
3.867732048034667969e+00
4.715337991714477539e+00
4.754296064376831055e+00
4.182128906250000000e+00
4.535291910171508789e+00
3.440377712249755859e+00
4.064897060394287109e+00
4.697302818298339844e+00
4.226298809051513672e+00
4.381582021713256836e+00
4.182544946670532227e+00
3.670383930206298828e+00
3.525869131088256836e+00
4.682390928268432617e+00
4.088164091110229492e+00
3.999893665313720703e+00
4.557624816894531250e+00
5.001884937286376953e+00
2.924093008041381836e+00
6.116934061050415039e+00
5.046310901641845703e+00
4.063930273056030273e+00
4.266730070114135742e+00
4.310731649398803711e+00
4.064709901809692383e+00
4.022276878356933594e+00
4.445144891738891602e+00
4.371377706527709961e+00
3.865731000900268555e+00
3.884553909301757812e+00
3.800832033157348633e+00
4.376487970352172852e+00
4.985150814056396484e+00
4.641258955001831055e+00
3.274760246276855469e+00
4.248664140701293945e+00
4.385309219360351562e+00
4.294159173965454102e+00
4.710772991180419922e+00
4.892993211746215820e+00
4.176944971084594727e+00
5.190424919128417969e+00
3.948052167892456055e+00
4.113741874694824219e+00
4.995670795440673828e+00
4.859869956970214844e+00
5.304940938949584961e+00
4.612175703048706055e+00
3.809461116790771484e+00
4.683263063430786133e+00
4.733755826950073242e+00
3.811026096343994141e+00
5.069872856140136719e+00
3.008833646774291992e+00
4.078443050384521484e+00
4.570453166961669922e+00
3.735646963119506836e+00
5.386809110641479492e+00
4.024529933929443359e+00
5.149524927139282227e+00
5.266195297241210938e+00
5.575166225433349609e+00
4.400455713272094727e+00
5.146174907684326172e+00
4.529166221618652344e+00
5.434534072875976562e+00
5.447010040283203125e+00
3.952939033508300781e+00
3.763824939727783203e+00
4.572525024414062500e+00
5.641248941421508789e+00
5.291069984436035156e+00
5.927171945571899414e+00
4.700839757919311523e+00
4.790460109710693359e+00
3.988481998443603516e+00
6.543338060379028320e+00
3.949427366256713867e+00
5.895817279815673828e+00
5.514257192611694336e+00
5.277704954147338867e+00
5.147866249084472656e+00
5.407894849777221680e+00
5.727290153503417969e+00
5.635950088500976562e+00
5.772606849670410156e+00
4.989000797271728516e+00
5.256109237670898438e+00
4.468190908432006836e+00
5.277964115142822266e+00
4.319111108779907227e+00
4.478612899780273438e+00
4.621058702468872070e+00
5.006103992462158203e+00
5.707898855209350586e+00
4.412624835968017578e+00
5.805716991424560547e+00
6.539469003677368164e+00
5.368013858795166016e+00
6.116228103637695312e+00
4.694493055343627930e+00
4.668234825134277344e+00
5.890537977218627930e+00
5.838505029678344727e+00
5.070504903793334961e+00
4.940073966979980469e+00
6.438178062438964844e+00
5.254007101058959961e+00
6.027883052825927734e+00
4.711088180541992188e+00
4.732422113418579102e+00
5.926812171936035156e+00
6.684643745422363281e+00
5.226343154907226562e+00
4.794478178024291992e+00
4.609520912170410156e+00
5.831444978713989258e+00
4.171689033508300781e+00
5.119692087173461914e+00
5.907998085021972656e+00
5.364257097244262695e+00
4.959062099456787109e+00
6.941951036453247070e+00
6.226790904998779297e+00
5.385794878005981445e+00
6.318611860275268555e+00
4.889198780059814453e+00
6.033133983612060547e+00
5.500382900238037109e+00
4.763115644454956055e+00
6.238342046737670898e+00
5.500160217285156250e+00
6.692929744720458984e+00
4.033752918243408203e+00
3.466156005859375000e+00
3.555577993392944336e+00
5.609915018081665039e+00
5.248306989669799805e+00
6.314073085784912109e+00
3.819780111312866211e+00
3.304327726364135742e+00
4.277625083923339844e+00
4.063834905624389648e+00
5.412726163864135742e+00
5.915477275848388672e+00
6.512814998626708984e+00
6.437197685241699219e+00
6.430589914321899414e+00
3.691570997238159180e+00
3.510513782501220703e+00
5.310646057128906250e+00
5.078042984008789062e+00
4.371255159378051758e+00
3.598078966140747070e+00
3.594479084014892578e+00
5.998378038406372070e+00
6.041384935379028320e+00
5.556342124938964844e+00
3.885375022888183594e+00
5.391230821609497070e+00
3.626930952072143555e+00
5.579971075057983398e+00
6.083646774291992188e+00
4.163639068603515625e+00
5.945045948028564453e+00
4.951737880706787109e+00
5.630363225936889648e+00
3.822474956512451172e+00
6.157765865325927734e+00
4.634259939193725586e+00
4.989454030990600586e+00
5.245622873306274414e+00
4.449829101562500000e+00
4.786168098449707031e+00
4.083602905273437500e+00
4.393851041793823242e+00
4.369032144546508789e+00
5.395206928253173828e+00
3.629557847976684570e+00
4.932889223098754883e+00
4.312139987945556641e+00
4.875200033187866211e+00
5.306810140609741211e+00
4.383529901504516602e+00
5.511574983596801758e+00
4.480855941772460938e+00
4.566819906234741211e+00
3.928896665573120117e+00
4.830914020538330078e+00
3.863554954528808594e+00
4.439503908157348633e+00
4.806580781936645508e+00
4.637840032577514648e+00
5.215917110443115234e+00
4.909899950027465820e+00
4.913642883300781250e+00
6.798560142517089844e+00
4.269187211990356445e+00
4.823818922042846680e+00
5.126701831817626953e+00
5.134145021438598633e+00
4.591015100479125977e+00
4.629052877426147461e+00
5.163336992263793945e+00
2.833039045333862305e+00
5.115365028381347656e+00
5.210741996765136719e+00
4.045186042785644531e+00
3.002448797225952148e+00
5.851967811584472656e+00
4.956693172454833984e+00
5.441910982131958008e+00
4.520251035690307617e+00
4.309691905975341797e+00
4.859120130538940430e+00
7.987216949462890625e+00
4.980068206787109375e+00
4.129643917083740234e+00
5.183349847793579102e+00
4.599409818649291992e+00
3.335530996322631836e+00
3.880810976028442383e+00
4.626748085021972656e+00
3.812256097793579102e+00
3.733649015426635742e+00
5.548734903335571289e+00
4.744883060455322266e+00
6.246107816696166992e+00
4.927905082702636719e+00
3.397821903228759766e+00
4.015132904052734375e+00
4.805145978927612305e+00
3.902693986892700195e+00
4.841140985488891602e+00
5.050692081451416016e+00
4.053071737289428711e+00
4.562739849090576172e+00
5.417272090911865234e+00
3.657747983932495117e+00
5.516632795333862305e+00
6.129987955093383789e+00
5.843660116195678711e+00
5.113071680068969727e+00
3.522716045379638672e+00
3.757642984390258789e+00
4.228463888168334961e+00
4.460113048553466797e+00
4.083219051361083984e+00
3.327952146530151367e+00
6.133148908615112305e+00
3.506819725036621094e+00
4.719878911972045898e+00
4.015727996826171875e+00
4.359570026397705078e+00
4.793540716171264648e+00
4.023909091949462891e+00
4.914174318313598633e+00
4.788596868515014648e+00
4.455101013183593750e+00
5.463283777236938477e+00
4.398565053939819336e+00
4.541536808013916016e+00
4.835888862609863281e+00
3.767173767089843750e+00
3.732607126235961914e+00
4.628568172454833984e+00
6.107641935348510742e+00
4.302317857742309570e+00
4.321377038955688477e+00
4.365822315216064453e+00
6.388072967529296875e+00
4.965356826782226562e+00
6.888946294784545898e+00
4.957233905792236328e+00
3.325937747955322266e+00
3.994516134262084961e+00
5.052500247955322266e+00
3.745312213897705078e+00
4.014824867248535156e+00
3.692804098129272461e+00
4.022840023040771484e+00
3.186002969741821289e+00
4.137028217315673828e+00
4.047706127166748047e+00
4.396174907684326172e+00
4.022942304611206055e+00
3.969416856765747070e+00
3.827039003372192383e+00
2.442651033401489258e+00
4.482016563415527344e+00
3.527857780456542969e+00
4.260559797286987305e+00
4.454770803451538086e+00
3.776889085769653320e+00
3.580476999282836914e+00
4.442090749740600586e+00
4.483362197875976562e+00
6.010735034942626953e+00
4.494893074035644531e+00
4.243963956832885742e+00
4.497308254241943359e+00
3.986402034759521484e+00
4.519378900527954102e+00
5.044571876525878906e+00
4.078114748001098633e+00
4.097192049026489258e+00
4.366586923599243164e+00
4.298401117324829102e+00
4.200274944305419922e+00
3.846267938613891602e+00
5.844722986221313477e+00
5.201705932617187500e+00
4.317206144332885742e+00
4.342071056365966797e+00
4.437784194946289062e+00
5.110159873962402344e+00
5.213623046875000000e+00
5.161269187927246094e+00
5.234403848648071289e+00
5.247291803359985352e+00
4.081253051757812500e+00
4.401146888732910156e+00
6.497843027114868164e+00
3.261787891387939453e+00
4.876668930053710938e+00
4.894503355026245117e+00
4.941672086715698242e+00
4.986763000488281250e+00
5.197716951370239258e+00
4.207234144210815430e+00
5.270174026489257812e+00
5.239490032196044922e+00
4.800392866134643555e+00
4.707696914672851562e+00
5.582065105438232422e+00
4.816100120544433594e+00
3.279068231582641602e+00
3.563364982604980469e+00
5.385571956634521484e+00
5.387302875518798828e+00
4.771360874176025391e+00
5.120014190673828125e+00
4.714336156845092773e+00
5.675920009613037109e+00
4.187273025512695312e+00
5.414803981781005859e+00
4.639837980270385742e+00
4.710671901702880859e+00
3.197559118270874023e+00
4.709876775741577148e+00
3.747227907180786133e+00
4.492742061614990234e+00
4.064342021942138672e+00
3.121798992156982422e+00
3.541797876358032227e+00
5.138216018676757812e+00
2.839320182800292969e+00
3.434055089950561523e+00
3.944017887115478516e+00
3.496795892715454102e+00
3.780884981155395508e+00
3.850939035415649414e+00
5.324140071868896484e+00
5.143445014953613281e+00
3.546625852584838867e+00
5.356287002563476562e+00
4.270172834396362305e+00
4.236332178115844727e+00
4.188655853271484375e+00
4.189112901687622070e+00
5.205304145812988281e+00
3.947293043136596680e+00
5.523161888122558594e+00
5.101734876632690430e+00
5.575085878372192383e+00
6.472551822662353516e+00
4.626097917556762695e+00
5.667944908142089844e+00
4.426836967468261719e+00
5.098294019699096680e+00
4.976485967636108398e+00
4.656569004058837891e+00
4.807668924331665039e+00
6.256093025207519531e+00
6.745300054550170898e+00
4.895976781845092773e+00
4.928485870361328125e+00
4.409159898757934570e+00
6.816899776458740234e+00
4.932305812835693359e+00
5.567655801773071289e+00
4.842724084854125977e+00
5.181090831756591797e+00
6.513128995895385742e+00
5.290473937988281250e+00
6.946947813034057617e+00
5.651293992996215820e+00
5.623218059539794922e+00
5.143011093139648438e+00
4.246337890625000000e+00
5.081307172775268555e+00
4.443388223648071289e+00
4.861721992492675781e+00
5.537650823593139648e+00
4.840142965316772461e+00
4.665719985961914062e+00
6.249159097671508789e+00
4.757845163345336914e+00
5.212869882583618164e+00
5.054397106170654297e+00
5.483779668807983398e+00
6.848113059997558594e+00
5.250506877899169922e+00
4.555435895919799805e+00
5.927812099456787109e+00
4.278982877731323242e+00
6.198775053024291992e+00
5.105324029922485352e+00
4.704236984252929688e+00
6.103434085845947266e+00
5.809687137603759766e+00
5.503057241439819336e+00
5.417487859725952148e+00
5.414171934127807617e+00
5.774082899093627930e+00
5.912003040313720703e+00
2.964889287948608398e+00
4.639428853988647461e+00
2.803506135940551758e+00
4.985748052597045898e+00
5.750502109527587891e+00
5.329087972640991211e+00
4.398145198822021484e+00
4.002856016159057617e+00
4.905653953552246094e+00
5.196321964263916016e+00
6.264704942703247070e+00
4.630732059478759766e+00
4.369305849075317383e+00
4.681715011596679688e+00
5.784956932067871094e+00
4.502564907073974609e+00
4.956417798995971680e+00
5.056056976318359375e+00
6.007489919662475586e+00
5.185221910476684570e+00
5.159852027893066406e+00
4.328128099441528320e+00
5.344346046447753906e+00
4.417901992797851562e+00
4.304499864578247070e+00
4.722662210464477539e+00
3.256282806396484375e+00
4.056961059570312500e+00
4.775213241577148438e+00
3.730396986007690430e+00
4.454197883605957031e+00
6.967100858688354492e+00
5.996040821075439453e+00
4.852138996124267578e+00
5.284039974212646484e+00
5.656549215316772461e+00
5.029185771942138672e+00
4.790943861007690430e+00
3.980417013168334961e+00
4.352087020874023438e+00
4.967470884323120117e+00
4.773184061050415039e+00
4.374091863632202148e+00
5.565713167190551758e+00
5.389903068542480469e+00
4.230607986450195312e+00
4.390656948089599609e+00
4.953789949417114258e+00
5.926503181457519531e+00
4.475106954574584961e+00
4.390980720520019531e+00
4.335204839706420898e+00
4.805897951126098633e+00
5.164120197296142578e+00
4.818522930145263672e+00
3.323320150375366211e+00
4.972175121307373047e+00
4.832523107528686523e+00
3.675395965576171875e+00
6.202923059463500977e+00
5.109137058258056641e+00
5.123688936233520508e+00
4.186778783798217773e+00
4.786632061004638672e+00
5.312473773956298828e+00
4.571328163146972656e+00
5.438570022583007812e+00
4.131178855895996094e+00
3.952454090118408203e+00
4.157827138900756836e+00
3.597797155380249023e+00
5.500664949417114258e+00
4.186234951019287109e+00
4.555974006652832031e+00
4.202096939086914062e+00
5.744544982910156250e+00
4.310734987258911133e+00
5.138214826583862305e+00
3.841517925262451172e+00
5.097761631011962891e+00
2.905815124511718750e+00
4.127410173416137695e+00
4.483897924423217773e+00
3.166548013687133789e+00
6.137405872344970703e+00
5.213438987731933594e+00
4.235878944396972656e+00
4.693696975708007812e+00
4.528980970382690430e+00
4.020788431167602539e+00
5.281885147094726562e+00
5.164309024810791016e+00
4.618645191192626953e+00
3.921791076660156250e+00
5.229920148849487305e+00
3.985382080078125000e+00
5.030264139175415039e+00
4.620543956756591797e+00
6.117666006088256836e+00
4.944110870361328125e+00
4.658064126968383789e+00
4.848819971084594727e+00
4.570188999176025391e+00
5.451285839080810547e+00
4.669773101806640625e+00
4.986136198043823242e+00
4.939266204833984375e+00
5.593058824539184570e+00
4.798369884490966797e+00
4.741814136505126953e+00
4.033144950866699219e+00
5.698351144790649414e+00
5.027617931365966797e+00
5.046220779418945312e+00
4.833166122436523438e+00
6.305854082107543945e+00
6.442705869674682617e+00
5.152353048324584961e+00
5.722676992416381836e+00
4.914116859436035156e+00
5.205209016799926758e+00
4.923350095748901367e+00
4.100917100906372070e+00
6.396087169647216797e+00
4.851675033569335938e+00
5.017542123794555664e+00
4.162116050720214844e+00
6.121793985366821289e+00
4.684801101684570312e+00
5.924826860427856445e+00
4.711786031723022461e+00
4.238357067108154297e+00
4.494863986968994141e+00
4.544542074203491211e+00
4.467285871505737305e+00
4.841611146926879883e+00
4.166419982910156250e+00
3.295630931854248047e+00
4.458160877227783203e+00
4.912722110748291016e+00
4.663289070129394531e+00
3.730721950531005859e+00
4.689348220825195312e+00
3.279609203338623047e+00
4.593448877334594727e+00
4.632790088653564453e+00
3.590934038162231445e+00
3.153584003448486328e+00
4.739160060882568359e+00
3.601495265960693359e+00
4.969149112701416016e+00
4.971582889556884766e+00
5.513290882110595703e+00
3.434736967086791992e+00
3.257728099822998047e+00
3.395613908767700195e+00
3.778112173080444336e+00
3.839700937271118164e+00
3.703027009963989258e+00
5.249302148818969727e+00
3.442437171936035156e+00
3.868844985961914062e+00
5.984718084335327148e+00
3.908589124679565430e+00
3.572107076644897461e+00
4.941862344741821289e+00
4.227478981018066406e+00
4.254456758499145508e+00
4.292235851287841797e+00
4.206014871597290039e+00
3.923383951187133789e+00
4.140687942504882812e+00
5.383813142776489258e+00
4.146126985549926758e+00
3.136377811431884766e+00
4.012264013290405273e+00
4.385814905166625977e+00
4.138607978820800781e+00
3.823201179504394531e+00
3.730751991271972656e+00
4.523787736892700195e+00
4.606507062911987305e+00
4.139684200286865234e+00
4.388625860214233398e+00
4.073361873626708984e+00
3.524620056152343750e+00
4.056360006332397461e+00
4.361060857772827148e+00
4.539332151412963867e+00
4.038116693496704102e+00
4.383688926696777344e+00
4.134441137313842773e+00
4.872422695159912109e+00
3.611302137374877930e+00
4.552693843841552734e+00
4.136348962783813477e+00
4.109633922576904297e+00
4.429172039031982422e+00
3.332584142684936523e+00
4.557800054550170898e+00
4.298699855804443359e+00
4.640607118606567383e+00
4.355394840240478516e+00
4.623410940170288086e+00
3.867772102355957031e+00
5.047653913497924805e+00
3.435429096221923828e+00
4.570619344711303711e+00
4.048043966293334961e+00
4.289736986160278320e+00
5.021747827529907227e+00
4.573950052261352539e+00
4.832925081253051758e+00
4.382136106491088867e+00
4.931555986404418945e+00
4.387662172317504883e+00
4.356019020080566406e+00
4.677779197692871094e+00
4.735926151275634766e+00
4.516034126281738281e+00
4.641823053359985352e+00
4.574543952941894531e+00
4.453613042831420898e+00
4.240118026733398438e+00
4.711021900177001953e+00
4.739580869674682617e+00
4.646579027175903320e+00
4.796323060989379883e+00
4.287002801895141602e+00
4.650562047958374023e+00
4.423248767852783203e+00
4.587169885635375977e+00
5.247413635253906250e+00
3.984732866287231445e+00
4.599730014801025391e+00
4.473815202713012695e+00
5.151061058044433594e+00
5.472969055175781250e+00
3.921114206314086914e+00
4.890722036361694336e+00
5.438651084899902344e+00
3.218234777450561523e+00
4.365540981292724609e+00
4.982223987579345703e+00
3.752023696899414062e+00
5.065835952758789062e+00
3.837534904479980469e+00
5.560029029846191406e+00
4.766809940338134766e+00
3.364038944244384766e+00
5.312659025192260742e+00
5.267294883728027344e+00
5.031715154647827148e+00
3.347146987915039062e+00
5.605044364929199219e+00
4.312047958374023438e+00
5.527234077453613281e+00
5.412387132644653320e+00
5.189066171646118164e+00
3.905915975570678711e+00
5.103188991546630859e+00
5.291483163833618164e+00
5.173182964324951172e+00
4.217592000961303711e+00
3.509730100631713867e+00
4.863999843597412109e+00
4.489508152008056641e+00
2.953850030899047852e+00
2.799415111541748047e+00
4.183937072753906250e+00
4.403599977493286133e+00
4.273937225341796875e+00
4.138796091079711914e+00
5.620398998260498047e+00
3.360406875610351562e+00
5.649243831634521484e+00
3.857557058334350586e+00
5.086596965789794922e+00
4.294602870941162109e+00
3.709888935089111328e+00
4.001372814178466797e+00
4.354994773864746094e+00
4.398357868194580078e+00
3.475428819656372070e+00
3.889779806137084961e+00
4.621629953384399414e+00
4.479296922683715820e+00
3.703443050384521484e+00
5.915972232818603516e+00
4.187493801116943359e+00
5.145233154296875000e+00
3.964715003967285156e+00
6.414981126785278320e+00
4.354530096054077148e+00
5.330437183380126953e+00
5.769279003143310547e+00
4.470816850662231445e+00
5.602461099624633789e+00
5.520974874496459961e+00
4.907849073410034180e+00
3.803523778915405273e+00
6.363356113433837891e+00
6.593829870223999023e+00
5.404530048370361328e+00
4.619899034500122070e+00
6.278339862823486328e+00
4.820590972900390625e+00
4.118520975112915039e+00
4.616634845733642578e+00
4.410308837890625000e+00
6.444175958633422852e+00
5.104197740554809570e+00
4.709745168685913086e+00
3.514926671981811523e+00
5.841338157653808594e+00
6.057241916656494141e+00
4.016820907592773438e+00
5.432724952697753906e+00
5.145879983901977539e+00
4.510756015777587891e+00
6.259688854217529297e+00
5.659597158432006836e+00
4.195026874542236328e+00
7.152783870697021484e+00
7.287904024124145508e+00
4.308736085891723633e+00
5.888298034667968750e+00
3.442224025726318359e+00
6.361346960067749023e+00
6.503488063812255859e+00
6.291946887969970703e+00
6.465634107589721680e+00
7.207794189453125000e+00
3.154854297637939453e+00
3.441978931427001953e+00
4.846410036087036133e+00
5.864136219024658203e+00
6.331454038619995117e+00
6.123256683349609375e+00
6.823007106781005859e+00
6.451349020004272461e+00
6.712529182434082031e+00
4.098285198211669922e+00
5.473191976547241211e+00
6.348789215087890625e+00
6.032728195190429688e+00
7.438540935516357422e+00
6.661602735519409180e+00
6.348362922668457031e+00
4.849828243255615234e+00
6.543468952178955078e+00
7.300645112991333008e+00
5.197754144668579102e+00
6.518779039382934570e+00
3.775741100311279297e+00
6.280053853988647461e+00
5.607825994491577148e+00
7.668915987014770508e+00
6.165694952011108398e+00
5.928457975387573242e+00
7.075215816497802734e+00
4.298908233642578125e+00
6.093852043151855469e+00
5.834481000900268555e+00
7.252778053283691406e+00
4.744687080383300781e+00
3.862165927886962891e+00
6.001245021820068359e+00
4.861079931259155273e+00
5.087316036224365234e+00
6.239122152328491211e+00
7.912098169326782227e+00
4.567933082580566406e+00
4.718377113342285156e+00
6.814954996109008789e+00
4.908830881118774414e+00
6.364060163497924805e+00
4.070903062820434570e+00
5.898041009902954102e+00
6.440837144851684570e+00
3.699376106262207031e+00
4.251876115798950195e+00
6.211739778518676758e+00
4.964330196380615234e+00
4.137384891510009766e+00
4.866896152496337891e+00
3.834329843521118164e+00
5.091979026794433594e+00
4.450275897979736328e+00
3.169187068939208984e+00
7.886629104614257812e+00
2.899327993392944336e+00
3.518130302429199219e+00
5.223208904266357422e+00
4.781716823577880859e+00
4.915985107421875000e+00
4.888994932174682617e+00
3.806657791137695312e+00
2.984285831451416016e+00
5.053640127182006836e+00
4.207397222518920898e+00
4.498279809951782227e+00
5.466025114059448242e+00
3.856172084808349609e+00
5.480817079544067383e+00
4.547519922256469727e+00
4.625612735748291016e+00
4.684718132019042969e+00
3.996187210083007812e+00
4.622672319412231445e+00
5.294452905654907227e+00
4.126503944396972656e+00
4.795299768447875977e+00
6.334563016891479492e+00
4.750391244888305664e+00
4.062011718750000000e+00
4.697048187255859375e+00
3.869931221008300781e+00
3.197233200073242188e+00
4.514667987823486328e+00
5.153003931045532227e+00
4.931755065917968750e+00
5.044471025466918945e+00
3.881112813949584961e+00
4.898390769958496094e+00
5.928307771682739258e+00
5.395369768142700195e+00
5.580188989639282227e+00
3.155986070632934570e+00
5.278725147247314453e+00
4.474020004272460938e+00
4.597140073776245117e+00
3.808348178863525391e+00
4.972746133804321289e+00
5.637371063232421875e+00
6.197247982025146484e+00
5.382629156112670898e+00
7.536060094833374023e+00
4.258224248886108398e+00
6.640505790710449219e+00
6.350122213363647461e+00
5.393169879913330078e+00
6.022251129150390625e+00
3.700495958328247070e+00
4.182930946350097656e+00
5.157690048217773438e+00
6.351268053054809570e+00
3.886435985565185547e+00
4.738425970077514648e+00
4.233388900756835938e+00
5.427173852920532227e+00
5.076339006423950195e+00
5.621306896209716797e+00
2.969242095947265625e+00
8.761717796325683594e+00
5.426896810531616211e+00
2.977788209915161133e+00
3.779293060302734375e+00
3.750270843505859375e+00
5.410138130187988281e+00
4.526511192321777344e+00
3.375219821929931641e+00
4.780754089355468750e+00
6.977572917938232422e+00
5.653686046600341797e+00
6.126417875289916992e+00
7.647438764572143555e+00
6.124204874038696289e+00
4.579762935638427734e+00
4.792165040969848633e+00
4.139748096466064453e+00
4.095044136047363281e+00
4.243273973464965820e+00
5.240849256515502930e+00
4.801285266876220703e+00
6.430644989013671875e+00
5.503587245941162109e+00
3.920028209686279297e+00
5.659083843231201172e+00
5.708487987518310547e+00
4.302848100662231445e+00
4.596663951873779297e+00
5.077588081359863281e+00
6.204185962677001953e+00
7.085966825485229492e+00
5.850851774215698242e+00
5.295102119445800781e+00
4.482995986938476562e+00
4.607941150665283203e+00
5.072965145111083984e+00
4.805608034133911133e+00
6.653846025466918945e+00
4.528127908706665039e+00
5.316693067550659180e+00
5.944053888320922852e+00
7.591526031494140625e+00
5.134864091873168945e+00
5.390772819519042969e+00
7.924317121505737305e+00
7.133594989776611328e+00
4.750067949295043945e+00
5.600742340087890625e+00
7.104128837585449219e+00
5.141795873641967773e+00
5.643755197525024414e+00
6.234143018722534180e+00
8.423109292984008789e+00
7.714610815048217773e+00
7.081634044647216797e+00
8.697322130203247070e+00
6.374723196029663086e+00
5.448971033096313477e+00
7.566958189010620117e+00
7.285015821456909180e+00
3.692863225936889648e+00
3.520743131637573242e+00
7.900959968566894531e+00
5.738512039184570312e+00
6.403511047363281250e+00
5.782654047012329102e+00
7.604404926300048828e+00
4.911391019821166992e+00
7.341587781906127930e+00
4.324707984924316406e+00
3.782709836959838867e+00
7.860039234161376953e+00
7.292032003402709961e+00
5.069329977035522461e+00
4.073015213012695312e+00
4.712167739868164062e+00
5.153329849243164062e+00
5.621344089508056641e+00
4.207369089126586914e+00
5.674327135086059570e+00
4.106549024581909180e+00
4.960420131683349609e+00
4.057200193405151367e+00
5.724741697311401367e+00
4.220618963241577148e+00
6.015605211257934570e+00
4.046720981597900391e+00
4.680952072143554688e+00
4.795454978942871094e+00
4.298602819442749023e+00
5.788272857666015625e+00
5.363826036453247070e+00
5.432873010635375977e+00
5.715482711791992188e+00
5.736385107040405273e+00
5.190027952194213867e+00
5.518442869186401367e+00
5.000612020492553711e+00
4.768531799316406250e+00
4.841848611831665039e+00
5.242213010787963867e+00
4.964173793792724609e+00
5.520116090774536133e+00
5.060340881347656250e+00
5.690663099288940430e+00
5.598858833312988281e+00
4.957968950271606445e+00
5.592154979705810547e+00
5.584435224533081055e+00
4.607712984085083008e+00
5.302156209945678711e+00
5.585696935653686523e+00
5.689332962036132812e+00
5.895969867706298828e+00
5.161542892456054688e+00
4.988236188888549805e+00
4.913401842117309570e+00
5.695886850357055664e+00
5.709849119186401367e+00
5.550448894500732422e+00
5.795407295227050781e+00
5.399890184402465820e+00
5.799281358718872070e+00
5.416992187500000000e+00
5.838575124740600586e+00
6.202543020248413086e+00
4.666874885559082031e+00
5.415736913681030273e+00
6.299628973007202148e+00
5.166358947753906250e+00
4.502537965774536133e+00
5.698232173919677734e+00
7.050154924392700195e+00
4.783776044845581055e+00
5.920651912689208984e+00
5.803143978118896484e+00
5.973367929458618164e+00
5.776405096054077148e+00
5.108558893203735352e+00
5.684162139892578125e+00
5.831308126449584961e+00
6.204155921936035156e+00
6.563676118850708008e+00
6.192782878875732422e+00
4.870097875595092773e+00
5.857812881469726562e+00
4.456645011901855469e+00
5.245247840881347656e+00
6.367195129394531250e+00
5.676154136657714844e+00
5.258046865463256836e+00
5.523791790008544922e+00
4.399116039276123047e+00
6.308106899261474609e+00
4.252834796905517578e+00
4.543623924255371094e+00
5.969744920730590820e+00
4.848742246627807617e+00
5.306203842163085938e+00
4.660226106643676758e+00
5.210223913192749023e+00
6.625922918319702148e+00
3.818755149841308594e+00
4.936091899871826172e+00
5.204944849014282227e+00
4.846754074096679688e+00
3.807536125183105469e+00
4.993138074874877930e+00
5.311285972595214844e+00
4.992914199829101562e+00
4.860882043838500977e+00
5.274775981903076172e+00
4.831375122070312500e+00
3.902915716171264648e+00
3.884352922439575195e+00
5.183936119079589844e+00
6.965080022811889648e+00
4.012561082839965820e+00
4.597165822982788086e+00
4.095808029174804688e+00
3.768882989883422852e+00
5.254179716110229492e+00
4.044114112854003906e+00
6.572036981582641602e+00
7.676569938659667969e+00
4.970475196838378906e+00
2.577013015747070312e+00
5.349600076675415039e+00
3.587857007980346680e+00
5.605539083480834961e+00
4.048202037811279297e+00
5.432379961013793945e+00
5.419391870498657227e+00
5.392926931381225586e+00
4.116909027099609375e+00
5.673556804656982422e+00
3.701008319854736328e+00
5.823549747467041016e+00
5.768174171447753906e+00
4.013890027999877930e+00
5.722321271896362305e+00
4.402544736862182617e+00
4.315933942794799805e+00
4.399415016174316406e+00
3.915918111801147461e+00
4.542471885681152344e+00
4.326042175292968750e+00
6.681185960769653320e+00
4.566537857055664062e+00
4.534684896469116211e+00
4.145493030548095703e+00
7.250221014022827148e+00
4.983707904815673828e+00
5.035334110260009766e+00
3.353320837020874023e+00
6.551696300506591797e+00
5.131420135498046875e+00
4.977226972579956055e+00
4.688312053680419922e+00
5.249507904052734375e+00
4.841744184494018555e+00
4.931174278259277344e+00
4.571033000946044922e+00
3.672690153121948242e+00
7.005550861358642578e+00
4.528980016708374023e+00
5.098328113555908203e+00
5.061336040496826172e+00
4.126986980438232422e+00
4.784567117691040039e+00
5.644216775894165039e+00
5.051737070083618164e+00
5.232065916061401367e+00
5.632180929183959961e+00
3.427105903625488281e+00
3.926757097244262695e+00
3.980376243591308594e+00
8.191380262374877930e+00
3.306049108505249023e+00
5.813809156417846680e+00
5.579661846160888672e+00
4.315924167633056641e+00
6.052958250045776367e+00
5.957743167877197266e+00
4.380991935729980469e+00
4.603613138198852539e+00
4.818815231323242188e+00
3.935379981994628906e+00
4.894135713577270508e+00
4.625903844833374023e+00
4.749675035476684570e+00
4.313117027282714844e+00
4.398912906646728516e+00
4.672333955764770508e+00
4.499840974807739258e+00
3.893885850906372070e+00
4.789388179779052734e+00
4.815384149551391602e+00
4.503051042556762695e+00
4.734583854675292969e+00
4.115967035293579102e+00
4.699899911880493164e+00
4.182693004608154297e+00
4.385721206665039062e+00
4.755671977996826172e+00
4.364666938781738281e+00
4.859186887741088867e+00
4.229403972625732422e+00
4.780255079269409180e+00
5.213618040084838867e+00
5.407824993133544922e+00
5.446918010711669922e+00
4.521861314773559570e+00
4.560742139816284180e+00
4.988350868225097656e+00
4.676559686660766602e+00
4.610416889190673828e+00
5.245774030685424805e+00
4.503561973571777344e+00
5.123142957687377930e+00
5.119200944900512695e+00
4.631622076034545898e+00
5.101064920425415039e+00
5.906462907791137695e+00
4.260272979736328125e+00
4.640648126602172852e+00
4.048103094100952148e+00
5.254274845123291016e+00
5.243760824203491211e+00
4.841555118560791016e+00
4.831411123275756836e+00
4.314426183700561523e+00
4.343486070632934570e+00
5.889891862869262695e+00
4.934424161911010742e+00
4.888175249099731445e+00
4.130983829498291016e+00
5.579632282257080078e+00
4.545356988906860352e+00
4.908253908157348633e+00
5.924436807632446289e+00
5.591286897659301758e+00
5.370241165161132812e+00
5.982872009277343750e+00
5.759802103042602539e+00
4.749186992645263672e+00
4.705849885940551758e+00
5.045916795730590820e+00
4.831393957138061523e+00
4.912742853164672852e+00
6.771203756332397461e+00
5.752703905105590820e+00
4.984639883041381836e+00
6.052324056625366211e+00
6.098139286041259766e+00
3.958919763565063477e+00
4.881449937820434570e+00
6.097496271133422852e+00
4.252482175827026367e+00
4.345140933990478516e+00
4.599703073501586914e+00
4.036727666854858398e+00
5.138539075851440430e+00
4.921231985092163086e+00
5.452300071716308594e+00
4.817620992660522461e+00
4.702277183532714844e+00
6.069417953491210938e+00
4.653403997421264648e+00
5.426784038543701172e+00
5.411345005035400391e+00
4.461255788803100586e+00
5.378626108169555664e+00
5.822063922882080078e+00
5.231126070022583008e+00
4.684547901153564453e+00
4.540143013000488281e+00
5.994742870330810547e+00
4.494575023651123047e+00
5.416491985321044922e+00
5.278745651245117188e+00
4.086075305938720703e+00
4.055269002914428711e+00
4.327504158020019531e+00
4.972064018249511719e+00
4.226481914520263672e+00
5.730227231979370117e+00
4.816615104675292969e+00
5.617581129074096680e+00
4.807334899902343750e+00
4.870163202285766602e+00
5.777894973754882812e+00
5.784656763076782227e+00
6.321251153945922852e+00
6.697123765945434570e+00
4.458137989044189453e+00
5.200180053710937500e+00
4.864551067352294922e+00
6.439013004302978516e+00
5.046096086502075195e+00
5.514529943466186523e+00
5.975383996963500977e+00
5.386430263519287109e+00
4.910947084426879883e+00
6.659012794494628906e+00
5.324561119079589844e+00
3.203268051147460938e+00
5.380472898483276367e+00
5.387751817703247070e+00
5.344289064407348633e+00
5.863212823867797852e+00
4.569341897964477539e+00
3.731306076049804688e+00
5.613770008087158203e+00
6.137050867080688477e+00
5.971694946289062500e+00
5.450269937515258789e+00
5.336118936538696289e+00
5.368743896484375000e+00
4.788910150527954102e+00
5.767052888870239258e+00
3.959100246429443359e+00
3.682627201080322266e+00
3.990272998809814453e+00
5.859227180480957031e+00
6.777447938919067383e+00
5.693943023681640625e+00
5.482803106307983398e+00
5.708509922027587891e+00
6.746125698089599609e+00
5.788437128067016602e+00
5.709426879882812500e+00
2.855809211730957031e+00
5.651214122772216797e+00
6.169623851776123047e+00
5.821987867355346680e+00
5.119701862335205078e+00
4.711410999298095703e+00
5.458761930465698242e+00
5.587497949600219727e+00
5.470165014266967773e+00
6.948670864105224609e+00
5.889698743820190430e+00
5.496196031570434570e+00
4.516572952270507812e+00
5.992176055908203125e+00
6.787151098251342773e+00
3.960787057876586914e+00
4.680168151855468750e+00
5.619670152664184570e+00
6.157822847366333008e+00
5.585307836532592773e+00
4.689595222473144531e+00
5.423340797424316406e+00
6.535547018051147461e+00
6.095321893692016602e+00
5.433358907699584961e+00
4.642920255661010742e+00
6.173400163650512695e+00
5.559793949127197266e+00
4.789937973022460938e+00
7.394701957702636719e+00
7.282137870788574219e+00
4.442826032638549805e+00
4.802440881729125977e+00
5.400115966796875000e+00
7.116030931472778320e+00
4.600450992584228516e+00
3.018353223800659180e+00
6.655956029891967773e+00
4.258294105529785156e+00
7.604005098342895508e+00
5.488824129104614258e+00
4.465504884719848633e+00
2.874679088592529297e+00
4.184387683868408203e+00
4.283998966217041016e+00
6.516801118850708008e+00
4.551889896392822266e+00
6.009296178817749023e+00
4.601901054382324219e+00
7.304753780364990234e+00
4.649911880493164062e+00
7.759535074234008789e+00
3.035083055496215820e+00
4.146345138549804688e+00
3.775923967361450195e+00
5.847503900527954102e+00
3.071759223937988281e+00
5.748414993286132812e+00
6.088014841079711914e+00
3.879987955093383789e+00
6.756817102432250977e+00
5.098306894302368164e+00
4.642333030700683594e+00
6.416122913360595703e+00
6.436980962753295898e+00
4.968777894973754883e+00
3.706365823745727539e+00
4.406646013259887695e+00
3.418631076812744141e+00
5.184225797653198242e+00
5.218400955200195312e+00
5.851287841796875000e+00
4.495271921157836914e+00
3.766659021377563477e+00
7.168557643890380859e+00
3.535250902175903320e+00
4.830524921417236328e+00
4.600957870483398438e+00
7.302856922149658203e+00
4.515823841094970703e+00
4.947854757308959961e+00
3.373508214950561523e+00
5.998686075210571289e+00
4.403351068496704102e+00
4.102737188339233398e+00
3.339890241622924805e+00
3.746414899826049805e+00
4.103158950805664062e+00
5.279875040054321289e+00
3.888208866119384766e+00
5.024816274642944336e+00
4.541872024536132812e+00
7.365108966827392578e+00
4.304761171340942383e+00
3.775262117385864258e+00
4.794729948043823242e+00
4.918646097183227539e+00
6.875976085662841797e+00
4.629405975341796875e+00
4.782809972763061523e+00
4.845213890075683594e+00
4.047829151153564453e+00
3.744790077209472656e+00
4.844903230667114258e+00
4.771163940429687500e+00
3.948886871337890625e+00
5.360904932022094727e+00
5.686464071273803711e+00
4.323467969894409180e+00
3.971193075180053711e+00
4.269186258316040039e+00
6.963265180587768555e+00
7.957689046859741211e+00
3.371201038360595703e+00
4.987936019897460938e+00
5.128449678421020508e+00
4.143587827682495117e+00
4.068480968475341797e+00
4.579106807708740234e+00
3.208003044128417969e+00
4.690417051315307617e+00
4.136118888854980469e+00
4.344096899032592773e+00
4.356184244155883789e+00
3.709727048873901367e+00
5.327931880950927734e+00
4.187451124191284180e+00
4.334316015243530273e+00
4.638668060302734375e+00
4.817759990692138672e+00
4.224401950836181641e+00
4.242019176483154297e+00
4.242634057998657227e+00
4.537742137908935547e+00
6.883023977279663086e+00
4.633014917373657227e+00
4.053013086318969727e+00
4.969947099685668945e+00
4.145273208618164062e+00
4.117539882659912109e+00
4.007071971893310547e+00
4.042988061904907227e+00
5.197286128997802734e+00
4.772859811782836914e+00
5.402244806289672852e+00
4.288754940032958984e+00
4.805060148239135742e+00
5.123403072357177734e+00
5.136669874191284180e+00
5.403796911239624023e+00
5.310854911804199219e+00
4.131109952926635742e+00
5.210665941238403320e+00
4.677555084228515625e+00
6.581794261932373047e+00
5.267676830291748047e+00
5.356114864349365234e+00
5.050665855407714844e+00
4.364453315734863281e+00
4.396435260772705078e+00
4.330406904220581055e+00
5.976521968841552734e+00
5.037347078323364258e+00
5.846359968185424805e+00
4.676484823226928711e+00
4.038026094436645508e+00
5.814986944198608398e+00
4.785075187683105469e+00
4.821957111358642578e+00
5.341602087020874023e+00
3.884891986846923828e+00
3.695116996765136719e+00
4.726125717163085938e+00
5.314906835556030273e+00
4.588411808013916016e+00
6.439086198806762695e+00
4.977740049362182617e+00
4.864447832107543945e+00
4.005568981170654297e+00
4.218142986297607422e+00
5.092651128768920898e+00
5.682133913040161133e+00
4.402653217315673828e+00
5.122599124908447266e+00
5.062108755111694336e+00
5.070466756820678711e+00
4.601877927780151367e+00
5.111565828323364258e+00
4.579382181167602539e+00
4.944455862045288086e+00
5.545113086700439453e+00
4.282845258712768555e+00
5.543853044509887695e+00
4.679445028305053711e+00
6.536409854888916016e+00
5.405175924301147461e+00
6.398215055465698242e+00
5.224086999893188477e+00
4.184859275817871094e+00
4.614917039871215820e+00
6.531418800354003906e+00
5.622868061065673828e+00
5.692400693893432617e+00
4.032885074615478516e+00
5.824774980545043945e+00
4.265255928039550781e+00
4.899121761322021484e+00
4.450290918350219727e+00
5.862215042114257812e+00
5.540393829345703125e+00
4.828586101531982422e+00
4.362282037734985352e+00
3.813689947128295898e+00
5.686626911163330078e+00
6.723936080932617188e+00
5.856977939605712891e+00
4.901021242141723633e+00
6.090260982513427734e+00
4.907114982604980469e+00
4.576383829116821289e+00
4.560420989990234375e+00
4.160337924957275391e+00
5.791898965835571289e+00
4.333461046218872070e+00
5.034970045089721680e+00
4.599050998687744141e+00
3.498787879943847656e+00
4.512295961380004883e+00
4.870398044586181641e+00
4.760020971298217773e+00
5.082347869873046875e+00
4.673915863037109375e+00
5.169248104095458984e+00
4.539047956466674805e+00
4.726744890213012695e+00
4.760326862335205078e+00
6.072363138198852539e+00
4.625062227249145508e+00
5.247027873992919922e+00
4.922399997711181641e+00
5.478107929229736328e+00
5.051212072372436523e+00
4.916435956954956055e+00
6.113192796707153320e+00
5.798678874969482422e+00
6.470690011978149414e+00
4.846817970275878906e+00
5.363347053527832031e+00
5.805717945098876953e+00
5.181909084320068359e+00
4.615638017654418945e+00
5.185258865356445312e+00
3.864156961441040039e+00
4.527700901031494141e+00
5.871314048767089844e+00
3.980357170104980469e+00
5.047318935394287109e+00
3.448937177658081055e+00
4.012903928756713867e+00
3.747167825698852539e+00
4.203475952148437500e+00
4.024991989135742188e+00
3.704713344573974609e+00
3.740369081497192383e+00
4.245339870452880859e+00
4.374718904495239258e+00
5.678364038467407227e+00
5.351987838745117188e+00
4.390514135360717773e+00
3.343368053436279297e+00
5.198660135269165039e+00
4.372107028961181641e+00
5.511656045913696289e+00
7.052443265914916992e+00
5.462961196899414062e+00
4.332556009292602539e+00
5.246742010116577148e+00
4.655500888824462891e+00
4.648082971572875977e+00
4.270578861236572266e+00
5.401388883590698242e+00
6.042153835296630859e+00
4.219352960586547852e+00
5.753113031387329102e+00
4.362990856170654297e+00
5.561649084091186523e+00
4.207333087921142578e+00
7.148691892623901367e+00
4.774747848510742188e+00
4.790700674057006836e+00
3.859121799468994141e+00
4.487521171569824219e+00
4.502324104309082031e+00
4.722028255462646484e+00
5.413746833801269531e+00
6.515568017959594727e+00
4.327653884887695312e+00
5.362343072891235352e+00
4.831764936447143555e+00
2.969353914260864258e+00
4.039961099624633789e+00
4.582409143447875977e+00
5.633100032806396484e+00
4.554122209548950195e+00
5.624084949493408203e+00
5.455279827117919922e+00
6.436300039291381836e+00
5.929057121276855469e+00
4.773790836334228516e+00
6.349973917007446289e+00
5.964755773544311523e+00
4.919277906417846680e+00
4.731995820999145508e+00
4.832520961761474609e+00
3.387361049652099609e+00
4.583832979202270508e+00
4.111195802688598633e+00
5.813543796539306641e+00
4.233620882034301758e+00
4.160338163375854492e+00
4.509648084640502930e+00
6.715558052062988281e+00
4.524425983428955078e+00
4.861886978149414062e+00
4.436887025833129883e+00
4.542301893234252930e+00
5.456917047500610352e+00
3.881089925765991211e+00
4.924049854278564453e+00
4.500435829162597656e+00
4.949976682662963867e+00
4.826699018478393555e+00
5.464750766754150391e+00
4.884758949279785156e+00
6.703545093536376953e+00
4.192100286483764648e+00
5.747073650360107422e+00
4.233950138092041016e+00
5.573009252548217773e+00
4.797726869583129883e+00
6.675982952117919922e+00
5.236854076385498047e+00
5.233087062835693359e+00
5.773463010787963867e+00
6.006957769393920898e+00
4.333452939987182617e+00
4.261427879333496094e+00
5.429894208908081055e+00
6.096398115158081055e+00
4.619514942169189453e+00
3.506097078323364258e+00
3.493552207946777344e+00
6.161180973052978516e+00
4.386343002319335938e+00
6.085112094879150391e+00
4.082150936126708984e+00
6.866876840591430664e+00
7.460796356201171875e+00
3.997256755828857422e+00
4.363729953765869141e+00
4.337690114974975586e+00
3.969637870788574219e+00
6.069031953811645508e+00
5.780932188034057617e+00
4.522566318511962891e+00
6.180130958557128906e+00
6.068697929382324219e+00
4.888295888900756836e+00
3.960343837738037109e+00
5.832438945770263672e+00
3.469867229461669922e+00
5.252870798110961914e+00
6.323222160339355469e+00
4.727582931518554688e+00
3.933868885040283203e+00
3.644038915634155273e+00
4.345504045486450195e+00
6.454718112945556641e+00
6.301008939743041992e+00
6.188520908355712891e+00
4.848946094512939453e+00
4.677872180938720703e+00
4.926459789276123047e+00
4.279273986816406250e+00
4.307640075683593750e+00
4.209442138671875000e+00
4.375604152679443359e+00
4.632542133331298828e+00
4.595661640167236328e+00
5.167759180068969727e+00
4.220284938812255859e+00
3.887483119964599609e+00
6.050042867660522461e+00
3.748331069946289062e+00
4.556116104125976562e+00
8.332149028778076172e+00
6.243860006332397461e+00
4.996294260025024414e+00
5.630259990692138672e+00
4.642573118209838867e+00
5.975986957550048828e+00
4.579629898071289062e+00
4.246236085891723633e+00
3.142545938491821289e+00
4.007380247116088867e+00
4.532252788543701172e+00
4.087233066558837891e+00
4.608891963958740234e+00
4.177235126495361328e+00
4.228190183639526367e+00
4.335597753524780273e+00
4.244318962097167969e+00
4.175699949264526367e+00
4.782526969909667969e+00
6.670367956161499023e+00
4.720556974411010742e+00
2.639307975769042969e+00
3.412584066390991211e+00
5.908389091491699219e+00
5.104850053787231445e+00
5.306317090988159180e+00
4.310444116592407227e+00
4.172407150268554688e+00
5.294098854064941406e+00
3.915531873703002930e+00
6.124275922775268555e+00
6.071652173995971680e+00
6.123437881469726562e+00
4.728463172912597656e+00
4.332897901535034180e+00
4.125806093215942383e+00
3.795248270034790039e+00
4.761068820953369141e+00
4.818083286285400391e+00
4.244284152984619141e+00
4.812181949615478516e+00
3.900923967361450195e+00
4.726205110549926758e+00
5.386360883712768555e+00
5.139338970184326172e+00
5.051824092864990234e+00
4.460874080657958984e+00
5.110285043716430664e+00
4.405164957046508789e+00
4.862034082412719727e+00
5.069059848785400391e+00
4.129958152770996094e+00
4.574445724487304688e+00
4.243120193481445312e+00
4.872658967971801758e+00
5.150503873825073242e+00
4.369923114776611328e+00
5.537971019744873047e+00
4.879932880401611328e+00
4.382059097290039062e+00
5.031615018844604492e+00
4.971258163452148438e+00
4.433243989944458008e+00
4.454668760299682617e+00
4.523720264434814453e+00
5.077000856399536133e+00
5.054680824279785156e+00
4.410358905792236328e+00
5.282104015350341797e+00
4.272052049636840820e+00
4.169192790985107422e+00
4.637187004089355469e+00
5.262205839157104492e+00
4.096917867660522461e+00
3.869565248489379883e+00
5.187531948089599609e+00
4.272247076034545898e+00
4.456104993820190430e+00
4.955040693283081055e+00
3.870320081710815430e+00
4.528782129287719727e+00
4.452155113220214844e+00
4.206606149673461914e+00
5.590905666351318359e+00
5.101015090942382812e+00
3.487842798233032227e+00
4.429395198822021484e+00
4.661576986312866211e+00
4.680032968521118164e+00
4.537123203277587891e+00
4.728353977203369141e+00
4.476200819015502930e+00
4.554374933242797852e+00
3.024693965911865234e+00
4.327233076095581055e+00
8.810991048812866211e+00
4.543056726455688477e+00
4.662995815277099609e+00
5.277954816818237305e+00
3.789170980453491211e+00
5.735406875610351562e+00
4.981960058212280273e+00
4.714242696762084961e+00
4.635531902313232422e+00
4.649091243743896484e+00
4.424720048904418945e+00
3.772902965545654297e+00
5.266154050827026367e+00
4.677079200744628906e+00
4.484706163406372070e+00
6.346034288406372070e+00
5.340230941772460938e+00
5.477308034896850586e+00
6.330265045166015625e+00
5.270442008972167969e+00
5.325436115264892578e+00
5.524034976959228516e+00
5.513226985931396484e+00
7.127835988998413086e+00
5.574450016021728516e+00
5.644397735595703125e+00
3.973334789276123047e+00
3.261633872985839844e+00
3.860294818878173828e+00
6.104718685150146484e+00
3.886001825332641602e+00
5.845437049865722656e+00
4.470552921295166016e+00
4.828492641448974609e+00
5.955338954925537109e+00
4.094208002090454102e+00
3.427334070205688477e+00
6.995234727859497070e+00
5.837327003479003906e+00
4.139669179916381836e+00
5.967886209487915039e+00
4.346188783645629883e+00
4.300130128860473633e+00
5.998099327087402344e+00
6.161313056945800781e+00
5.991802930831909180e+00
5.071472167968750000e+00
6.749741077423095703e+00
4.351490259170532227e+00
6.227164030075073242e+00
6.289842844009399414e+00
6.008699893951416016e+00
4.294409990310668945e+00
6.103466749191284180e+00
4.520206928253173828e+00
4.893565893173217773e+00
5.909184932708740234e+00
6.022665023803710938e+00
6.820553064346313477e+00
3.738032817840576172e+00
4.279546976089477539e+00
5.320334196090698242e+00
7.718803882598876953e+00
5.364198207855224609e+00
6.611013174057006836e+00
4.734753131866455078e+00
4.613275289535522461e+00
4.486043930053710938e+00
6.458125114440917969e+00
4.141703128814697266e+00
7.699088811874389648e+00
6.753452062606811523e+00
4.727356910705566406e+00
4.461408138275146484e+00
3.802572965621948242e+00
4.828060150146484375e+00
4.835647821426391602e+00
5.249658107757568359e+00
6.738928079605102539e+00
6.557080984115600586e+00
4.714916944503784180e+00
6.848827838897705078e+00
6.628003120422363281e+00
4.468275070190429688e+00
5.031774044036865234e+00
6.674738883972167969e+00
4.392649888992309570e+00
5.013853073120117188e+00
4.885924100875854492e+00
4.061519861221313477e+00
5.523417711257934570e+00
5.172925233840942383e+00
5.463055849075317383e+00
7.116358995437622070e+00
5.110779762268066406e+00
5.578088998794555664e+00
5.689506053924560547e+00
6.571210145950317383e+00
5.635195970535278320e+00
5.140995979309082031e+00
5.481465101242065430e+00
5.303451299667358398e+00
7.359866857528686523e+00
6.015768766403198242e+00
5.262503862380981445e+00
5.103422880172729492e+00
4.255824804306030273e+00
4.430052042007446289e+00
4.953248023986816406e+00
5.464625835418701172e+00
5.512147903442382812e+00
6.131873130798339844e+00
5.395851135253906250e+00
5.267749071121215820e+00
6.858249902725219727e+00
5.864081859588623047e+00
5.586130142211914062e+00
4.548129081726074219e+00
7.298769950866699219e+00
4.425379037857055664e+00
7.395826339721679688e+00
6.514771938323974609e+00
5.219302177429199219e+00
4.812370777130126953e+00
7.511309146881103516e+00
6.577348232269287109e+00
5.048429012298583984e+00
5.416671991348266602e+00
6.320544958114624023e+00
7.857778787612915039e+00
6.089796066284179688e+00
5.039088964462280273e+00
5.742492198944091797e+00
4.104735136032104492e+00
6.845621109008789062e+00
4.176840305328369141e+00
5.457533121109008789e+00
5.448481798171997070e+00
4.935803174972534180e+00
6.613020181655883789e+00
6.867253303527832031e+00
5.321449041366577148e+00
7.372608661651611328e+00
5.966027975082397461e+00
4.414981126785278320e+00
4.870645046234130859e+00
8.023846149444580078e+00
4.426394939422607422e+00
8.023092985153198242e+00
5.539135932922363281e+00
5.300353050231933594e+00
6.167519092559814453e+00
5.344647169113159180e+00
5.254957199096679688e+00
4.368992090225219727e+00
3.337588787078857422e+00
6.770499229431152344e+00
5.496079683303833008e+00
3.898458242416381836e+00
4.550910234451293945e+00
4.671865940093994141e+00
6.329606771469116211e+00
5.778210878372192383e+00
5.288845777511596680e+00
4.264621019363403320e+00
5.546655893325805664e+00
4.667089939117431641e+00
5.390319824218750000e+00
6.004213809967041016e+00
5.897426843643188477e+00
5.377241134643554688e+00
5.084437847137451172e+00
6.066461324691772461e+00
5.567675828933715820e+00
3.837755203247070312e+00
4.723620891571044922e+00
5.733464241027832031e+00
5.546669006347656250e+00
5.140326023101806641e+00
6.050187110900878906e+00
3.477986812591552734e+00
4.322455644607543945e+00
4.814117193222045898e+00
5.636704921722412109e+00
4.442097902297973633e+00
4.437599182128906250e+00
6.847554683685302734e+00
5.730357170104980469e+00
5.092350006103515625e+00
4.251968145370483398e+00
4.489149093627929688e+00
5.791225194931030273e+00
4.199599981307983398e+00
5.361721038818359375e+00
4.630466938018798828e+00
7.147830963134765625e+00
4.509856939315795898e+00
3.625001907348632812e+00
4.792703151702880859e+00
4.712227106094360352e+00
9.256055831909179688e+00
4.417371034622192383e+00
5.179123878479003906e+00
4.912484884262084961e+00
6.019429922103881836e+00
3.654810190200805664e+00
2.609501838684082031e+00
7.090502977371215820e+00
4.822578907012939453e+00
5.306483983993530273e+00
5.724226236343383789e+00
6.690933704376220703e+00
4.693608999252319336e+00
4.689081192016601562e+00
3.143615007400512695e+00
4.797905921936035156e+00
6.071384906768798828e+00
5.342768907546997070e+00
3.570657968521118164e+00
6.100473880767822266e+00
3.267735958099365234e+00
3.734378099441528320e+00
5.642841815948486328e+00
7.006080150604248047e+00
4.692738056182861328e+00
6.281543254852294922e+00
4.789027690887451172e+00
3.703892946243286133e+00
7.422775030136108398e+00
6.412413120269775391e+00
4.952738046646118164e+00
3.503857851028442383e+00
2.887798070907592773e+00
6.584445953369140625e+00
7.282591104507446289e+00
5.175558090209960938e+00
3.759151935577392578e+00
6.245175838470458984e+00
3.869956731796264648e+00
6.063170909881591797e+00
5.565726995468139648e+00
3.530636072158813477e+00
5.637305736541748047e+00
3.818718194961547852e+00
4.146996259689331055e+00
4.327836036682128906e+00
5.528366088867187500e+00
6.505787134170532227e+00
4.596353769302368164e+00
4.536815166473388672e+00
4.641035079956054688e+00
4.075160026550292969e+00
4.178334951400756836e+00
6.265938758850097656e+00
4.220438957214355469e+00
4.590403079986572266e+00
3.489516735076904297e+00
4.557759046554565430e+00
3.981871128082275391e+00
4.319612026214599609e+00
5.950355768203735352e+00
5.738785028457641602e+00
4.473899126052856445e+00
3.987382888793945312e+00
6.795489072799682617e+00
5.102710962295532227e+00
5.912471055984497070e+00
5.597493171691894531e+00
4.606617212295532227e+00
3.864287137985229492e+00
4.784745931625366211e+00
6.147140979766845703e+00
3.963881015777587891e+00
4.381811857223510742e+00
4.832690000534057617e+00
4.411614894866943359e+00
4.868382215499877930e+00
5.485436201095581055e+00
4.765306949615478516e+00
4.376939058303833008e+00
4.265870809555053711e+00
6.041287899017333984e+00
4.876110076904296875e+00
3.992807149887084961e+00
3.633519172668457031e+00
8.069033145904541016e+00
4.651892900466918945e+00
4.059826135635375977e+00
4.642156839370727539e+00
4.133095026016235352e+00
3.905636787414550781e+00
4.470762014389038086e+00
3.966553926467895508e+00
4.158059120178222656e+00
4.692113876342773438e+00
5.125657796859741211e+00
3.346584081649780273e+00
4.341570854187011719e+00
6.957782030105590820e+00
3.452811002731323242e+00
4.281178712844848633e+00
6.394879817962646484e+00
4.512194156646728516e+00
4.705886125564575195e+00
9.335332870483398438e+00
4.243019104003906250e+00
3.942417144775390625e+00
4.945273160934448242e+00
6.077224016189575195e+00
5.009265899658203125e+00
5.062021970748901367e+00
7.497202873229980469e+00
4.128109931945800781e+00
4.293056011199951172e+00
5.285465955734252930e+00
4.136145114898681641e+00
4.222325086593627930e+00
5.298315763473510742e+00
7.655770063400268555e+00
4.949173212051391602e+00
4.517659187316894531e+00
4.101697921752929688e+00
5.192216634750366211e+00
4.784851074218750000e+00
4.886515140533447266e+00
8.143800735473632812e+00
4.278800010681152344e+00
5.646966934204101562e+00
5.881353139877319336e+00
4.406017780303955078e+00
5.322692155838012695e+00
4.437903881072998047e+00
5.192054986953735352e+00
5.476566076278686523e+00
7.144500017166137695e+00
5.142585992813110352e+00
5.091136932373046875e+00
4.567014694213867188e+00
4.698786020278930664e+00
6.160279035568237305e+00
4.244455099105834961e+00
7.456448078155517578e+00
5.649853944778442383e+00
4.348757028579711914e+00
4.798865795135498047e+00
4.444376945495605469e+00
5.525337934494018555e+00
5.561778068542480469e+00
4.749503850936889648e+00
4.384490966796875000e+00
4.911996126174926758e+00
5.239269971847534180e+00
4.107898950576782227e+00
4.157692909240722656e+00
4.183239936828613281e+00
5.005487918853759766e+00
5.107475280761718750e+00
4.224461078643798828e+00
6.736006021499633789e+00
4.728069067001342773e+00
4.602072000503540039e+00
5.292663097381591797e+00
4.451391458511352539e+00
4.374837160110473633e+00
4.329191923141479492e+00
2.855659723281860352e+00
4.929988145828247070e+00
3.892806053161621094e+00
4.526126861572265625e+00
4.548012018203735352e+00
5.125853061676025391e+00
4.229648113250732422e+00
4.940948009490966797e+00
5.038534164428710938e+00
5.053790330886840820e+00
5.033767223358154297e+00
5.447027921676635742e+00
5.238792181015014648e+00
5.333374023437500000e+00
6.238062858581542969e+00
5.015583992004394531e+00
4.858724117279052734e+00
4.766203880310058594e+00
5.126043796539306641e+00
4.817984104156494141e+00
4.148367166519165039e+00
6.432340145111083984e+00
5.116678237915039062e+00
5.713177204132080078e+00
5.207469701766967773e+00
4.312083244323730469e+00
7.169420003890991211e+00
6.095134019851684570e+00
6.641650915145874023e+00
6.121551036834716797e+00
4.168705224990844727e+00
6.396142005920410156e+00
5.332160949707031250e+00
6.453779935836791992e+00
5.708000898361206055e+00
6.697223186492919922e+00
5.348479032516479492e+00
6.806023120880126953e+00
6.272258996963500977e+00
6.685209989547729492e+00
6.404883861541748047e+00
5.982461929321289062e+00
6.933209180831909180e+00
6.425377845764160156e+00
6.897025823593139648e+00
7.016996145248413086e+00
6.945659875869750977e+00
6.890408992767333984e+00
6.961461782455444336e+00
4.063657045364379883e+00
5.899792909622192383e+00
5.262317895889282227e+00
5.921906948089599609e+00
5.172732353210449219e+00
5.801162004470825195e+00
7.495371103286743164e+00
5.404424905776977539e+00
4.383403062820434570e+00
5.816839933395385742e+00
5.178200006484985352e+00
4.322382211685180664e+00
7.073815107345581055e+00
7.296177148818969727e+00
6.272917985916137695e+00
5.895560026168823242e+00
6.383664846420288086e+00
5.783369302749633789e+00
5.534935951232910156e+00
6.135341167449951172e+00
6.200644254684448242e+00
4.987157821655273438e+00
5.691068887710571289e+00
5.885757923126220703e+00
4.573677778244018555e+00
4.756029844284057617e+00
6.530312776565551758e+00
5.374350070953369141e+00
5.167503118515014648e+00
5.472777843475341797e+00
6.264693260192871094e+00
5.846994161605834961e+00
6.245899915695190430e+00
7.443928003311157227e+00
6.306627035140991211e+00
6.350862741470336914e+00
6.312800884246826172e+00
6.147217988967895508e+00
4.514528989791870117e+00
6.216432809829711914e+00
6.342896938323974609e+00
6.265140056610107422e+00
6.741237163543701172e+00
6.422699689865112305e+00
6.085402011871337891e+00
4.799677133560180664e+00
5.967149972915649414e+00
6.438883781433105469e+00
6.415070295333862305e+00
4.919344663619995117e+00
5.508506298065185547e+00
4.891391038894653320e+00
6.838445901870727539e+00
6.498216867446899414e+00
6.135651826858520508e+00
6.756045103073120117e+00
7.205761909484863281e+00
4.114711046218872070e+00
5.478431940078735352e+00
6.591331243515014648e+00
5.709507226943969727e+00
4.191204786300659180e+00
4.153237581253051758e+00
7.787027835845947266e+00
6.259213209152221680e+00
6.633324861526489258e+00
6.709670782089233398e+00
6.536617040634155273e+00
6.689541816711425781e+00
5.830607175827026367e+00
6.451113939285278320e+00
5.186391830444335938e+00
4.419179916381835938e+00
6.549723863601684570e+00
5.508064031600952148e+00
5.516686916351318359e+00
6.725750684738159180e+00
5.151361942291259766e+00
3.461825847625732422e+00
4.376087188720703125e+00
3.988581180572509766e+00
5.689365148544311523e+00
4.442271232604980469e+00
7.868249177932739258e+00
5.658073902130126953e+00
4.304785966873168945e+00
5.659449815750122070e+00
5.746480703353881836e+00
5.935300111770629883e+00
8.148566007614135742e+00
5.017235994338989258e+00
5.923089742660522461e+00
5.530466794967651367e+00
3.201121091842651367e+00
8.290847778320312500e+00
4.827161073684692383e+00
5.854398012161254883e+00
4.878503322601318359e+00
5.874384880065917969e+00
6.078616142272949219e+00
5.400852203369140625e+00
7.446310997009277344e+00
4.709322929382324219e+00
5.776417016983032227e+00
6.161079883575439453e+00
7.101047039031982422e+00
5.428175926208496094e+00
4.502134084701538086e+00
4.766511201858520508e+00
7.270048856735229492e+00
7.078531026840209961e+00
5.727766990661621094e+00
5.646534919738769531e+00
6.462460994720458984e+00
5.851020812988281250e+00
4.991342067718505859e+00
4.984942913055419922e+00
7.422275066375732422e+00
7.974466085433959961e+00
4.904902219772338867e+00
3.870739936828613281e+00
5.923823833465576172e+00
4.985644817352294922e+00
7.838701963424682617e+00
5.881450891494750977e+00
7.746184349060058594e+00
5.795500993728637695e+00
4.635781288146972656e+00
5.029176712036132812e+00
4.712758064270019531e+00
5.929028987884521484e+00
4.717096090316772461e+00
5.999603986740112305e+00
6.625387907028198242e+00
5.290646076202392578e+00
6.169016122817993164e+00
5.877962112426757812e+00
6.521939277648925781e+00
6.470006942749023438e+00
6.255359888076782227e+00
5.158835887908935547e+00
4.700663089752197266e+00
6.504662036895751953e+00
5.200237751007080078e+00
6.500434875488281250e+00
6.208269119262695312e+00
6.441191911697387695e+00
6.304338932037353516e+00
4.138617992401123047e+00
6.570240974426269531e+00
6.693375110626220703e+00
4.696673870086669922e+00
6.171435117721557617e+00
5.111988306045532227e+00
6.451050043106079102e+00
5.406695842742919922e+00
6.367092847824096680e+00
5.675877094268798828e+00
4.793018817901611328e+00
6.596621036529541016e+00
5.581210851669311523e+00
5.017143011093139648e+00
6.807253837585449219e+00
6.464117288589477539e+00
4.952369213104248047e+00
4.698467969894409180e+00
6.471505880355834961e+00
6.872967004776000977e+00
7.261465787887573242e+00
5.564685106277465820e+00
6.680136203765869141e+00
6.402433633804321289e+00
5.244539260864257812e+00
5.203956127166748047e+00
3.373988151550292969e+00
6.133809089660644531e+00
5.259217739105224609e+00
4.193164825439453125e+00
5.204178094863891602e+00
4.164893150329589844e+00
8.657021999359130859e+00
7.926507949829101562e+00
4.896653175354003906e+00
6.964984893798828125e+00
3.896901130676269531e+00
3.766852855682373047e+00
5.975757122039794922e+00
4.407240390777587891e+00
4.013895034790039062e+00
6.482908248901367188e+00
5.650058031082153320e+00
4.409085988998413086e+00
5.327379941940307617e+00
5.610792875289916992e+00
4.408277988433837891e+00
4.570266962051391602e+00
4.645128965377807617e+00
6.271990060806274414e+00
5.172420024871826172e+00
4.946580886840820312e+00
4.233101844787597656e+00
5.680377960205078125e+00
4.570847034454345703e+00
6.296608209609985352e+00
4.635356187820434570e+00
5.294949054718017578e+00
5.016830921173095703e+00
3.995722055435180664e+00
3.919672966003417969e+00
4.636138916015625000e+00
3.914385080337524414e+00
6.312716007232666016e+00
4.401895046234130859e+00
5.206660032272338867e+00
4.154914140701293945e+00
3.954919338226318359e+00
4.071429252624511719e+00
4.738713026046752930e+00
4.435400962829589844e+00
4.423223972320556641e+00
4.235462903976440430e+00
4.212059736251831055e+00
4.207456111907958984e+00
4.368317842483520508e+00
4.322882175445556641e+00
3.003078222274780273e+00
3.870162963867187500e+00
4.853822946548461914e+00
5.466804027557373047e+00
4.268303871154785156e+00
4.394999980926513672e+00
3.905091285705566406e+00
4.026592731475830078e+00
4.984970092773437500e+00
3.993767023086547852e+00
3.815717935562133789e+00
4.077866077423095703e+00
3.438153982162475586e+00
4.645439863204956055e+00
4.199017763137817383e+00
4.731364965438842773e+00
4.475667953491210938e+00
4.301510810852050781e+00
3.418782234191894531e+00
6.328375101089477539e+00
3.365231037139892578e+00
4.738997936248779297e+00
3.148012161254882812e+00
3.474599838256835938e+00
4.288837194442749023e+00
4.008207082748413086e+00
3.554383993148803711e+00
3.396842002868652344e+00
3.271268129348754883e+00
3.179857015609741211e+00
3.576274871826171875e+00
3.317467927932739258e+00
3.210233926773071289e+00
3.630540132522583008e+00
4.868282318115234375e+00
4.685215234756469727e+00
3.481498956680297852e+00
4.852941751480102539e+00
3.683778762817382812e+00
2.911238193511962891e+00
6.793505907058715820e+00
3.376151084899902344e+00
4.524338245391845703e+00
4.986912012100219727e+00
5.291867971420288086e+00
4.698651075363159180e+00
3.344015121459960938e+00
3.756364107131958008e+00
4.779777050018310547e+00
3.457486152648925781e+00
4.883865118026733398e+00
5.117655992507934570e+00
3.724112033843994141e+00
4.158451318740844727e+00
5.426714658737182617e+00
3.451782226562500000e+00
3.295361757278442383e+00
3.505371093750000000e+00
4.087126970291137695e+00
3.909519195556640625e+00
3.946406126022338867e+00
4.193907976150512695e+00
3.910681247711181641e+00
3.734107971191406250e+00
3.541655063629150391e+00
4.359557867050170898e+00
3.244783163070678711e+00
4.345758914947509766e+00
3.494813919067382812e+00
4.036496162414550781e+00
3.851428747177124023e+00
4.352734804153442383e+00
4.582859992980957031e+00
3.842825889587402344e+00
4.067934989929199219e+00
3.136456012725830078e+00
3.939455032348632812e+00
3.711349964141845703e+00
4.630665063858032227e+00
4.537733078002929688e+00
4.294142961502075195e+00
4.485126018524169922e+00
4.278351068496704102e+00
3.466355085372924805e+00
4.616429805755615234e+00
4.103760957717895508e+00
3.604671955108642578e+00
5.504214048385620117e+00
4.003872871398925781e+00
3.728320121765136719e+00
4.285849809646606445e+00
5.953037023544311523e+00
4.108656883239746094e+00
4.457615852355957031e+00
4.056681871414184570e+00
4.467722892761230469e+00
5.620486974716186523e+00
4.026458024978637695e+00
4.163892030715942383e+00
3.757192850112915039e+00
3.459181070327758789e+00
4.934787034988403320e+00
3.420001029968261719e+00
3.396811008453369141e+00
3.414991855621337891e+00
4.210248231887817383e+00
4.193465709686279297e+00
3.686046123504638672e+00
4.551772117614746094e+00
4.557075977325439453e+00
4.490550041198730469e+00
4.201202392578125000e+00
4.614702939987182617e+00
4.399789094924926758e+00
4.866281986236572266e+00
4.651847839355468750e+00
3.766340017318725586e+00
4.787158012390136719e+00
4.296030998229980469e+00
4.734800100326538086e+00
4.802647829055786133e+00
4.752672910690307617e+00
4.175661087036132812e+00
3.426286935806274414e+00
4.603315830230712891e+00
4.704185009002685547e+00
3.732894897460937500e+00
4.609257936477661133e+00
3.899272918701171875e+00
4.761346101760864258e+00
5.455599784851074219e+00
4.188472032546997070e+00
4.185129165649414062e+00
4.330214977264404297e+00
2.763101339340209961e+00
5.007034301757812500e+00
5.059761762619018555e+00
3.660901784896850586e+00
4.085893869400024414e+00
4.079953193664550781e+00
3.409548044204711914e+00
4.339534997940063477e+00
4.252496957778930664e+00
4.601217031478881836e+00
5.136589765548706055e+00
5.032093763351440430e+00
4.301696062088012695e+00
4.804755210876464844e+00
4.770649194717407227e+00
6.010247230529785156e+00
6.116983175277709961e+00
5.025096178054809570e+00
4.441987991333007812e+00
4.148084878921508789e+00
5.198046207427978516e+00
4.733017921447753906e+00
3.341556787490844727e+00
5.225165128707885742e+00
5.054383277893066406e+00
4.021928787231445312e+00
5.506116628646850586e+00
3.662497043609619141e+00
5.176933050155639648e+00
3.646407842636108398e+00
4.934859037399291992e+00
4.500528097152709961e+00
4.832080841064453125e+00
4.180092811584472656e+00
4.552573919296264648e+00
6.709444046020507812e+00
4.667762756347656250e+00
5.204233169555664062e+00
5.285267829895019531e+00
5.465478181838989258e+00
4.187152862548828125e+00
3.849158048629760742e+00
5.169945955276489258e+00
5.832545042037963867e+00
4.603013277053833008e+00
5.964179992675781250e+00
3.842939853668212891e+00
4.331132173538208008e+00
6.664072990417480469e+00
4.329760074615478516e+00
5.113651752471923828e+00
3.448121070861816406e+00
4.275069952011108398e+00
5.252658843994140625e+00
5.209584951400756836e+00
4.793603181838989258e+00
4.520663022994995117e+00
6.051683187484741211e+00
5.592026948928833008e+00
5.695454835891723633e+00
4.518458843231201172e+00
4.531981945037841797e+00
5.452538967132568359e+00
3.746985912322998047e+00
5.639832019805908203e+00
4.646022319793701172e+00
4.371634244918823242e+00
5.454825878143310547e+00
4.836834907531738281e+00
5.601051807403564453e+00
4.710818052291870117e+00
4.656204938888549805e+00
4.631551980972290039e+00
6.284775733947753906e+00
6.426784038543701172e+00
4.644349336624145508e+00
5.736384868621826172e+00
4.812539100646972656e+00
3.529483079910278320e+00
4.065002918243408203e+00
5.673388957977294922e+00
4.604025840759277344e+00
4.781528949737548828e+00
3.969727993011474609e+00
4.472298145294189453e+00
4.953724861145019531e+00
4.481967926025390625e+00
5.183856010437011719e+00
3.872702121734619141e+00
4.289137840270996094e+00
6.404228210449218750e+00
4.812589883804321289e+00
5.730931043624877930e+00
5.180851936340332031e+00
5.948827028274536133e+00
4.322264194488525391e+00
5.425368070602416992e+00
4.324046134948730469e+00
4.726760864257812500e+00
5.476382017135620117e+00
4.892933130264282227e+00
5.036707878112792969e+00
4.356798887252807617e+00
4.677120208740234375e+00
6.375488042831420898e+00
4.316846132278442383e+00
3.148776769638061523e+00
5.321914911270141602e+00
4.495346069335937500e+00
4.934830904006958008e+00
6.485586166381835938e+00
5.157918930053710938e+00
4.460829973220825195e+00
3.464748144149780273e+00
5.121608972549438477e+00
3.433564186096191406e+00
4.704322814941406250e+00
4.278308868408203125e+00
4.473904132843017578e+00
3.901211023330688477e+00
5.210903882980346680e+00
3.204099893569946289e+00
5.415405035018920898e+00
4.705202102661132812e+00
5.214934110641479492e+00
4.528571844100952148e+00
5.925455808639526367e+00
5.127595186233520508e+00
7.466678142547607422e+00
4.709313869476318359e+00
5.181235074996948242e+00
4.040822029113769531e+00
5.223243951797485352e+00
7.143057823181152344e+00
3.598793029785156250e+00
5.130572080612182617e+00
5.601188182830810547e+00
5.429066896438598633e+00
4.577145099639892578e+00
4.705229043960571289e+00
5.755596637725830078e+00
4.754281997680664062e+00
5.849326133728027344e+00
4.302331686019897461e+00
4.933947801589965820e+00
6.152646780014038086e+00
4.402013301849365234e+00
4.134284973144531250e+00
4.435029029846191406e+00
4.845904827117919922e+00
3.518380165100097656e+00
7.393928289413452148e+00
6.331479072570800781e+00
4.603511810302734375e+00
5.457207202911376953e+00
5.034422159194946289e+00
5.658622026443481445e+00
5.675092935562133789e+00
3.782959222793579102e+00
4.813055992126464844e+00
6.797145843505859375e+00
3.140908718109130859e+00
4.672657012939453125e+00
5.571711063385009766e+00
4.196614742279052734e+00
4.534969091415405273e+00
3.992476224899291992e+00
4.040645122528076172e+00
5.401046037673950195e+00
4.881146907806396484e+00
5.348359346389770508e+00
5.732870340347290039e+00
4.482660055160522461e+00
4.890743017196655273e+00
5.093587875366210938e+00
5.755407810211181641e+00
6.681539058685302734e+00
5.337780952453613281e+00
4.652522802352905273e+00
3.901688814163208008e+00
4.319662094116210938e+00
5.921508073806762695e+00
4.873721837997436523e+00
5.817288160324096680e+00
5.328596830368041992e+00
5.211085081100463867e+00
6.083160638809204102e+00
5.241793632507324219e+00
4.709680080413818359e+00
5.210774660110473633e+00
4.908386945724487305e+00
4.937468767166137695e+00
4.641372919082641602e+00
4.986649036407470703e+00
4.375119209289550781e+00
6.228905916213989258e+00
3.863983154296875000e+00
5.082106113433837891e+00
3.920219898223876953e+00
7.457040786743164062e+00
5.852092742919921875e+00
6.500372886657714844e+00
5.686076879501342773e+00
5.499835968017578125e+00
5.256516933441162109e+00
4.661607027053833008e+00
6.542845010757446289e+00
5.673997163772583008e+00
4.848515033721923828e+00
4.809875011444091797e+00
5.183879852294921875e+00
4.916177034378051758e+00
6.970551967620849609e+00
5.297207117080688477e+00
5.637157201766967773e+00
4.147877216339111328e+00
6.564590930938720703e+00
6.672388076782226562e+00
5.901297092437744141e+00
5.263019084930419922e+00
4.678959846496582031e+00
4.071728944778442383e+00
4.906186103820800781e+00
6.025986194610595703e+00
5.135120868682861328e+00
5.886651992797851562e+00
4.378072738647460938e+00
4.960772275924682617e+00
3.811491012573242188e+00
4.206271886825561523e+00
5.824318885803222656e+00
5.264531135559082031e+00
4.964483261108398438e+00
7.467574834823608398e+00
5.909692049026489258e+00
5.496036767959594727e+00
7.911032915115356445e+00
5.430814981460571289e+00
5.304468870162963867e+00
5.592014074325561523e+00
4.900125026702880859e+00
4.189621925354003906e+00
4.393429040908813477e+00
5.859360933303833008e+00
6.714900016784667969e+00
5.857610940933227539e+00
6.445690155029296875e+00
3.874079227447509766e+00
5.191977024078369141e+00
4.491868734359741211e+00
5.077071905136108398e+00
4.157215833663940430e+00
3.553241014480590820e+00
4.572833061218261719e+00
4.084697961807250977e+00
4.153660058975219727e+00
4.148178100585937500e+00
2.830986976623535156e+00
4.229835987091064453e+00
5.604532957077026367e+00
4.042130947113037109e+00
5.155366897583007812e+00
3.687250852584838867e+00
4.442276954650878906e+00
4.725914955139160156e+00
5.461100816726684570e+00
4.221690177917480469e+00
5.072841882705688477e+00
4.185221195220947266e+00
5.183906078338623047e+00
5.259828090667724609e+00
3.433419704437255859e+00
5.105746984481811523e+00
4.473125696182250977e+00
3.389261007308959961e+00
4.326112985610961914e+00
3.620640039443969727e+00
5.842052221298217773e+00
3.881628036499023438e+00
3.684515237808227539e+00
4.214798688888549805e+00
4.274603843688964844e+00
4.203052997589111328e+00
4.422921419143676758e+00
4.012634038925170898e+00
4.140213966369628906e+00
5.009302854537963867e+00
6.025108814239501953e+00
6.081016063690185547e+00
4.519629001617431641e+00
6.497442007064819336e+00
4.594032049179077148e+00
3.873939037322998047e+00
3.441273927688598633e+00
4.614135980606079102e+00
3.859998941421508789e+00
3.284908056259155273e+00
4.583801746368408203e+00
6.102105855941772461e+00
3.956995725631713867e+00
5.120577096939086914e+00
3.344868659973144531e+00
3.595302820205688477e+00
5.154007196426391602e+00
4.855679035186767578e+00
3.790545940399169922e+00
3.803899049758911133e+00
4.181309938430786133e+00
3.874507904052734375e+00
3.987741231918334961e+00
4.387496948242187500e+00
3.975544929504394531e+00
4.043193101882934570e+00
3.958942174911499023e+00
4.078489065170288086e+00
4.425868034362792969e+00
4.607118844985961914e+00
3.426093101501464844e+00
5.936763048171997070e+00
4.378273725509643555e+00
4.527295827865600586e+00
3.669263839721679688e+00
3.958342790603637695e+00
3.569928884506225586e+00
3.203094959259033203e+00
4.638528108596801758e+00
3.123040199279785156e+00
4.501050233840942383e+00
4.213180780410766602e+00
4.118268013000488281e+00
3.307989835739135742e+00
3.924922704696655273e+00
4.801071166992187500e+00
4.590030193328857422e+00
4.846309900283813477e+00
3.752135038375854492e+00
3.570935010910034180e+00
4.763257980346679688e+00
2.884533882141113281e+00
4.701956033706665039e+00
4.095972061157226562e+00
4.103525161743164062e+00
4.748736619949340820e+00
5.374072074890136719e+00
4.713331937789916992e+00
3.747979164123535156e+00
3.989193916320800781e+00
5.041522979736328125e+00
4.890168190002441406e+00
4.819981098175048828e+00
4.537263870239257812e+00
6.434209108352661133e+00
4.794295072555541992e+00
7.116088867187500000e+00
5.698281764984130859e+00
5.220692873001098633e+00
3.241657018661499023e+00
4.334342241287231445e+00
5.111111879348754883e+00
4.160368204116821289e+00
6.838390827178955078e+00
5.045554876327514648e+00
4.544907093048095703e+00
4.803861141204833984e+00
4.306280136108398438e+00
4.329666137695312500e+00
5.328130722045898438e+00
4.555165290832519531e+00
4.316489934921264648e+00
3.393446922302246094e+00
3.657989978790283203e+00
4.604298114776611328e+00
3.356047153472900391e+00
4.244189977645874023e+00
3.438850164413452148e+00
4.133794784545898438e+00
4.719705820083618164e+00
4.420783758163452148e+00
4.834362030029296875e+00
3.438225269317626953e+00
5.397351026535034180e+00
4.653879880905151367e+00
3.705188035964965820e+00
4.722126960754394531e+00
3.527829170227050781e+00
4.919555902481079102e+00
3.702170848846435547e+00
2.945919990539550781e+00
4.735741853713989258e+00
3.843557834625244141e+00
4.787541151046752930e+00
4.848761796951293945e+00
4.711142778396606445e+00
4.306807994842529297e+00
4.445009231567382812e+00
3.948711872100830078e+00
4.962118148803710938e+00
3.991137027740478516e+00
3.947126865386962891e+00
4.721254825592041016e+00
4.026997327804565430e+00
4.530350685119628906e+00
3.728213787078857422e+00
4.806693792343139648e+00
5.695228099822998047e+00
4.304605007171630859e+00
5.809545993804931641e+00
5.101583003997802734e+00
4.095951795578002930e+00
3.860266923904418945e+00
4.878440856933593750e+00
5.003525257110595703e+00
3.645985126495361328e+00
3.701638221740722656e+00
5.119112968444824219e+00
4.707138061523437500e+00
4.451175928115844727e+00
4.546632051467895508e+00
3.324437141418457031e+00
5.181014060974121094e+00
4.391664266586303711e+00
3.261642932891845703e+00
3.679427146911621094e+00
6.076956748962402344e+00
3.626082658767700195e+00
4.441972970962524414e+00
6.112404823303222656e+00
4.566565990447998047e+00
4.273310899734497070e+00
3.898348808288574219e+00
3.913992166519165039e+00
5.372748136520385742e+00
4.383914947509765625e+00
3.672650098800659180e+00
3.469810962677001953e+00
3.825980901718139648e+00
5.021509170532226562e+00
3.880532026290893555e+00
4.025255918502807617e+00
4.329058170318603516e+00
4.565565109252929688e+00
4.328890323638916016e+00
4.715505123138427734e+00
5.046433210372924805e+00
5.657907009124755859e+00
4.093278169631958008e+00
4.631563186645507812e+00
3.791164875030517578e+00
4.966876983642578125e+00
4.134333133697509766e+00
4.588627099990844727e+00
4.250541210174560547e+00
4.081975936889648438e+00
3.458227872848510742e+00
3.583532810211181641e+00
3.723482847213745117e+00
4.356019020080566406e+00
4.003234148025512695e+00
4.982895851135253906e+00
4.293753862380981445e+00
4.696166992187500000e+00
4.145712852478027344e+00
3.694525003433227539e+00
4.447020053863525391e+00
4.178962945938110352e+00
3.543790817260742188e+00
3.838524818420410156e+00
4.328567028045654297e+00
4.243568897247314453e+00
3.941471099853515625e+00
4.639441251754760742e+00
4.398136138916015625e+00
5.084191083908081055e+00
4.115771770477294922e+00
4.395229101181030273e+00
4.841580152511596680e+00
3.453904151916503906e+00
4.443732976913452148e+00
4.912855148315429688e+00
4.398403167724609375e+00
5.266496896743774414e+00
4.867836952209472656e+00
4.435034990310668945e+00
4.132375955581665039e+00
4.065582990646362305e+00
4.553331136703491211e+00
4.385363101959228516e+00
3.823857307434082031e+00
4.555162906646728516e+00
4.889460086822509766e+00
4.098152875900268555e+00
4.511433839797973633e+00
5.126640796661376953e+00
4.538607835769653320e+00
4.900739192962646484e+00
4.883052825927734375e+00
4.361152172088623047e+00
4.384250879287719727e+00
4.856863975524902344e+00
4.280510187149047852e+00
4.469759941101074219e+00
4.205924987792968750e+00
4.739601135253906250e+00
4.742745876312255859e+00
4.419509172439575195e+00
3.287013053894042969e+00
4.721655130386352539e+00
5.105606079101562500e+00
4.933549165725708008e+00
4.351258277893066406e+00
4.305151939392089844e+00
2.921277999877929688e+00
3.489529132843017578e+00
5.103983879089355469e+00
3.664507150650024414e+00
4.316859960556030273e+00
5.148897171020507812e+00
3.720253944396972656e+00
5.401173830032348633e+00
4.535198211669921875e+00
3.540547847747802734e+00
4.279055833816528320e+00
3.315695047378540039e+00
4.694953918457031250e+00
6.133417129516601562e+00
3.775680065155029297e+00
3.802993774414062500e+00
3.846215248107910156e+00
3.496440172195434570e+00
3.502985954284667969e+00
4.796714067459106445e+00
3.658221960067749023e+00
4.561675071716308594e+00
3.879674196243286133e+00
3.499383926391601562e+00
3.695436954498291016e+00
5.219309091567993164e+00
3.718091964721679688e+00
5.217881202697753906e+00
3.631864070892333984e+00
5.590998888015747070e+00
3.644280910491943359e+00
5.020081758499145508e+00
4.025597095489501953e+00
4.141690969467163086e+00
4.753125667572021484e+00
3.683181762695312500e+00
5.980956792831420898e+00
6.058700084686279297e+00
4.763396263122558594e+00
6.168190956115722656e+00
5.935818910598754883e+00
5.374616146087646484e+00
4.185138940811157227e+00
5.192297935485839844e+00
3.866869926452636719e+00
5.216053009033203125e+00
5.525230169296264648e+00
4.567401885986328125e+00
5.345044851303100586e+00
4.649722814559936523e+00
4.130255222320556641e+00
6.144758939743041992e+00
5.566749811172485352e+00
5.001206159591674805e+00
5.935270071029663086e+00
5.364053010940551758e+00
5.369877099990844727e+00
5.274019956588745117e+00
3.386301040649414062e+00
3.614053010940551758e+00
5.112538814544677734e+00
5.811847925186157227e+00
4.729126214981079102e+00
5.835566997528076172e+00
5.960933923721313477e+00
4.588897943496704102e+00
3.976127862930297852e+00
5.658329010009765625e+00
4.908383131027221680e+00
4.762617111206054688e+00
6.465421199798583984e+00
4.324010848999023438e+00
5.989331960678100586e+00
4.263002157211303711e+00
3.426548004150390625e+00
4.403177022933959961e+00
4.993872165679931641e+00
4.950277328491210938e+00
4.691234111785888672e+00
4.695877075195312500e+00
3.998490810394287109e+00
3.973321914672851562e+00
5.365507125854492188e+00
4.729918003082275391e+00
5.098290205001831055e+00
3.987611770629882812e+00
5.370071649551391602e+00
3.255914211273193359e+00
5.566279888153076172e+00
3.280552148818969727e+00
5.642825841903686523e+00
5.206214904785156250e+00
4.952212333679199219e+00
4.959823131561279297e+00
4.912796020507812500e+00
4.925569057464599609e+00
3.958608150482177734e+00
5.689167022705078125e+00
5.407150030136108398e+00
3.192420959472656250e+00
5.642919063568115234e+00
4.851489067077636719e+00
4.444972038269042969e+00
4.842519760131835938e+00
3.290717840194702148e+00
4.355757713317871094e+00
2.919734001159667969e+00
5.628512144088745117e+00
4.567861080169677734e+00
5.948227167129516602e+00
4.166697263717651367e+00
4.466068029403686523e+00
5.312056064605712891e+00
5.084593057632446289e+00
3.757307291030883789e+00
6.448457002639770508e+00
5.527420043945312500e+00
3.792766809463500977e+00
5.532838344573974609e+00
5.813532114028930664e+00
4.948431015014648438e+00
6.861662149429321289e+00
5.668573141098022461e+00
5.957703828811645508e+00
5.504160881042480469e+00
4.397337198257446289e+00
3.949914216995239258e+00
3.764544963836669922e+00
5.064684152603149414e+00
5.282304048538208008e+00
5.744915962219238281e+00
6.434295177459716797e+00
5.068722963333129883e+00
5.047184705734252930e+00
4.315293788909912109e+00
4.496762752532958984e+00
5.681995153427124023e+00
6.050008058547973633e+00
4.905684947967529297e+00
5.065800905227661133e+00
3.217415809631347656e+00
4.223117113113403320e+00
4.233114242553710938e+00
6.413861989974975586e+00
3.227746963500976562e+00
4.043766021728515625e+00
3.197556972503662109e+00
4.511716127395629883e+00
5.544180154800415039e+00
4.086682081222534180e+00
4.750112771987915039e+00
5.396718978881835938e+00
4.585293769836425781e+00
4.817990779876708984e+00
4.826067209243774414e+00
3.007467031478881836e+00
4.432838201522827148e+00
6.540015220642089844e+00
4.646553993225097656e+00
3.689096927642822266e+00
5.833491086959838867e+00
3.520497798919677734e+00
5.086170196533203125e+00
5.056096792221069336e+00
7.204593181610107422e+00
4.962846994400024414e+00
7.044530153274536133e+00
4.960816860198974609e+00
4.522517204284667969e+00
4.047161102294921875e+00
4.565519094467163086e+00
5.585036039352416992e+00
4.949309110641479492e+00
6.092988014221191406e+00
3.335252046585083008e+00
5.800593137741088867e+00
3.997665882110595703e+00
4.793219804763793945e+00
4.178181886672973633e+00
4.663937091827392578e+00
3.623095989227294922e+00
5.880282878875732422e+00
4.934414863586425781e+00
4.160194873809814453e+00
6.215559005737304688e+00
5.365369081497192383e+00
4.344550132751464844e+00
3.970175981521606445e+00
4.734776973724365234e+00
3.824404954910278320e+00
4.189436197280883789e+00
4.600333929061889648e+00
4.908075094223022461e+00
4.208275794982910156e+00
4.588107109069824219e+00
4.860909938812255859e+00
4.211218118667602539e+00
4.971822023391723633e+00
5.225856065750122070e+00
4.911123991012573242e+00
4.692849159240722656e+00
4.216223716735839844e+00
5.811153888702392578e+00
4.069679021835327148e+00
6.415092945098876953e+00
4.925451993942260742e+00
4.490355968475341797e+00
4.471531152725219727e+00
3.508402347564697266e+00
4.244677066802978516e+00
4.598389863967895508e+00
4.589639902114868164e+00
4.781620025634765625e+00
4.121482133865356445e+00
4.671455860137939453e+00
4.319639682769775391e+00
4.154247045516967773e+00
5.493582963943481445e+00
6.013947725296020508e+00
5.828700065612792969e+00
5.159347057342529297e+00
4.507857799530029297e+00
4.827506065368652344e+00
6.462425231933593750e+00
5.224380016326904297e+00
4.531534910202026367e+00
4.578044891357421875e+00
5.010472059249877930e+00
4.990966081619262695e+00
4.990065097808837891e+00
3.922789096832275391e+00
5.455920219421386719e+00
4.506084918975830078e+00
4.898703813552856445e+00
4.702404975891113281e+00
4.772893190383911133e+00
3.491915225982666016e+00
4.595261335372924805e+00
4.894913911819458008e+00
3.804136276245117188e+00
2.550551652908325195e+00
4.246113061904907227e+00
3.993546009063720703e+00
4.042888879776000977e+00
4.678704977035522461e+00
4.964079856872558594e+00
4.767706871032714844e+00
4.562922000885009766e+00
5.409603118896484375e+00
4.800237655639648438e+00
4.262174367904663086e+00
4.888896226882934570e+00
4.955179929733276367e+00
5.523923873901367188e+00
4.237979173660278320e+00
4.692696094512939453e+00
3.560444831848144531e+00
3.937304735183715820e+00
4.331184864044189453e+00
5.019011020660400391e+00
4.775793790817260742e+00
5.422145128250122070e+00
4.448466777801513672e+00
4.575643777847290039e+00
4.576684951782226562e+00
5.366946935653686523e+00
4.498960018157958984e+00
4.400362014770507812e+00
5.466797828674316406e+00
3.752246141433715820e+00
4.402286767959594727e+00
5.640966176986694336e+00
5.018970012664794922e+00
4.844330072402954102e+00
4.843646287918090820e+00
4.711318016052246094e+00
4.839493989944458008e+00
5.084974050521850586e+00
5.993757009506225586e+00
4.722709894180297852e+00
6.479330062866210938e+00
4.735609054565429688e+00
6.769562005996704102e+00
4.842354774475097656e+00
4.704870223999023438e+00
3.850888013839721680e+00
3.554423809051513672e+00
3.105124235153198242e+00
4.905799865722656250e+00
4.215221166610717773e+00
5.311518907546997070e+00
3.261188030242919922e+00
3.262759923934936523e+00
3.863491058349609375e+00
5.018007040023803711e+00
5.412484169006347656e+00
3.767729282379150391e+00
4.574942111968994141e+00
3.644026041030883789e+00
3.661416292190551758e+00
5.388770103454589844e+00
5.133574247360229492e+00
3.923558235168457031e+00
4.697195053100585938e+00
4.243381977081298828e+00
3.730402946472167969e+00
3.343997001647949219e+00
4.068356275558471680e+00
4.634248971939086914e+00
4.876516103744506836e+00
3.544338941574096680e+00
4.125449180603027344e+00
4.034693956375122070e+00
4.025108098983764648e+00
5.472210884094238281e+00
4.362474918365478516e+00
4.644500970840454102e+00
3.906407117843627930e+00
3.682804107666015625e+00
4.078634977340698242e+00
4.727638006210327148e+00
4.005904197692871094e+00
2.882418870925903320e+00
4.305377960205078125e+00
5.579524993896484375e+00
5.184856176376342773e+00
5.793154954910278320e+00
4.840280055999755859e+00
4.114850044250488281e+00
4.206398963928222656e+00
5.627487182617187500e+00
5.166576147079467773e+00
4.981674909591674805e+00
5.199069976806640625e+00
4.468851804733276367e+00
4.543506860733032227e+00
4.631360054016113281e+00
4.386317729949951172e+00
4.621175050735473633e+00
4.586687803268432617e+00
4.034454822540283203e+00
3.128957033157348633e+00
4.459472894668579102e+00
4.418511152267456055e+00
5.341871023178100586e+00
6.049830913543701172e+00
5.452672958374023438e+00
4.555308818817138672e+00
5.331306934356689453e+00
6.023967981338500977e+00
4.366195917129516602e+00
4.660900115966796875e+00
3.979741096496582031e+00
3.795255184173583984e+00
4.398690938949584961e+00
4.573016166687011719e+00
4.208516120910644531e+00
4.374510049819946289e+00
5.579461812973022461e+00
5.159476995468139648e+00
5.452829122543334961e+00
4.542484998703002930e+00
3.917383909225463867e+00
4.191967964172363281e+00
4.487374782562255859e+00
4.646175146102905273e+00
5.541792154312133789e+00
4.471651792526245117e+00
4.782708883285522461e+00
4.310549020767211914e+00
5.719242095947265625e+00
4.870895147323608398e+00
4.640643835067749023e+00
5.505576848983764648e+00
4.366371870040893555e+00
4.507110357284545898e+00
4.445493936538696289e+00
4.864113092422485352e+00
4.515938043594360352e+00
4.101266145706176758e+00
4.592591047286987305e+00
4.734803915023803711e+00
2.633001089096069336e+00
5.502799272537231445e+00
4.643302202224731445e+00
5.420315027236938477e+00
5.193715810775756836e+00
4.828893184661865234e+00
4.984435081481933594e+00
2.867285966873168945e+00
5.691231966018676758e+00
5.027340888977050781e+00
4.812000989913940430e+00
5.336439847946166992e+00
4.782395124435424805e+00
4.615482807159423828e+00
5.304410934448242188e+00
3.780491113662719727e+00
4.339867830276489258e+00
5.071511030197143555e+00
4.465476751327514648e+00
4.923815727233886719e+00
4.941323995590209961e+00
6.164549112319946289e+00
4.725183010101318359e+00
5.297598123550415039e+00
3.526015996932983398e+00
7.332402944564819336e+00
4.224488973617553711e+00
4.733488082885742188e+00
4.621901750564575195e+00
5.216553926467895508e+00
5.049101829528808594e+00
4.629786252975463867e+00
5.127641916275024414e+00
5.850933074951171875e+00
5.325419902801513672e+00
3.136334180831909180e+00
4.251188993453979492e+00
6.325988769531250000e+00
4.730241060256958008e+00
4.312098026275634766e+00
5.464543819427490234e+00
6.365844011306762695e+00
5.672732353210449219e+00
4.162400960922241211e+00
5.201436996459960938e+00
4.336519956588745117e+00
4.492018222808837891e+00
4.408763170242309570e+00
5.561572790145874023e+00
5.546077966690063477e+00
4.552067279815673828e+00
5.653697967529296875e+00
5.785362720489501953e+00
5.408462762832641602e+00
5.522962093353271484e+00
5.119778156280517578e+00
6.575374841690063477e+00
4.700960159301757812e+00
5.134550094604492188e+00
5.288888931274414062e+00
5.227725982666015625e+00
5.999603986740112305e+00
3.778448104858398438e+00
5.973237037658691406e+00
6.003418207168579102e+00
4.733740091323852539e+00
4.789386987686157227e+00
4.518254041671752930e+00
5.334540128707885742e+00
4.711858987808227539e+00
4.322930335998535156e+00
3.509704351425170898e+00
5.351756095886230469e+00
4.697446107864379883e+00
3.272840976715087891e+00
4.297375917434692383e+00
4.997890949249267578e+00
6.014118909835815430e+00
4.682177782058715820e+00
3.743152141571044922e+00
4.456207036972045898e+00
4.576467990875244141e+00
4.442180871963500977e+00
5.227395057678222656e+00
4.024239778518676758e+00
4.940176725387573242e+00
3.887144088745117188e+00
4.875297069549560547e+00
6.391415119171142578e+00
5.328886985778808594e+00
6.580682039260864258e+00
3.343153953552246094e+00
4.045101881027221680e+00
3.684802055358886719e+00
4.611415863037109375e+00
5.910125970840454102e+00
4.643163919448852539e+00
4.585445880889892578e+00
5.633394241333007812e+00
4.543055772781372070e+00
4.063183307647705078e+00
3.945244789123535156e+00
4.745693922042846680e+00
5.380112886428833008e+00
4.797441959381103516e+00
5.938244819641113281e+00
5.045355081558227539e+00
5.813099145889282227e+00
5.965332984924316406e+00
4.899652957916259766e+00
5.036586999893188477e+00
6.342130899429321289e+00
6.400341033935546875e+00
4.733816146850585938e+00
6.063405036926269531e+00
4.253247976303100586e+00
4.956787824630737305e+00
4.925169944763183594e+00
6.063684225082397461e+00
5.082793951034545898e+00
4.661303997039794922e+00
4.166222095489501953e+00
5.112285137176513672e+00
4.126246929168701172e+00
3.328792095184326172e+00
5.334320068359375000e+00
4.937458276748657227e+00
4.597732067108154297e+00
6.185482025146484375e+00
5.782984972000122070e+00
4.274873971939086914e+00
4.639417886734008789e+00
5.540127038955688477e+00
4.655601263046264648e+00
6.442195177078247070e+00
5.606803894042968750e+00
4.678641796112060547e+00
6.329715967178344727e+00
4.622928142547607422e+00
5.312339067459106445e+00
4.665431976318359375e+00
4.343532085418701172e+00
5.377476930618286133e+00
4.407235860824584961e+00
4.762551069259643555e+00
4.553808927536010742e+00
4.360140085220336914e+00
4.575431108474731445e+00
3.309780836105346680e+00
5.293120622634887695e+00
5.232052326202392578e+00
3.379161119461059570e+00
5.635854005813598633e+00
4.767441272735595703e+00
4.819079875946044922e+00
5.667330026626586914e+00
4.241365909576416016e+00
3.444458007812500000e+00
4.845574140548706055e+00
5.051151752471923828e+00
3.987411022186279297e+00
3.887581110000610352e+00
5.771346807479858398e+00
5.662240028381347656e+00
4.387079000473022461e+00
5.666454076766967773e+00
4.416570186614990234e+00
4.523523092269897461e+00
5.468475103378295898e+00
4.986388206481933594e+00
5.370479822158813477e+00
3.369079589843750000e+00
4.157734870910644531e+00
5.541506052017211914e+00
4.345964193344116211e+00
5.443392992019653320e+00
4.017149925231933594e+00
3.758347988128662109e+00
3.888197183609008789e+00
5.649467945098876953e+00
4.591701984405517578e+00
5.102908849716186523e+00
5.984426975250244141e+00
5.014933109283447266e+00
3.535596847534179688e+00
3.133144140243530273e+00
4.816937923431396484e+00
5.984215974807739258e+00
3.440014123916625977e+00
4.326887845993041992e+00
6.155579805374145508e+00
3.346922159194946289e+00
6.265666723251342773e+00
5.335259914398193359e+00
4.853565931320190430e+00
6.777301073074340820e+00
5.969955921173095703e+00
5.952343940734863281e+00
5.525533199310302734e+00
6.152041912078857422e+00
5.079779863357543945e+00
5.940784931182861328e+00
4.128250122070312500e+00
5.376359939575195312e+00
4.771306037902832031e+00
6.291159868240356445e+00
3.524601697921752930e+00
4.496169090270996094e+00
4.769157886505126953e+00
5.404333829879760742e+00
6.632939100265502930e+00
7.076338052749633789e+00
4.606414794921875000e+00
5.256006002426147461e+00
4.752905130386352539e+00
4.983221054077148438e+00
5.669966936111450195e+00
5.560960054397583008e+00
5.110701084136962891e+00
6.503998994827270508e+00
4.842314004898071289e+00
5.683315753936767578e+00
5.228850126266479492e+00
6.082737207412719727e+00
4.193633079528808594e+00
5.936851978302001953e+00
5.582583665847778320e+00
5.043849945068359375e+00
5.048823833465576172e+00
7.104995012283325195e+00
5.371124029159545898e+00
3.861585855484008789e+00
6.322107076644897461e+00
5.674653768539428711e+00
5.466647863388061523e+00
3.609308004379272461e+00
6.095156908035278320e+00
5.931118965148925781e+00
5.573474645614624023e+00
5.173501014709472656e+00
5.491843938827514648e+00
6.649353027343750000e+00
6.166732072830200195e+00
4.692996978759765625e+00
5.815602302551269531e+00
5.312264204025268555e+00
6.439200878143310547e+00
7.193787813186645508e+00
6.039941072463989258e+00
6.052320957183837891e+00
6.020301103591918945e+00
5.936434984207153320e+00
6.643316030502319336e+00
5.440434932708740234e+00
5.458890199661254883e+00
5.456379890441894531e+00
6.166619062423706055e+00
5.452209949493408203e+00
6.159918069839477539e+00
5.047000885009765625e+00
5.566220045089721680e+00
5.259972095489501953e+00
6.069287061691284180e+00
5.946016073226928711e+00
4.414853096008300781e+00
4.293999195098876953e+00
4.150124073028564453e+00
6.931126117706298828e+00
6.942209005355834961e+00
4.419709920883178711e+00
4.492048978805541992e+00
6.314978837966918945e+00
5.088934898376464844e+00
5.968137025833129883e+00
6.161897897720336914e+00
4.954212903976440430e+00
4.523332118988037109e+00
6.231384038925170898e+00
5.620333909988403320e+00
5.814371824264526367e+00
4.614910125732421875e+00
5.827364921569824219e+00
4.347700357437133789e+00
6.307070016860961914e+00
4.729025125503540039e+00
6.049478769302368164e+00
5.838243007659912109e+00
5.769179105758666992e+00
5.943868875503540039e+00
4.702188730239868164e+00
6.155236005783081055e+00
5.268393993377685547e+00
4.479465961456298828e+00
5.830803155899047852e+00
6.599159717559814453e+00
4.947543144226074219e+00
5.987571239471435547e+00
4.916476964950561523e+00
6.286378145217895508e+00
5.653466939926147461e+00
4.395929813385009766e+00
6.038879156112670898e+00
5.915994882583618164e+00
5.435275077819824219e+00
6.163405179977416992e+00
5.054465055465698242e+00
6.263760805130004883e+00
6.762423992156982422e+00
6.939295053482055664e+00
6.942075252532958984e+00
5.616197824478149414e+00
6.356849908828735352e+00
6.290165185928344727e+00
7.520906925201416016e+00
6.410145044326782227e+00
7.657094240188598633e+00
5.281471014022827148e+00
5.014107227325439453e+00
6.464150905609130859e+00
6.710023880004882812e+00
5.000014781951904297e+00
3.505315065383911133e+00
5.026715040206909180e+00
5.042855024337768555e+00
5.516315937042236328e+00
7.130719900131225586e+00
5.278460264205932617e+00
4.000534057617187500e+00
5.246710062026977539e+00
4.523037195205688477e+00
7.353776931762695312e+00
6.565474987030029297e+00
5.288783073425292969e+00
6.757799863815307617e+00
5.907168865203857422e+00
4.743531942367553711e+00
4.934047937393188477e+00
5.739355802536010742e+00
3.959426164627075195e+00
5.679351806640625000e+00
5.386125087738037109e+00
6.353500127792358398e+00
4.721520900726318359e+00
5.502952814102172852e+00
7.565248012542724609e+00
5.323538303375244141e+00
4.852006912231445312e+00
7.357318162918090820e+00
5.110529899597167969e+00
4.207208156585693359e+00
5.286159992218017578e+00
5.870710611343383789e+00
5.961360931396484375e+00
6.631587028503417969e+00
6.005388021469116211e+00
8.115874052047729492e+00
5.734350919723510742e+00
5.069105863571166992e+00
5.486639738082885742e+00
6.072900772094726562e+00
7.696355104446411133e+00
5.753989934921264648e+00
5.505518913269042969e+00
5.010657072067260742e+00
5.684622049331665039e+00
7.635152816772460938e+00
4.289505004882812500e+00
5.077385902404785156e+00
6.311323881149291992e+00
6.888000011444091797e+00
4.767092943191528320e+00
7.180153131484985352e+00
6.225726127624511719e+00
4.286562919616699219e+00
5.558551073074340820e+00
5.527323007583618164e+00
5.269654750823974609e+00
5.778719902038574219e+00
8.480408191680908203e+00
5.484240293502807617e+00
5.212724924087524414e+00
5.402596235275268555e+00
5.711307764053344727e+00
6.180016040802001953e+00
4.555119037628173828e+00
4.308295249938964844e+00
6.768914937973022461e+00
7.202282905578613281e+00
5.395932912826538086e+00
5.131410121917724609e+00
3.443049192428588867e+00
7.152297019958496094e+00
4.118360996246337891e+00
5.584321022033691406e+00
5.226403951644897461e+00
5.753968715667724609e+00
5.259722948074340820e+00
6.267674207687377930e+00
5.343663692474365234e+00
5.209957122802734375e+00
4.366688966751098633e+00
5.585619926452636719e+00
5.090856790542602539e+00
5.419104099273681641e+00
5.902325153350830078e+00
5.661199092864990234e+00
5.972826719284057617e+00
7.997604131698608398e+00
6.002815961837768555e+00
6.529267072677612305e+00
4.738591909408569336e+00
2.496648788452148438e+00
3.936943054199218750e+00
4.399976015090942383e+00
6.409509897232055664e+00
4.704293251037597656e+00
6.832282066345214844e+00
7.710863828659057617e+00
5.982686758041381836e+00
4.376345634460449219e+00
6.285203933715820312e+00
4.224792003631591797e+00
6.042203187942504883e+00
4.155014991760253906e+00
5.813009023666381836e+00
5.297445058822631836e+00
3.866214752197265625e+00
3.995163917541503906e+00
3.190375089645385742e+00
4.315104961395263672e+00
4.095277786254882812e+00
4.279772996902465820e+00
4.910572052001953125e+00
4.551168203353881836e+00
3.984287023544311523e+00
4.633856058120727539e+00
5.219824314117431641e+00
6.123546838760375977e+00
3.964346885681152344e+00
4.263514041900634766e+00
5.253961801528930664e+00
4.872750997543334961e+00
2.710426092147827148e+00
4.416680812835693359e+00
6.472788333892822266e+00
4.315051078796386719e+00
3.795584917068481445e+00
4.112265110015869141e+00
6.330400943756103516e+00
4.512948989868164062e+00
3.186150312423706055e+00
4.294863939285278320e+00
6.936050176620483398e+00
5.479904174804687500e+00
4.030131101608276367e+00
4.145097970962524414e+00
4.587919950485229492e+00
6.587262153625488281e+00
5.327145814895629883e+00
2.971983909606933594e+00
4.614482879638671875e+00
6.460016250610351562e+00
4.232018947601318359e+00
4.762948989868164062e+00
5.206018924713134766e+00
5.859482049942016602e+00
5.105917930603027344e+00
4.665296077728271484e+00
4.852053165435791016e+00
4.269247055053710938e+00
5.428776741027832031e+00
5.533746242523193359e+00
4.788074016571044922e+00
5.562983036041259766e+00
4.202166795730590820e+00
4.453544855117797852e+00
5.273352861404418945e+00
5.544352054595947266e+00
5.793485164642333984e+00
4.080389022827148438e+00
3.349266290664672852e+00
4.276416063308715820e+00
4.491907119750976562e+00
4.297569990158081055e+00
7.227507114410400391e+00
4.522832155227661133e+00
3.353068113327026367e+00
4.689967155456542969e+00
4.398247003555297852e+00
3.903026103973388672e+00
3.003268003463745117e+00
6.556073904037475586e+00
5.877631902694702148e+00
3.537534952163696289e+00
4.837773799896240234e+00
4.540066003799438477e+00
3.561939954757690430e+00
3.205229043960571289e+00
3.663933992385864258e+00
3.967353105545043945e+00
4.014481067657470703e+00
2.206337213516235352e+00
4.081568002700805664e+00
4.040495872497558594e+00
3.361737012863159180e+00
5.277324914932250977e+00
3.855887889862060547e+00
3.476217746734619141e+00
3.972328901290893555e+00
4.157582044601440430e+00
3.985388040542602539e+00
3.895368099212646484e+00
4.237226009368896484e+00
3.396198749542236328e+00
3.669528961181640625e+00
4.035890102386474609e+00
5.510799884796142578e+00
4.695690870285034180e+00
4.493944168090820312e+00
3.797592163085937500e+00
4.182751893997192383e+00
4.414021968841552734e+00
3.724484920501708984e+00
3.844976902008056641e+00
4.663048982620239258e+00
4.556195020675659180e+00
4.049088954925537109e+00
3.188968896865844727e+00
2.994532823562622070e+00
4.341417789459228516e+00
4.142945051193237305e+00
4.645580053329467773e+00
4.076169967651367188e+00
4.751685142517089844e+00
4.151172876358032227e+00
2.994327068328857422e+00
4.123927116394042969e+00
4.365624904632568359e+00
4.822458744049072266e+00
3.804598093032836914e+00
4.041486024856567383e+00
4.317933082580566406e+00
3.513064146041870117e+00
5.292668819427490234e+00
4.393977880477905273e+00
4.416170120239257812e+00
3.144919633865356445e+00
4.754139184951782227e+00
4.468397140502929688e+00
4.402420997619628906e+00
4.581639051437377930e+00
5.122532844543457031e+00
4.537526130676269531e+00
3.744194030761718750e+00
3.255598068237304688e+00
3.819417953491210938e+00
4.661853790283203125e+00
3.941082000732421875e+00
4.564365148544311523e+00
3.898213863372802734e+00
4.383596897125244141e+00
3.514973878860473633e+00
4.631105184555053711e+00
5.056888818740844727e+00
4.635204076766967773e+00
4.891409873962402344e+00
5.817551136016845703e+00
3.641519069671630859e+00
4.619101762771606445e+00
5.235545873641967773e+00
5.394901752471923828e+00
5.096691846847534180e+00
4.537170886993408203e+00
5.251466035842895508e+00
4.196290731430053711e+00
4.240499973297119141e+00
3.610599279403686523e+00
4.775754213333129883e+00
4.633058071136474609e+00
4.736576080322265625e+00
5.557111024856567383e+00
4.390197038650512695e+00
4.617508888244628906e+00
5.049658775329589844e+00
4.063443899154663086e+00
5.152072191238403320e+00
4.737926959991455078e+00
5.310918092727661133e+00
5.852056980133056641e+00
3.916585922241210938e+00
3.869879007339477539e+00
4.907048940658569336e+00
5.644402980804443359e+00
5.307184934616088867e+00
4.330178976058959961e+00
4.028995037078857422e+00
4.089479923248291016e+00
3.014680862426757812e+00
4.971904039382934570e+00
5.058937788009643555e+00
4.071416139602661133e+00
4.190088987350463867e+00
4.490542173385620117e+00
5.045758962631225586e+00
5.807287931442260742e+00
4.217559099197387695e+00
4.446420907974243164e+00
4.604567050933837891e+00
4.331858158111572266e+00
3.283647060394287109e+00
5.149745702743530273e+00
4.733896970748901367e+00
4.628951072692871094e+00
4.096254110336303711e+00
4.349910974502563477e+00
3.399178266525268555e+00
4.400665760040283203e+00
4.636284828186035156e+00
4.722751140594482422e+00
4.423288822174072266e+00
2.904717206954956055e+00
5.844973087310791016e+00
5.314497947692871094e+00
6.164542913436889648e+00
3.138561964035034180e+00
4.484637975692749023e+00
4.581247091293334961e+00
3.074694871902465820e+00
4.944478988647460938e+00
4.764106988906860352e+00
4.716986179351806641e+00
4.802617073059082031e+00
4.235690116882324219e+00
4.809125661849975586e+00
3.596582889556884766e+00
4.972272872924804688e+00
4.181536197662353516e+00
4.504896879196166992e+00
4.809217691421508789e+00
4.730416774749755859e+00
3.527029037475585938e+00
4.966134071350097656e+00
3.903946161270141602e+00
5.270888805389404297e+00
5.863689184188842773e+00
5.262184143066406250e+00
5.534833908081054688e+00
5.205495119094848633e+00
3.824136018753051758e+00
5.575471162796020508e+00
5.541889190673828125e+00
3.806202888488769531e+00
4.122969150543212891e+00
6.338227987289428711e+00
4.956428050994873047e+00
5.088159799575805664e+00
5.272115945816040039e+00
5.291426897048950195e+00
5.317921638488769531e+00
4.334020853042602539e+00
6.401680946350097656e+00
4.526722908020019531e+00
3.642935037612915039e+00
4.069498062133789062e+00
5.796277046203613281e+00
5.513351917266845703e+00
5.733383178710937500e+00
5.296991109848022461e+00
6.214807033538818359e+00
4.453158855438232422e+00
4.749783039093017578e+00
5.572782039642333984e+00
4.578830003738403320e+00
6.282090902328491211e+00
5.705973863601684570e+00
5.920272111892700195e+00
4.742958784103393555e+00
5.382861137390136719e+00
4.649089574813842773e+00
3.693663120269775391e+00
4.470777034759521484e+00
5.821033239364624023e+00
4.623828887939453125e+00
4.326864004135131836e+00
4.936139822006225586e+00
5.850829124450683594e+00
6.145176887512207031e+00
5.858119964599609375e+00
4.943002700805664062e+00
6.077482938766479492e+00
5.788798809051513672e+00
4.517659902572631836e+00
4.392332077026367188e+00
4.391767263412475586e+00
4.447686910629272461e+00
5.917816877365112305e+00
4.779726028442382812e+00
5.898461341857910156e+00
4.757426023483276367e+00
4.525624036788940430e+00
4.677455186843872070e+00
4.794465065002441406e+00
5.168090105056762695e+00
4.644185066223144531e+00
5.123502016067504883e+00
5.850792884826660156e+00
4.668993711471557617e+00
6.288533926010131836e+00
4.595093011856079102e+00
5.244097948074340820e+00
6.167171001434326172e+00
4.611099958419799805e+00
6.132750034332275391e+00
3.638569116592407227e+00
4.457625150680541992e+00
4.906659841537475586e+00
4.872221946716308594e+00
3.778815984725952148e+00
5.147469997406005859e+00
5.059849977493286133e+00
5.206537961959838867e+00
5.107123136520385742e+00
5.061091899871826172e+00
5.499973058700561523e+00
5.564457893371582031e+00
4.381634712219238281e+00
4.892546892166137695e+00
3.923761844635009766e+00
5.502071142196655273e+00
4.084543943405151367e+00
6.286858081817626953e+00
5.420583009719848633e+00
5.050390005111694336e+00
4.070149183273315430e+00
4.072880268096923828e+00
5.191813945770263672e+00
4.780981779098510742e+00
5.306753873825073242e+00
5.087747812271118164e+00
5.059700012207031250e+00
4.632149934768676758e+00
4.229775905609130859e+00
4.946735143661499023e+00
5.835687875747680664e+00
4.637786149978637695e+00
4.270076990127563477e+00
5.717513084411621094e+00
5.350356101989746094e+00
4.306071996688842773e+00
5.750207901000976562e+00
5.795146942138671875e+00
5.600863933563232422e+00
4.404508113861083984e+00
4.968323230743408203e+00
5.648548126220703125e+00
5.721138954162597656e+00
5.568035125732421875e+00
5.810103178024291992e+00
5.971861839294433594e+00
4.404739856719970703e+00
6.154666900634765625e+00
4.444786310195922852e+00
6.595274925231933594e+00
5.861222982406616211e+00
5.673277139663696289e+00
5.249250888824462891e+00
5.879309892654418945e+00
4.992966175079345703e+00
5.349033832550048828e+00
6.438822269439697266e+00
5.533267974853515625e+00
5.354496002197265625e+00
4.621603965759277344e+00
3.229552268981933594e+00
4.217772722244262695e+00
5.724168062210083008e+00
3.942287206649780273e+00
3.654314041137695312e+00
4.275642156600952148e+00
4.913255929946899414e+00
5.404773712158203125e+00
6.144136190414428711e+00
4.862001895904541016e+00
6.359252214431762695e+00
5.902030229568481445e+00
6.748005867004394531e+00
4.125898122787475586e+00
5.780377149581909180e+00
5.382202148437500000e+00
6.608587026596069336e+00
3.760246038436889648e+00
5.566480159759521484e+00
4.742896080017089844e+00
5.221024990081787109e+00
3.667298078536987305e+00
3.467876195907592773e+00
6.319084167480468750e+00
3.593639135360717773e+00
4.034989118576049805e+00
5.272912025451660156e+00
4.331656932830810547e+00
4.454977035522460938e+00
4.104450702667236328e+00
4.478523969650268555e+00
4.052836894989013672e+00
3.645126104354858398e+00
6.002769947052001953e+00
3.702165842056274414e+00
4.060017108917236328e+00
5.931882858276367188e+00
4.615568876266479492e+00
4.223697900772094727e+00
4.908251285552978516e+00
6.232508897781372070e+00
4.755551815032958984e+00
4.554521083831787109e+00
5.174964904785156250e+00
5.124423980712890625e+00
6.989384174346923828e+00
5.752642869949340820e+00
4.151295900344848633e+00
4.002470016479492188e+00
6.281473875045776367e+00
4.957859992980957031e+00
4.380421876907348633e+00
4.894688129425048828e+00
6.392670869827270508e+00
5.120386838912963867e+00
4.979007959365844727e+00
4.977374076843261719e+00
3.878911018371582031e+00
4.292503118515014648e+00
4.827286005020141602e+00
4.641020774841308594e+00
5.998184919357299805e+00
3.644608974456787109e+00
5.603752851486206055e+00
3.329368114471435547e+00
4.692221879959106445e+00
5.723927259445190430e+00
6.668992042541503906e+00
3.275570154190063477e+00
4.562783002853393555e+00
4.773668050765991211e+00
5.465535163879394531e+00
5.100592851638793945e+00
5.695287704467773438e+00
5.027802944183349609e+00
4.010411024093627930e+00
3.661810874938964844e+00
6.372599124908447266e+00
5.558644056320190430e+00
3.615596055984497070e+00
3.543612957000732422e+00
4.496129035949707031e+00
5.529868125915527344e+00
4.682812929153442383e+00
5.106089115142822266e+00
3.832752943038940430e+00
4.702679872512817383e+00
5.588356256484985352e+00
6.393851041793823242e+00
4.116722345352172852e+00
4.529737949371337891e+00
5.184681177139282227e+00
5.647437810897827148e+00
4.899048805236816406e+00
4.277329921722412109e+00
3.713738679885864258e+00
5.851208925247192383e+00
6.499762296676635742e+00
5.914501905441284180e+00
5.522217035293579102e+00
5.621196985244750977e+00
5.884806871414184570e+00
7.487856864929199219e+00
5.581686973571777344e+00
4.400060176849365234e+00
4.389635086059570312e+00
5.613991022109985352e+00
6.602552890777587891e+00
5.551046133041381836e+00
6.618331193923950195e+00
5.273570060729980469e+00
5.641560077667236328e+00
5.264444112777709961e+00
6.475320100784301758e+00
4.527694940567016602e+00
6.508359193801879883e+00
6.093740701675415039e+00
4.611306190490722656e+00
5.093325138092041016e+00
5.790918827056884766e+00
5.129083156585693359e+00
3.849872112274169922e+00
4.502176046371459961e+00
6.466242074966430664e+00
4.489850997924804688e+00
4.734716176986694336e+00
6.440820932388305664e+00
5.535970211029052734e+00
4.263851165771484375e+00
5.343425989151000977e+00
5.346065998077392578e+00
6.291898012161254883e+00
6.039381027221679688e+00
4.917118072509765625e+00
4.769924879074096680e+00
7.086905002593994141e+00
6.670707941055297852e+00
6.236110925674438477e+00
5.723772048950195312e+00
5.623854160308837891e+00
5.178660869598388672e+00
5.020432233810424805e+00
5.036587953567504883e+00
5.144029140472412109e+00
7.483259916305541992e+00
5.771958827972412109e+00
4.615515232086181641e+00
6.351500988006591797e+00
5.135408878326416016e+00
6.263201951980590820e+00
6.798853874206542969e+00
5.186836004257202148e+00
4.694606065750122070e+00
5.495929002761840820e+00
5.874370813369750977e+00
4.827244043350219727e+00
4.580903768539428711e+00
4.676741838455200195e+00
5.620872974395751953e+00
6.395433902740478516e+00
6.881521940231323242e+00
3.782859086990356445e+00
5.352521181106567383e+00
3.571905136108398438e+00
5.239745855331420898e+00
4.278926134109497070e+00
5.452363729476928711e+00
5.561246156692504883e+00
5.141661882400512695e+00
5.142915010452270508e+00
4.815073013305664062e+00
4.252963781356811523e+00
4.057752132415771484e+00
5.867532968521118164e+00
5.156278848648071289e+00
4.873492002487182617e+00
5.372326850891113281e+00
4.270539999008178711e+00
4.446581125259399414e+00
4.443670034408569336e+00
6.459612846374511719e+00
6.240381002426147461e+00
7.006317853927612305e+00
3.736821889877319336e+00
5.620426893234252930e+00
5.243279218673706055e+00
5.338721036911010742e+00
4.427951097488403320e+00
5.542194128036499023e+00
5.567505121231079102e+00
4.779057264328002930e+00
4.783457994461059570e+00
4.260406017303466797e+00
5.228585004806518555e+00
6.423465251922607422e+00
4.824480056762695312e+00
3.973670959472656250e+00
4.787066936492919922e+00
5.501860857009887695e+00
5.632797002792358398e+00
5.391175031661987305e+00
7.123647928237915039e+00
5.378273963928222656e+00
5.120296001434326172e+00
4.764739036560058594e+00
6.820918083190917969e+00
6.393034934997558594e+00
6.152658224105834961e+00
5.064831972122192383e+00
4.676539897918701172e+00
3.472105979919433594e+00
6.598407983779907227e+00
5.984608173370361328e+00
5.492043733596801758e+00
3.770071029663085938e+00
4.515830755233764648e+00
4.854490995407104492e+00
5.914005041122436523e+00
5.923569917678833008e+00
4.458372116088867188e+00
5.507043838500976562e+00
5.593710184097290039e+00
3.442165136337280273e+00
5.564283847808837891e+00
4.286983013153076172e+00
5.696251869201660156e+00
6.581363916397094727e+00
4.607465028762817383e+00
7.396029949188232422e+00
5.604758024215698242e+00
5.336193799972534180e+00
5.980576992034912109e+00
4.014674186706542969e+00
4.247500896453857422e+00
7.152324199676513672e+00
3.572052955627441406e+00
4.970175981521606445e+00
6.115387201309204102e+00
5.380924224853515625e+00
5.333858013153076172e+00
7.727638959884643555e+00
5.255980014801025391e+00
5.174957275390625000e+00
5.094187974929809570e+00
5.511674165725708008e+00
2.789426803588867188e+00
6.175395727157592773e+00
5.231052160263061523e+00
6.938598155975341797e+00
4.942813873291015625e+00
5.501677989959716797e+00
6.308317899703979492e+00
4.865170955657958984e+00
5.440768003463745117e+00
4.588328123092651367e+00
5.349842071533203125e+00
3.108712911605834961e+00
3.360810041427612305e+00
4.543240785598754883e+00
6.185592889785766602e+00
3.568222045898437500e+00
4.124294042587280273e+00
3.829626798629760742e+00
5.147819757461547852e+00
6.781581163406372070e+00
4.270565986633300781e+00
3.800815105438232422e+00
3.588061809539794922e+00
4.831185817718505859e+00
4.720319986343383789e+00
4.366687059402465820e+00
6.084907054901123047e+00
2.727229833602905273e+00
3.505320072174072266e+00
5.457635879516601562e+00
4.263420104980468750e+00
3.468425035476684570e+00
4.650565862655639648e+00
5.359828948974609375e+00
4.069597005844116211e+00
3.631277799606323242e+00
5.502784013748168945e+00
5.597311019897460938e+00
5.381634712219238281e+00
5.134845018386840820e+00
4.751272916793823242e+00
4.467409849166870117e+00
5.367657899856567383e+00
5.159662246704101562e+00
6.055964946746826172e+00
5.273556232452392578e+00
5.598349809646606445e+00
5.456785917282104492e+00
5.137352943420410156e+00
2.582767724990844727e+00
6.417403936386108398e+00
6.208069086074829102e+00
3.706776142120361328e+00
3.719773054122924805e+00
3.502614021301269531e+00
6.194427013397216797e+00
6.327843904495239258e+00
3.566238880157470703e+00
5.404423236846923828e+00
7.128906965255737305e+00
3.840049028396606445e+00
4.845645904541015625e+00
4.991887807846069336e+00
6.026085138320922852e+00
3.236436128616333008e+00
5.631398916244506836e+00
5.647328853607177734e+00
4.181240797042846680e+00
3.959020137786865234e+00
4.695016860961914062e+00
2.949908971786499023e+00
3.397269964218139648e+00
3.424420118331909180e+00
5.711989164352416992e+00
4.715245008468627930e+00
3.422594070434570312e+00
4.054229021072387695e+00
4.007249355316162109e+00
5.125990152359008789e+00
4.286391019821166992e+00
4.159395217895507812e+00
4.780660867691040039e+00
4.969582080841064453e+00
4.304021835327148438e+00
3.503134965896606445e+00
5.322832822799682617e+00
3.648387193679809570e+00
3.611310005187988281e+00
3.477474212646484375e+00
4.842427253723144531e+00
3.833179235458374023e+00
4.359785079956054688e+00
6.316557884216308594e+00
3.508682966232299805e+00
5.200512170791625977e+00
5.735301017761230469e+00
3.696540832519531250e+00
4.583304882049560547e+00
3.680465936660766602e+00
3.952141046524047852e+00
6.084476947784423828e+00
3.923830032348632812e+00
4.684536218643188477e+00
6.370462179183959961e+00
4.321012973785400391e+00
6.660104990005493164e+00
6.323874950408935547e+00
4.163005113601684570e+00
3.971459865570068359e+00
4.185726881027221680e+00
6.528918027877807617e+00
4.456322669982910156e+00
5.005129098892211914e+00
3.387046813964843750e+00
3.869192123413085938e+00
4.237647771835327148e+00
3.836597919464111328e+00
3.143768072128295898e+00
3.895886898040771484e+00
3.887845039367675781e+00
2.904190301895141602e+00
3.951983213424682617e+00
4.033199071884155273e+00
4.328471899032592773e+00
5.001381874084472656e+00
4.560694932937622070e+00
4.438928842544555664e+00
5.072850942611694336e+00
3.688149929046630859e+00
4.239210844039916992e+00
3.557837009429931641e+00
3.210064172744750977e+00
4.500673055648803711e+00
3.863157033920288086e+00
4.269459962844848633e+00
4.030560970306396484e+00
3.480600833892822266e+00
3.892691135406494141e+00
4.672995090484619141e+00
3.650580883026123047e+00
3.680958986282348633e+00
3.423376083374023438e+00
5.036357879638671875e+00
4.073570966720581055e+00
4.261613130569458008e+00
5.148698329925537109e+00
4.089899063110351562e+00
3.765861988067626953e+00
3.885885953903198242e+00
3.874157905578613281e+00
4.224972963333129883e+00
4.918442010879516602e+00
4.427962064743041992e+00
4.019134998321533203e+00
4.700145959854125977e+00
3.819697856903076172e+00
4.557922840118408203e+00
4.150057792663574219e+00
5.481260061264038086e+00
5.409275054931640625e+00
4.270640134811401367e+00
4.768399000167846680e+00
5.472748041152954102e+00
5.833863973617553711e+00
4.627334117889404297e+00
4.500339984893798828e+00
4.256756067276000977e+00
4.343018054962158203e+00
4.006850004196166992e+00
5.285147905349731445e+00
5.300330162048339844e+00
5.756663084030151367e+00
5.186102151870727539e+00
4.141119956970214844e+00
5.451586961746215820e+00
4.388897657394409180e+00
5.618862152099609375e+00
3.780293226242065430e+00
4.706477165222167969e+00
4.291626930236816406e+00
4.189702987670898438e+00
3.164479970932006836e+00
5.019060134887695312e+00
4.374822854995727539e+00
4.580965757369995117e+00
4.150358915328979492e+00
4.853575944900512695e+00
5.409924030303955078e+00
4.011514902114868164e+00
4.913460016250610352e+00
4.486701965332031250e+00
4.412653684616088867e+00
4.647341012954711914e+00
5.139608860015869141e+00
3.930387973785400391e+00
3.903822898864746094e+00
4.730486869812011719e+00
4.746982097625732422e+00
5.020169019699096680e+00
4.413573026657104492e+00
3.937011957168579102e+00
5.075999975204467773e+00
5.169498205184936523e+00
3.761987924575805664e+00
3.197424888610839844e+00
5.010699033737182617e+00
5.542385339736938477e+00
5.185492992401123047e+00
5.107058048248291016e+00
5.200412988662719727e+00
3.922211885452270508e+00
3.962562084197998047e+00
5.676971912384033203e+00
4.563268184661865234e+00
3.969631910324096680e+00
3.937948942184448242e+00
3.930639266967773438e+00
5.642564058303833008e+00
5.070813179016113281e+00
5.079717874526977539e+00
5.686629056930541992e+00
4.061975955963134766e+00
4.810554742813110352e+00
5.401156187057495117e+00
5.473879098892211914e+00
5.685965776443481445e+00
5.685482025146484375e+00
5.165503978729248047e+00
5.174063920974731445e+00
5.385178089141845703e+00
5.660399913787841797e+00
5.767056941986083984e+00
5.466214179992675781e+00
5.281983852386474609e+00
4.942261934280395508e+00
5.365657091140747070e+00
4.982367992401123047e+00
4.686260938644409180e+00
5.141891717910766602e+00
5.569375991821289062e+00
4.494218826293945312e+00
5.390398979187011719e+00
3.857119321823120117e+00
5.366784095764160156e+00
5.345256328582763672e+00
6.190350770950317383e+00
5.372033119201660156e+00
5.770458698272705078e+00
4.093963146209716797e+00
4.412665843963623047e+00
5.636265993118286133e+00
5.345050096511840820e+00
6.087900876998901367e+00
3.777112960815429688e+00
4.562289953231811523e+00
5.852609157562255859e+00
4.909188985824584961e+00
4.750552177429199219e+00
6.173757314682006836e+00
5.662213802337646484e+00
4.973730087280273438e+00
4.431205034255981445e+00
4.397969722747802734e+00
5.715806961059570312e+00
6.177936792373657227e+00
4.563897132873535156e+00
5.995606899261474609e+00
6.295171022415161133e+00
6.117557048797607422e+00
5.277523994445800781e+00
4.611495256423950195e+00
5.261064767837524414e+00
5.166690826416015625e+00
5.140259027481079102e+00
5.371940851211547852e+00
6.398875713348388672e+00
4.600978136062622070e+00
5.369585037231445312e+00
4.093770980834960938e+00
4.247443914413452148e+00
4.710863113403320312e+00
3.808446884155273438e+00
4.797703981399536133e+00
5.369319915771484375e+00
6.548058271408081055e+00
4.708611249923706055e+00
6.033967733383178711e+00
5.953464984893798828e+00
7.054697036743164062e+00
6.463156938552856445e+00
6.509474039077758789e+00
5.170658826828002930e+00
6.359423160552978516e+00
6.330500841140747070e+00
5.203953981399536133e+00
6.328392982482910156e+00
4.724529981613159180e+00
6.634616851806640625e+00
6.842155933380126953e+00
4.807195901870727539e+00
4.692986249923706055e+00
6.434067964553833008e+00
3.799589872360229492e+00
4.909379005432128906e+00
4.461978912353515625e+00
4.705235004425048828e+00
4.912582874298095703e+00
5.833704233169555664e+00
5.286003112792968750e+00
4.591027975082397461e+00
6.735567808151245117e+00
6.726273059844970703e+00
4.667989015579223633e+00
6.725922107696533203e+00
5.611049890518188477e+00
5.027126073837280273e+00
5.196894168853759766e+00
6.714460849761962891e+00
5.656643867492675781e+00
4.868695020675659180e+00
4.834772109985351562e+00
3.346914052963256836e+00
5.996906042098999023e+00
6.627086877822875977e+00
5.913598060607910156e+00
7.002035379409790039e+00
5.172611236572265625e+00
6.499529838562011719e+00
6.093087911605834961e+00
4.307643890380859375e+00
7.280418872833251953e+00
6.667486429214477539e+00
5.126684188842773438e+00
6.178975105285644531e+00
5.354085683822631836e+00
4.284583806991577148e+00
5.761428833007812500e+00
5.000512123107910156e+00
5.143815994262695312e+00
4.423506021499633789e+00
4.047363996505737305e+00
5.278538942337036133e+00
5.354267120361328125e+00
5.078974008560180664e+00
5.493763208389282227e+00
3.784640073776245117e+00
3.841236829757690430e+00
6.007368803024291992e+00
4.758171796798706055e+00
4.101040124893188477e+00
5.537482976913452148e+00
5.603250026702880859e+00
3.865192890167236328e+00
6.085978031158447266e+00
5.673616886138916016e+00
4.851328134536743164e+00
5.883171081542968750e+00
4.172747135162353516e+00
4.220362901687622070e+00
4.147476911544799805e+00
3.963275194168090820e+00
6.046275138854980469e+00
3.642779827117919922e+00
4.891961812973022461e+00
4.447353839874267578e+00
3.600202083587646484e+00
5.389464855194091797e+00
4.874697923660278320e+00
5.123673915863037109e+00
4.097041130065917969e+00
4.354507207870483398e+00
4.332655906677246094e+00
4.371243000030517578e+00
3.206032991409301758e+00
5.044662952423095703e+00
5.080250978469848633e+00
4.279390096664428711e+00
6.670968055725097656e+00
6.173155069351196289e+00
5.875156879425048828e+00
5.628491878509521484e+00
6.376282930374145508e+00
5.148339986801147461e+00
5.904704093933105469e+00
4.607773065567016602e+00
3.717584133148193359e+00
5.952964782714843750e+00
4.098124980926513672e+00
6.779230833053588867e+00
5.981966018676757812e+00
4.017216682434082031e+00
5.706165552139282227e+00
4.059738874435424805e+00
3.057187795639038086e+00
4.164887905120849609e+00
4.697824001312255859e+00
4.128216743469238281e+00
5.320118904113769531e+00
3.595020055770874023e+00
4.368205070495605469e+00
5.061036109924316406e+00
4.502736091613769531e+00
4.937288045883178711e+00
3.775195121765136719e+00
3.798871040344238281e+00
3.782175064086914062e+00
4.622954845428466797e+00
5.505882978439331055e+00
7.081122159957885742e+00
4.997455120086669922e+00
4.441952943801879883e+00
4.650941848754882812e+00
7.434363126754760742e+00
4.613396883010864258e+00
4.451044082641601562e+00
3.928094863891601562e+00
4.083341836929321289e+00
3.053184986114501953e+00
4.230798959732055664e+00
3.372925043106079102e+00
2.859196186065673828e+00
5.021149873733520508e+00
4.485773801803588867e+00
2.867814779281616211e+00
3.631203174591064453e+00
3.206006765365600586e+00
4.052721023559570312e+00
3.220407009124755859e+00
4.034505844116210938e+00
3.408499240875244141e+00
3.167111873626708984e+00
3.526586771011352539e+00
4.071326017379760742e+00
5.200742244720458984e+00
3.096716165542602539e+00
3.446769952774047852e+00
2.756013154983520508e+00
9.375764131546020508e+00
3.563787937164306641e+00
3.205785989761352539e+00
4.352155923843383789e+00
4.160320997238159180e+00
3.968042850494384766e+00
4.581413269042968750e+00
3.561050891876220703e+00
3.663754940032958984e+00
5.148654937744140625e+00
4.626887083053588867e+00
3.411418914794921875e+00
5.066208124160766602e+00
3.533364057540893555e+00
3.622700929641723633e+00
3.509872913360595703e+00
7.440304040908813477e+00
4.230898857116699219e+00
3.647696971893310547e+00
2.601451158523559570e+00
4.915846824645996094e+00
3.833109140396118164e+00
3.769023895263671875e+00
3.956845045089721680e+00
4.195024967193603516e+00
3.938410997390747070e+00
5.359571933746337891e+00
3.855881929397583008e+00
5.282156944274902344e+00
2.722877979278564453e+00
3.536720037460327148e+00
4.025457859039306641e+00
4.087085962295532227e+00
2.799991846084594727e+00
4.074958086013793945e+00
3.814661264419555664e+00
4.087256908416748047e+00
5.200029134750366211e+00
3.261440992355346680e+00
4.354304075241088867e+00
4.993242979049682617e+00
4.222994327545166016e+00
3.206216335296630859e+00
3.764760017395019531e+00
4.492546081542968750e+00
3.833151102066040039e+00
4.120445966720581055e+00
3.412611007690429688e+00
4.047616004943847656e+00
3.479573011398315430e+00
4.345911979675292969e+00
4.481055974960327148e+00
4.746806144714355469e+00
4.498095273971557617e+00
3.124567985534667969e+00
4.728474140167236328e+00
3.737103939056396484e+00
3.814896821975708008e+00
4.985040187835693359e+00
5.946877956390380859e+00
4.420814752578735352e+00
3.793013572692871094e+00
5.668738603591918945e+00
3.730389118194580078e+00
4.871936082839965820e+00
6.095450162887573242e+00
4.367448091506958008e+00
5.095631837844848633e+00
3.670618057250976562e+00
3.768620014190673828e+00
4.691462278366088867e+00
3.253591060638427734e+00
4.877631902694702148e+00
3.869530200958251953e+00
3.891953945159912109e+00
4.584465980529785156e+00
3.960019350051879883e+00
3.948770999908447266e+00
4.696156024932861328e+00
4.111414909362792969e+00
5.159981012344360352e+00
4.041649818420410156e+00
4.129754066467285156e+00
5.662085771560668945e+00
5.232979774475097656e+00
4.038475036621093750e+00
2.910739898681640625e+00
4.229753971099853516e+00
4.296893835067749023e+00
4.048948049545288086e+00
4.156373023986816406e+00
4.249878883361816406e+00
3.487889051437377930e+00
5.285032987594604492e+00
3.456744194030761719e+00
4.439230918884277344e+00
3.360613107681274414e+00
3.364863872528076172e+00
4.080824136734008789e+00
3.634660959243774414e+00
4.294734001159667969e+00
4.629465103149414062e+00
4.508035898208618164e+00
4.085125923156738281e+00
4.591858148574829102e+00
3.361647129058837891e+00
4.695106983184814453e+00
4.688706874847412109e+00
4.606419086456298828e+00
4.373120069503784180e+00
4.491630077362060547e+00
4.450695037841796875e+00
3.725434064865112305e+00
2.729321002960205078e+00
3.424486160278320312e+00
3.204275131225585938e+00
3.372257947921752930e+00
4.948248863220214844e+00
3.470148086547851562e+00
4.823441982269287109e+00
4.087716102600097656e+00
4.641119956970214844e+00
3.716635227203369141e+00
3.008684873580932617e+00
5.146475076675415039e+00
4.686524868011474609e+00
3.866044998168945312e+00
4.709993124008178711e+00
3.163396835327148438e+00
5.022167205810546875e+00
4.576102018356323242e+00
3.899439096450805664e+00
4.762079954147338867e+00
3.358561992645263672e+00
4.980368852615356445e+00
4.635223865509033203e+00
3.100010871887207031e+00
3.611892938613891602e+00
4.559655904769897461e+00
4.416133880615234375e+00
5.139177083969116211e+00
3.145322322845458984e+00
4.053991794586181641e+00
4.762084960937500000e+00
3.980621814727783203e+00
4.008366107940673828e+00
4.457959890365600586e+00
4.351329088211059570e+00
4.056945085525512695e+00
5.119610786437988281e+00
3.166594028472900391e+00
4.996702909469604492e+00
4.008079051971435547e+00
4.291536808013916016e+00
5.297656774520874023e+00
3.931087255477905273e+00
4.448985815048217773e+00
4.660146951675415039e+00
3.743723869323730469e+00
3.750571727752685547e+00
3.718647003173828125e+00
4.025449991226196289e+00
5.366108894348144531e+00
4.781280994415283203e+00
3.751648902893066406e+00
4.116066932678222656e+00
4.135610818862915039e+00
5.781725168228149414e+00
3.993824005126953125e+00
5.194754123687744141e+00
4.409492015838623047e+00
4.830531120300292969e+00
4.015273809432983398e+00
4.771440029144287109e+00
4.836899280548095703e+00
5.175307989120483398e+00
4.221224069595336914e+00
4.687214136123657227e+00
4.800960779190063477e+00
4.668720006942749023e+00
5.034253835678100586e+00
5.402070999145507812e+00
5.715337991714477539e+00
4.119503974914550781e+00
4.611838817596435547e+00
4.392375946044921875e+00
5.986457109451293945e+00
4.806279897689819336e+00
4.802561998367309570e+00
5.774010181427001953e+00
4.586536169052124023e+00
5.761253833770751953e+00
6.066192865371704102e+00
4.232336044311523438e+00
4.136879920959472656e+00
2.199418306350708008e+00
5.365567922592163086e+00
5.187729358673095703e+00
6.164088964462280273e+00
5.629114866256713867e+00
5.574358224868774414e+00
3.611863851547241211e+00
3.634422063827514648e+00
4.321173191070556641e+00
6.394770860671997070e+00
5.335837125778198242e+00
5.845677614212036133e+00
4.656349897384643555e+00
4.592126846313476562e+00
3.987855911254882812e+00
5.414024353027343750e+00
5.757006883621215820e+00
6.475931882858276367e+00
6.698565006256103516e+00
5.471196174621582031e+00
4.069963693618774414e+00
2.995424985885620117e+00
4.456583976745605469e+00
5.768558025360107422e+00
5.508033037185668945e+00
4.072873353958129883e+00
6.774556159973144531e+00
4.616068124771118164e+00
4.742829799652099609e+00
5.384227037429809570e+00
4.911756038665771484e+00
5.652302980422973633e+00
5.832720041275024414e+00
6.180742025375366211e+00
4.146317720413208008e+00
6.716480016708374023e+00
4.369523048400878906e+00
4.880444288253784180e+00
5.116944789886474609e+00
4.680281877517700195e+00
4.892828226089477539e+00
4.914163112640380859e+00
3.846017122268676758e+00
3.595707893371582031e+00
3.790431976318359375e+00
4.929985046386718750e+00
4.761063098907470703e+00
6.139641046524047852e+00
4.983675956726074219e+00
4.815788030624389648e+00
3.907639026641845703e+00
3.072983741760253906e+00
3.723779201507568359e+00
4.180389881134033203e+00
2.679570913314819336e+00
3.757833003997802734e+00
4.434653997421264648e+00
4.868151903152465820e+00
3.806552171707153320e+00
4.566407203674316406e+00
4.559117078781127930e+00
4.371341943740844727e+00
4.474510908126831055e+00
5.005728006362915039e+00
5.146768093109130859e+00
3.645889043807983398e+00
3.878725051879882812e+00
5.286026000976562500e+00
5.298320770263671875e+00
4.208154916763305664e+00
3.516046762466430664e+00
5.253545999526977539e+00
2.899518013000488281e+00
4.234921216964721680e+00
5.925503969192504883e+00
4.898331165313720703e+00
4.261036872863769531e+00
4.458145856857299805e+00
3.855132102966308594e+00
4.691302299499511719e+00
5.609026908874511719e+00
4.692587852478027344e+00
4.783452987670898438e+00
5.069289922714233398e+00
5.817637681961059570e+00
4.370603084564208984e+00
4.156032085418701172e+00
3.624151945114135742e+00
2.819230794906616211e+00
4.073304653167724609e+00
4.924986839294433594e+00
5.158429145812988281e+00
5.341112136840820312e+00
5.619700908660888672e+00
5.599806070327758789e+00
3.029762029647827148e+00
4.052680253982543945e+00
4.306585073471069336e+00
5.151983976364135742e+00
3.995257854461669922e+00
5.143391847610473633e+00
3.103216886520385742e+00
4.618441820144653320e+00
4.197149991989135742e+00
5.456542968750000000e+00
3.370245933532714844e+00
3.965337991714477539e+00
5.910847902297973633e+00
3.433323860168457031e+00
4.172681808471679688e+00
6.490592002868652344e+00
4.955677747726440430e+00
4.983485937118530273e+00
7.652531147003173828e+00
6.045776844024658203e+00
3.912944078445434570e+00
5.073545932769775391e+00
4.613349914550781250e+00
3.334748029708862305e+00
5.331397294998168945e+00
5.684888124465942383e+00
3.234595775604248047e+00
4.044034957885742188e+00
5.603825807571411133e+00
4.544070005416870117e+00
4.288639783859252930e+00
3.623799085617065430e+00
5.715441226959228516e+00
3.769348144531250000e+00
3.508594036102294922e+00
3.577512979507446289e+00
4.508809804916381836e+00
4.563778877258300781e+00
3.676424026489257812e+00
3.579967975616455078e+00
3.587468862533569336e+00
3.571476936340332031e+00
4.884423971176147461e+00
4.662951231002807617e+00
3.639859914779663086e+00
4.014385938644409180e+00
4.602289199829101562e+00
5.273400068283081055e+00
4.442603111267089844e+00
3.165568113327026367e+00
4.432270765304565430e+00
3.992911100387573242e+00
4.919231891632080078e+00
4.242508649826049805e+00
3.626183986663818359e+00
3.649149179458618164e+00
3.868127346038818359e+00
3.623918771743774414e+00
4.850701808929443359e+00
4.240108013153076172e+00
3.145899057388305664e+00
3.791047811508178711e+00
4.692275285720825195e+00
4.151701927185058594e+00
4.215128183364868164e+00
4.783566713333129883e+00
2.625843048095703125e+00
3.892187833786010742e+00
4.055171966552734375e+00
4.501839160919189453e+00
5.487907886505126953e+00
2.772542953491210938e+00
5.529251098632812500e+00
2.604641199111938477e+00
4.641805171966552734e+00
5.358303070068359375e+00
5.075313806533813477e+00
3.711140155792236328e+00
3.631733894348144531e+00
4.057466745376586914e+00
4.363176107406616211e+00
7.103212833404541016e+00
4.755243062973022461e+00
3.379191160202026367e+00
3.535986900329589844e+00
3.348346948623657227e+00
3.486385107040405273e+00
5.190891981124877930e+00
4.389747858047485352e+00
7.248147964477539062e+00
3.135890960693359375e+00
4.871336936950683594e+00
4.458645820617675781e+00
4.552764177322387695e+00
4.989042758941650391e+00
4.001369953155517578e+00
4.720410108566284180e+00
3.696542978286743164e+00
3.939035892486572266e+00
4.016951084136962891e+00
4.035794734954833984e+00
5.809844970703125000e+00
4.929035186767578125e+00
4.223134040832519531e+00
4.408112764358520508e+00
4.220072746276855469e+00
4.664246797561645508e+00
4.350057125091552734e+00
4.986540079116821289e+00
4.509124040603637695e+00
4.350431919097900391e+00
4.916602849960327148e+00
5.065320253372192383e+00
4.588993787765502930e+00
4.683308839797973633e+00
4.913038015365600586e+00
4.501164913177490234e+00
4.670418977737426758e+00
4.348722219467163086e+00
4.676784753799438477e+00
4.670022726058959961e+00
4.484580993652343750e+00
4.059397220611572266e+00
4.783953905105590820e+00
4.500345230102539062e+00
4.501189231872558594e+00
4.506137132644653320e+00
3.458719968795776367e+00
4.462128877639770508e+00
4.999217033386230469e+00
4.329866170883178711e+00
4.547312021255493164e+00
4.229183912277221680e+00
3.371093034744262695e+00
4.405388116836547852e+00
3.030460834503173828e+00
3.511914968490600586e+00
3.938441276550292969e+00
3.769703865051269531e+00
3.761443853378295898e+00
4.431377887725830078e+00
3.851406812667846680e+00
3.882656097412109375e+00
4.146871089935302734e+00
3.574192762374877930e+00
3.543347120285034180e+00
4.346635103225708008e+00
5.201585054397583008e+00
4.828256130218505859e+00
5.756161928176879883e+00
3.573450803756713867e+00
5.001852035522460938e+00
4.159565925598144531e+00
4.945575952529907227e+00
3.224454164505004883e+00
3.685195922851562500e+00
3.569068193435668945e+00
3.989959239959716797e+00
5.371659994125366211e+00
4.572122097015380859e+00
3.887255668640136719e+00
4.338423013687133789e+00
4.087498903274536133e+00
4.111045837402343750e+00
3.581079721450805664e+00
3.957383155822753906e+00
4.356069803237915039e+00
4.730633020401000977e+00
4.388695001602172852e+00
4.031941175460815430e+00
3.656697750091552734e+00
3.641049146652221680e+00
3.367676258087158203e+00
3.513616323471069336e+00
3.646977901458740234e+00
5.517800807952880859e+00
3.686937093734741211e+00
4.031867980957031250e+00
4.341587066650390625e+00
4.749196052551269531e+00
3.907948970794677734e+00
4.447047233581542969e+00
3.838528871536254883e+00
5.724845170974731445e+00
3.598145961761474609e+00
4.163871049880981445e+00
4.308625936508178711e+00
3.446454048156738281e+00
4.460519313812255859e+00
3.874405145645141602e+00
4.127809047698974609e+00
4.160425901412963867e+00
5.726185321807861328e+00
3.375272989273071289e+00
3.859484910964965820e+00
4.077562093734741211e+00
3.760893344879150391e+00
4.530308723449707031e+00
3.959480047225952148e+00
3.909091711044311523e+00
3.794036865234375000e+00
3.050867795944213867e+00
4.616875886917114258e+00
4.776605129241943359e+00
4.071831703186035156e+00
3.593014001846313477e+00
2.912029027938842773e+00
4.566018104553222656e+00
3.430286169052124023e+00
3.851888895034790039e+00
4.772170066833496094e+00
4.564882040023803711e+00
5.114696025848388672e+00
3.721889019012451172e+00
5.042518138885498047e+00
5.067074060440063477e+00
3.556755065917968750e+00
4.415715694427490234e+00
4.672052860260009766e+00
5.113945007324218750e+00
4.745062112808227539e+00
4.609787940979003906e+00
4.421310901641845703e+00
4.712733030319213867e+00
3.576909780502319336e+00
3.949825763702392578e+00
4.169265747070312500e+00
4.402915239334106445e+00
4.767655134201049805e+00
3.662485837936401367e+00
3.714412212371826172e+00
3.591528177261352539e+00
4.651105880737304688e+00
3.879141807556152344e+00
4.155307054519653320e+00
4.253878831863403320e+00
4.560205936431884766e+00
4.259387016296386719e+00
3.765751123428344727e+00
4.994532823562622070e+00
4.306621074676513672e+00
5.100891113281250000e+00
3.883374214172363281e+00
5.128237009048461914e+00
5.481047153472900391e+00
5.232285976409912109e+00
5.258759737014770508e+00
4.688346147537231445e+00
4.568754911422729492e+00
4.106541156768798828e+00
3.494688272476196289e+00
5.025624752044677734e+00
4.711843013763427734e+00
4.679286956787109375e+00
4.713927030563354492e+00
5.342389106750488281e+00
6.113128185272216797e+00
4.975605010986328125e+00
4.947182893753051758e+00
3.564942836761474609e+00
4.782871961593627930e+00
4.803302764892578125e+00
5.206271409988403320e+00
5.420144319534301758e+00
3.827496051788330078e+00
5.055038928985595703e+00
4.298859834671020508e+00
4.515116691589355469e+00
3.509701728820800781e+00
3.667358875274658203e+00
4.990588903427124023e+00
4.666898965835571289e+00
4.371096849441528320e+00
3.905609130859375000e+00
3.813535928726196289e+00
5.560764789581298828e+00
5.415477991104125977e+00
4.394577980041503906e+00
4.365846157073974609e+00
5.507982969284057617e+00
5.620006084442138672e+00
4.968418121337890625e+00
5.179643154144287109e+00
3.980025768280029297e+00
2.211983919143676758e+00
4.863596677780151367e+00
2.630864143371582031e+00
3.448571920394897461e+00
4.853976011276245117e+00
4.607640027999877930e+00
4.714563846588134766e+00
4.632130146026611328e+00
4.953884840011596680e+00
3.496911048889160156e+00
3.015014886856079102e+00
5.183490037918090820e+00
2.794773101806640625e+00
4.540068864822387695e+00
3.730534791946411133e+00
5.327838897705078125e+00
5.826529026031494141e+00
5.368065118789672852e+00
5.566355943679809570e+00
4.405379056930541992e+00
5.802873849868774414e+00
3.942190170288085938e+00
5.603893041610717773e+00
4.094732999801635742e+00
4.974362850189208984e+00
4.724007129669189453e+00
4.442873954772949219e+00
5.126302003860473633e+00
4.896031856536865234e+00
3.938466072082519531e+00
3.767765998840332031e+00
4.521723747253417969e+00
4.140866041183471680e+00
3.825561046600341797e+00
4.069242954254150391e+00
4.282912969589233398e+00
5.312975168228149414e+00
5.144706010818481445e+00
4.432758092880249023e+00
3.938030719757080078e+00
3.472822904586791992e+00
4.712587118148803711e+00
4.554399967193603516e+00
4.595975875854492188e+00
4.152703046798706055e+00
3.293600082397460938e+00
4.855868816375732422e+00
5.556029796600341797e+00
3.808942794799804688e+00
5.299848079681396484e+00
3.123654842376708984e+00
4.810545921325683594e+00
5.642240047454833984e+00
6.025127887725830078e+00
3.508177042007446289e+00
4.484342098236083984e+00
4.667929649353027344e+00
3.446589946746826172e+00
5.144681930541992188e+00
4.707066774368286133e+00
5.255631685256958008e+00
3.379950046539306641e+00
5.437417984008789062e+00
4.573504924774169922e+00
4.171811103820800781e+00
4.634747743606567383e+00
3.816764116287231445e+00
4.225691795349121094e+00
4.336205959320068359e+00
3.499531030654907227e+00
3.864223003387451172e+00
4.884486198425292969e+00
4.623868227005004883e+00
5.337236881256103516e+00
2.862646579742431641e+00
4.754871129989624023e+00
3.394402027130126953e+00
3.874993801116943359e+00
4.365212917327880859e+00
4.923748731613159180e+00
4.569851160049438477e+00
7.637053251266479492e+00
3.775853872299194336e+00
5.243823051452636719e+00
5.427530050277709961e+00
3.936192035675048828e+00
4.013634681701660156e+00
6.391023159027099609e+00
4.741486787796020508e+00
5.157462835311889648e+00
5.119158029556274414e+00
4.878274917602539062e+00
4.164663076400756836e+00
4.679401874542236328e+00
3.876877784729003906e+00
3.725969314575195312e+00
5.537270069122314453e+00
4.309504032135009766e+00
4.063395738601684570e+00
4.834962844848632812e+00
4.684745073318481445e+00
4.761324882507324219e+00
6.192368030548095703e+00
6.021152019500732422e+00
3.999825000762939453e+00
3.873982906341552734e+00
4.117172002792358398e+00
4.431873083114624023e+00
3.990666151046752930e+00
5.418280839920043945e+00
4.601131916046142578e+00
4.198434114456176758e+00
4.216645956039428711e+00
6.640573978424072266e+00
4.077750921249389648e+00
4.221262693405151367e+00
5.403348922729492188e+00
4.272000074386596680e+00
5.314233064651489258e+00
5.400665044784545898e+00
4.448448896408081055e+00
5.600135803222656250e+00
5.840964794158935547e+00
2.854206085205078125e+00
4.231637001037597656e+00
3.446282148361206055e+00
2.913866043090820312e+00
4.520298004150390625e+00
4.577511072158813477e+00
4.000864744186401367e+00
5.846938133239746094e+00
4.062758207321166992e+00
2.913853883743286133e+00
4.773703813552856445e+00
4.821905851364135742e+00
4.741954088211059570e+00
5.090104103088378906e+00
4.012584924697875977e+00
4.494755268096923828e+00
3.613748073577880859e+00
4.439150094985961914e+00
4.630071640014648438e+00
4.840733051300048828e+00
4.881943941116333008e+00
2.945486068725585938e+00
4.220326900482177734e+00
4.830420017242431641e+00
4.188565969467163086e+00
4.742702960968017578e+00
4.710830926895141602e+00
3.909831047058105469e+00
4.653996229171752930e+00
3.977771043777465820e+00
3.364566802978515625e+00
4.906572103500366211e+00
3.104863882064819336e+00
4.728661775588989258e+00
6.438523769378662109e+00
3.321249008178710938e+00
4.610684156417846680e+00
4.623667001724243164e+00
4.432143211364746094e+00
4.917920827865600586e+00
4.018810272216796875e+00
3.731647968292236328e+00
3.786099910736083984e+00
5.238945007324218750e+00
3.778172969818115234e+00
4.068598031997680664e+00
4.900295019149780273e+00
5.620106935501098633e+00
3.856568098068237305e+00
5.039659738540649414e+00
4.325533151626586914e+00
4.031498193740844727e+00
5.316644906997680664e+00
4.476852893829345703e+00
5.078967094421386719e+00
3.945283174514770508e+00
5.489212036132812500e+00
5.718316793441772461e+00
5.959991931915283203e+00
3.423414707183837891e+00
5.463093042373657227e+00
5.391944885253906250e+00
5.243329048156738281e+00
4.148000955581665039e+00
7.575246095657348633e+00
5.662468910217285156e+00
4.493318796157836914e+00
4.766460895538330078e+00
3.359382152557373047e+00
4.782871007919311523e+00
4.736523866653442383e+00
3.676182031631469727e+00
3.750219106674194336e+00
4.815820932388305664e+00
4.837198257446289062e+00
3.141058683395385742e+00
4.110822200775146484e+00
3.213212013244628906e+00
5.160434246063232422e+00
3.141530275344848633e+00
5.900552034378051758e+00
4.681584119796752930e+00
4.152881860733032227e+00
5.093491077423095703e+00
4.420030117034912109e+00
2.842309713363647461e+00
4.755693674087524414e+00
4.898388862609863281e+00
5.210005044937133789e+00
4.257854223251342773e+00
5.592723846435546875e+00
3.241183042526245117e+00
4.396995782852172852e+00
4.353120088577270508e+00
5.055601835250854492e+00
3.949167966842651367e+00
5.783780813217163086e+00
4.638771057128906250e+00
4.381487131118774414e+00
3.074007034301757812e+00
4.725997686386108398e+00
2.897114992141723633e+00
4.287411928176879883e+00
4.948849916458129883e+00
3.536685705184936523e+00
3.717941999435424805e+00
4.735287904739379883e+00
3.299297094345092773e+00
3.875880956649780273e+00
3.874225854873657227e+00
4.178954124450683594e+00
3.277585029602050781e+00
4.263916969299316406e+00
4.585097074508666992e+00
4.626553058624267578e+00
3.152926921844482422e+00
3.514847993850708008e+00
4.315962791442871094e+00
3.733775854110717773e+00
4.328835010528564453e+00
5.060813188552856445e+00
4.680138826370239258e+00
3.827979087829589844e+00
4.963425159454345703e+00
4.822334051132202148e+00
5.451792240142822266e+00
4.531875848770141602e+00
4.862099885940551758e+00
5.295919179916381836e+00
5.320594072341918945e+00
3.590236186981201172e+00
4.479305267333984375e+00
4.542130947113037109e+00
4.211533069610595703e+00
5.403577089309692383e+00
4.145017147064208984e+00
3.391384124755859375e+00
4.927322864532470703e+00
4.494579792022705078e+00
4.597119092941284180e+00
4.705377101898193359e+00
5.658104896545410156e+00
4.222475051879882812e+00
5.504276990890502930e+00
4.359768152236938477e+00
4.946434259414672852e+00
4.586986064910888672e+00
4.809622049331665039e+00
6.366848945617675781e+00
5.706401824951171875e+00
3.986222028732299805e+00
3.834944963455200195e+00
4.716025114059448242e+00
5.250711679458618164e+00
3.732587099075317383e+00
4.913234949111938477e+00
5.005096197128295898e+00
4.256248950958251953e+00
4.227829933166503906e+00
5.069133996963500977e+00
5.488520860671997070e+00
6.006478071212768555e+00
3.600037336349487305e+00
4.303683280944824219e+00
3.846520900726318359e+00
5.511427164077758789e+00
4.673327684402465820e+00
4.290948867797851562e+00
3.940231800079345703e+00
4.701312065124511719e+00
4.822774171829223633e+00
5.211208820343017578e+00
5.233073949813842773e+00
5.562680006027221680e+00
3.260628938674926758e+00
3.885428905487060547e+00
3.453925848007202148e+00
5.968576908111572266e+00
4.751192092895507812e+00
4.917562961578369141e+00
5.718750953674316406e+00
4.799700021743774414e+00
5.315841913223266602e+00
5.994529962539672852e+00
4.870460987091064453e+00
5.202385187149047852e+00
5.672039985656738281e+00
6.611188411712646484e+00
6.122123003005981445e+00
4.220965862274169922e+00
4.263247013092041016e+00
4.246703147888183594e+00
4.322124958038330078e+00
4.713260173797607422e+00
3.521645069122314453e+00
5.466701984405517578e+00
4.376547098159790039e+00
3.481048107147216797e+00
5.122356891632080078e+00
2.600171089172363281e+00
5.022660017013549805e+00
3.707652091979980469e+00
4.800766944885253906e+00
4.541828870773315430e+00
4.858772993087768555e+00
4.463485002517700195e+00
5.109777927398681641e+00
3.392591953277587891e+00
4.808119058609008789e+00
4.875250101089477539e+00
4.753851175308227539e+00
3.939179182052612305e+00
3.973021984100341797e+00
3.502516031265258789e+00
4.497272968292236328e+00
3.938449859619140625e+00
4.711879014968872070e+00
5.065888881683349609e+00
3.973241806030273438e+00
5.087869882583618164e+00
4.489745140075683594e+00
5.018757104873657227e+00
3.877429008483886719e+00
4.014990806579589844e+00
4.065140962600708008e+00
4.092908143997192383e+00
4.700984954833984375e+00
3.300067901611328125e+00
4.073620319366455078e+00
4.089997053146362305e+00
4.572727203369140625e+00
3.324030876159667969e+00
4.531632184982299805e+00
5.247746944427490234e+00
3.316215991973876953e+00
3.936658859252929688e+00
4.241177082061767578e+00
4.246857881546020508e+00
4.073277235031127930e+00
4.007091999053955078e+00
4.875730991363525391e+00
4.625153064727783203e+00
4.908756971359252930e+00
6.191202878952026367e+00
4.192790985107421875e+00
5.256397247314453125e+00
4.363411903381347656e+00
5.196634054183959961e+00
3.154828071594238281e+00
3.434698820114135742e+00
6.869338274002075195e+00
3.062348127365112305e+00
4.903150081634521484e+00
3.617823123931884766e+00
5.409062147140502930e+00
4.775489807128906250e+00
4.826973915100097656e+00
4.989889144897460938e+00
3.704964876174926758e+00
5.026751041412353516e+00
4.418421983718872070e+00
6.059809684753417969e+00
3.766661882400512695e+00
3.795861005783081055e+00
3.393731832504272461e+00
3.753883123397827148e+00
3.696978092193603516e+00
4.552300214767456055e+00
4.543192148208618164e+00
2.918224096298217773e+00
3.872453927993774414e+00
4.015854120254516602e+00
3.409881114959716797e+00
3.471822977066040039e+00
3.476348161697387695e+00
4.122666835784912109e+00
3.769054889678955078e+00
4.867269992828369141e+00
3.451425075531005859e+00
3.992605209350585938e+00
4.728606939315795898e+00
4.030027151107788086e+00
3.517279863357543945e+00
4.148485898971557617e+00
3.145035028457641602e+00
2.820912122726440430e+00
5.094769954681396484e+00
5.168686628341674805e+00
4.910445213317871094e+00
5.033059835433959961e+00
4.338564157485961914e+00
3.223573923110961914e+00
4.238924026489257812e+00
3.717477083206176758e+00
4.386085033416748047e+00
4.908614873886108398e+00
5.691194295883178711e+00
3.821357965469360352e+00
3.203545093536376953e+00
3.093568801879882812e+00
3.836502075195312500e+00
3.855259895324707031e+00
2.955986738204956055e+00
3.164419174194335938e+00
5.376559972763061523e+00
5.398682832717895508e+00
3.780118942260742188e+00
4.022630214691162109e+00
5.054818868637084961e+00
3.468249082565307617e+00
5.366014003753662109e+00
3.398640155792236328e+00
3.567472219467163086e+00
3.260524034500122070e+00
3.597456932067871094e+00
3.188911199569702148e+00
5.498382091522216797e+00
4.832488775253295898e+00
3.909921884536743164e+00
3.528581857681274414e+00
4.372183799743652344e+00
4.052584886550903320e+00
4.831315040588378906e+00
4.552557945251464844e+00
3.634471893310546875e+00
3.566890001296997070e+00
4.851630926132202148e+00
4.572438001632690430e+00
3.992151737213134766e+00
3.466902017593383789e+00
4.123997926712036133e+00
3.358894109725952148e+00
4.513438224792480469e+00
4.956594944000244141e+00
4.588572025299072266e+00
3.922319889068603516e+00
4.159950971603393555e+00
3.818605184555053711e+00
3.788466930389404297e+00
3.187315940856933594e+00
4.464942932128906250e+00
3.742153167724609375e+00
4.532007932662963867e+00
4.163809061050415039e+00
4.756237030029296875e+00
4.634771108627319336e+00
3.884321928024291992e+00
4.833386898040771484e+00
3.994905948638916016e+00
4.920140027999877930e+00
3.725272893905639648e+00
4.304868936538696289e+00
3.983778953552246094e+00
4.110373020172119141e+00
4.365844011306762695e+00
2.890222072601318359e+00
3.403521060943603516e+00
4.044919967651367188e+00
4.360100984573364258e+00
4.525300979614257812e+00
4.638463973999023438e+00
3.980758905410766602e+00
4.284508943557739258e+00
2.959580183029174805e+00
4.214766979217529297e+00
4.627742052078247070e+00
3.430975198745727539e+00
4.437138080596923828e+00
3.377573728561401367e+00
4.504709959030151367e+00
5.492562294006347656e+00
3.004200935363769531e+00
3.841408014297485352e+00
3.659324884414672852e+00
4.370837926864624023e+00
5.299386024475097656e+00
4.109038114547729492e+00
4.394119977951049805e+00
4.968712091445922852e+00
4.240632772445678711e+00
3.883325815200805664e+00
4.413121938705444336e+00
5.939013004302978516e+00
4.590960025787353516e+00
4.813303947448730469e+00
4.797727108001708984e+00
4.638809204101562500e+00
4.943861007690429688e+00
5.499521017074584961e+00
5.189698219299316406e+00
4.756697177886962891e+00
5.246026992797851562e+00
4.976860046386718750e+00
5.512862920761108398e+00
4.904665231704711914e+00
4.929946184158325195e+00
5.855212688446044922e+00
4.748942852020263672e+00
6.023148059844970703e+00
5.736419916152954102e+00
4.875037193298339844e+00
4.819633960723876953e+00
3.804636955261230469e+00
4.666958093643188477e+00
5.043778896331787109e+00
4.240628957748413086e+00
5.226130962371826172e+00
4.878043889999389648e+00
4.516223907470703125e+00
4.274610042572021484e+00
3.561599969863891602e+00
4.906039953231811523e+00
4.084809064865112305e+00
4.186418771743774414e+00
4.889974117279052734e+00
4.266339063644409180e+00
5.079798936843872070e+00
4.323006153106689453e+00
5.368611097335815430e+00
4.325380086898803711e+00
3.438393831253051758e+00
4.422733783721923828e+00
4.127445936203002930e+00
5.063037872314453125e+00
3.394415140151977539e+00
5.508018970489501953e+00
4.048255920410156250e+00
5.509877920150756836e+00
5.602674961090087891e+00
5.307158946990966797e+00
3.767457008361816406e+00
4.673165082931518555e+00
4.658627033233642578e+00
4.268751859664916992e+00
4.511169910430908203e+00
3.498271942138671875e+00
4.226022243499755859e+00
3.322777986526489258e+00
4.772604942321777344e+00
3.905417919158935547e+00
4.706385850906372070e+00
5.697119951248168945e+00
4.730679035186767578e+00
4.771512269973754883e+00
5.483132839202880859e+00
4.006635904312133789e+00
5.117787122726440430e+00
4.294393062591552734e+00
4.298560142517089844e+00
4.978930950164794922e+00
4.833014965057373047e+00
3.631909847259521484e+00
4.027748107910156250e+00
4.056468963623046875e+00
4.864170074462890625e+00
6.117414712905883789e+00
4.626589298248291016e+00
3.720959186553955078e+00
4.072641134262084961e+00
5.935827016830444336e+00
5.364070892333984375e+00
5.393491029739379883e+00
3.687641143798828125e+00
5.292174100875854492e+00
3.544376134872436523e+00
4.623391866683959961e+00
3.702632904052734375e+00
5.490566015243530273e+00
4.201607942581176758e+00
5.537626981735229492e+00
3.434490919113159180e+00
5.657876014709472656e+00
5.477027177810668945e+00
4.394814968109130859e+00
5.944590806961059570e+00
3.678389072418212891e+00
4.688097000122070312e+00
5.692052125930786133e+00
5.822594881057739258e+00
5.614465951919555664e+00
4.808871030807495117e+00
5.670175313949584961e+00
4.832576036453247070e+00
4.784160137176513672e+00
3.580015897750854492e+00
5.237753868103027344e+00
2.874897956848144531e+00
6.190639019012451172e+00
4.388187885284423828e+00
5.830522060394287109e+00
5.818135023117065430e+00
3.957325935363769531e+00
3.896128654479980469e+00
3.785195112228393555e+00
4.596585988998413086e+00
4.330247879028320312e+00
5.870871782302856445e+00
5.785532951354980469e+00
4.043651103973388672e+00
4.675849914550781250e+00
5.827014923095703125e+00
5.595982074737548828e+00
5.834680795669555664e+00
5.911152124404907227e+00
5.125964879989624023e+00
3.667706966400146484e+00
5.425374984741210938e+00
4.781443834304809570e+00
3.064003229141235352e+00
5.703452825546264648e+00
4.517568111419677734e+00
4.500490903854370117e+00
4.048815727233886719e+00
4.100499153137207031e+00
5.817464113235473633e+00
3.191977977752685547e+00
6.130599260330200195e+00
4.870064735412597656e+00
3.444504976272583008e+00
4.938406944274902344e+00
3.600475072860717773e+00
6.135438203811645508e+00
6.559530019760131836e+00
3.767092943191528320e+00
5.423178195953369141e+00
3.567471027374267578e+00
4.053694248199462891e+00
4.741817712783813477e+00
5.954142808914184570e+00
2.853977918624877930e+00
5.980618000030517578e+00
4.537744998931884766e+00
4.052679061889648438e+00
5.728370189666748047e+00
5.182783842086791992e+00
4.683922052383422852e+00
4.663290739059448242e+00
6.131394147872924805e+00
4.757400989532470703e+00
4.686711072921752930e+00
4.113452911376953125e+00
3.744014024734497070e+00
4.157191753387451172e+00
5.459861040115356445e+00
5.639819860458374023e+00
5.285991907119750977e+00
3.394277095794677734e+00
6.455938100814819336e+00
4.860644817352294922e+00
5.057666778564453125e+00
5.790317058563232422e+00
5.593444824218750000e+00
6.459115028381347656e+00
6.511715888977050781e+00
5.557916164398193359e+00
5.233630895614624023e+00
4.452144861221313477e+00
6.475112915039062500e+00
5.276844024658203125e+00
5.573909044265747070e+00
3.809593200683593750e+00
3.499109029769897461e+00
4.852358102798461914e+00
4.719023227691650391e+00
4.111799955368041992e+00
4.092034101486206055e+00
4.956895828247070312e+00
5.115976810455322266e+00
4.988805294036865234e+00
5.391808032989501953e+00
5.830898046493530273e+00
6.552964925765991211e+00
4.063915014266967773e+00
6.250648975372314453e+00
4.585273027420043945e+00
4.828537225723266602e+00
4.011840820312500000e+00
4.875144004821777344e+00
2.570597171783447266e+00
5.910171031951904297e+00
4.125396013259887695e+00
3.058337926864624023e+00
4.216423988342285156e+00
4.341946125030517578e+00
2.613926887512207031e+00
2.825751066207885742e+00
4.369053840637207031e+00
2.876361846923828125e+00
6.175738811492919922e+00
4.410365819931030273e+00
5.232592821121215820e+00
2.643314838409423828e+00
3.164155960083007812e+00
3.310650110244750977e+00
2.905435800552368164e+00
4.251780033111572266e+00
5.234897136688232422e+00
3.324810981750488281e+00
4.919283866882324219e+00
3.333997011184692383e+00
3.253325939178466797e+00
3.158704042434692383e+00
4.993735074996948242e+00
5.884977817535400391e+00
4.802491188049316406e+00
3.556978940963745117e+00
2.217457771301269531e+00
3.519282102584838867e+00
4.784282922744750977e+00
3.198040246963500977e+00
3.263271331787109375e+00
2.173720836639404297e+00
3.137514114379882812e+00
3.305396080017089844e+00
2.976668119430541992e+00
2.402759313583374023e+00
3.002644062042236328e+00
3.069988012313842773e+00
3.154525995254516602e+00
3.543902873992919922e+00
3.256173133850097656e+00
3.700008392333984375e+00
3.179978132247924805e+00
3.504745960235595703e+00
3.588375091552734375e+00
2.530462980270385742e+00
4.082380056381225586e+00
3.665366888046264648e+00
3.826426982879638672e+00
3.722999095916748047e+00
3.639227867126464844e+00
3.615778923034667969e+00
3.774446964263916016e+00
3.411259174346923828e+00
3.057955026626586914e+00
4.026078939437866211e+00
3.836843013763427734e+00
3.723200082778930664e+00
3.297054052352905273e+00
3.928876161575317383e+00
3.655424118041992188e+00
3.396784067153930664e+00
3.143792867660522461e+00
2.611711978912353516e+00
3.240308046340942383e+00
4.191346883773803711e+00
3.030548095703125000e+00
3.816179990768432617e+00
3.771235227584838867e+00
3.674654960632324219e+00
3.913754701614379883e+00
3.388118028640747070e+00
3.478872060775756836e+00
3.411743164062500000e+00
3.251293897628784180e+00
2.616828918457031250e+00
3.671299934387207031e+00
3.291420936584472656e+00
2.984066009521484375e+00
3.521146059036254883e+00
4.073938846588134766e+00
3.652837991714477539e+00
4.498510122299194336e+00
3.659957885742187500e+00
4.266170740127563477e+00
3.527062177658081055e+00
3.622769117355346680e+00
3.739701032638549805e+00
3.770915985107421875e+00
3.629649877548217773e+00
4.492321014404296875e+00
3.818950891494750977e+00
3.821987152099609375e+00
3.897578001022338867e+00
3.888799905776977539e+00
3.805768251419067383e+00
4.133442163467407227e+00
3.578117847442626953e+00
4.118322134017944336e+00
4.233428001403808594e+00
3.619581937789916992e+00
3.076058149337768555e+00
4.333587169647216797e+00
3.454020023345947266e+00
5.106154918670654297e+00
4.052185058593750000e+00
3.797513961791992188e+00
4.220382928848266602e+00
4.286016941070556641e+00
3.822844028472900391e+00
3.792463779449462891e+00
4.483906984329223633e+00
4.514248847961425781e+00
4.407819032669067383e+00
3.896338939666748047e+00
4.400892972946166992e+00
4.082184076309204102e+00
3.900854110717773438e+00
3.995957374572753906e+00
4.468424081802368164e+00
4.190005064010620117e+00
4.087306976318359375e+00
4.319668292999267578e+00
4.507688999176025391e+00
4.123092174530029297e+00
4.524967193603515625e+00
4.978379011154174805e+00
4.612962961196899414e+00
3.788362979888916016e+00
3.985294103622436523e+00
4.038560152053833008e+00
3.905736923217773438e+00
4.193322896957397461e+00
4.382589817047119141e+00
4.077244758605957031e+00
4.307983160018920898e+00
3.905461072921752930e+00
4.398099899291992188e+00
4.565250635147094727e+00
4.433158159255981445e+00
4.691309213638305664e+00
4.479413986206054688e+00
4.142390966415405273e+00
4.977527141571044922e+00
4.000144958496093750e+00
4.736814975738525391e+00
4.068289041519165039e+00
4.850631237030029297e+00
4.707717895507812500e+00
4.546542882919311523e+00
5.005342960357666016e+00
4.544887781143188477e+00
3.668044090270996094e+00
4.950850009918212891e+00
5.452435016632080078e+00
4.675371170043945312e+00
5.574293851852416992e+00
4.782388925552368164e+00
4.663507938385009766e+00
4.644737005233764648e+00
5.609026908874511719e+00
4.589426994323730469e+00
4.657213926315307617e+00
3.710037946701049805e+00
4.965015172958374023e+00
5.222414255142211914e+00
4.895102977752685547e+00
4.890824794769287109e+00
4.429630041122436523e+00
5.464686155319213867e+00
4.932966709136962891e+00
4.854454994201660156e+00
5.086186885833740234e+00
5.023648738861083984e+00
4.153779983520507812e+00
4.831162929534912109e+00
5.175992250442504883e+00
3.451757192611694336e+00
5.295361995697021484e+00
4.753361940383911133e+00
5.735888957977294922e+00
4.068701982498168945e+00
2.687545299530029297e+00
3.957476854324340820e+00
5.813865900039672852e+00
5.270800113677978516e+00
5.073038101196289062e+00
6.132282018661499023e+00
4.498254060745239258e+00
5.050745964050292969e+00
4.452939748764038086e+00
5.952111721038818359e+00
4.611073970794677734e+00
5.380657196044921875e+00
4.317739963531494141e+00
4.584143161773681641e+00
5.326964378356933594e+00
5.557126283645629883e+00
4.877839803695678711e+00
4.769475936889648438e+00
6.401708126068115234e+00
6.373159170150756836e+00
4.980368137359619141e+00
5.744325876235961914e+00
4.612176895141601562e+00
3.828200340270996094e+00
5.981696128845214844e+00
2.971565961837768555e+00
6.260683774948120117e+00
6.985639095306396484e+00
6.537690162658691406e+00
6.208879232406616211e+00
5.793671846389770508e+00
5.916332960128784180e+00
6.270199060440063477e+00
3.926393985748291016e+00
6.262612819671630859e+00
5.796791791915893555e+00
6.262362241744995117e+00
5.103438138961791992e+00
3.523669958114624023e+00
4.980836629867553711e+00
4.514210700988769531e+00
6.277728080749511719e+00
5.749750852584838867e+00
6.460889101028442383e+00
4.921745777130126953e+00
5.059184074401855469e+00
6.660269737243652344e+00
6.127420902252197266e+00
4.547264814376831055e+00
4.095664978027343750e+00
4.744461059570312500e+00
5.606122016906738281e+00
6.210397958755493164e+00
4.781130075454711914e+00
5.302463054656982422e+00
4.638059139251708984e+00
3.142628192901611328e+00
5.009537935256958008e+00
3.767668962478637695e+00
5.920775890350341797e+00
5.511752843856811523e+00
4.643412113189697266e+00
6.575646877288818359e+00
6.702880144119262695e+00
4.403939008712768555e+00
6.326086044311523438e+00
5.318057060241699219e+00
6.606466054916381836e+00
6.367326021194458008e+00
4.592916011810302734e+00
6.298752069473266602e+00
5.739090204238891602e+00
3.363887786865234375e+00
4.491811037063598633e+00
6.170877933502197266e+00
5.048229217529296875e+00
4.475137948989868164e+00
4.642242193222045898e+00
7.145455837249755859e+00
4.719312191009521484e+00
4.751596927642822266e+00
4.790120124816894531e+00
7.161432027816772461e+00
5.233207225799560547e+00
4.902137041091918945e+00
7.303424119949340820e+00
7.380342006683349609e+00
5.767115831375122070e+00
6.098216295242309570e+00
3.459732055664062500e+00
5.392269134521484375e+00
6.954136848449707031e+00
6.003341197967529297e+00
5.166026830673217773e+00
4.894185066223144531e+00
7.158025979995727539e+00
5.478878259658813477e+00
5.546931982040405273e+00
7.219120264053344727e+00
6.081700086593627930e+00
4.899167060852050781e+00
5.229197025299072266e+00
5.749075889587402344e+00
5.434222936630249023e+00
6.885221004486083984e+00
3.704272031784057617e+00
3.699911832809448242e+00
3.755286931991577148e+00
7.202962875366210938e+00
3.980725049972534180e+00
7.002618074417114258e+00
6.645305633544921875e+00
3.864032030105590820e+00
3.698009014129638672e+00
3.830336093902587891e+00
3.456073999404907227e+00
3.749406337738037109e+00
3.947968006134033203e+00
7.074905157089233398e+00
5.216456890106201172e+00
3.563821077346801758e+00
3.657067060470581055e+00
5.212625026702880859e+00
3.787218809127807617e+00
3.880740165710449219e+00
3.683989048004150391e+00
3.863496780395507812e+00
3.984539747238159180e+00
8.197404861450195312e+00
3.588417768478393555e+00
7.570909023284912109e+00
4.041471004486083984e+00
7.081846714019775391e+00
3.981972932815551758e+00
4.158161163330078125e+00
4.121419906616210938e+00
4.006124973297119141e+00
6.305645942687988281e+00
6.052267789840698242e+00
5.623489856719970703e+00
4.785949945449829102e+00
3.478525161743164062e+00
5.482125043869018555e+00
6.011795997619628906e+00
4.745731115341186523e+00
3.484008789062500000e+00
6.358140945434570312e+00
6.690943956375122070e+00
6.067021131515502930e+00
3.689348697662353516e+00
3.613667249679565430e+00
3.219578027725219727e+00
7.855572938919067383e+00
6.095129013061523438e+00
5.180730104446411133e+00
8.623660087585449219e+00
6.555829048156738281e+00
3.621345996856689453e+00
4.182099819183349609e+00
6.248111963272094727e+00
7.183020830154418945e+00
3.264417171478271484e+00
4.038825988769531250e+00
5.758896827697753906e+00
7.257959842681884766e+00
2.976084947586059570e+00
7.279436111450195312e+00
5.922635793685913086e+00
3.194852113723754883e+00
4.967005968093872070e+00
4.148354768753051758e+00
4.149447202682495117e+00
5.105108976364135742e+00
5.485070943832397461e+00
6.110357999801635742e+00
4.941408872604370117e+00
7.307944059371948242e+00
7.298502922058105469e+00
7.769024133682250977e+00
3.321975231170654297e+00
4.456511974334716797e+00
4.271549940109252930e+00
5.657478809356689453e+00
4.808527946472167969e+00
3.332081794738769531e+00
4.773894071578979492e+00
4.825725078582763672e+00
5.169614076614379883e+00
5.648585319519042969e+00
5.226313114166259766e+00
5.273634910583496094e+00
5.600741147994995117e+00
3.369623184204101562e+00
4.959915161132812500e+00
4.563944101333618164e+00
4.275959014892578125e+00
4.518301963806152344e+00
5.876519918441772461e+00
5.902683019638061523e+00
5.673946857452392578e+00
4.961477994918823242e+00
5.062022924423217773e+00
4.865926980972290039e+00
5.938621759414672852e+00
5.054602146148681641e+00
4.987514019012451172e+00
3.862753152847290039e+00
3.098726272583007812e+00
3.469599008560180664e+00
4.852781772613525391e+00
5.096411705017089844e+00
4.776942253112792969e+00
5.331243038177490234e+00
4.609742879867553711e+00
5.330330848693847656e+00
4.680054187774658203e+00
6.260717868804931641e+00
5.370408058166503906e+00
5.002057075500488281e+00
6.075933933258056641e+00
4.422753095626831055e+00
2.694370985031127930e+00
5.803720235824584961e+00
6.464326858520507812e+00
3.711649894714355469e+00
3.778701066970825195e+00
3.823939085006713867e+00
5.336636066436767578e+00
4.425764083862304688e+00
3.910405158996582031e+00
4.236580133438110352e+00
3.135290861129760742e+00
4.673219680786132812e+00
3.685662984848022461e+00
4.106022119522094727e+00
3.549134016036987305e+00
3.786427259445190430e+00
6.391349792480468750e+00
4.867792844772338867e+00
3.385184049606323242e+00
3.165655136108398438e+00
3.889624595642089844e+00
4.675841093063354492e+00
5.768233060836791992e+00
3.386548995971679688e+00
3.589679002761840820e+00
3.529119014739990234e+00
6.022351980209350586e+00
5.785168886184692383e+00
3.604638099670410156e+00
4.066917181015014648e+00
3.808610916137695312e+00
4.240907192230224609e+00
3.620830774307250977e+00
3.122966766357421875e+00
3.417521238327026367e+00
5.271135091781616211e+00
4.333938121795654297e+00
3.888115167617797852e+00
3.904413223266601562e+00
4.322236061096191406e+00
3.124012708663940430e+00
3.429040193557739258e+00
7.283693790435791016e+00
4.117826223373413086e+00
3.897938251495361328e+00
3.852259874343872070e+00
4.199342012405395508e+00
3.320054054260253906e+00
5.301879882812500000e+00
4.702414989471435547e+00
4.086721897125244141e+00
3.459290981292724609e+00
5.418612003326416016e+00
3.739355087280273438e+00
4.735733985900878906e+00
3.639143228530883789e+00
4.316930055618286133e+00
3.539547204971313477e+00
4.810331821441650391e+00
3.676928997039794922e+00
4.104805231094360352e+00
4.589477062225341797e+00
3.559280157089233398e+00
5.696440219879150391e+00
3.898027896881103516e+00
3.005318164825439453e+00
5.199062108993530273e+00
3.583606004714965820e+00
4.901674985885620117e+00
4.598849058151245117e+00
3.862500667572021484e+00
4.063797950744628906e+00
4.038151741027832031e+00
3.911891222000122070e+00
4.996987104415893555e+00
3.272507190704345703e+00
4.886091947555541992e+00
4.385753870010375977e+00
3.324064016342163086e+00
4.505317687988281250e+00
4.801521301269531250e+00
5.446983337402343750e+00
3.164108037948608398e+00
4.744541168212890625e+00
3.231871128082275391e+00
3.368557691574096680e+00
5.133396863937377930e+00
4.281445264816284180e+00
4.869697093963623047e+00
4.462183952331542969e+00
5.234054088592529297e+00
3.287925958633422852e+00
4.621119022369384766e+00
4.825336217880249023e+00
4.185047149658203125e+00
5.272213935852050781e+00
5.026708841323852539e+00
4.285170078277587891e+00
4.700788974761962891e+00
3.570435047149658203e+00
3.487596988677978516e+00
3.290072202682495117e+00
5.592395067214965820e+00
4.553236961364746094e+00
3.684611082077026367e+00
4.696359872817993164e+00
5.527790784835815430e+00
2.444140911102294922e+00
4.713485002517700195e+00
3.455274820327758789e+00
3.598829030990600586e+00
5.021456003189086914e+00
5.582721710205078125e+00
5.554644107818603516e+00
4.470020294189453125e+00
4.504893064498901367e+00
5.100657939910888672e+00
5.617110967636108398e+00
4.809238672256469727e+00
4.841583728790283203e+00
5.262156009674072266e+00
4.888105154037475586e+00
3.670589923858642578e+00
4.605390071868896484e+00
4.832066059112548828e+00
5.038805007934570312e+00
4.538424015045166016e+00
5.161452054977416992e+00
4.569811820983886719e+00
3.609644889831542969e+00
5.419347047805786133e+00
5.915112972259521484e+00
5.215612173080444336e+00
5.826098918914794922e+00
4.983839988708496094e+00
3.908365011215209961e+00
3.726408958435058594e+00
3.788929939270019531e+00
3.761721134185791016e+00
3.269762039184570312e+00
3.771343231201171875e+00
5.157161235809326172e+00
4.817842960357666016e+00
2.986455917358398438e+00
3.798712968826293945e+00
2.998934030532836914e+00
2.979259967803955078e+00
3.049635887145996094e+00
5.119280815124511719e+00
3.058434009552001953e+00
5.209382772445678711e+00
4.197887897491455078e+00
4.067054033279418945e+00
4.250452995300292969e+00
4.232385635375976562e+00
4.211785078048706055e+00
3.627424001693725586e+00
4.223479032516479492e+00
4.030189037322998047e+00
4.589953899383544922e+00
3.535342931747436523e+00
4.712786912918090820e+00
4.673088073730468750e+00
4.879609107971191406e+00
3.728909730911254883e+00
4.323813915252685547e+00
4.821904897689819336e+00
3.201921939849853516e+00
3.834334850311279297e+00
4.340975999832153320e+00
5.241405963897705078e+00
3.906107902526855469e+00
4.927299976348876953e+00
4.844836950302124023e+00
4.557730197906494141e+00
4.659193038940429688e+00
4.117644071578979492e+00
3.881314992904663086e+00
3.883790016174316406e+00
3.514001846313476562e+00
3.345122098922729492e+00
3.088306188583374023e+00
4.169950962066650391e+00
3.674607038497924805e+00
3.755779027938842773e+00
3.615149974822998047e+00
3.516973018646240234e+00
4.773448944091796875e+00
3.542275190353393555e+00
3.768273830413818359e+00
3.515251159667968750e+00
4.396999835968017578e+00
4.826574802398681641e+00
3.355216264724731445e+00
3.296675205230712891e+00
3.425377607345581055e+00
2.911565065383911133e+00
3.377673149108886719e+00
3.459026336669921875e+00
3.905891180038452148e+00
5.652657985687255859e+00
4.089227914810180664e+00
4.069357156753540039e+00
4.667186975479125977e+00
4.201010942459106445e+00
4.302026987075805664e+00
4.321041822433471680e+00
4.492836713790893555e+00
4.331646919250488281e+00
4.779975891113281250e+00
4.809078931808471680e+00
5.055086135864257812e+00
4.551523923873901367e+00
4.075057983398437500e+00
3.271976947784423828e+00
4.419167995452880859e+00
4.459117889404296875e+00
3.674030065536499023e+00
3.636437177658081055e+00
3.704125881195068359e+00
5.022279024124145508e+00
4.979218244552612305e+00
4.262025117874145508e+00
4.513456106185913086e+00
4.977843046188354492e+00
3.664346694946289062e+00
4.890925884246826172e+00
5.026020765304565430e+00
5.060880899429321289e+00
4.287420034408569336e+00
4.393752098083496094e+00
3.621989011764526367e+00
3.811342954635620117e+00
4.466469049453735352e+00
3.714452028274536133e+00
5.207360982894897461e+00
3.811739921569824219e+00
5.255329132080078125e+00
2.674937009811401367e+00
3.752609252929687500e+00
5.202634096145629883e+00
4.433810949325561523e+00
3.937453031539916992e+00
3.763008832931518555e+00
3.145056009292602539e+00
4.274103879928588867e+00
3.145410060882568359e+00
3.891561269760131836e+00
3.281971931457519531e+00
4.174363851547241211e+00
3.238452196121215820e+00
4.421469926834106445e+00
3.049147129058837891e+00
3.922619819641113281e+00
4.483417272567749023e+00
4.346181869506835938e+00
4.239038228988647461e+00
3.334590911865234375e+00
4.962417840957641602e+00
4.308063030242919922e+00
4.896631002426147461e+00
4.359747886657714844e+00
3.488944768905639648e+00
4.948576927185058594e+00
5.675359964370727539e+00
4.381891012191772461e+00
3.202371835708618164e+00
3.557313919067382812e+00
3.567071914672851562e+00
3.746064186096191406e+00
4.687863111495971680e+00
3.679424047470092773e+00
3.997607946395874023e+00
4.241146087646484375e+00
3.694464921951293945e+00
4.047786951065063477e+00
4.661535024642944336e+00
4.139712810516357422e+00
4.776298046112060547e+00
3.472380161285400391e+00
4.558449268341064453e+00
3.916800737380981445e+00
4.020647764205932617e+00
3.955750942230224609e+00
4.243530988693237305e+00
5.253869056701660156e+00
3.833497047424316406e+00
4.526843070983886719e+00
4.596087217330932617e+00
3.225084066390991211e+00
5.004219055175781250e+00
4.788125038146972656e+00
4.302295207977294922e+00
4.290854930877685547e+00
3.900281906127929688e+00
3.977824926376342773e+00
4.123220920562744141e+00
5.318800926208496094e+00
4.648931980133056641e+00
4.444956064224243164e+00
3.808945894241333008e+00
4.000400304794311523e+00
4.303506851196289062e+00
5.831032037734985352e+00
5.094594001770019531e+00
4.013647794723510742e+00
4.490975856781005859e+00
4.514494895935058594e+00
5.134590148925781250e+00
4.185194015502929688e+00
4.852645874023437500e+00
4.273730039596557617e+00
4.895847797393798828e+00
4.538408041000366211e+00
5.491799831390380859e+00
4.299720287322998047e+00
4.613204956054687500e+00
4.231315135955810547e+00
3.389256000518798828e+00
4.606294155120849609e+00
4.776384830474853516e+00
4.470910072326660156e+00
3.709238052368164062e+00
4.599503993988037109e+00
5.216068267822265625e+00
4.922205209732055664e+00
4.743607044219970703e+00
4.797186136245727539e+00
4.542731046676635742e+00
4.370436191558837891e+00
5.126051902770996094e+00
4.968255043029785156e+00
4.463174819946289062e+00
4.506392717361450195e+00
3.814460992813110352e+00
5.124704122543334961e+00
5.582477807998657227e+00
5.544889926910400391e+00
3.728099822998046875e+00
5.387010097503662109e+00
3.856762647628784180e+00
5.313404083251953125e+00
5.454206943511962891e+00
5.428367137908935547e+00
5.094877004623413086e+00
5.484334945678710938e+00
5.531163215637207031e+00
4.993880033493041992e+00
5.214196920394897461e+00
6.465099096298217773e+00
5.051952838897705078e+00
3.203269958496093750e+00
5.714385986328125000e+00
3.282275915145874023e+00
4.243319034576416016e+00
3.784990072250366211e+00
3.841338872909545898e+00
4.342493057250976562e+00
3.587050914764404297e+00
4.306121110916137695e+00
4.081073284149169922e+00
3.597190856933593750e+00
3.691812992095947266e+00
5.498779773712158203e+00
4.985361814498901367e+00
3.664642095565795898e+00
4.496929168701171875e+00
3.684762001037597656e+00
6.073261976242065430e+00
3.702203035354614258e+00
5.860291004180908203e+00
5.360985755920410156e+00
4.140911102294921875e+00
4.269909858703613281e+00
6.060567855834960938e+00
4.474255084991455078e+00
3.842575788497924805e+00
3.471804857254028320e+00
3.077044963836669922e+00
2.829930067062377930e+00
4.384045124053955078e+00
3.886243104934692383e+00
3.638408899307250977e+00
5.701946735382080078e+00
5.892671108245849609e+00
4.854428052902221680e+00
3.092122077941894531e+00
5.687821865081787109e+00
3.904582262039184570e+00
3.756146907806396484e+00
4.705461025238037109e+00
4.512372016906738281e+00
3.139865159988403320e+00
5.022163867950439453e+00
3.594070911407470703e+00
4.569010019302368164e+00
3.321882009506225586e+00
4.499193191528320312e+00
4.067160844802856445e+00
4.745610952377319336e+00
5.139417886734008789e+00
4.672336339950561523e+00
4.249153137207031250e+00
5.233030080795288086e+00
4.345192193984985352e+00
5.665052890777587891e+00
4.089853048324584961e+00
5.219796895980834961e+00
4.452001094818115234e+00
4.484251976013183594e+00
3.196497201919555664e+00
6.713034868240356445e+00
4.842706918716430664e+00
3.823748111724853516e+00
3.613590955734252930e+00
4.038241147994995117e+00
4.311046123504638672e+00
6.207769870758056641e+00
3.775825977325439453e+00
5.460211038589477539e+00
4.135395050048828125e+00
5.134582042694091797e+00
4.315850973129272461e+00
4.455869197845458984e+00
4.333192825317382812e+00
4.109293937683105469e+00
4.518465042114257812e+00
4.150197029113769531e+00
7.005574226379394531e+00
4.732271194458007812e+00
5.329996109008789062e+00
4.377547979354858398e+00
3.806751012802124023e+00
4.367374181747436523e+00
4.455705881118774414e+00
5.996685028076171875e+00
3.825015068054199219e+00
4.834764003753662109e+00
5.461458921432495117e+00
3.736310005187988281e+00
4.453953981399536133e+00
4.539253950119018555e+00
4.091522216796875000e+00
4.426863670349121094e+00
5.617905378341674805e+00
4.536046981811523438e+00
3.878479957580566406e+00
4.633172988891601562e+00
4.218278884887695312e+00
5.607207059860229492e+00
3.882293939590454102e+00
5.363952875137329102e+00
4.638770818710327148e+00
4.168276071548461914e+00
4.627493858337402344e+00
4.188750028610229492e+00
7.337212085723876953e+00
3.975589036941528320e+00
4.735708236694335938e+00
2.807736158370971680e+00
6.068365812301635742e+00
4.510946035385131836e+00
2.992367029190063477e+00
4.356461048126220703e+00
5.041582107543945312e+00
4.428833961486816406e+00
4.019649982452392578e+00
3.342667102813720703e+00
4.623966932296752930e+00
6.273581981658935547e+00
4.845134019851684570e+00
4.704391241073608398e+00
4.221771001815795898e+00
4.185129880905151367e+00
3.549126863479614258e+00
3.263668775558471680e+00
3.409997224807739258e+00
3.262954950332641602e+00
3.362941026687622070e+00
3.665721178054809570e+00
4.039642095565795898e+00
3.484166860580444336e+00
6.055833101272583008e+00
3.102418899536132812e+00
4.779833078384399414e+00
3.578745841979980469e+00
4.086888790130615234e+00
3.812144041061401367e+00
3.560436010360717773e+00
3.990209102630615234e+00
4.836242914199829102e+00
3.808621168136596680e+00
3.954035997390747070e+00
3.564332962036132812e+00
4.105473995208740234e+00
3.722788810729980469e+00
4.628000974655151367e+00
3.606166601181030273e+00
4.435561895370483398e+00
5.325245141983032227e+00
4.230526924133300781e+00
3.094768762588500977e+00
3.048335075378417969e+00
5.011542797088623047e+00
4.612370729446411133e+00
4.118415117263793945e+00
3.715337991714477539e+00
4.286558866500854492e+00
4.652708768844604492e+00
5.290391921997070312e+00
4.009573936462402344e+00
4.013442039489746094e+00
5.531205892562866211e+00
3.989873170852661133e+00
4.273793935775756836e+00
4.809788942337036133e+00
5.538078069686889648e+00
4.083801031112670898e+00
4.253047704696655273e+00
3.323995113372802734e+00
3.133697032928466797e+00
3.938980102539062500e+00
4.071775913238525391e+00
4.138439178466796875e+00
7.127555131912231445e+00
5.595239162445068359e+00
5.125347137451171875e+00
3.151479959487915039e+00
5.021308183670043945e+00
4.811084032058715820e+00
4.528151035308837891e+00
3.279723167419433594e+00
4.931783199310302734e+00
4.758597135543823242e+00
4.165795087814331055e+00
4.657864093780517578e+00
4.186421871185302734e+00
3.943600893020629883e+00
4.414206027984619141e+00
5.406140089035034180e+00
3.644546031951904297e+00
4.820755004882812500e+00
3.497473716735839844e+00
3.747146129608154297e+00
2.907248973846435547e+00
3.153991937637329102e+00
3.699235916137695312e+00
4.315940856933593750e+00
3.967266082763671875e+00
3.493965864181518555e+00
4.326303958892822266e+00
4.082563877105712891e+00
4.037825822830200195e+00
3.203921794891357422e+00
3.590693950653076172e+00
3.496369123458862305e+00
4.086729764938354492e+00
4.367918014526367188e+00
3.736653089523315430e+00
3.970203876495361328e+00
4.231064796447753906e+00
3.943856716156005859e+00
4.935409307479858398e+00
4.962887763977050781e+00
3.523295879364013672e+00
4.138790130615234375e+00
3.956095457077026367e+00
4.011961936950683594e+00
3.155823707580566406e+00
4.373134136199951172e+00
5.383290767669677734e+00
4.638952970504760742e+00
4.681020975112915039e+00
4.388200044631958008e+00
3.293355941772460938e+00
4.187969923019409180e+00
4.075863838195800781e+00
5.305510759353637695e+00
3.840533971786499023e+00
4.318529129028320312e+00
4.994812965393066406e+00
4.555195093154907227e+00
4.398960113525390625e+00
2.662552118301391602e+00
4.641861200332641602e+00
4.654247999191284180e+00
4.488464117050170898e+00
5.399336814880371094e+00
4.515376091003417969e+00
5.847586870193481445e+00
3.711341619491577148e+00
3.379647016525268555e+00
4.109993934631347656e+00
5.055689811706542969e+00
3.989095926284790039e+00
4.351766109466552734e+00
3.886099100112915039e+00
4.750417947769165039e+00
4.090149879455566406e+00
5.490711927413940430e+00
3.887742042541503906e+00
4.905045986175537109e+00
3.454036951065063477e+00
3.842053174972534180e+00
3.871872186660766602e+00
4.176640987396240234e+00
3.839453935623168945e+00
4.314182043075561523e+00
3.807992219924926758e+00
3.947739124298095703e+00
4.707478046417236328e+00
5.318305015563964844e+00
3.968626022338867188e+00
4.386734008789062500e+00
4.297893047332763672e+00
4.024606943130493164e+00
3.860880851745605469e+00
4.194735050201416016e+00
4.434910774230957031e+00
4.092839241027832031e+00
3.688080310821533203e+00
4.074555873870849609e+00
4.546440124511718750e+00
2.975862026214599609e+00
4.205157041549682617e+00
4.608282089233398438e+00
5.223839998245239258e+00
4.082891225814819336e+00
5.424628973007202148e+00
4.229335784912109375e+00
5.116088151931762695e+00
3.946029901504516602e+00
2.766211748123168945e+00
4.439461231231689453e+00
4.325324773788452148e+00
2.688364028930664062e+00
3.930342912673950195e+00
4.417649984359741211e+00
2.870799064636230469e+00
4.455854892730712891e+00
4.392158031463623047e+00
5.266722917556762695e+00
3.043747186660766602e+00
4.070043325424194336e+00
4.820463895797729492e+00
4.094437837600708008e+00
3.944468975067138672e+00
4.073332071304321289e+00
4.629065036773681641e+00
5.521151065826416016e+00
3.219969987869262695e+00
4.477070093154907227e+00
5.549601078033447266e+00
3.181379795074462891e+00
3.058593034744262695e+00
4.571656942367553711e+00
5.509715795516967773e+00
3.450938940048217773e+00
4.246484994888305664e+00
5.399665832519531250e+00
3.861635923385620117e+00
4.185203313827514648e+00
5.660923719406127930e+00
4.206279039382934570e+00
3.960049152374267578e+00
3.720113039016723633e+00
4.901022911071777344e+00
4.890408992767333984e+00
5.124953746795654297e+00
3.166347980499267578e+00
4.968330144882202148e+00
4.347964048385620117e+00
4.190198898315429688e+00
3.341681957244873047e+00
3.701901912689208984e+00
3.761840105056762695e+00
2.710023164749145508e+00
4.018092632293701172e+00
4.141469001770019531e+00
4.028140068054199219e+00
3.810845136642456055e+00
4.198673963546752930e+00
2.475154876708984375e+00
4.507173776626586914e+00
4.671714067459106445e+00
4.349704980850219727e+00
3.593165159225463867e+00
3.821263790130615234e+00
3.081901073455810547e+00
2.468242883682250977e+00
5.184805154800415039e+00
4.277466058731079102e+00
2.638365983963012695e+00
4.319901943206787109e+00
4.257946729660034180e+00
3.099680662155151367e+00
5.289820194244384766e+00
5.183501243591308594e+00
3.809202194213867188e+00
4.002827882766723633e+00
3.936462879180908203e+00
3.281488895416259766e+00
2.553531885147094727e+00
4.369107961654663086e+00
4.151560068130493164e+00
3.585961103439331055e+00
3.509600877761840820e+00
4.950229883193969727e+00
3.768301010131835938e+00
3.652373075485229492e+00
2.713953971862792969e+00
4.207758903503417969e+00
2.603282928466796875e+00
4.038795948028564453e+00
4.304152011871337891e+00
3.715520143508911133e+00
2.953495025634765625e+00
3.365573167800903320e+00
2.993090629577636719e+00
3.001462936401367188e+00
4.067254066467285156e+00
4.976729869842529297e+00
3.155306816101074219e+00
3.902533769607543945e+00
4.833639860153198242e+00
4.904948949813842773e+00
3.649876832962036133e+00
3.932535886764526367e+00
4.146362066268920898e+00
3.853059053421020508e+00
4.845905780792236328e+00
3.557922124862670898e+00
3.378220081329345703e+00
4.008152008056640625e+00
3.258231163024902344e+00
3.074407339096069336e+00
4.842118740081787109e+00
4.246758937835693359e+00
4.443816900253295898e+00
2.950339794158935547e+00
3.056623220443725586e+00
3.227339982986450195e+00
3.189832925796508789e+00
4.441673278808593750e+00
2.717070817947387695e+00
3.600816965103149414e+00
3.224389791488647461e+00
4.337831974029541016e+00
3.081763029098510742e+00
3.467123985290527344e+00
2.692104816436767578e+00
3.519576072692871094e+00
3.315173149108886719e+00
3.347495317459106445e+00
2.280743837356567383e+00
2.913959980010986328e+00
3.547734022140502930e+00
3.321650266647338867e+00
3.687386035919189453e+00
3.111294031143188477e+00
3.157780885696411133e+00
3.968246936798095703e+00
3.033468008041381836e+00
6.417689085006713867e+00
3.811095952987670898e+00
3.449673891067504883e+00
3.276124000549316406e+00
3.737486124038696289e+00
4.027770996093750000e+00
4.120512962341308594e+00
3.686191797256469727e+00
3.386799812316894531e+00
3.550586223602294922e+00
4.137325048446655273e+00
4.789102077484130859e+00
3.514258861541748047e+00
4.212185144424438477e+00
4.139072179794311523e+00
4.162249088287353516e+00
3.155772924423217773e+00
3.636518955230712891e+00
4.399973869323730469e+00
3.413892030715942383e+00
4.253407001495361328e+00
2.883812904357910156e+00
3.365463018417358398e+00
4.124717950820922852e+00
4.621582031250000000e+00
4.738671064376831055e+00
4.233853101730346680e+00
3.344775915145874023e+00
3.234205007553100586e+00
3.567418098449707031e+00
3.418200969696044922e+00
2.935163021087646484e+00
4.459718227386474609e+00
3.968816995620727539e+00
4.634109020233154297e+00
4.815330982208251953e+00
3.960694074630737305e+00
4.706031084060668945e+00
3.795079231262207031e+00
4.671097040176391602e+00
3.121172904968261719e+00
5.188205003738403320e+00
4.907953262329101562e+00
5.039131164550781250e+00
4.687632083892822266e+00
3.641634225845336914e+00
4.571565866470336914e+00
5.082917690277099609e+00
5.433089017868041992e+00
5.198585748672485352e+00
4.620576858520507812e+00
5.766417980194091797e+00
3.670068979263305664e+00
4.353078126907348633e+00
4.402250051498413086e+00
5.284523010253906250e+00
3.415190935134887695e+00
4.948577165603637695e+00
5.568123102188110352e+00
4.332443237304687500e+00
5.104293823242187500e+00
4.478708028793334961e+00
5.301537990570068359e+00
4.710320711135864258e+00
5.169209003448486328e+00
4.536465167999267578e+00
3.955068111419677734e+00
4.093548059463500977e+00
4.703371047973632812e+00
3.988574981689453125e+00
5.371441125869750977e+00
5.290060043334960938e+00
4.299208879470825195e+00
4.883567094802856445e+00
3.963133811950683594e+00
4.476413965225219727e+00
4.954024791717529297e+00
5.153688907623291016e+00
4.703474044799804688e+00
5.546594858169555664e+00
3.765445947647094727e+00
4.882408380508422852e+00
5.208575010299682617e+00
5.297208070755004883e+00
4.418397903442382812e+00
5.278151035308837891e+00
3.753153085708618164e+00
6.026623010635375977e+00
4.465316772460937500e+00
5.332609891891479492e+00
5.179879903793334961e+00
5.069924116134643555e+00
5.281996965408325195e+00
5.238600969314575195e+00
4.556953907012939453e+00
4.584526062011718750e+00
3.985164880752563477e+00
5.414404869079589844e+00
4.667420148849487305e+00
5.317754030227661133e+00
4.728695154190063477e+00
4.451371908187866211e+00
4.679991245269775391e+00
4.528602838516235352e+00
5.074090003967285156e+00
4.399061918258666992e+00
5.973983287811279297e+00
5.202443122863769531e+00
3.866701841354370117e+00
6.088254928588867188e+00
5.026467084884643555e+00
6.126108169555664062e+00
4.855795860290527344e+00
4.552397966384887695e+00
5.178338050842285156e+00
4.988945245742797852e+00
5.137098073959350586e+00
3.862801074981689453e+00
5.438177108764648438e+00
5.189816951751708984e+00
4.736791133880615234e+00
5.274736881256103516e+00
5.009670734405517578e+00
3.905386924743652344e+00
4.397745132446289062e+00
3.701631069183349609e+00
4.749277830123901367e+00
5.019629955291748047e+00
4.100150108337402344e+00
4.883091211318969727e+00
4.159956932067871094e+00
4.403827905654907227e+00
5.227007865905761719e+00
5.363185882568359375e+00
4.379283905029296875e+00
4.278298854827880859e+00
3.709641933441162109e+00
3.534646987915039062e+00
3.175889015197753906e+00
3.919992923736572266e+00
5.457512140274047852e+00
4.451439857482910156e+00
4.978563070297241211e+00
6.468834161758422852e+00
4.513510942459106445e+00
2.924849033355712891e+00
5.254919290542602539e+00
5.360409736633300781e+00
3.857615947723388672e+00
4.141669034957885742e+00
3.910610914230346680e+00
4.571541070938110352e+00
4.869438171386718750e+00
5.344548940658569336e+00
5.342536926269531250e+00
4.039646863937377930e+00
3.879992246627807617e+00
3.987563133239746094e+00
4.000954151153564453e+00
3.952226161956787109e+00
5.314289093017578125e+00
5.565209865570068359e+00
3.347790956497192383e+00
5.467993974685668945e+00
4.937438964843750000e+00
3.170173883438110352e+00
5.266031980514526367e+00
3.482822895050048828e+00
5.273042201995849609e+00
2.981970787048339844e+00
5.875938892364501953e+00
4.674783945083618164e+00
6.013381719589233398e+00
4.601205110549926758e+00
3.518800973892211914e+00
5.108425855636596680e+00
4.233808040618896484e+00
5.984776020050048828e+00
4.757272720336914062e+00
4.704579114913940430e+00
3.670527935028076172e+00
3.976431846618652344e+00
3.720479965209960938e+00
4.878463029861450195e+00
3.591884851455688477e+00
5.544581890106201172e+00
3.659084081649780273e+00
5.421559095382690430e+00
5.593832015991210938e+00
3.344274044036865234e+00
3.680975914001464844e+00
3.718316793441772461e+00
5.702077150344848633e+00
3.574474811553955078e+00
3.530376911163330078e+00
3.784164190292358398e+00
3.550549030303955078e+00
6.503622055053710938e+00
4.909682989120483398e+00
6.025484085083007812e+00
2.730038881301879883e+00
3.769801139831542969e+00
5.629082202911376953e+00
4.228784799575805664e+00
5.487754821777343750e+00
3.220114946365356445e+00
6.629400730133056641e+00
5.411161899566650391e+00
3.259300947189331055e+00
5.004476070404052734e+00
5.569270133972167969e+00
4.142197847366333008e+00
3.985569000244140625e+00
3.246124982833862305e+00
3.759481191635131836e+00
2.812019824981689453e+00
4.381141901016235352e+00
2.753576993942260742e+00
2.818204164505004883e+00
5.861211061477661133e+00
4.614247083663940430e+00
3.801228046417236328e+00
5.216078996658325195e+00
2.931472063064575195e+00
4.225023984909057617e+00
2.569633007049560547e+00
3.351288080215454102e+00
3.048956155776977539e+00
3.076400756835937500e+00
3.632549047470092773e+00
4.634172916412353516e+00
3.478956937789916992e+00
5.684966802597045898e+00
3.235749006271362305e+00
3.652646064758300781e+00
3.493905067443847656e+00
3.429993867874145508e+00
3.700649976730346680e+00
5.291744947433471680e+00
3.611825227737426758e+00
3.789913892745971680e+00
5.057174921035766602e+00
3.773917913436889648e+00
3.026502132415771484e+00
3.898182868957519531e+00
3.282542228698730469e+00
3.106358051300048828e+00
3.140295982360839844e+00
4.480983972549438477e+00
3.136782169342041016e+00
3.405586957931518555e+00
4.055716991424560547e+00
3.600347757339477539e+00
3.486389875411987305e+00
3.609194040298461914e+00
3.057974100112915039e+00
3.789674997329711914e+00
3.354985237121582031e+00
3.972148895263671875e+00
3.796636819839477539e+00
3.600979089736938477e+00
3.291548728942871094e+00
3.585313081741333008e+00
2.821923255920410156e+00
3.697142124176025391e+00
4.019275903701782227e+00
3.711091041564941406e+00
3.842015027999877930e+00
4.009045839309692383e+00
3.463392257690429688e+00
3.896506309509277344e+00
4.100099086761474609e+00
4.105328798294067383e+00
4.030507087707519531e+00
4.331980943679809570e+00
4.826753139495849609e+00
4.605032920837402344e+00
4.498745918273925781e+00
4.192824125289916992e+00
4.660824060440063477e+00
4.529675006866455078e+00
5.033873081207275391e+00
4.387429237365722656e+00
4.661375999450683594e+00
4.192984104156494141e+00
3.991194963455200195e+00
4.633163213729858398e+00
4.860478878021240234e+00
4.017976999282836914e+00
4.625745773315429688e+00
4.805926799774169922e+00
4.286527872085571289e+00
4.520876884460449219e+00
4.530794143676757812e+00
5.019293308258056641e+00
2.969523906707763672e+00
3.454245090484619141e+00
4.620765924453735352e+00
4.232093334197998047e+00
4.808316230773925781e+00
5.294792890548706055e+00
4.699393033981323242e+00
4.675199031829833984e+00
4.045917034149169922e+00
5.346487998962402344e+00
2.803608179092407227e+00
3.457709789276123047e+00
4.316581964492797852e+00
3.330768823623657227e+00
4.793228149414062500e+00
4.466562032699584961e+00
4.687622070312500000e+00
4.092110872268676758e+00
4.376248121261596680e+00
4.699328660964965820e+00
5.286786079406738281e+00
4.030699968338012695e+00
4.913731098175048828e+00
4.337477922439575195e+00
4.825933933258056641e+00
4.162512063980102539e+00
4.739312887191772461e+00
4.420573234558105469e+00
4.237142086029052734e+00
4.111790180206298828e+00
3.700015783309936523e+00
3.819989919662475586e+00
4.430603027343750000e+00
4.562583923339843750e+00
3.284907102584838867e+00
4.318425655364990234e+00
4.421138286590576172e+00
4.584619045257568359e+00
3.853564262390136719e+00
3.888428926467895508e+00
5.117727994918823242e+00
6.833405971527099609e+00
4.055341958999633789e+00
4.644036054611206055e+00
3.853249073028564453e+00
4.960309028625488281e+00
4.812254905700683594e+00
5.096816301345825195e+00
4.573686122894287109e+00
5.265309810638427734e+00
4.207315921783447266e+00
4.625308036804199219e+00
4.138945102691650391e+00
3.928771972656250000e+00
4.632992029190063477e+00
3.843860864639282227e+00
3.709473133087158203e+00
4.612200021743774414e+00
3.883527755737304688e+00
4.896546125411987305e+00
4.275227069854736328e+00
4.891620874404907227e+00
4.530672311782836914e+00
4.598398208618164062e+00
3.931031942367553711e+00
3.766370058059692383e+00
4.826181173324584961e+00
4.655515909194946289e+00
4.836966037750244141e+00
4.026204824447631836e+00
5.396140098571777344e+00
4.364500045776367188e+00
3.743692159652709961e+00
3.168871879577636719e+00
4.727034091949462891e+00
5.546452045440673828e+00
4.949367046356201172e+00
4.994584083557128906e+00
4.797541856765747070e+00
4.260895013809204102e+00
4.793992042541503906e+00
5.123644828796386719e+00
5.020416975021362305e+00
5.413522958755493164e+00
3.650977134704589844e+00
4.124906063079833984e+00
5.264765977859497070e+00
4.355631113052368164e+00
5.033327102661132812e+00
5.153420925140380859e+00
6.285607814788818359e+00
3.993631839752197266e+00
3.384416103363037109e+00
5.214197158813476562e+00
5.424645185470581055e+00
4.710344791412353516e+00
5.217944145202636719e+00
4.287383079528808594e+00
4.231106996536254883e+00
5.008015155792236328e+00
3.225644826889038086e+00
4.305621862411499023e+00
3.599596023559570312e+00
4.358289241790771484e+00
4.070858955383300781e+00
5.838525056838989258e+00
2.769563913345336914e+00
3.561726808547973633e+00
5.712981939315795898e+00
5.637752771377563477e+00
5.117328882217407227e+00
6.276939868927001953e+00
5.117731094360351562e+00
4.148292064666748047e+00
6.433887958526611328e+00
3.804880142211914062e+00
4.648703098297119141e+00
5.130385875701904297e+00
5.477057218551635742e+00
5.475244998931884766e+00
3.941855907440185547e+00
5.093506097793579102e+00
3.684269905090332031e+00
4.078973054885864258e+00
5.559244155883789062e+00
3.224111080169677734e+00
3.899857044219970703e+00
3.339971065521240234e+00
5.190310716629028320e+00
3.631225824356079102e+00
3.543641090393066406e+00
5.257093906402587891e+00
4.295022010803222656e+00
3.751965761184692383e+00
3.000501155853271484e+00
4.859442234039306641e+00
4.270527124404907227e+00
5.869104146957397461e+00
5.199407100677490234e+00
2.742730379104614258e+00
4.297104120254516602e+00
6.291812181472778320e+00
4.625216960906982422e+00
3.191133975982666016e+00
4.158811092376708984e+00
3.246888875961303711e+00
3.572908163070678711e+00
5.029745101928710938e+00
4.509242057800292969e+00
4.191637039184570312e+00
3.840630769729614258e+00
5.156574249267578125e+00
4.926890134811401367e+00
5.755648136138916016e+00
4.392266273498535156e+00
4.513760089874267578e+00
3.219097137451171875e+00
6.284264087677001953e+00
5.269692897796630859e+00
3.104589939117431641e+00
4.762810945510864258e+00
3.694474935531616211e+00
4.704204797744750977e+00
3.344006061553955078e+00
3.265767812728881836e+00
4.772657155990600586e+00
3.635552883148193359e+00
3.343178033828735352e+00
4.151829957962036133e+00
4.376138925552368164e+00
4.959539175033569336e+00
4.952089071273803711e+00
3.428619861602783203e+00
5.561661243438720703e+00
2.550769090652465820e+00
4.317991018295288086e+00
4.124979972839355469e+00
4.457511901855468750e+00
3.836765050888061523e+00
3.796799182891845703e+00
4.205680131912231445e+00
3.576128005981445312e+00
3.710513830184936523e+00
4.992182731628417969e+00
3.734225034713745117e+00
5.037832975387573242e+00
4.268984079360961914e+00
4.262342929840087891e+00
3.125565290451049805e+00
4.319055080413818359e+00
5.348362922668457031e+00
4.299118995666503906e+00
4.225319862365722656e+00
3.888543844223022461e+00
5.360743045806884766e+00
5.197337150573730469e+00
4.269904851913452148e+00
4.813294887542724609e+00
5.994185924530029297e+00
4.304045200347900391e+00
4.637471914291381836e+00
4.680843114852905273e+00
4.441008090972900391e+00
4.468460083007812500e+00
4.973799228668212891e+00
4.626811027526855469e+00
3.319191217422485352e+00
4.538036823272705078e+00
5.075556039810180664e+00
4.279983997344970703e+00
4.647676944732666016e+00
4.277003049850463867e+00
4.408092021942138672e+00
4.721619129180908203e+00
4.462751150131225586e+00
4.470521688461303711e+00
5.043918132781982422e+00
5.003673076629638672e+00
4.603449106216430664e+00
5.498935222625732422e+00
2.745007038116455078e+00
3.352952957153320312e+00
3.894956827163696289e+00
6.289834976196289062e+00
4.033966064453125000e+00
3.688717126846313477e+00
5.813430070877075195e+00
3.266517877578735352e+00
6.259369373321533203e+00
4.506286144256591797e+00
3.876027107238769531e+00
5.473544836044311523e+00
3.178171873092651367e+00
3.398859024047851562e+00
5.470620870590209961e+00
5.894412994384765625e+00
4.107563972473144531e+00
5.148652076721191406e+00
4.512773275375366211e+00
3.589982032775878906e+00
4.495821237564086914e+00
4.506872653961181641e+00
3.678654909133911133e+00
4.532495737075805664e+00
4.587924957275390625e+00
4.276567697525024414e+00
4.144699811935424805e+00
4.785879135131835938e+00
4.730973005294799805e+00
5.726918935775756836e+00
2.832120180130004883e+00
4.276606321334838867e+00
3.960640907287597656e+00
5.649411201477050781e+00
6.256166934967041016e+00
4.248757123947143555e+00
5.864822149276733398e+00
4.183535099029541016e+00
5.029280900955200195e+00
3.427077293395996094e+00
3.190318107604980469e+00
4.469856977462768555e+00
3.348747730255126953e+00
4.755713939666748047e+00
5.389786005020141602e+00
3.462996959686279297e+00
4.840904951095581055e+00
4.752900838851928711e+00
4.393411874771118164e+00
6.497783184051513672e+00
6.798221826553344727e+00
4.792380094528198242e+00
6.486761808395385742e+00
4.317243099212646484e+00
5.444561004638671875e+00
4.544429063796997070e+00
3.952215671539306641e+00
4.414213895797729492e+00
4.967303991317749023e+00
4.526930093765258789e+00
5.437242984771728516e+00
6.406544208526611328e+00
4.811244726181030273e+00
4.973477125167846680e+00
3.435485839843750000e+00
4.490008831024169922e+00
7.310552835464477539e+00
5.435039043426513672e+00
5.753139972686767578e+00
5.718174934387207031e+00
6.388444900512695312e+00
4.522544145584106445e+00
4.541385889053344727e+00
5.823306083679199219e+00
7.093053817749023438e+00
3.655557870864868164e+00
3.127364873886108398e+00
4.886503934860229492e+00
4.738611936569213867e+00
5.262176036834716797e+00
6.914607048034667969e+00
5.333070039749145508e+00
3.006866216659545898e+00
4.716595888137817383e+00
5.327920913696289062e+00
5.310832977294921875e+00
3.945172786712646484e+00
3.855798006057739258e+00
3.591985940933227539e+00
4.177977085113525391e+00
5.256947040557861328e+00
4.753468036651611328e+00
5.023526906967163086e+00
7.296731233596801758e+00
4.212581872940063477e+00
3.313152074813842773e+00
4.080687046051025391e+00
3.341151952743530273e+00
4.277376890182495117e+00
3.040518045425415039e+00
3.449691295623779297e+00
4.082012176513671875e+00
6.956351041793823242e+00
5.365271091461181641e+00
7.614634037017822266e+00
7.026340007781982422e+00
4.152779102325439453e+00
6.939905881881713867e+00
3.094505071640014648e+00
5.173189163208007812e+00
5.095495939254760742e+00
5.442382097244262695e+00
3.444823026657104492e+00
5.093577384948730469e+00
2.671246051788330078e+00
5.499769210815429688e+00
2.930434942245483398e+00
7.352984905242919922e+00
5.277167797088623047e+00
3.524862051010131836e+00
5.321252822875976562e+00
5.427701950073242188e+00
4.536315917968750000e+00
3.656269073486328125e+00
4.355716228485107422e+00
3.136918067932128906e+00
5.716490983963012695e+00
4.550426721572875977e+00
4.062446832656860352e+00
2.994334936141967773e+00
4.108601093292236328e+00
8.000883817672729492e+00
3.727370977401733398e+00
3.933418989181518555e+00
3.876934766769409180e+00
4.518951892852783203e+00
3.593041896820068359e+00
4.065802097320556641e+00
3.807033061981201172e+00
3.683721065521240234e+00
4.377629041671752930e+00
5.068536043167114258e+00
4.996252298355102539e+00
3.365065813064575195e+00
4.482022762298583984e+00
4.083783864974975586e+00
2.738788843154907227e+00
5.112760782241821289e+00
4.171530008316040039e+00
3.979821681976318359e+00
5.194091081619262695e+00
3.456382036209106445e+00
4.769694089889526367e+00
4.350063085556030273e+00
4.750617027282714844e+00
5.253827810287475586e+00
3.700611114501953125e+00
4.794482946395874023e+00
4.209158897399902344e+00
4.331781864166259766e+00
4.217827081680297852e+00
5.208979129791259766e+00
3.530081033706665039e+00
4.946428060531616211e+00
3.248450040817260742e+00
4.560456037521362305e+00
3.399253845214843750e+00
4.478737831115722656e+00
5.031810998916625977e+00
1.885972023010253906e+00
4.849416017532348633e+00
4.634469985961914062e+00
3.172619581222534180e+00
2.520145893096923828e+00
3.119674921035766602e+00
4.549184799194335938e+00
3.101502895355224609e+00
5.093621969223022461e+00
4.186717271804809570e+00
3.676700830459594727e+00
3.590893983840942383e+00
3.640412330627441406e+00
3.875033140182495117e+00
3.377855062484741211e+00
3.301657915115356445e+00
5.257761001586914062e+00
2.475286960601806641e+00
3.657518863677978516e+00
4.003484249114990234e+00
3.162215948104858398e+00
4.753484964370727539e+00
3.568823099136352539e+00
5.585602045059204102e+00
5.770012140274047852e+00
6.056973218917846680e+00
4.060456991195678711e+00
3.050595760345458984e+00
3.927225112915039062e+00
2.730524778366088867e+00
3.260185956954956055e+00
3.831875085830688477e+00
4.660773038864135742e+00
4.433099031448364258e+00
5.546855926513671875e+00
6.651895761489868164e+00
3.326929807662963867e+00
4.697650909423828125e+00
5.328012228012084961e+00
3.597622156143188477e+00
3.658460855484008789e+00
3.539589881896972656e+00
3.578352928161621094e+00
3.850610971450805664e+00
5.650344848632812500e+00
3.465595006942749023e+00
3.324354887008666992e+00
4.133714914321899414e+00
4.673807859420776367e+00
6.207355737686157227e+00
4.353538990020751953e+00
3.775709867477416992e+00
3.535304307937622070e+00
3.433074951171875000e+00
4.609600782394409180e+00
4.822679996490478516e+00
3.619997024536132812e+00
4.052522897720336914e+00
4.875374794006347656e+00
4.123784065246582031e+00
3.977701187133789062e+00
3.532806873321533203e+00
3.994689941406250000e+00
5.233103752136230469e+00
4.933525085449218750e+00
3.641556978225708008e+00
4.107895135879516602e+00
3.736880064010620117e+00
5.309801816940307617e+00
4.018090963363647461e+00
3.001461982727050781e+00
4.566007137298583984e+00
4.442002296447753906e+00
4.475976943969726562e+00
4.297201156616210938e+00
3.902915954589843750e+00
4.533571720123291016e+00
4.301177024841308594e+00
4.110541105270385742e+00
3.560580015182495117e+00
4.250630855560302734e+00
4.642961025238037109e+00
3.853521108627319336e+00
4.273041963577270508e+00
3.018044233322143555e+00
4.104650974273681641e+00
3.933340072631835938e+00
3.754469156265258789e+00
4.872136831283569336e+00
4.466623067855834961e+00
4.715015888214111328e+00
4.735387086868286133e+00
4.449617862701416016e+00
4.685644149780273438e+00
2.860116958618164062e+00
4.347601890563964844e+00
3.485496044158935547e+00
4.620323181152343750e+00
4.167253017425537109e+00
4.231996059417724609e+00
4.368651866912841797e+00
3.653056144714355469e+00
5.012216806411743164e+00
4.807488679885864258e+00
2.938449859619140625e+00
5.097391843795776367e+00
4.747920751571655273e+00
4.502591133117675781e+00
2.809127092361450195e+00
5.159492015838623047e+00
3.835497856140136719e+00
3.525568962097167969e+00
4.522804975509643555e+00
4.721438884735107422e+00
4.398005008697509766e+00
2.791710853576660156e+00
5.106096029281616211e+00
3.398012161254882812e+00
3.536599159240722656e+00
4.917890071868896484e+00
4.639580965042114258e+00
4.372053861618041992e+00
3.739104986190795898e+00
3.760904073715209961e+00
4.058324813842773438e+00
4.835911989212036133e+00
4.905875921249389648e+00
5.078720808029174805e+00
4.238834142684936523e+00
5.044206142425537109e+00
5.448942899703979492e+00
4.165234804153442383e+00
5.024332761764526367e+00
5.068580865859985352e+00
3.675671100616455078e+00
3.613534927368164062e+00
3.811557769775390625e+00
3.805916070938110352e+00
5.233690977096557617e+00
5.493402957916259766e+00
3.578075885772705078e+00
5.346191883087158203e+00
3.546273708343505859e+00
5.092897176742553711e+00
4.659567117691040039e+00
2.851778268814086914e+00
4.694528102874755859e+00
3.635120153427124023e+00
4.996349811553955078e+00
5.412401914596557617e+00
5.752919197082519531e+00
3.556503057479858398e+00
6.029883861541748047e+00
4.198954820632934570e+00
3.860978841781616211e+00
4.359002828598022461e+00
4.230009078979492188e+00
3.581800937652587891e+00
3.645612955093383789e+00
4.262605190277099609e+00
3.761413812637329102e+00
3.673157215118408203e+00
4.264867067337036133e+00
5.718233823776245117e+00
5.625994920730590820e+00
4.231711864471435547e+00
3.396497249603271484e+00
4.335232019424438477e+00
3.510394811630249023e+00
4.317529201507568359e+00
3.833411931991577148e+00
4.208430051803588867e+00
5.957105159759521484e+00
2.719024896621704102e+00
4.555506229400634766e+00
3.929566860198974609e+00
3.889387130737304688e+00
4.894726753234863281e+00
4.832265138626098633e+00
3.478471040725708008e+00
4.868072986602783203e+00
4.836185932159423828e+00
4.129400014877319336e+00
4.167377710342407227e+00
3.891847848892211914e+00
4.836611986160278320e+00
4.947695970535278320e+00
5.035255670547485352e+00
4.047990083694458008e+00
4.939952135086059570e+00
4.879318952560424805e+00
4.501650094985961914e+00
3.350461244583129883e+00
4.230584144592285156e+00
3.563523054122924805e+00
2.635047912597656250e+00
4.576606988906860352e+00
3.674236297607421875e+00
3.660458087921142578e+00
3.698299169540405273e+00
3.509092807769775391e+00
4.876823186874389648e+00
5.221299886703491211e+00
3.822012901306152344e+00
3.392682313919067383e+00
3.842230081558227539e+00
5.420087814331054688e+00
2.630257368087768555e+00
2.750439882278442383e+00
4.077185630798339844e+00
4.964246034622192383e+00
4.403768062591552734e+00
2.723907232284545898e+00
4.129327058792114258e+00
4.118963956832885742e+00
2.875684976577758789e+00
2.770338773727416992e+00
5.408858776092529297e+00
3.611352920532226562e+00
4.547672033309936523e+00
4.293348073959350586e+00
5.616233825683593750e+00
3.661956071853637695e+00
2.796756029129028320e+00
4.956303834915161133e+00
4.352577924728393555e+00
4.361631155014038086e+00
3.439723968505859375e+00
2.916860818862915039e+00
3.636883974075317383e+00
3.932429075241088867e+00
5.063183069229125977e+00
2.877429008483886719e+00
3.487243890762329102e+00
4.319613933563232422e+00
4.530334949493408203e+00
3.175637006759643555e+00
5.024020910263061523e+00
5.196604251861572266e+00
2.997475624084472656e+00
4.573919057846069336e+00
4.130589962005615234e+00
4.709156036376953125e+00
3.299228906631469727e+00
3.058866977691650391e+00
3.316404104232788086e+00
2.860664129257202148e+00
4.242056131362915039e+00
3.243489742279052734e+00
2.772332191467285156e+00
4.798592090606689453e+00
4.065860986709594727e+00
4.025177240371704102e+00
3.740118026733398438e+00
4.115522146224975586e+00
3.924452066421508789e+00
2.800566911697387695e+00
4.467107057571411133e+00
3.274380207061767578e+00
4.240345954895019531e+00
4.056895017623901367e+00
4.164111137390136719e+00
4.759872913360595703e+00
4.458864212036132812e+00
3.990905046463012695e+00
3.286759138107299805e+00
4.930769920349121094e+00
4.795675754547119141e+00
4.342840671539306641e+00
4.568833112716674805e+00
4.010550022125244141e+00
5.009814739227294922e+00
5.043228864669799805e+00
3.427285909652709961e+00
3.607557773590087891e+00
3.813588857650756836e+00
5.520648956298828125e+00
5.039107799530029297e+00
4.839971780776977539e+00
4.069145917892456055e+00
5.190583229064941406e+00
3.920650959014892578e+00
4.804905891418457031e+00
4.115366935729980469e+00
4.682146072387695312e+00
3.444242954254150391e+00
3.340313911437988281e+00
5.096855163574218750e+00
3.845103740692138672e+00
4.424774885177612305e+00
5.425150871276855469e+00
4.604154109954833984e+00
3.029927730560302734e+00
3.508316993713378906e+00
2.320949077606201172e+00
5.604719638824462891e+00
4.926467895507812500e+00
4.924211978912353516e+00
3.705936908721923828e+00
3.481747150421142578e+00
3.078388929367065430e+00
4.059472799301147461e+00
3.904825210571289062e+00
4.772887945175170898e+00
4.181463956832885742e+00
5.085358142852783203e+00
5.434954881668090820e+00
4.036627054214477539e+00
3.615693092346191406e+00
5.186061143875122070e+00
6.396337032318115234e+00
2.433664083480834961e+00
4.064626216888427734e+00
5.633579015731811523e+00
4.117424964904785156e+00
4.031598806381225586e+00
6.094394207000732422e+00
3.598255872726440430e+00
4.148104190826416016e+00
5.015291929244995117e+00
4.260755062103271484e+00
4.185615062713623047e+00
5.077600955963134766e+00
3.670094966888427734e+00
3.566905021667480469e+00
3.424482107162475586e+00
5.349567174911499023e+00
5.579194068908691406e+00
4.720385074615478516e+00
4.303430080413818359e+00
3.664833068847656250e+00
3.335541009902954102e+00
5.408286333084106445e+00
5.143033981323242188e+00
4.906739950180053711e+00
4.855362176895141602e+00
3.742449998855590820e+00
3.850564241409301758e+00
5.014806747436523438e+00
3.139250755310058594e+00
5.024041891098022461e+00
4.439785003662109375e+00
4.665835142135620117e+00
4.046540021896362305e+00
4.410467863082885742e+00
5.939309835433959961e+00
4.003176212310791016e+00
5.083012819290161133e+00
4.758510112762451172e+00
3.348936319351196289e+00
6.305287837982177734e+00
4.242096900939941406e+00
4.526537895202636719e+00
3.423924922943115234e+00
3.734486103057861328e+00
3.289206027984619141e+00
3.624219179153442383e+00
5.722419023513793945e+00
3.707532167434692383e+00
5.728643894195556641e+00
2.746441841125488281e+00
4.387447118759155273e+00
3.800479888916015625e+00
3.458193063735961914e+00
3.694537878036499023e+00
4.696135759353637695e+00
3.841572046279907227e+00
4.357006788253784180e+00
3.908465147018432617e+00
4.371180772781372070e+00
3.697977066040039062e+00
3.535948991775512695e+00
4.393009185791015625e+00
4.560035943984985352e+00
4.523730278015136719e+00
2.659381151199340820e+00
4.224860906600952148e+00
3.578415870666503906e+00
5.152713060379028320e+00
3.390177011489868164e+00
4.184250116348266602e+00
3.873184919357299805e+00
3.741963863372802734e+00
3.488472938537597656e+00
3.992471933364868164e+00
4.212445974349975586e+00
5.325289011001586914e+00
4.009109020233154297e+00
3.676777839660644531e+00
4.761297702789306641e+00
4.003074169158935547e+00
3.306088209152221680e+00
4.713754177093505859e+00
4.544891119003295898e+00
3.697184085845947266e+00
4.479284048080444336e+00
3.603729963302612305e+00
4.698658704757690430e+00
5.459908246994018555e+00
4.409425973892211914e+00
5.954777240753173828e+00
4.028010845184326172e+00
4.050980091094970703e+00
3.808620214462280273e+00
4.286069869995117188e+00
4.583981752395629883e+00
4.034214258193969727e+00
5.154223680496215820e+00
4.194859027862548828e+00
4.361722946166992188e+00
4.012894868850708008e+00
3.031845092773437500e+00
3.275154829025268555e+00
3.032797336578369141e+00
4.795144081115722656e+00
3.267551898956298828e+00
3.147543907165527344e+00
3.115981101989746094e+00
2.243783950805664062e+00
3.008291959762573242e+00
2.882797002792358398e+00
3.555334806442260742e+00
3.955708026885986328e+00
4.033604860305786133e+00
4.499473810195922852e+00
4.903487443923950195e+00
3.075288057327270508e+00
5.905339002609252930e+00
4.297749996185302734e+00
5.847872018814086914e+00
3.338737249374389648e+00
4.094650983810424805e+00
4.181416034698486328e+00
4.693700790405273438e+00
4.377246141433715820e+00
5.858066082000732422e+00
3.375241041183471680e+00
3.385278940200805664e+00
6.184339046478271484e+00
3.866060018539428711e+00
4.518294095993041992e+00
3.012378931045532227e+00
4.676713228225708008e+00
3.831562042236328125e+00
3.592779159545898438e+00
3.881220817565917969e+00
3.382251739501953125e+00
3.652424812316894531e+00
4.068664789199829102e+00
3.867440938949584961e+00
2.789042949676513672e+00
3.793494939804077148e+00
3.766426086425781250e+00
3.619134902954101562e+00
3.997754096984863281e+00
3.378651142120361328e+00
3.888697862625122070e+00
3.833577156066894531e+00
3.286107778549194336e+00
2.498574018478393555e+00
3.656601905822753906e+00
4.193207025527954102e+00
2.806766986846923828e+00
2.801713228225708008e+00
4.685850858688354492e+00
3.565186023712158203e+00
3.474074840545654297e+00
3.963378906250000000e+00
4.324307918548583984e+00
3.231716156005859375e+00
3.223782300949096680e+00
3.758209228515625000e+00
3.497841835021972656e+00
5.160677194595336914e+00
4.964586973190307617e+00
3.558150053024291992e+00
3.752130031585693359e+00
2.934467077255249023e+00
3.392978906631469727e+00
3.131974220275878906e+00
3.694322109222412109e+00
4.114473104476928711e+00
4.809390783309936523e+00
4.205024003982543945e+00
2.890101194381713867e+00
4.464314222335815430e+00
3.877996683120727539e+00
4.482549667358398438e+00
4.494919061660766602e+00
4.269545078277587891e+00
3.833220243453979492e+00
3.874061107635498047e+00
4.048681020736694336e+00
5.319417953491210938e+00
4.046551942825317383e+00
4.238559722900390625e+00
3.939356803894042969e+00
3.669318914413452148e+00
5.552059173583984375e+00
4.628399133682250977e+00
3.453655004501342773e+00
4.247037172317504883e+00
3.629973173141479492e+00
3.924497842788696289e+00
4.328285932540893555e+00
4.369958162307739258e+00
3.565764904022216797e+00
3.464175939559936523e+00
4.560753107070922852e+00
4.018037080764770508e+00
3.579241991043090820e+00
4.462480068206787109e+00
2.816561937332153320e+00
3.827326059341430664e+00
4.931465148925781250e+00
4.127028942108154297e+00
3.817540168762207031e+00
4.304584980010986328e+00
3.908641815185546875e+00
3.657240867614746094e+00
5.607120990753173828e+00
4.122123003005981445e+00
4.930186748504638672e+00
4.320849180221557617e+00
5.948586940765380859e+00
4.064010143280029297e+00
4.093541145324707031e+00
5.537111997604370117e+00
4.586863040924072266e+00
5.762976169586181641e+00
5.931058883666992188e+00
5.010313034057617188e+00
4.186319112777709961e+00
4.732270002365112305e+00
3.119246721267700195e+00
4.706236362457275391e+00
5.643452167510986328e+00
4.755166053771972656e+00
6.592752933502197266e+00
4.575137138366699219e+00
4.946938991546630859e+00
4.321343183517456055e+00
4.545830965042114258e+00
5.829035043716430664e+00
5.558736801147460938e+00
4.660675048828125000e+00
6.110108137130737305e+00
1.960143089294433594e+00
3.858505010604858398e+00
5.116482973098754883e+00
5.728805780410766602e+00
3.460644006729125977e+00
6.433848857879638672e+00
3.846559286117553711e+00
5.120895862579345703e+00
4.516268014907836914e+00
2.945311069488525391e+00
5.085247993469238281e+00
5.773963928222656250e+00
6.531912088394165039e+00
6.713926076889038086e+00
6.150519132614135742e+00
3.312359094619750977e+00
3.933148860931396484e+00
4.484143733978271484e+00
4.061924934387207031e+00
3.803499937057495117e+00
5.251137018203735352e+00
4.126531839370727539e+00
4.908649921417236328e+00
4.857154130935668945e+00
4.207243680953979492e+00
3.912054061889648438e+00
4.091346025466918945e+00
5.522572994232177734e+00
4.222216844558715820e+00
5.523543119430541992e+00
5.849370956420898438e+00
5.330873966217041016e+00
5.560392856597900391e+00
4.172064065933227539e+00
5.458522796630859375e+00
5.216421127319335938e+00
4.103935241699218750e+00
4.773273229598999023e+00
3.570758819580078125e+00
4.364837884902954102e+00
3.303247690200805664e+00
4.257596015930175781e+00
2.828181982040405273e+00
5.403954267501831055e+00
4.330169916152954102e+00
3.491918087005615234e+00
4.573294162750244141e+00
3.130459070205688477e+00
4.283919095993041992e+00
3.435863971710205078e+00
3.065552234649658203e+00
4.111682176589965820e+00
5.307111978530883789e+00
4.681146144866943359e+00
5.111183166503906250e+00
3.063642024993896484e+00
2.899604082107543945e+00
3.774117946624755859e+00
5.053194046020507812e+00
4.263740777969360352e+00
5.787392854690551758e+00
3.999639272689819336e+00
3.060358762741088867e+00
5.100698947906494141e+00
4.838469982147216797e+00
4.468169927597045898e+00
5.255570888519287109e+00
3.086972236633300781e+00
4.704041004180908203e+00
3.185203075408935547e+00
3.752355098724365234e+00
2.923874139785766602e+00
4.591552019119262695e+00
4.628122806549072266e+00
2.497724294662475586e+00
4.004587173461914062e+00
5.284507274627685547e+00
4.442821264266967773e+00
4.135570049285888672e+00
4.842978000640869141e+00
5.904201984405517578e+00
5.219378948211669922e+00
4.702739000320434570e+00
3.602612018585205078e+00
3.127057313919067383e+00
4.145772695541381836e+00
3.079046010971069336e+00
3.162676811218261719e+00
3.246985912322998047e+00
2.956670999526977539e+00
4.455876111984252930e+00
2.576398134231567383e+00
3.362712860107421875e+00
3.986843109130859375e+00
3.125429153442382812e+00
3.035693883895874023e+00
3.709819793701171875e+00
3.109802007675170898e+00
5.226945877075195312e+00
4.617075920104980469e+00
4.045388936996459961e+00
3.785500049591064453e+00
3.791399955749511719e+00
3.562915086746215820e+00
3.639029026031494141e+00
3.742638111114501953e+00
3.213272094726562500e+00
5.521234035491943359e+00
3.112962961196899414e+00
3.430505037307739258e+00
3.431179046630859375e+00
3.670402050018310547e+00
3.686285257339477539e+00
3.391590833663940430e+00
3.427403926849365234e+00
3.529489040374755859e+00
3.457960128784179688e+00
3.976154804229736328e+00
3.618738889694213867e+00
3.463298082351684570e+00
4.741448163986206055e+00
2.562058925628662109e+00
3.577136993408203125e+00
3.661654949188232422e+00
4.017798900604248047e+00
3.463827133178710938e+00
3.964087009429931641e+00
2.813817977905273438e+00
2.985293149948120117e+00
3.661190986633300781e+00
3.446939229965209961e+00
3.472782135009765625e+00
2.905516862869262695e+00
3.383180141448974609e+00
4.084639787673950195e+00
3.341654777526855469e+00
3.285494089126586914e+00
3.351232051849365234e+00
3.066452980041503906e+00
5.760634660720825195e+00
3.689701080322265625e+00
3.741906881332397461e+00
3.649536848068237305e+00
3.283020973205566406e+00
3.452319383621215820e+00
3.913900136947631836e+00
3.754848003387451172e+00
3.289855957031250000e+00
3.849451065063476562e+00
4.592379808425903320e+00
3.873810768127441406e+00
3.450511932373046875e+00
4.817443847656250000e+00
3.467745780944824219e+00
3.309605836868286133e+00
4.822965860366821289e+00
3.762005090713500977e+00
3.349928140640258789e+00
4.101693868637084961e+00
3.984345912933349609e+00
3.903573989868164062e+00
3.986233234405517578e+00
3.638788938522338867e+00
3.920377731323242188e+00
3.955845117568969727e+00
5.246612787246704102e+00
4.335740804672241211e+00
3.736291885375976562e+00
4.055360794067382812e+00
3.522263765335083008e+00
5.292404890060424805e+00
5.141588926315307617e+00
4.288816690444946289e+00
2.972821950912475586e+00
4.328811168670654297e+00
4.385281085968017578e+00
4.217723846435546875e+00
2.279920339584350586e+00
5.432008266448974609e+00
4.068000793457031250e+00
4.050107717514038086e+00
2.742083072662353516e+00
4.141417026519775391e+00
3.684344053268432617e+00
3.759238004684448242e+00
4.340396165847778320e+00
5.519017934799194336e+00
5.595633983612060547e+00
4.509665012359619141e+00
4.446366071701049805e+00
3.825419187545776367e+00
4.208628177642822266e+00
4.713378906250000000e+00
3.628715991973876953e+00
4.269791841506958008e+00
4.428223848342895508e+00
4.327593088150024414e+00
4.029428005218505859e+00
3.711356163024902344e+00
3.986090183258056641e+00
5.660959005355834961e+00
4.030048131942749023e+00
3.723699808120727539e+00
5.228738784790039062e+00
3.600912809371948242e+00
3.799117088317871094e+00
4.149765253067016602e+00
5.779291152954101562e+00
4.022517919540405273e+00
5.692567110061645508e+00
2.557548999786376953e+00
4.412052869796752930e+00
2.730276107788085938e+00
3.047899723052978516e+00
4.971100091934204102e+00
3.675200939178466797e+00
4.301369190216064453e+00
3.041759967803955078e+00
5.315309047698974609e+00
3.159660577774047852e+00
2.677334070205688477e+00
4.371360063552856445e+00
5.141016006469726562e+00
4.223697900772094727e+00
5.080561876296997070e+00
5.568928003311157227e+00
3.426646947860717773e+00
4.815027952194213867e+00
5.621814012527465820e+00
4.502486944198608398e+00
5.188004732131958008e+00
5.696373939514160156e+00
5.040110826492309570e+00
4.964384078979492188e+00
5.770761966705322266e+00
3.188054800033569336e+00
4.315639019012451172e+00
3.902489185333251953e+00
3.977030992507934570e+00
3.895395040512084961e+00
3.629781007766723633e+00
5.864102840423583984e+00
4.255107164382934570e+00
4.033484697341918945e+00
4.971634864807128906e+00
4.429953098297119141e+00
6.060327768325805664e+00
3.145142078399658203e+00
4.965888977050781250e+00
4.303679943084716797e+00
3.829675912857055664e+00
4.275671720504760742e+00
2.783450126647949219e+00
4.881648063659667969e+00
4.587810039520263672e+00
4.748926877975463867e+00
3.456022977828979492e+00
4.952174186706542969e+00
2.751797676086425781e+00
4.667141199111938477e+00
3.018436193466186523e+00
3.870558977127075195e+00
3.536848068237304688e+00
3.275470018386840820e+00
3.364732265472412109e+00
5.768610239028930664e+00
2.738532781600952148e+00
3.392237901687622070e+00
5.139950752258300781e+00
4.036249876022338867e+00
3.581130027770996094e+00
4.012567043304443359e+00
3.392157316207885742e+00
4.955623149871826172e+00
4.080481052398681641e+00
4.988917827606201172e+00
6.524365186691284180e+00
3.931257009506225586e+00
4.929893016815185547e+00
5.592334270477294922e+00
3.644332885742187500e+00
3.849997043609619141e+00
4.066967964172363281e+00
6.601787090301513672e+00
4.765492916107177734e+00
3.629296779632568359e+00
4.650691270828247070e+00
5.062463998794555664e+00
5.450814962387084961e+00
4.220134735107421875e+00
4.794744253158569336e+00
2.791525125503540039e+00
3.697648286819458008e+00
3.973062753677368164e+00
3.501748800277709961e+00
4.152367830276489258e+00
3.870661973953247070e+00
2.909349918365478516e+00
3.307310104370117188e+00
4.245252132415771484e+00
2.968615770339965820e+00
4.641043901443481445e+00
4.188767194747924805e+00
3.039435148239135742e+00
3.288871765136718750e+00
3.339406013488769531e+00
2.722414016723632812e+00
3.127983093261718750e+00
3.020066022872924805e+00
3.983294010162353516e+00
3.732470035552978516e+00
3.183654785156250000e+00
4.755716800689697266e+00
3.257024049758911133e+00
3.941958189010620117e+00
3.153406858444213867e+00
3.140111207962036133e+00
4.657376050949096680e+00
4.898251056671142578e+00
5.693078994750976562e+00
4.011278152465820312e+00
3.527959108352661133e+00
3.519374847412109375e+00
5.006404876708984375e+00
4.926054954528808594e+00
4.224590778350830078e+00
2.829173803329467773e+00
3.035443067550659180e+00
2.809166193008422852e+00
2.956955909729003906e+00
3.705223083496093750e+00
3.118837833404541016e+00
3.510953903198242188e+00
2.945792198181152344e+00
3.037534952163696289e+00
3.741538047790527344e+00
3.417332172393798828e+00
3.404822826385498047e+00
4.027569055557250977e+00
2.889022111892700195e+00
3.682750940322875977e+00
3.555912971496582031e+00
2.601767063140869141e+00
2.889321088790893555e+00
3.873609066009521484e+00
2.703465938568115234e+00
3.509171962738037109e+00
4.382369995117187500e+00
3.894824028015136719e+00
4.178413152694702148e+00
3.992450952529907227e+00
4.942031860351562500e+00
3.311414718627929688e+00
4.089650869369506836e+00
4.846224784851074219e+00
4.237790822982788086e+00
4.477807044982910156e+00
3.557329177856445312e+00
3.736658811569213867e+00
4.281220912933349609e+00
4.579548835754394531e+00
4.544046163558959961e+00
3.743956327438354492e+00
4.028119087219238281e+00
3.946492910385131836e+00
4.689151048660278320e+00
4.595587968826293945e+00
4.312385797500610352e+00
3.886172771453857422e+00
3.257663965225219727e+00
3.853859901428222656e+00
3.995386838912963867e+00
3.674870729446411133e+00
3.285632133483886719e+00
2.642462015151977539e+00
4.309111118316650391e+00
5.221387147903442383e+00
5.238059043884277344e+00
4.263463973999023438e+00
3.775700807571411133e+00
4.547353744506835938e+00
3.847321987152099609e+00
4.468658924102783203e+00
4.482616186141967773e+00
4.491338968276977539e+00
4.102713108062744141e+00
4.386263847351074219e+00
3.737273931503295898e+00
4.339592933654785156e+00
3.942954778671264648e+00
4.366926908493041992e+00
3.554605007171630859e+00
4.045032978057861328e+00
4.408582210540771484e+00
3.833466768264770508e+00
4.017875909805297852e+00
4.763504743576049805e+00
4.721941947937011719e+00
4.610875844955444336e+00
4.167995691299438477e+00
4.215069055557250977e+00
5.654510021209716797e+00
4.520393848419189453e+00
3.719116926193237305e+00
4.804790973663330078e+00
3.883857727050781250e+00
4.727949142456054688e+00
4.769511938095092773e+00
4.005262851715087891e+00
3.517382860183715820e+00
4.125730276107788086e+00
5.149707794189453125e+00
3.917142152786254883e+00
3.781279087066650391e+00
4.482698202133178711e+00
4.494394063949584961e+00
4.508897781372070312e+00
3.781881093978881836e+00
5.156304836273193359e+00
5.280865192413330078e+00
5.586265087127685547e+00
5.643887042999267578e+00
4.816748142242431641e+00
5.593526124954223633e+00
5.937077999114990234e+00
2.652287244796752930e+00
3.778342723846435547e+00
4.933692932128906250e+00
3.993721008300781250e+00
5.573320865631103516e+00
4.100174903869628906e+00
5.333850860595703125e+00
4.580600738525390625e+00
3.233072757720947266e+00
5.471859931945800781e+00
5.292625188827514648e+00
4.421841859817504883e+00
5.817962884902954102e+00
5.083688974380493164e+00
5.147737026214599609e+00
4.944036006927490234e+00
5.094644069671630859e+00
3.329914093017578125e+00
3.659312009811401367e+00
2.811508893966674805e+00
5.473228693008422852e+00
4.492462635040283203e+00
4.347053050994873047e+00
5.597434997558593750e+00
5.050825834274291992e+00
3.314408779144287109e+00
5.660939931869506836e+00
5.219049930572509766e+00
4.443054914474487305e+00
3.982595920562744141e+00
3.201435089111328125e+00
4.144762992858886719e+00
5.412151098251342773e+00
6.271770000457763672e+00
4.413405895233154297e+00
4.869919061660766602e+00
3.744848966598510742e+00
4.831177949905395508e+00
4.513240098953247070e+00
4.809462785720825195e+00
6.449944972991943359e+00
4.131360054016113281e+00
4.568533658981323242e+00
3.933210134506225586e+00
4.336659908294677734e+00
5.442524909973144531e+00
4.567466974258422852e+00
4.842260360717773438e+00
5.541502952575683594e+00
4.356734991073608398e+00
5.103919744491577148e+00
3.308532953262329102e+00
4.299713134765625000e+00
3.359947204589843750e+00
4.667090892791748047e+00
3.857732057571411133e+00
5.936434984207153320e+00
5.013841152191162109e+00
2.840285062789916992e+00
4.244606971740722656e+00
3.452633142471313477e+00
3.427447080612182617e+00
5.757678031921386719e+00
5.782205820083618164e+00
3.542392969131469727e+00
6.226183176040649414e+00
5.784196138381958008e+00
4.903317928314208984e+00
2.892286062240600586e+00
5.689435958862304688e+00
5.176263332366943359e+00
3.804599046707153320e+00
3.770516157150268555e+00
6.377259969711303711e+00
2.926828861236572266e+00
3.069691181182861328e+00
2.976548194885253906e+00
3.683494806289672852e+00
2.913982868194580078e+00
2.832012891769409180e+00
6.406120300292968750e+00
7.068350076675415039e+00
4.857884883880615234e+00
6.406566858291625977e+00
3.947224140167236328e+00
3.725057125091552734e+00
5.672856092453002930e+00
3.882112026214599609e+00
3.225725889205932617e+00
4.033396959304809570e+00
3.696921825408935547e+00
4.728822231292724609e+00
5.404721975326538086e+00
5.470958232879638672e+00
4.102180957794189453e+00
3.421992778778076172e+00
3.921407938003540039e+00
3.488544702529907227e+00
4.067331075668334961e+00
4.103457927703857422e+00
4.173264026641845703e+00
4.071094036102294922e+00
3.167856216430664062e+00
4.796699285507202148e+00
3.965792179107666016e+00
4.443808078765869141e+00
5.100124835968017578e+00
4.015489101409912109e+00
5.203483819961547852e+00
4.487152099609375000e+00
4.322051763534545898e+00
4.111780881881713867e+00
4.582394123077392578e+00
4.852411031723022461e+00
4.337699890136718750e+00
4.082665920257568359e+00
2.789465904235839844e+00
3.272639989852905273e+00
4.877996921539306641e+00
3.104119062423706055e+00
4.448076248168945312e+00
2.974035263061523438e+00
3.376814126968383789e+00
5.188756942749023438e+00
4.248706817626953125e+00
3.381778955459594727e+00
4.702764034271240234e+00
3.209852933883666992e+00
4.726567983627319336e+00
2.993497133255004883e+00
4.742425203323364258e+00
3.452288150787353516e+00
4.469927072525024414e+00
5.057441949844360352e+00
3.300266027450561523e+00
3.349811077117919922e+00
3.823713064193725586e+00
4.695491075515747070e+00
3.357504129409790039e+00
3.282937765121459961e+00
3.472178936004638672e+00
3.629634857177734375e+00
3.948638916015625000e+00
4.593940019607543945e+00
3.421756029129028320e+00
4.168658971786499023e+00
4.957292079925537109e+00
5.042249917984008789e+00
5.021447181701660156e+00
4.178951740264892578e+00
3.558322191238403320e+00
4.767576932907104492e+00
3.712770223617553711e+00
4.041193962097167969e+00
3.078495025634765625e+00
3.358092069625854492e+00
3.753762960433959961e+00
3.617558002471923828e+00
3.484946012496948242e+00
3.742722034454345703e+00
4.033353805541992188e+00
5.323353767395019531e+00
4.035305976867675781e+00
3.674058914184570312e+00
3.942847013473510742e+00
4.386813163757324219e+00
3.714421033859252930e+00
4.289137840270996094e+00
4.162050008773803711e+00
4.862506151199340820e+00
4.091496944427490234e+00
4.162457942962646484e+00
4.413640022277832031e+00
4.895124912261962891e+00
4.952375888824462891e+00
5.062965869903564453e+00
5.099525928497314453e+00
2.767233848571777344e+00
4.768461942672729492e+00
4.354758977890014648e+00
5.254529953002929688e+00
5.280638933181762695e+00
4.986283063888549805e+00
3.680001020431518555e+00
4.795176982879638672e+00
4.540471076965332031e+00
4.488780021667480469e+00
4.984333038330078125e+00
5.080305337905883789e+00
4.870059967041015625e+00
2.740971088409423828e+00
5.008038043975830078e+00
5.547522068023681641e+00
5.218248844146728516e+00
2.863007068634033203e+00
5.861057043075561523e+00
4.798275232315063477e+00
5.974357843399047852e+00
3.359576702117919922e+00
5.778645038604736328e+00
4.692285060882568359e+00
5.832290172576904297e+00
6.327532052993774414e+00
3.031068801879882812e+00
6.204849958419799805e+00
6.091009140014648438e+00
5.736839056015014648e+00
5.839478015899658203e+00
3.797795057296752930e+00
5.888752937316894531e+00
2.822957038879394531e+00
3.438063144683837891e+00
4.166229009628295898e+00
5.467334270477294922e+00
4.069092035293579102e+00
5.176414251327514648e+00
3.775669097900390625e+00
5.329524993896484375e+00
3.586577892303466797e+00
4.474283933639526367e+00
5.751118898391723633e+00
5.748073101043701172e+00
6.093488693237304688e+00
5.591767072677612305e+00
3.692970037460327148e+00
3.977041244506835938e+00
3.318517923355102539e+00
5.753157854080200195e+00
4.344252109527587891e+00
4.421773195266723633e+00
5.661053895950317383e+00
4.147546052932739258e+00
4.495828866958618164e+00
5.871669054031372070e+00
5.954069852828979492e+00
5.711892127990722656e+00
6.000679254531860352e+00
5.704760074615478516e+00
4.064837694168090820e+00
5.893777847290039062e+00
5.710124731063842773e+00
5.848637819290161133e+00
4.692765951156616211e+00
4.583253860473632812e+00
4.307374715805053711e+00
5.879563093185424805e+00
6.031613111495971680e+00
3.696214675903320312e+00
3.161028861999511719e+00
6.134503841400146484e+00
3.300856828689575195e+00
6.384979963302612305e+00
5.022246122360229492e+00
3.854558944702148438e+00
5.047009944915771484e+00
6.303395986557006836e+00
6.965978860855102539e+00
6.269086837768554688e+00
6.289298295974731445e+00
6.614494085311889648e+00
5.003126144409179688e+00
4.988739728927612305e+00
3.686952114105224609e+00
6.496215820312500000e+00
6.553085088729858398e+00
7.403903961181640625e+00
4.132726907730102539e+00
4.737584114074707031e+00
3.975643157958984375e+00
7.853451013565063477e+00
5.043832063674926758e+00
6.035025119781494141e+00
4.362058162689208984e+00
3.882874250411987305e+00
5.112167358398437500e+00
4.300325870513916016e+00
5.065670967102050781e+00
6.871524095535278320e+00
5.643654108047485352e+00
5.547320842742919922e+00
5.045893669128417969e+00
4.916176080703735352e+00
6.920377016067504883e+00
4.365986108779907227e+00
4.840389013290405273e+00
3.283375978469848633e+00
4.877906799316406250e+00
5.002689838409423828e+00
5.231290102005004883e+00
3.039281129837036133e+00
5.088075160980224609e+00
4.692260265350341797e+00
5.673248052597045898e+00
5.420040845870971680e+00
2.527278661727905273e+00
3.492388963699340820e+00
5.410325050354003906e+00
2.116263151168823242e+00
4.640081882476806641e+00
5.562963962554931641e+00
3.533347129821777344e+00
4.668583869934082031e+00
2.595689058303833008e+00
5.465699195861816406e+00
4.044274091720581055e+00
5.118770360946655273e+00
5.909070014953613281e+00
5.222381114959716797e+00
5.510552883148193359e+00
7.909048080444335938e+00
3.582279920578002930e+00
3.708554744720458984e+00
5.719856739044189453e+00
5.104468107223510742e+00
3.803462982177734375e+00
3.702861785888671875e+00
1.987416982650756836e+00
3.670282125473022461e+00
3.759738206863403320e+00
3.794993162155151367e+00
3.785666942596435547e+00
5.681453943252563477e+00
3.837471961975097656e+00
3.791736125946044922e+00
4.794513940811157227e+00
2.946660041809082031e+00
3.567659139633178711e+00
5.273790836334228516e+00
3.932353973388671875e+00
2.727977275848388672e+00
3.970625877380371094e+00
3.958518743515014648e+00
6.026085138320922852e+00
2.851373672485351562e+00
5.071334123611450195e+00
2.531175851821899414e+00
4.371760845184326172e+00
2.788098096847534180e+00
2.836725950241088867e+00
3.431280851364135742e+00
3.294410943984985352e+00
3.227142095565795898e+00
3.522660970687866211e+00
3.450394868850708008e+00
4.219216108322143555e+00
2.834915876388549805e+00
3.322474002838134766e+00
2.715960979461669922e+00
3.181656122207641602e+00
3.564635038375854492e+00
2.721001148223876953e+00
6.636238098144531250e+00
3.661299943923950195e+00
2.811458826065063477e+00
3.978996992111206055e+00
3.387510061264038086e+00
3.132166862487792969e+00
2.984457969665527344e+00
2.728547811508178711e+00
4.329288244247436523e+00
2.932728052139282227e+00
3.503183841705322266e+00
3.491819143295288086e+00
3.145473957061767578e+00
3.703644037246704102e+00
3.268146276473999023e+00
3.488353967666625977e+00
2.666678190231323242e+00
3.265408992767333984e+00
3.684284925460815430e+00
3.646641731262207031e+00
4.831773281097412109e+00
3.759145975112915039e+00
3.989841938018798828e+00
3.094540834426879883e+00
4.231422901153564453e+00
2.973321199417114258e+00
4.205772638320922852e+00
3.519699335098266602e+00
3.111468076705932617e+00
3.743619918823242188e+00
3.721996068954467773e+00
3.867524862289428711e+00
3.470683813095092773e+00
3.825335979461669922e+00
4.167419910430908203e+00
4.020418643951416016e+00
3.631905078887939453e+00
4.335026025772094727e+00
3.665943145751953125e+00
4.133822917938232422e+00
3.947632074356079102e+00
2.588839054107666016e+00
3.693838119506835938e+00
4.306123971939086914e+00
3.225773096084594727e+00
3.566200971603393555e+00
3.387807130813598633e+00
3.783159732818603516e+00
3.881671905517578125e+00
4.259846210479736328e+00
4.332676172256469727e+00
4.393725156784057617e+00
4.402008056640625000e+00
5.314599275588989258e+00
4.260573863983154297e+00
4.819800138473510742e+00
4.129778861999511719e+00
4.994644880294799805e+00
3.944878101348876953e+00
5.427772045135498047e+00
5.472848176956176758e+00
5.514479875564575195e+00
4.211880207061767578e+00
4.101483106613159180e+00
4.458857059478759766e+00
5.448163032531738281e+00
4.558029651641845703e+00
3.895836830139160156e+00
3.931100130081176758e+00
4.067989826202392578e+00
4.038415908813476562e+00
3.374627113342285156e+00
3.483251094818115234e+00
4.221298933029174805e+00
4.157245874404907227e+00
4.982244014739990234e+00
3.986634016036987305e+00
4.499212980270385742e+00
3.994996070861816406e+00
4.722232103347778320e+00
4.867521047592163086e+00
4.935724973678588867e+00
4.503867864608764648e+00
5.589822769165039062e+00
4.995651006698608398e+00
5.073933124542236328e+00
4.720221996307373047e+00
5.454269886016845703e+00
5.532842874526977539e+00
5.497736215591430664e+00
5.735741853713989258e+00
5.651391029357910156e+00
5.671646118164062500e+00
5.082288026809692383e+00
3.565081834793090820e+00
4.128165006637573242e+00
5.080126285552978516e+00
5.511728763580322266e+00
4.233577013015747070e+00
5.294201135635375977e+00
3.919390201568603516e+00
5.544153928756713867e+00
5.711201906204223633e+00
4.822360038757324219e+00
5.133435964584350586e+00
4.911156892776489258e+00
3.622824192047119141e+00
5.490857839584350586e+00
5.587655305862426758e+00
6.494216918945312500e+00
5.346663951873779297e+00
5.605011940002441406e+00
5.335610866546630859e+00
4.274062156677246094e+00
6.111510038375854492e+00
3.501289844512939453e+00
3.460863828659057617e+00
3.502745866775512695e+00
5.858313083648681641e+00
4.369132757186889648e+00
5.980865955352783203e+00
5.430946111679077148e+00
5.957223176956176758e+00
6.016752243041992188e+00
5.178091049194335938e+00
3.919536113739013672e+00
5.253820180892944336e+00
6.114866971969604492e+00
3.802529096603393555e+00
3.930058002471923828e+00
5.949923038482666016e+00
5.941857099533081055e+00
6.155750989913940430e+00
4.518336057662963867e+00
5.396739959716796875e+00
3.501837730407714844e+00
6.376086950302124023e+00
6.311425685882568359e+00
3.460362195968627930e+00
4.900511980056762695e+00
3.646461963653564453e+00
5.406377077102661133e+00
4.372891187667846680e+00
4.424583911895751953e+00
6.291912794113159180e+00
5.503322124481201172e+00
4.466852903366088867e+00
4.976205825805664062e+00
5.585050106048583984e+00
4.235456943511962891e+00
4.144760131835937500e+00
6.581602096557617188e+00
3.993616819381713867e+00
4.355858087539672852e+00
4.267763137817382812e+00
2.971654891967773438e+00
6.827291965484619141e+00
5.015850782394409180e+00
5.760743856430053711e+00
3.424902200698852539e+00
6.253962993621826172e+00
3.564053058624267578e+00
6.337014913558959961e+00
4.244207859039306641e+00
4.371750831604003906e+00
4.866005897521972656e+00
3.872972011566162109e+00
3.494102001190185547e+00
6.416515111923217773e+00
4.929105281829833984e+00
6.217903852462768555e+00
5.719867944717407227e+00
3.737341880798339844e+00
2.973238706588745117e+00
4.797334909439086914e+00
3.895480632781982422e+00
5.014239072799682617e+00
4.952304840087890625e+00
3.900014877319335938e+00
3.750217914581298828e+00
3.912873983383178711e+00
5.138171195983886719e+00
5.262499094009399414e+00
5.091716766357421875e+00
5.301770925521850586e+00
3.060544967651367188e+00
4.801712036132812500e+00
5.155425786972045898e+00
3.522597789764404297e+00
2.698202133178710938e+00
4.085082769393920898e+00
5.796313047409057617e+00
2.885461091995239258e+00
4.103153944015502930e+00
2.586009979248046875e+00
3.478487968444824219e+00
6.065572023391723633e+00
3.536322116851806641e+00
5.460175991058349609e+00
4.110760927200317383e+00
4.305192232131958008e+00
2.677220821380615234e+00
4.296680212020874023e+00
3.613785266876220703e+00
4.419070959091186523e+00
4.330723285675048828e+00
2.920296907424926758e+00
3.091574668884277344e+00
4.145893812179565430e+00
4.536675691604614258e+00
3.481935262680053711e+00
4.708553791046142578e+00
4.269495725631713867e+00
2.484759807586669922e+00
3.558873891830444336e+00
3.776799201965332031e+00
2.954571008682250977e+00
3.800326108932495117e+00
3.831372976303100586e+00
4.118119955062866211e+00
4.025037050247192383e+00
2.847254991531372070e+00
3.810505151748657227e+00
4.072725057601928711e+00
3.372494935989379883e+00
4.218258857727050781e+00
3.964499950408935547e+00
3.050111055374145508e+00
4.060830116271972656e+00
3.692631006240844727e+00
4.242649078369140625e+00
3.346795082092285156e+00
4.206622838973999023e+00
4.435602903366088867e+00
4.494609117507934570e+00
3.001250982284545898e+00
3.368077039718627930e+00
4.242635965347290039e+00
4.416555881500244141e+00
4.352909088134765625e+00
3.302273988723754883e+00
3.613662958145141602e+00
4.505984067916870117e+00
3.351053237915039062e+00
2.789840936660766602e+00
2.932556867599487305e+00
3.607438087463378906e+00
4.772424936294555664e+00
3.863245010375976562e+00
4.169461965560913086e+00
3.504738807678222656e+00
3.520545005798339844e+00
3.523284912109375000e+00
3.306385993957519531e+00
3.080363988876342773e+00
3.602427959442138672e+00
3.821501255035400391e+00
3.849346160888671875e+00
4.174903154373168945e+00
2.820871114730834961e+00
3.647572040557861328e+00
3.992972135543823242e+00
3.755733013153076172e+00
3.861948013305664062e+00
4.813220977783203125e+00
3.754081010818481445e+00
3.287200927734375000e+00
4.675220012664794922e+00
3.720357179641723633e+00
3.316574811935424805e+00
4.086239099502563477e+00
5.135472059249877930e+00
4.045192003250122070e+00
3.755788087844848633e+00
3.945715188980102539e+00
3.287676334381103516e+00
3.206457853317260742e+00
3.461951971054077148e+00
3.875360965728759766e+00
3.684349060058593750e+00
2.991611957550048828e+00
2.917350053787231445e+00
2.958070993423461914e+00
2.563772201538085938e+00
2.650345087051391602e+00
4.323910951614379883e+00
2.227475404739379883e+00
3.216397047042846680e+00
2.512540102005004883e+00
3.256328821182250977e+00
3.783218145370483398e+00
4.043850183486938477e+00
3.890559911727905273e+00
5.240860939025878906e+00
2.973221778869628906e+00
4.436089992523193359e+00
3.065191984176635742e+00
3.365430116653442383e+00
3.484966039657592773e+00
3.376562833786010742e+00
3.327591180801391602e+00
3.619240999221801758e+00
2.808241367340087891e+00
3.164897680282592773e+00
2.848775863647460938e+00
3.217103242874145508e+00
3.158468008041381836e+00
3.740609884262084961e+00
3.523742914199829102e+00
3.836523056030273438e+00
4.444860219955444336e+00
2.799180746078491211e+00
3.336724281311035156e+00
4.727687835693359375e+00
4.092203855514526367e+00
3.865236282348632812e+00
3.601928949356079102e+00
3.608499050140380859e+00
3.031709194183349609e+00
4.012293100357055664e+00
3.816823959350585938e+00
3.864523172378540039e+00
3.901383876800537109e+00
3.579716920852661133e+00
4.174464941024780273e+00
3.340804100036621094e+00
3.816599845886230469e+00
3.683145999908447266e+00
3.608826875686645508e+00
3.034537076950073242e+00
4.225449800491333008e+00
4.256616115570068359e+00
3.587634086608886719e+00
3.731192111968994141e+00
4.000346183776855469e+00
2.435158014297485352e+00
2.899421930313110352e+00
4.667438268661499023e+00
4.515483140945434570e+00
6.002429962158203125e+00
5.112449169158935547e+00
3.624411106109619141e+00
3.045284986495971680e+00
4.392554044723510742e+00
3.498252153396606445e+00
3.707335233688354492e+00
4.091974973678588867e+00
3.320418119430541992e+00
3.438480854034423828e+00
3.595227956771850586e+00
3.957033157348632812e+00
3.744709730148315430e+00
4.205183982849121094e+00
4.555646181106567383e+00
3.996703147888183594e+00
3.531909227371215820e+00
4.546430110931396484e+00
3.687831163406372070e+00
3.389916181564331055e+00
4.055191040039062500e+00
4.060755014419555664e+00
4.125512838363647461e+00
4.727443933486938477e+00
4.915329933166503906e+00
4.217466115951538086e+00
3.896291255950927734e+00
3.210379838943481445e+00
3.510897874832153320e+00
4.180761814117431641e+00
4.380130767822265625e+00
5.093759059906005859e+00
4.250332117080688477e+00
3.614881753921508789e+00
4.980566978454589844e+00
5.257781028747558594e+00
4.266127109527587891e+00
4.113596916198730469e+00
3.598286151885986328e+00
5.050432920455932617e+00
4.132076025009155273e+00
4.607653856277465820e+00
4.260069131851196289e+00
4.727342844009399414e+00
4.674044847488403320e+00
5.431046009063720703e+00
3.849539041519165039e+00
4.580404996871948242e+00
3.337454080581665039e+00
2.751940727233886719e+00
4.640125989913940430e+00
4.268517255783081055e+00
4.164829969406127930e+00
5.119572877883911133e+00
3.868443965911865234e+00
4.412855863571166992e+00
4.892306804656982422e+00
5.303009748458862305e+00
4.358829021453857422e+00
4.928234815597534180e+00
3.662777900695800781e+00
3.327801704406738281e+00
5.609071731567382812e+00
3.819118022918701172e+00
4.542341947555541992e+00
3.266366004943847656e+00
3.413621187210083008e+00
4.353385925292968750e+00
3.396846055984497070e+00
4.957137107849121094e+00
5.001606941223144531e+00
4.367100954055786133e+00
3.709018945693969727e+00
3.992855787277221680e+00
4.454497098922729492e+00
4.267844676971435547e+00
4.333430051803588867e+00
4.882419824600219727e+00
3.486708879470825195e+00
3.621039867401123047e+00
3.529942750930786133e+00
3.655677795410156250e+00
4.955408811569213867e+00
5.115724086761474609e+00
6.051501750946044922e+00
5.019541025161743164e+00
4.237321853637695312e+00
5.195230960845947266e+00
3.911374807357788086e+00
4.537220239639282227e+00
3.688230037689208984e+00
5.472471952438354492e+00
3.751554965972900391e+00
5.551704645156860352e+00
5.382874011993408203e+00
4.504381895065307617e+00
4.430329084396362305e+00
5.282377004623413086e+00
4.041530847549438477e+00
5.547466039657592773e+00
5.194433689117431641e+00
4.127243995666503906e+00
5.024791002273559570e+00
2.953428983688354492e+00
2.188127040863037109e+00
5.489418983459472656e+00
4.401634216308593750e+00
4.795225858688354492e+00
4.477993011474609375e+00
4.537959814071655273e+00
4.490600109100341797e+00
4.401625156402587891e+00
4.534754037857055664e+00
3.428184270858764648e+00
4.599976062774658203e+00
4.426347017288208008e+00
3.515862941741943359e+00
3.481199264526367188e+00
4.350296020507812500e+00
4.136752128601074219e+00
4.463500976562500000e+00
4.363980054855346680e+00
4.708885908126831055e+00
5.956049203872680664e+00
4.420309066772460938e+00
3.632313013076782227e+00
2.448580980300903320e+00
3.732115983963012695e+00
3.856924057006835938e+00
3.847263813018798828e+00
2.962142944335937500e+00
2.139897108078002930e+00
2.559103965759277344e+00
3.010410785675048828e+00
2.914292812347412109e+00
2.905483007431030273e+00
2.303638219833374023e+00
3.108909845352172852e+00
2.863993883132934570e+00
3.146963119506835938e+00
3.518683910369873047e+00
3.328330993652343750e+00
3.579560995101928711e+00
2.798462867736816406e+00
2.781388998031616211e+00
2.786466836929321289e+00
2.791810750961303711e+00
2.909638166427612305e+00
2.962603807449340820e+00
5.960613012313842773e+00
3.855843067169189453e+00
3.101475954055786133e+00
3.094624042510986328e+00
3.109364986419677734e+00
2.833806276321411133e+00
3.621953010559082031e+00
3.555760860443115234e+00
2.699675321578979492e+00
3.930015087127685547e+00
3.464014053344726562e+00
3.125385046005249023e+00
3.961631298065185547e+00
3.986778020858764648e+00
3.698842287063598633e+00
3.591805934906005859e+00
3.261628150939941406e+00
3.272453069686889648e+00
3.261813879013061523e+00
2.961769104003906250e+00
3.404135942459106445e+00
4.154063701629638672e+00
3.159115076065063477e+00
3.022817134857177734e+00
3.145258903503417969e+00
3.858625173568725586e+00
3.841012954711914062e+00
3.277303695678710938e+00
3.732715606689453125e+00
3.585551977157592773e+00
3.569288969039916992e+00
3.731098175048828125e+00
4.180531978607177734e+00
3.658641815185546875e+00
4.444120168685913086e+00
4.095176219940185547e+00
4.495233058929443359e+00
4.569435834884643555e+00
3.434561014175415039e+00
3.692509174346923828e+00
3.993646860122680664e+00
2.880879878997802734e+00
3.680657863616943359e+00
3.492977857589721680e+00
4.688724994659423828e+00
4.144771814346313477e+00
3.723152160644531250e+00
4.282226800918579102e+00
4.020569086074829102e+00
3.559803962707519531e+00
3.557935953140258789e+00
3.602688074111938477e+00
3.053076028823852539e+00
3.380499839782714844e+00
5.046308040618896484e+00
3.282878875732421875e+00
3.555604934692382812e+00
3.374193191528320312e+00
3.550706863403320312e+00
2.975001096725463867e+00
4.345402956008911133e+00
5.101034164428710938e+00
3.477553129196166992e+00
4.204822063446044922e+00
5.173530817031860352e+00
4.839433908462524414e+00
4.001072168350219727e+00
4.555837869644165039e+00
4.842183828353881836e+00
4.619560003280639648e+00
4.767259120941162109e+00
3.692631006240844727e+00
4.326110124588012695e+00
4.129437923431396484e+00
4.895653009414672852e+00
4.274058103561401367e+00
3.433886766433715820e+00
4.444878816604614258e+00
4.444361209869384766e+00
4.231838941574096680e+00
4.606772899627685547e+00
3.619363069534301758e+00
2.479008674621582031e+00
4.744304895401000977e+00
5.332620859146118164e+00
4.353265047073364258e+00
4.597743034362792969e+00
4.309933900833129883e+00
3.598910808563232422e+00
3.915299892425537109e+00
3.679360866546630859e+00
4.049527168273925781e+00
2.926184892654418945e+00
4.615359067916870117e+00
5.444972991943359375e+00
4.668680906295776367e+00
3.552374124526977539e+00
4.289466857910156250e+00
4.542173147201538086e+00
4.795690298080444336e+00
4.701402664184570312e+00
3.435384750366210938e+00
5.394321203231811523e+00
5.358390092849731445e+00
3.440941095352172852e+00
2.741181135177612305e+00
3.540447950363159180e+00
4.043943881988525391e+00
4.861258029937744141e+00
3.822446107864379883e+00
5.159950017929077148e+00
6.196941137313842773e+00
4.693409919738769531e+00
6.158427238464355469e+00
3.731824874877929688e+00
4.098892927169799805e+00
3.670160055160522461e+00
4.086591958999633789e+00
3.701882123947143555e+00
3.902004003524780273e+00
4.050182104110717773e+00
4.114932298660278320e+00
3.898928165435791016e+00
3.401340961456298828e+00
3.947374105453491211e+00
3.606779813766479492e+00
3.911495923995971680e+00
4.376527786254882812e+00
3.802404880523681641e+00
3.863555669784545898e+00
3.993078947067260742e+00
3.817147970199584961e+00
5.010817050933837891e+00
3.331674098968505859e+00
3.934412717819213867e+00
3.632477998733520508e+00
2.653365373611450195e+00
2.965713024139404297e+00
4.974091053009033203e+00
2.751714229583740234e+00
4.152069807052612305e+00
4.304791212081909180e+00
2.722645998001098633e+00
3.472440242767333984e+00
2.859817028045654297e+00
2.977464914321899414e+00
3.039205074310302734e+00
2.921265125274658203e+00
2.827951192855834961e+00
2.963583946228027344e+00
2.517755031585693359e+00
3.935217857360839844e+00
4.591120004653930664e+00
4.848510026931762695e+00
3.867685794830322266e+00
3.679235935211181641e+00
3.251252174377441406e+00
2.762114763259887695e+00
3.233870029449462891e+00
4.092082262039184570e+00
3.220406055450439453e+00
2.865494966506958008e+00
2.944110155105590820e+00
3.371931076049804688e+00
4.115145206451416016e+00
3.008523941040039062e+00
3.273112058639526367e+00
3.230684757232666016e+00
3.156394958496093750e+00
3.230943918228149414e+00
3.786220073699951172e+00
3.343423128128051758e+00
4.594548940658569336e+00
3.437172889709472656e+00
3.312544107437133789e+00
3.312961816787719727e+00
3.805317163467407227e+00
3.572634935379028320e+00
3.531028985977172852e+00
3.465642929077148438e+00
3.545738935470581055e+00
4.357605934143066406e+00
4.805967092514038086e+00
2.934989929199218750e+00
3.971409082412719727e+00
4.127040147781372070e+00
4.278105974197387695e+00
4.254341840744018555e+00
5.015655279159545898e+00
4.214491844177246094e+00
4.648066043853759766e+00
3.753917932510375977e+00
4.828437805175781250e+00
3.131581068038940430e+00
3.603090763092041016e+00
3.322410821914672852e+00
5.116461992263793945e+00
3.299955844879150391e+00
5.220009088516235352e+00
3.576195955276489258e+00
3.380974054336547852e+00
3.257195711135864258e+00
5.150706052780151367e+00
5.169514894485473633e+00
3.977958917617797852e+00
4.405986070632934570e+00
3.477719783782958984e+00
4.234801054000854492e+00
4.057523965835571289e+00
3.105439901351928711e+00
4.019753932952880859e+00
3.997904062271118164e+00
4.137323856353759766e+00
3.647670984268188477e+00
3.106837034225463867e+00
4.333664894104003906e+00
3.851154088973999023e+00
4.395915031433105469e+00
5.153131008148193359e+00
4.497961997985839844e+00
3.915143966674804688e+00
4.121021032333374023e+00
3.621334075927734375e+00
4.252918958663940430e+00
5.079556941986083984e+00
4.641520977020263672e+00
4.305019855499267578e+00
4.766623973846435547e+00
5.331325769424438477e+00
4.335657835006713867e+00
4.869671821594238281e+00
4.740958929061889648e+00
3.914675951004028320e+00
4.646816015243530273e+00
4.209598302841186523e+00
3.910275936126708984e+00
4.523925065994262695e+00
3.191461086273193359e+00
4.897896051406860352e+00
4.913174867630004883e+00
3.846705198287963867e+00
4.035071849822998047e+00
3.715520858764648438e+00
4.449551820755004883e+00
3.605513811111450195e+00
4.099161148071289062e+00
3.699053049087524414e+00
3.454428911209106445e+00
3.438023090362548828e+00
3.829468965530395508e+00
3.491416215896606445e+00
3.950766086578369141e+00
3.712278842926025391e+00
4.326772928237915039e+00
3.535049915313720703e+00
2.699163913726806641e+00
3.181803226470947266e+00
2.680968046188354492e+00
4.555654764175415039e+00
3.660124301910400391e+00
2.870911121368408203e+00
4.405909061431884766e+00
4.818663835525512695e+00
4.167212963104248047e+00
4.923449993133544922e+00
6.475928068161010742e+00
4.518449068069458008e+00
3.633305072784423828e+00
4.735683679580688477e+00
2.636368036270141602e+00
4.200541257858276367e+00
3.193514108657836914e+00
2.936633110046386719e+00
3.462604999542236328e+00
4.005026102066040039e+00
6.578426837921142578e+00
3.859995126724243164e+00
4.682871818542480469e+00
3.290775060653686523e+00
3.591208934783935547e+00
4.248855113983154297e+00
3.621368169784545898e+00
3.469610929489135742e+00
3.642642259597778320e+00
4.876507282257080078e+00
4.065895318984985352e+00
4.465861797332763672e+00
2.245695114135742188e+00
2.393002033233642578e+00
3.416251182556152344e+00
3.838431119918823242e+00
2.519514083862304688e+00
4.296473741531372070e+00
2.862122058868408203e+00
2.708717823028564453e+00
3.988466978073120117e+00
2.790183305740356445e+00
2.586484909057617188e+00
2.809376716613769531e+00
4.110203981399536133e+00
4.303171157836914062e+00
4.753221988677978516e+00
3.454274892807006836e+00
2.603935956954956055e+00
3.139358997344970703e+00
2.950287103652954102e+00
3.452389955520629883e+00
3.427515983581542969e+00
3.713161230087280273e+00
2.502927064895629883e+00
3.508204698562622070e+00
2.885140895843505859e+00
2.978041172027587891e+00
4.129845142364501953e+00
4.331267118453979492e+00
3.187868118286132812e+00
3.957262754440307617e+00
3.576745986938476562e+00
3.711934089660644531e+00
3.652972221374511719e+00
4.786731958389282227e+00
3.851912260055541992e+00
4.236333131790161133e+00
3.793708086013793945e+00
4.721023797988891602e+00
3.910908937454223633e+00
4.848994970321655273e+00
4.708119153976440430e+00
3.535242080688476562e+00
4.445930004119873047e+00
5.068828105926513672e+00
5.135893106460571289e+00
3.861597061157226562e+00
5.144939899444580078e+00
4.981681346893310547e+00
4.848330974578857422e+00
5.605865001678466797e+00
4.671381950378417969e+00
5.129817008972167969e+00
4.176678895950317383e+00
5.540472030639648438e+00
5.442367076873779297e+00
6.342923164367675781e+00
5.707027912139892578e+00
6.124148130416870117e+00
6.141221761703491211e+00
6.029136180877685547e+00
4.108055114746093750e+00
5.086431980133056641e+00
5.956362009048461914e+00
5.575418949127197266e+00
4.749864816665649414e+00
5.660180807113647461e+00
5.197098016738891602e+00
6.568479061126708984e+00
3.828896999359130859e+00
6.523659229278564453e+00
6.458820104598999023e+00
5.210485935211181641e+00
5.392734766006469727e+00
6.488286972045898438e+00
6.471913337707519531e+00
6.333592176437377930e+00
5.117965221405029297e+00
6.148808956146240234e+00
4.923641681671142578e+00
5.265507221221923828e+00
6.093673944473266602e+00
4.431739807128906250e+00
6.602515935897827148e+00
5.259658098220825195e+00
6.360858917236328125e+00
6.133548021316528320e+00
6.407478094100952148e+00
5.768520116806030273e+00
6.707103013992309570e+00
5.972543954849243164e+00
6.284487009048461914e+00
6.013010978698730469e+00
5.645344018936157227e+00
3.241583108901977539e+00
4.818414926528930664e+00
5.450325965881347656e+00
6.379297971725463867e+00
5.433372020721435547e+00
5.580152034759521484e+00
6.818502902984619141e+00
5.031749010086059570e+00
5.493550062179565430e+00
5.684621810913085938e+00
4.216643095016479492e+00
5.669181108474731445e+00
5.434286117553710938e+00
6.895282983779907227e+00
4.268748044967651367e+00
6.635743141174316406e+00
5.483402013778686523e+00
5.320415019989013672e+00
5.728287935256958008e+00
5.845217943191528320e+00
4.925491809844970703e+00
3.807873010635375977e+00
4.553464889526367188e+00
6.373668909072875977e+00
7.321895122528076172e+00
4.589972019195556641e+00
7.252627134323120117e+00
4.560935258865356445e+00
5.552826166152954102e+00
4.651473760604858398e+00
6.190567016601562500e+00
2.829669952392578125e+00
3.899211883544921875e+00
6.688311100006103516e+00
6.606621026992797852e+00
3.506551980972290039e+00
3.043284177780151367e+00
3.213059186935424805e+00
2.713066101074218750e+00
2.750060796737670898e+00
3.425868034362792969e+00
3.530015945434570312e+00
2.800817251205444336e+00
3.617415904998779297e+00
2.976028203964233398e+00
2.817490100860595703e+00
4.222331047058105469e+00
2.694123029708862305e+00
3.732006788253784180e+00
3.577398061752319336e+00
3.221292972564697266e+00
4.082623958587646484e+00
2.339978933334350586e+00
3.503308057785034180e+00
3.469163179397583008e+00
3.819918155670166016e+00
3.897495031356811523e+00
3.878475189208984375e+00
2.988739013671875000e+00
4.002848625183105469e+00
3.733218908309936523e+00
3.265091180801391602e+00
3.400062799453735352e+00
3.246493816375732422e+00
3.471688270568847656e+00
4.189343214035034180e+00
3.547167301177978516e+00
3.258046865463256836e+00
3.222832202911376953e+00
4.530667066574096680e+00
3.524538993835449219e+00
4.810060024261474609e+00
2.157270908355712891e+00
5.062629222869873047e+00
2.338910102844238281e+00
3.057142019271850586e+00
3.606512069702148438e+00
3.269418001174926758e+00
3.971578121185302734e+00
3.795823812484741211e+00
4.816276788711547852e+00
3.447289943695068359e+00
3.530066728591918945e+00
3.747454881668090820e+00
3.621115922927856445e+00
3.887614011764526367e+00
3.225978136062622070e+00
3.279035091400146484e+00
3.619476318359375000e+00
4.354462862014770508e+00
4.154876947402954102e+00
3.814906835556030273e+00
4.169420003890991211e+00
4.300634860992431641e+00
4.275261878967285156e+00
4.009750843048095703e+00
4.060134172439575195e+00
4.279966831207275391e+00
4.305721044540405273e+00
4.273273944854736328e+00
5.088025808334350586e+00
3.119382143020629883e+00
4.675022125244140625e+00
5.020839214324951172e+00
3.507751941680908203e+00
4.836706876754760742e+00
4.847478866577148438e+00
4.855557918548583984e+00
5.170519113540649414e+00
4.228410243988037109e+00
2.901750802993774414e+00
4.942912101745605469e+00
4.849530220031738281e+00
4.661257982254028320e+00
2.952810049057006836e+00
5.079077959060668945e+00
6.376455068588256836e+00
4.867314338684082031e+00
4.865565061569213867e+00
5.260093927383422852e+00
5.082035779953002930e+00
3.769148826599121094e+00
4.067162990570068359e+00
5.053160905838012695e+00
3.223102331161499023e+00
5.782724142074584961e+00
2.599874019622802734e+00
5.395337104797363281e+00
4.204260110855102539e+00
5.288680315017700195e+00
4.179887056350708008e+00
2.120550870895385742e+00
4.389365196228027344e+00
5.887260913848876953e+00
5.264743089675903320e+00
5.350121259689331055e+00
5.488209247589111328e+00
3.213374853134155273e+00
3.822890996932983398e+00
4.258000135421752930e+00
4.983649969100952148e+00
3.200377941131591797e+00
3.128119945526123047e+00
2.914613008499145508e+00
5.232502937316894531e+00
5.952110290527343750e+00
3.385941028594970703e+00
4.273200035095214844e+00
5.456023931503295898e+00
5.431436061859130859e+00
4.650299310684204102e+00
5.426717281341552734e+00
2.845083951950073242e+00
4.857665061950683594e+00
1.964186906814575195e+00
4.401145935058593750e+00
5.186324834823608398e+00
5.715341806411743164e+00
5.466909885406494141e+00
3.074621915817260742e+00
3.576121091842651367e+00
4.359343767166137695e+00
2.474081039428710938e+00
3.200729131698608398e+00
2.886342763900756836e+00
5.672936916351318359e+00
5.646715879440307617e+00
3.246992826461791992e+00
5.395673036575317383e+00
5.910405158996582031e+00
2.886567115783691406e+00
3.269702196121215820e+00
3.255805969238281250e+00
1.820144176483154297e+00
3.364040851593017578e+00
2.909244060516357422e+00
3.503367900848388672e+00
2.967314958572387695e+00
4.250821828842163086e+00
4.298861742019653320e+00
4.080774784088134766e+00
4.169817924499511719e+00
3.160374879837036133e+00
5.055607080459594727e+00
4.898996114730834961e+00
4.870829820632934570e+00
4.932954072952270508e+00
4.665443897247314453e+00
5.481413125991821289e+00
5.229176998138427734e+00
3.947080850601196289e+00
3.220467805862426758e+00
5.363607883453369141e+00
5.388100862503051758e+00
3.387881040573120117e+00
4.784736156463623047e+00
4.227853059768676758e+00
3.568412065505981445e+00
3.224951028823852539e+00
5.280678272247314453e+00
3.619642734527587891e+00
3.895008087158203125e+00
4.481054067611694336e+00
3.197848081588745117e+00
4.703967094421386719e+00
3.781461000442504883e+00
3.814880847930908203e+00
3.324218034744262695e+00
3.872561931610107422e+00
3.461148262023925781e+00
3.911644935607910156e+00
4.506519079208374023e+00
4.589125871658325195e+00
3.877429962158203125e+00
4.754851102828979492e+00
4.733393192291259766e+00
4.495771169662475586e+00
3.996632814407348633e+00
3.601340770721435547e+00
2.889733791351318359e+00
4.600776910781860352e+00
4.019500017166137695e+00
3.946426153182983398e+00
2.907957077026367188e+00
6.281521797180175781e+00
4.630233764648437500e+00
3.981920003890991211e+00
4.745465755462646484e+00
4.617137193679809570e+00
5.384220838546752930e+00
5.048022031784057617e+00
5.037153959274291992e+00
5.057240962982177734e+00
3.749190092086791992e+00
2.353892087936401367e+00
4.239674806594848633e+00
3.867004871368408203e+00
4.204019069671630859e+00
3.412070989608764648e+00
3.079735040664672852e+00
4.422612905502319336e+00
4.030907154083251953e+00
4.527979850769042969e+00
5.253626108169555664e+00
4.501113891601562500e+00
3.819436073303222656e+00
5.152084112167358398e+00
2.239294052124023438e+00
4.314912080764770508e+00
4.415797710418701172e+00
6.242700099945068359e+00
4.036921024322509766e+00
4.607083082199096680e+00
4.014841079711914062e+00
4.361988067626953125e+00
5.367183923721313477e+00
4.671744823455810547e+00
4.695580959320068359e+00
4.560647964477539062e+00
5.647588014602661133e+00
1.853254079818725586e+00
5.049165964126586914e+00
6.189851045608520508e+00
4.322458982467651367e+00
5.246973276138305664e+00
5.547816038131713867e+00
6.177817106246948242e+00
2.616853952407836914e+00
3.137629032135009766e+00
2.731935977935791016e+00
6.406440973281860352e+00
5.166688203811645508e+00
5.690237760543823242e+00
3.718872785568237305e+00
4.495827913284301758e+00
2.672405004501342773e+00
5.517282962799072266e+00
2.625168085098266602e+00
2.241408824920654297e+00
2.895341873168945312e+00
4.650054931640625000e+00
3.514619112014770508e+00
2.693635225296020508e+00
3.311475038528442383e+00
2.549652099609375000e+00
2.319480180740356445e+00
2.268744230270385742e+00
3.363771915435791016e+00
2.611462831497192383e+00
2.724593162536621094e+00
2.710937023162841797e+00
3.250027179718017578e+00
5.970364093780517578e+00
3.593836069107055664e+00
3.497299909591674805e+00
5.720357894897460938e+00
3.384388923645019531e+00
2.784671068191528320e+00
3.229252099990844727e+00
2.868938922882080078e+00
3.683797121047973633e+00
3.679065227508544922e+00
3.674157142639160156e+00
3.254268884658813477e+00
3.309912919998168945e+00
3.560673952102661133e+00
3.988823175430297852e+00
3.807200193405151367e+00
3.157748937606811523e+00
3.359366178512573242e+00
3.868983030319213867e+00
3.570588827133178711e+00
4.230314016342163086e+00
4.161449909210205078e+00
4.251101970672607422e+00
3.576605319976806641e+00
2.272910118103027344e+00
3.788689851760864258e+00
3.611867904663085938e+00
4.339432001113891602e+00
4.250419855117797852e+00
4.269623994827270508e+00
4.281017303466796875e+00
3.068376064300537109e+00
3.986635684967041016e+00
4.355386734008789062e+00
4.060988903045654297e+00
4.852305173873901367e+00
3.856593847274780273e+00
3.638948678970336914e+00
4.060175895690917969e+00
4.694900035858154297e+00
4.945768833160400391e+00
4.104140996932983398e+00
3.021341800689697266e+00
4.749105691909790039e+00
4.738775014877319336e+00
3.215360879898071289e+00
4.278125047683715820e+00
3.122568130493164062e+00
5.150613784790039062e+00
5.035510063171386719e+00
4.246080160140991211e+00
4.337906837463378906e+00
4.880761861801147461e+00
4.584572792053222656e+00
4.484660863876342773e+00
3.704689979553222656e+00
4.443373918533325195e+00
4.366948843002319336e+00
4.697488069534301758e+00
3.416479110717773438e+00
4.318405866622924805e+00
4.335942983627319336e+00
2.983532190322875977e+00
3.029833793640136719e+00
4.325828790664672852e+00
4.704622030258178711e+00
4.744601964950561523e+00
5.357896089553833008e+00
5.337032079696655273e+00
3.236842155456542969e+00
3.915184736251831055e+00
3.844202041625976562e+00
2.854845046997070312e+00
5.870649814605712891e+00
3.994035959243774414e+00
3.748272895812988281e+00
4.312394857406616211e+00
4.265776872634887695e+00
2.781556844711303711e+00
3.958953142166137695e+00
3.333714008331298828e+00
3.692136287689208984e+00
3.998709917068481445e+00
4.071149826049804688e+00
2.871283054351806641e+00
3.780452013015747070e+00
4.058177947998046875e+00
3.734304428100585938e+00
4.301975011825561523e+00
3.135801792144775391e+00
4.232757091522216797e+00
4.864475011825561523e+00
2.534893989562988281e+00
3.165211915969848633e+00
2.797605276107788086e+00
2.878079175949096680e+00
4.129922151565551758e+00
2.803339004516601562e+00
4.528037786483764648e+00
2.897856950759887695e+00
3.024641990661621094e+00
2.470133066177368164e+00
4.506184101104736328e+00
2.737428903579711914e+00
4.366212129592895508e+00
2.406507015228271484e+00
4.138890981674194336e+00
2.920339107513427734e+00
3.442985057830810547e+00
4.958629131317138672e+00
3.368620157241821289e+00
4.895907163619995117e+00
3.707323074340820312e+00
2.995821952819824219e+00
2.701503038406372070e+00
3.575261116027832031e+00
2.183093070983886719e+00
3.161909103393554688e+00
3.062266826629638672e+00
2.830802917480468750e+00
3.900666713714599609e+00
3.017009973526000977e+00
3.564140081405639648e+00
3.827803850173950195e+00
3.847139835357666016e+00
3.661758899688720703e+00
4.102934122085571289e+00
4.587012052536010742e+00
4.021864891052246094e+00
2.799534797668457031e+00
3.965635061264038086e+00
4.142816305160522461e+00
2.567869186401367188e+00
4.206717967987060547e+00
4.219424962997436523e+00
3.530762910842895508e+00
4.327668905258178711e+00
4.330262899398803711e+00
4.222432136535644531e+00
4.165554285049438477e+00
4.560745000839233398e+00
4.468006134033203125e+00
3.899832010269165039e+00
4.732553958892822266e+00
4.306630849838256836e+00
4.452574968338012695e+00
4.306361913681030273e+00
4.897328853607177734e+00
4.874351024627685547e+00
3.950953006744384766e+00
4.582145214080810547e+00
4.543193101882934570e+00
4.396170854568481445e+00
4.847728967666625977e+00
4.019447088241577148e+00
3.125623941421508789e+00
3.269330024719238281e+00
3.829990863800048828e+00
4.841189861297607422e+00
4.901618957519531250e+00
4.366607904434204102e+00
4.726480960845947266e+00
4.881601810455322266e+00
4.715345144271850586e+00
3.955876111984252930e+00
3.531807184219360352e+00
3.513490915298461914e+00
3.462527036666870117e+00
4.093683004379272461e+00
3.664489984512329102e+00
4.827649593353271484e+00
3.658335924148559570e+00
3.879815816879272461e+00
2.549365043640136719e+00
3.648156166076660156e+00
3.639976978302001953e+00
3.818919897079467773e+00
3.720224142074584961e+00
3.671022176742553711e+00
3.252426862716674805e+00
2.545713186264038086e+00
3.856793165206909180e+00
4.022356271743774414e+00
3.371968030929565430e+00
3.368477821350097656e+00
3.729525089263916016e+00
2.879649162292480469e+00
3.833975076675415039e+00
3.271391868591308594e+00
3.964474201202392578e+00
3.807699203491210938e+00
4.429830789566040039e+00
4.297487735748291016e+00
2.935837030410766602e+00
3.562337875366210938e+00
4.414713859558105469e+00
3.177053928375244141e+00
4.742008209228515625e+00
2.395422935485839844e+00
4.051608085632324219e+00
2.650533914566040039e+00
2.567849874496459961e+00
2.771157979965209961e+00
4.185808181762695312e+00
3.930730104446411133e+00
4.842162847518920898e+00
5.646317958831787109e+00
2.866552114486694336e+00
4.544486999511718750e+00
2.786344051361083984e+00
3.184685707092285156e+00
4.377793073654174805e+00
3.246325969696044922e+00
3.406972885131835938e+00
3.414458990097045898e+00
2.668984889984130859e+00
3.436474084854125977e+00
3.345175027847290039e+00
3.373664379119873047e+00
3.701678037643432617e+00
3.135952711105346680e+00
3.018931388854980469e+00
3.258902072906494141e+00
3.212152004241943359e+00
3.816419124603271484e+00
3.257027149200439453e+00
3.126322984695434570e+00
2.814591169357299805e+00
3.152837991714477539e+00
3.070105075836181641e+00
3.136091232299804688e+00
2.625347852706909180e+00
3.317279815673828125e+00
2.986467838287353516e+00
3.168235063552856445e+00
3.348068237304687500e+00
3.147014141082763672e+00
3.302158832550048828e+00
3.583702087402343750e+00
3.368508100509643555e+00
3.710129737854003906e+00
4.054748296737670898e+00
3.484385013580322266e+00
3.080501079559326172e+00
4.218084096908569336e+00
3.155770063400268555e+00
2.829531908035278320e+00
3.071681976318359375e+00
3.103714704513549805e+00
4.185437202453613281e+00
3.852355718612670898e+00
3.786185979843139648e+00
3.690229892730712891e+00
3.865541219711303711e+00
2.183863878250122070e+00
3.606865882873535156e+00
3.889320850372314453e+00
2.616963148117065430e+00
2.657987833023071289e+00
4.049904108047485352e+00
3.660954236984252930e+00
3.669547080993652344e+00
1.674053907394409180e+00
3.666925191879272461e+00
4.604382991790771484e+00
1.996132135391235352e+00
3.810289859771728516e+00
3.791804075241088867e+00
3.835392951965332031e+00
5.246697902679443359e+00
3.340785026550292969e+00
2.546181917190551758e+00
2.512007236480712891e+00
3.089655160903930664e+00
2.605984926223754883e+00
4.323818922042846680e+00
4.260257959365844727e+00
3.267386913299560547e+00
3.834403038024902344e+00
4.703880786895751953e+00
4.533112049102783203e+00
4.590205907821655273e+00
4.005045890808105469e+00
4.163548946380615234e+00
3.044251918792724609e+00
3.524139642715454102e+00
4.097557067871093750e+00
4.419139146804809570e+00
4.293266296386718750e+00
3.857300043106079102e+00
3.429929018020629883e+00
4.199802160263061523e+00
2.804486989974975586e+00
2.703967094421386719e+00
2.666456937789916992e+00
2.781172037124633789e+00
3.054769039154052734e+00
2.948600769042968750e+00
3.292321205139160156e+00
2.215116977691650391e+00
3.145968198776245117e+00
2.816716909408569336e+00
3.460097789764404297e+00
3.302015066146850586e+00
2.987230300903320312e+00
3.124549150466918945e+00
2.554381132125854492e+00
2.604991912841796875e+00
3.016998052597045898e+00
3.144092798233032227e+00
2.610409021377563477e+00
3.288017988204956055e+00
2.825199842453002930e+00
3.400880813598632812e+00
3.136243104934692383e+00
2.916178941726684570e+00
3.548699140548706055e+00
2.884227037429809570e+00
3.613025188446044922e+00
3.034196853637695312e+00
3.243868350982666016e+00
3.822123765945434570e+00
3.004373073577880859e+00
2.856858730316162109e+00
4.409045934677124023e+00
3.644473075866699219e+00
3.512031793594360352e+00
3.969380140304565430e+00
3.846284151077270508e+00
2.917517185211181641e+00
4.354326009750366211e+00
2.711070060729980469e+00
2.973596096038818359e+00
3.483386754989624023e+00
2.882030725479125977e+00
3.533565759658813477e+00
4.514392852783203125e+00
4.113811969757080078e+00
2.651010990142822266e+00
3.578758955001831055e+00
4.006062746047973633e+00
2.393947839736938477e+00
3.188745975494384766e+00
5.252123117446899414e+00
3.464099168777465820e+00
3.422479152679443359e+00
3.610485076904296875e+00
4.445709705352783203e+00
4.517326116561889648e+00
3.440656900405883789e+00
2.274557828903198242e+00
4.277698993682861328e+00
3.631922960281372070e+00
2.737080097198486328e+00
4.532373189926147461e+00
2.464664936065673828e+00
2.742340087890625000e+00
3.846372842788696289e+00
3.359379053115844727e+00
4.935825824737548828e+00
3.139739036560058594e+00
3.080370903015136719e+00
3.108721017837524414e+00
3.132246732711791992e+00
3.008348941802978516e+00
3.073349237442016602e+00
3.454239845275878906e+00
3.341497898101806641e+00
2.823602914810180664e+00
2.500942707061767578e+00
3.471687078475952148e+00
2.763231992721557617e+00
3.149270057678222656e+00
3.225382089614868164e+00
3.045462131500244141e+00
3.479830026626586914e+00
3.389681816101074219e+00
1.919957876205444336e+00
2.956984996795654297e+00
3.678880929946899414e+00
4.024898052215576172e+00
3.374797105789184570e+00
4.320995092391967773e+00
3.863723993301391602e+00
3.288660049438476562e+00
3.819447994232177734e+00
2.972149133682250977e+00
3.398488998413085938e+00
3.104236125946044922e+00
2.627239942550659180e+00
3.490685939788818359e+00
4.557944774627685547e+00
4.287027835845947266e+00
3.260841846466064453e+00
3.839258909225463867e+00
2.908136844635009766e+00
4.024469852447509766e+00
3.469297885894775391e+00
4.074578285217285156e+00
4.565356016159057617e+00
3.703066110610961914e+00
3.558804035186767578e+00
4.117758035659790039e+00
2.919520139694213867e+00
3.264773130416870117e+00
4.095860958099365234e+00
3.119097709655761719e+00
4.058186054229736328e+00
3.328973054885864258e+00
3.422711849212646484e+00
3.158942222595214844e+00
3.334056854248046875e+00
3.914199829101562500e+00
4.012995958328247070e+00
4.374848127365112305e+00
4.094990015029907227e+00
2.768847942352294922e+00
3.559045791625976562e+00
3.119571924209594727e+00
3.789455890655517578e+00
4.388776063919067383e+00
4.753844976425170898e+00
4.660804271697998047e+00
2.968283891677856445e+00
3.420861959457397461e+00
5.041023969650268555e+00
5.144520998001098633e+00
5.073332071304321289e+00
4.730131864547729492e+00
4.446590900421142578e+00
5.025870800018310547e+00
3.811703920364379883e+00
4.613440036773681641e+00
4.346505880355834961e+00
4.839412927627563477e+00
4.425303697586059570e+00
6.428974866867065430e+00
5.389955997467041016e+00
5.370022058486938477e+00
5.361509084701538086e+00
3.555597782135009766e+00
5.771670103073120117e+00
5.363191843032836914e+00
2.616557836532592773e+00
3.716526031494140625e+00
4.436168193817138672e+00
4.823952913284301758e+00
5.746473073959350586e+00
3.756867647171020508e+00
3.065315008163452148e+00
4.711730957031250000e+00
8.439235687255859375e+00
4.117621898651123047e+00
5.049885034561157227e+00
3.173889160156250000e+00
4.165015935897827148e+00
3.848383903503417969e+00
6.041383981704711914e+00
5.030071258544921875e+00
4.515733957290649414e+00
4.843530178070068359e+00
3.007578134536743164e+00
3.745172977447509766e+00
3.675831079483032227e+00
3.258378982543945312e+00
4.213737010955810547e+00
2.464468955993652344e+00
4.423398971557617188e+00
5.495798110961914062e+00
4.084511995315551758e+00
3.866593122482299805e+00
4.265954017639160156e+00
4.942458152770996094e+00
3.649862051010131836e+00
2.930726289749145508e+00
4.158263206481933594e+00
4.110095024108886719e+00
5.401560068130493164e+00
2.029244184494018555e+00
4.831737995147705078e+00
2.311044931411743164e+00
4.162482976913452148e+00
3.990913152694702148e+00
3.553764104843139648e+00
4.401827096939086914e+00
4.406441211700439453e+00
2.551539897918701172e+00
2.971041917800903320e+00
2.667152166366577148e+00
3.849802017211914062e+00
3.260118007659912109e+00
4.056082963943481445e+00
4.290364980697631836e+00
3.903743982315063477e+00
4.178972244262695312e+00
3.090846061706542969e+00
3.729909658432006836e+00
4.388090848922729492e+00
3.841545104980468750e+00
4.137408018112182617e+00
3.900617837905883789e+00
3.664080858230590820e+00
3.446786642074584961e+00
3.581700086593627930e+00
3.913113832473754883e+00
3.496765136718750000e+00
3.795665025711059570e+00
4.075011014938354492e+00
3.626833915710449219e+00
2.896163940429687500e+00
4.785942792892456055e+00
3.988173007965087891e+00
4.205343961715698242e+00
4.417649984359741211e+00
4.325170993804931641e+00
3.640769004821777344e+00
4.206995964050292969e+00
4.505599021911621094e+00
4.293530941009521484e+00
3.810023069381713867e+00
4.429691791534423828e+00
4.326956033706665039e+00
5.966447114944458008e+00
5.106410980224609375e+00
3.810636043548583984e+00
5.171437978744506836e+00
5.277198076248168945e+00
4.757972955703735352e+00
4.447773218154907227e+00
5.493736982345581055e+00
3.645629882812500000e+00
4.515380859375000000e+00
5.263794898986816406e+00
4.641793012619018555e+00
4.485030174255371094e+00
4.208440780639648438e+00
6.076429128646850586e+00
4.204542398452758789e+00
3.887036323547363281e+00
4.051609039306640625e+00
4.503792285919189453e+00
3.417061805725097656e+00
4.176650047302246094e+00
4.397975206375122070e+00
3.908220291137695312e+00
4.354104757308959961e+00
4.697975158691406250e+00
5.065145969390869141e+00
4.118027925491333008e+00
4.473829746246337891e+00
4.518573284149169922e+00
4.576136827468872070e+00
4.417361974716186523e+00
4.224307060241699219e+00
4.718508243560791016e+00
4.355540037155151367e+00
2.986236095428466797e+00
2.554234027862548828e+00
2.011220932006835938e+00
2.222933053970336914e+00
2.928004980087280273e+00
3.090844154357910156e+00
2.481585025787353516e+00
2.674046039581298828e+00
1.797053098678588867e+00
2.652302026748657227e+00
2.831309080123901367e+00
2.888823032379150391e+00
2.984054088592529297e+00
2.612865924835205078e+00
3.238079071044921875e+00
3.239143848419189453e+00
2.109696865081787109e+00
2.210199117660522461e+00
2.508505105972290039e+00
3.838572025299072266e+00
2.865391731262207031e+00
2.821786165237426758e+00
2.434356927871704102e+00
2.924124002456665039e+00
2.837356090545654297e+00
3.047235012054443359e+00
2.605886936187744141e+00
2.783585071563720703e+00
2.972097158432006836e+00
3.748312711715698242e+00
3.250531911849975586e+00
3.112129926681518555e+00
3.130215883255004883e+00
2.895475149154663086e+00
2.806443691253662109e+00
3.067329168319702148e+00
2.856333017349243164e+00
3.066931009292602539e+00
2.755758047103881836e+00
3.190342187881469727e+00
3.475586891174316406e+00
3.478551149368286133e+00
3.457069873809814453e+00
3.010647058486938477e+00
3.445444822311401367e+00
3.372073411941528320e+00
3.732751846313476562e+00
2.607292890548706055e+00
3.150397062301635742e+00
3.692770957946777344e+00
3.421637773513793945e+00
3.447824954986572266e+00
2.750303983688354492e+00
3.559761047363281250e+00
2.734421014785766602e+00
3.536931991577148438e+00
2.811842679977416992e+00
4.040039300918579102e+00
4.125444173812866211e+00
3.759567260742187500e+00
2.632916927337646484e+00
3.805594921112060547e+00
4.569837808609008789e+00
3.834497690200805664e+00
4.546741962432861328e+00
2.682017087936401367e+00
4.145142078399658203e+00
3.880425930023193359e+00
4.681313037872314453e+00
2.517926931381225586e+00
3.711195945739746094e+00
2.859793901443481445e+00
2.210100889205932617e+00
2.562929868698120117e+00
2.818583011627197266e+00
2.198837995529174805e+00
5.020493030548095703e+00
2.478182792663574219e+00
2.881330013275146484e+00
3.857932090759277344e+00
3.357666015625000000e+00
2.290513038635253906e+00
3.103942871093750000e+00
3.025595903396606445e+00
2.762006044387817383e+00
3.843931913375854492e+00
4.374675989151000977e+00
3.706486940383911133e+00
3.130511999130249023e+00
3.027911186218261719e+00
5.981930971145629883e+00
2.424987792968750000e+00
3.363574981689453125e+00
3.263463973999023438e+00
2.997824907302856445e+00
6.324969053268432617e+00
3.176331758499145508e+00
3.408935070037841797e+00
3.290330886840820312e+00
3.271160840988159180e+00
3.105271577835083008e+00
3.006325006484985352e+00
3.282883882522583008e+00
2.497763156890869141e+00
3.388407230377197266e+00
3.286093950271606445e+00
4.016313076019287109e+00
4.191488981246948242e+00
3.822545289993286133e+00
3.552689790725708008e+00
3.167569160461425781e+00
2.826308250427246094e+00
2.901618957519531250e+00
3.835780858993530273e+00
2.936678171157836914e+00
3.830785036087036133e+00
2.762165069580078125e+00
3.989551782608032227e+00
4.344130039215087891e+00
1.970113754272460938e+00
4.010217905044555664e+00
3.595654249191284180e+00
3.948739051818847656e+00
3.134308815002441406e+00
3.252141952514648438e+00
3.461548089981079102e+00
3.056669950485229492e+00
2.858785867691040039e+00
3.774214982986450195e+00
4.096107006072998047e+00
4.508949041366577148e+00
3.519198894500732422e+00
3.487023115158081055e+00
3.581658124923706055e+00
2.426093101501464844e+00
3.466055870056152344e+00
2.403559923171997070e+00
5.091304063796997070e+00
3.982163906097412109e+00
2.736956119537353516e+00
2.941194295883178711e+00
2.996482133865356445e+00
4.275483131408691406e+00
2.733782768249511719e+00
3.129571914672851562e+00
2.733893156051635742e+00
2.869274139404296875e+00
2.937613725662231445e+00
3.272141933441162109e+00
2.479459047317504883e+00
3.189923048019409180e+00
3.021881818771362305e+00
3.060008287429809570e+00
2.597193956375122070e+00
3.326227903366088867e+00
3.719187974929809570e+00
1.977256059646606445e+00
2.641262054443359375e+00
3.615543127059936523e+00
2.779074192047119141e+00
2.383715152740478516e+00
3.644219875335693359e+00
2.667257785797119141e+00
2.798424005508422852e+00
3.511098146438598633e+00
2.942536830902099609e+00
2.376569032669067383e+00
3.256899118423461914e+00
2.476219892501831055e+00
3.352054119110107422e+00
2.822477102279663086e+00
2.596804141998291016e+00
3.141894340515136719e+00
3.090914011001586914e+00
3.275557756423950195e+00
2.795923948287963867e+00
3.508105993270874023e+00
2.809080123901367188e+00
2.566377878189086914e+00
3.039151906967163086e+00
2.824470996856689453e+00
2.641769886016845703e+00
2.374661922454833984e+00
2.420720100402832031e+00
2.399996995925903320e+00
3.286213874816894531e+00
3.226636171340942383e+00
2.348727703094482422e+00
2.549484968185424805e+00
2.662238359451293945e+00
3.144030094146728516e+00
2.290986061096191406e+00
2.651944875717163086e+00
4.006450891494750977e+00
2.945520162582397461e+00
3.194354772567749023e+00
3.229734182357788086e+00
3.314588785171508789e+00
1.982915163040161133e+00
3.015399932861328125e+00
3.344039201736450195e+00
2.499580860137939453e+00
3.047466993331909180e+00
2.800630092620849609e+00
2.907678127288818359e+00
3.146775245666503906e+00
3.407407760620117188e+00
3.053136110305786133e+00
2.751069784164428711e+00
3.435066938400268555e+00
3.441172122955322266e+00
3.065373897552490234e+00
2.319582939147949219e+00
3.173394918441772461e+00
3.140357971191406250e+00
2.808066129684448242e+00
2.833848714828491211e+00
3.685360193252563477e+00
3.768226146697998047e+00
2.698832035064697266e+00
3.172351121902465820e+00
3.820755958557128906e+00
3.938797235488891602e+00
4.113850116729736328e+00
3.582924127578735352e+00
2.399447679519653320e+00
4.491090774536132812e+00
4.210972070693969727e+00
3.864778995513916016e+00
4.414063215255737305e+00
3.584990024566650391e+00
3.756914854049682617e+00
3.412518024444580078e+00
4.332000970840454102e+00
1.972146034240722656e+00
3.505219936370849609e+00
2.372709989547729492e+00
3.532695055007934570e+00
3.519944190979003906e+00
4.013851881027221680e+00
3.798580169677734375e+00
4.818935155868530273e+00
3.264801025390625000e+00
2.667154073715209961e+00
3.973461866378784180e+00
3.274629116058349609e+00
2.226315736770629883e+00
3.251249074935913086e+00
3.273324012756347656e+00
3.300169944763183594e+00
3.309098243713378906e+00
3.468781948089599609e+00
2.530680656433105469e+00
3.738722085952758789e+00
4.316901683807373047e+00
3.838683366775512695e+00
3.709066867828369141e+00
3.952445030212402344e+00
4.652472019195556641e+00
2.117950916290283203e+00
2.938106060028076172e+00
2.944406032562255859e+00
2.933312892913818359e+00
3.257777214050292969e+00
3.834664106369018555e+00
4.149126291275024414e+00
2.343352079391479492e+00
3.265914201736450195e+00
2.851876258850097656e+00
2.689681053161621094e+00
2.694146871566772461e+00
2.442358970642089844e+00
3.195258140563964844e+00
2.748389959335327148e+00
5.439121961593627930e+00
2.390877246856689453e+00
2.154672861099243164e+00
2.372689962387084961e+00
2.309828042984008789e+00
3.244008302688598633e+00
2.381990909576416016e+00
2.754157066345214844e+00
2.962203979492187500e+00
2.654360294342041016e+00
2.964569091796875000e+00
3.530123949050903320e+00
3.676298856735229492e+00
3.170534849166870117e+00
3.393413782119750977e+00
3.747020959854125977e+00
3.047502756118774414e+00
3.231015920639038086e+00
3.157296180725097656e+00
3.822775125503540039e+00
3.938745975494384766e+00
4.059221982955932617e+00
4.041405200958251953e+00
3.279393672943115234e+00
3.417451143264770508e+00
4.229786872863769531e+00
3.106781005859375000e+00
2.384198904037475586e+00
4.372239112854003906e+00
2.600331783294677734e+00
3.142668962478637695e+00
3.193863153457641602e+00
3.298698902130126953e+00
2.639740943908691406e+00
2.604964971542358398e+00
3.123649120330810547e+00
2.957127094268798828e+00
2.576965332031250000e+00
3.814064741134643555e+00
3.328111886978149414e+00
3.431171655654907227e+00
3.493748188018798828e+00
1.935587882995605469e+00
2.619116067886352539e+00
3.224915981292724609e+00
2.767788171768188477e+00
3.062288284301757812e+00
2.662209987640380859e+00
1.773222208023071289e+00
2.566769838333129883e+00
3.416779041290283203e+00
3.846932888031005859e+00
4.413288831710815430e+00
2.332334041595458984e+00
3.644672155380249023e+00
1.924952030181884766e+00
3.505768775939941406e+00
2.106889009475708008e+00
3.499239921569824219e+00
2.104499340057373047e+00
2.105841875076293945e+00
2.330462932586669922e+00
3.416114807128906250e+00
2.501333951950073242e+00
2.015774011611938477e+00
2.752592086791992188e+00
2.682760953903198242e+00
2.820910930633544922e+00
2.838761091232299805e+00
2.448002099990844727e+00
2.271608114242553711e+00
3.038838148117065430e+00
3.625778913497924805e+00
2.468442201614379883e+00
2.270267248153686523e+00
2.547102212905883789e+00
2.574610948562622070e+00
2.566136121749877930e+00
3.050060987472534180e+00
2.962992191314697266e+00
2.508196115493774414e+00
3.561666011810302734e+00
3.284451007843017578e+00
2.300983667373657227e+00
3.837056159973144531e+00
3.670356988906860352e+00
3.338396787643432617e+00
3.756787061691284180e+00
3.835065841674804688e+00
3.487712860107421875e+00
4.477229118347167969e+00
3.650561094284057617e+00
3.842328071594238281e+00
2.698503971099853516e+00
3.904195070266723633e+00
3.273870229721069336e+00
3.931398868560791016e+00
3.892954826354980469e+00
4.051952123641967773e+00
4.062386989593505859e+00
3.119884014129638672e+00
4.473715066909790039e+00
5.562299966812133789e+00
2.215772867202758789e+00
3.182313919067382812e+00
2.694002866744995117e+00
4.617467164993286133e+00
2.627728939056396484e+00
3.294453859329223633e+00
3.623986005783081055e+00
3.665290832519531250e+00
3.071368932723999023e+00
3.012208938598632812e+00
3.569139957427978516e+00
3.988361120223999023e+00
3.126697063446044922e+00
3.671645402908325195e+00
2.334896087646484375e+00
5.025213241577148438e+00
2.299715995788574219e+00
3.273686170578002930e+00
4.420187234878540039e+00
3.596070289611816406e+00
3.772886037826538086e+00
3.987269163131713867e+00
4.101812124252319336e+00
2.781517028808593750e+00
2.823036909103393555e+00
4.125368118286132812e+00
4.651690959930419922e+00
2.805890083312988281e+00
2.035942792892456055e+00
2.878530025482177734e+00
3.418976068496704102e+00
3.254226922988891602e+00
3.577908039093017578e+00
3.433220863342285156e+00
3.418092966079711914e+00
3.437916040420532227e+00
3.632505893707275391e+00
2.742187023162841797e+00
3.764526128768920898e+00
2.640866994857788086e+00
2.443239927291870117e+00
3.248133182525634766e+00
3.314542770385742188e+00
2.816858053207397461e+00
2.302477836608886719e+00
3.146501064300537109e+00
2.551733016967773438e+00
2.488152027130126953e+00
2.626340866088867188e+00
2.605479240417480469e+00
3.244091749191284180e+00
2.974290132522583008e+00
3.535033226013183594e+00
3.320285081863403320e+00
3.198805093765258789e+00
2.909801959991455078e+00
3.195828914642333984e+00
3.686080932617187500e+00
2.379462957382202148e+00
3.188539266586303711e+00
3.241238594055175781e+00
3.833283901214599609e+00
3.518252134323120117e+00
3.247868061065673828e+00
2.440173149108886719e+00
2.688385009765625000e+00
2.628742218017578125e+00
2.630776166915893555e+00
2.677595853805541992e+00
2.822842121124267578e+00
2.474787235260009766e+00
3.170805931091308594e+00
3.212370872497558594e+00
2.778531074523925781e+00
2.828402996063232422e+00
2.965456247329711914e+00
2.737407207489013672e+00
2.447794198989868164e+00
2.754518032073974609e+00
2.675094127655029297e+00
3.422142982482910156e+00
3.019427061080932617e+00
3.781650781631469727e+00
3.246456146240234375e+00
2.576659917831420898e+00
2.114681005477905273e+00
3.675048828125000000e+00
4.570214986801147461e+00
2.447081089019775391e+00
3.621939897537231445e+00
2.959458827972412109e+00
3.592496156692504883e+00
2.530005931854248047e+00
2.371108770370483398e+00
3.643246650695800781e+00
3.494153976440429688e+00
3.787392854690551758e+00
3.787852764129638672e+00
2.788489103317260742e+00
3.914667129516601562e+00
3.039426803588867188e+00
2.900562047958374023e+00
3.839602947235107422e+00
2.960895061492919922e+00
4.076277971267700195e+00
4.164526224136352539e+00
4.034770250320434570e+00
2.687338113784790039e+00
3.033304214477539062e+00
2.212263822555541992e+00
3.167923927307128906e+00
2.930549860000610352e+00
3.423267126083374023e+00
2.331523895263671875e+00
2.426537036895751953e+00
2.385268926620483398e+00
2.979310035705566406e+00
1.921111106872558594e+00
2.713636159896850586e+00
3.096030235290527344e+00
2.329971075057983398e+00
2.100964069366455078e+00
2.135612964630126953e+00
2.940124034881591797e+00
2.811710834503173828e+00
2.283195972442626953e+00
2.604314804077148438e+00
2.804578781127929688e+00
2.029903888702392578e+00
1.861004114151000977e+00
2.438210725784301758e+00
2.281610965728759766e+00
3.240936994552612305e+00
2.475880146026611328e+00
2.658339023590087891e+00
2.689878940582275391e+00
2.949899911880493164e+00
2.764847278594970703e+00
2.891703844070434570e+00
2.786824941635131836e+00
2.730808019638061523e+00
2.421807289123535156e+00
3.414698123931884766e+00
3.057535886764526367e+00
3.922817230224609375e+00
3.226554155349731445e+00
2.783241987228393555e+00
2.143759250640869141e+00
1.951258897781372070e+00
3.633606910705566406e+00
2.814648628234863281e+00
4.129323005676269531e+00
3.367605209350585938e+00
3.178436040878295898e+00
3.826686859130859375e+00
2.843379020690917969e+00
3.329777002334594727e+00
1.884901046752929688e+00
3.889565944671630859e+00
2.005788087844848633e+00
3.077417850494384766e+00
1.800922155380249023e+00
4.356054067611694336e+00
3.246315956115722656e+00
3.127473115921020508e+00
3.033334016799926758e+00
2.979308843612670898e+00
2.213979005813598633e+00
2.885396242141723633e+00
2.895796060562133789e+00
3.103771686553955078e+00
2.166185855865478516e+00
2.368848085403442383e+00
2.935675144195556641e+00
2.548172950744628906e+00
2.730237245559692383e+00
2.340890169143676758e+00
2.293207168579101562e+00
3.093813180923461914e+00
2.244190931320190430e+00
2.946858167648315430e+00
3.071274042129516602e+00
3.203380107879638672e+00
1.973217964172363281e+00
3.383344173431396484e+00
2.901817798614501953e+00
2.373040199279785156e+00
2.572934150695800781e+00
2.575968027114868164e+00
2.602144002914428711e+00
2.720046997070312500e+00
2.586564064025878906e+00
2.903918027877807617e+00
2.190980911254882812e+00
3.237855911254882812e+00
2.884154796600341797e+00
2.496816873550415039e+00
2.835357904434204102e+00
3.979634284973144531e+00
3.294885158538818359e+00
2.470537900924682617e+00
3.272763252258300781e+00
1.925928831100463867e+00
3.862911224365234375e+00
4.357154846191406250e+00
3.887488126754760742e+00
2.484033107757568359e+00
2.639906883239746094e+00
3.715587139129638672e+00
3.470000028610229492e+00
4.310723066329956055e+00
3.020805835723876953e+00
4.523929834365844727e+00
3.445470809936523438e+00
4.326897859573364258e+00
3.209723711013793945e+00
2.866136074066162109e+00
4.824630975723266602e+00
4.086112022399902344e+00
2.647563934326171875e+00
4.380913019180297852e+00
3.564634084701538086e+00
3.182092189788818359e+00
2.994333982467651367e+00
1.895607233047485352e+00
3.238830804824829102e+00
3.167662143707275391e+00
2.203267097473144531e+00
2.923537969589233398e+00
2.706696033477783203e+00
3.907453060150146484e+00
3.058409929275512695e+00
3.371235132217407227e+00
2.446396112442016602e+00
3.157935857772827148e+00
2.638558864593505859e+00
2.903230905532836914e+00
2.271692991256713867e+00
3.159837961196899414e+00
2.575877189636230469e+00
2.665011882781982422e+00
2.162649869918823242e+00
2.622500896453857422e+00
2.525417089462280273e+00
2.180165290832519531e+00
2.595636129379272461e+00
2.773164987564086914e+00
3.438549041748046875e+00
2.141142129898071289e+00
2.976943254470825195e+00
2.986259937286376953e+00
3.021713256835937500e+00
3.440093994140625000e+00
3.289272069931030273e+00
3.552234888076782227e+00
2.533041954040527344e+00
3.622241735458374023e+00
3.772525787353515625e+00
3.080433130264282227e+00
3.507266044616699219e+00
2.117980241775512695e+00
2.756436824798583984e+00
3.533138751983642578e+00
2.908788442611694336e+00
2.393307209014892578e+00
3.981668710708618164e+00
2.304999828338623047e+00
3.659792900085449219e+00
3.628931760787963867e+00
2.467823982238769531e+00
3.737786769866943359e+00
2.923699855804443359e+00
3.341988086700439453e+00
4.623296022415161133e+00
2.492272853851318359e+00
3.696110248565673828e+00
4.120459079742431641e+00
2.496528863906860352e+00
2.279458999633789062e+00
2.954095125198364258e+00
3.082160949707031250e+00
2.957056045532226562e+00
2.290647983551025391e+00
2.731142997741699219e+00
3.345278024673461914e+00
2.875021934509277344e+00
2.698398828506469727e+00
3.465054988861083984e+00
2.273133993148803711e+00
3.868357896804809570e+00
3.795048236846923828e+00
2.510444164276123047e+00
3.751847982406616211e+00
4.324969768524169922e+00
2.965071916580200195e+00
2.915704965591430664e+00
3.324594020843505859e+00
4.393803119659423828e+00
3.288000106811523438e+00
4.721008062362670898e+00
4.886138200759887695e+00
3.624962806701660156e+00
4.664232969284057617e+00
3.402024745941162109e+00
3.411329984664916992e+00
3.179543972015380859e+00
4.469641923904418945e+00
5.638676166534423828e+00
4.290412187576293945e+00
4.655613899230957031e+00
4.103008031845092773e+00
5.230942010879516602e+00
5.601350069046020508e+00
2.599813699722290039e+00
2.078063726425170898e+00
5.229006290435791016e+00
3.546031236648559570e+00
3.814592123031616211e+00
2.970578908920288086e+00
4.390948772430419922e+00
5.464576959609985352e+00
1.789779901504516602e+00
5.058949708938598633e+00
4.248593091964721680e+00
3.617496728897094727e+00
2.902493953704833984e+00
2.463107109069824219e+00
2.136996030807495117e+00
4.769080162048339844e+00
3.450330257415771484e+00
2.108749866485595703e+00
3.805577993392944336e+00
2.998088836669921875e+00
1.838796854019165039e+00
1.921054124832153320e+00
3.398266077041625977e+00
2.518060922622680664e+00
2.341728925704956055e+00
2.951469898223876953e+00
2.400877714157104492e+00
3.092559099197387695e+00
2.317561864852905273e+00
3.764624118804931641e+00
2.328407764434814453e+00
3.249528169631958008e+00
4.727578163146972656e+00
2.588487863540649414e+00
2.993029832839965820e+00
3.113504886627197266e+00
3.000180959701538086e+00
3.715884923934936523e+00
3.171040296554565430e+00
3.252030849456787109e+00
3.157487869262695312e+00
3.257921934127807617e+00
3.353048086166381836e+00
3.687814235687255859e+00
3.102066993713378906e+00
3.633245944976806641e+00
3.014005184173583984e+00
4.010433912277221680e+00
1.774195909500122070e+00
3.872844219207763672e+00
3.860806703567504883e+00
3.909348249435424805e+00
4.257809162139892578e+00
3.552761077880859375e+00
2.253380775451660156e+00
2.635632038116455078e+00
3.304524898529052734e+00
3.690983057022094727e+00
2.944659948348999023e+00
2.895900964736938477e+00
2.747782230377197266e+00
3.574181795120239258e+00
3.283888101577758789e+00
1.997648954391479492e+00
3.089753866195678711e+00
2.163768291473388672e+00
3.763296127319335938e+00
3.094892024993896484e+00
2.368729114532470703e+00
4.096834659576416016e+00
3.223798036575317383e+00
2.509876966476440430e+00
4.398443937301635742e+00
2.145240783691406250e+00
2.620658159255981445e+00
2.488106012344360352e+00
2.248116016387939453e+00
2.601465702056884766e+00
2.233197212219238281e+00
2.246747016906738281e+00
3.481421947479248047e+00
2.813350915908813477e+00
2.408447980880737305e+00
2.689521789550781250e+00
2.636048078536987305e+00
2.467163324356079102e+00
2.559348106384277344e+00
2.418677806854248047e+00
3.036271095275878906e+00
2.933343887329101562e+00
2.820398807525634766e+00
3.335391998291015625e+00
2.335838079452514648e+00
2.938716888427734375e+00
3.268679857254028320e+00
2.950269937515258789e+00
2.589418888092041016e+00
2.815109014511108398e+00
3.361265897750854492e+00
3.525571107864379883e+00
3.745985031127929688e+00
3.450693130493164062e+00
3.717796087265014648e+00
3.804016828536987305e+00
4.296916007995605469e+00
3.866407871246337891e+00
3.143383741378784180e+00
3.882875919342041016e+00
2.375478982925415039e+00
2.814282894134521484e+00
3.757800102233886719e+00
4.184586048126220703e+00
2.242022275924682617e+00
2.651715278625488281e+00
3.173580884933471680e+00
3.116977930068969727e+00
2.060144186019897461e+00
4.169276952743530273e+00
3.387707948684692383e+00
2.923214197158813477e+00
2.218038082122802734e+00
4.375649929046630859e+00
4.333228111267089844e+00
2.759040117263793945e+00
3.481920003890991211e+00
3.496371984481811523e+00
3.861866950988769531e+00
2.861714124679565430e+00
3.629220247268676758e+00
4.574804067611694336e+00
4.569802999496459961e+00
2.569324016571044922e+00
3.815139055252075195e+00
2.642897129058837891e+00
2.657619953155517578e+00
2.661884069442749023e+00
3.341624975204467773e+00
2.656799316406250000e+00
2.377987861633300781e+00
4.086825132369995117e+00
3.309630870819091797e+00
2.300809144973754883e+00
3.669403791427612305e+00
3.619799137115478516e+00
2.632247209548950195e+00
3.717460155487060547e+00
3.418022155761718750e+00
3.907254934310913086e+00
2.430481195449829102e+00
2.348990917205810547e+00
2.727944850921630859e+00
3.280638933181762695e+00
4.097108125686645508e+00
3.565584897994995117e+00
4.911853790283203125e+00
3.835749149322509766e+00
2.620732784271240234e+00
3.372770071029663086e+00
3.006345272064208984e+00
2.898222208023071289e+00
3.553941011428833008e+00
4.251729965209960938e+00
2.589636087417602539e+00
3.654635667800903320e+00
3.114624977111816406e+00
3.305103063583374023e+00
4.206779003143310547e+00
2.839852809906005859e+00
2.160569906234741211e+00
2.520303964614868164e+00
3.402842283248901367e+00
2.643317937850952148e+00
2.018899917602539062e+00
3.525957107543945312e+00
3.944521188735961914e+00
1.998614072799682617e+00
3.299342155456542969e+00
2.293739080429077148e+00
4.238250970840454102e+00
3.655843257904052734e+00
2.312932968139648438e+00
4.617460966110229492e+00
4.586878299713134766e+00
3.276365041732788086e+00
3.861483097076416016e+00
3.086231708526611328e+00
3.842879056930541992e+00
3.075171947479248047e+00
3.415561914443969727e+00
4.580310821533203125e+00
3.932484865188598633e+00
3.161067724227905273e+00
3.171272993087768555e+00
3.277358055114746094e+00
4.743381023406982422e+00
2.561910867691040039e+00
3.042434930801391602e+00
3.222442865371704102e+00
3.024907112121582031e+00
2.972671031951904297e+00
4.174127101898193359e+00
2.393474817276000977e+00
3.621884346008300781e+00
3.142583847045898438e+00
4.146887063980102539e+00
3.473636150360107422e+00
4.254375219345092773e+00
2.776912927627563477e+00
3.010065793991088867e+00
1.992751836776733398e+00
2.963621139526367188e+00
3.754764080047607422e+00
2.516124725341796875e+00
2.897006273269653320e+00
3.464364051818847656e+00
4.072326898574829102e+00
3.696072816848754883e+00
4.461337804794311523e+00
4.277534961700439453e+00
2.410178184509277344e+00
1.907913923263549805e+00
3.873465061187744141e+00
2.951043844223022461e+00
3.137288331985473633e+00
2.755892992019653320e+00
2.977900028228759766e+00
1.949609994888305664e+00
3.049973011016845703e+00
2.524921894073486328e+00
3.542979717254638672e+00
1.898828983306884766e+00
2.612764120101928711e+00
1.950373888015747070e+00
4.306014060974121094e+00
3.055528879165649414e+00
3.661706924438476562e+00
3.310970306396484375e+00
2.193383216857910156e+00
2.030647039413452148e+00
2.389981269836425781e+00
2.731414079666137695e+00
3.446235895156860352e+00
2.922129869461059570e+00
3.774532079696655273e+00
2.419634819030761719e+00
3.076783180236816406e+00
2.851934909820556641e+00
2.962177038192749023e+00
3.686278820037841797e+00
3.105732917785644531e+00
3.440914869308471680e+00
2.744103908538818359e+00
3.966572761535644531e+00
3.034358978271484375e+00
2.858124971389770508e+00
3.079205989837646484e+00
3.560827255249023438e+00
4.110260009765625000e+00
2.827587842941284180e+00
3.025537967681884766e+00
3.967909812927246094e+00
3.061959266662597656e+00
3.267331838607788086e+00
3.862020015716552734e+00
2.513972997665405273e+00
3.933461904525756836e+00
2.755312681198120117e+00
3.531072854995727539e+00
2.974530935287475586e+00
4.429138898849487305e+00
4.593530893325805664e+00
3.418237924575805664e+00
2.408091783523559570e+00
4.309245109558105469e+00
3.128984928131103516e+00
3.852334976196289062e+00
4.359996795654296875e+00
3.905441045761108398e+00
4.090160846710205078e+00
3.828042030334472656e+00
4.324601173400878906e+00
3.611939907073974609e+00
4.398378849029541016e+00
3.992648839950561523e+00
3.224568128585815430e+00
3.661670923233032227e+00
3.299403190612792969e+00
4.927461147308349609e+00
4.061567068099975586e+00
4.444276809692382812e+00
2.649549961090087891e+00
4.221251010894775391e+00
4.459031105041503906e+00
2.776937961578369141e+00
4.983691930770874023e+00
4.825232267379760742e+00
3.224624872207641602e+00
4.805219173431396484e+00
3.923293113708496094e+00
3.111436843872070312e+00
4.875560998916625977e+00
4.619976997375488281e+00
3.709018230438232422e+00
4.519397258758544922e+00
3.504872322082519531e+00
4.020581960678100586e+00
2.738152027130126953e+00
3.483222007751464844e+00
2.212113857269287109e+00
1.865701198577880859e+00
3.849069118499755859e+00
4.333682060241699219e+00
2.713647842407226562e+00
4.389384984970092773e+00
3.164511919021606445e+00
2.934659004211425781e+00
2.858189105987548828e+00
4.557403802871704102e+00
4.466863155364990234e+00
3.134797096252441406e+00
2.528942108154296875e+00
3.366477727890014648e+00
2.370032072067260742e+00
3.697250843048095703e+00
3.980427026748657227e+00
3.848003625869750977e+00
3.768707036972045898e+00
3.613759994506835938e+00
3.745051860809326172e+00
3.178945779800415039e+00
2.437380075454711914e+00
2.341166973114013672e+00
3.732421159744262695e+00
2.143775939941406250e+00
3.159093856811523438e+00
2.868173122406005859e+00
3.399092912673950195e+00
3.202543973922729492e+00
3.336997985839843750e+00
3.341014146804809570e+00
2.730659961700439453e+00
3.454415082931518555e+00
2.975108146667480469e+00
2.564934968948364258e+00
3.669602870941162109e+00
3.397668123245239258e+00
3.185765027999877930e+00
3.436952829360961914e+00
3.068384170532226562e+00
3.043261051177978516e+00
3.945981979370117188e+00
3.721754074096679688e+00
3.860116958618164062e+00
3.063673019409179688e+00
4.091885089874267578e+00
3.557111263275146484e+00
2.883179903030395508e+00
3.254739284515380859e+00
3.662920951843261719e+00
3.985571861267089844e+00
3.850407123565673828e+00
2.648036956787109375e+00
3.079426765441894531e+00
3.792982101440429688e+00
4.252438068389892578e+00
4.580070972442626953e+00
4.606848955154418945e+00
4.111964941024780273e+00
3.623899936676025391e+00
3.797224998474121094e+00
4.389056921005249023e+00
4.065321922302246094e+00
4.571750164031982422e+00
3.878578186035156250e+00
4.640604019165039062e+00
4.137655019760131836e+00
4.314537048339843750e+00
4.701789855957031250e+00
4.543263912200927734e+00
4.553297996520996094e+00
4.149348974227905273e+00
2.265496969223022461e+00
4.586747169494628906e+00
5.178612947463989258e+00
4.275834321975708008e+00
2.598248004913330078e+00
4.209438085556030273e+00
5.159119844436645508e+00
4.769040822982788086e+00
4.983248949050903320e+00
2.643617153167724609e+00
4.598943948745727539e+00
4.331993818283081055e+00
4.389578104019165039e+00
3.587970972061157227e+00
5.141904830932617188e+00
5.180287122726440430e+00
4.633089065551757812e+00
3.326274156570434570e+00
5.037807941436767578e+00
3.761759042739868164e+00
3.353600740432739258e+00
5.553670883178710938e+00
5.243784189224243164e+00
3.641471862792968750e+00
3.081781864166259766e+00
2.879089117050170898e+00
2.522483110427856445e+00
3.782363891601562500e+00
4.005613803863525391e+00
3.610624790191650391e+00
4.100518941879272461e+00
4.065157890319824219e+00
2.716597080230712891e+00
3.586845159530639648e+00
4.664212942123413086e+00
4.026097059249877930e+00
3.745790243148803711e+00
3.535263061523437500e+00
4.852423906326293945e+00
3.807157039642333984e+00
4.046364068984985352e+00
3.447394132614135742e+00
3.593374967575073242e+00
4.927618026733398438e+00
3.323794841766357422e+00
4.716535091400146484e+00
3.130200147628784180e+00
3.494855165481567383e+00
3.774143934249877930e+00
4.491624832153320312e+00
3.464038133621215820e+00
6.006308078765869141e+00
3.773037672042846680e+00
3.506831884384155273e+00
3.159456014633178711e+00
3.621279954910278320e+00
4.730156660079956055e+00
2.799992084503173828e+00
4.173107862472534180e+00
3.814071178436279297e+00
5.806935787200927734e+00
3.877387046813964844e+00
3.694994211196899414e+00
5.665188074111938477e+00
3.774397134780883789e+00
3.120149850845336914e+00
3.944013833999633789e+00
4.454220056533813477e+00
3.351220130920410156e+00
4.525991916656494141e+00
4.285928964614868164e+00
3.357795953750610352e+00
4.093702077865600586e+00
4.548187017440795898e+00
4.428814649581909180e+00
3.068887710571289062e+00
4.373733758926391602e+00
4.144037961959838867e+00
3.841524839401245117e+00
3.533675909042358398e+00
4.800641059875488281e+00
4.479839324951171875e+00
4.321891069412231445e+00
3.164623737335205078e+00
3.731683969497680664e+00
3.746253013610839844e+00
3.589617013931274414e+00
4.157565832138061523e+00
3.375528335571289062e+00
4.924339294433593750e+00
4.672714948654174805e+00
3.520290136337280273e+00
2.814391136169433594e+00
3.178558111190795898e+00
3.362188100814819336e+00
3.930381774902343750e+00
3.145380735397338867e+00
4.338074207305908203e+00
3.720185041427612305e+00
3.558628082275390625e+00
2.524880886077880859e+00
2.538754940032958984e+00
3.076722860336303711e+00
4.326535940170288086e+00
4.809664011001586914e+00
2.713257074356079102e+00
3.464922904968261719e+00
3.717399120330810547e+00
2.667470693588256836e+00
4.832892179489135742e+00
3.211291074752807617e+00
3.127022027969360352e+00
4.050822019577026367e+00
2.536097049713134766e+00
3.062633991241455078e+00
4.915503978729248047e+00
3.315896272659301758e+00
3.051721096038818359e+00
3.574519872665405273e+00
3.507158041000366211e+00
3.514976739883422852e+00
3.718664169311523438e+00
4.035257101058959961e+00
3.972661972045898438e+00
3.973425865173339844e+00
2.649340867996215820e+00
4.353206872940063477e+00
3.818022966384887695e+00
3.321712970733642578e+00
4.556961059570312500e+00
2.329719066619873047e+00
4.228729009628295898e+00
4.266269922256469727e+00
3.127234935760498047e+00
4.551080942153930664e+00
4.399742841720581055e+00
4.213132143020629883e+00
4.960311889648437500e+00
4.236958026885986328e+00
4.073628902435302734e+00
4.896885156631469727e+00
4.861899852752685547e+00
4.058198928833007812e+00
5.052114963531494141e+00
4.149392127990722656e+00
3.271100044250488281e+00
4.624769926071166992e+00
4.666722059249877930e+00
5.512449026107788086e+00
3.682859897613525391e+00
4.544839143753051758e+00
2.869148731231689453e+00
4.420337915420532227e+00
2.959904909133911133e+00
5.263670206069946289e+00
4.348350048065185547e+00
4.823280334472656250e+00
4.600878238677978516e+00
2.958452224731445312e+00
5.343873023986816406e+00
4.777499198913574219e+00
3.800570964813232422e+00
2.345366954803466797e+00
2.931955099105834961e+00
3.504788875579833984e+00
3.535839080810546875e+00
4.987183809280395508e+00
3.400180101394653320e+00
6.105174064636230469e+00
4.050428867340087891e+00
3.181261062622070312e+00
4.472480058670043945e+00
4.978511095046997070e+00
3.179500818252563477e+00
4.674484968185424805e+00
4.558031082153320312e+00
4.921174049377441406e+00
4.825350761413574219e+00
3.233647108078002930e+00
3.545401811599731445e+00
3.123703956604003906e+00
3.129655122756958008e+00
3.658808946609497070e+00
4.722316026687622070e+00
3.783255815505981445e+00
5.578330993652343750e+00
3.714059829711914062e+00
1.919911861419677734e+00
4.981421947479248047e+00
2.498396158218383789e+00
2.469192981719970703e+00
3.883428812026977539e+00
3.572781801223754883e+00
1.917390108108520508e+00
4.452640771865844727e+00
4.215219974517822266e+00
2.795477867126464844e+00
3.696185827255249023e+00
4.307095766067504883e+00
2.081336021423339844e+00
2.753539085388183594e+00
2.393503904342651367e+00
2.240047216415405273e+00
2.128604888916015625e+00
3.381487131118774414e+00
2.413264989852905273e+00
2.794507026672363281e+00
2.638407945632934570e+00
2.576540946960449219e+00
2.366395235061645508e+00
2.775010108947753906e+00
3.966466903686523438e+00
2.932395935058593750e+00
2.965117931365966797e+00
3.427798032760620117e+00
2.972699165344238281e+00
3.078446865081787109e+00
2.993491888046264648e+00
2.857374906539916992e+00
3.630620956420898438e+00
3.267415046691894531e+00
3.506333112716674805e+00
3.477298974990844727e+00
3.031625032424926758e+00
3.274733066558837891e+00
3.087970018386840820e+00
3.100930929183959961e+00
3.107492208480834961e+00
3.035006046295166016e+00
3.635215044021606445e+00
3.712037086486816406e+00
3.112842082977294922e+00
3.444954156875610352e+00
3.414661169052124023e+00
3.370854139328002930e+00
2.986337900161743164e+00
2.925639152526855469e+00
3.139104843139648438e+00
4.193061828613281250e+00
4.118176937103271484e+00
4.076050281524658203e+00
4.149279832839965820e+00
3.185217142105102539e+00
3.716692924499511719e+00
4.020514011383056641e+00
4.262570858001708984e+00
4.129703998565673828e+00
4.325985670089721680e+00
4.174005031585693359e+00
4.303882122039794922e+00
4.366704225540161133e+00
3.944425821304321289e+00
4.433216094970703125e+00
4.370650053024291992e+00
3.403794050216674805e+00
4.306359052658081055e+00
3.903220891952514648e+00
5.096524715423583984e+00
3.227939844131469727e+00
3.872653722763061523e+00
4.163578271865844727e+00
3.906947851181030273e+00
3.212586164474487305e+00
3.333856105804443359e+00
3.999322175979614258e+00
4.692828893661499023e+00
4.213493108749389648e+00
4.278119325637817383e+00
4.074622869491577148e+00
4.299656867980957031e+00
4.290566205978393555e+00
2.737185716629028320e+00
4.093625068664550781e+00
5.035989046096801758e+00
4.841680765151977539e+00
4.771419048309326172e+00
5.874212741851806641e+00
5.083404779434204102e+00
4.554181098937988281e+00
3.024652004241943359e+00
4.987771987915039062e+00
3.945319890975952148e+00
2.577477931976318359e+00
5.414258003234863281e+00
4.797935009002685547e+00
3.792238235473632812e+00
3.081134796142578125e+00
3.554105043411254883e+00
3.286639928817749023e+00
3.462182283401489258e+00
3.229593038558959961e+00
4.633607864379882812e+00
4.419765949249267578e+00
3.751584053039550781e+00
3.299916744232177734e+00
3.601831912994384766e+00
4.009490728378295898e+00
3.048664093017578125e+00
2.991463899612426758e+00
3.518200635910034180e+00
3.723054170608520508e+00
4.636339187622070312e+00
3.289496898651123047e+00
4.126373052597045898e+00
4.058161973953247070e+00
3.071471929550170898e+00
4.037257909774780273e+00
3.333558082580566406e+00
6.090795040130615234e+00
4.192928075790405273e+00
4.453370809555053711e+00
3.400900125503540039e+00
5.205684185028076172e+00
4.256686687469482422e+00
3.158941030502319336e+00
4.346429347991943359e+00
3.446660757064819336e+00
4.335352897644042969e+00
4.490576982498168945e+00
3.884114027023315430e+00
4.711229324340820312e+00
3.273620843887329102e+00
3.653662919998168945e+00
3.860610961914062500e+00
4.366018056869506836e+00
4.569039821624755859e+00
3.660031080245971680e+00
5.117855072021484375e+00
2.953526020050048828e+00
3.591927051544189453e+00
3.317795753479003906e+00
3.968167066574096680e+00
2.950966835021972656e+00
2.845382928848266602e+00
3.054834842681884766e+00
2.737893819808959961e+00
4.087143182754516602e+00
3.216991901397705078e+00
3.622987031936645508e+00
3.865355730056762695e+00
3.953201055526733398e+00
4.426831007003784180e+00
3.677557945251464844e+00
4.117348194122314453e+00
3.207215070724487305e+00
3.724986791610717773e+00
4.031090974807739258e+00
3.328744888305664062e+00
3.815526247024536133e+00
3.803097963333129883e+00
4.244307994842529297e+00
3.669502258300781250e+00
3.552844762802124023e+00
3.673403978347778320e+00
5.201061964035034180e+00
3.389851808547973633e+00
3.599370002746582031e+00
3.248553991317749023e+00
3.643769025802612305e+00
2.907753944396972656e+00
3.813592910766601562e+00
3.774020195007324219e+00
3.846027135848999023e+00
3.944077014923095703e+00
3.913743972778320312e+00
4.496566057205200195e+00
3.508315324783325195e+00
4.481406211853027344e+00
3.835685968399047852e+00
3.663770198822021484e+00
3.928843021392822266e+00
3.802516937255859375e+00
3.849234819412231445e+00
2.772174835205078125e+00
3.903729915618896484e+00
4.187211990356445312e+00
3.856950044631958008e+00
3.583852052688598633e+00
3.331550836563110352e+00
3.351290225982666016e+00
3.170960903167724609e+00
2.872660875320434570e+00
4.540148973464965820e+00
3.894184112548828125e+00
4.292489051818847656e+00
3.053389072418212891e+00
4.375000238418579102e+00
3.463954210281372070e+00
3.675353765487670898e+00
3.899810075759887695e+00
3.538251161575317383e+00
3.270760059356689453e+00
2.619783163070678711e+00
3.907181262969970703e+00
4.055604219436645508e+00
4.073336124420166016e+00
4.324906110763549805e+00
4.706073045730590820e+00
3.828498125076293945e+00
4.528845071792602539e+00
4.409600019454956055e+00
4.189806222915649414e+00
4.919064998626708984e+00
5.041869163513183594e+00
2.593326807022094727e+00
5.213155031204223633e+00
5.415727138519287109e+00
4.797888994216918945e+00
5.198600053787231445e+00
4.273914813995361328e+00
5.068992853164672852e+00
5.393229961395263672e+00
5.212389707565307617e+00
5.002245903015136719e+00
3.234614849090576172e+00
3.142462968826293945e+00
5.591354131698608398e+00
4.911638975143432617e+00
4.921981811523437500e+00
4.453512907028198242e+00
4.594809055328369141e+00
4.742844104766845703e+00
4.524811029434204102e+00
4.596758127212524414e+00
2.787683963775634766e+00
4.490344047546386719e+00
4.920566797256469727e+00
4.000655889511108398e+00
4.975100994110107422e+00
5.343612909317016602e+00
2.996275901794433594e+00
5.391377925872802734e+00
6.118804931640625000e+00
3.198637962341308594e+00
5.441765069961547852e+00
4.695881843566894531e+00
5.149284124374389648e+00
4.285006046295166016e+00
4.888468980789184570e+00
4.433162689208984375e+00
4.231623172760009766e+00
4.216610670089721680e+00
4.546420097351074219e+00
4.393991947174072266e+00
4.127437114715576172e+00
2.887473821640014648e+00
5.110254764556884766e+00
4.912858009338378906e+00
4.245843887329101562e+00
6.180043935775756836e+00
3.714660167694091797e+00
5.996987104415893555e+00
4.931028127670288086e+00
5.142882108688354492e+00
4.530193805694580078e+00
5.388113021850585938e+00
4.593145132064819336e+00
4.607861042022705078e+00
4.111005067825317383e+00
3.126806020736694336e+00
4.840894937515258789e+00
4.899846076965332031e+00
5.457571983337402344e+00
4.380425930023193359e+00
3.607401371002197266e+00
5.672929763793945312e+00
5.318192005157470703e+00
3.845992326736450195e+00
4.700953006744384766e+00
5.362999677658081055e+00
5.101313114166259766e+00
5.155472993850708008e+00
2.855002880096435547e+00
5.345175981521606445e+00
4.779068946838378906e+00
5.611376047134399414e+00
4.952658891677856445e+00
2.871707916259765625e+00
2.851327180862426758e+00
3.517418146133422852e+00
3.466081857681274414e+00
3.314103126525878906e+00
4.829668760299682617e+00
3.108196973800659180e+00
5.345076084136962891e+00
3.824500083923339844e+00
5.816597938537597656e+00
3.067970752716064453e+00
4.144786834716796875e+00
4.713818073272705078e+00
4.480081081390380859e+00
3.573179960250854492e+00
3.906719923019409180e+00
4.350504875183105469e+00
3.196070909500122070e+00
3.984563112258911133e+00
3.455951213836669922e+00
4.634963989257812500e+00
3.441167116165161133e+00
3.536530971527099609e+00
3.193990945816040039e+00
3.020194053649902344e+00
3.933676958084106445e+00
3.731664180755615234e+00
4.008350372314453125e+00
3.942013978958129883e+00
3.619698047637939453e+00
3.982065200805664062e+00
3.828105211257934570e+00
4.150788068771362305e+00
3.849894046783447266e+00
2.724159002304077148e+00
2.830329895019531250e+00
2.897135972976684570e+00
3.445569753646850586e+00
4.149899005889892578e+00
3.346626043319702148e+00
3.778939962387084961e+00
3.966378927230834961e+00
3.960914850234985352e+00
2.539392948150634766e+00
3.681993961334228516e+00
4.357656002044677734e+00
3.585740804672241211e+00
4.761245965957641602e+00
4.010846138000488281e+00
4.172230005264282227e+00
4.531342029571533203e+00
4.424516201019287109e+00
4.692149877548217773e+00
4.018166065216064453e+00
3.991024017333984375e+00
2.860955953598022461e+00
4.469717025756835938e+00
4.556690931320190430e+00
3.328778982162475586e+00
3.259427785873413086e+00
3.727266073226928711e+00
3.344665050506591797e+00
3.939835786819458008e+00
3.905601978302001953e+00
3.189451217651367188e+00
3.795120954513549805e+00
4.744021177291870117e+00
4.769545793533325195e+00
4.166630268096923828e+00
4.032285928726196289e+00
4.128398895263671875e+00
3.810336112976074219e+00
2.648278951644897461e+00
4.485175132751464844e+00
3.429500102996826172e+00
5.071403980255126953e+00
3.278206825256347656e+00
5.069958209991455078e+00
4.047724008560180664e+00
4.948954105377197266e+00
5.854371070861816406e+00
4.312021017074584961e+00
3.882447957992553711e+00
3.376183032989501953e+00
4.855621099472045898e+00
5.363778829574584961e+00
3.544133901596069336e+00
3.643836975097656250e+00
5.209491968154907227e+00
4.012815237045288086e+00
3.620836019515991211e+00
3.061135053634643555e+00
5.438276290893554688e+00
3.628085851669311523e+00
4.088074922561645508e+00
3.720057249069213867e+00
3.883918762207031250e+00
3.896290063858032227e+00
3.844688892364501953e+00
4.366536140441894531e+00
2.918752908706665039e+00
3.413332939147949219e+00
3.947655916213989258e+00
3.970093965530395508e+00
3.673192024230957031e+00
4.292783260345458984e+00
4.456771135330200195e+00
4.211103916168212891e+00
3.309608936309814453e+00
3.449295043945312500e+00
4.041639804840087891e+00
3.159347057342529297e+00
4.323243141174316406e+00
3.968043088912963867e+00
3.644291162490844727e+00
3.012821912765502930e+00
3.740048170089721680e+00
4.815361738204956055e+00
4.402265787124633789e+00
4.403702020645141602e+00
4.140528202056884766e+00
3.438503980636596680e+00
3.364562749862670898e+00
3.024904012680053711e+00
3.837600946426391602e+00
3.709382057189941406e+00
3.846338987350463867e+00
3.975717067718505859e+00
2.979332923889160156e+00
4.814690828323364258e+00
2.933638334274291992e+00
3.092428922653198242e+00
3.159330129623413086e+00
4.215352058410644531e+00
3.256336927413940430e+00
4.398128986358642578e+00
3.565131187438964844e+00
3.270288228988647461e+00
3.039110183715820312e+00
4.434292793273925781e+00
4.399584770202636719e+00
4.039821147918701172e+00
3.175309181213378906e+00
3.468476057052612305e+00
4.160186767578125000e+00
3.448646068572998047e+00
3.887717723846435547e+00
3.039464950561523438e+00
3.536850214004516602e+00
4.169717073440551758e+00
3.011479854583740234e+00
3.261715173721313477e+00
3.712013959884643555e+00
2.679535865783691406e+00
3.455322265625000000e+00
5.310892105102539062e+00
3.700812816619873047e+00
3.649577379226684570e+00
4.494783401489257812e+00
4.026248931884765625e+00
3.687309741973876953e+00
4.222754716873168945e+00
4.620513916015625000e+00
3.947052001953125000e+00
2.675199985504150391e+00
3.847478628158569336e+00
3.807080984115600586e+00
3.911988258361816406e+00
5.008269786834716797e+00
3.751259803771972656e+00
3.990022897720336914e+00
3.739879131317138672e+00
3.094020843505859375e+00
3.866986989974975586e+00
3.479153871536254883e+00
3.961207151412963867e+00
2.970341205596923828e+00
4.303339958190917969e+00
3.000514030456542969e+00
4.927874088287353516e+00
4.524630069732666016e+00
3.849915742874145508e+00
3.240249156951904297e+00
3.031316995620727539e+00
3.138466119766235352e+00
5.263589859008789062e+00
3.344929933547973633e+00
3.253465890884399414e+00
4.877728700637817383e+00
3.767865657806396484e+00
4.900209903717041016e+00
3.714590072631835938e+00
5.477638959884643555e+00
2.862240076065063477e+00
4.166513919830322266e+00
4.153402805328369141e+00
3.184200763702392578e+00
4.322028160095214844e+00
2.907849073410034180e+00
4.479187250137329102e+00
4.558735847473144531e+00
4.035403013229370117e+00
3.610227823257446289e+00
2.606617212295532227e+00
3.881687879562377930e+00
3.658346891403198242e+00
5.270879983901977539e+00
3.706079006195068359e+00
4.646946191787719727e+00
4.482125043869018555e+00
2.697494983673095703e+00
3.741072177886962891e+00
5.770460844039916992e+00
4.133104085922241211e+00
3.713612794876098633e+00
4.659757852554321289e+00
4.043693065643310547e+00
5.037756919860839844e+00
5.878233909606933594e+00
4.779066085815429688e+00
5.254029989242553711e+00
5.329569101333618164e+00
4.291703701019287109e+00
5.149445772171020508e+00
5.164294719696044922e+00
3.882256269454956055e+00
5.035156011581420898e+00
3.580380916595458984e+00
4.868926048278808594e+00
4.450554847717285156e+00
4.667690038681030273e+00
4.458856821060180664e+00
4.464034080505371094e+00
6.263297080993652344e+00
6.503253698348999023e+00
6.839010000228881836e+00
5.400811672210693359e+00
3.557326078414916992e+00
3.561725139617919922e+00
7.705234050750732422e+00
4.271779775619506836e+00
5.542992115020751953e+00
4.524011135101318359e+00
4.583140850067138672e+00
3.636929035186767578e+00
3.735952854156494141e+00
4.579612970352172852e+00
3.652981042861938477e+00
4.403318643569946289e+00
4.254055738449096680e+00
2.951550006866455078e+00
3.485100030899047852e+00
4.278673887252807617e+00
4.742566823959350586e+00
4.217322111129760742e+00
4.088687181472778320e+00
3.760373115539550781e+00
3.822820901870727539e+00
3.949676990509033203e+00
3.933310985565185547e+00
3.569796323776245117e+00
4.850307941436767578e+00
3.309880018234252930e+00
4.201541900634765625e+00
3.853348016738891602e+00
3.553959131240844727e+00
4.818013191223144531e+00
4.531100749969482422e+00
4.344317913055419922e+00
4.344809770584106445e+00
4.591343164443969727e+00
3.504528284072875977e+00
4.556601047515869141e+00
5.067039012908935547e+00
4.494199037551879883e+00
4.894211053848266602e+00
4.473348855972290039e+00
2.625506162643432617e+00
4.911155939102172852e+00
5.328859806060791016e+00
4.628643989562988281e+00
3.305485963821411133e+00
3.983788013458251953e+00
4.600882768630981445e+00
2.873780965805053711e+00
4.014956951141357422e+00
4.570122003555297852e+00
4.133253335952758789e+00
5.131966829299926758e+00
4.404449224472045898e+00
5.189761877059936523e+00
4.263751983642578125e+00
3.946971178054809570e+00
4.948987007141113281e+00
4.858241081237792969e+00
2.572338819503784180e+00
3.477826118469238281e+00
3.306424140930175781e+00
4.460877656936645508e+00
5.670353889465332031e+00
4.675676345825195312e+00
5.322288990020751953e+00
3.267040967941284180e+00
4.248980283737182617e+00
4.180205821990966797e+00
4.613101959228515625e+00
4.290993213653564453e+00
4.362028121948242188e+00
3.861068010330200195e+00
5.027735948562622070e+00
4.370318174362182617e+00
4.068501949310302734e+00
3.644157886505126953e+00
3.546221017837524414e+00
3.654084920883178711e+00
3.850466966629028320e+00
3.862795829772949219e+00
3.872626781463623047e+00
3.544784069061279297e+00
4.704453706741333008e+00
4.154921054840087891e+00
3.889755725860595703e+00
4.447481155395507812e+00
4.657009124755859375e+00
4.562781810760498047e+00
3.209440946578979492e+00
4.533982992172241211e+00
2.800324678421020508e+00
4.228569269180297852e+00
3.999038934707641602e+00
2.998749017715454102e+00
4.010576248168945312e+00
5.219124078750610352e+00
4.093629837036132812e+00
3.394810914993286133e+00
3.968396902084350586e+00
6.890138864517211914e+00
4.042588233947753906e+00
4.971759080886840820e+00
3.014597177505493164e+00
3.600754022598266602e+00
4.259956836700439453e+00
4.414695262908935547e+00
4.593940019607543945e+00
4.391854047775268555e+00
3.744160175323486328e+00
3.720189809799194336e+00
4.911581754684448242e+00
3.276370048522949219e+00
2.846323966979980469e+00
4.025521039962768555e+00
2.810870885848999023e+00
3.656115770339965820e+00
3.091042041778564453e+00
3.797368049621582031e+00
2.347046136856079102e+00
5.835366725921630859e+00
4.108466863632202148e+00
3.523121118545532227e+00
3.801354885101318359e+00
3.312649965286254883e+00
4.242357969284057617e+00
4.251705169677734375e+00
3.917460918426513672e+00
3.881415843963623047e+00
4.286419153213500977e+00
3.661606788635253906e+00
4.189901828765869141e+00
6.328649997711181641e+00
3.995171070098876953e+00
4.542300939559936523e+00
4.116101741790771484e+00
3.214965105056762695e+00
4.150104045867919922e+00
4.164677858352661133e+00
5.431135892868041992e+00
4.122698068618774414e+00
4.555090904235839844e+00
3.774700880050659180e+00
4.209817886352539062e+00
4.681946992874145508e+00
4.674716949462890625e+00
5.675130128860473633e+00
3.828564167022705078e+00
4.745542287826538086e+00
2.527523756027221680e+00
3.294368028640747070e+00
4.591658115386962891e+00
4.232871770858764648e+00
4.419472932815551758e+00
2.794084787368774414e+00
3.231101036071777344e+00
4.935894012451171875e+00
6.230714797973632812e+00
4.077925920486450195e+00
4.123766899108886719e+00
2.681195974349975586e+00
3.571003913879394531e+00
4.177910089492797852e+00
3.564486980438232422e+00
4.176486015319824219e+00
4.232580900192260742e+00
4.236890792846679688e+00
3.821940898895263672e+00
4.169790983200073242e+00
4.072641134262084961e+00
2.925298213958740234e+00
2.489361286163330078e+00
3.042968034744262695e+00
4.962481021881103516e+00
4.192612886428833008e+00
5.042942285537719727e+00
5.389935970306396484e+00
5.048183202743530273e+00
4.055146455764770508e+00
3.539728879928588867e+00
4.693493127822875977e+00
4.015585184097290039e+00
3.462904930114746094e+00
4.926395893096923828e+00
3.951265096664428711e+00
3.289412260055541992e+00
3.414524316787719727e+00
4.094554901123046875e+00
3.841634035110473633e+00
4.230520963668823242e+00
5.189898967742919922e+00
5.334971904754638672e+00
3.862720012664794922e+00
4.506014823913574219e+00
3.544033050537109375e+00
3.745115995407104492e+00
4.578722953796386719e+00
3.825583934783935547e+00
3.821640968322753906e+00
4.245686054229736328e+00
4.829235792160034180e+00
4.640129089355468750e+00
4.374015092849731445e+00
4.463763952255249023e+00
4.706089973449707031e+00
4.329237699508666992e+00
3.533625125885009766e+00
5.035274982452392578e+00
3.448157787322998047e+00
4.147060155868530273e+00
3.565760850906372070e+00
3.571895837783813477e+00
5.303249835968017578e+00
3.457722902297973633e+00
4.353463888168334961e+00
4.660809040069580078e+00
4.578322172164916992e+00
3.906140804290771484e+00
3.548609972000122070e+00
4.377713918685913086e+00
4.785998106002807617e+00
4.117392063140869141e+00
4.520945787429809570e+00
3.132930994033813477e+00
4.649020910263061523e+00
3.749293804168701172e+00
3.691650152206420898e+00
4.763712167739868164e+00
2.335424900054931641e+00
4.395035982131958008e+00
2.901806831359863281e+00
4.409304857254028320e+00
4.205525636672973633e+00
2.878820896148681641e+00
3.907603025436401367e+00
4.161991834640502930e+00
4.154064178466796875e+00
3.870566129684448242e+00
4.456507205963134766e+00
2.775112867355346680e+00
4.094204187393188477e+00
3.454931020736694336e+00
4.210813045501708984e+00
4.548333168029785156e+00
4.379139900207519531e+00
4.186222076416015625e+00
4.897897005081176758e+00
4.604044914245605469e+00
5.126342773437500000e+00
4.698991060256958008e+00
4.411566972732543945e+00
3.569212198257446289e+00
4.076072931289672852e+00
2.921379804611206055e+00
4.700582981109619141e+00
4.427849054336547852e+00
4.123105049133300781e+00
5.394982814788818359e+00
4.949791908264160156e+00
4.080598115921020508e+00
4.221888065338134766e+00
5.127805948257446289e+00
5.073632001876831055e+00
3.440925836563110352e+00
4.239674091339111328e+00
5.618657827377319336e+00
5.683051824569702148e+00
4.513112783432006836e+00
4.846780776977539062e+00
3.698671817779541016e+00
4.262380123138427734e+00
5.809232950210571289e+00
4.084528923034667969e+00
3.546944141387939453e+00
4.227636814117431641e+00
4.899580001831054688e+00
5.499344110488891602e+00
4.349970817565917969e+00
5.525717020034790039e+00
5.077368021011352539e+00
5.834085941314697266e+00
5.020409822463989258e+00
4.128085374832153320e+00
3.904748916625976562e+00
4.919551134109497070e+00
4.937507152557373047e+00
4.356239795684814453e+00
4.311068296432495117e+00
5.783814191818237305e+00
4.337583780288696289e+00
5.447375297546386719e+00
6.317232131958007812e+00
4.417468786239624023e+00
6.443609714508056641e+00
5.424659013748168945e+00
6.281842947006225586e+00
6.653557062149047852e+00
4.097853899002075195e+00
4.349531173706054688e+00
6.186194181442260742e+00
6.434031963348388672e+00
4.338346004486083984e+00
4.943749189376831055e+00
5.159219980239868164e+00
4.559953927993774414e+00
4.278555154800415039e+00
2.563002824783325195e+00
4.443594932556152344e+00
6.948154926300048828e+00
4.020634174346923828e+00
5.564677238464355469e+00
3.191867828369140625e+00
4.424669981002807617e+00
3.586341142654418945e+00
4.260020017623901367e+00
5.221598863601684570e+00
5.266188859939575195e+00
4.340839147567749023e+00
6.127419948577880859e+00
4.033648967742919922e+00
4.903119325637817383e+00
4.830016136169433594e+00
5.293609857559204102e+00
3.745260000228881836e+00
4.188312053680419922e+00
3.302438974380493164e+00
5.033938884735107422e+00
4.755618095397949219e+00
4.716737985610961914e+00
4.822623014450073242e+00
4.373640060424804688e+00
5.238147974014282227e+00
3.806452035903930664e+00
4.481064081192016602e+00
4.644076108932495117e+00
4.836246967315673828e+00
4.715758085250854492e+00
4.096121072769165039e+00
3.331074953079223633e+00
6.041274785995483398e+00
3.747440099716186523e+00
2.750126838684082031e+00
6.561761140823364258e+00
4.949880838394165039e+00
5.048094987869262695e+00
5.133270025253295898e+00
4.121684074401855469e+00
4.957901239395141602e+00
4.921811819076538086e+00
4.007867813110351562e+00
4.409739017486572266e+00
4.110462903976440430e+00
3.647761821746826172e+00
5.851837158203125000e+00
3.529001951217651367e+00
5.527383089065551758e+00
3.689197778701782227e+00
4.801042795181274414e+00
6.583040952682495117e+00
5.138355970382690430e+00
4.593493938446044922e+00
4.791794061660766602e+00
6.431117057800292969e+00
5.245460987091064453e+00
4.930943965911865234e+00
4.911987066268920898e+00
5.175978183746337891e+00
5.099445104598999023e+00
7.603614091873168945e+00
3.863900184631347656e+00
3.890424013137817383e+00
3.882252216339111328e+00
4.891241788864135742e+00
4.916633844375610352e+00
3.939704179763793945e+00
3.319518089294433594e+00
3.898431062698364258e+00
3.237054109573364258e+00
3.625207901000976562e+00
3.718291044235229492e+00
3.179650068283081055e+00
3.745522737503051758e+00
4.767387866973876953e+00
4.018042087554931641e+00
3.178357124328613281e+00
3.225402116775512695e+00
4.276189088821411133e+00
3.543154954910278320e+00
3.523628711700439453e+00
5.860644817352294922e+00
5.487793922424316406e+00
4.380008935928344727e+00
4.157716989517211914e+00
3.257748842239379883e+00
4.566781044006347656e+00
3.876555919647216797e+00
4.439484357833862305e+00
3.893672943115234375e+00
3.677418947219848633e+00
4.057219743728637695e+00
5.809498786926269531e+00
4.337193012237548828e+00
4.203642129898071289e+00
4.056576967239379883e+00
4.597595930099487305e+00
3.932641983032226562e+00
3.509678840637207031e+00
4.332522869110107422e+00
3.768822908401489258e+00
3.681030035018920898e+00
5.009397029876708984e+00
4.673667907714843750e+00
5.036985158920288086e+00
3.951351165771484375e+00
5.079037189483642578e+00
4.601683855056762695e+00
4.399389982223510742e+00
4.223531007766723633e+00
4.223827838897705078e+00
4.718683004379272461e+00
3.774774074554443359e+00
4.363615989685058594e+00
4.921246767044067383e+00
4.358552217483520508e+00
4.928218126296997070e+00
3.802253007888793945e+00
3.331417083740234375e+00
4.589520931243896484e+00
5.417614936828613281e+00
5.200659990310668945e+00
4.905042886734008789e+00
3.778795957565307617e+00
3.749590158462524414e+00
4.382673978805541992e+00
3.115924835205078125e+00
6.042286157608032227e+00
2.534663915634155273e+00
4.080490827560424805e+00
4.389487981796264648e+00
3.815122842788696289e+00
3.790363788604736328e+00
3.656048774719238281e+00
2.690812826156616211e+00
4.610691070556640625e+00
4.438307046890258789e+00
3.939882040023803711e+00
5.146502733230590820e+00
5.574527263641357422e+00
3.931054115295410156e+00
3.741111040115356445e+00
5.178690910339355469e+00
5.198662757873535156e+00
4.042121887207031250e+00
3.512110710144042969e+00
5.642250061035156250e+00
2.882622003555297852e+00
3.335441112518310547e+00
5.608139991760253906e+00
4.960930824279785156e+00
3.841218948364257812e+00
4.291370153427124023e+00
3.153539896011352539e+00
4.524323940277099609e+00
3.263658046722412109e+00
4.272991895675659180e+00
3.938132762908935547e+00
3.495242834091186523e+00
3.826921939849853516e+00
4.152456045150756836e+00
3.488627910614013672e+00
4.301066875457763672e+00
4.403776168823242188e+00
2.529383182525634766e+00
3.283650875091552734e+00
4.040792942047119141e+00
2.674428939819335938e+00
3.481397867202758789e+00
4.203877925872802734e+00
3.540568828582763672e+00
4.260221958160400391e+00
4.117468833923339844e+00
3.240330934524536133e+00
2.622196912765502930e+00
4.066894054412841797e+00
4.332277059555053711e+00
4.230143070220947266e+00
3.377874851226806641e+00
4.198243856430053711e+00
4.058686017990112305e+00
4.329986810684204102e+00
3.308910846710205078e+00
4.020071029663085938e+00
4.378072738647460938e+00
4.800205230712890625e+00
3.944051980972290039e+00
5.795796155929565430e+00
4.110153913497924805e+00
4.492112159729003906e+00
4.422861099243164062e+00
3.880262851715087891e+00
2.524343967437744141e+00
3.759922027587890625e+00
5.851776123046875000e+00
5.107644319534301758e+00
5.409666776657104492e+00
3.704241037368774414e+00
3.923863172531127930e+00
3.879110097885131836e+00
3.113561868667602539e+00
2.756958007812500000e+00
5.149958133697509766e+00
4.234874010086059570e+00
4.950961112976074219e+00
4.774809122085571289e+00
4.087831974029541016e+00
2.540266036987304688e+00
2.537370204925537109e+00
4.064275979995727539e+00
4.204383850097656250e+00
5.525437831878662109e+00
4.908082008361816406e+00
4.585520982742309570e+00
3.739684104919433594e+00
4.593330860137939453e+00
3.585452079772949219e+00
3.128386020660400391e+00
3.143570899963378906e+00
3.986434936523437500e+00
4.479070901870727539e+00
4.390535354614257812e+00
4.494100093841552734e+00
4.957243919372558594e+00
4.653494119644165039e+00
4.204738140106201172e+00
3.685770034790039062e+00
4.772063016891479492e+00
3.403927803039550781e+00
3.189899921417236328e+00
4.257541894912719727e+00
3.889849185943603516e+00
3.912827014923095703e+00
3.328840970993041992e+00
4.671534061431884766e+00
3.989282131195068359e+00
5.638887882232666016e+00
4.050997972488403320e+00
4.947288990020751953e+00
4.824084043502807617e+00
5.010756969451904297e+00
3.414260864257812500e+00
4.956628799438476562e+00
3.696679830551147461e+00
1.832528114318847656e+00
5.406809091567993164e+00
5.636116981506347656e+00
3.509057044982910156e+00
3.907632112503051758e+00
4.745995759963989258e+00
3.856185913085937500e+00
3.933881998062133789e+00
4.661934137344360352e+00
3.322935104370117188e+00
4.625754833221435547e+00
4.535288095474243164e+00
6.364937067031860352e+00
3.611612081527709961e+00
4.344202995300292969e+00
4.490364074707031250e+00
3.957329988479614258e+00
3.129554986953735352e+00
2.433805942535400391e+00
4.948105096817016602e+00
6.486108064651489258e+00
4.697585344314575195e+00
4.550997018814086914e+00
4.377605915069580078e+00
3.850679874420166016e+00
4.374187946319580078e+00
4.960131645202636719e+00
4.470872879028320312e+00
4.825495004653930664e+00
2.954564809799194336e+00
5.317467927932739258e+00
4.087677955627441406e+00
4.911180019378662109e+00
4.149772167205810547e+00
5.450480222702026367e+00
3.470811843872070312e+00
3.159540176391601562e+00
2.714698076248168945e+00
4.694359064102172852e+00
5.090192794799804688e+00
5.147617101669311523e+00
3.269934892654418945e+00
3.218358039855957031e+00
4.658515930175781250e+00
4.694930076599121094e+00
3.062831878662109375e+00
3.076671123504638672e+00
5.811023950576782227e+00
3.152961015701293945e+00
3.160169839859008789e+00
3.694261074066162109e+00
3.680011987686157227e+00
4.054045200347900391e+00
3.738064289093017578e+00
3.976944684982299805e+00
3.894549846649169922e+00
3.734411954879760742e+00
5.951282978057861328e+00
3.779165267944335938e+00
5.912561178207397461e+00
4.406214952468872070e+00
5.334556818008422852e+00
4.281446933746337891e+00
5.829758882522583008e+00
3.632731199264526367e+00
5.112611770629882812e+00
2.975785017013549805e+00
3.976248741149902344e+00
5.558294057846069336e+00
5.470010995864868164e+00
4.400956153869628906e+00
5.973554849624633789e+00
3.998421192169189453e+00
5.775436639785766602e+00
6.311196804046630859e+00
6.034989118576049805e+00
3.756014108657836914e+00
5.601243734359741211e+00
3.925969839096069336e+00
3.604465007781982422e+00
4.465378046035766602e+00
4.165004968643188477e+00
4.326967000961303711e+00
6.402987003326416016e+00
4.732379198074340820e+00
6.149386167526245117e+00
4.825753927230834961e+00
5.218757152557373047e+00
3.730272054672241211e+00
3.105282783508300781e+00
4.759665966033935547e+00
6.628237009048461914e+00
5.057245016098022461e+00
2.630234956741333008e+00
3.209245920181274414e+00
4.211443901062011719e+00
5.039568901062011719e+00
4.232982873916625977e+00
2.392634153366088867e+00
6.871353149414062500e+00
4.606482982635498047e+00
4.400233983993530273e+00
3.455216169357299805e+00
3.461402893066406250e+00
5.141783714294433594e+00
4.802695989608764648e+00
4.131370067596435547e+00
4.831175804138183594e+00
