9.406738042831420898e+00
8.235800266265869141e+00
7.941948890686035156e+00
2.240020990371704102e+00
2.272416114807128906e+00
1.157389211654663086e+01
8.722249984741210938e+00
4.725721120834350586e+00
7.740813016891479492e+00
2.792098999023437500e+00
1.927707910537719727e+00
1.940419197082519531e+00
1.997488737106323242e+00
1.987979888916015625e+00
7.545990943908691406e+00
3.627413034439086914e+00
2.071441888809204102e+00
8.598732948303222656e+00
5.279185295104980469e+00
2.021892309188842773e+00
2.009927034378051758e+00
2.100357770919799805e+00
2.746096849441528320e+00
2.923978090286254883e+00
3.190370798110961914e+00
2.383159160614013672e+00
1.862979888916015625e+00
3.451299667358398438e+00
1.736856222152709961e+00
2.400840997695922852e+00
2.016690969467163086e+00
3.064187049865722656e+00
2.689178228378295898e+00
2.688840866088867188e+00
2.857681751251220703e+00
2.464901924133300781e+00
2.840792894363403320e+00
2.147584915161132812e+00
3.017106056213378906e+00
1.614596128463745117e+00
2.003165960311889648e+00
2.096368312835693359e+00
1.739476919174194336e+00
1.963479995727539062e+00
1.921802997589111328e+00
2.042340040206909180e+00
2.228496074676513672e+00
2.133967161178588867e+00
2.174430847167968750e+00
1.864313125610351562e+00
2.158452987670898438e+00
2.539768934249877930e+00
2.269138097763061523e+00
2.993418931961059570e+00
2.741704940795898438e+00
1.960883855819702148e+00
2.680426120758056641e+00
2.677038908004760742e+00
2.335233926773071289e+00
2.541347026824951172e+00
1.883885145187377930e+00
1.873585700988769531e+00
3.700751066207885742e+00
1.820743083953857422e+00
3.055322170257568359e+00
3.856127977371215820e+00
2.387761831283569336e+00
1.965713977813720703e+00
3.095508813858032227e+00
2.500182867050170898e+00
2.597978830337524414e+00
2.252578973770141602e+00
2.439787149429321289e+00
2.223653793334960938e+00
2.495483160018920898e+00
2.566122055053710938e+00
2.837188959121704102e+00
2.516155242919921875e+00
3.363825798034667969e+00
3.727694749832153320e+00
3.362886905670166016e+00
3.068300962448120117e+00
2.130295038223266602e+00
2.982214927673339844e+00
2.645570993423461914e+00
3.898095130920410156e+00
2.272357940673828125e+00
2.237221240997314453e+00
3.372719049453735352e+00
3.512024164199829102e+00
2.201991796493530273e+00
3.355996847152709961e+00
4.553894996643066406e+00
2.797856092453002930e+00
3.881628274917602539e+00
4.131012916564941406e+00
2.511085033416748047e+00
3.986353874206542969e+00
2.087831974029541016e+00
2.443359851837158203e+00
3.769464015960693359e+00
1.561098814010620117e+00
4.605839967727661133e+00
4.207016944885253906e+00
2.213589906692504883e+00
2.600917100906372070e+00
2.093574762344360352e+00
2.689879894256591797e+00
2.526247978210449219e+00
1.873538017272949219e+00
2.391945123672485352e+00
1.955137968063354492e+00
3.087948083877563477e+00
2.518851995468139648e+00
2.712301015853881836e+00
2.959310054779052734e+00
2.557996749877929688e+00
3.419246912002563477e+00
3.008824110031127930e+00
3.032361030578613281e+00
3.603311061859130859e+00
3.259994268417358398e+00
3.023303031921386719e+00
3.409898996353149414e+00
3.795627832412719727e+00
2.432945728302001953e+00
3.319923877716064453e+00
3.006359100341796875e+00
2.085150003433227539e+00
2.609345197677612305e+00
3.327387094497680664e+00
2.011244058609008789e+00
2.284839868545532227e+00
1.619674682617187500e+00
2.026480913162231445e+00
1.921667098999023438e+00
3.812380790710449219e+00
1.865913152694702148e+00
2.488753080368041992e+00
2.428985118865966797e+00
1.869494199752807617e+00
1.651162862777709961e+00
1.721849918365478516e+00
2.844563007354736328e+00
3.143987178802490234e+00
2.299232959747314453e+00
1.846736192703247070e+00
1.905690908432006836e+00
2.128458023071289062e+00
2.769135951995849609e+00
2.192479133605957031e+00
2.761689901351928711e+00
2.693475008010864258e+00
2.234556198120117188e+00
2.708780050277709961e+00
2.914791107177734375e+00
2.777806043624877930e+00
2.935158967971801758e+00
2.333669185638427734e+00
3.187636375427246094e+00
2.823381662368774414e+00
2.266418933868408203e+00
1.731946945190429688e+00
2.141036033630371094e+00
2.635765075683593750e+00
3.653521060943603516e+00
2.808241844177246094e+00
3.801323175430297852e+00
2.623421192169189453e+00
3.713731050491333008e+00
3.398633003234863281e+00
2.851737976074218750e+00
3.401427268981933594e+00
2.949051856994628906e+00
3.825617074966430664e+00
2.928030252456665039e+00
4.345077991485595703e+00
3.668057918548583984e+00
1.894120931625366211e+00
2.685824871063232422e+00
2.407408952713012695e+00
3.055083036422729492e+00
2.344905853271484375e+00
2.088842868804931641e+00
2.708279132843017578e+00
2.435298204421997070e+00
3.588935852050781250e+00
2.740625143051147461e+00
2.528773784637451172e+00
2.672024726867675781e+00
2.020118951797485352e+00
2.377510070800781250e+00
2.201740026473999023e+00
2.188891887664794922e+00
1.799092054367065430e+00
2.964198827743530273e+00
2.832957983016967773e+00
3.224927902221679688e+00
2.949589014053344727e+00
2.278409957885742188e+00
2.811470746994018555e+00
2.219323873519897461e+00
2.371364116668701172e+00
2.121164083480834961e+00
2.456617832183837891e+00
2.243618726730346680e+00
2.377707004547119141e+00
2.877506017684936523e+00
2.393342971801757812e+00
2.760267019271850586e+00
2.646621942520141602e+00
2.869494915008544922e+00
3.310265779495239258e+00
2.596970319747924805e+00
3.191617965698242188e+00
3.010394096374511719e+00
3.061572790145874023e+00
2.690925836563110352e+00
2.141550779342651367e+00
2.705940008163452148e+00
2.143800020217895508e+00
1.799338102340698242e+00
3.081022977828979492e+00
2.738069057464599609e+00
3.396023273468017578e+00
2.031257867813110352e+00
2.248048782348632812e+00
2.291193962097167969e+00
2.608664035797119141e+00
3.109123229980468750e+00
2.555169105529785156e+00
3.704631090164184570e+00
3.028858900070190430e+00
2.117845058441162109e+00
3.064888000488281250e+00
2.675134181976318359e+00
2.818151950836181641e+00
2.412391901016235352e+00
1.861739873886108398e+00
1.890028715133666992e+00
2.929383993148803711e+00
3.191661119461059570e+00
2.630232810974121094e+00
2.649919033050537109e+00
3.073822975158691406e+00
1.903820991516113281e+00
2.385493993759155273e+00
2.122521877288818359e+00
2.133264064788818359e+00
2.260336160659790039e+00
2.057644844055175781e+00
2.389262199401855469e+00
1.931733131408691406e+00
2.650571823120117188e+00
2.073427915573120117e+00
2.784747123718261719e+00
3.154102087020874023e+00
2.057105779647827148e+00
3.141809940338134766e+00
2.937282085418701172e+00
2.431749105453491211e+00
2.587549924850463867e+00
3.170976161956787109e+00
3.770285129547119141e+00
2.318238973617553711e+00
2.729036808013916016e+00
2.194395303726196289e+00
2.830003976821899414e+00
2.415023803710937500e+00
3.036296367645263672e+00
3.149549007415771484e+00
3.283015012741088867e+00
3.294802188873291016e+00
2.782906055450439453e+00
2.819986820220947266e+00
2.315572023391723633e+00
2.624121189117431641e+00
2.401491880416870117e+00
3.273836135864257812e+00
2.238861083984375000e+00
3.488003253936767578e+00
2.124288797378540039e+00
2.658854722976684570e+00
2.532484054565429688e+00
2.096906185150146484e+00
2.795715808868408203e+00
3.770118236541748047e+00
2.759809970855712891e+00
2.476112127304077148e+00
2.300579786300659180e+00
1.701025962829589844e+00
1.715181112289428711e+00
2.391160011291503906e+00
3.067563056945800781e+00
2.478956222534179688e+00
2.268993139266967773e+00
2.448690891265869141e+00
2.104965925216674805e+00
3.036497116088867188e+00
2.223145961761474609e+00
2.904577016830444336e+00
2.402810096740722656e+00
2.650951862335205078e+00
2.119882822036743164e+00
2.436685085296630859e+00
2.442141056060791016e+00
2.338396072387695312e+00
2.258750915527343750e+00
3.124971628189086914e+00
1.999973058700561523e+00
2.282489776611328125e+00
2.784231901168823242e+00
2.650101900100708008e+00
2.294692039489746094e+00
2.335515975952148438e+00
2.689428091049194336e+00
2.263242006301879883e+00
2.175834894180297852e+00
2.440358877182006836e+00
2.907354831695556641e+00
2.622996091842651367e+00
3.166538000106811523e+00
3.375360965728759766e+00
2.974883079528808594e+00
2.924607992172241211e+00
2.527662277221679688e+00
3.542409896850585938e+00
2.561811923980712891e+00
3.225103855133056641e+00
3.698971033096313477e+00
3.707898139953613281e+00
2.473354101181030273e+00
3.540261983871459961e+00
2.574039936065673828e+00
3.278052091598510742e+00
2.686723232269287109e+00
4.538057804107666016e+00
2.761449098587036133e+00
3.079340934753417969e+00
2.378134965896606445e+00
3.025300025939941406e+00
4.173857212066650391e+00
3.815398931503295898e+00
3.266069889068603516e+00
4.299507141113281250e+00
4.606911897659301758e+00
4.148555040359497070e+00
3.787428140640258789e+00
3.651268243789672852e+00
3.931141138076782227e+00
2.082418203353881836e+00
5.367511034011840820e+00
3.043040990829467773e+00
4.804955244064331055e+00
3.471022844314575195e+00
5.323740959167480469e+00
5.336359024047851562e+00
5.000835180282592773e+00
3.516612052917480469e+00
3.034311056137084961e+00
3.692047119140625000e+00
6.272567033767700195e+00
2.271937131881713867e+00
3.076987981796264648e+00
3.135202884674072266e+00
2.361851215362548828e+00
2.497666120529174805e+00
2.673820734024047852e+00
4.465436220169067383e+00
3.431638956069946289e+00
2.476508140563964844e+00
3.908351898193359375e+00
4.347122907638549805e+00
3.818226099014282227e+00
2.324207782745361328e+00
2.566007137298583984e+00
4.659617900848388672e+00
2.324238061904907227e+00
2.167286157608032227e+00
2.565493106842041016e+00
2.718218088150024414e+00
2.978467941284179688e+00
2.182440280914306641e+00
2.184581279754638672e+00
2.066825151443481445e+00
2.186500072479248047e+00
3.019743919372558594e+00
1.933827161788940430e+00
2.187811136245727539e+00
2.239161014556884766e+00
2.700010776519775391e+00
2.170909881591796875e+00
2.429848909378051758e+00
2.392149925231933594e+00
2.418476819992065430e+00
2.398077964782714844e+00
2.711740016937255859e+00
2.789178133010864258e+00
2.755164861679077148e+00
2.435942888259887695e+00
3.045573949813842773e+00
2.815912961959838867e+00
3.125112056732177734e+00
3.074066877365112305e+00
2.897565364837646484e+00
1.996335744857788086e+00
3.114530086517333984e+00
2.774064779281616211e+00
3.213646173477172852e+00
2.614718914031982422e+00
3.057621955871582031e+00
2.452330112457275391e+00
2.897453069686889648e+00
2.897521257400512695e+00
3.219649076461791992e+00
3.369781017303466797e+00
2.894256114959716797e+00
3.326435089111328125e+00
2.724565982818603516e+00
2.815262079238891602e+00
3.885457992553710938e+00
3.690726041793823242e+00
2.971431970596313477e+00
3.620543003082275391e+00
2.280416011810302734e+00
3.281378030776977539e+00
3.069378614425659180e+00
2.773854970932006836e+00
2.498580217361450195e+00
3.014543771743774414e+00
2.820240736007690430e+00
3.624536991119384766e+00
3.744785785675048828e+00
2.177109956741333008e+00
3.301901817321777344e+00
1.906928062438964844e+00
2.684195041656494141e+00
3.306077957153320312e+00
3.262382984161376953e+00
3.124797105789184570e+00
2.532512664794921875e+00
2.677977800369262695e+00
2.368471860885620117e+00
3.329005002975463867e+00
1.777060031890869141e+00
2.457396984100341797e+00
2.410298824310302734e+00
2.183223009109497070e+00
2.407999992370605469e+00
1.922743082046508789e+00
2.220372915267944336e+00
2.769619226455688477e+00
2.764122247695922852e+00
2.449013948440551758e+00
2.534739971160888672e+00
2.630635023117065430e+00
2.800488948822021484e+00
2.282501220703125000e+00
3.137951135635375977e+00
2.791207790374755859e+00
3.614672899246215820e+00
2.711792230606079102e+00
3.136874914169311523e+00
4.225829839706420898e+00
4.734119892120361328e+00
3.845297813415527344e+00
2.721594095230102539e+00
3.474672079086303711e+00
2.472954034805297852e+00
2.250484943389892578e+00
2.550173997879028320e+00
2.682672023773193359e+00
2.758937120437622070e+00
1.729557037353515625e+00
2.433534860610961914e+00
2.404743194580078125e+00
3.206522941589355469e+00
2.804366111755371094e+00
3.042257070541381836e+00
2.701484918594360352e+00
2.370030164718627930e+00
2.537021875381469727e+00
2.808303833007812500e+00
3.132432222366333008e+00
3.481776237487792969e+00
2.860508918762207031e+00
2.937482118606567383e+00
3.126178026199340820e+00
2.391874074935913086e+00
3.452405929565429688e+00
2.857069015502929688e+00
2.695273160934448242e+00
3.659503936767578125e+00
3.075559854507446289e+00
3.151406049728393555e+00
3.193205118179321289e+00
3.799705743789672852e+00
3.052491903305053711e+00
3.813801288604736328e+00
3.324038267135620117e+00
2.309372901916503906e+00
2.274113893508911133e+00
2.903702974319458008e+00
2.387909889221191406e+00
2.709188938140869141e+00
2.253943920135498047e+00
3.085039854049682617e+00
2.280479907989501953e+00
2.519047260284423828e+00
3.055035114288330078e+00
2.365643024444580078e+00
2.393446922302246094e+00
2.360546827316284180e+00
2.185427904129028320e+00
2.421801090240478516e+00
2.979536056518554688e+00
3.034202098846435547e+00
2.336642026901245117e+00
3.320406913757324219e+00
3.031493186950683594e+00
3.419387817382812500e+00
2.967740058898925781e+00
2.327579975128173828e+00
2.783242940902709961e+00
3.359045028686523438e+00
3.292986869812011719e+00
3.189106941223144531e+00
2.718760013580322266e+00
2.777621030807495117e+00
3.066351175308227539e+00
3.250092744827270508e+00
2.884147882461547852e+00
2.286612033843994141e+00
3.165274143218994141e+00
3.178905963897705078e+00
4.024316787719726562e+00
3.481079816818237305e+00
2.103341102600097656e+00
3.064924955368041992e+00
2.920684099197387695e+00
4.481540918350219727e+00
2.884372949600219727e+00
3.634099960327148438e+00
3.202780961990356445e+00
2.968362092971801758e+00
2.702358007431030273e+00
3.902955055236816406e+00
3.741010904312133789e+00
3.500880956649780273e+00
3.079311847686767578e+00
3.468626976013183594e+00
3.670756101608276367e+00
3.817826747894287109e+00
3.025024890899658203e+00
3.872993946075439453e+00
3.986901044845581055e+00
2.794212102890014648e+00
3.000756978988647461e+00
3.592552900314331055e+00
3.490856885910034180e+00
3.437999010086059570e+00
3.193577051162719727e+00
2.624899148941040039e+00
2.544355154037475586e+00
2.104022026062011719e+00
2.257797241210937500e+00
4.210454940795898438e+00
2.930056810379028320e+00
3.797776222229003906e+00
3.735601186752319336e+00
3.121011018753051758e+00
3.105930805206298828e+00
3.486057996749877930e+00
4.406341075897216797e+00
2.876604795455932617e+00
2.789340972900390625e+00
2.987211942672729492e+00
2.902760267257690430e+00
2.689451932907104492e+00
2.690009832382202148e+00
2.920783996582031250e+00
2.270382642745971680e+00
2.714259147644042969e+00
2.484169960021972656e+00
3.054033041000366211e+00
2.539633989334106445e+00
3.062377929687500000e+00
3.086798191070556641e+00
3.444200992584228516e+00
2.359637022018432617e+00
2.587853908538818359e+00
3.502609968185424805e+00
2.387561798095703125e+00
3.102658033370971680e+00
3.109210252761840820e+00
3.419940948486328125e+00
2.875467061996459961e+00
3.127640008926391602e+00
2.517881870269775391e+00
2.735634803771972656e+00
2.544347763061523438e+00
2.833445787429809570e+00
2.783948183059692383e+00
2.758671760559082031e+00
2.690455675125122070e+00
2.881652832031250000e+00
3.440347909927368164e+00
2.510688304901123047e+00
2.065290927886962891e+00
2.961866140365600586e+00
2.523198843002319336e+00
2.643354892730712891e+00
3.024451255798339844e+00
3.009631872177124023e+00
2.960055112838745117e+00
2.565744161605834961e+00
2.853861808776855469e+00
3.255427837371826172e+00
3.338381052017211914e+00
3.217250108718872070e+00
2.836025238037109375e+00
2.659663200378417969e+00
2.602274179458618164e+00
3.303942203521728516e+00
3.072574138641357422e+00
3.654420852661132812e+00
2.287405014038085938e+00
3.202188968658447266e+00
3.772961854934692383e+00
3.021599054336547852e+00
2.303324222564697266e+00
2.868634223937988281e+00
2.674491882324218750e+00
3.908257007598876953e+00
2.954683780670166016e+00
3.097746849060058594e+00
2.767691135406494141e+00
3.135426044464111328e+00
2.702649116516113281e+00
2.835372924804687500e+00
2.522907257080078125e+00
3.440298080444335938e+00
3.614205121994018555e+00
3.153318166732788086e+00
2.608214139938354492e+00
3.620424985885620117e+00
2.784573793411254883e+00
2.356871843338012695e+00
2.664994001388549805e+00
2.646975994110107422e+00
3.246163845062255859e+00
2.626913070678710938e+00
3.020849704742431641e+00
2.651219844818115234e+00
2.684117078781127930e+00
2.779756069183349609e+00
2.897096872329711914e+00
2.884233236312866211e+00
2.727650880813598633e+00
3.035515785217285156e+00
2.981148958206176758e+00
2.779178857803344727e+00
2.519716978073120117e+00
2.750746011734008789e+00
3.087808132171630859e+00
3.158010005950927734e+00
2.103507995605468750e+00
2.253772020339965820e+00
2.497124910354614258e+00
2.901641130447387695e+00
2.658400774002075195e+00
3.318195104598999023e+00
3.320497989654541016e+00
2.396952152252197266e+00
3.386579990386962891e+00
3.074683189392089844e+00
2.908425092697143555e+00
2.880529165267944336e+00
3.675981044769287109e+00
2.505100011825561523e+00
2.723819971084594727e+00
3.374917745590209961e+00
3.011227369308471680e+00
3.685884952545166016e+00
2.948999166488647461e+00
2.907889842987060547e+00
3.122224807739257812e+00
3.020120859146118164e+00
3.502274990081787109e+00
2.858850717544555664e+00
2.910076856613159180e+00
2.703654050827026367e+00
3.873397827148437500e+00
3.329453945159912109e+00
3.399030923843383789e+00
3.145264148712158203e+00
2.667920827865600586e+00
2.743335962295532227e+00
3.166736125946044922e+00
3.406781196594238281e+00
3.754884243011474609e+00
3.862707138061523438e+00
3.619199991226196289e+00
3.516968011856079102e+00
2.623954057693481445e+00
3.917970180511474609e+00
2.258259057998657227e+00
3.516626834869384766e+00
4.206417322158813477e+00
3.381675958633422852e+00
4.968374013900756836e+00
3.198625087738037109e+00
2.817667961120605469e+00
2.708241939544677734e+00
3.997464895248413086e+00
3.562509059906005859e+00
4.832195043563842773e+00
3.586062192916870117e+00
3.267077922821044922e+00
3.040840864181518555e+00
3.651522159576416016e+00
3.469217061996459961e+00
4.296321153640747070e+00
2.460723876953125000e+00
3.735373020172119141e+00
2.968932867050170898e+00
2.982511997222900391e+00
3.693979024887084961e+00
2.524889707565307617e+00
2.743482112884521484e+00
3.371721982955932617e+00
3.217156171798706055e+00
2.991629123687744141e+00
2.724437952041625977e+00
2.934746026992797852e+00
2.788877010345458984e+00
3.717700958251953125e+00
3.088621139526367188e+00
3.969978809356689453e+00
2.189595222473144531e+00
2.932977199554443359e+00
2.281621932983398438e+00
3.118831872940063477e+00
4.201438188552856445e+00
3.168825149536132812e+00
2.745120048522949219e+00
3.868144750595092773e+00
3.622776985168457031e+00
3.222027063369750977e+00
3.676392793655395508e+00
2.443377971649169922e+00
2.876293897628784180e+00
3.572876930236816406e+00
2.660829067230224609e+00
2.200230836868286133e+00
3.473654031753540039e+00
2.954844951629638672e+00
3.992862939834594727e+00
2.777391672134399414e+00
2.837113142013549805e+00
3.687138080596923828e+00
2.756921052932739258e+00
2.684612989425659180e+00
2.046170949935913086e+00
2.752558946609497070e+00
2.435408115386962891e+00
2.221217870712280273e+00
2.964108943939208984e+00
2.438332796096801758e+00
2.448287010192871094e+00
1.868663787841796875e+00
3.066657066345214844e+00
2.265964031219482422e+00
2.104945898056030273e+00
2.824247121810913086e+00
2.154757976531982422e+00
2.261743068695068359e+00
2.306401014328002930e+00
2.210094213485717773e+00
2.648506164550781250e+00
2.640330791473388672e+00
2.622599840164184570e+00
2.151519298553466797e+00
2.128448009490966797e+00
2.272168874740600586e+00
2.060722112655639648e+00
2.823513031005859375e+00
2.752979993820190430e+00
2.717542171478271484e+00
2.026426076889038086e+00
2.372839927673339844e+00
2.862485170364379883e+00
3.060715198516845703e+00
2.595508813858032227e+00
3.085470914840698242e+00
2.887907743453979492e+00
3.153708696365356445e+00
3.431399345397949219e+00
3.228787899017333984e+00
2.119971752166748047e+00
2.455914974212646484e+00
3.295357227325439453e+00
3.242243289947509766e+00
2.958827972412109375e+00
2.376482963562011719e+00
2.963675975799560547e+00
3.058047294616699219e+00
3.068698883056640625e+00
2.657183170318603516e+00
2.919160127639770508e+00
1.563384771347045898e+00
2.917744159698486328e+00
3.155628919601440430e+00
3.300306320190429688e+00
3.501284837722778320e+00
2.442827939987182617e+00
2.819230079650878906e+00
2.794731140136718750e+00
3.019618988037109375e+00
3.622649192810058594e+00
3.286189079284667969e+00
2.848366260528564453e+00
3.348726034164428711e+00
2.936491012573242188e+00
2.585713148117065430e+00
2.716146945953369141e+00
2.279075860977172852e+00
4.192995071411132812e+00
3.816115140914916992e+00
3.034927129745483398e+00
3.244850873947143555e+00
3.632137060165405273e+00
3.414718866348266602e+00
3.137464046478271484e+00
3.753503322601318359e+00
3.442717075347900391e+00
2.814073085784912109e+00
3.685565948486328125e+00
3.512835741043090820e+00
4.380289077758789062e+00
3.556889057159423828e+00
3.922387838363647461e+00
3.401476860046386719e+00
4.164035797119140625e+00
3.462498664855957031e+00
3.502324104309082031e+00
3.230492115020751953e+00
3.056133985519409180e+00
3.665091037750244141e+00
3.663601875305175781e+00
3.386500120162963867e+00
4.604328870773315430e+00
2.833945989608764648e+00
4.194639682769775391e+00
4.340183019638061523e+00
3.660615921020507812e+00
2.904912710189819336e+00
2.756306171417236328e+00
3.021465063095092773e+00
4.651845693588256836e+00
2.465849161148071289e+00
3.079293012619018555e+00
5.219908952713012695e+00
3.945445299148559570e+00
3.603101968765258789e+00
2.800313949584960938e+00
3.507615089416503906e+00
3.170924901962280273e+00
2.762735128402709961e+00
3.279606103897094727e+00
3.121265888214111328e+00
2.179069995880126953e+00
3.506433963775634766e+00
3.896970987319946289e+00
2.714123964309692383e+00
3.231941938400268555e+00
3.910742044448852539e+00
2.510518074035644531e+00
3.946082115173339844e+00
2.896751880645751953e+00
2.408689975738525391e+00
2.571501016616821289e+00
3.552296161651611328e+00
2.257342338562011719e+00
2.800920009613037109e+00
2.475004911422729492e+00
2.984690904617309570e+00
2.421231031417846680e+00
2.253489017486572266e+00
2.094789266586303711e+00
2.617182970046997070e+00
2.547898292541503906e+00
2.326625823974609375e+00
2.737521886825561523e+00
2.752579689025878906e+00
2.904063940048217773e+00
2.387252092361450195e+00
3.224002122879028320e+00
2.443980932235717773e+00
2.173068046569824219e+00
3.409592866897583008e+00
2.686019182205200195e+00
2.060096979141235352e+00
2.716793060302734375e+00
2.734202861785888672e+00
2.566955804824829102e+00
2.994018793106079102e+00
2.518673181533813477e+00
2.488066911697387695e+00
2.451641082763671875e+00
2.776621103286743164e+00
2.150451183319091797e+00
2.468800067901611328e+00
3.517204999923706055e+00
2.433470964431762695e+00
2.886620759963989258e+00
2.406359910964965820e+00
2.393068075180053711e+00
2.638226985931396484e+00
2.184417963027954102e+00
2.733919858932495117e+00
3.628260135650634766e+00
2.772294998168945312e+00
2.748344182968139648e+00
2.244287014007568359e+00
2.934095859527587891e+00
2.892391920089721680e+00
2.805513143539428711e+00
3.147773027420043945e+00
3.116935253143310547e+00
2.551126003265380859e+00
2.909788131713867188e+00
3.318211078643798828e+00
2.860268831253051758e+00
2.805533170700073242e+00
2.855798006057739258e+00
3.185040235519409180e+00
2.803569078445434570e+00
2.741131782531738281e+00
3.412985086441040039e+00
3.023845195770263672e+00
3.609913110733032227e+00
2.405609846115112305e+00
3.168676137924194336e+00
3.241234779357910156e+00
2.140698194503784180e+00
3.502608299255371094e+00
2.473994970321655273e+00
3.143604993820190430e+00
3.465409755706787109e+00
3.097082138061523438e+00
2.364429712295532227e+00
3.605343103408813477e+00
2.511502265930175781e+00
3.516321897506713867e+00
3.682253122329711914e+00
2.747180938720703125e+00
2.833802938461303711e+00
3.248591899871826172e+00
2.169198036193847656e+00
2.867428064346313477e+00
3.986984252929687500e+00
3.356600046157836914e+00
2.189403772354125977e+00
2.605997085571289062e+00
2.362215995788574219e+00
3.953856945037841797e+00
2.771651744842529297e+00
3.021263122558593750e+00
4.491554260253906250e+00
4.335634946823120117e+00
4.525638103485107422e+00
3.213526010513305664e+00
4.128937005996704102e+00
2.043576955795288086e+00
3.039129972457885742e+00
3.730518817901611328e+00
3.913704156875610352e+00
2.824826002120971680e+00
4.301008224487304688e+00
2.937968969345092773e+00
2.274214982986450195e+00
3.972850084304809570e+00
4.212699174880981445e+00
2.782193899154663086e+00
3.770855903625488281e+00
4.266004085540771484e+00
2.528487920761108398e+00
3.140310049057006836e+00
4.664235115051269531e+00
3.871391057968139648e+00
3.428693771362304688e+00
3.269018173217773438e+00
3.291447877883911133e+00
2.758058786392211914e+00
2.797649145126342773e+00
2.541401147842407227e+00
3.168560981750488281e+00
2.351226091384887695e+00
2.801050901412963867e+00
2.618431091308593750e+00
3.280458927154541016e+00
4.141506910324096680e+00
2.119139909744262695e+00
2.680173873901367188e+00
2.497087955474853516e+00
3.526818752288818359e+00
2.998582839965820312e+00
3.012746095657348633e+00
3.605505943298339844e+00
2.607777595520019531e+00
3.206130981445312500e+00
2.890680074691772461e+00
3.730647802352905273e+00
2.529286146163940430e+00
2.192137956619262695e+00
2.403710365295410156e+00
2.309435129165649414e+00
3.606817960739135742e+00
3.110285043716430664e+00
2.747333765029907227e+00
2.050404787063598633e+00
3.257334947586059570e+00
2.504405021667480469e+00
2.958929300308227539e+00
2.992537736892700195e+00
3.166498661041259766e+00
2.662295103073120117e+00
3.394991159439086914e+00
3.165893077850341797e+00
2.698681831359863281e+00
3.475084781646728516e+00
2.919058084487915039e+00
2.109946727752685547e+00
2.815783262252807617e+00
3.995042800903320312e+00
3.734371900558471680e+00
2.299190044403076172e+00
3.789271831512451172e+00
3.431626081466674805e+00
3.056010961532592773e+00
2.675757884979248047e+00
3.293719053268432617e+00
3.883775949478149414e+00
2.936317920684814453e+00
2.694817066192626953e+00
3.156002044677734375e+00
2.602967977523803711e+00
2.889791965484619141e+00
3.064862012863159180e+00
2.970658063888549805e+00
3.231596231460571289e+00
3.092388868331909180e+00
3.576030969619750977e+00
3.192819118499755859e+00
3.145656108856201172e+00
3.143829822540283203e+00
3.398522853851318359e+00
2.791513204574584961e+00
3.075110197067260742e+00
3.728787899017333984e+00
3.218160152435302734e+00
3.950938940048217773e+00
2.978541851043701172e+00
2.197433948516845703e+00
3.707091093063354492e+00
3.020615100860595703e+00
3.475452184677124023e+00
3.725760936737060547e+00
3.759716749191284180e+00
3.155339002609252930e+00
3.882023811340332031e+00
2.398891687393188477e+00
4.084806203842163086e+00
3.137866020202636719e+00
3.848934888839721680e+00
3.459737062454223633e+00
4.184772253036499023e+00
4.019189834594726562e+00
4.368208169937133789e+00
2.494975090026855469e+00
4.266802310943603516e+00
4.146113872528076172e+00
3.339793920516967773e+00
3.105741977691650391e+00
4.608721017837524414e+00
2.375011920928955078e+00
2.741078853607177734e+00
3.703516960144042969e+00
2.651793956756591797e+00
4.683762311935424805e+00
3.743393182754516602e+00
2.795278072357177734e+00
3.766059875488281250e+00
2.821380138397216797e+00
4.129927158355712891e+00
3.312121868133544922e+00
3.832477807998657227e+00
2.955288171768188477e+00
3.749958276748657227e+00
4.868686676025390625e+00
4.180338859558105469e+00
3.097793102264404297e+00
2.515149116516113281e+00
3.269475936889648438e+00
2.650364875793457031e+00
3.171276092529296875e+00
2.498823881149291992e+00
4.404325008392333984e+00
3.171123981475830078e+00
2.664072275161743164e+00
3.195074796676635742e+00
3.375972032546997070e+00
3.305807113647460938e+00
2.891256093978881836e+00
3.320664167404174805e+00
2.995926141738891602e+00
3.414530038833618164e+00
3.202101945877075195e+00
2.994554996490478516e+00
3.245022058486938477e+00
3.618997573852539062e+00
3.093865871429443359e+00
2.848011016845703125e+00
3.760835886001586914e+00
3.354083061218261719e+00
3.202453851699829102e+00
3.012158393859863281e+00
3.091367959976196289e+00
3.087153911590576172e+00
2.700211048126220703e+00
2.529773235321044922e+00
3.189118146896362305e+00
2.779110908508300781e+00
3.906301975250244141e+00
3.186691045761108398e+00
3.684253215789794922e+00
3.118171930313110352e+00
3.576283216476440430e+00
2.336308002471923828e+00
1.690519809722900391e+00
2.887000083923339844e+00
2.751271963119506836e+00
2.260619163513183594e+00
2.932926893234252930e+00
2.076822996139526367e+00
3.350244998931884766e+00
2.940421104431152344e+00
2.717145204544067383e+00
3.031560897827148438e+00
3.017889022827148438e+00
2.756839990615844727e+00
2.657371282577514648e+00
3.230223894119262695e+00
2.634463071823120117e+00
3.231249094009399414e+00
3.287408828735351562e+00
2.589190959930419922e+00
3.205620050430297852e+00
2.522473812103271484e+00
3.357721090316772461e+00
2.787205219268798828e+00
2.666678190231323242e+00
2.678088903427124023e+00
3.818424940109252930e+00
2.861083269119262695e+00
2.778268814086914062e+00
3.892266035079956055e+00
3.662382125854492188e+00
3.525199890136718750e+00
3.621594905853271484e+00
3.304944276809692383e+00
3.426679134368896484e+00
3.512425184249877930e+00
2.932940959930419922e+00
3.429011106491088867e+00
2.991520166397094727e+00
3.138978004455566406e+00
3.193504095077514648e+00
2.353929996490478516e+00
3.571874141693115234e+00
3.186953067779541016e+00
4.745574951171875000e+00
3.815343856811523438e+00
3.045341014862060547e+00
3.152956247329711914e+00
3.816457986831665039e+00
3.633078813552856445e+00
3.355752944946289062e+00
3.030620098114013672e+00
3.111529111862182617e+00
3.215187072753906250e+00
4.217159032821655273e+00
2.997842073440551758e+00
4.177375078201293945e+00
3.224709033966064453e+00
4.141403913497924805e+00
4.308608055114746094e+00
3.296564817428588867e+00
2.979776144027709961e+00
3.101289033889770508e+00
4.397890090942382812e+00
4.499593973159790039e+00
4.000682115554809570e+00
4.051508903503417969e+00
3.768461942672729492e+00
3.661607980728149414e+00
3.724987030029296875e+00
3.168422937393188477e+00
3.265196800231933594e+00
4.782082796096801758e+00
3.860931158065795898e+00
2.819235086441040039e+00
2.970696210861206055e+00
2.746083974838256836e+00
3.488847970962524414e+00
3.268815994262695312e+00
2.351414918899536133e+00
3.748809099197387695e+00
3.578887224197387695e+00
3.112205266952514648e+00
3.904934883117675781e+00
2.884517908096313477e+00
2.993132114410400391e+00
2.562354803085327148e+00
2.840414047241210938e+00
4.142035007476806641e+00
5.436509132385253906e+00
3.139173030853271484e+00
2.691733121871948242e+00
4.041294813156127930e+00
2.740276813507080078e+00
4.152606964111328125e+00
2.787941932678222656e+00
4.349197864532470703e+00
4.224884986877441406e+00
2.581658124923706055e+00
4.283360004425048828e+00
3.188724994659423828e+00
5.194403886795043945e+00
3.156516790390014648e+00
3.202229022979736328e+00
3.338731050491333008e+00
2.909155130386352539e+00
3.565689802169799805e+00
2.956941843032836914e+00
2.009175062179565430e+00
3.582485914230346680e+00
3.445086956024169922e+00
3.317012071609497070e+00
2.198563098907470703e+00
2.568253278732299805e+00
3.103764772415161133e+00
2.296690940856933594e+00
3.706989049911499023e+00
2.328053951263427734e+00
4.008047819137573242e+00
2.820671796798706055e+00
2.730822324752807617e+00
3.622874975204467773e+00
2.457024812698364258e+00
4.096961021423339844e+00
3.522559881210327148e+00
3.748678922653198242e+00
2.153693914413452148e+00
2.250212907791137695e+00
3.799794912338256836e+00
2.527839899063110352e+00
2.478487014770507812e+00
2.628581047058105469e+00
2.585123777389526367e+00
2.926620960235595703e+00
2.369740962982177734e+00
2.613151073455810547e+00
2.298912048339843750e+00
2.755533933639526367e+00
2.662806034088134766e+00
2.369198083877563477e+00
2.906869888305664062e+00
2.965840101242065430e+00
2.469746112823486328e+00
3.193116903305053711e+00
2.917907953262329102e+00
3.092712163925170898e+00
3.186691999435424805e+00
2.324237108230590820e+00
2.284074783325195312e+00
2.536837816238403320e+00
2.936268091201782227e+00
3.376255989074707031e+00
2.550855875015258789e+00
3.052306175231933594e+00
2.312168836593627930e+00
2.995267152786254883e+00
2.669259071350097656e+00
2.436206102371215820e+00
2.703290939331054688e+00
4.094584226608276367e+00
3.105613946914672852e+00
3.773693084716796875e+00
3.482777118682861328e+00
2.590909242630004883e+00
2.616662979125976562e+00
2.599565029144287109e+00
2.945609092712402344e+00
3.196491718292236328e+00
3.879400968551635742e+00
2.985301017761230469e+00
2.566806077957153320e+00
3.346684217453002930e+00
2.690659046173095703e+00
2.438275814056396484e+00
4.029912948608398438e+00
2.804414987564086914e+00
2.076047182083129883e+00
2.543620109558105469e+00
3.100609064102172852e+00
3.091341972351074219e+00
2.561888933181762695e+00
3.282060146331787109e+00
2.524662971496582031e+00
2.734765768051147461e+00
3.253567934036254883e+00
3.088567972183227539e+00
4.250748157501220703e+00
3.370513200759887695e+00
3.705790996551513672e+00
2.654039144515991211e+00
3.288644075393676758e+00
3.654596805572509766e+00
3.536571979522705078e+00
3.327917098999023438e+00
3.559031009674072266e+00
4.286952972412109375e+00
3.717879772186279297e+00
3.622892618179321289e+00
3.179149866104125977e+00
3.698493003845214844e+00
3.672734975814819336e+00
3.356968164443969727e+00
3.888792991638183594e+00
2.360671043395996094e+00
3.035240888595581055e+00
3.234894275665283203e+00
2.934270143508911133e+00
3.221674919128417969e+00
3.503745079040527344e+00
2.876030921936035156e+00
2.257901191711425781e+00
3.624482870101928711e+00
3.528854846954345703e+00
4.374662876129150391e+00
4.138834953308105469e+00
2.096255064010620117e+00
2.902267932891845703e+00
3.890337944030761719e+00
3.775485038757324219e+00
2.821444034576416016e+00
3.603736877441406250e+00
3.398803949356079102e+00
3.519390821456909180e+00
3.067002296447753906e+00
2.860743999481201172e+00
3.924608945846557617e+00
2.943032026290893555e+00
2.703182697296142578e+00
2.709386110305786133e+00
3.432241916656494141e+00
3.518757104873657227e+00
3.502145767211914062e+00
3.936915874481201172e+00
2.723837137222290039e+00
2.797438859939575195e+00
3.424340009689331055e+00
3.080408811569213867e+00
2.759631156921386719e+00
2.625794887542724609e+00
2.722527027130126953e+00
2.787602901458740234e+00
3.538034200668334961e+00
2.071738958358764648e+00
3.340770006179809570e+00
3.609467744827270508e+00
4.490480184555053711e+00
3.209269046783447266e+00
2.521214008331298828e+00
2.611719369888305664e+00
2.972746849060058594e+00
3.061823129653930664e+00
2.426844835281372070e+00
3.049324035644531250e+00
3.146956205368041992e+00
2.867700099945068359e+00
2.790117979049682617e+00
3.265725135803222656e+00
2.195172786712646484e+00
2.644271135330200195e+00
3.021739959716796875e+00
2.694284200668334961e+00
3.086135149002075195e+00
3.178521871566772461e+00
2.915904760360717773e+00
3.646790266036987305e+00
2.595242023468017578e+00
2.414464950561523438e+00
2.739722013473510742e+00
3.098940849304199219e+00
3.845318078994750977e+00
2.810606002807617188e+00
3.125617980957031250e+00
3.393979072570800781e+00
3.433526039123535156e+00
3.039222002029418945e+00
3.557722091674804688e+00
2.853180885314941406e+00
2.533972024917602539e+00
2.841400146484375000e+00
3.256190061569213867e+00
3.298099994659423828e+00
2.436638832092285156e+00
3.396965742111206055e+00
2.936308860778808594e+00
3.243182182312011719e+00
3.090638875961303711e+00
3.422045946121215820e+00
3.520532131195068359e+00
3.484101772308349609e+00
3.238873004913330078e+00
2.748255968093872070e+00
3.568789005279541016e+00
2.355330944061279297e+00
3.564546108245849609e+00
3.610062837600708008e+00
2.930917024612426758e+00
3.055608987808227539e+00
4.010996818542480469e+00
3.654752016067504883e+00
3.827164173126220703e+00
3.301574945449829102e+00
3.235555887222290039e+00
3.341889858245849609e+00
2.633502960205078125e+00
2.882528066635131836e+00
2.398876905441284180e+00
2.379576683044433594e+00
2.922188997268676758e+00
3.548834085464477539e+00
3.546190023422241211e+00
3.577703952789306641e+00
2.481209754943847656e+00
2.965862274169921875e+00
3.445149898529052734e+00
3.673046112060546875e+00
2.633719682693481445e+00
3.451845169067382812e+00
3.770179271697998047e+00
2.378866195678710938e+00
3.095633745193481445e+00
3.034660100936889648e+00
3.061161041259765625e+00
3.293678045272827148e+00
2.935958862304687500e+00
2.812307834625244141e+00
3.169606924057006836e+00
2.494494915008544922e+00
3.378581047058105469e+00
2.097656011581420898e+00
2.096027135848999023e+00
2.577802896499633789e+00
3.137713909149169922e+00
3.395173072814941406e+00
2.717570066452026367e+00
2.847495079040527344e+00
3.036547899246215820e+00
2.471997976303100586e+00
3.289382219314575195e+00
2.396659851074218750e+00
3.330384969711303711e+00
3.217538833618164062e+00
2.900523662567138672e+00
3.110962867736816406e+00
3.502331972122192383e+00
3.172527790069580078e+00
2.914259910583496094e+00
2.603785991668701172e+00
2.777390956878662109e+00
3.088064193725585938e+00
3.447850942611694336e+00
1.974003076553344727e+00
2.636549949645996094e+00
3.686666965484619141e+00
3.508975028991699219e+00
2.569898128509521484e+00
2.869231700897216797e+00
2.630160093307495117e+00
3.125949859619140625e+00
2.142024993896484375e+00
2.768158912658691406e+00
2.494992971420288086e+00
2.353823900222778320e+00
3.943197965621948242e+00
2.474208831787109375e+00
3.663323879241943359e+00
2.548179864883422852e+00
2.404314279556274414e+00
3.431450843811035156e+00
3.088912248611450195e+00
3.511822938919067383e+00
2.772944211959838867e+00
2.936551809310913086e+00
2.141015052795410156e+00
3.550428867340087891e+00
2.985807180404663086e+00
2.883955955505371094e+00
3.101487874984741211e+00
3.077725887298583984e+00
2.773957252502441406e+00
2.836422920227050781e+00
2.169616222381591797e+00
2.819313764572143555e+00
3.221894025802612305e+00
3.212007284164428711e+00
3.495161771774291992e+00
2.229861974716186523e+00
2.964236021041870117e+00
3.015548229217529297e+00
2.288542032241821289e+00
3.573460817337036133e+00
3.044558048248291016e+00
3.498792171478271484e+00
3.842972993850708008e+00
4.208632946014404297e+00
3.344787120819091797e+00
2.964627981185913086e+00
3.151609182357788086e+00
3.108525753021240234e+00
3.780395984649658203e+00
4.693279981613159180e+00
3.796739101409912109e+00
3.347035884857177734e+00
3.602005004882812500e+00
4.375598192214965820e+00
3.429347753524780273e+00
4.447247982025146484e+00
3.963637113571166992e+00
3.900658130645751953e+00
4.474700927734375000e+00
3.662226915359497070e+00
4.549909114837646484e+00
3.254558086395263672e+00
3.695410013198852539e+00
4.594772815704345703e+00
3.371828079223632812e+00
3.855906248092651367e+00
3.209152936935424805e+00
2.982747793197631836e+00
4.468756914138793945e+00
3.934366941452026367e+00
4.655579805374145508e+00
2.969810247421264648e+00
3.657182216644287109e+00
3.267313957214355469e+00
4.062465906143188477e+00
3.678479194641113281e+00
2.850852012634277344e+00
4.102184295654296875e+00
2.951101779937744141e+00
4.417385339736938477e+00
3.716864109039306641e+00
2.982692956924438477e+00
2.354474306106567383e+00
4.176923751831054688e+00
3.812141180038452148e+00
3.701789855957031250e+00
3.067449808120727539e+00
4.166613101959228516e+00
3.707944869995117188e+00
3.157984972000122070e+00
2.965605020523071289e+00
2.598487138748168945e+00
4.037842988967895508e+00
5.299136877059936523e+00
4.949336767196655273e+00
3.544754028320312500e+00
5.096422910690307617e+00
4.496285915374755859e+00
3.337459087371826172e+00
2.784289121627807617e+00
3.637900114059448242e+00
3.891461133956909180e+00
2.208424091339111328e+00
3.599058866500854492e+00
4.393380165100097656e+00
2.713140964508056641e+00
3.739535808563232422e+00
2.907658815383911133e+00
3.947923898696899414e+00
3.302664995193481445e+00
5.147915124893188477e+00
2.251680850982666016e+00
2.553702116012573242e+00
2.729157209396362305e+00
3.092313766479492188e+00
4.435566186904907227e+00
2.600802183151245117e+00
2.377488851547241211e+00
2.488468885421752930e+00
3.475783824920654297e+00
3.201858997344970703e+00
2.279736042022705078e+00
2.252343893051147461e+00
3.109042882919311523e+00
4.120183944702148438e+00
3.054337024688720703e+00
3.322640180587768555e+00
3.311567306518554688e+00
3.273793697357177734e+00
2.773380994796752930e+00
3.594603061676025391e+00
2.513436079025268555e+00
3.353227138519287109e+00
3.186588048934936523e+00
2.574713945388793945e+00
2.443432092666625977e+00
2.745113849639892578e+00
2.426812171936035156e+00
2.312298059463500977e+00
3.079132080078125000e+00
2.187649965286254883e+00
3.133810997009277344e+00
2.240606069564819336e+00
2.104748010635375977e+00
2.276300907135009766e+00
1.966749906539916992e+00
2.601373195648193359e+00
2.554727792739868164e+00
2.930398941040039062e+00
2.890062093734741211e+00
2.863538980484008789e+00
2.761638879776000977e+00
2.838235855102539062e+00
2.805779933929443359e+00
2.446722984313964844e+00
2.519609212875366211e+00
2.967553853988647461e+00
3.100262880325317383e+00
3.573169708251953125e+00
3.192702770233154297e+00
4.403547286987304688e+00
2.531717777252197266e+00
3.126216173171997070e+00
3.305130243301391602e+00
3.248209953308105469e+00
2.646747827529907227e+00
2.753608226776123047e+00
2.870146989822387695e+00
3.911532163619995117e+00
3.400357007980346680e+00
2.474748849868774414e+00
2.820559024810791016e+00
2.585029125213623047e+00
2.961251020431518555e+00
2.449109077453613281e+00
2.821380138397216797e+00
3.084004878997802734e+00
2.455661058425903320e+00
2.672788858413696289e+00
3.195402860641479492e+00
2.941148042678833008e+00
3.338686943054199219e+00
3.439346075057983398e+00
3.635939121246337891e+00
3.094899177551269531e+00
3.415474891662597656e+00
3.578725814819335938e+00
3.147271871566772461e+00
3.714161872863769531e+00
3.015820980072021484e+00
3.196610212326049805e+00
2.644393920898437500e+00
3.386312007904052734e+00
2.846129179000854492e+00
3.452547073364257812e+00
3.772651195526123047e+00
3.686583995819091797e+00
3.589495182037353516e+00
3.398458242416381836e+00
3.540471076965332031e+00
3.473853111267089844e+00
2.979350090026855469e+00
3.513260841369628906e+00
2.197205066680908203e+00
3.672785043716430664e+00
3.313565969467163086e+00
2.819924831390380859e+00
2.964437961578369141e+00
3.032717704772949219e+00
2.951690912246704102e+00
4.002277851104736328e+00
3.101362943649291992e+00
3.121735095977783203e+00
3.669811964035034180e+00
2.327767848968505859e+00
2.994937896728515625e+00
3.332098960876464844e+00
3.110991001129150391e+00
3.987254142761230469e+00
3.732172250747680664e+00
3.335176944732666016e+00
3.283190011978149414e+00
4.253967046737670898e+00
3.556074857711791992e+00
3.250912904739379883e+00
3.408288002014160156e+00
2.710912942886352539e+00
3.433605194091796875e+00
4.219446897506713867e+00
3.074170827865600586e+00
3.694238901138305664e+00
2.477547168731689453e+00
2.715295076370239258e+00
3.045957803726196289e+00
3.697885990142822266e+00
3.655982971191406250e+00
3.972348928451538086e+00
3.043087720870971680e+00
2.709085226058959961e+00
3.672764062881469727e+00
3.328335762023925781e+00
3.673514127731323242e+00
2.550694227218627930e+00
3.361705064773559570e+00
2.621835708618164062e+00
2.356019020080566406e+00
2.575385093688964844e+00
2.451741933822631836e+00
4.813991308212280273e+00
3.005461931228637695e+00
3.984786748886108398e+00
3.063187837600708008e+00
3.127661705017089844e+00
3.012227058410644531e+00
2.995270013809204102e+00
2.733078002929687500e+00
3.145940780639648438e+00
3.127919912338256836e+00
3.220856904983520508e+00
2.582803964614868164e+00
2.737452745437622070e+00
2.541233777999877930e+00
3.402748107910156250e+00
2.595175027847290039e+00
1.752390146255493164e+00
3.339085817337036133e+00
2.667565107345581055e+00
2.908339977264404297e+00
2.721002101898193359e+00
3.344722986221313477e+00
3.412284851074218750e+00
2.891741037368774414e+00
3.460268259048461914e+00
2.859254121780395508e+00
3.575477123260498047e+00
2.578434228897094727e+00
3.080288648605346680e+00
3.507323980331420898e+00
2.587162017822265625e+00
3.043791294097900391e+00
3.433367013931274414e+00
2.748164892196655273e+00
3.233707904815673828e+00
3.198559284210205078e+00
3.357861042022705078e+00
2.723149061203002930e+00
3.418042898178100586e+00
3.747461080551147461e+00
3.325859785079956055e+00
3.194013118743896484e+00
2.269503116607666016e+00
2.454790115356445312e+00
2.943181037902832031e+00
2.746830224990844727e+00
2.755446910858154297e+00
3.618950128555297852e+00
2.905515909194946289e+00
2.757392168045043945e+00
2.538431167602539062e+00
2.343868970870971680e+00
2.923122882843017578e+00
2.643106937408447266e+00
3.007587194442749023e+00
2.370247125625610352e+00
2.122933149337768555e+00
3.096290111541748047e+00
3.015176057815551758e+00
2.234333992004394531e+00
2.022447109222412109e+00
3.479336738586425781e+00
2.382150173187255859e+00
3.280755758285522461e+00
2.922095775604248047e+00
2.631237983703613281e+00
2.436800003051757812e+00
2.428930044174194336e+00
2.964953184127807617e+00
2.572338104248046875e+00
2.631932973861694336e+00
3.088077783584594727e+00
2.382097005844116211e+00
2.894721031188964844e+00
3.290868043899536133e+00
2.532317876815795898e+00
2.792705774307250977e+00
3.036430120468139648e+00
2.997174978256225586e+00
2.730391979217529297e+00
2.632025003433227539e+00
2.110917329788208008e+00
3.151054859161376953e+00
2.127440214157104492e+00
2.608131885528564453e+00
2.938691139221191406e+00
2.394840002059936523e+00
2.190536975860595703e+00
3.138852119445800781e+00
2.929929018020629883e+00
3.146739959716796875e+00
3.123116016387939453e+00
3.421139240264892578e+00
3.157080173492431641e+00
3.700196743011474609e+00
2.163752794265747070e+00
2.638321876525878906e+00
3.356179952621459961e+00
3.391476869583129883e+00
2.988785982131958008e+00
4.334536314010620117e+00
3.626201152801513672e+00
2.394270181655883789e+00
3.754061937332153320e+00
3.567621946334838867e+00
2.763761043548583984e+00
3.370728969573974609e+00
3.611547946929931641e+00
3.733002901077270508e+00
3.092361927032470703e+00
2.499342918395996094e+00
2.953751802444458008e+00
3.586022853851318359e+00
2.570937156677246094e+00
2.432521104812622070e+00
4.036154985427856445e+00
2.814165115356445312e+00
3.793442249298095703e+00
2.877639770507812500e+00
3.822757244110107422e+00
2.628167867660522461e+00
3.800372838973999023e+00
2.816747188568115234e+00
3.037949085235595703e+00
3.775409936904907227e+00
3.965651988983154297e+00
2.496924161911010742e+00
2.425040960311889648e+00
3.093175172805786133e+00
3.015223026275634766e+00
2.896256685256958008e+00
3.365823984146118164e+00
2.772323846817016602e+00
3.203262805938720703e+00
3.181739091873168945e+00
3.133363246917724609e+00
3.132882118225097656e+00
3.070618152618408203e+00
2.773861169815063477e+00
3.302314043045043945e+00
3.039726972579956055e+00
3.163993835449218750e+00
3.321377754211425781e+00
3.205807209014892578e+00
2.912152767181396484e+00
3.721584081649780273e+00
3.196216106414794922e+00
2.209172964096069336e+00
3.174795866012573242e+00
3.389271020889282227e+00
3.382006168365478516e+00
3.445752859115600586e+00
2.792088985443115234e+00
3.030201196670532227e+00
2.778326034545898438e+00
3.030587911605834961e+00
3.576578617095947266e+00
3.226090908050537109e+00
3.270832300186157227e+00
3.337279081344604492e+00
3.555572986602783203e+00
3.254630327224731445e+00
3.764144182205200195e+00
3.855936050415039062e+00
2.790927171707153320e+00
3.113437891006469727e+00
2.753529787063598633e+00
3.203691005706787109e+00
3.534399986267089844e+00
3.175301074981689453e+00
3.781050920486450195e+00
3.791127681732177734e+00
3.791291713714599609e+00
4.363521099090576172e+00
3.277792930603027344e+00
2.241995811462402344e+00
2.842245817184448242e+00
4.187390089035034180e+00
3.909590005874633789e+00
3.408632755279541016e+00
3.187876939773559570e+00
2.497529029846191406e+00
3.945266962051391602e+00
3.713865995407104492e+00
2.453928947448730469e+00
3.423359870910644531e+00
2.494604825973510742e+00
3.632508993148803711e+00
3.380151033401489258e+00
4.122445821762084961e+00
2.679083108901977539e+00
2.591679096221923828e+00
3.153801918029785156e+00
2.303845167160034180e+00
2.987494945526123047e+00
2.333842754364013672e+00
2.346706151962280273e+00
2.583794832229614258e+00
2.666749954223632812e+00
3.127529859542846680e+00
2.356420040130615234e+00
2.524645328521728516e+00
3.963304042816162109e+00
2.581172943115234375e+00
2.580639123916625977e+00
2.210153818130493164e+00
3.074347972869873047e+00
2.815959930419921875e+00
3.174386978149414062e+00
3.451795101165771484e+00
3.392433881759643555e+00
2.930346727371215820e+00
1.979114055633544922e+00
2.869973897933959961e+00
2.782257795333862305e+00
2.973310947418212891e+00
3.000917196273803711e+00
2.266478061676025391e+00
2.284454822540283203e+00
2.720262050628662109e+00
2.870934009552001953e+00
2.755658864974975586e+00
3.857044935226440430e+00
4.213148355484008789e+00
3.349038839340209961e+00
3.376647949218750000e+00
2.923691034317016602e+00
3.492356061935424805e+00
3.411787033081054688e+00
2.416203022003173828e+00
3.450982809066772461e+00
2.518423080444335938e+00
2.574161052703857422e+00
2.717785120010375977e+00
2.180283069610595703e+00
2.585272073745727539e+00
2.916773080825805664e+00
2.758765935897827148e+00
3.257608175277709961e+00
2.153748273849487305e+00
3.810029029846191406e+00
3.056761026382446289e+00
2.847599029541015625e+00
2.710119009017944336e+00
3.981761217117309570e+00
2.410788774490356445e+00
2.932551860809326172e+00
3.300804853439331055e+00
4.041942119598388672e+00
2.636394977569580078e+00
3.009977817535400391e+00
4.142529964447021484e+00
4.052809238433837891e+00
3.332067966461181641e+00
2.736810922622680664e+00
2.708704948425292969e+00
2.529706001281738281e+00
3.137646913528442383e+00
2.182459115982055664e+00
2.960260868072509766e+00
2.668727874755859375e+00
2.985422849655151367e+00
2.712971925735473633e+00
2.753803014755249023e+00
3.381459951400756836e+00
3.038791894912719727e+00
2.939738035202026367e+00
2.686503887176513672e+00
3.322669029235839844e+00
2.814223051071166992e+00
3.025434970855712891e+00
3.487014770507812500e+00
2.216034173965454102e+00
3.163244009017944336e+00
2.423031091690063477e+00
3.045433998107910156e+00
4.706065893173217773e+00
2.935122251510620117e+00
4.103424072265625000e+00
2.938124179840087891e+00
4.890470981597900391e+00
3.800220966339111328e+00
2.450397968292236328e+00
4.020765066146850586e+00
3.480020999908447266e+00
3.471692085266113281e+00
3.070121049880981445e+00
2.940503597259521484e+00
3.312716960906982422e+00
2.557659149169921875e+00
2.892151832580566406e+00
3.311733722686767578e+00
3.323066234588623047e+00
3.287338972091674805e+00
2.191695928573608398e+00
2.536216020584106445e+00
2.955399990081787109e+00
3.616472959518432617e+00
3.908962011337280273e+00
2.584113121032714844e+00
2.390901327133178711e+00
2.958076953887939453e+00
3.715344905853271484e+00
3.306533098220825195e+00
3.703562021255493164e+00
2.934528112411499023e+00
2.332170963287353516e+00
3.471286058425903320e+00
3.318684101104736328e+00
3.394025087356567383e+00
3.457880735397338867e+00
4.108526229858398438e+00
3.418024778366088867e+00
3.933542966842651367e+00
3.481561183929443359e+00
3.694185018539428711e+00
3.678738117218017578e+00
3.933927774429321289e+00
3.183740854263305664e+00
2.839986085891723633e+00
4.251662015914916992e+00
3.435054063796997070e+00
3.360851049423217773e+00
2.517918825149536133e+00
2.635944128036499023e+00
2.433498859405517578e+00
3.385373830795288086e+00
2.882849216461181641e+00
4.875422000885009766e+00
3.156991958618164062e+00
2.140888690948486328e+00
3.152708768844604492e+00
2.686822891235351562e+00
3.276991844177246094e+00
3.557555913925170898e+00
3.577611923217773438e+00
2.745996952056884766e+00
3.219951152801513672e+00
3.211526870727539062e+00
2.782316684722900391e+00
2.905822277069091797e+00
3.713220834732055664e+00
3.783555984497070312e+00
2.688651084899902344e+00
2.604219913482666016e+00
3.346924781799316406e+00
3.241523981094360352e+00
3.130612850189208984e+00
3.066611766815185547e+00
3.362538099288940430e+00
2.734579086303710938e+00
3.088199138641357422e+00
3.422639846801757812e+00
2.563786983489990234e+00
3.496950149536132812e+00
2.761513233184814453e+00
2.896384954452514648e+00
2.461375951766967773e+00
3.353001117706298828e+00
4.035013914108276367e+00
2.917016029357910156e+00
4.134891033172607422e+00
3.042659044265747070e+00
2.977245807647705078e+00
3.763468742370605469e+00
3.005636930465698242e+00
4.331618070602416992e+00
2.826040029525756836e+00
4.038819074630737305e+00
2.792950153350830078e+00
3.457643032073974609e+00
3.918585062026977539e+00
3.566365957260131836e+00
2.728784799575805664e+00
3.103358983993530273e+00
3.514237165451049805e+00
3.045455217361450195e+00
3.039739131927490234e+00
3.808492660522460938e+00
2.935808897018432617e+00
4.235785007476806641e+00
3.150904893875122070e+00
3.867400884628295898e+00
4.004395961761474609e+00
3.148963212966918945e+00
2.461319923400878906e+00
3.735219240188598633e+00
3.096174955368041992e+00
3.386788845062255859e+00
3.285184860229492188e+00
2.503531932830810547e+00
2.471136093139648438e+00
3.490439176559448242e+00
3.481796741485595703e+00
3.546290874481201172e+00
3.648920774459838867e+00
3.590057134628295898e+00
3.515367984771728516e+00
3.177260875701904297e+00
3.371248960494995117e+00
3.252389907836914062e+00
5.211122989654541016e+00
3.348564863204956055e+00
3.555541038513183594e+00
4.552748918533325195e+00
3.459978103637695312e+00
3.991618156433105469e+00
3.576763868331909180e+00
3.593051910400390625e+00
4.014723777770996094e+00
5.171982049942016602e+00
2.300843000411987305e+00
3.850297212600708008e+00
3.684722900390625000e+00
4.338217020034790039e+00
2.502509832382202148e+00
3.720802068710327148e+00
2.516693830490112305e+00
3.409562110900878906e+00
2.897245407104492188e+00
3.037349939346313477e+00
3.522324085235595703e+00
3.981343984603881836e+00
3.638330698013305664e+00
3.789299011230468750e+00
3.735303163528442383e+00
3.504739046096801758e+00
3.447452068328857422e+00
3.563153266906738281e+00
3.842560052871704102e+00
4.420874118804931641e+00
2.712407112121582031e+00
4.813126087188720703e+00
2.914181947708129883e+00
4.064100742340087891e+00
4.167150020599365234e+00
4.796450614929199219e+00
3.524511814117431641e+00
2.980265855789184570e+00
3.215605974197387695e+00
2.848065137863159180e+00
2.942107915878295898e+00
4.110481023788452148e+00
2.910953998565673828e+00
4.144687175750732422e+00
4.661226987838745117e+00
3.470175027847290039e+00
2.778156042098999023e+00
3.898617029190063477e+00
3.144871950149536133e+00
3.364282846450805664e+00
4.635621309280395508e+00
2.994822263717651367e+00
5.184445858001708984e+00
3.502856016159057617e+00
3.751100063323974609e+00
3.517275810241699219e+00
3.713503360748291016e+00
4.718328952789306641e+00
3.415193319320678711e+00
3.593397855758666992e+00
3.501543045043945312e+00
3.428586959838867188e+00
3.088031768798828125e+00
3.752261161804199219e+00
3.464888095855712891e+00
3.822268962860107422e+00
3.654807090759277344e+00
2.246476173400878906e+00
3.925693988800048828e+00
3.645248889923095703e+00
4.146800041198730469e+00
4.095345973968505859e+00
3.230760097503662109e+00
3.302101850509643555e+00
3.524030923843383789e+00
3.858849048614501953e+00
3.412220001220703125e+00
3.647022962570190430e+00
3.408620834350585938e+00
3.233465909957885742e+00
3.740571260452270508e+00
2.834719896316528320e+00
4.080599069595336914e+00
4.538095951080322266e+00
4.299661636352539062e+00
2.808992147445678711e+00
3.934566020965576172e+00
4.056919097900390625e+00
4.539602041244506836e+00
3.438825130462646484e+00
3.291083097457885742e+00
4.908695220947265625e+00
3.835367918014526367e+00
3.948383092880249023e+00
4.476162672042846680e+00
3.821278810501098633e+00
3.112294912338256836e+00
2.935541152954101562e+00
3.935533761978149414e+00
4.217401742935180664e+00
4.635873079299926758e+00
5.403623104095458984e+00
4.734282016754150391e+00
4.502928256988525391e+00
4.362691879272460938e+00
4.638988018035888672e+00
3.554780960083007812e+00
3.241929054260253906e+00
4.476592779159545898e+00
3.509768009185791016e+00
3.806198120117187500e+00
3.374412059783935547e+00
4.965877056121826172e+00
3.662341833114624023e+00
3.007920026779174805e+00
3.627055168151855469e+00
5.029704093933105469e+00
3.891058206558227539e+00
3.664945840835571289e+00
3.834173917770385742e+00
3.055706977844238281e+00
3.846166133880615234e+00
2.636813163757324219e+00
4.583794832229614258e+00
3.875699996948242188e+00
4.873601913452148438e+00
5.500493764877319336e+00
3.363896846771240234e+00
3.789972305297851562e+00
3.246675968170166016e+00
4.773242950439453125e+00
3.017585277557373047e+00
2.406290292739868164e+00
3.963238000869750977e+00
2.992384910583496094e+00
3.464210987091064453e+00
3.444851160049438477e+00
5.044692993164062500e+00
3.592412948608398438e+00
3.991241931915283203e+00
2.992166996002197266e+00
3.913241863250732422e+00
4.155327081680297852e+00
4.181824922561645508e+00
3.172136068344116211e+00
3.891532897949218750e+00
4.344573974609375000e+00
2.944040298461914062e+00
4.586452245712280273e+00
3.855691909790039062e+00
3.198143959045410156e+00
3.800022840499877930e+00
4.487644195556640625e+00
4.029874086380004883e+00
3.522749185562133789e+00
3.363697290420532227e+00
4.098654985427856445e+00
4.053761959075927734e+00
3.031244039535522461e+00
3.197054862976074219e+00
4.495704174041748047e+00
4.572507858276367188e+00
2.921159029006958008e+00
4.607981920242309570e+00
3.588839054107666016e+00
4.503542900085449219e+00
3.597150087356567383e+00
3.676338911056518555e+00
3.659706115722656250e+00
3.574236154556274414e+00
4.528980016708374023e+00
3.392076015472412109e+00
3.227915048599243164e+00
5.095497369766235352e+00
2.802783966064453125e+00
2.974959135055541992e+00
4.402588367462158203e+00
4.434083223342895508e+00
3.418874979019165039e+00
3.928582191467285156e+00
3.650587081909179688e+00
3.408452749252319336e+00
4.018748998641967773e+00
3.554991960525512695e+00
4.061415910720825195e+00
3.789915800094604492e+00
3.411905050277709961e+00
4.984639167785644531e+00
4.171119928359985352e+00
3.019027233123779297e+00
3.335196971893310547e+00
3.162992954254150391e+00
4.239081859588623047e+00
3.570111989974975586e+00
2.702624082565307617e+00
3.211323976516723633e+00
2.610543966293334961e+00
3.678335189819335938e+00
3.131141901016235352e+00
2.308922052383422852e+00
3.508184194564819336e+00
3.376961231231689453e+00
2.394968986511230469e+00
2.492043018341064453e+00
3.094408988952636719e+00
2.700046062469482422e+00
3.151311874389648438e+00
3.214859008789062500e+00
3.280210971832275391e+00
3.152229785919189453e+00
3.774469852447509766e+00
3.817262172698974609e+00
2.775541067123413086e+00
3.396521806716918945e+00
2.857398033142089844e+00
3.454053878784179688e+00
3.367451906204223633e+00
3.593652009963989258e+00
3.248160123825073242e+00
3.661091089248657227e+00
3.176594018936157227e+00
2.973495721817016602e+00
2.896126985549926758e+00
4.050136089324951172e+00
3.700114250183105469e+00
3.772091150283813477e+00
3.332994222640991211e+00
3.424564123153686523e+00
3.826037883758544922e+00
2.292869091033935547e+00
3.152458906173706055e+00
3.179225921630859375e+00
3.492161989212036133e+00
3.146382093429565430e+00
3.804239034652709961e+00
3.929837226867675781e+00
4.083381175994873047e+00
4.138389110565185547e+00
2.673260927200317383e+00
3.474015951156616211e+00
3.569762945175170898e+00
3.956213951110839844e+00
3.127240896224975586e+00
3.124281167984008789e+00
3.308175802230834961e+00
3.466019153594970703e+00
3.472901344299316406e+00
3.521196126937866211e+00
3.637976646423339844e+00
3.603749990463256836e+00
3.109856843948364258e+00
3.624251127243041992e+00
3.804375886917114258e+00
3.833534002304077148e+00
4.146972894668579102e+00
4.135139703750610352e+00
3.468230724334716797e+00
3.165672063827514648e+00
3.809297323226928711e+00
4.279938220977783203e+00
3.943547964096069336e+00
3.603472948074340820e+00
3.567879199981689453e+00
3.758743047714233398e+00
3.635133028030395508e+00
6.370881080627441406e+00
3.367758035659790039e+00
3.726358890533447266e+00
4.230716943740844727e+00
3.545649051666259766e+00
3.751087188720703125e+00
3.875454187393188477e+00
2.906708955764770508e+00
4.159632205963134766e+00
4.048320055007934570e+00
4.243780851364135742e+00
4.295294046401977539e+00
4.396029233932495117e+00
3.003184795379638672e+00
3.908163070678710938e+00
4.023486137390136719e+00
4.098922014236450195e+00
3.666379928588867188e+00
3.047966241836547852e+00
3.922958135604858398e+00
3.314692735671997070e+00
3.438377141952514648e+00
4.495088100433349609e+00
3.577351093292236328e+00
3.272005081176757812e+00
4.258825063705444336e+00
3.548357963562011719e+00
4.504803895950317383e+00
3.943997859954833984e+00
3.658755064010620117e+00
4.295156002044677734e+00
3.228058815002441406e+00
3.203505992889404297e+00
3.802958965301513672e+00
3.792315959930419922e+00
2.540839195251464844e+00
3.571176052093505859e+00
3.165292024612426758e+00
3.020094156265258789e+00
3.663825988769531250e+00
3.540503978729248047e+00
3.466315984725952148e+00
4.095712900161743164e+00
4.467870950698852539e+00
2.985047101974487305e+00
4.311444044113159180e+00
3.841264963150024414e+00
4.524728059768676758e+00
4.628181934356689453e+00
3.494516849517822266e+00
4.155641078948974609e+00
3.568092823028564453e+00
3.891890048980712891e+00
5.180253982543945312e+00
4.742038011550903320e+00
3.140826940536499023e+00
4.775612831115722656e+00
4.016713142395019531e+00
2.034221887588500977e+00
4.113256931304931641e+00
3.439311265945434570e+00
3.225062131881713867e+00
3.350859880447387695e+00
3.317381858825683594e+00
4.662297010421752930e+00
3.273705005645751953e+00
3.788760662078857422e+00
3.544898986816406250e+00
2.992763996124267578e+00
3.718952894210815430e+00
3.565629005432128906e+00
2.913076400756835938e+00
3.324498176574707031e+00
3.166810274124145508e+00
3.420544862747192383e+00
3.846634864807128906e+00
3.364672899246215820e+00
2.978130102157592773e+00
3.390227079391479492e+00
2.815479993820190430e+00
3.575577974319458008e+00
3.305775165557861328e+00
3.763590335845947266e+00
3.696578025817871094e+00
2.027797937393188477e+00
3.751030921936035156e+00
3.549929857254028320e+00
3.585364103317260742e+00
3.034880876541137695e+00
4.078376054763793945e+00
3.708675146102905273e+00
2.686102151870727539e+00
3.216526031494140625e+00
3.407940149307250977e+00
3.704935073852539062e+00
3.847490072250366211e+00
3.088974237442016602e+00
3.420176267623901367e+00
3.508858919143676758e+00
2.779331922531127930e+00
3.320648908615112305e+00
2.810285806655883789e+00
3.386361837387084961e+00
2.513186931610107422e+00
3.637332916259765625e+00
4.141698122024536133e+00
2.782989978790283203e+00
2.800595045089721680e+00
2.973446846008300781e+00
4.113143205642700195e+00
3.465967178344726562e+00
3.463691949844360352e+00
4.236289739608764648e+00
3.342362880706787109e+00
3.286291837692260742e+00
2.934148073196411133e+00
2.643762826919555664e+00
3.452999114990234375e+00
2.616709232330322266e+00
2.610067129135131836e+00
2.866770029067993164e+00
2.337402105331420898e+00
3.035693883895874023e+00
2.758615970611572266e+00
2.811620950698852539e+00
2.651101112365722656e+00
2.589081764221191406e+00
2.857866287231445312e+00
3.610838890075683594e+00
2.798130989074707031e+00
2.769371747970581055e+00
3.582336187362670898e+00
3.343463897705078125e+00
3.509099960327148438e+00
3.417638778686523438e+00
3.648448228836059570e+00
3.152488231658935547e+00
2.809616804122924805e+00
3.382088184356689453e+00
3.208428859710693359e+00
3.639598131179809570e+00
3.971353054046630859e+00
3.426043272018432617e+00
3.136685848236083984e+00
2.822827100753784180e+00
3.597869157791137695e+00
3.774746179580688477e+00
3.442051172256469727e+00
3.422606229782104492e+00
3.898144960403442383e+00
4.167559146881103516e+00
3.937211990356445312e+00
4.147042036056518555e+00
4.026799917221069336e+00
4.064357757568359375e+00
4.025527954101562500e+00
3.737869024276733398e+00
3.994333982467651367e+00
2.415532827377319336e+00
4.327150821685791016e+00
3.667661905288696289e+00
4.193697690963745117e+00
3.050017118453979492e+00
3.566350698471069336e+00
3.606565237045288086e+00
3.547582864761352539e+00
3.764741897583007812e+00
3.536748170852661133e+00
3.787722826004028320e+00
3.235053777694702148e+00
4.211032867431640625e+00
3.819422006607055664e+00
3.573195934295654297e+00
3.950600862503051758e+00
2.955366849899291992e+00
3.174308061599731445e+00
3.751998186111450195e+00
4.443921327590942383e+00
3.172932147979736328e+00
3.919625997543334961e+00
2.989931106567382812e+00
2.900839328765869141e+00
3.300500869750976562e+00
3.674798965454101562e+00
4.127717018127441406e+00
3.025034904479980469e+00
3.867608070373535156e+00
3.903411865234375000e+00
3.872980117797851562e+00
4.137571096420288086e+00
3.048209905624389648e+00
4.351063013076782227e+00
3.898358821868896484e+00
3.509138107299804688e+00
4.041367053985595703e+00
3.392826080322265625e+00
3.229954957962036133e+00
3.283144950866699219e+00
3.753134012222290039e+00
3.253885030746459961e+00
4.070081949234008789e+00
4.286984920501708984e+00
3.350448131561279297e+00
2.934807062149047852e+00
4.103962182998657227e+00
3.374640226364135742e+00
3.921281099319458008e+00
4.844535112380981445e+00
3.279800176620483398e+00
3.345445156097412109e+00
3.986236810684204102e+00
3.310172796249389648e+00
3.416033983230590820e+00
2.965973615646362305e+00
2.364434957504272461e+00
3.247179985046386719e+00
3.219149827957153320e+00
2.819653034210205078e+00
3.699012756347656250e+00
4.123000144958496094e+00
3.548868894577026367e+00
3.703449010848999023e+00
3.783582925796508789e+00
3.276253938674926758e+00
3.762243986129760742e+00
3.271634101867675781e+00
3.193634033203125000e+00
3.529073238372802734e+00
3.771708726882934570e+00
4.685223817825317383e+00
3.497908115386962891e+00
4.408759832382202148e+00
3.907763004302978516e+00
2.396324157714843750e+00
2.664274930953979492e+00
3.263729095458984375e+00
3.059484958648681641e+00
3.707338094711303711e+00
3.246975898742675781e+00
2.873554944992065430e+00
3.795550107955932617e+00
4.220613241195678711e+00
4.550667047500610352e+00
2.824119091033935547e+00
2.620387792587280273e+00
4.342785120010375977e+00
4.200469970703125000e+00
2.203927040100097656e+00
2.645060062408447266e+00
4.028412342071533203e+00
3.971588134765625000e+00
3.131489038467407227e+00
2.653921127319335938e+00
4.297550916671752930e+00
2.898118019104003906e+00
3.171943902969360352e+00
2.592747926712036133e+00
4.092535734176635742e+00
2.465489864349365234e+00
2.312232971191406250e+00
2.600784778594970703e+00
2.427284002304077148e+00
2.941155910491943359e+00
3.260162830352783203e+00
2.936096906661987305e+00
2.477883815765380859e+00
3.132260322570800781e+00
2.305879831314086914e+00
2.008270978927612305e+00
2.691797971725463867e+00
3.618299961090087891e+00
2.817050695419311523e+00
2.215371131896972656e+00
2.927861928939819336e+00
3.042822122573852539e+00
3.210065126419067383e+00
2.855020046234130859e+00
2.219140768051147461e+00
2.334676027297973633e+00
3.120247840881347656e+00
3.652686834335327148e+00
3.444079875946044922e+00
3.551198959350585938e+00
3.988147020339965820e+00
2.622241020202636719e+00
3.378973960876464844e+00
2.795887231826782227e+00
2.737196207046508789e+00
2.971824169158935547e+00
2.645568132400512695e+00
3.220246076583862305e+00
2.971562862396240234e+00
2.559623241424560547e+00
3.808745861053466797e+00
2.963195085525512695e+00
3.528530836105346680e+00
4.016642093658447266e+00
3.257985115051269531e+00
2.718304157257080078e+00
4.488272190093994141e+00
2.790996074676513672e+00
3.359301805496215820e+00
2.770581007003784180e+00
3.366247892379760742e+00
3.082691192626953125e+00
3.776121139526367188e+00
4.423069953918457031e+00
4.683374643325805664e+00
3.561839103698730469e+00
2.988883018493652344e+00
3.188031196594238281e+00
3.532622814178466797e+00
4.630473852157592773e+00
4.495360851287841797e+00
3.613926887512207031e+00
3.811295032501220703e+00
3.322596311569213867e+00
4.809655904769897461e+00
3.727812767028808594e+00
5.175912857055664062e+00
4.914749145507812500e+00
4.059367895126342773e+00
4.094466924667358398e+00
4.000191926956176758e+00
5.351898908615112305e+00
2.722632884979248047e+00
4.118527889251708984e+00
5.268982887268066406e+00
4.462381124496459961e+00
4.211244106292724609e+00
4.572746038436889648e+00
5.064421176910400391e+00
5.557405948638916016e+00
5.621587991714477539e+00
3.055350065231323242e+00
3.864903211593627930e+00
5.030539751052856445e+00
3.908584117889404297e+00
5.417228937149047852e+00
3.320690155029296875e+00
5.413699865341186523e+00
4.183571815490722656e+00
3.392424106597900391e+00
3.991149187088012695e+00
5.137662887573242188e+00
3.404933929443359375e+00
3.289047002792358398e+00
4.220189094543457031e+00
3.418787002563476562e+00
3.583846092224121094e+00
3.286290884017944336e+00
3.201784133911132812e+00
4.998217821121215820e+00
2.323920726776123047e+00
3.077144861221313477e+00
2.772388935089111328e+00
3.731883049011230469e+00
5.288662910461425781e+00
4.575639963150024414e+00
4.036493778228759766e+00
3.620879888534545898e+00
3.683043956756591797e+00
3.537019014358520508e+00
2.283232927322387695e+00
3.211332082748413086e+00
3.174530029296875000e+00
5.062016963958740234e+00
7.078124046325683594e+00
3.696852922439575195e+00
2.816998004913330078e+00
3.527176856994628906e+00
4.672387123107910156e+00
3.134548187255859375e+00
3.619555950164794922e+00
3.647891759872436523e+00
3.146346092224121094e+00
3.771761894226074219e+00
3.208455085754394531e+00
3.482388257980346680e+00
3.952605009078979492e+00
2.513991117477416992e+00
3.478108882904052734e+00
3.718548297882080078e+00
4.301985979080200195e+00
4.353504896163940430e+00
2.550704956054687500e+00
3.821489095687866211e+00
4.696577072143554688e+00
4.202833890914916992e+00
2.773915052413940430e+00
3.574393987655639648e+00
3.824115037918090820e+00
6.195491075515747070e+00
4.469806194305419922e+00
4.788356781005859375e+00
3.887960910797119141e+00
4.102339982986450195e+00
3.925221920013427734e+00
3.342001914978027344e+00
3.019217252731323242e+00
3.217065095901489258e+00
2.371822118759155273e+00
2.599928855895996094e+00
3.497452020645141602e+00
3.873409032821655273e+00
2.617321014404296875e+00
2.840417146682739258e+00
4.617390871047973633e+00
4.606746196746826172e+00
4.199307918548583984e+00
4.104660987854003906e+00
3.120971918106079102e+00
2.684059858322143555e+00
2.994268894195556641e+00
4.122606277465820312e+00
2.234459877014160156e+00
2.851428747177124023e+00
2.617015123367309570e+00
4.065939188003540039e+00
1.886042118072509766e+00
2.025060892105102539e+00
2.781966209411621094e+00
3.421887874603271484e+00
2.639742374420166016e+00
2.576403856277465820e+00
2.753765106201171875e+00
2.200742006301879883e+00
2.475636005401611328e+00
2.707644939422607422e+00
3.316773891448974609e+00
2.917484998703002930e+00
2.371794939041137695e+00
2.606612920761108398e+00
2.278301954269409180e+00
2.198925971984863281e+00
2.013829231262207031e+00
2.652595043182373047e+00
2.615332126617431641e+00
3.039755105972290039e+00
3.509680986404418945e+00
3.080443859100341797e+00
3.060712814331054688e+00
3.428595066070556641e+00
2.533938169479370117e+00
3.288372039794921875e+00
2.680023670196533203e+00
2.780462741851806641e+00
2.293685913085937500e+00
2.375820636749267578e+00
3.038981914520263672e+00
2.900637865066528320e+00
3.115251779556274414e+00
2.441062927246093750e+00
2.528623819351196289e+00
2.523647308349609375e+00
2.554566144943237305e+00
2.307387828826904297e+00
2.685414075851440430e+00
2.551604032516479492e+00
3.230313062667846680e+00
2.569340944290161133e+00
2.572977066040039062e+00
2.697170257568359375e+00
2.623871088027954102e+00
2.601379871368408203e+00
2.714071035385131836e+00
2.753135204315185547e+00
2.879352807998657227e+00
3.274230003356933594e+00
2.675861120223999023e+00
3.303564071655273438e+00
2.733384847640991211e+00
2.877213954925537109e+00
2.918737888336181641e+00
2.997303724288940430e+00
3.098308086395263672e+00
2.959867000579833984e+00
3.045192956924438477e+00
2.789844989776611328e+00
3.209653139114379883e+00
3.051355123519897461e+00
2.551084995269775391e+00
2.246119022369384766e+00
3.173719167709350586e+00
3.467237949371337891e+00
3.105512857437133789e+00
2.466037988662719727e+00
2.370568037033081055e+00
3.489719867706298828e+00
3.697308063507080078e+00
3.359375953674316406e+00
3.868581056594848633e+00
3.635888814926147461e+00
3.538311004638671875e+00
3.760749101638793945e+00
3.563985347747802734e+00
3.628412008285522461e+00
3.849495649337768555e+00
3.187819957733154297e+00
3.461466073989868164e+00
3.871910095214843750e+00
3.345083713531494141e+00
3.529870986938476562e+00
3.715973138809204102e+00
3.746323823928833008e+00
3.997292041778564453e+00
3.459215879440307617e+00
3.660599946975708008e+00
3.930972099304199219e+00
3.606566905975341797e+00
3.832444906234741211e+00
3.500375986099243164e+00
4.002243280410766602e+00
3.146785020828247070e+00
4.096947908401489258e+00
3.373854875564575195e+00
3.477641105651855469e+00
2.639685869216918945e+00
3.803449869155883789e+00
4.278870105743408203e+00
3.250115871429443359e+00
3.957639932632446289e+00
3.437902212142944336e+00
3.564173936843872070e+00
3.895091056823730469e+00
3.423144817352294922e+00
3.941174030303955078e+00
3.634748220443725586e+00
3.976494789123535156e+00
4.016107797622680664e+00
4.245639801025390625e+00
2.104716777801513672e+00
4.434025049209594727e+00
4.456696987152099609e+00
1.961347103118896484e+00
4.443108797073364258e+00
4.442908763885498047e+00
4.417552947998046875e+00
3.438794136047363281e+00
4.113126754760742188e+00
4.496484756469726562e+00
3.889225959777832031e+00
3.201650857925415039e+00
4.152071952819824219e+00
3.952677011489868164e+00
4.343652725219726562e+00
3.251149654388427734e+00
4.690987825393676758e+00
4.455812215805053711e+00
2.359972953796386719e+00
3.626926898956298828e+00
3.555455923080444336e+00
4.212234020233154297e+00
4.136826992034912109e+00
4.609593868255615234e+00
4.468435049057006836e+00
4.041076898574829102e+00
3.207696676254272461e+00
3.276745080947875977e+00
4.230908155441284180e+00
2.262299060821533203e+00
2.984956026077270508e+00
4.573462009429931641e+00
2.844748973846435547e+00
3.404520034790039062e+00
4.529272079467773438e+00
2.885597944259643555e+00
4.614727973937988281e+00
4.869048118591308594e+00
3.382917881011962891e+00
3.385063886642456055e+00
2.998349189758300781e+00
4.367388010025024414e+00
4.284431934356689453e+00
4.324841976165771484e+00
2.464332103729248047e+00
4.409296989440917969e+00
3.213393926620483398e+00
3.202455997467041016e+00
4.612287044525146484e+00
3.503318071365356445e+00
4.807612180709838867e+00
3.029300928115844727e+00
4.628337144851684570e+00
3.086315631866455078e+00
3.083368778228759766e+00
2.201484680175781250e+00
3.325436830520629883e+00
3.828556776046752930e+00
2.248373031616210938e+00
3.278612375259399414e+00
2.486839056015014648e+00
4.661046028137207031e+00
3.144680261611938477e+00
3.330135107040405273e+00
3.278252124786376953e+00
2.376834869384765625e+00
3.746565103530883789e+00
3.918375253677368164e+00
3.980946779251098633e+00
3.938301086425781250e+00
2.777438163757324219e+00
4.107430934906005859e+00
2.443919897079467773e+00
3.386267900466918945e+00
3.121783018112182617e+00
3.698483943939208984e+00
3.006915092468261719e+00
2.654932975769042969e+00
2.296352148056030273e+00
2.826510190963745117e+00
3.404167175292968750e+00
3.136811017990112305e+00
2.685029983520507812e+00
3.735094070434570312e+00
3.678482294082641602e+00
4.020678281784057617e+00
3.519765138626098633e+00
3.875375032424926758e+00
2.609503030776977539e+00
3.690666913986206055e+00
3.688855886459350586e+00
2.679744005203247070e+00
2.602785825729370117e+00
3.378994226455688477e+00
3.678339958190917969e+00
1.997215986251831055e+00
3.813138723373413086e+00
2.509564876556396484e+00
2.860082864761352539e+00
2.753323078155517578e+00
2.712830066680908203e+00
2.375406742095947266e+00
3.089810848236083984e+00
2.412212133407592773e+00
2.920885086059570312e+00
3.051014184951782227e+00
3.102223157882690430e+00
2.760086774826049805e+00
3.165854930877685547e+00
2.676141977310180664e+00
3.074605941772460938e+00
3.166501045227050781e+00
2.455470800399780273e+00
2.816824197769165039e+00
3.265632152557373047e+00
2.939053773880004883e+00
3.047161817550659180e+00
3.115550041198730469e+00
3.480128049850463867e+00
3.091587066650390625e+00
2.760798931121826172e+00
3.130983114242553711e+00
2.563201904296875000e+00
3.622417926788330078e+00
3.205693960189819336e+00
3.730296850204467773e+00
3.156203031539916992e+00
3.186379909515380859e+00
3.000870943069458008e+00
3.324688911437988281e+00
2.896631956100463867e+00
2.982966184616088867e+00
3.439058065414428711e+00
2.996721982955932617e+00
3.625617027282714844e+00
3.742201089859008789e+00
3.563197135925292969e+00
3.463859081268310547e+00
3.100123167037963867e+00
3.499201059341430664e+00
3.034014940261840820e+00
3.563429832458496094e+00
3.881285190582275391e+00
2.878860950469970703e+00
2.706321954727172852e+00
3.539249897003173828e+00
3.417702198028564453e+00
3.362039089202880859e+00
3.609188795089721680e+00
2.996319055557250977e+00
2.640531063079833984e+00
3.247109174728393555e+00
3.579179048538208008e+00
4.279599905014038086e+00
2.592040061950683594e+00
2.083144187927246094e+00
3.895686864852905273e+00
3.030863046646118164e+00
4.124440908432006836e+00
3.832476139068603516e+00
3.925575971603393555e+00
3.944755077362060547e+00
3.283725023269653320e+00
3.254963874816894531e+00
3.234107255935668945e+00
3.625690937042236328e+00
3.810228109359741211e+00
3.978025913238525391e+00
4.136092901229858398e+00
4.538654088973999023e+00
4.001822233200073242e+00
3.283960103988647461e+00
3.270725011825561523e+00
2.826233148574829102e+00
2.970666885375976562e+00
3.602751970291137695e+00
3.071206808090209961e+00
3.448035240173339844e+00
2.961701869964599609e+00
3.665983200073242188e+00
2.991419076919555664e+00
3.736994743347167969e+00
3.703594923019409180e+00
3.163090944290161133e+00
3.178640127182006836e+00
3.761948823928833008e+00
3.900762081146240234e+00
3.247514963150024414e+00
3.527474880218505859e+00
3.008976221084594727e+00
3.001658201217651367e+00
3.991185903549194336e+00
3.492459058761596680e+00
2.656579732894897461e+00
3.828190088272094727e+00
3.101621866226196289e+00
4.039906978607177734e+00
3.936326980590820312e+00
2.944610834121704102e+00
4.076049327850341797e+00
3.979830980300903320e+00
3.539121866226196289e+00
3.564805984497070312e+00
3.056098937988281250e+00
3.754714012145996094e+00
3.420794725418090820e+00
3.103534936904907227e+00
4.053433179855346680e+00
3.720997095108032227e+00
2.668382883071899414e+00
4.419138669967651367e+00
3.320120811462402344e+00
4.160923004150390625e+00
3.296202898025512695e+00
3.690110206604003906e+00
3.051526069641113281e+00
3.356422901153564453e+00
3.298000097274780273e+00
4.234468698501586914e+00
3.001340866088867188e+00
3.497615814208984375e+00
3.289273023605346680e+00
3.561490774154663086e+00
4.369810819625854492e+00
4.307796955108642578e+00
2.870047807693481445e+00
3.149284124374389648e+00
3.394062995910644531e+00
3.581241130828857422e+00
3.080940961837768555e+00
2.798024177551269531e+00
2.907694816589355469e+00
2.728963136672973633e+00
2.218944072723388672e+00
4.423346042633056641e+00
3.514921188354492188e+00
3.159576654434204102e+00
3.044845104217529297e+00
3.755626916885375977e+00
3.443758249282836914e+00
3.944857120513916016e+00
3.593611717224121094e+00
3.132450819015502930e+00
2.921270847320556641e+00
3.464817047119140625e+00
3.257938861846923828e+00
2.680342912673950195e+00
4.091100931167602539e+00
4.675582885742187500e+00
2.721321105957031250e+00
3.106626033782958984e+00
3.516618967056274414e+00
2.653011322021484375e+00
4.241370916366577148e+00
4.109475851058959961e+00
5.247687339782714844e+00
3.474879026412963867e+00
4.522650003433227539e+00
4.427240848541259766e+00
2.528254985809326172e+00
3.148354768753051758e+00
3.698556900024414062e+00
3.672784805297851562e+00
2.830361127853393555e+00
2.864175796508789062e+00
4.457326173782348633e+00
3.164793014526367188e+00
2.794980287551879883e+00
2.329149961471557617e+00
2.975191116333007812e+00
2.769057035446166992e+00
3.420775890350341797e+00
2.922768831253051758e+00
3.497596979141235352e+00
3.109195947647094727e+00
2.993798971176147461e+00
3.369585037231445312e+00
3.586608171463012695e+00
3.718146085739135742e+00
3.184209108352661133e+00
2.941813945770263672e+00
2.931225061416625977e+00
2.667655944824218750e+00
3.223468065261840820e+00
3.115748643875122070e+00
3.349740028381347656e+00
3.041422843933105469e+00
3.831800937652587891e+00
3.058669090270996094e+00
3.460069179534912109e+00
2.700120925903320312e+00
3.158613204956054688e+00
3.369079113006591797e+00
3.207989931106567383e+00
3.230875015258789062e+00
3.190596818923950195e+00
3.186029672622680664e+00
3.228492736816406250e+00
2.828862190246582031e+00
2.887294054031372070e+00
3.322416782379150391e+00
2.936546087265014648e+00
3.349159955978393555e+00
3.439486980438232422e+00
2.841932058334350586e+00
3.858261108398437500e+00
2.567330121994018555e+00
2.929858922958374023e+00
2.967864036560058594e+00
3.414447069168090820e+00
2.329105854034423828e+00
2.998165607452392578e+00
3.151460886001586914e+00
3.296767950057983398e+00
2.815242052078247070e+00
3.637358903884887695e+00
3.598984003067016602e+00
4.219846010208129883e+00
2.149670839309692383e+00
2.957859992980957031e+00
4.021975040435791016e+00
3.781668901443481445e+00
3.256950855255126953e+00
3.248461008071899414e+00
3.671378850936889648e+00
3.034962177276611328e+00
4.211776971817016602e+00
3.929266929626464844e+00
3.077196121215820312e+00
3.308696031570434570e+00
3.387002229690551758e+00
2.693209886550903320e+00
3.088440895080566406e+00
3.277376890182495117e+00
3.383535861968994141e+00
3.363327026367187500e+00
3.338403224945068359e+00
3.474395751953125000e+00
3.525440931320190430e+00
3.274701118469238281e+00
3.738395929336547852e+00
3.325816154479980469e+00
3.758074283599853516e+00
3.675054788589477539e+00
4.774895191192626953e+00
4.714050054550170898e+00
3.775151968002319336e+00
3.602025032043457031e+00
2.707674026489257812e+00
3.980531215667724609e+00
3.673624038696289062e+00
2.959233999252319336e+00
4.365821838378906250e+00
2.897840261459350586e+00
4.137546062469482422e+00
2.460754156112670898e+00
3.855773925781250000e+00
3.825485229492187500e+00
4.058845281600952148e+00
3.364517927169799805e+00
3.065617084503173828e+00
3.469821929931640625e+00
4.000940084457397461e+00
3.082118272781372070e+00
4.307127952575683594e+00
4.032896995544433594e+00
2.823262929916381836e+00
4.269144058227539062e+00
2.690991163253784180e+00
3.055186271667480469e+00
4.349325895309448242e+00
3.754954099655151367e+00
3.934784173965454102e+00
4.388833045959472656e+00
3.274179697036743164e+00
2.717019081115722656e+00
4.358315944671630859e+00
3.408457040786743164e+00
3.395585060119628906e+00
4.059505939483642578e+00
4.505023002624511719e+00
3.273521900177001953e+00
3.159228801727294922e+00
3.407254934310913086e+00
3.479451179504394531e+00
3.291499137878417969e+00
3.447309970855712891e+00
3.468160152435302734e+00
5.782662868499755859e+00
3.381490945816040039e+00
3.499931812286376953e+00
3.611300945281982422e+00
3.545816183090209961e+00
3.712022066116333008e+00
4.294849157333374023e+00
3.549447059631347656e+00
3.262195825576782227e+00
4.414589881896972656e+00
3.688251256942749023e+00
4.364962100982666016e+00
3.839031934738159180e+00
3.535026311874389648e+00
3.175933837890625000e+00
3.647884130477905273e+00
3.525723934173583984e+00
3.619769096374511719e+00
3.748790025711059570e+00
3.611132144927978516e+00
3.428644180297851562e+00
2.676992893218994141e+00
3.832799911499023438e+00
3.533925771713256836e+00
4.696974754333496094e+00
4.004479885101318359e+00
4.027044057846069336e+00
2.594736099243164062e+00
3.064877271652221680e+00
3.518673181533813477e+00
3.689005136489868164e+00
2.879802227020263672e+00
3.966469764709472656e+00
3.890727758407592773e+00
3.655496120452880859e+00
2.689714908599853516e+00
3.914206981658935547e+00
3.551272153854370117e+00
3.350641012191772461e+00
3.075102090835571289e+00
3.078835964202880859e+00
3.449931859970092773e+00
4.222003936767578125e+00
2.238675355911254883e+00
3.846910953521728516e+00
4.513983964920043945e+00
3.787173986434936523e+00
3.951376914978027344e+00
3.984220981597900391e+00
3.869296789169311523e+00
3.005379199981689453e+00
3.133080959320068359e+00
4.090147256851196289e+00
2.720293998718261719e+00
2.676033973693847656e+00
3.992351055145263672e+00
3.633817195892333984e+00
2.493351936340332031e+00
3.768880844116210938e+00
3.392984151840209961e+00
3.498541116714477539e+00
3.733289957046508789e+00
3.031809091567993164e+00
3.651244878768920898e+00
2.852494001388549805e+00
3.790215969085693359e+00
3.756245851516723633e+00
3.039241790771484375e+00
3.599910259246826172e+00
3.342392206192016602e+00
2.568750858306884766e+00
3.820151090621948242e+00
2.634374141693115234e+00
4.067723035812377930e+00
3.919752120971679688e+00
2.848955154418945312e+00
3.267151832580566406e+00
4.042306661605834961e+00
4.047169923782348633e+00
3.365171909332275391e+00
2.938259840011596680e+00
2.354428291320800781e+00
3.569298028945922852e+00
3.334480047225952148e+00
4.292635679244995117e+00
2.852299928665161133e+00
2.827304840087890625e+00
4.106061220169067383e+00
2.942975044250488281e+00
2.740138769149780273e+00
3.053436994552612305e+00
2.824097871780395508e+00
3.028553009033203125e+00
3.116511106491088867e+00
3.635202169418334961e+00
2.761363029479980469e+00
3.429883003234863281e+00
2.959847927093505859e+00
3.767943859100341797e+00
3.339562892913818359e+00
2.416851997375488281e+00
3.631557226181030273e+00
3.106086730957031250e+00
3.616584062576293945e+00
3.065817117691040039e+00
2.794276714324951172e+00
3.313635826110839844e+00
4.260954856872558594e+00
2.871842861175537109e+00
3.250187873840332031e+00
3.426949024200439453e+00
3.119818925857543945e+00
3.364591121673583984e+00
2.575927019119262695e+00
2.753209114074707031e+00
2.435612916946411133e+00
3.117854356765747070e+00
3.232229948043823242e+00
3.214015007019042969e+00
2.599416971206665039e+00
2.855675220489501953e+00
2.397660970687866211e+00
3.200964212417602539e+00
3.179804801940917969e+00
2.768602848052978516e+00
3.220024824142456055e+00
3.559944868087768555e+00
3.651032686233520508e+00
3.031419992446899414e+00
3.397205591201782227e+00
3.613178968429565430e+00
2.740947008132934570e+00
2.736063957214355469e+00
2.720221281051635742e+00
2.977390766143798828e+00
3.091209888458251953e+00
2.597749948501586914e+00
3.132944107055664062e+00
3.151992082595825195e+00
3.142622232437133789e+00
2.710589885711669922e+00
3.015972137451171875e+00
2.996340990066528320e+00
3.041332960128784180e+00
2.729271888732910156e+00
3.683101892471313477e+00
3.503067016601562500e+00
3.046161174774169922e+00
2.724385976791381836e+00
2.991391181945800781e+00
2.610810279846191406e+00
3.059153318405151367e+00
2.443748235702514648e+00
3.296474933624267578e+00
2.805566072463989258e+00
3.514154195785522461e+00
2.234136819839477539e+00
2.869194030761718750e+00
2.514105081558227539e+00
3.821458816528320312e+00
2.936006784439086914e+00
3.296123027801513672e+00
2.864059925079345703e+00
3.930952072143554688e+00
2.927558183670043945e+00
4.031481981277465820e+00
3.352864980697631836e+00
3.029077053070068359e+00
2.840276002883911133e+00
4.158051967620849609e+00
2.702121973037719727e+00
3.590070009231567383e+00
3.671029806137084961e+00
3.091700077056884766e+00
3.322470188140869141e+00
2.790967702865600586e+00
2.784670114517211914e+00
3.067473888397216797e+00
3.450300931930541992e+00
3.203248023986816406e+00
3.540086984634399414e+00
3.208709001541137695e+00
2.802083730697631836e+00
3.342152833938598633e+00
2.992267847061157227e+00
3.174927949905395508e+00
4.059586048126220703e+00
3.612636804580688477e+00
2.861992120742797852e+00
3.084548234939575195e+00
3.112003087997436523e+00
3.691633224487304688e+00
3.499331951141357422e+00
2.775021076202392578e+00
3.071451902389526367e+00
3.811403989791870117e+00
2.938451051712036133e+00
3.203030109405517578e+00
3.463812112808227539e+00
3.873403787612915039e+00
2.005451202392578125e+00
3.118102073669433594e+00
3.717050313949584961e+00
2.444488048553466797e+00
3.010854005813598633e+00
2.564731121063232422e+00
3.018446922302246094e+00
3.474268913269042969e+00
2.594397068023681641e+00
3.072998046875000000e+00
3.053186893463134766e+00
3.736186265945434570e+00
3.167973279953002930e+00
2.971421957015991211e+00
3.460430622100830078e+00
3.317196846008300781e+00
2.674242019653320312e+00
3.410936117172241211e+00
3.705708026885986328e+00
4.070888996124267578e+00
3.795247077941894531e+00
3.428233861923217773e+00
4.466474056243896484e+00
4.077958822250366211e+00
2.505943059921264648e+00
3.330703020095825195e+00
2.999945878982543945e+00
3.959840059280395508e+00
3.034408807754516602e+00
2.591084957122802734e+00
4.252961874008178711e+00
4.053724050521850586e+00
3.817055225372314453e+00
3.660796880722045898e+00
3.081934928894042969e+00
3.088883161544799805e+00
3.119603872299194336e+00
3.221729755401611328e+00
4.955626010894775391e+00
3.594260931015014648e+00
3.590893030166625977e+00
3.053985118865966797e+00
5.116708993911743164e+00
3.519486904144287109e+00
3.017845153808593750e+00
3.411972761154174805e+00
3.723528861999511719e+00
3.742021083831787109e+00
3.078355073928833008e+00
3.466517925262451172e+00
3.510267972946166992e+00
3.387588024139404297e+00
3.204326152801513672e+00
3.543033123016357422e+00
3.553295850753784180e+00
2.855413198471069336e+00
3.232860803604125977e+00
4.455997943878173828e+00
3.591987848281860352e+00
3.242707967758178711e+00
3.763607740402221680e+00
4.586465835571289062e+00
2.776311159133911133e+00
4.052237033843994141e+00
2.868853092193603516e+00
3.105920076370239258e+00
3.469274044036865234e+00
3.055294990539550781e+00
3.365532875061035156e+00
3.485476732254028320e+00
4.027886867523193359e+00
3.307521104812622070e+00
2.610875129699707031e+00
3.519922971725463867e+00
3.332772016525268555e+00
3.697404861450195312e+00
4.144305944442749023e+00
3.571981191635131836e+00
3.784742116928100586e+00
4.119026899337768555e+00
3.778092145919799805e+00
3.332897663116455078e+00
4.557895183563232422e+00
3.037094831466674805e+00
3.709190845489501953e+00
3.712648868560791016e+00
3.101270198822021484e+00
3.799000978469848633e+00
3.798256874084472656e+00
2.704645872116088867e+00
2.829091072082519531e+00
4.274338960647583008e+00
3.097280025482177734e+00
4.268600225448608398e+00
3.708467960357666016e+00
3.316938877105712891e+00
2.876467227935791016e+00
3.352618932723999023e+00
4.105365991592407227e+00
3.915622949600219727e+00
3.084772109985351562e+00
3.901530981063842773e+00
3.925298929214477539e+00
2.924242019653320312e+00
4.087009191513061523e+00
4.058472871780395508e+00
3.316026926040649414e+00
3.949200868606567383e+00
3.550754070281982422e+00
4.126702070236206055e+00
4.158778190612792969e+00
3.138359785079956055e+00
3.609022140502929688e+00
3.846572160720825195e+00
3.769077062606811523e+00
3.782560110092163086e+00
3.632497072219848633e+00
4.152027845382690430e+00
3.852174043655395508e+00
3.778695821762084961e+00
4.113007068634033203e+00
3.385498285293579102e+00
4.017775058746337891e+00
4.055109977722167969e+00
3.045112133026123047e+00
4.583218812942504883e+00
3.534322023391723633e+00
3.616974830627441406e+00
3.489434957504272461e+00
3.160120248794555664e+00
3.816125154495239258e+00
2.955260992050170898e+00
2.777000904083251953e+00
3.569254875183105469e+00
3.170898199081420898e+00
2.719485044479370117e+00
3.209634780883789062e+00
3.014941215515136719e+00
4.087528944015502930e+00
2.188031435012817383e+00
3.417653083801269531e+00
3.433332920074462891e+00
2.523025035858154297e+00
5.131754159927368164e+00
4.311233997344970703e+00
4.180528879165649414e+00
4.487968921661376953e+00
2.332189798355102539e+00
3.816195011138916016e+00
3.607409954071044922e+00
3.020034074783325195e+00
3.017200946807861328e+00
2.625804185867309570e+00
2.639961242675781250e+00
2.653785943984985352e+00
3.301137924194335938e+00
2.782793998718261719e+00
2.823178052902221680e+00
3.703738212585449219e+00
2.864974975585937500e+00
3.502614974975585938e+00
3.025272846221923828e+00
2.589310884475708008e+00
3.916634321212768555e+00
2.572991847991943359e+00
3.455070972442626953e+00
3.493265151977539062e+00
3.491415977478027344e+00
3.841785669326782227e+00
3.270408868789672852e+00
4.410752058029174805e+00
3.284577846527099609e+00
2.531790971755981445e+00
3.639543771743774414e+00
4.434563875198364258e+00
3.071704864501953125e+00
3.555341005325317383e+00
3.181854009628295898e+00
2.818948030471801758e+00
4.204245805740356445e+00
3.438719034194946289e+00
3.535425186157226562e+00
3.356842994689941406e+00
3.974329233169555664e+00
1.818610191345214844e+00
3.003104925155639648e+00
3.346170186996459961e+00
3.817608118057250977e+00
3.566158771514892578e+00
3.175830125808715820e+00
4.092383861541748047e+00
3.227147102355957031e+00
3.909185886383056641e+00
3.047760725021362305e+00
3.760956287384033203e+00
3.053105831146240234e+00
4.673850059509277344e+00
3.222192049026489258e+00
3.419704914093017578e+00
3.150159120559692383e+00
3.407660961151123047e+00
3.327027082443237305e+00
3.332348108291625977e+00
3.324631214141845703e+00
3.445674657821655273e+00
2.843214273452758789e+00
2.682737827301025391e+00
3.222718238830566406e+00
3.367341279983520508e+00
3.032886028289794922e+00
2.995455026626586914e+00
4.317769050598144531e+00
3.304818153381347656e+00
2.723410129547119141e+00
3.210164070129394531e+00
3.513954162597656250e+00
3.239555120468139648e+00
4.075142145156860352e+00
3.145500898361206055e+00
3.164029836654663086e+00
2.906674861907958984e+00
2.849079847335815430e+00
2.648621082305908203e+00
3.624121189117431641e+00
4.574630975723266602e+00
3.440459966659545898e+00
3.438477277755737305e+00
3.403457880020141602e+00
3.544000864028930664e+00
3.339207172393798828e+00
4.231822967529296875e+00
3.108518123626708984e+00
3.696511268615722656e+00
3.085402965545654297e+00
3.455075979232788086e+00
3.579281806945800781e+00
2.754868030548095703e+00
3.391655921936035156e+00
3.319953203201293945e+00
2.593294143676757812e+00
3.739871978759765625e+00
2.720729112625122070e+00
3.045561790466308594e+00
3.960788011550903320e+00
4.520113945007324219e+00
2.477367162704467773e+00
3.930516242980957031e+00
3.845803022384643555e+00
4.219226837158203125e+00
3.996713876724243164e+00
3.296618938446044922e+00
2.854523181915283203e+00
3.273857116699218750e+00
3.425595998764038086e+00
2.888612985610961914e+00
4.003784894943237305e+00
5.188786029815673828e+00
3.570080995559692383e+00
3.300763130187988281e+00
4.067443132400512695e+00
2.317375898361206055e+00
4.247258186340332031e+00
3.406626701354980469e+00
2.902024984359741211e+00
4.401556968688964844e+00
3.475023031234741211e+00
3.377734184265136719e+00
3.144896984100341797e+00
3.055606126785278320e+00
4.772888183593750000e+00
4.014813899993896484e+00
3.604685068130493164e+00
3.127035140991210938e+00
3.141890048980712891e+00
2.638715744018554688e+00
2.999298095703125000e+00
3.356492996215820312e+00
3.172116994857788086e+00
3.109151124954223633e+00
3.710097074508666992e+00
4.385293245315551758e+00
2.575906991958618164e+00
3.115096092224121094e+00
2.545530080795288086e+00
4.248964071273803711e+00
2.712685108184814453e+00
2.689833879470825195e+00
3.339957952499389648e+00
3.249520063400268555e+00
3.194898843765258789e+00
3.381603717803955078e+00
2.717052936553955078e+00
2.564021110534667969e+00
3.371928215026855469e+00
3.475945234298706055e+00
3.204014778137207031e+00
3.884892225265502930e+00
3.028630971908569336e+00
3.531600952148437500e+00
4.516054868698120117e+00
4.174652099609375000e+00
3.122944116592407227e+00
3.932386159896850586e+00
2.877581119537353516e+00
2.028919935226440430e+00
3.874249219894409180e+00
4.281340122222900391e+00
2.660984992980957031e+00
2.783611059188842773e+00
3.087719917297363281e+00
2.856094360351562500e+00
4.285243272781372070e+00
2.970903873443603516e+00
4.323646306991577148e+00
3.386338710784912109e+00
3.497087955474853516e+00
3.049621105194091797e+00
3.940455913543701172e+00
4.477877140045166016e+00
2.584114074707031250e+00
3.404195785522460938e+00
3.170136928558349609e+00
3.371683120727539062e+00
3.350659847259521484e+00
3.896541833877563477e+00
4.257024049758911133e+00
2.614185094833374023e+00
3.480271816253662109e+00
3.653540849685668945e+00
3.095887899398803711e+00
4.372825145721435547e+00
2.541490077972412109e+00
3.233596086502075195e+00
4.029708862304687500e+00
3.707117080688476562e+00
2.701281070709228516e+00
3.743381023406982422e+00
3.765604734420776367e+00
3.413218021392822266e+00
2.515009880065917969e+00
3.797506093978881836e+00
2.551147699356079102e+00
2.926982164382934570e+00
2.643918037414550781e+00
2.729720115661621094e+00
2.541615962982177734e+00
2.891969203948974609e+00
2.858996868133544922e+00
3.138589859008789062e+00
3.393510818481445312e+00
2.903831958770751953e+00
2.971830129623413086e+00
2.475759029388427734e+00
3.130010128021240234e+00
3.088108062744140625e+00
3.995197772979736328e+00
3.851869821548461914e+00
4.213922977447509766e+00
2.298602342605590820e+00
3.092708826065063477e+00
4.267508029937744141e+00
3.748814821243286133e+00
3.232947826385498047e+00
3.346032142639160156e+00
4.123885154724121094e+00
4.355434656143188477e+00
3.115216255187988281e+00
4.457441091537475586e+00
4.230654001235961914e+00
4.349587917327880859e+00
4.176156997680664062e+00
3.924206733703613281e+00
3.554633140563964844e+00
3.497434139251708984e+00
4.458450078964233398e+00
2.971876859664916992e+00
3.888412952423095703e+00
3.440643072128295898e+00
2.869438886642456055e+00
4.559729814529418945e+00
3.221318960189819336e+00
3.153603076934814453e+00
2.901230096817016602e+00
3.014168024063110352e+00
3.717450857162475586e+00
3.231699943542480469e+00
4.321446895599365234e+00
3.512407064437866211e+00
2.898750066757202148e+00
4.432171821594238281e+00
4.494727849960327148e+00
3.542897939682006836e+00
4.635535955429077148e+00
4.886914968490600586e+00
3.112292051315307617e+00
3.346150159835815430e+00
3.772528171539306641e+00
3.613693237304687500e+00
5.001415967941284180e+00
4.838572025299072266e+00
3.484768867492675781e+00
3.253297090530395508e+00
2.408453226089477539e+00
3.339720964431762695e+00
3.490495204925537109e+00
3.345805168151855469e+00
3.461720228195190430e+00
5.136512994766235352e+00
3.524942874908447266e+00
3.313424110412597656e+00
3.459256887435913086e+00
3.335202932357788086e+00
3.133843898773193359e+00
2.953024148941040039e+00
3.443884134292602539e+00
4.567134141921997070e+00
3.058120012283325195e+00
3.228097915649414062e+00
3.416274785995483398e+00
4.731942892074584961e+00
3.038491964340209961e+00
3.199990034103393555e+00
3.510765790939331055e+00
3.093153715133666992e+00
4.405210018157958984e+00
3.056974887847900391e+00
4.180049180984497070e+00
3.477910995483398438e+00
3.615185976028442383e+00
3.339714765548706055e+00
2.985110044479370117e+00
4.405137777328491211e+00
2.898204088211059570e+00
3.530239105224609375e+00
3.814697980880737305e+00
3.658558845520019531e+00
3.321756124496459961e+00
3.956346988677978516e+00
3.672566890716552734e+00
4.039499044418334961e+00
2.885228872299194336e+00
3.978492736816406250e+00
5.358426094055175781e+00
3.673228025436401367e+00
3.703106880187988281e+00
3.683006048202514648e+00
2.587507963180541992e+00
3.694015026092529297e+00
3.063998937606811523e+00
3.672593116760253906e+00
3.807713031768798828e+00
3.671482801437377930e+00
2.892467975616455078e+00
3.172464847564697266e+00
3.771126985549926758e+00
3.202389001846313477e+00
3.120317935943603516e+00
3.685719013214111328e+00
3.757236003875732422e+00
3.424096822738647461e+00
3.588746070861816406e+00
4.971529960632324219e+00
3.581933975219726562e+00
3.436944007873535156e+00
4.717740774154663086e+00
4.381912946701049805e+00
4.322171211242675781e+00
1.984041929244995117e+00
2.726376056671142578e+00
3.435644865036010742e+00
3.970585107803344727e+00
3.879981994628906250e+00
4.444370985031127930e+00
2.811866998672485352e+00
3.076748847961425781e+00
3.181246042251586914e+00
2.109530925750732422e+00
4.729801177978515625e+00
3.627032041549682617e+00
3.769672870635986328e+00
4.687699317932128906e+00
3.105960845947265625e+00
2.711159706115722656e+00
3.178274869918823242e+00
2.524256944656372070e+00
3.666208028793334961e+00
2.227377891540527344e+00
3.711420059204101562e+00
3.936487913131713867e+00
3.336498975753784180e+00
4.025412797927856445e+00
3.332741260528564453e+00
2.696782112121582031e+00
3.713402986526489258e+00
4.207053184509277344e+00
4.181418895721435547e+00
3.475847959518432617e+00
4.740427017211914062e+00
3.363333940505981445e+00
3.597481966018676758e+00
2.345061063766479492e+00
3.056325912475585938e+00
2.155478954315185547e+00
3.079490661621093750e+00
3.289405107498168945e+00
4.167084932327270508e+00
3.122484922409057617e+00
2.787737131118774414e+00
2.690627813339233398e+00
2.928350925445556641e+00
3.255291223526000977e+00
2.199846982955932617e+00
3.854536294937133789e+00
3.394283056259155273e+00
2.741625070571899414e+00
3.145927906036376953e+00
2.319611072540283203e+00
2.823322057723999023e+00
3.200929164886474609e+00
4.186280250549316406e+00
3.139998912811279297e+00
4.043791055679321289e+00
2.791537284851074219e+00
3.030886888504028320e+00
2.780127048492431641e+00
3.078521013259887695e+00
2.991276979446411133e+00
2.425764083862304688e+00
2.656572818756103516e+00
3.684476852416992188e+00
3.542804956436157227e+00
3.259297132492065430e+00
2.445832967758178711e+00
3.316488027572631836e+00
2.751539945602416992e+00
3.854820013046264648e+00
2.796873331069946289e+00
3.121361255645751953e+00
3.311403989791870117e+00
2.726511001586914062e+00
2.967020034790039062e+00
3.503385305404663086e+00
2.946707963943481445e+00
3.118414163589477539e+00
3.303344011306762695e+00
3.064826011657714844e+00
2.795232772827148438e+00
3.177147150039672852e+00
3.238310813903808594e+00
3.250572204589843750e+00
2.875023126602172852e+00
3.393545866012573242e+00
3.130607843399047852e+00
2.185420036315917969e+00
3.928510189056396484e+00
3.262870073318481445e+00
3.223706960678100586e+00
2.606185913085937500e+00
2.208305835723876953e+00
3.323944807052612305e+00
3.291772127151489258e+00
2.772849082946777344e+00
3.249903917312622070e+00
3.721832990646362305e+00
3.524861097335815430e+00
2.807837963104248047e+00
4.437370777130126953e+00
2.790225982666015625e+00
2.894025087356567383e+00
2.878849029541015625e+00
2.894992113113403320e+00
2.681698083877563477e+00
3.356095075607299805e+00
2.955606937408447266e+00
3.363046884536743164e+00
3.919147968292236328e+00
3.877298831939697266e+00
4.081363916397094727e+00
4.087769031524658203e+00
3.147013902664184570e+00
3.001875877380371094e+00
2.859506130218505859e+00
2.430031776428222656e+00
3.239167928695678711e+00
3.188553094863891602e+00
3.666473865509033203e+00
3.201184034347534180e+00
3.443415164947509766e+00
3.957736015319824219e+00
3.966605901718139648e+00
4.749971866607666016e+00
3.644917964935302734e+00
3.441895961761474609e+00
4.190429210662841797e+00
3.390919923782348633e+00
3.414837837219238281e+00
4.451958179473876953e+00
4.682257890701293945e+00
4.128271818161010742e+00
4.950363874435424805e+00
4.946783065795898438e+00
3.273429870605468750e+00
4.042085170745849609e+00
3.010238885879516602e+00
3.317474126815795898e+00
3.198074817657470703e+00
3.795933961868286133e+00
4.171014070510864258e+00
3.360262870788574219e+00
4.323087930679321289e+00
4.256666183471679688e+00
4.269894838333129883e+00
4.348352909088134766e+00
4.187417984008789062e+00
4.583388090133666992e+00
3.221121072769165039e+00
3.512345075607299805e+00
4.386139869689941406e+00
3.776524066925048828e+00
4.803182125091552734e+00
4.362093210220336914e+00
3.509484052658081055e+00
3.014327049255371094e+00
4.362999200820922852e+00
4.916652917861938477e+00
4.419173955917358398e+00
4.537888050079345703e+00
5.276823043823242188e+00
5.392524003982543945e+00
5.381494998931884766e+00
2.984360933303833008e+00
3.160615205764770508e+00
4.557312965393066406e+00
3.203680992126464844e+00
4.559417247772216797e+00
3.876885890960693359e+00
3.054801225662231445e+00
5.367594003677368164e+00
2.969571113586425781e+00
4.675720214843750000e+00
5.359384775161743164e+00
5.170342922210693359e+00
4.428431987762451172e+00
3.904560089111328125e+00
4.676318883895874023e+00
3.963451862335205078e+00
3.889401197433471680e+00
3.459416866302490234e+00
5.266685962677001953e+00
4.033367156982421875e+00
5.282056093215942383e+00
4.776022195816040039e+00
4.273372173309326172e+00
4.239470958709716797e+00
4.083245992660522461e+00
4.529654979705810547e+00
3.602037906646728516e+00
4.283399105072021484e+00
3.871607065200805664e+00
3.496771097183227539e+00
4.268696069717407227e+00
3.719419956207275391e+00
3.399150848388671875e+00
3.625863790512084961e+00
4.776618957519531250e+00
4.589228153228759766e+00
3.795435190200805664e+00
3.088229179382324219e+00
5.278305768966674805e+00
3.938572168350219727e+00
4.526257991790771484e+00
3.656543970108032227e+00
3.018597126007080078e+00
5.448828935623168945e+00
4.266645908355712891e+00
3.367257833480834961e+00
5.881139039993286133e+00
5.140913009643554688e+00
3.148731231689453125e+00
4.096530914306640625e+00
4.923914909362792969e+00
4.128709793090820312e+00
5.611917018890380859e+00
3.921776056289672852e+00
3.470649957656860352e+00
3.631998062133789062e+00
2.803002834320068359e+00
3.791045904159545898e+00
4.565201044082641602e+00
3.513306856155395508e+00
3.857949018478393555e+00
2.378149271011352539e+00
3.831474065780639648e+00
4.147139072418212891e+00
3.583783864974975586e+00
3.159692049026489258e+00
4.711328983306884766e+00
2.863015174865722656e+00
3.416754961013793945e+00
4.424719095230102539e+00
4.388836145401000977e+00
4.302759170532226562e+00
4.046926736831665039e+00
4.446586132049560547e+00
2.945010900497436523e+00
3.823987007141113281e+00
4.523081064224243164e+00
3.584987163543701172e+00
4.523604869842529297e+00
4.392961025238037109e+00
4.204447031021118164e+00
3.598747253417968750e+00
4.561991930007934570e+00
2.618131875991821289e+00
6.324201107025146484e+00
4.136142730712890625e+00
3.398189783096313477e+00
2.988912105560302734e+00
3.212689161300659180e+00
3.745674848556518555e+00
5.226124048233032227e+00
4.367783069610595703e+00
5.881088972091674805e+00
3.179987907409667969e+00
3.714839220046997070e+00
2.551637172698974609e+00
4.727973699569702148e+00
2.551895141601562500e+00
3.126246213912963867e+00
4.894284963607788086e+00
3.144828081130981445e+00
3.843964338302612305e+00
3.509600877761840820e+00
3.215157032012939453e+00
2.991317033767700195e+00
3.110587835311889648e+00
4.397989749908447266e+00
5.869035959243774414e+00
2.576197862625122070e+00
4.174370050430297852e+00
2.640803813934326172e+00
3.481620311737060547e+00
3.355813264846801758e+00
3.083651065826416016e+00
3.365676164627075195e+00
2.989313125610351562e+00
2.907942295074462891e+00
5.057289123535156250e+00
3.142535209655761719e+00
2.955248117446899414e+00
3.144495248794555664e+00
3.039163112640380859e+00
2.992523908615112305e+00
3.654404878616333008e+00
3.102432966232299805e+00
3.176459074020385742e+00
3.093499898910522461e+00
2.832888841629028320e+00
4.686364889144897461e+00
4.035634279251098633e+00
4.325442790985107422e+00
3.266875028610229492e+00
3.271527767181396484e+00
3.045511960983276367e+00
4.069790124893188477e+00
3.354327917098999023e+00
4.124583005905151367e+00
2.775264978408813477e+00
2.528098106384277344e+00
3.308153152465820312e+00
4.683056831359863281e+00
2.864594936370849609e+00
4.044212102890014648e+00
3.236961841583251953e+00
4.031485319137573242e+00
2.717948198318481445e+00
2.537264823913574219e+00
3.324743270874023438e+00
2.806181907653808594e+00
2.999192953109741211e+00
3.647274017333984375e+00
2.996722221374511719e+00
2.076709270477294922e+00
3.070101976394653320e+00
3.382095813751220703e+00
3.246977090835571289e+00
3.317840814590454102e+00
3.542387962341308594e+00
3.577384948730468750e+00
3.250097990036010742e+00
2.969001054763793945e+00
3.371755123138427734e+00
2.989506959915161133e+00
3.187870979309082031e+00
3.415311813354492188e+00
2.340131044387817383e+00
2.799556970596313477e+00
3.465602159500122070e+00
3.545500755310058594e+00
2.933697700500488281e+00
3.248369932174682617e+00
3.638984203338623047e+00
3.717851877212524414e+00
3.633206844329833984e+00
3.213112115859985352e+00
3.752893209457397461e+00
3.236903905868530273e+00
2.669232845306396484e+00
3.761875867843627930e+00
3.134734869003295898e+00
3.114540100097656250e+00
3.593674421310424805e+00
4.025452136993408203e+00
3.894819736480712891e+00
2.895461797714233398e+00
3.795183181762695312e+00
3.906404972076416016e+00
4.256597995758056641e+00
3.630740880966186523e+00
3.611597061157226562e+00
3.591620922088623047e+00
3.224054813385009766e+00
3.943778991699218750e+00
3.302746772766113281e+00
4.423279285430908203e+00
3.766361713409423828e+00
3.976870775222778320e+00
2.847216129302978516e+00
3.192551136016845703e+00
3.921339750289916992e+00
3.493391752243041992e+00
3.582353830337524414e+00
2.864983081817626953e+00
3.064858913421630859e+00
3.248578071594238281e+00
3.477792978286743164e+00
4.719518899917602539e+00
3.793593883514404297e+00
3.769402265548706055e+00
4.186014175415039062e+00
4.704994678497314453e+00
4.323127985000610352e+00
3.299773931503295898e+00
3.445173978805541992e+00
3.820016145706176758e+00
3.728771924972534180e+00
2.930562973022460938e+00
4.899698972702026367e+00
4.855449199676513672e+00
3.230116128921508789e+00
3.234978914260864258e+00
3.490440130233764648e+00
3.528088092803955078e+00
2.832624912261962891e+00
3.587348937988281250e+00
4.053164005279541016e+00
3.817575931549072266e+00
3.268771886825561523e+00
3.474525928497314453e+00
5.105434179306030273e+00
2.965718030929565430e+00
3.382862806320190430e+00
3.055716037750244141e+00
2.931038141250610352e+00
3.586493968963623047e+00
3.453880071640014648e+00
4.232256174087524414e+00
3.625565052032470703e+00
4.326112031936645508e+00
3.733002185821533203e+00
4.218344926834106445e+00
4.250477075576782227e+00
3.110232830047607422e+00
4.107499122619628906e+00
3.730330705642700195e+00
3.734806060791015625e+00
5.659142017364501953e+00
3.969826936721801758e+00
3.082056045532226562e+00
4.073879003524780273e+00
3.362058877944946289e+00
3.415604829788208008e+00
3.579298019409179688e+00
4.419213771820068359e+00
4.115864038467407227e+00
4.348335027694702148e+00
3.608906984329223633e+00
3.422642946243286133e+00
4.147543907165527344e+00
3.657724142074584961e+00
4.199255943298339844e+00
3.111967086791992188e+00
3.530251026153564453e+00
3.609957933425903320e+00
3.230387210845947266e+00
3.296483993530273438e+00
3.628007173538208008e+00
3.648890018463134766e+00
4.171708106994628906e+00
3.767760753631591797e+00
3.653475046157836914e+00
3.750060796737670898e+00
4.192147970199584961e+00
3.752140998840332031e+00
3.914066791534423828e+00
3.913987159729003906e+00
3.944575071334838867e+00
3.150861024856567383e+00
3.753712177276611328e+00
3.379451751708984375e+00
3.539811134338378906e+00
3.377169847488403320e+00
3.610517978668212891e+00
2.683340072631835938e+00
3.016648054122924805e+00
2.965158224105834961e+00
3.091219902038574219e+00
3.406764984130859375e+00
4.238357305526733398e+00
3.441531181335449219e+00
3.377202987670898438e+00
3.597531080245971680e+00
3.446708917617797852e+00
3.605629920959472656e+00
3.994903802871704102e+00
4.079789876937866211e+00
3.840093851089477539e+00
4.015089273452758789e+00
3.615642786026000977e+00
3.329058170318603516e+00
3.800341844558715820e+00
4.200252771377563477e+00
2.890031099319458008e+00
2.957678794860839844e+00
2.988405942916870117e+00
4.120422840118408203e+00
3.751579999923706055e+00
4.174502134323120117e+00
3.980717182159423828e+00
3.429348945617675781e+00
4.454275131225585938e+00
3.408962011337280273e+00
3.914355039596557617e+00
3.442985057830810547e+00
3.914476156234741211e+00
4.030979156494140625e+00
4.048927307128906250e+00
3.697474956512451172e+00
3.526022195816040039e+00
3.569674015045166016e+00
3.244415044784545898e+00
3.574035882949829102e+00
3.252725839614868164e+00
3.869128942489624023e+00
3.738734006881713867e+00
3.229029893875122070e+00
3.480023145675659180e+00
3.742281913757324219e+00
2.670995235443115234e+00
4.390261888504028320e+00
3.010816097259521484e+00
3.386200904846191406e+00
4.104147195816040039e+00
3.581023931503295898e+00
4.183524131774902344e+00
3.179893970489501953e+00
3.700503110885620117e+00
4.160891056060791016e+00
2.859022855758666992e+00
3.868176698684692383e+00
3.718803167343139648e+00
4.651006221771240234e+00
4.684579133987426758e+00
3.369653940200805664e+00
4.750147104263305664e+00
3.293893814086914062e+00
4.193562746047973633e+00
4.424485921859741211e+00
3.527348041534423828e+00
4.086772918701171875e+00
3.402195930480957031e+00
3.077164173126220703e+00
4.817999124526977539e+00
4.004032850265502930e+00
4.033982992172241211e+00
4.722908973693847656e+00
4.703134775161743164e+00
3.795392751693725586e+00
3.185539007186889648e+00
3.443695783615112305e+00
4.989856004714965820e+00
3.132333040237426758e+00
4.687730789184570312e+00
3.461924076080322266e+00
4.029299974441528320e+00
3.834641933441162109e+00
3.092288017272949219e+00
3.037889003753662109e+00
3.906590938568115234e+00
3.279115200042724609e+00
3.290001869201660156e+00
3.111668825149536133e+00
3.061355829238891602e+00
3.124217033386230469e+00
3.610076904296875000e+00
3.156372308731079102e+00
3.092664241790771484e+00
3.107478141784667969e+00
3.404111146926879883e+00
2.889631032943725586e+00
2.916810035705566406e+00
2.538678169250488281e+00
3.509498119354248047e+00
3.486727714538574219e+00
2.657957315444946289e+00
2.722576141357421875e+00
3.486639022827148438e+00
3.200782775878906250e+00
3.551406145095825195e+00
3.070442199707031250e+00
3.577087879180908203e+00
2.983452320098876953e+00
3.427248239517211914e+00
3.495407104492187500e+00
2.928116083145141602e+00
3.473075866699218750e+00
3.544936180114746094e+00
2.913067102432250977e+00
4.069864988327026367e+00
3.558859109878540039e+00
2.831624269485473633e+00
2.977873802185058594e+00
3.207849979400634766e+00
3.823544025421142578e+00
3.401850938796997070e+00
3.165951967239379883e+00
3.141325235366821289e+00
3.072156906127929688e+00
2.136216878890991211e+00
3.223024129867553711e+00
4.097537994384765625e+00
2.800513982772827148e+00
3.369796037673950195e+00
3.189581871032714844e+00
3.011104106903076172e+00
2.862454891204833984e+00
3.968498945236206055e+00
3.362492084503173828e+00
2.908260107040405273e+00
4.257643938064575195e+00
3.084286212921142578e+00
3.402134895324707031e+00
3.575763940811157227e+00
3.526130914688110352e+00
3.208396673202514648e+00
3.593913078308105469e+00
2.782367944717407227e+00
3.118402004241943359e+00
2.946048021316528320e+00
4.218147039413452148e+00
3.236451148986816406e+00
3.745264768600463867e+00
3.128433942794799805e+00
3.140299081802368164e+00
3.202566862106323242e+00
3.722224950790405273e+00
2.982640981674194336e+00
3.020434141159057617e+00
3.324385881423950195e+00
3.285328865051269531e+00
3.312922954559326172e+00
3.043959140777587891e+00
2.784809112548828125e+00
3.323122024536132812e+00
3.422610282897949219e+00
3.440356969833374023e+00
4.475419998168945312e+00
2.810611248016357422e+00
3.714080095291137695e+00
3.941700220108032227e+00
2.876549959182739258e+00
3.361980915069580078e+00
3.061372041702270508e+00
3.463826179504394531e+00
3.318302869796752930e+00
3.379782199859619141e+00
2.753468990325927734e+00
2.695896863937377930e+00
3.295299053192138672e+00
2.626829147338867188e+00
3.517656803131103516e+00
3.490574836730957031e+00
2.568408012390136719e+00
3.629986047744750977e+00
2.977342128753662109e+00
3.016053915023803711e+00
2.550897121429443359e+00
3.048822879791259766e+00
3.078454017639160156e+00
2.743898868560791016e+00
2.777733087539672852e+00
3.209370136260986328e+00
3.779003143310546875e+00
2.962570905685424805e+00
2.906313896179199219e+00
3.278723239898681641e+00
3.858950138092041016e+00
3.399188995361328125e+00
2.433878660202026367e+00
3.471357107162475586e+00
3.660626888275146484e+00
3.932193040847778320e+00
3.735921144485473633e+00
3.982885122299194336e+00
3.861425161361694336e+00
3.447474956512451172e+00
4.126105308532714844e+00
3.011740207672119141e+00
3.410789012908935547e+00
3.485495090484619141e+00
3.339619159698486328e+00
3.537349939346313477e+00
4.500099182128906250e+00
4.437860250473022461e+00
3.731277942657470703e+00
3.662343978881835938e+00
3.726107835769653320e+00
3.750735044479370117e+00
3.417365074157714844e+00
4.237935304641723633e+00
4.529960870742797852e+00
4.340791702270507812e+00
3.553806066513061523e+00
3.911576986312866211e+00
4.421622037887573242e+00
4.874626636505126953e+00
3.577484846115112305e+00
4.001641035079956055e+00
4.362592935562133789e+00
3.842144966125488281e+00
4.394835948944091797e+00
3.822417020797729492e+00
3.893539190292358398e+00
3.602786064147949219e+00
3.821253061294555664e+00
3.831310987472534180e+00
4.055012226104736328e+00
3.337342023849487305e+00
3.873147249221801758e+00
4.210678815841674805e+00
3.910970211029052734e+00
3.309495925903320312e+00
3.612429141998291016e+00
3.246849060058593750e+00
3.718219995498657227e+00
3.365404844284057617e+00
4.059655189514160156e+00
4.100753068923950195e+00
3.769278049468994141e+00
3.483355045318603516e+00
4.112576007843017578e+00
3.893773794174194336e+00
2.901993036270141602e+00
4.107253074645996094e+00
4.627315998077392578e+00
4.228008985519409180e+00
3.472817897796630859e+00
4.260903358459472656e+00
4.025711059570312500e+00
3.844684123992919922e+00
3.825243949890136719e+00
4.116384983062744141e+00
4.525640249252319336e+00
4.382223129272460938e+00
4.412248849868774414e+00
4.654354810714721680e+00
4.397655963897705078e+00
4.672004222869873047e+00
3.461279869079589844e+00
4.995899915695190430e+00
3.810374975204467773e+00
5.038017034530639648e+00
4.655066251754760742e+00
4.402506113052368164e+00
4.423981666564941406e+00
4.436908006668090820e+00
3.625030755996704102e+00
4.193212032318115234e+00
4.310178279876708984e+00
4.738667011260986328e+00
3.437638044357299805e+00
3.440989971160888672e+00
3.740108966827392578e+00
3.643657922744750977e+00
3.771476984024047852e+00
3.272721290588378906e+00
3.284846067428588867e+00
5.182778120040893555e+00
4.834402084350585938e+00
4.797429084777832031e+00
3.810086965560913086e+00
4.520004987716674805e+00
5.092206001281738281e+00
3.884625196456909180e+00
3.707675218582153320e+00
4.117186784744262695e+00
4.387402057647705078e+00
3.775490045547485352e+00
4.796602010726928711e+00
3.587640762329101562e+00
3.509862184524536133e+00
3.845053911209106445e+00
5.221045970916748047e+00
2.774006843566894531e+00
3.613727092742919922e+00
3.884801149368286133e+00
4.237156867980957031e+00
4.997228145599365234e+00
4.539896965026855469e+00
3.785459995269775391e+00
4.043306112289428711e+00
4.442593097686767578e+00
4.231246948242187500e+00
5.084189176559448242e+00
3.104549169540405273e+00
3.798481225967407227e+00
4.332852840423583984e+00
4.795761108398437500e+00
3.783902406692504883e+00
3.763016939163208008e+00
3.848169803619384766e+00
4.236461877822875977e+00
4.514895200729370117e+00
5.404698133468627930e+00
4.657467842102050781e+00
5.277957916259765625e+00
3.445095777511596680e+00
4.461993932723999023e+00
5.505967140197753906e+00
3.160284042358398438e+00
5.256525278091430664e+00
4.608613729476928711e+00
5.308694124221801758e+00
4.124437093734741211e+00
4.376100063323974609e+00
3.978662729263305664e+00
4.913053989410400391e+00
6.193166971206665039e+00
4.468780994415283203e+00
4.822884082794189453e+00
4.858602046966552734e+00
2.877902030944824219e+00
4.596154212951660156e+00
2.975011825561523438e+00
5.606171131134033203e+00
2.533049821853637695e+00
3.620550870895385742e+00
4.457596063613891602e+00
4.783439159393310547e+00
3.168153285980224609e+00
4.077150821685791016e+00
3.743715763092041016e+00
3.164824724197387695e+00
4.777915000915527344e+00
3.837424993515014648e+00
3.917623758316040039e+00
3.715237140655517578e+00
4.506568908691406250e+00
4.699745893478393555e+00
3.776863098144531250e+00
3.184262037277221680e+00
3.270168066024780273e+00
4.714718103408813477e+00
3.401781082153320312e+00
2.747858047485351562e+00
4.421066045761108398e+00
4.547870874404907227e+00
3.415071964263916016e+00
5.135040044784545898e+00
4.692108154296875000e+00
3.915363073348999023e+00
3.313441038131713867e+00
4.244133949279785156e+00
4.958097934722900391e+00
4.258099794387817383e+00
4.659713983535766602e+00
3.530330896377563477e+00
5.664845705032348633e+00
3.622555017471313477e+00
2.496978044509887695e+00
2.617287874221801758e+00
4.037108898162841797e+00
3.522538900375366211e+00
3.668895006179809570e+00
5.012129783630371094e+00
5.285826683044433594e+00
2.372318029403686523e+00
3.181965827941894531e+00
3.582175016403198242e+00
2.574465990066528320e+00
2.842300176620483398e+00
3.175950765609741211e+00
5.731800794601440430e+00
2.772360801696777344e+00
2.789703845977783203e+00
3.193491220474243164e+00
4.727463960647583008e+00
2.906391143798828125e+00
3.347981929779052734e+00
2.807188987731933594e+00
5.358189105987548828e+00
3.452066183090209961e+00
2.862377882003784180e+00
3.304532051086425781e+00
3.255032777786254883e+00
3.410257101058959961e+00
3.858952045440673828e+00
3.072275876998901367e+00
2.648312807083129883e+00
3.383142948150634766e+00
3.545965909957885742e+00
3.538331747055053711e+00
3.061145067214965820e+00
3.053769826889038086e+00
3.626825094223022461e+00
2.595340013504028320e+00
3.510051012039184570e+00
3.077975988388061523e+00
2.473032951354980469e+00
2.464368104934692383e+00
3.969694852828979492e+00
3.301011085510253906e+00
3.048755884170532227e+00
3.079410791397094727e+00
3.081440925598144531e+00
3.393264055252075195e+00
3.472389936447143555e+00
3.260428190231323242e+00
2.815232992172241211e+00
2.870842695236206055e+00
3.377871036529541016e+00
4.048299074172973633e+00
3.531764984130859375e+00
3.565062999725341797e+00
3.093124151229858398e+00
3.015646934509277344e+00
3.037771940231323242e+00
3.173280954360961914e+00
3.821431875228881836e+00
2.271890878677368164e+00
3.373235940933227539e+00
3.855812788009643555e+00
3.747293949127197266e+00
3.704454898834228516e+00
3.146937847137451172e+00
2.438187122344970703e+00
4.377884864807128906e+00
3.757811069488525391e+00
4.526643037796020508e+00
3.279591798782348633e+00
2.905542135238647461e+00
2.019011020660400391e+00
2.821173906326293945e+00
2.965638875961303711e+00
3.053098917007446289e+00
2.859101772308349609e+00
2.429085254669189453e+00
3.740941762924194336e+00
2.902004003524780273e+00
3.115981817245483398e+00
2.538774013519287109e+00
2.801795959472656250e+00
3.637737989425659180e+00
3.141882896423339844e+00
3.221942901611328125e+00
3.160461187362670898e+00
3.696370840072631836e+00
3.071913957595825195e+00
3.731318235397338867e+00
3.008790016174316406e+00
3.149533987045288086e+00
3.705332994461059570e+00
3.777019023895263672e+00
2.713254213333129883e+00
3.115797042846679688e+00
3.365873098373413086e+00
3.414102077484130859e+00
3.528343915939331055e+00
3.011883974075317383e+00
3.273591041564941406e+00
3.470149040222167969e+00
3.016148090362548828e+00
3.294759273529052734e+00
3.050560951232910156e+00
3.273077011108398438e+00
3.575499057769775391e+00
3.509228944778442383e+00
3.566501140594482422e+00
2.853000879287719727e+00
3.339253902435302734e+00
3.173367023468017578e+00
3.565324068069458008e+00
3.625286102294921875e+00
3.435185909271240234e+00
3.331869840621948242e+00
2.732834100723266602e+00
3.201539993286132812e+00
3.133863925933837891e+00
4.180907964706420898e+00
3.479120016098022461e+00
3.867866992950439453e+00
2.536736011505126953e+00
4.315676212310791016e+00
3.730098962783813477e+00
3.055067062377929688e+00
3.173420190811157227e+00
2.906635046005249023e+00
3.111632823944091797e+00
4.366804838180541992e+00
2.925708770751953125e+00
3.095412969589233398e+00
3.239390134811401367e+00
3.409859895706176758e+00
3.922623872756958008e+00
4.052299022674560547e+00
2.395389795303344727e+00
4.308680057525634766e+00
3.360667705535888672e+00
3.913733243942260742e+00
3.801171064376831055e+00
3.310029983520507812e+00
4.506308794021606445e+00
3.457850217819213867e+00
2.696299076080322266e+00
3.372138977050781250e+00
3.244253158569335938e+00
3.350518941879272461e+00
4.040410995483398438e+00
3.724624872207641602e+00
4.541726112365722656e+00
4.002240896224975586e+00
3.323904037475585938e+00
3.614507913589477539e+00
3.712710142135620117e+00
3.645740032196044922e+00
4.463449954986572266e+00
3.440368890762329102e+00
2.912480831146240234e+00
5.299406051635742188e+00
4.707135915756225586e+00
3.045940876007080078e+00
3.428311109542846680e+00
3.899392843246459961e+00
4.653455972671508789e+00
4.558259963989257812e+00
3.165237903594970703e+00
3.176064014434814453e+00
3.800650835037231445e+00
3.857040166854858398e+00
4.960787057876586914e+00
3.792051792144775391e+00
3.784844160079956055e+00
3.786193132400512695e+00
3.073760986328125000e+00
3.507260322570800781e+00
4.150424003601074219e+00
3.984099864959716797e+00
3.690922260284423828e+00
3.672525167465209961e+00
4.017566919326782227e+00
3.671545743942260742e+00
3.257781028747558594e+00
3.686915159225463867e+00
3.541393756866455078e+00
3.663111925125122070e+00
2.854018688201904297e+00
3.788230895996093750e+00
4.138087749481201172e+00
2.341802120208740234e+00
3.828076124191284180e+00
4.408700942993164062e+00
4.362269163131713867e+00
3.954134225845336914e+00
3.862169981002807617e+00
3.718490123748779297e+00
3.795499086380004883e+00
3.191743135452270508e+00
3.781286001205444336e+00
2.271426916122436523e+00
3.826000213623046875e+00
4.400481939315795898e+00
2.738661766052246094e+00
4.320884943008422852e+00
4.435420036315917969e+00
4.181983947753906250e+00
3.654244899749755859e+00
4.539584159851074219e+00
3.724700927734375000e+00
2.777956247329711914e+00
3.588705062866210938e+00
3.967382907867431641e+00
3.877001047134399414e+00
2.383435010910034180e+00
3.536146879196166992e+00
3.995125055313110352e+00
2.275223970413208008e+00
4.026175975799560547e+00
4.041522979736328125e+00
4.537397861480712891e+00
4.505640983581542969e+00
4.516690015792846680e+00
3.586040258407592773e+00
3.079833030700683594e+00
4.030324935913085938e+00
3.089421033859252930e+00
2.935881853103637695e+00
4.110222101211547852e+00
4.552632808685302734e+00
3.097027063369750977e+00
4.481674909591674805e+00
3.339266061782836914e+00
2.390797138214111328e+00
3.419687032699584961e+00
3.474941015243530273e+00
3.515211820602416992e+00
3.351743459701538086e+00
4.089323043823242188e+00
3.524095058441162109e+00
3.786229133605957031e+00
3.979364871978759766e+00
2.979760885238647461e+00
3.388931989669799805e+00
4.395364046096801758e+00
3.630563020706176758e+00
3.582605123519897461e+00
3.900804996490478516e+00
4.232195854187011719e+00
4.613739967346191406e+00
3.070641994476318359e+00
4.474487066268920898e+00
3.750272989273071289e+00
3.378951787948608398e+00
2.875029087066650391e+00
4.577648162841796875e+00
3.684726953506469727e+00
3.643399000167846680e+00
3.102427244186401367e+00
2.978048801422119141e+00
3.801686048507690430e+00
4.733361959457397461e+00
3.849361896514892578e+00
2.694394826889038086e+00
3.311691999435424805e+00
4.286805868148803711e+00
2.871207952499389648e+00
3.465009212493896484e+00
2.644553899765014648e+00
4.053795099258422852e+00
2.854648113250732422e+00
2.532150030136108398e+00
2.763855218887329102e+00
3.344330072402954102e+00
2.404318094253540039e+00
3.816669940948486328e+00
3.579527854919433594e+00
2.153479099273681641e+00
3.734042167663574219e+00
3.747201919555664062e+00
2.993973970413208008e+00
3.692885875701904297e+00
3.441267967224121094e+00
3.754639863967895508e+00
3.702619075775146484e+00
2.923955917358398438e+00
3.684559106826782227e+00
3.588677883148193359e+00
3.593770027160644531e+00
2.386353969573974609e+00
3.840714931488037109e+00
3.387495994567871094e+00
2.626229047775268555e+00
4.090225696563720703e+00
3.727221965789794922e+00
3.986109018325805664e+00
3.528542995452880859e+00
2.725981950759887695e+00
3.793527126312255859e+00
4.060683965682983398e+00
3.601494073867797852e+00
3.559669971466064453e+00
3.879717111587524414e+00
2.845309972763061523e+00
3.038715124130249023e+00
3.875521183013916016e+00
3.325194835662841797e+00
2.847376823425292969e+00
3.896970033645629883e+00
3.729282855987548828e+00
3.665994882583618164e+00
3.660550117492675781e+00
2.919229030609130859e+00
2.890537977218627930e+00
3.054027080535888672e+00
3.860652208328247070e+00
3.205022096633911133e+00
3.793898105621337891e+00
3.211879968643188477e+00
3.269116878509521484e+00
3.911177158355712891e+00
3.174380064010620117e+00
3.535398006439208984e+00
4.034858942031860352e+00
3.293533802032470703e+00
2.988988161087036133e+00
4.008908033370971680e+00
3.622184991836547852e+00
3.404900789260864258e+00
2.375826358795166016e+00
2.809855937957763672e+00
2.763841867446899414e+00
3.826227903366088867e+00
2.425030231475830078e+00
2.680505275726318359e+00
2.815365076065063477e+00
3.234570026397705078e+00
3.354192018508911133e+00
3.356183767318725586e+00
3.256520986557006836e+00
3.347453117370605469e+00
2.735886812210083008e+00
3.442577838897705078e+00
2.417706966400146484e+00
3.058938026428222656e+00
2.831692695617675781e+00
2.458733797073364258e+00
2.933776855468750000e+00
3.176296949386596680e+00
3.257133007049560547e+00
3.331797122955322266e+00
3.124508857727050781e+00
2.933970212936401367e+00
2.927064180374145508e+00
2.913722038269042969e+00
2.643851757049560547e+00
3.047204971313476562e+00
3.066651821136474609e+00
4.428123950958251953e+00
2.922970771789550781e+00
3.003806829452514648e+00
2.911962270736694336e+00
2.924703836441040039e+00
3.224476814270019531e+00
2.932020902633666992e+00
2.747214078903198242e+00
2.923024177551269531e+00
2.918810844421386719e+00
2.989672899246215820e+00
3.275912284851074219e+00
3.016598939895629883e+00
3.029878139495849609e+00
3.805710077285766602e+00
3.115228891372680664e+00
3.090435981750488281e+00
3.820886135101318359e+00
3.512331008911132812e+00
3.372783899307250977e+00
3.701472997665405273e+00
3.085904121398925781e+00
3.904334068298339844e+00
3.138701200485229492e+00
3.778535842895507812e+00
3.870086908340454102e+00
3.166151762008666992e+00
3.137893199920654297e+00
3.824612855911254883e+00
3.274684906005859375e+00
3.210421085357666016e+00
3.963189125061035156e+00
3.899915933609008789e+00
3.411500215530395508e+00
2.816423892974853516e+00
3.192387104034423828e+00
2.827703952789306641e+00
2.864859104156494141e+00
3.385009050369262695e+00
3.355368137359619141e+00
3.024137973785400391e+00
3.719133853912353516e+00
2.888506889343261719e+00
3.580475807189941406e+00
3.474640846252441406e+00
3.456480979919433594e+00
3.719597816467285156e+00
3.490710020065307617e+00
3.459807872772216797e+00
3.749450922012329102e+00
4.406385898590087891e+00
3.541067123413085938e+00
3.123352050781250000e+00
3.829043149948120117e+00
3.522448778152465820e+00
3.080094099044799805e+00
3.596552848815917969e+00
3.726037979125976562e+00
2.480311155319213867e+00
3.250945806503295898e+00
3.693798780441284180e+00
3.884084939956665039e+00
3.185763835906982422e+00
2.331104040145874023e+00
3.722886800765991211e+00
2.983325242996215820e+00
2.800436019897460938e+00
3.506062984466552734e+00
3.510778903961181641e+00
3.943403005599975586e+00
3.377664804458618164e+00
3.556400060653686523e+00
3.567935943603515625e+00
2.828820943832397461e+00
3.613080024719238281e+00
3.038760185241699219e+00
3.424407958984375000e+00
4.058383703231811523e+00
2.998817205429077148e+00
3.449598789215087891e+00
2.981816053390502930e+00
2.832399129867553711e+00
2.599675178527832031e+00
3.695092916488647461e+00
3.159562110900878906e+00
3.666448831558227539e+00
2.589072227478027344e+00
3.020529985427856445e+00
2.834768056869506836e+00
3.773264884948730469e+00
3.672543048858642578e+00
4.521660089492797852e+00
3.842890262603759766e+00
3.767632722854614258e+00
2.681231021881103516e+00
3.626293897628784180e+00
3.725329875946044922e+00
3.501322269439697266e+00
3.162411928176879883e+00
2.854058980941772461e+00
3.292893886566162109e+00
3.048552036285400391e+00
3.724944829940795898e+00
4.035104036331176758e+00
3.105618000030517578e+00
3.996241092681884766e+00
3.659421920776367188e+00
3.349581003189086914e+00
3.545803070068359375e+00
4.707162857055664062e+00
4.147918701171875000e+00
3.226632118225097656e+00
4.095569849014282227e+00
3.630636692047119141e+00
3.526917934417724609e+00
3.944469928741455078e+00
4.223411083221435547e+00
3.813544034957885742e+00
3.492314100265502930e+00
3.308452129364013672e+00
2.895845890045166016e+00
3.312753915786743164e+00
3.235559940338134766e+00
3.808798074722290039e+00
3.360302209854125977e+00
3.698797941207885742e+00
4.033956289291381836e+00
3.399900913238525391e+00
3.786951065063476562e+00
4.326566219329833984e+00
3.524228811264038086e+00
3.699206113815307617e+00
3.866851091384887695e+00
3.794963836669921875e+00
3.382507085800170898e+00
3.635357856750488281e+00
2.421108007431030273e+00
5.087055206298828125e+00
5.130421876907348633e+00
3.759278059005737305e+00
3.349237918853759766e+00
3.678941011428833008e+00
3.483645200729370117e+00
3.174647092819213867e+00
3.507147789001464844e+00
2.819751977920532227e+00
3.840029001235961914e+00
2.901937961578369141e+00
3.623334169387817383e+00
3.713817834854125977e+00
4.070868968963623047e+00
4.269531250000000000e+00
3.802299022674560547e+00
2.877192020416259766e+00
3.479991197586059570e+00
3.215430021286010742e+00
3.165023088455200195e+00
2.745186805725097656e+00
3.258640289306640625e+00
3.940947294235229492e+00
2.868193864822387695e+00
4.078223705291748047e+00
3.240626096725463867e+00
3.996524095535278320e+00
3.831796884536743164e+00
3.372314214706420898e+00
4.109855890274047852e+00
5.057069063186645508e+00
3.428870916366577148e+00
3.078349828720092773e+00
3.551130771636962891e+00
2.960059165954589844e+00
3.912338256835937500e+00
4.442584037780761719e+00
4.143631935119628906e+00
4.034947156906127930e+00
3.528491020202636719e+00
4.587410926818847656e+00
3.880096197128295898e+00
2.821990966796875000e+00
3.126873970031738281e+00
2.982802152633666992e+00
3.208143234252929688e+00
3.567544937133789062e+00
4.342474937438964844e+00
3.256622791290283203e+00
4.591917991638183594e+00
4.316226959228515625e+00
3.276685953140258789e+00
3.928062915802001953e+00
4.376373052597045898e+00
3.176815986633300781e+00
4.673538208007812500e+00
4.155969142913818359e+00
3.286250829696655273e+00
3.812609195709228516e+00
4.294265031814575195e+00
3.354851007461547852e+00
2.769487142562866211e+00
3.106179952621459961e+00
3.369857788085937500e+00
3.126924037933349609e+00
2.612570047378540039e+00
3.020428180694580078e+00
2.567414999008178711e+00
4.493012905120849609e+00
3.660341978073120117e+00
4.112671852111816406e+00
2.615773916244506836e+00
3.564599037170410156e+00
3.346209049224853516e+00
3.022325992584228516e+00
4.075311183929443359e+00
3.748281240463256836e+00
3.740200996398925781e+00
2.931592941284179688e+00
4.753541946411132812e+00
3.173161029815673828e+00
2.448012113571166992e+00
3.834246158599853516e+00
3.497648239135742188e+00
3.312818050384521484e+00
3.596678018569946289e+00
3.919945955276489258e+00
3.764191865921020508e+00
3.993618965148925781e+00
3.993605852127075195e+00
4.565542221069335938e+00
2.847104072570800781e+00
4.236541986465454102e+00
3.578175783157348633e+00
3.376518011093139648e+00
3.685689210891723633e+00
2.960411071777343750e+00
2.969038009643554688e+00
3.046632051467895508e+00
2.855134248733520508e+00
3.055258989334106445e+00
3.074407339096069336e+00
3.379965066909790039e+00
2.765425205230712891e+00
3.401776790618896484e+00
3.799048185348510742e+00
2.227342128753662109e+00
3.187143087387084961e+00
2.800065040588378906e+00
2.599655866622924805e+00
3.802981853485107422e+00
3.871562957763671875e+00
3.971817970275878906e+00
3.213447332382202148e+00
3.684908151626586914e+00
3.615949153900146484e+00
3.721001863479614258e+00
4.246860980987548828e+00
2.198102951049804688e+00
3.788491010665893555e+00
2.575278997421264648e+00
3.787559032440185547e+00
3.062325954437255859e+00
4.129973173141479492e+00
3.160703897476196289e+00
2.951374053955078125e+00
3.158334016799926758e+00
3.503610134124755859e+00
3.154098987579345703e+00
3.469361066818237305e+00
4.506983757019042969e+00
3.860595941543579102e+00
3.945203065872192383e+00
4.385027170181274414e+00
3.305823087692260742e+00
4.746883153915405273e+00
3.488384962081909180e+00
4.788808822631835938e+00
2.862165927886962891e+00
3.839359998703002930e+00
2.606003999710083008e+00
4.115292072296142578e+00
3.264436006546020508e+00
3.363323926925659180e+00
3.342073202133178711e+00
3.635574817657470703e+00
3.959725856781005859e+00
3.639117002487182617e+00
2.899803876876831055e+00
3.523100852966308594e+00
3.243149042129516602e+00
3.426136970520019531e+00
3.609810829162597656e+00
3.732810020446777344e+00
3.395733118057250977e+00
3.098752975463867188e+00
2.789695978164672852e+00
2.818459987640380859e+00
3.604139804840087891e+00
2.894237041473388672e+00
2.713431835174560547e+00
3.626795053482055664e+00
2.891417026519775391e+00
2.886950254440307617e+00
2.984085798263549805e+00
3.239669084548950195e+00
3.124475002288818359e+00
3.143528938293457031e+00
3.156837224960327148e+00
3.014647006988525391e+00
3.682614088058471680e+00
3.454354763031005859e+00
2.540659904479980469e+00
2.658154726028442383e+00
2.388116121292114258e+00
3.285726785659790039e+00
2.768735885620117188e+00
3.792325735092163086e+00
2.553858041763305664e+00
2.814241647720336914e+00
2.359676122665405273e+00
3.294808149337768555e+00
3.786717891693115234e+00
2.511631965637207031e+00
4.142493963241577148e+00
2.385610818862915039e+00
3.365741252899169922e+00
2.754737854003906250e+00
2.942172765731811523e+00
3.645848751068115234e+00
2.666127920150756836e+00
3.597161054611206055e+00
4.333607912063598633e+00
3.075060844421386719e+00
2.686568260192871094e+00
4.198126077651977539e+00
3.178664922714233398e+00
3.879347085952758789e+00
2.885976076126098633e+00
3.282014131546020508e+00
2.531998872756958008e+00
2.468689918518066406e+00
3.036267042160034180e+00
3.146878004074096680e+00
3.105458021163940430e+00
3.782686948776245117e+00
3.126254796981811523e+00
3.114326000213623047e+00
2.847747802734375000e+00
2.717740058898925781e+00
4.746438026428222656e+00
2.723885774612426758e+00
3.306631088256835938e+00
3.858081102371215820e+00
2.697691917419433594e+00
3.029168128967285156e+00
3.407010078430175781e+00
3.123443126678466797e+00
3.210049152374267578e+00
4.234120130538940430e+00
3.407466888427734375e+00
3.107733964920043945e+00
2.707309961318969727e+00
2.942270994186401367e+00
3.918217897415161133e+00
2.232877016067504883e+00
3.627619981765747070e+00
2.829607248306274414e+00
3.160688877105712891e+00
3.292914152145385742e+00
3.356017351150512695e+00
3.487096071243286133e+00
4.156171083450317383e+00
3.550777196884155273e+00
3.018380165100097656e+00
4.564768075942993164e+00
4.260190010070800781e+00
3.773881196975708008e+00
2.735748767852783203e+00
3.484426975250244141e+00
3.559680938720703125e+00
2.370926856994628906e+00
3.593759059906005859e+00
3.587504863739013672e+00
3.411277055740356445e+00
2.893911123275756836e+00
2.425736188888549805e+00
2.497872829437255859e+00
2.579503059387207031e+00
2.530016660690307617e+00
2.704356193542480469e+00
3.884796142578125000e+00
3.773609161376953125e+00
2.971576929092407227e+00
2.338656663894653320e+00
3.542304992675781250e+00
3.814033031463623047e+00
4.239333152770996094e+00
3.028017997741699219e+00
2.666767835617065430e+00
2.684993028640747070e+00
4.147981166839599609e+00
2.888777017593383789e+00
3.085612058639526367e+00
3.741410017013549805e+00
3.662684917449951172e+00
2.784801006317138672e+00
4.162301063537597656e+00
2.921038866043090820e+00
3.152118682861328125e+00
4.047926187515258789e+00
3.256949901580810547e+00
3.265512228012084961e+00
3.792749166488647461e+00
2.955698966979980469e+00
2.895382165908813477e+00
3.107340812683105469e+00
2.949379205703735352e+00
3.433511257171630859e+00
4.010416746139526367e+00
3.980226039886474609e+00
3.168773889541625977e+00
3.767249345779418945e+00
3.825662136077880859e+00
2.544132232666015625e+00
3.248687982559204102e+00
3.314105987548828125e+00
3.808233976364135742e+00
2.103033065795898438e+00
3.341387748718261719e+00
2.929701089859008789e+00
3.850578784942626953e+00
3.694326162338256836e+00
3.614179849624633789e+00
3.256196022033691406e+00
3.714585781097412109e+00
3.296515941619873047e+00
3.550536870956420898e+00
3.536840915679931641e+00
3.036420822143554688e+00
3.130358934402465820e+00
2.550391912460327148e+00
3.353074073791503906e+00
3.123550891876220703e+00
3.128746032714843750e+00
3.655761957168579102e+00
3.414524793624877930e+00
3.688204050064086914e+00
3.237332105636596680e+00
3.694998979568481445e+00
3.849576950073242188e+00
3.635854959487915039e+00
3.459743976593017578e+00
2.932875871658325195e+00
4.253973960876464844e+00
4.231364011764526367e+00
3.817143678665161133e+00
3.067059040069580078e+00
2.791938781738281250e+00
3.890892028808593750e+00
3.109386205673217773e+00
4.238803863525390625e+00
3.244325160980224609e+00
3.248012065887451172e+00
3.053035020828247070e+00
3.816119909286499023e+00
2.858119964599609375e+00
4.340542078018188477e+00
3.720818996429443359e+00
4.070753097534179688e+00
3.827105045318603516e+00
3.851671934127807617e+00
4.097151041030883789e+00
2.676944971084594727e+00
3.029887199401855469e+00
4.588146209716796875e+00
4.077532052993774414e+00
3.615176916122436523e+00
3.509220123291015625e+00
2.988677740097045898e+00
3.900130033493041992e+00
4.378451108932495117e+00
3.325559854507446289e+00
4.264497995376586914e+00
4.238551139831542969e+00
4.572292089462280273e+00
4.023429870605468750e+00
3.084995031356811523e+00
4.357415914535522461e+00
4.364095926284790039e+00
4.456774711608886719e+00
3.293038845062255859e+00
4.449619054794311523e+00
3.945343017578125000e+00
4.029093027114868164e+00
4.196947336196899414e+00
4.026135921478271484e+00
4.476381063461303711e+00
3.785778760910034180e+00
4.061145305633544922e+00
4.058568239212036133e+00
4.523732900619506836e+00
2.881542921066284180e+00
4.368930816650390625e+00
3.705717086791992188e+00
3.511532068252563477e+00
3.364557027816772461e+00
4.948321104049682617e+00
4.018453836441040039e+00
5.159896850585937500e+00
4.636244058609008789e+00
4.208416938781738281e+00
4.613904714584350586e+00
4.242791891098022461e+00
3.225991249084472656e+00
3.766533136367797852e+00
3.780572891235351562e+00
3.772953748703002930e+00
3.335359096527099609e+00
3.600183010101318359e+00
4.556856155395507812e+00
4.378892183303833008e+00
3.732568264007568359e+00
4.447132825851440430e+00
4.487004756927490234e+00
4.617322683334350586e+00
4.399067878723144531e+00
4.414319038391113281e+00
3.084986209869384766e+00
3.417365789413452148e+00
3.415278673171997070e+00
4.556114196777343750e+00
3.161365985870361328e+00
3.342273950576782227e+00
3.501676797866821289e+00
3.538841962814331055e+00
3.959932804107666016e+00
3.589195013046264648e+00
4.035258769989013672e+00
2.790362834930419922e+00
3.691174983978271484e+00
3.538669109344482422e+00
3.077788114547729492e+00
3.639864921569824219e+00
4.033987045288085938e+00
4.494859695434570312e+00
2.584776163101196289e+00
3.694401025772094727e+00
4.614287853240966797e+00
4.032371997833251953e+00
2.479001045227050781e+00
3.844736099243164062e+00
2.837384939193725586e+00
3.773954153060913086e+00
3.336246967315673828e+00
4.019735097885131836e+00
3.117117881774902344e+00
3.293430089950561523e+00
3.177141904830932617e+00
3.752698898315429688e+00
4.230535030364990234e+00
5.071992158889770508e+00
2.604463815689086914e+00
2.932829141616821289e+00
4.443345308303833008e+00
4.192830801010131836e+00
3.704020977020263672e+00
4.247051954269409180e+00
4.201657772064208984e+00
3.647241115570068359e+00
2.225229740142822266e+00
4.293164014816284180e+00
4.303512096405029297e+00
3.454517841339111328e+00
3.977298021316528320e+00
3.541552066802978516e+00
3.549983263015747070e+00
3.582948923110961914e+00
3.450684785842895508e+00
3.557712078094482422e+00
4.276824951171875000e+00
2.967333078384399414e+00
3.330410957336425781e+00
4.130625009536743164e+00
3.265028238296508789e+00
3.826074838638305664e+00
3.132359981536865234e+00
3.508434057235717773e+00
4.102491855621337891e+00
2.671404600143432617e+00
3.945627212524414062e+00
3.895267009735107422e+00
3.585854291915893555e+00
4.591096162796020508e+00
4.023329973220825195e+00
4.311044931411743164e+00
3.457157135009765625e+00
4.234531879425048828e+00
3.735756158828735352e+00
4.442441940307617188e+00
4.142118930816650391e+00
3.838910818099975586e+00
4.808363199234008789e+00
5.576746940612792969e+00
3.290548086166381836e+00
3.484109878540039062e+00
3.607812881469726562e+00
3.329332113265991211e+00
3.528543949127197266e+00
4.408600091934204102e+00
3.776868104934692383e+00
4.184776067733764648e+00
4.115261077880859375e+00
3.299559831619262695e+00
3.985305786132812500e+00
2.982089996337890625e+00
3.496570110321044922e+00
3.220879077911376953e+00
4.469790935516357422e+00
3.251563072204589844e+00
4.309731960296630859e+00
4.346540212631225586e+00
3.888043165206909180e+00
2.456310033798217773e+00
3.854321002960205078e+00
3.700318098068237305e+00
3.868643283843994141e+00
2.988043069839477539e+00
4.016806125640869141e+00
2.815308094024658203e+00
3.035642862319946289e+00
3.305936098098754883e+00
2.786604642868041992e+00
4.125890731811523438e+00
3.101153850555419922e+00
4.219010114669799805e+00
3.042909860610961914e+00
4.764378309249877930e+00
3.027357101440429688e+00
4.079257965087890625e+00
3.118664979934692383e+00
4.176587820053100586e+00
3.172240972518920898e+00
3.172761917114257812e+00
4.100054979324340820e+00
4.716138124465942383e+00
5.042993783950805664e+00
3.271261930465698242e+00
3.207263946533203125e+00
2.207381010055541992e+00
3.009335041046142578e+00
3.446137189865112305e+00
2.747656822204589844e+00
3.049848079681396484e+00
3.094520092010498047e+00
2.683977127075195312e+00
4.664459943771362305e+00
4.927086830139160156e+00
3.180919885635375977e+00
3.556672811508178711e+00
3.013381242752075195e+00
3.077916860580444336e+00
3.324268102645874023e+00
3.162003993988037109e+00
3.345237970352172852e+00
3.167118072509765625e+00
3.210516929626464844e+00
3.701495885848999023e+00
3.664226770401000977e+00
3.133658885955810547e+00
2.948332071304321289e+00
3.227467060089111328e+00
3.231986045837402344e+00
3.657363176345825195e+00
3.624071836471557617e+00
3.611315965652465820e+00
3.503634929656982422e+00
3.582279205322265625e+00
3.526163101196289062e+00
3.120918750762939453e+00
3.274405956268310547e+00
2.191983938217163086e+00
3.688624143600463867e+00
4.933767080307006836e+00
3.339414119720458984e+00
3.313188791275024414e+00
3.510059118270874023e+00
3.043195009231567383e+00
3.220967054367065430e+00
3.121044874191284180e+00
3.822999238967895508e+00
3.739593982696533203e+00
2.809709072113037109e+00
3.415171146392822266e+00
2.788643121719360352e+00
3.008959054946899414e+00
2.934651851654052734e+00
2.988976716995239258e+00
3.682770013809204102e+00
3.692518234252929688e+00
2.895761013031005859e+00
2.937452077865600586e+00
3.744174003601074219e+00
3.675585746765136719e+00
2.552519321441650391e+00
3.003095865249633789e+00
3.899599075317382812e+00
2.646226167678833008e+00
4.016868829727172852e+00
3.659769773483276367e+00
3.016082048416137695e+00
3.228294134140014648e+00
3.394212007522583008e+00
3.635779142379760742e+00
3.468343019485473633e+00
4.191900730133056641e+00
3.024110794067382812e+00
2.554779767990112305e+00
3.276398181915283203e+00
2.537111997604370117e+00
2.678877830505371094e+00
3.631607055664062500e+00
3.416043043136596680e+00
2.296208143234252930e+00
2.700075149536132812e+00
3.512496948242187500e+00
3.809530019760131836e+00
3.137274980545043945e+00
3.238151311874389648e+00
2.324009895324707031e+00
3.438753128051757812e+00
3.527249813079833984e+00
3.270987987518310547e+00
3.257680892944335938e+00
3.921258687973022461e+00
4.015293121337890625e+00
3.062417030334472656e+00
3.505381822586059570e+00
3.605878114700317383e+00
3.216289043426513672e+00
3.692777872085571289e+00
2.872602939605712891e+00
3.964173078536987305e+00
3.243429183959960938e+00
3.231268882751464844e+00
3.794650077819824219e+00
3.094214916229248047e+00
4.230221033096313477e+00
2.796594858169555664e+00
2.691013097763061523e+00
2.955373048782348633e+00
3.297854185104370117e+00
4.407249927520751953e+00
3.647059917449951172e+00
3.594574213027954102e+00
3.612322092056274414e+00
3.421300888061523438e+00
3.740948915481567383e+00
2.118849992752075195e+00
2.948657751083374023e+00
3.237642049789428711e+00
3.249289989471435547e+00
2.353750944137573242e+00
3.422785043716430664e+00
3.685868024826049805e+00
4.117848873138427734e+00
3.414240837097167969e+00
3.824387073516845703e+00
4.063556194305419922e+00
4.346036911010742188e+00
3.082136154174804688e+00
4.802433013916015625e+00
4.126981258392333984e+00
3.735832929611206055e+00
3.504813194274902344e+00
3.300538063049316406e+00
3.129501819610595703e+00
4.222958087921142578e+00
2.712790012359619141e+00
3.594651222229003906e+00
3.897406101226806641e+00
3.818428039550781250e+00
3.312471151351928711e+00
4.269507169723510742e+00
4.092804908752441406e+00
3.600996971130371094e+00
2.464292049407958984e+00
4.509267807006835938e+00
3.899707317352294922e+00
3.578938961029052734e+00
4.097826957702636719e+00
3.189774990081787109e+00
3.195050001144409180e+00
3.955389976501464844e+00
3.694437742233276367e+00
3.811231136322021484e+00
4.599419355392456055e+00
3.705115795135498047e+00
3.295677900314331055e+00
4.570836782455444336e+00
3.902566909790039062e+00
3.142827987670898438e+00
4.925333976745605469e+00
2.909006118774414062e+00
3.906214952468872070e+00
4.397919893264770508e+00
4.568882226943969727e+00
4.688913106918334961e+00
4.478127002716064453e+00
2.792132854461669922e+00
3.633336067199707031e+00
3.594357013702392578e+00
4.973435163497924805e+00
3.375668048858642578e+00
4.025036096572875977e+00
4.182561159133911133e+00
3.654601812362670898e+00
4.066115856170654297e+00
3.353543996810913086e+00
2.908756971359252930e+00
3.437663793563842773e+00
3.104691028594970703e+00
3.518127918243408203e+00
3.639430999755859375e+00
3.684128046035766602e+00
3.350419759750366211e+00
4.843128919601440430e+00
3.638714790344238281e+00
4.854009151458740234e+00
3.171123981475830078e+00
2.680792808532714844e+00
3.069406986236572266e+00
3.412566184997558594e+00
3.269889116287231445e+00
4.427061080932617188e+00
4.359887123107910156e+00
5.096603870391845703e+00
3.303838968276977539e+00
3.034706115722656250e+00
3.687686204910278320e+00
3.011407852172851562e+00
2.481038808822631836e+00
3.741858720779418945e+00
2.988344907760620117e+00
4.223743200302124023e+00
3.711220979690551758e+00
4.025855064392089844e+00
4.497367858886718750e+00
3.119061231613159180e+00
3.885852098464965820e+00
3.041038036346435547e+00
3.927412271499633789e+00
3.847171068191528320e+00
3.564015150070190430e+00
3.465687990188598633e+00
2.843201875686645508e+00
2.820629119873046875e+00
2.557327032089233398e+00
3.933415889739990234e+00
4.427969932556152344e+00
3.591329097747802734e+00
4.559823036193847656e+00
3.256121158599853516e+00
2.596973896026611328e+00
4.537120819091796875e+00
2.641599893569946289e+00
2.461696863174438477e+00
3.288434028625488281e+00
3.251664161682128906e+00
3.343589782714843750e+00
3.373947143554687500e+00
3.231225967407226562e+00
3.478132963180541992e+00
2.991096973419189453e+00
3.532276868820190430e+00
3.029641866683959961e+00
3.616685152053833008e+00
3.922310829162597656e+00
4.333464145660400391e+00
2.892669916152954102e+00
3.291166067123413086e+00
4.773146152496337891e+00
3.651170969009399414e+00
3.507025718688964844e+00
3.490128040313720703e+00
3.452299118041992188e+00
3.537106990814208984e+00
3.532505750656127930e+00
3.728824138641357422e+00
3.643229961395263672e+00
3.611380100250244141e+00
3.492129087448120117e+00
3.700850248336791992e+00
2.842109918594360352e+00
3.891930341720581055e+00
3.441017150878906250e+00
3.576799869537353516e+00
3.952545166015625000e+00
2.631753921508789062e+00
3.481256961822509766e+00
3.636807918548583984e+00
3.481819152832031250e+00
3.584828138351440430e+00
3.093001127243041992e+00
3.196762084960937500e+00
2.844090223312377930e+00
3.828263282775878906e+00
3.534197807312011719e+00
3.722285985946655273e+00
3.040543079376220703e+00
3.288137197494506836e+00
4.396953821182250977e+00
3.539012908935546875e+00
5.140437841415405273e+00
3.987441301345825195e+00
3.907926082611083984e+00
3.264782667160034180e+00
3.671756982803344727e+00
3.043127059936523438e+00
4.098134756088256836e+00
2.964429855346679688e+00
2.707898139953613281e+00
3.690680980682373047e+00
3.095170021057128906e+00
3.405382156372070312e+00
2.959484100341796875e+00
4.274572849273681641e+00
3.144912004470825195e+00
3.509215831756591797e+00
4.008776903152465820e+00
4.125875949859619141e+00
3.578482866287231445e+00
3.541024923324584961e+00
2.847794055938720703e+00
3.356712818145751953e+00
3.593456268310546875e+00
3.205626249313354492e+00
3.381424188613891602e+00
3.482168674468994141e+00
4.161308288574218750e+00
3.385161876678466797e+00
3.732191085815429688e+00
3.570985078811645508e+00
4.210282087326049805e+00
2.970253944396972656e+00
2.882649898529052734e+00
4.065505981445312500e+00
2.415233850479125977e+00
2.938718080520629883e+00
3.542245864868164062e+00
2.953019142150878906e+00
3.159750223159790039e+00
2.624360084533691406e+00
4.557031154632568359e+00
3.153093099594116211e+00
3.195269823074340820e+00
3.075646877288818359e+00
3.815084934234619141e+00
2.925562143325805664e+00
3.475569963455200195e+00
3.182318210601806641e+00
3.560352087020874023e+00
2.557320117950439453e+00
6.123217105865478516e+00
3.342474937438964844e+00
3.222107887268066406e+00
3.177274703979492188e+00
4.147773265838623047e+00
3.269619941711425781e+00
3.318470001220703125e+00
3.325706958770751953e+00
3.353734016418457031e+00
2.672837018966674805e+00
4.080062150955200195e+00
2.861063957214355469e+00
3.447451829910278320e+00
2.848601818084716797e+00
2.476608991622924805e+00
2.955817937850952148e+00
3.466253757476806641e+00
3.318289279937744141e+00
2.945078134536743164e+00
2.943352937698364258e+00
3.652889013290405273e+00
3.394111871719360352e+00
2.597601175308227539e+00
4.091862916946411133e+00
3.209187030792236328e+00
3.379022836685180664e+00
3.007578134536743164e+00
3.008399963378906250e+00
3.283445358276367188e+00
3.217036962509155273e+00
2.738039970397949219e+00
2.873100996017456055e+00
3.119778156280517578e+00
2.453262805938720703e+00
3.293870925903320312e+00
2.728590965270996094e+00
3.724887132644653320e+00
3.402687072753906250e+00
3.268622875213623047e+00
2.830707073211669922e+00
3.253623962402343750e+00
3.283932209014892578e+00
3.339143037796020508e+00
3.490164995193481445e+00
3.400298833847045898e+00
3.522737979888916016e+00
3.586083173751831055e+00
3.649125099182128906e+00
3.114202260971069336e+00
3.864318132400512695e+00
3.087743997573852539e+00
3.657476902008056641e+00
2.992621660232543945e+00
2.440887212753295898e+00
4.105459928512573242e+00
2.964863061904907227e+00
3.603153944015502930e+00
3.398779153823852539e+00
3.732080936431884766e+00
3.846854209899902344e+00
3.199422836303710938e+00
3.702559947967529297e+00
4.071316957473754883e+00
2.839669942855834961e+00
3.175509929656982422e+00
3.270205974578857422e+00
3.293948888778686523e+00
3.361114740371704102e+00
3.371916055679321289e+00
2.813269138336181641e+00
2.570353984832763672e+00
3.368363857269287109e+00
3.506283044815063477e+00
2.785917997360229492e+00
3.102907180786132812e+00
3.525279998779296875e+00
3.405088186264038086e+00
3.526202917098999023e+00
2.368931055068969727e+00
4.024269819259643555e+00
3.463325262069702148e+00
3.479442358016967773e+00
3.530654907226562500e+00
3.055845975875854492e+00
4.156708002090454102e+00
3.777069091796875000e+00
4.414749860763549805e+00
3.228768825531005859e+00
2.843498945236206055e+00
2.165416002273559570e+00
3.701878070831298828e+00
3.815340042114257812e+00
3.779566049575805664e+00
3.825358867645263672e+00
3.645304203033447266e+00
3.862287282943725586e+00
3.333096981048583984e+00
3.543581008911132812e+00
3.461891889572143555e+00
3.674899816513061523e+00
3.774743080139160156e+00
3.866604089736938477e+00
3.608281850814819336e+00
4.233393192291259766e+00
3.359345912933349609e+00
4.378351926803588867e+00
4.298871040344238281e+00
3.172028303146362305e+00
3.168705940246582031e+00
3.633999109268188477e+00
3.710078001022338867e+00
3.221584796905517578e+00
3.638459920883178711e+00
2.799563884735107422e+00
4.456368207931518555e+00
2.677819967269897461e+00
3.614125728607177734e+00
3.793475866317749023e+00
2.647559165954589844e+00
3.272007942199707031e+00
3.416497230529785156e+00
2.869949102401733398e+00
3.392943143844604492e+00
3.867366075515747070e+00
3.590104103088378906e+00
3.422512054443359375e+00
4.457494020462036133e+00
3.758787631988525391e+00
2.485647916793823242e+00
4.126123905181884766e+00
3.760215997695922852e+00
3.997400045394897461e+00
3.901751041412353516e+00
2.452924966812133789e+00
3.178582191467285156e+00
2.899463891983032227e+00
3.715416908264160156e+00
3.170153141021728516e+00
2.586180925369262695e+00
3.313246011734008789e+00
3.819962263107299805e+00
2.771955966949462891e+00
3.441580057144165039e+00
3.046844244003295898e+00
3.125968933105468750e+00
2.886489868164062500e+00
3.145318031311035156e+00
3.028441905975341797e+00
4.008670806884765625e+00
3.268941164016723633e+00
3.490683078765869141e+00
3.209831953048706055e+00
3.557271242141723633e+00
3.650847911834716797e+00
3.751381874084472656e+00
3.277531147003173828e+00
2.814439058303833008e+00
3.096882104873657227e+00
3.400235176086425781e+00
3.483165979385375977e+00
3.453600883483886719e+00
3.286281108856201172e+00
2.972718238830566406e+00
3.206789731979370117e+00
2.848343610763549805e+00
3.264775037765502930e+00
2.326390981674194336e+00
3.797060012817382812e+00
3.005067110061645508e+00
2.581600904464721680e+00
3.752852916717529297e+00
3.239191055297851562e+00
3.717309951782226562e+00
3.733511924743652344e+00
3.620747089385986328e+00
3.528909206390380859e+00
3.185899972915649414e+00
3.331394910812377930e+00
3.743304967880249023e+00
3.421369075775146484e+00
4.948111772537231445e+00
4.074660062789916992e+00
3.594485044479370117e+00
3.695291996002197266e+00
3.145610094070434570e+00
3.229202270507812500e+00
3.532350063323974609e+00
3.263177871704101562e+00
3.861231088638305664e+00
2.895354032516479492e+00
3.528105974197387695e+00
3.392799139022827148e+00
3.254330873489379883e+00
3.060823917388916016e+00
3.207703113555908203e+00
4.157140254974365234e+00
4.347653150558471680e+00
3.407331943511962891e+00
3.460922956466674805e+00
5.003591060638427734e+00
4.273240804672241211e+00
4.198449850082397461e+00
3.287147998809814453e+00
3.861627817153930664e+00
4.549191951751708984e+00
3.685632944107055664e+00
3.248543024063110352e+00
3.989397287368774414e+00
3.698634147644042969e+00
2.493582248687744141e+00
3.155302047729492188e+00
3.493295192718505859e+00
3.147342205047607422e+00
3.304604291915893555e+00
4.921484947204589844e+00
3.549100875854492188e+00
5.183809995651245117e+00
3.198636770248413086e+00
3.821745872497558594e+00
3.881253004074096680e+00
4.477596759796142578e+00
4.830849170684814453e+00
3.570174932479858398e+00
3.250801086425781250e+00
3.515499114990234375e+00
2.965185165405273438e+00
3.383692026138305664e+00
4.063253164291381836e+00
5.876258134841918945e+00
4.015293359756469727e+00
4.108949184417724609e+00
3.356146097183227539e+00
4.927905082702636719e+00
4.115437984466552734e+00
4.671220779418945312e+00
3.676338195800781250e+00
4.303400993347167969e+00
3.137034893035888672e+00
3.918514966964721680e+00
3.269965648651123047e+00
3.583691835403442383e+00
4.039021968841552734e+00
2.917186021804809570e+00
3.365276098251342773e+00
2.934504270553588867e+00
2.671749830245971680e+00
2.796010971069335938e+00
3.419080018997192383e+00
4.083369970321655273e+00
4.111010789871215820e+00
3.437984228134155273e+00
2.832478046417236328e+00
3.434062004089355469e+00
3.417874097824096680e+00
3.031948089599609375e+00
3.481292963027954102e+00
3.426803112030029297e+00
3.054744958877563477e+00
3.310378074645996094e+00
3.250058889389038086e+00
3.920700311660766602e+00
2.921062946319580078e+00
3.069333076477050781e+00
3.665872812271118164e+00
3.661774158477783203e+00
3.620553016662597656e+00
3.933383703231811523e+00
3.656222820281982422e+00
3.645976066589355469e+00
3.248063087463378906e+00
3.409308910369873047e+00
3.382096052169799805e+00
3.831975936889648438e+00
3.615797042846679688e+00
3.663424015045166016e+00
2.954163789749145508e+00
4.541453838348388672e+00
3.427484273910522461e+00
3.403750181198120117e+00
3.690686225891113281e+00
3.649975061416625977e+00
4.598068952560424805e+00
3.855988979339599609e+00
4.028145790100097656e+00
4.931117057800292969e+00
3.637443780899047852e+00
4.030910968780517578e+00
3.088618040084838867e+00
3.756757020950317383e+00
3.892627954483032227e+00
3.446094751358032227e+00
3.232238054275512695e+00
3.466078996658325195e+00
3.217126131057739258e+00
4.094755172729492188e+00
3.021889925003051758e+00
2.850913047790527344e+00
3.867545843124389648e+00
3.167341232299804688e+00
3.916713237762451172e+00
3.391175031661987305e+00
3.027478694915771484e+00
3.672432899475097656e+00
3.354302883148193359e+00
2.590889930725097656e+00
2.288547992706298828e+00
3.800395011901855469e+00
2.382167816162109375e+00
3.671154022216796875e+00
3.704761266708374023e+00
3.488459110260009766e+00
3.773116827011108398e+00
2.947953939437866211e+00
2.952363967895507812e+00
3.225051164627075195e+00
3.703518867492675781e+00
2.994058847427368164e+00
3.536193132400512695e+00
3.898309230804443359e+00
3.459516286849975586e+00
3.852660894393920898e+00
3.456273078918457031e+00
2.982031106948852539e+00
3.880669832229614258e+00
3.502351284027099609e+00
3.617928981781005859e+00
3.758664846420288086e+00
4.020118951797485352e+00
2.707119941711425781e+00
3.064234972000122070e+00
3.121472120285034180e+00
4.598453044891357422e+00
4.206920862197875977e+00
3.975820064544677734e+00
3.858047008514404297e+00
3.897840261459350586e+00
2.399444103240966797e+00
2.835518836975097656e+00
2.508041858673095703e+00
3.312803030014038086e+00
3.736744880676269531e+00
3.238291978836059570e+00
2.721561193466186523e+00
3.469207048416137695e+00
4.247417926788330078e+00
3.364962816238403320e+00
3.550676107406616211e+00
3.066497087478637695e+00
4.195913076400756836e+00
4.187548160552978516e+00
3.621539115905761719e+00
4.255251169204711914e+00
3.126084804534912109e+00
3.131844043731689453e+00
3.187609672546386719e+00
3.190116643905639648e+00
3.213643789291381836e+00
2.635921955108642578e+00
3.244465112686157227e+00
3.106794834136962891e+00
3.993889093399047852e+00
2.407218217849731445e+00
3.933099031448364258e+00
4.239464044570922852e+00
3.858865976333618164e+00
2.748454332351684570e+00
3.430999040603637695e+00
3.446481943130493164e+00
3.523478984832763672e+00
3.491142034530639648e+00
3.293417930603027344e+00
3.103075981140136719e+00
3.658456802368164062e+00
3.318533182144165039e+00
3.369771957397460938e+00
3.565123796463012695e+00
3.799602031707763672e+00
3.397707700729370117e+00
3.404274940490722656e+00
5.475564002990722656e+00
4.946082830429077148e+00
2.564756870269775391e+00
3.159126758575439453e+00
2.892756938934326172e+00
3.852468013763427734e+00
2.957744836807250977e+00
3.851939678192138672e+00
5.216041803359985352e+00
3.568518877029418945e+00
3.887778043746948242e+00
3.373865365982055664e+00
3.181858777999877930e+00
3.158550024032592773e+00
3.901084899902343750e+00
4.653477191925048828e+00
3.293940067291259766e+00
4.726120233535766602e+00
2.668496847152709961e+00
3.462278127670288086e+00
3.793596982955932617e+00
3.987807989120483398e+00
3.742906093597412109e+00
3.498598814010620117e+00
3.126044273376464844e+00
3.406747102737426758e+00
3.580729961395263672e+00
4.892343759536743164e+00
3.559612035751342773e+00
5.138839006423950195e+00
3.154034852981567383e+00
3.686850786209106445e+00
3.859138011932373047e+00
3.977354049682617188e+00
3.829296827316284180e+00
3.390676021575927734e+00
3.059520006179809570e+00
3.696709156036376953e+00
4.048977136611938477e+00
3.186135053634643555e+00
2.815944910049438477e+00
4.004511117935180664e+00
2.887427091598510742e+00
4.146783351898193359e+00
4.553527116775512695e+00
3.221041202545166016e+00
4.333580970764160156e+00
3.040652036666870117e+00
3.043493270874023438e+00
3.691563129425048828e+00
3.266499996185302734e+00
3.335968971252441406e+00
3.584190845489501953e+00
3.620743036270141602e+00
4.145731925964355469e+00
2.689094066619873047e+00
3.863891839981079102e+00
4.332746982574462891e+00
3.242329120635986328e+00
4.278114795684814453e+00
3.824347972869873047e+00
4.846209049224853516e+00
3.437186002731323242e+00
3.873840093612670898e+00
4.485130548477172852e+00
3.308880805969238281e+00
3.397123098373413086e+00
2.882539987564086914e+00
3.396645069122314453e+00
3.863160848617553711e+00
3.708627223968505859e+00
4.285893201828002930e+00
3.927253961563110352e+00
3.680613040924072266e+00
3.391952753067016602e+00
3.428773880004882812e+00
4.654881000518798828e+00
4.734387159347534180e+00
3.674320936203002930e+00
4.573080062866210938e+00
3.648205995559692383e+00
4.855555772781372070e+00
5.324152708053588867e+00
3.691350221633911133e+00
4.120967864990234375e+00
3.756746053695678711e+00
4.904855012893676758e+00
3.687474966049194336e+00
3.697832107543945312e+00
3.544198036193847656e+00
3.575034856796264648e+00
3.638400077819824219e+00
3.914721012115478516e+00
3.755280971527099609e+00
3.510216951370239258e+00
3.265786886215209961e+00
3.783708095550537109e+00
3.745805025100708008e+00
3.887956857681274414e+00
3.095824956893920898e+00
4.017569065093994141e+00
2.485526084899902344e+00
3.931267261505126953e+00
4.090451002120971680e+00
3.318131923675537109e+00
3.886738300323486328e+00
3.275502204895019531e+00
4.391489028930664062e+00
3.597527027130126953e+00
3.229382991790771484e+00
4.056030988693237305e+00
3.993814945220947266e+00
4.027044057846069336e+00
3.107591867446899414e+00
4.494699001312255859e+00
3.259109020233154297e+00
3.817136049270629883e+00
2.824282884597778320e+00
3.583717823028564453e+00
4.085084915161132812e+00
4.242572069168090820e+00
3.893228054046630859e+00
4.739923954010009766e+00
4.372004985809326172e+00
4.303580045700073242e+00
4.576811075210571289e+00
4.579725265502929688e+00
6.907494068145751953e+00
5.484876155853271484e+00
3.638414144515991211e+00
3.550013065338134766e+00
3.594818115234375000e+00
3.590591907501220703e+00
3.578881025314331055e+00
2.452516078948974609e+00
4.162741899490356445e+00
4.467300891876220703e+00
4.130853176116943359e+00
4.243229866027832031e+00
4.134916305541992188e+00
4.263804912567138672e+00
3.764816045761108398e+00
4.547208786010742188e+00
3.948434829711914062e+00
4.548434972763061523e+00
4.726002216339111328e+00
3.533812046051025391e+00
3.471351861953735352e+00
3.650345325469970703e+00
4.548647880554199219e+00
2.669246912002563477e+00
4.365287780761718750e+00
2.985146760940551758e+00
3.357070684432983398e+00
3.489615917205810547e+00
3.665903329849243164e+00
4.107908010482788086e+00
3.602947711944580078e+00
4.330854892730712891e+00
4.372910022735595703e+00
4.108052968978881836e+00
4.480427980422973633e+00
3.317382335662841797e+00
2.568529129028320312e+00
4.773232698440551758e+00
3.627648115158081055e+00
3.679361104965209961e+00
4.881152153015136719e+00
4.420234203338623047e+00
4.102603912353515625e+00
3.861104011535644531e+00
3.776350975036621094e+00
3.719677925109863281e+00
4.023917913436889648e+00
2.921220779418945312e+00
3.874256849288940430e+00
3.397198915481567383e+00
3.085150957107543945e+00
3.584155082702636719e+00
3.495063066482543945e+00
4.925065994262695312e+00
3.514607191085815430e+00
4.232302188873291016e+00
2.956635951995849609e+00
2.931334972381591797e+00
3.120187044143676758e+00
3.128643035888671875e+00
3.795046329498291016e+00
5.037504911422729492e+00
4.072066068649291992e+00
4.298498868942260742e+00
3.793231010437011719e+00
3.764166831970214844e+00
3.901982784271240234e+00
2.940978050231933594e+00
4.114884138107299805e+00
3.999159097671508789e+00
3.969096899032592773e+00
4.160458087921142578e+00
3.970286846160888672e+00
4.008311033248901367e+00
2.314687967300415039e+00
3.955818891525268555e+00
4.599026918411254883e+00
3.988250970840454102e+00
5.968312978744506836e+00
3.412565946578979492e+00
2.768360853195190430e+00
3.409035682678222656e+00
3.455869913101196289e+00
3.972982168197631836e+00
5.308203935623168945e+00
2.856800079345703125e+00
2.739426136016845703e+00
3.461410999298095703e+00
4.376683950424194336e+00
3.822074890136718750e+00
3.519728183746337891e+00
3.464565038681030273e+00
4.114848613739013672e+00
3.518542766571044922e+00
3.560374975204467773e+00
4.543292999267578125e+00
3.569484949111938477e+00
3.416868925094604492e+00
3.577250957489013672e+00
3.372653007507324219e+00
2.526720762252807617e+00
4.826592922210693359e+00
3.650871992111206055e+00
3.543439149856567383e+00
3.635126113891601562e+00
3.316972970962524414e+00
3.782527923583984375e+00
2.630364179611206055e+00
3.316302061080932617e+00
2.723855972290039062e+00
3.255367040634155273e+00
3.619760990142822266e+00
2.728816032409667969e+00
3.191009044647216797e+00
3.808663129806518555e+00
3.788889884948730469e+00
3.071479082107543945e+00
3.896604061126708984e+00
3.707225799560546875e+00
3.308831930160522461e+00
2.872742891311645508e+00
2.961627006530761719e+00
2.868320941925048828e+00
4.128562927246093750e+00
2.890311002731323242e+00
4.134068965911865234e+00
2.733327865600585938e+00
4.144049882888793945e+00
3.911595106124877930e+00
3.453924894332885742e+00
3.163465976715087891e+00
2.864407062530517578e+00
3.312698125839233398e+00
2.430749177932739258e+00
3.233253955841064453e+00
2.550853252410888672e+00
2.251918077468872070e+00
3.648994922637939453e+00
3.258038043975830078e+00
3.263611078262329102e+00
3.233418941497802734e+00
2.724359035491943359e+00
3.296725034713745117e+00
3.497056007385253906e+00
2.953016042709350586e+00
2.878884792327880859e+00
2.860034942626953125e+00
4.327660083770751953e+00
3.479045867919921875e+00
3.105022192001342773e+00
3.146660089492797852e+00
3.703001022338867188e+00
3.711863994598388672e+00
4.324875831604003906e+00
3.333492994308471680e+00
4.285754919052124023e+00
3.737939119338989258e+00
3.006536006927490234e+00
3.790609836578369141e+00
3.365958929061889648e+00
2.169682741165161133e+00
3.713803768157958984e+00
4.714359045028686523e+00
3.353003978729248047e+00
3.512125968933105469e+00
3.433349847793579102e+00
3.100844144821166992e+00
3.402770996093750000e+00
2.574697017669677734e+00
3.566670894622802734e+00
3.175451040267944336e+00
3.238659143447875977e+00
2.799150705337524414e+00
3.041444063186645508e+00
3.528129816055297852e+00
3.073006153106689453e+00
3.639328956604003906e+00
2.459173202514648438e+00
3.731074094772338867e+00
3.265743255615234375e+00
2.944348812103271484e+00
3.137611865997314453e+00
2.402354001998901367e+00
3.527165174484252930e+00
2.879306793212890625e+00
2.907603025436401367e+00
3.257442951202392578e+00
2.894279003143310547e+00
3.688868045806884766e+00
2.869866847991943359e+00
2.597408056259155273e+00
2.619929075241088867e+00
4.260132074356079102e+00
3.534905195236206055e+00
2.626142978668212891e+00
4.294235944747924805e+00
2.806293010711669922e+00
3.270112037658691406e+00
4.154866933822631836e+00
3.956485033035278320e+00
4.358557939529418945e+00
3.410758018493652344e+00
4.189895868301391602e+00
3.880759000778198242e+00
3.043597698211669922e+00
3.527942895889282227e+00
3.547897100448608398e+00
3.645673036575317383e+00
4.653168916702270508e+00
3.467490911483764648e+00
3.803387165069580078e+00
3.618360042572021484e+00
4.002038002014160156e+00
4.713697910308837891e+00
3.640465974807739258e+00
4.760296821594238281e+00
3.900320053100585938e+00
4.952175140380859375e+00
4.775097846984863281e+00
3.595591068267822266e+00
4.116482019424438477e+00
3.674975395202636719e+00
3.485819101333618164e+00
3.551789045333862305e+00
3.155169010162353516e+00
3.573348283767700195e+00
4.590435981750488281e+00
3.841936349868774414e+00
2.852868795394897461e+00
3.646202087402343750e+00
4.006608963012695312e+00
3.860170125961303711e+00
3.448102235794067383e+00
3.874526977539062500e+00
3.878329992294311523e+00
4.822424888610839844e+00
3.552477836608886719e+00
4.438053131103515625e+00
4.459975957870483398e+00
3.644860982894897461e+00
4.914026975631713867e+00
3.622359037399291992e+00
4.657894134521484375e+00
4.531732082366943359e+00
3.993875980377197266e+00
4.042304039001464844e+00
3.195826053619384766e+00
4.307976007461547852e+00
4.012876033782958984e+00
4.447281122207641602e+00
5.083091020584106445e+00
5.000882148742675781e+00
3.822960853576660156e+00
3.525435924530029297e+00
5.413232088088989258e+00
5.578845024108886719e+00
3.770511150360107422e+00
3.721866846084594727e+00
3.816544055938720703e+00
4.453319072723388672e+00
3.733712911605834961e+00
5.012195110321044922e+00
4.742818117141723633e+00
4.261045932769775391e+00
5.621286869049072266e+00
3.419476985931396484e+00
3.837769985198974609e+00
5.021934032440185547e+00
3.854969024658203125e+00
5.092249155044555664e+00
3.237076997756958008e+00
4.019747018814086914e+00
5.070698976516723633e+00
4.866637945175170898e+00
4.493362903594970703e+00
3.992829084396362305e+00
3.261939048767089844e+00
4.608364105224609375e+00
3.063935995101928711e+00
4.136955976486206055e+00
4.559162139892578125e+00
2.781194925308227539e+00
3.463526964187622070e+00
4.131044149398803711e+00
3.750797748565673828e+00
5.065554141998291016e+00
3.873136043548583984e+00
4.363198041915893555e+00
3.782692909240722656e+00
3.945177078247070312e+00
4.732027053833007812e+00
3.735113143920898438e+00
5.935076713562011719e+00
4.121233224868774414e+00
4.207627058029174805e+00
4.385169982910156250e+00
3.853714942932128906e+00
3.848704099655151367e+00
3.440314054489135742e+00
3.887058973312377930e+00
4.686012029647827148e+00
4.002817153930664062e+00
3.752237081527709961e+00
4.214292049407958984e+00
3.511751890182495117e+00
4.036468982696533203e+00
4.014734983444213867e+00
3.543207168579101562e+00
3.127996206283569336e+00
4.051810979843139648e+00
4.371030092239379883e+00
4.005366086959838867e+00
4.085708141326904297e+00
4.464895963668823242e+00
2.205138206481933594e+00
3.858476161956787109e+00
3.938576221466064453e+00
4.308351039886474609e+00
3.280054092407226562e+00
4.403126955032348633e+00
5.009489059448242188e+00
3.291358947753906250e+00
3.369181394577026367e+00
3.661514043807983398e+00
4.497376203536987305e+00
3.340857982635498047e+00
3.669473171234130859e+00
4.170145988464355469e+00
3.791726827621459961e+00
3.999350070953369141e+00
4.797475814819335938e+00
3.387567043304443359e+00
3.425432205200195312e+00
3.358557939529418945e+00
3.840129137039184570e+00
3.757278919219970703e+00
4.398845911026000977e+00
3.334291934967041016e+00
4.225157976150512695e+00
4.377934932708740234e+00
4.577451944351196289e+00
4.120939016342163086e+00
4.083070039749145508e+00
3.836552858352661133e+00
4.564901113510131836e+00
3.480495929718017578e+00
3.589241027832031250e+00
4.580820798873901367e+00
3.562371015548706055e+00
4.492368221282958984e+00
4.148489952087402344e+00
2.905685901641845703e+00
3.691152095794677734e+00
4.685100078582763672e+00
3.745880126953125000e+00
3.053462028503417969e+00
4.753786087036132812e+00
3.070848941802978516e+00
4.954947233200073242e+00
3.930310010910034180e+00
4.623445034027099609e+00
3.984480857849121094e+00
2.750144004821777344e+00
2.774908065795898438e+00
3.342467069625854492e+00
4.561113119125366211e+00
4.058197021484375000e+00
3.547375917434692383e+00
3.589951038360595703e+00
3.527903079986572266e+00
4.037554979324340820e+00
3.700623989105224609e+00
2.868438005447387695e+00
3.157423734664916992e+00
3.216504096984863281e+00
3.792169809341430664e+00
4.067175865173339844e+00
3.790159225463867188e+00
3.603049993515014648e+00
3.496154069900512695e+00
3.629044055938720703e+00
3.163778066635131836e+00
4.097760200500488281e+00
3.023984909057617188e+00
3.934528827667236328e+00
3.295332908630371094e+00
3.901777029037475586e+00
3.822886943817138672e+00
2.989869117736816406e+00
3.687717914581298828e+00
3.793617963790893555e+00
3.891850948333740234e+00
3.901592969894409180e+00
2.812242984771728516e+00
4.222804069519042969e+00
4.225171089172363281e+00
3.700329065322875977e+00
4.034060001373291016e+00
3.744714021682739258e+00
4.223118305206298828e+00
4.137861251831054688e+00
3.463271856307983398e+00
3.380443096160888672e+00
3.508920192718505859e+00
3.134777069091796875e+00
2.882004976272583008e+00
4.282574892044067383e+00
4.233932018280029297e+00
3.578701734542846680e+00
3.680487871170043945e+00
5.006293058395385742e+00
4.155421257019042969e+00
4.172874927520751953e+00
3.179263830184936523e+00
4.440420150756835938e+00
3.100103139877319336e+00
2.317382097244262695e+00
2.756840229034423828e+00
3.362989187240600586e+00
3.307225942611694336e+00
2.753826856613159180e+00
3.529355049133300781e+00
3.362001895904541016e+00
2.600476741790771484e+00
3.995986938476562500e+00
3.428586959838867188e+00
2.301971912384033203e+00
3.072446823120117188e+00
3.112962245941162109e+00
3.483277082443237305e+00
3.353381872177124023e+00
3.114267826080322266e+00
3.652538776397705078e+00
3.089401006698608398e+00
3.065071821212768555e+00
3.771327018737792969e+00
3.102874994277954102e+00
3.728532075881958008e+00
3.154867172241210938e+00
3.899781703948974609e+00
3.301058053970336914e+00
3.102702856063842773e+00
3.598285198211669922e+00
3.428843975067138672e+00
3.283670186996459961e+00
3.231094121932983398e+00
2.619256019592285156e+00
3.627551078796386719e+00
3.359785079956054688e+00
3.188637018203735352e+00
3.739581823348999023e+00
3.391684055328369141e+00
2.946469306945800781e+00
3.545993804931640625e+00
3.457050085067749023e+00
2.566118001937866211e+00
3.549864292144775391e+00
3.458146095275878906e+00
2.880964040756225586e+00
4.095199823379516602e+00
3.062541961669921875e+00
2.861085891723632812e+00
2.793246269226074219e+00
3.266583204269409180e+00
2.881601095199584961e+00
4.158284902572631836e+00
4.007002830505371094e+00
3.717052936553955078e+00
4.083617210388183594e+00
3.596419095993041992e+00
3.332607984542846680e+00
2.564195871353149414e+00
3.442960023880004883e+00
3.766019821166992188e+00
3.053766012191772461e+00
3.664083003997802734e+00
2.700313806533813477e+00
3.404093980789184570e+00
3.206357002258300781e+00
3.137692928314208984e+00
3.602897882461547852e+00
3.774502992630004883e+00
3.529519081115722656e+00
3.283675193786621094e+00
3.952737092971801758e+00
3.186867952346801758e+00
3.431588888168334961e+00
3.692350149154663086e+00
4.430690050125122070e+00
2.766115188598632812e+00
3.484872102737426758e+00
3.986765146255493164e+00
3.491850137710571289e+00
3.353135824203491211e+00
3.314715862274169922e+00
3.587000131607055664e+00
3.501459836959838867e+00
3.535819053649902344e+00
3.372959852218627930e+00
2.839097023010253906e+00
3.618910074234008789e+00
3.350136280059814453e+00
4.537839889526367188e+00
3.305287837982177734e+00
3.260910987854003906e+00
2.875444889068603516e+00
3.533579111099243164e+00
3.842660903930664062e+00
3.933749198913574219e+00
3.482831239700317383e+00
4.759646892547607422e+00
3.371932029724121094e+00
3.356437683105468750e+00
4.541383981704711914e+00
3.093319177627563477e+00
4.140011072158813477e+00
4.398360013961791992e+00
3.404966115951538086e+00
3.600394964218139648e+00
3.720887899398803711e+00
3.802874088287353516e+00
3.042649269104003906e+00
2.916250228881835938e+00
3.563085079193115234e+00
2.745411872863769531e+00
3.169994831085205078e+00
3.237962961196899414e+00
4.402731180191040039e+00
4.797426939010620117e+00
3.305803060531616211e+00
4.308572292327880859e+00
3.615752935409545898e+00
3.734763860702514648e+00
3.281853914260864258e+00
3.065471887588500977e+00
3.369204044342041016e+00
3.465711832046508789e+00
3.675340652465820312e+00
2.756542921066284180e+00
2.989526033401489258e+00
3.381278991699218750e+00
2.711748838424682617e+00
2.793473958969116211e+00
3.541206836700439453e+00
3.603662967681884766e+00
3.268482923507690430e+00
3.563018083572387695e+00
4.206357955932617188e+00
3.509417057037353516e+00
3.419825077056884766e+00
4.157979011535644531e+00
3.584372043609619141e+00
3.601933717727661133e+00
3.857504129409790039e+00
3.727871179580688477e+00
4.244777917861938477e+00
2.866520166397094727e+00
3.048958301544189453e+00
4.213522911071777344e+00
2.661398172378540039e+00
3.158094882965087891e+00
3.093421936035156250e+00
4.118957042694091797e+00
2.977082014083862305e+00
4.354214191436767578e+00
4.366197109222412109e+00
4.301019191741943359e+00
4.361000061035156250e+00
3.184117078781127930e+00
3.874083995819091797e+00
3.342519998550415039e+00
4.327446937561035156e+00
4.168904781341552734e+00
4.261915922164916992e+00
3.429850101470947266e+00
5.408533096313476562e+00
3.410048007965087891e+00
3.559468030929565430e+00
3.415044784545898438e+00
4.319156169891357422e+00
3.413241863250732422e+00
4.352895021438598633e+00
3.491486072540283203e+00
4.147047042846679688e+00
3.574461936950683594e+00
2.217967033386230469e+00
3.608344078063964844e+00
3.610271930694580078e+00
4.154301881790161133e+00
4.082350015640258789e+00
4.030116081237792969e+00
3.704923152923583984e+00
3.637287139892578125e+00
3.709189891815185547e+00
3.664135932922363281e+00
3.526730060577392578e+00
4.239752054214477539e+00
3.524639844894409180e+00
3.981873035430908203e+00
4.095039129257202148e+00
3.632660865783691406e+00
3.285034894943237305e+00
2.516661882400512695e+00
3.878245115280151367e+00
3.654978990554809570e+00
3.667062044143676758e+00
3.169187068939208984e+00
3.794643878936767578e+00
4.143227100372314453e+00
3.646795988082885742e+00
2.939373016357421875e+00
3.797624111175537109e+00
3.168189048767089844e+00
4.357492923736572266e+00
4.655198097229003906e+00
2.720849037170410156e+00
3.856529951095581055e+00
3.659312963485717773e+00
3.749434232711791992e+00
3.330001831054687500e+00
4.699871063232421875e+00
3.495914936065673828e+00
2.786260128021240234e+00
3.433938264846801758e+00
3.093416929244995117e+00
4.268105983734130859e+00
4.819819927215576172e+00
2.663639783859252930e+00
3.047231912612915039e+00
3.528060913085937500e+00
4.437275886535644531e+00
3.786247730255126953e+00
4.036057949066162109e+00
4.145317077636718750e+00
3.993031740188598633e+00
4.246059179306030273e+00
3.937434196472167969e+00
4.859675884246826172e+00
4.146658182144165039e+00
3.839745998382568359e+00
4.168365001678466797e+00
3.814798116683959961e+00
3.895576953887939453e+00
4.257066011428833008e+00
3.190980911254882812e+00
3.395077943801879883e+00
2.872121095657348633e+00
3.112615108489990234e+00
4.607034921646118164e+00
3.260219335556030273e+00
3.288413047790527344e+00
3.750354051589965820e+00
3.506654024124145508e+00
3.598613977432250977e+00
2.978139877319335938e+00
3.322502136230468750e+00
3.397398948669433594e+00
3.795557975769042969e+00
4.150323867797851562e+00
3.077667951583862305e+00
3.046517133712768555e+00
3.586469888687133789e+00
3.672030925750732422e+00
4.400162935256958008e+00
3.139537096023559570e+00
3.614873886108398438e+00
3.909253120422363281e+00
3.283512115478515625e+00
3.309041738510131836e+00
3.769000053405761719e+00
4.009047985076904297e+00
3.374658107757568359e+00
3.984916925430297852e+00
3.112737178802490234e+00
2.725322961807250977e+00
3.454573154449462891e+00
3.060127019882202148e+00
3.503448247909545898e+00
2.857405185699462891e+00
4.561139345169067383e+00
3.631458759307861328e+00
3.282069921493530273e+00
3.381761789321899414e+00
2.851776123046875000e+00
3.539077997207641602e+00
3.302180051803588867e+00
3.693674087524414062e+00
3.363997936248779297e+00
3.285617113113403320e+00
3.085107326507568359e+00
3.619736671447753906e+00
3.527973175048828125e+00
2.683604955673217773e+00
3.832441806793212891e+00
3.715515136718750000e+00
3.891561985015869141e+00
3.436616897583007812e+00
3.153944253921508789e+00
3.755577087402343750e+00
3.932286024093627930e+00
3.176520824432373047e+00
3.304222345352172852e+00
3.689378738403320312e+00
3.594001293182373047e+00
4.065519094467163086e+00
3.528691768646240234e+00
3.579424858093261719e+00
4.214406967163085938e+00
3.694875240325927734e+00
3.820798873901367188e+00
4.344798088073730469e+00
3.132462263107299805e+00
4.325776815414428711e+00
4.244083881378173828e+00
4.165256977081298828e+00
4.337304115295410156e+00
3.909726381301879883e+00
4.769869089126586914e+00
3.812999010086059570e+00
4.146399974822998047e+00
3.698099136352539062e+00
3.544050216674804688e+00
4.073692083358764648e+00
4.481506824493408203e+00
4.289048910140991211e+00
4.326964139938354492e+00
3.543954133987426758e+00
4.756668806076049805e+00
4.454821109771728516e+00
3.943830013275146484e+00
4.207892894744873047e+00
3.215230941772460938e+00
3.751187086105346680e+00
4.451934337615966797e+00
4.385797977447509766e+00
2.804404973983764648e+00
4.455842018127441406e+00
3.806905031204223633e+00
4.087999105453491211e+00
4.013071775436401367e+00
4.255894660949707031e+00
3.700313091278076172e+00
2.852391958236694336e+00
4.233192920684814453e+00
4.001373052597045898e+00
4.407703876495361328e+00
4.132477045059204102e+00
3.955238819122314453e+00
3.765738010406494141e+00
4.357512950897216797e+00
4.442089796066284180e+00
4.235833883285522461e+00
3.706631898880004883e+00
4.378670215606689453e+00
4.170569181442260742e+00
4.601498126983642578e+00
4.731699943542480469e+00
4.511024713516235352e+00
4.033747911453247070e+00
4.040367841720581055e+00
4.265697240829467773e+00
3.962640285491943359e+00
4.543017864227294922e+00
4.495748996734619141e+00
3.793162107467651367e+00
3.216412067413330078e+00
3.849953889846801758e+00
4.950513839721679688e+00
4.086027860641479492e+00
3.844058036804199219e+00
4.595437049865722656e+00
3.931148052215576172e+00
3.906083106994628906e+00
4.877970933914184570e+00
4.632635116577148438e+00
3.280876159667968750e+00
4.296817302703857422e+00
5.087956905364990234e+00
3.231171131134033203e+00
3.474181175231933594e+00
3.524719953536987305e+00
3.521551132202148438e+00
3.377678155899047852e+00
4.149773836135864258e+00
4.024021863937377930e+00
3.641921997070312500e+00
4.060471057891845703e+00
4.438101053237915039e+00
2.813436031341552734e+00
4.180009841918945312e+00
3.546222209930419922e+00
3.617535829544067383e+00
3.803788185119628906e+00
4.979917049407958984e+00
3.206249952316284180e+00
4.259544134140014648e+00
5.205886840820312500e+00
4.245803117752075195e+00
3.907963991165161133e+00
3.232975959777832031e+00
3.921850204467773438e+00
4.582597970962524414e+00
5.258938074111938477e+00
3.983987331390380859e+00
4.511615991592407227e+00
3.284047842025756836e+00
3.135379076004028320e+00
4.931387901306152344e+00
3.393812894821166992e+00
3.404359102249145508e+00
3.410426855087280273e+00
4.116233825683593750e+00
4.120968818664550781e+00
5.319644212722778320e+00
3.447690010070800781e+00
4.684703826904296875e+00
4.145190954208374023e+00
4.188304185867309570e+00
5.132653951644897461e+00
3.531362056732177734e+00
5.187391042709350586e+00
3.532768964767456055e+00
3.972425937652587891e+00
3.567816019058227539e+00
3.023683071136474609e+00
4.908156871795654297e+00
3.591124296188354492e+00
3.612569093704223633e+00
3.578005075454711914e+00
3.154632091522216797e+00
3.193840265274047852e+00
4.651805877685546875e+00
4.145018815994262695e+00
4.319305181503295898e+00
4.271574020385742188e+00
4.040219068527221680e+00
3.674043178558349609e+00
4.089219093322753906e+00
2.623227119445800781e+00
3.720248222351074219e+00
3.724986076354980469e+00
3.313641071319580078e+00
3.734928131103515625e+00
4.437287092208862305e+00
3.749794006347656250e+00
3.231382846832275391e+00
2.855303049087524414e+00
3.485168933868408203e+00
3.304533958435058594e+00
3.887195110321044922e+00
3.922924995422363281e+00
3.483473300933837891e+00
3.910331010818481445e+00
4.002418756484985352e+00
4.693890094757080078e+00
4.705044984817504883e+00
3.498815059661865234e+00
3.947012901306152344e+00
4.418959856033325195e+00
3.220664978027343750e+00
3.857055902481079102e+00
4.392457962036132812e+00
3.249769926071166992e+00
4.716488838195800781e+00
4.044800996780395508e+00
2.849633932113647461e+00
4.648797035217285156e+00
4.001720905303955078e+00
3.978893995285034180e+00
3.763735771179199219e+00
3.574533939361572266e+00
4.832502126693725586e+00
3.758761882781982422e+00
4.848419666290283203e+00
3.869572162628173828e+00
3.679810047149658203e+00
2.955105066299438477e+00
4.566696882247924805e+00
3.545403242111206055e+00
4.858358860015869141e+00
4.159155845642089844e+00
3.268793106079101562e+00
4.885340213775634766e+00
4.211145162582397461e+00
3.185785770416259766e+00
3.919746160507202148e+00
3.953231096267700195e+00
4.286090135574340820e+00
3.375631809234619141e+00
3.300099134445190430e+00
3.868170976638793945e+00
4.139203071594238281e+00
5.201352357864379883e+00
3.716388702392578125e+00
4.112208127975463867e+00
3.961824893951416016e+00
4.350416898727416992e+00
2.466918945312500000e+00
4.258705854415893555e+00
4.112601995468139648e+00
4.633956193923950195e+00
4.265398979187011719e+00
5.423747062683105469e+00
2.933149814605712891e+00
3.983952999114990234e+00
4.116115808486938477e+00
4.180155277252197266e+00
3.790942192077636719e+00
3.100859165191650391e+00
4.328948974609375000e+00
5.440500020980834961e+00
4.402780771255493164e+00
4.643279790878295898e+00
3.611739873886108398e+00
4.491800069808959961e+00
3.562579870223999023e+00
2.666096210479736328e+00
4.063767671585083008e+00
2.688050985336303711e+00
4.045150041580200195e+00
3.687259912490844727e+00
4.479402065277099609e+00
2.816295146942138672e+00
2.920119047164916992e+00
3.039468050003051758e+00
2.887897014617919922e+00
3.209240913391113281e+00
4.680724859237670898e+00
3.310132265090942383e+00
3.321428060531616211e+00
3.230573177337646484e+00
2.932205677032470703e+00
3.858401775360107422e+00
3.867138147354125977e+00
4.006417274475097656e+00
2.909522056579589844e+00
2.939794301986694336e+00
3.283874034881591797e+00
5.168356895446777344e+00
4.401145219802856445e+00
3.326450109481811523e+00
3.311913967132568359e+00
2.188683032989501953e+00
2.976276874542236328e+00
2.753846883773803711e+00
4.277935981750488281e+00
3.760432004928588867e+00
3.365451097488403320e+00
2.794071912765502930e+00
3.369629383087158203e+00
3.063969612121582031e+00
2.871340036392211914e+00
2.834968805313110352e+00
2.607922077178955078e+00
3.687234878540039062e+00
3.540204048156738281e+00
4.982122898101806641e+00
3.128525018692016602e+00
3.288110017776489258e+00
4.718044042587280273e+00
3.778496980667114258e+00
2.899691820144653320e+00
3.069738864898681641e+00
3.736553907394409180e+00
4.517117023468017578e+00
2.473385334014892578e+00
6.037163019180297852e+00
3.798760175704956055e+00
3.279936075210571289e+00
3.668820858001708984e+00
4.652070045471191406e+00
3.504836797714233398e+00
3.456112146377563477e+00
3.161239147186279297e+00
3.071107149124145508e+00
2.501415252685546875e+00
3.573209047317504883e+00
3.587727785110473633e+00
3.027142047882080078e+00
3.702181816101074219e+00
3.523495912551879883e+00
3.799958944320678711e+00
3.799987316131591797e+00
3.049407005310058594e+00
3.878076791763305664e+00
2.748763799667358398e+00
3.380424976348876953e+00
3.620106220245361328e+00
3.635737180709838867e+00
3.709038972854614258e+00
3.678807020187377930e+00
3.650823831558227539e+00
3.531313180923461914e+00
3.146117925643920898e+00
3.644927978515625000e+00
3.235911130905151367e+00
4.640059947967529297e+00
3.998813867568969727e+00
4.002191066741943359e+00
3.725764036178588867e+00
3.989701271057128906e+00
4.125042200088500977e+00
3.417909860610961914e+00
3.245645999908447266e+00
4.300196170806884766e+00
4.039745092391967773e+00
4.271077871322631836e+00
4.255192995071411133e+00
4.218031167984008789e+00
3.319212913513183594e+00
3.252403020858764648e+00
4.029282093048095703e+00
3.348226070404052734e+00
4.309280872344970703e+00
3.085142850875854492e+00
2.987164974212646484e+00
2.883361101150512695e+00
3.542603969573974609e+00
4.044826030731201172e+00
3.159984111785888672e+00
3.090572118759155273e+00
2.870210170745849609e+00
2.574018716812133789e+00
3.198809146881103516e+00
3.307642936706542969e+00
4.032155752182006836e+00
3.124505043029785156e+00
2.268121957778930664e+00
3.020366907119750977e+00
2.726068258285522461e+00
3.148006916046142578e+00
3.792783021926879883e+00
3.716520309448242188e+00
3.544894933700561523e+00
3.546147823333740234e+00
4.524771928787231445e+00
2.932276964187622070e+00
2.794114112854003906e+00
4.033982038497924805e+00
2.801971912384033203e+00
2.792435884475708008e+00
3.263812780380249023e+00
3.741086959838867188e+00
2.698081970214843750e+00
3.364076137542724609e+00
2.891889095306396484e+00
2.740098237991333008e+00
3.470191955566406250e+00
3.307018995285034180e+00
2.833034038543701172e+00
3.455376863479614258e+00
3.766039133071899414e+00
3.090464115142822266e+00
3.496029853820800781e+00
2.776373863220214844e+00
2.562513828277587891e+00
3.793653011322021484e+00
3.550418853759765625e+00
3.462265968322753906e+00
3.157089948654174805e+00
3.885005712509155273e+00
3.586194992065429688e+00
4.003938913345336914e+00
4.208084821701049805e+00
3.536769151687622070e+00
4.514669656753540039e+00
5.059833049774169922e+00
3.558568954467773438e+00
3.842217922210693359e+00
3.754960060119628906e+00
3.267170667648315430e+00
3.652802705764770508e+00
3.171559095382690430e+00
3.724620103836059570e+00
4.157626867294311523e+00
3.115873098373413086e+00
3.190894126892089844e+00
3.663913965225219727e+00
3.223027944564819336e+00
4.438477993011474609e+00
3.526435136795043945e+00
3.740269184112548828e+00
3.538605690002441406e+00
2.986217021942138672e+00
2.671666860580444336e+00
2.915276050567626953e+00
3.298064708709716797e+00
4.091661691665649414e+00
3.471931934356689453e+00
4.113353013992309570e+00
3.804736137390136719e+00
3.828022956848144531e+00
2.841800928115844727e+00
3.540008783340454102e+00
4.090422153472900391e+00
3.620718002319335938e+00
2.902111053466796875e+00
4.133145093917846680e+00
3.564651727676391602e+00
3.132847070693969727e+00
4.054007053375244141e+00
2.989547014236450195e+00
3.841948747634887695e+00
3.652996063232421875e+00
3.811982870101928711e+00
4.608143806457519531e+00
3.853036880493164062e+00
4.279214143753051758e+00
4.261554956436157227e+00
3.290685892105102539e+00
3.880112171173095703e+00
2.670682191848754883e+00
3.247685909271240234e+00
3.241905212402343750e+00
3.117872238159179688e+00
3.224519014358520508e+00
4.037603855133056641e+00
3.925588369369506836e+00
3.846699953079223633e+00
3.413051128387451172e+00
3.588299036026000977e+00
3.221143245697021484e+00
3.260424852371215820e+00
4.474457025527954102e+00
3.273110866546630859e+00
3.412879228591918945e+00
3.290472984313964844e+00
3.063511133193969727e+00
3.404578924179077148e+00
2.869158983230590820e+00
3.399691104888916016e+00
3.717963933944702148e+00
3.517322063446044922e+00
3.335235834121704102e+00
3.840265989303588867e+00
2.955927848815917969e+00
3.479114055633544922e+00
4.268732070922851562e+00
3.168534994125366211e+00
2.777354001998901367e+00
3.105678081512451172e+00
3.279824018478393555e+00
4.345875978469848633e+00
3.241573810577392578e+00
2.794219970703125000e+00
3.741821050643920898e+00
3.636620998382568359e+00
3.385168075561523438e+00
3.697491168975830078e+00
3.016999959945678711e+00
2.944346904754638672e+00
3.407402038574218750e+00
3.844399929046630859e+00
4.517503023147583008e+00
3.082692861557006836e+00
4.221882820129394531e+00
3.782062768936157227e+00
3.374235153198242188e+00
4.745104074478149414e+00
3.402235746383666992e+00
3.872095823287963867e+00
4.551223993301391602e+00
4.757044792175292969e+00
4.573151826858520508e+00
3.538223981857299805e+00
3.483342170715332031e+00
2.784170866012573242e+00
3.703909873962402344e+00
4.616324186325073242e+00
3.232036113739013672e+00
3.482747077941894531e+00
2.633044958114624023e+00
5.386535882949829102e+00
3.340727090835571289e+00
2.693926095962524414e+00
3.628795146942138672e+00
3.810963869094848633e+00
3.800535202026367188e+00
3.901386976242065430e+00
3.500644207000732422e+00
2.955813884735107422e+00
3.614904880523681641e+00
2.385071277618408203e+00
3.243600845336914062e+00
3.068408250808715820e+00
4.242679119110107422e+00
3.443873882293701172e+00
3.959859848022460938e+00
3.591338157653808594e+00
2.821166276931762695e+00
3.546589136123657227e+00
3.814949750900268555e+00
4.034368991851806641e+00
3.749545097351074219e+00
3.632127046585083008e+00
3.658669710159301758e+00
3.722630262374877930e+00
4.161657094955444336e+00
4.114512205123901367e+00
3.151210069656372070e+00
2.449681043624877930e+00
3.835042953491210938e+00
2.742499828338623047e+00
2.742670774459838867e+00
3.268821001052856445e+00
2.755887746810913086e+00
3.694522142410278320e+00
2.774437189102172852e+00
4.155355930328369141e+00
4.267030715942382812e+00
2.861349105834960938e+00
3.706947088241577148e+00
2.844959735870361328e+00
3.682762145996093750e+00
3.171508073806762695e+00
4.099132061004638672e+00
3.184517860412597656e+00
3.583141803741455078e+00
4.242753028869628906e+00
3.289213895797729492e+00
2.895491838455200195e+00
3.027221918106079102e+00
3.343261957168579102e+00
3.346169948577880859e+00
3.083899259567260742e+00
3.451053142547607422e+00
3.365863084793090820e+00
3.017554998397827148e+00
3.003430843353271484e+00
3.312643766403198242e+00
3.118117094039916992e+00
3.214793920516967773e+00
3.484839200973510742e+00
4.062891960144042969e+00
3.461224317550659180e+00
3.143182039260864258e+00
3.406783103942871094e+00
4.979899168014526367e+00
3.631299972534179688e+00
4.386096715927124023e+00
4.160818099975585938e+00
3.562463998794555664e+00
3.143537282943725586e+00
3.521707057952880859e+00
3.908519029617309570e+00
4.489063024520874023e+00
3.226915836334228516e+00
4.407349824905395508e+00
3.403188228607177734e+00
5.514451980590820312e+00
2.499846220016479492e+00
3.277581930160522461e+00
2.522003173828125000e+00
2.831795930862426758e+00
3.196226119995117188e+00
3.520550012588500977e+00
3.591365098953247070e+00
3.598357915878295898e+00
3.334892034530639648e+00
2.843982219696044922e+00
3.044759988784790039e+00
2.996656894683837891e+00
3.847896814346313477e+00
3.276256799697875977e+00
3.327302217483520508e+00
2.763332128524780273e+00
3.233640909194946289e+00
3.643698930740356445e+00
2.854810953140258789e+00
3.455527067184448242e+00
2.930542707443237305e+00
3.750007152557373047e+00
3.830009937286376953e+00
3.392036199569702148e+00
4.028052091598510742e+00
3.582453012466430664e+00
3.419943809509277344e+00
3.622165918350219727e+00
2.787772893905639648e+00
3.442462205886840820e+00
3.243135213851928711e+00
3.289705753326416016e+00
4.227862834930419922e+00
3.094938993453979492e+00
3.438162803649902344e+00
3.587208986282348633e+00
4.135200023651123047e+00
4.090630054473876953e+00
3.474197149276733398e+00
2.815159797668457031e+00
3.159438133239746094e+00
3.771968841552734375e+00
4.506436824798583984e+00
4.404986858367919922e+00
3.719342947006225586e+00
3.496588945388793945e+00
3.894670248031616211e+00
4.125719070434570312e+00
3.085884809494018555e+00
3.697794914245605469e+00
4.178369045257568359e+00
4.207309007644653320e+00
4.701411962509155273e+00
4.641281127929687500e+00
3.955972909927368164e+00
3.246552228927612305e+00
3.860346794128417969e+00
3.886726140975952148e+00
3.667272090911865234e+00
4.813479900360107422e+00
4.521667003631591797e+00
3.536967039108276367e+00
3.404506206512451172e+00
3.221262931823730469e+00
4.538510084152221680e+00
3.520281076431274414e+00
3.396401882171630859e+00
4.811068773269653320e+00
3.179399013519287109e+00
3.583144903182983398e+00
3.454893827438354492e+00
3.261361122131347656e+00
2.903927087783813477e+00
3.026314973831176758e+00
3.407256841659545898e+00
3.837558031082153320e+00
2.533837080001831055e+00
4.963998079299926758e+00
2.740918159484863281e+00
4.411188125610351562e+00
4.421689033508300781e+00
3.656712055206298828e+00
3.817886829376220703e+00
5.051733016967773438e+00
4.151988029479980469e+00
3.814486026763916016e+00
4.418393135070800781e+00
4.203074693679809570e+00
3.814307928085327148e+00
2.680629968643188477e+00
3.694407224655151367e+00
3.891857862472534180e+00
4.533317804336547852e+00
4.338898181915283203e+00
5.215290307998657227e+00
4.989735841751098633e+00
4.495285987854003906e+00
3.247802972793579102e+00
2.828328847885131836e+00
4.115218877792358398e+00
3.595686912536621094e+00
4.452127218246459961e+00
4.511534690856933594e+00
5.023602247238159180e+00
3.432728052139282227e+00
3.806217908859252930e+00
5.069470882415771484e+00
4.552352905273437500e+00
3.369798898696899414e+00
3.332537889480590820e+00
4.040737867355346680e+00
3.677588939666748047e+00
4.096988916397094727e+00
4.127673864364624023e+00
3.235085010528564453e+00
3.985146045684814453e+00
2.799778699874877930e+00
4.812618970870971680e+00
3.308014154434204102e+00
3.870885133743286133e+00
4.031626939773559570e+00
3.011076927185058594e+00
3.604614973068237305e+00
3.562112092971801758e+00
3.354198932647705078e+00
3.988985776901245117e+00
3.414732694625854492e+00
3.459541797637939453e+00
3.479861974716186523e+00
3.908082962036132812e+00
3.298333168029785156e+00
3.602242946624755859e+00
3.485502958297729492e+00
2.873155117034912109e+00
4.195780038833618164e+00
3.218946218490600586e+00
3.029196023941040039e+00
3.051863908767700195e+00
3.277820110321044922e+00
4.641697883605957031e+00
4.198821067810058594e+00
3.950311183929443359e+00
3.241519927978515625e+00
3.994777202606201172e+00
3.731606006622314453e+00
2.825370073318481445e+00
3.196282863616943359e+00
3.302297115325927734e+00
4.288073062896728516e+00
3.534599781036376953e+00
4.123144865036010742e+00
2.872572898864746094e+00
5.067674875259399414e+00
4.271442174911499023e+00
3.519228219985961914e+00
4.200431108474731445e+00
3.784145116806030273e+00
3.621000051498413086e+00
3.663837909698486328e+00
2.968164920806884766e+00
3.687846899032592773e+00
2.885394096374511719e+00
4.391428232192993164e+00
3.700657844543457031e+00
3.754245758056640625e+00
3.252029895782470703e+00
3.501107215881347656e+00
3.720525741577148438e+00
3.712471961975097656e+00
4.186456918716430664e+00
3.350116014480590820e+00
4.476157903671264648e+00
3.554816007614135742e+00
3.344379901885986328e+00
4.033294916152954102e+00
3.630465984344482422e+00
3.480082988739013672e+00
4.008217811584472656e+00
4.464666128158569336e+00
4.640819072723388672e+00
5.220103979110717773e+00
4.267601013183593750e+00
3.451017856597900391e+00
2.663105964660644531e+00
4.366277933120727539e+00
3.961489200592041016e+00
3.905549764633178711e+00
5.361016988754272461e+00
3.320899724960327148e+00
3.854728221893310547e+00
3.939368247985839844e+00
3.684055089950561523e+00
4.632304906845092773e+00
3.362351894378662109e+00
4.545675992965698242e+00
3.120525836944580078e+00
2.828418016433715820e+00
4.081961154937744141e+00
3.356708288192749023e+00
3.412354946136474609e+00
3.233484983444213867e+00
3.431348085403442383e+00
2.741930007934570312e+00
3.863867998123168945e+00
3.105057001113891602e+00
3.901412963867187500e+00
4.263501167297363281e+00
3.872201919555664062e+00
3.332721233367919922e+00
3.843317985534667969e+00
3.428138017654418945e+00
4.103998184204101562e+00
3.874891042709350586e+00
3.682220697402954102e+00
3.232286930084228516e+00
3.781826019287109375e+00
3.978900909423828125e+00
3.942977905273437500e+00
3.805368185043334961e+00
4.119860887527465820e+00
3.009199142456054688e+00
3.860491037368774414e+00
3.723120927810668945e+00
3.794433116912841797e+00
3.115574121475219727e+00
3.881173133850097656e+00
3.500781059265136719e+00
3.848423242568969727e+00
3.650249004364013672e+00
3.102357864379882812e+00
3.107195138931274414e+00
3.980818033218383789e+00
4.029525995254516602e+00
3.973304986953735352e+00
3.936035156250000000e+00
4.305589914321899414e+00
2.871192216873168945e+00
4.065183877944946289e+00
3.367470264434814453e+00
3.966436147689819336e+00
2.963680982589721680e+00
4.443972110748291016e+00
2.811424016952514648e+00
4.429531097412109375e+00
2.817874908447265625e+00
3.949923038482666016e+00
4.159572124481201172e+00
3.083122014999389648e+00
3.314112901687622070e+00
3.262336015701293945e+00
2.426447153091430664e+00
3.335449218750000000e+00
3.436722993850708008e+00
3.821845054626464844e+00
2.795097112655639648e+00
3.343395233154296875e+00
2.840647935867309570e+00
4.582067966461181641e+00
2.865144968032836914e+00
3.155622005462646484e+00
3.156829833984375000e+00
2.834908008575439453e+00
3.179147005081176758e+00
3.498503208160400391e+00
4.541309118270874023e+00
2.666146755218505859e+00
3.575931072235107422e+00
3.228727102279663086e+00
3.724269151687622070e+00
3.470520019531250000e+00
2.997102975845336914e+00
3.003116846084594727e+00
3.084391355514526367e+00
3.668226242065429688e+00
3.850520849227905273e+00
3.069350004196166992e+00
3.752454996109008789e+00
2.415004014968872070e+00
3.051563024520874023e+00
2.503772258758544922e+00
2.935935974121093750e+00
2.494017124176025391e+00
2.462106943130493164e+00
2.411214113235473633e+00
3.974803209304809570e+00
3.164466857910156250e+00
3.717753171920776367e+00
2.876579761505126953e+00
3.536056756973266602e+00
3.902232885360717773e+00
2.816444873809814453e+00
3.646927118301391602e+00
3.540918111801147461e+00
3.170675039291381836e+00
2.853616952896118164e+00
3.135591030120849609e+00
2.977832317352294922e+00
3.048290967941284180e+00
3.087477684020996094e+00
3.614784002304077148e+00
2.147659063339233398e+00
3.060219764709472656e+00
3.474659919738769531e+00
3.147417068481445312e+00
3.491739988327026367e+00
4.878162860870361328e+00
3.672055959701538086e+00
3.723232984542846680e+00
2.950063228607177734e+00
3.270948171615600586e+00
2.593739748001098633e+00
3.730064153671264648e+00
3.139504909515380859e+00
2.995446920394897461e+00
4.076955795288085938e+00
3.016206741333007812e+00
3.305501222610473633e+00
3.983626127243041992e+00
3.144414901733398438e+00
3.231205940246582031e+00
2.971697807312011719e+00
3.662404298782348633e+00
4.269571781158447266e+00
3.345894813537597656e+00
3.570704936981201172e+00
3.996220111846923828e+00
3.189947128295898438e+00
3.226312875747680664e+00
3.381902933120727539e+00
3.681066989898681641e+00
4.076678276062011719e+00
3.365000247955322266e+00
3.498193025588989258e+00
5.547651052474975586e+00
4.232389926910400391e+00
2.628844022750854492e+00
3.450887918472290039e+00
3.263510942459106445e+00
2.986624956130981445e+00
4.970749139785766602e+00
3.265940904617309570e+00
3.422309875488281250e+00
3.312093257904052734e+00
3.051718235015869141e+00
2.604575157165527344e+00
3.177358865737915039e+00
3.655854225158691406e+00
2.561157226562500000e+00
3.202677011489868164e+00
3.233160018920898438e+00
3.321215152740478516e+00
4.117578029632568359e+00
3.366708993911743164e+00
3.111066818237304688e+00
2.866635084152221680e+00
3.343616962432861328e+00
2.818583965301513672e+00
2.958019733428955078e+00
2.959081888198852539e+00
3.758531093597412109e+00
3.068262338638305664e+00
3.025260925292968750e+00
3.797304868698120117e+00
3.238466024398803711e+00
3.073451042175292969e+00
3.660082101821899414e+00
3.104079008102416992e+00
3.793838977813720703e+00
5.184640169143676758e+00
3.799036979675292969e+00
3.241690158843994141e+00
3.268529176712036133e+00
3.039024829864501953e+00
3.279068231582641602e+00
3.434376239776611328e+00
2.662440061569213867e+00
3.393932819366455078e+00
3.420050859451293945e+00
4.381034135818481445e+00
3.553307294845581055e+00
4.186824083328247070e+00
3.070683002471923828e+00
3.330534696578979492e+00
3.260030984878540039e+00
3.790105104446411133e+00
3.231048822402954102e+00
3.274616956710815430e+00
2.757474184036254883e+00
3.743666172027587891e+00
4.403855085372924805e+00
3.097663879394531250e+00
3.760465860366821289e+00
3.846381902694702148e+00
2.503401041030883789e+00
3.402241945266723633e+00
4.082457065582275391e+00
3.143099308013916016e+00
3.140491962432861328e+00
2.670938014984130859e+00
4.138773918151855469e+00
3.718926191329956055e+00
4.031916141510009766e+00
4.455094814300537109e+00
3.357072830200195312e+00
3.778867006301879883e+00
3.150563955307006836e+00
3.345138788223266602e+00
3.151851892471313477e+00
3.171559810638427734e+00
3.208720207214355469e+00
3.148523807525634766e+00
4.068916797637939453e+00
3.761173009872436523e+00
3.877128839492797852e+00
3.590204954147338867e+00
3.145000219345092773e+00
3.583818912506103516e+00
3.279857158660888672e+00
4.427538871765136719e+00
2.772664070129394531e+00
3.552347898483276367e+00
3.670125007629394531e+00
4.462528944015502930e+00
3.715457916259765625e+00
3.862868309020996094e+00
3.761772155761718750e+00
3.776497125625610352e+00
4.037640810012817383e+00
4.127118825912475586e+00
3.852370977401733398e+00
3.895259857177734375e+00
3.808670282363891602e+00
3.352962732315063477e+00
4.105705976486206055e+00
4.111218929290771484e+00
3.908415079116821289e+00
3.264967918395996094e+00
4.001626253128051758e+00
3.802071094512939453e+00
3.766012191772460938e+00
3.781016826629638672e+00
3.936230182647705078e+00
3.952652931213378906e+00
3.282685279846191406e+00
3.321663856506347656e+00
3.645805835723876953e+00
4.276048898696899414e+00
2.960888862609863281e+00
3.523087739944458008e+00
2.706287145614624023e+00
3.334394216537475586e+00
3.793029069900512695e+00
4.123766899108886719e+00
4.749891757965087891e+00
2.695383071899414062e+00
3.986460924148559570e+00
4.481575965881347656e+00
4.113738059997558594e+00
4.241137981414794922e+00
3.590523719787597656e+00
2.995219945907592773e+00
3.929963111877441406e+00
3.314752101898193359e+00
4.107995986938476562e+00
3.331155776977539062e+00
3.667169094085693359e+00
5.041289329528808594e+00
3.978926658630371094e+00
3.597366094589233398e+00
3.616478919982910156e+00
3.199798107147216797e+00
5.295431852340698242e+00
3.727485179901123047e+00
3.603881835937500000e+00
3.257034301757812500e+00
3.375698804855346680e+00
2.919929981231689453e+00
4.048751831054687500e+00
3.886097908020019531e+00
3.672938108444213867e+00
3.422888755798339844e+00
3.335937023162841797e+00
2.946956157684326172e+00
3.161103248596191406e+00
3.113699913024902344e+00
4.385582208633422852e+00
4.020308971405029297e+00
3.817861080169677734e+00
3.134323120117187500e+00
3.545115232467651367e+00
3.163872003555297852e+00
4.047986268997192383e+00
4.028799057006835938e+00
3.849305868148803711e+00
3.378455877304077148e+00
3.233795881271362305e+00
3.705004215240478516e+00
3.351287126541137695e+00
3.287851095199584961e+00
3.623925209045410156e+00
3.762824296951293945e+00
3.489650964736938477e+00
3.438740015029907227e+00
3.369381189346313477e+00
3.512584924697875977e+00
3.578283071517944336e+00
3.600013971328735352e+00
3.404398679733276367e+00
3.638926029205322266e+00
3.534365892410278320e+00
3.702074289321899414e+00
3.022210836410522461e+00
3.741319894790649414e+00
3.701158761978149414e+00
4.126196146011352539e+00
3.838335037231445312e+00
3.052024126052856445e+00
3.789809226989746094e+00
3.402102947235107422e+00
3.678540706634521484e+00
3.594723939895629883e+00
4.242696762084960938e+00
3.293278932571411133e+00
3.144085884094238281e+00
3.742897748947143555e+00
4.901806116104125977e+00
4.039070367813110352e+00
4.449800968170166016e+00
3.968975067138671875e+00
3.513420104980468750e+00
4.235330104827880859e+00
5.064375162124633789e+00
3.902871131896972656e+00
4.593133926391601562e+00
4.107131242752075195e+00
4.628821134567260742e+00
5.294514894485473633e+00
3.729005813598632812e+00
4.058295011520385742e+00
4.058247089385986328e+00
4.273330926895141602e+00
4.096843957901000977e+00
3.873437881469726562e+00
4.149796009063720703e+00
4.064917087554931641e+00
3.802473783493041992e+00
4.229411840438842773e+00
3.944842100143432617e+00
4.893985033035278320e+00
4.182276010513305664e+00
4.510811090469360352e+00
3.254410982131958008e+00
4.224338293075561523e+00
4.362806081771850586e+00
4.410746097564697266e+00
5.541620969772338867e+00
3.581681966781616211e+00
4.353238105773925781e+00
5.670832872390747070e+00
3.171740055084228516e+00
4.214985847473144531e+00
5.433049678802490234e+00
4.146203041076660156e+00
5.498529911041259766e+00
3.395041704177856445e+00
4.634890079498291016e+00
2.267292737960815430e+00
4.269516229629516602e+00
4.164508104324340820e+00
2.181161403656005859e+00
3.949322938919067383e+00
3.224078655242919922e+00
4.242563009262084961e+00
4.448691844940185547e+00
4.259879827499389648e+00
3.675118207931518555e+00
3.829978942871093750e+00
4.306806087493896484e+00
4.803173065185546875e+00
3.661369800567626953e+00
4.432432889938354492e+00
4.422365903854370117e+00
2.923188924789428711e+00
4.342225074768066406e+00
3.438153982162475586e+00
4.032212972640991211e+00
4.517986059188842773e+00
4.739801883697509766e+00
3.517966985702514648e+00
4.571824312210083008e+00
3.960655212402343750e+00
3.930793046951293945e+00
3.594260931015014648e+00
3.273396015167236328e+00
4.942896127700805664e+00
4.986201047897338867e+00
6.194929838180541992e+00
3.622773885726928711e+00
4.721892833709716797e+00
5.089626073837280273e+00
4.913718223571777344e+00
4.834532260894775391e+00
3.593545913696289062e+00
2.716695070266723633e+00
4.471312761306762695e+00
4.349020242691040039e+00
3.594142913818359375e+00
3.987233161926269531e+00
4.439275979995727539e+00
3.365420103073120117e+00
3.567449808120727539e+00
2.991554260253906250e+00
5.183974742889404297e+00
4.992763042449951172e+00
4.189232110977172852e+00
4.209922075271606445e+00
3.714074850082397461e+00
3.880714893341064453e+00
3.905282974243164062e+00
3.702344894409179688e+00
6.051974058151245117e+00
4.201182842254638672e+00
3.178611040115356445e+00
3.418626070022583008e+00
4.811199188232421875e+00
3.484602928161621094e+00
4.296416997909545898e+00
3.752148866653442383e+00
4.337646961212158203e+00
4.463197231292724609e+00
3.324537992477416992e+00
3.718217849731445312e+00
3.809929847717285156e+00
4.315046072006225586e+00
5.352336883544921875e+00
4.510951042175292969e+00
4.490298271179199219e+00
4.893737792968750000e+00
4.428339004516601562e+00
5.158390998840332031e+00
4.494300842285156250e+00
3.313777923583984375e+00
4.545950889587402344e+00
4.685453176498413086e+00
3.931123018264770508e+00
4.997863292694091797e+00
3.848739862442016602e+00
3.430195093154907227e+00
4.062787055969238281e+00
3.992046117782592773e+00
4.170180797576904297e+00
3.536173820495605469e+00
2.921630144119262695e+00
3.858144044876098633e+00
4.652618885040283203e+00
2.789741992950439453e+00
3.428317785263061523e+00
3.596505880355834961e+00
4.044961929321289062e+00
5.028920173645019531e+00
3.687224149703979492e+00
4.701091051101684570e+00
3.627782106399536133e+00
4.408688783645629883e+00
2.739147901535034180e+00
4.671748876571655273e+00
2.823052883148193359e+00
2.853243350982666016e+00
5.254771947860717773e+00
5.276068210601806641e+00
2.636173963546752930e+00
3.578323841094970703e+00
4.317010164260864258e+00
3.794253110885620117e+00
5.752412080764770508e+00
3.148653984069824219e+00
3.082139015197753906e+00
4.881911039352416992e+00
6.121854305267333984e+00
5.986556291580200195e+00
5.725600004196166992e+00
2.902638912200927734e+00
4.495275735855102539e+00
3.666012048721313477e+00
4.408569812774658203e+00
4.917919874191284180e+00
2.786298751831054688e+00
3.333408832550048828e+00
4.451239824295043945e+00
3.362551689147949219e+00
4.594362258911132812e+00
4.442875146865844727e+00
4.411821126937866211e+00
2.597579002380371094e+00
4.551836967468261719e+00
4.551602125167846680e+00
4.974579811096191406e+00
5.004383087158203125e+00
3.946742773056030273e+00
5.126834869384765625e+00
3.802772998809814453e+00
4.002385854721069336e+00
3.978080034255981445e+00
4.311931133270263672e+00
4.061035156250000000e+00
4.065700769424438477e+00
4.673133134841918945e+00
3.260842561721801758e+00
4.380997180938720703e+00
4.143878936767578125e+00
5.572328090667724609e+00
5.661533117294311523e+00
4.520633935928344727e+00
4.619346857070922852e+00
5.290247917175292969e+00
3.069620847702026367e+00
3.284778118133544922e+00
3.561298131942749023e+00
3.871073961257934570e+00
3.272049188613891602e+00
2.932888031005859375e+00
3.880154132843017578e+00
3.006375789642333984e+00
5.650233030319213867e+00
3.386543035507202148e+00
3.565042018890380859e+00
4.739065647125244141e+00
3.720008373260498047e+00
3.483588933944702148e+00
3.969694852828979492e+00
3.883845090866088867e+00
3.331166028976440430e+00
3.911942005157470703e+00
2.910343170166015625e+00
4.575336217880249023e+00
3.474508047103881836e+00
4.903395891189575195e+00
2.488803148269653320e+00
4.012387752532958984e+00
4.318093061447143555e+00
3.106075048446655273e+00
3.391283988952636719e+00
3.582916975021362305e+00
3.877431869506835938e+00
4.901054382324218750e+00
4.870621204376220703e+00
3.970180273056030273e+00
3.613082885742187500e+00
4.062331199645996094e+00
4.132274866104125977e+00
4.641921043395996094e+00
4.336205005645751953e+00
5.112900733947753906e+00
4.179322242736816406e+00
4.473184347152709961e+00
4.338674783706665039e+00
5.331466913223266602e+00
4.686394214630126953e+00
5.128186225891113281e+00
3.664299011230468750e+00
3.841248989105224609e+00
3.260611057281494141e+00
4.335497856140136719e+00
3.328508853912353516e+00
3.069107055664062500e+00
3.448762893676757812e+00
3.285377979278564453e+00
4.905769824981689453e+00
3.898557901382446289e+00
5.421977043151855469e+00
3.230110883712768555e+00
5.038751125335693359e+00
4.612661600112915039e+00
4.614148855209350586e+00
3.626760005950927734e+00
3.037632703781127930e+00
3.219547033309936523e+00
3.148602008819580078e+00
4.970302104949951172e+00
3.636440753936767578e+00
4.105202913284301758e+00
3.682279825210571289e+00
3.307353019714355469e+00
5.373358726501464844e+00
3.334376811981201172e+00
3.429277181625366211e+00
3.320786952972412109e+00
2.404716014862060547e+00
3.314462900161743164e+00
2.708060026168823242e+00
2.365199089050292969e+00
3.703183174133300781e+00
3.607766866683959961e+00
3.047461032867431641e+00
3.630301952362060547e+00
3.508221149444580078e+00
4.038161993026733398e+00
3.624097108840942383e+00
2.275542020797729492e+00
2.723742961883544922e+00
2.663509845733642578e+00
3.569645166397094727e+00
3.352365970611572266e+00
4.247766017913818359e+00
3.780726194381713867e+00
4.029569149017333984e+00
2.879187822341918945e+00
3.208559036254882812e+00
3.888056755065917969e+00
3.927288055419921875e+00
4.299351930618286133e+00
2.852527141571044922e+00
2.677397966384887695e+00
2.513475894927978516e+00
3.181714296340942383e+00
3.806056261062622070e+00
4.295707225799560547e+00
3.263985872268676758e+00
4.219635009765625000e+00
2.787314176559448242e+00
3.741281032562255859e+00
4.547369956970214844e+00
3.031297922134399414e+00
2.948575973510742188e+00
3.090693950653076172e+00
4.252656936645507812e+00
2.590384721755981445e+00
3.246486186981201172e+00
4.094496011734008789e+00
4.083093166351318359e+00
4.421046018600463867e+00
3.496524095535278320e+00
3.259656906127929688e+00
3.928203105926513672e+00
2.833974123001098633e+00
3.761860847473144531e+00
2.994844198226928711e+00
3.338692903518676758e+00
3.515245914459228516e+00
2.981999158859252930e+00
3.033446073532104492e+00
4.018662929534912109e+00
2.900869131088256836e+00
4.038220167160034180e+00
4.091928958892822266e+00
2.979370832443237305e+00
3.172971725463867188e+00
3.215626955032348633e+00
4.449013948440551758e+00
4.370507001876831055e+00
4.170625925064086914e+00
3.508240938186645508e+00
3.565946817398071289e+00
3.581907987594604492e+00
3.260024070739746094e+00
3.557932138442993164e+00
4.405393838882446289e+00
3.587901115417480469e+00
3.351238250732421875e+00
3.336062908172607422e+00
3.306547880172729492e+00
3.402355432510375977e+00
4.522660017013549805e+00
4.529367923736572266e+00
4.298359155654907227e+00
4.400216102600097656e+00
3.553464889526367188e+00
4.737836122512817383e+00
4.803123950958251953e+00
3.489440679550170898e+00
4.740371942520141602e+00
4.819394111633300781e+00
4.478021144866943359e+00
3.857055902481079102e+00
3.382468700408935547e+00
3.171481132507324219e+00
3.636154890060424805e+00
3.895551204681396484e+00
4.796385049819946289e+00
2.638711929321289062e+00
3.103908777236938477e+00
4.972726106643676758e+00
4.213727951049804688e+00
3.471193075180053711e+00
4.886297225952148438e+00
2.721006870269775391e+00
4.767976284027099609e+00
4.353572130203247070e+00
4.177055835723876953e+00
4.754492998123168945e+00
2.695801973342895508e+00
3.257390022277832031e+00
4.293092250823974609e+00
3.504294872283935547e+00
4.801873922348022461e+00
5.065140008926391602e+00
3.294929027557373047e+00
5.024008989334106445e+00
5.330338001251220703e+00
5.257174968719482422e+00
4.250234127044677734e+00
3.042184114456176758e+00
2.987308025360107422e+00
4.909343957901000977e+00
4.317299127578735352e+00
3.762647867202758789e+00
3.811932086944580078e+00
5.243709087371826172e+00
5.191305875778198242e+00
3.399964094161987305e+00
3.092786788940429688e+00
3.795166969299316406e+00
3.769175052642822266e+00
3.739697933197021484e+00
3.843942880630493164e+00
4.010965108871459961e+00
3.965071916580200195e+00
2.970817089080810547e+00
3.559092998504638672e+00
4.819119215011596680e+00
3.071856260299682617e+00
3.846231937408447266e+00
4.334378004074096680e+00
3.995515346527099609e+00
3.687129020690917969e+00
3.939135074615478516e+00
4.038400888442993164e+00
3.534641981124877930e+00
3.783439874649047852e+00
3.808218955993652344e+00
3.977221012115478516e+00
3.598977088928222656e+00
3.692420959472656250e+00
4.199974298477172852e+00
3.414696931838989258e+00
4.100422859191894531e+00
3.337336778640747070e+00
2.797860860824584961e+00
3.782728910446166992e+00
3.889165163040161133e+00
2.716270208358764648e+00
3.083436012268066406e+00
4.241363286972045898e+00
3.882173299789428711e+00
3.424220800399780273e+00
4.371264934539794922e+00
2.633168697357177734e+00
3.892610073089599609e+00
3.914070129394531250e+00
3.942139863967895508e+00
3.981714963912963867e+00
4.195973873138427734e+00
4.538543939590454102e+00
2.760329961776733398e+00
3.502442121505737305e+00
3.563443899154663086e+00
4.444877147674560547e+00
4.631616115570068359e+00
3.700897932052612305e+00
3.631942987442016602e+00
3.442946910858154297e+00
2.347913026809692383e+00
3.636618852615356445e+00
4.254754781723022461e+00
4.291805028915405273e+00
4.250278949737548828e+00
3.113429069519042969e+00
3.370467662811279297e+00
4.286612987518310547e+00
3.941350221633911133e+00
4.025050878524780273e+00
3.503631114959716797e+00
3.785342931747436523e+00
4.450586080551147461e+00
3.564748048782348633e+00
4.306529045104980469e+00
4.363167047500610352e+00
4.815230131149291992e+00
4.003344774246215820e+00
2.746680021286010742e+00
3.180925130844116211e+00
2.747651100158691406e+00
3.506032228469848633e+00
4.885629892349243164e+00
2.919445991516113281e+00
5.157500982284545898e+00
2.925518751144409180e+00
2.548149108886718750e+00
4.150132894515991211e+00
3.837903976440429688e+00
4.037901639938354492e+00
3.757708072662353516e+00
4.570037841796875000e+00
3.511772871017456055e+00
5.032422780990600586e+00
3.914331197738647461e+00
3.476567029953002930e+00
3.741356849670410156e+00
3.768146276473999023e+00
4.968219041824340820e+00
4.221330165863037109e+00
4.378805160522460938e+00
4.230077266693115234e+00
2.738469839096069336e+00
4.067431926727294922e+00
4.242295026779174805e+00
4.326629877090454102e+00
3.663030147552490234e+00
4.352812051773071289e+00
2.847259283065795898e+00
3.618835926055908203e+00
4.733327150344848633e+00
3.852964162826538086e+00
2.785587072372436523e+00
3.995016098022460938e+00
3.725280046463012695e+00
3.152300119400024414e+00
3.827638149261474609e+00
3.894657611846923828e+00
4.249717950820922852e+00
3.461433172225952148e+00
3.903920888900756836e+00
5.223693847656250000e+00
5.319637060165405273e+00
4.613791942596435547e+00
2.874464988708496094e+00
4.385295152664184570e+00
5.195216178894042969e+00
4.363894701004028320e+00
3.217849969863891602e+00
3.557499170303344727e+00
3.451989889144897461e+00
5.653534889221191406e+00
3.274012088775634766e+00
4.635113000869750977e+00
2.980041027069091797e+00
4.119881153106689453e+00
4.486932039260864258e+00
3.473563909530639648e+00
3.543214797973632812e+00
4.493249893188476562e+00
3.087496995925903320e+00
3.645153045654296875e+00
2.823343992233276367e+00
3.385247945785522461e+00
2.767913103103637695e+00
4.174833774566650391e+00
4.786343097686767578e+00
5.567638158798217773e+00
2.874528169631958008e+00
3.341969013214111328e+00
4.947896003723144531e+00
3.373847246170043945e+00
3.344487905502319336e+00
4.643271923065185547e+00
3.220618009567260742e+00
2.683265924453735352e+00
4.366398811340332031e+00
4.813104867935180664e+00
3.548861265182495117e+00
4.930339097976684570e+00
3.128247976303100586e+00
3.341019153594970703e+00
3.258632898330688477e+00
2.985078096389770508e+00
3.555035829544067383e+00
3.451610803604125977e+00
3.541724205017089844e+00
3.068037271499633789e+00
2.890390157699584961e+00
4.992090225219726562e+00
3.527647018432617188e+00
2.878454685211181641e+00
4.541658878326416016e+00
3.681117057800292969e+00
4.382634878158569336e+00
3.586450815200805664e+00
4.059957981109619141e+00
2.960273265838623047e+00
3.787715673446655273e+00
3.435976266860961914e+00
3.260069131851196289e+00
3.238849878311157227e+00
3.447132825851440430e+00
3.262924194335937500e+00
3.244709253311157227e+00
3.230242013931274414e+00
3.845125198364257812e+00
3.088305950164794922e+00
3.838199138641357422e+00
2.843410015106201172e+00
2.998191833496093750e+00
3.559449195861816406e+00
3.732797861099243164e+00
2.928728103637695312e+00
3.312520027160644531e+00
4.031181097030639648e+00
3.522849798202514648e+00
4.191875934600830078e+00
3.429540872573852539e+00
4.051810026168823242e+00
3.573300123214721680e+00
3.914641857147216797e+00
3.031568765640258789e+00
3.003350019454956055e+00
3.939620971679687500e+00
3.158149242401123047e+00
3.007168054580688477e+00
3.567606925964355469e+00
3.196511983871459961e+00
3.319331169128417969e+00
2.841710090637207031e+00
4.177510976791381836e+00
2.155731916427612305e+00
3.673595190048217773e+00
2.608595848083496094e+00
3.190200090408325195e+00
3.743360996246337891e+00
2.737112045288085938e+00
3.234677076339721680e+00
2.907166004180908203e+00
2.901051044464111328e+00
3.578655958175659180e+00
2.949050188064575195e+00
3.161767244338989258e+00
2.983769893646240234e+00
3.561859130859375000e+00
4.479691982269287109e+00
4.131474018096923828e+00
4.424059152603149414e+00
2.928393125534057617e+00
3.246427297592163086e+00
3.074208974838256836e+00
3.527552127838134766e+00
3.996298074722290039e+00
3.636869192123413086e+00
3.308962106704711914e+00
3.020451068878173828e+00
3.411527872085571289e+00
3.656751871109008789e+00
3.741333007812500000e+00
3.130165100097656250e+00
3.824270009994506836e+00
3.405335903167724609e+00
3.598236083984375000e+00
4.049800872802734375e+00
3.673429965972900391e+00
3.752578020095825195e+00
3.724764108657836914e+00
3.042735099792480469e+00
3.395898818969726562e+00
2.823789119720458984e+00
3.447169065475463867e+00
3.762159109115600586e+00
3.664039850234985352e+00
4.185432195663452148e+00
2.800591945648193359e+00
4.057065010070800781e+00
3.166593074798583984e+00
3.845075845718383789e+00
3.128657817840576172e+00
3.883237123489379883e+00
3.774775743484497070e+00
3.925894260406494141e+00
3.056120872497558594e+00
4.254930973052978516e+00
2.888175249099731445e+00
3.213397026062011719e+00
4.277691841125488281e+00
3.842651128768920898e+00
3.266234874725341797e+00
3.847144126892089844e+00
4.455699920654296875e+00
3.312715053558349609e+00
3.156176805496215820e+00
4.345696926116943359e+00
3.448175907135009766e+00
3.481447935104370117e+00
4.191561222076416016e+00
3.188210964202880859e+00
3.515961885452270508e+00
3.530878067016601562e+00
4.098994016647338867e+00
3.551382780075073242e+00
3.246721029281616211e+00
3.889123916625976562e+00
4.099671602249145508e+00
4.298513889312744141e+00
3.443168878555297852e+00
4.674875974655151367e+00
4.868760108947753906e+00
4.148888111114501953e+00
4.054777145385742188e+00
3.825801849365234375e+00
3.526962995529174805e+00
4.174226045608520508e+00
4.018951892852783203e+00
4.879612207412719727e+00
4.479581832885742188e+00
3.310929059982299805e+00
4.586968183517456055e+00
3.240516901016235352e+00
4.857794761657714844e+00
3.425369739532470703e+00
3.326734304428100586e+00
4.988165140151977539e+00
3.423983812332153320e+00
5.424676179885864258e+00
3.426746845245361328e+00
3.934118032455444336e+00
4.384929895401000977e+00
4.305058717727661133e+00
4.146622896194458008e+00
4.041174888610839844e+00
3.549731731414794922e+00
4.905020952224731445e+00
5.258451223373413086e+00
4.807127952575683594e+00
3.004914999008178711e+00
2.320025205612182617e+00
4.747683048248291016e+00
3.720180988311767578e+00
3.216437101364135742e+00
3.406017065048217773e+00
4.256520986557006836e+00
4.417015075683593750e+00
4.401547908782958984e+00
3.916323184967041016e+00
3.678324937820434570e+00
4.921085834503173828e+00
3.706419944763183594e+00
4.413668155670166016e+00
4.629584074020385742e+00
3.964979887008666992e+00
3.221055984497070312e+00
5.449683189392089844e+00
4.296975135803222656e+00
3.633261680603027344e+00
4.671423196792602539e+00
3.589859962463378906e+00
3.537600994110107422e+00
4.820153713226318359e+00
3.694873809814453125e+00
4.058604001998901367e+00
3.803361177444458008e+00
4.475180149078369141e+00
3.671597957611083984e+00
5.437647104263305664e+00
3.378898859024047852e+00
4.671214103698730469e+00
3.425175905227661133e+00
4.800256013870239258e+00
3.664261102676391602e+00
4.500288009643554688e+00
4.722438812255859375e+00
2.659395933151245117e+00
4.196120023727416992e+00
4.015057086944580078e+00
5.086280822753906250e+00
3.368607044219970703e+00
4.272202014923095703e+00
2.665853977203369141e+00
3.349275827407836914e+00
4.272197008132934570e+00
4.005980014801025391e+00
3.855660200119018555e+00
3.156051874160766602e+00
2.750931978225708008e+00
2.777555942535400391e+00
3.841926336288452148e+00
4.647237300872802734e+00
4.830768108367919922e+00
2.962964057922363281e+00
3.435046911239624023e+00
3.687227725982666016e+00
3.553133964538574219e+00
3.659584045410156250e+00
5.496562957763671875e+00
3.468766927719116211e+00
3.520071983337402344e+00
3.426490068435668945e+00
4.845039844512939453e+00
4.292189121246337891e+00
4.056139945983886719e+00
4.751593112945556641e+00
2.899768114089965820e+00
3.823831081390380859e+00
3.936479330062866211e+00
3.425420999526977539e+00
3.098993778228759766e+00
4.344509363174438477e+00
4.036525726318359375e+00
3.448533058166503906e+00
3.691794157028198242e+00
3.097095966339111328e+00
5.041684389114379883e+00
4.290818691253662109e+00
3.985275030136108398e+00
3.123668909072875977e+00
3.996377944946289062e+00
4.216549873352050781e+00
3.229640960693359375e+00
4.486481904983520508e+00
3.841054916381835938e+00
3.887171983718872070e+00
3.242428779602050781e+00
4.050966024398803711e+00
3.784030914306640625e+00
4.284495115280151367e+00
4.184716701507568359e+00
4.218311071395874023e+00
3.896667242050170898e+00
4.111729860305786133e+00
3.316698789596557617e+00
3.039867877960205078e+00
4.940582036972045898e+00
3.829796075820922852e+00
4.580974817276000977e+00
4.336204051971435547e+00
3.230755090713500977e+00
3.929533004760742188e+00
3.475453853607177734e+00
4.394320726394653320e+00
3.283282756805419922e+00
4.048048973083496094e+00
2.966593980789184570e+00
3.441035985946655273e+00
2.475058078765869141e+00
3.446126937866210938e+00
2.999390840530395508e+00
2.330586910247802734e+00
2.355443954467773438e+00
3.185397863388061523e+00
4.161350965499877930e+00
3.258238077163696289e+00
3.771996021270751953e+00
3.675368785858154297e+00
4.449982166290283203e+00
3.018399953842163086e+00
3.844731092453002930e+00
4.784579038619995117e+00
3.829650878906250000e+00
5.331871032714843750e+00
3.437666177749633789e+00
3.153537988662719727e+00
3.327455997467041016e+00
3.641010761260986328e+00
3.521836996078491211e+00
4.922438144683837891e+00
3.523558139801025391e+00
3.996867895126342773e+00
5.139788150787353516e+00
3.089051961898803711e+00
3.905467033386230469e+00
3.915866136550903320e+00
3.390190839767456055e+00
4.710883140563964844e+00
4.297670841217041016e+00
3.644154071807861328e+00
3.368251800537109375e+00
3.324203014373779297e+00
3.974174976348876953e+00
2.963407754898071289e+00
4.014141798019409180e+00
3.158299922943115234e+00
4.804718971252441406e+00
3.495941877365112305e+00
3.856357812881469727e+00
2.757272005081176758e+00
3.464407920837402344e+00
5.177203178405761719e+00
3.968734979629516602e+00
3.009081125259399414e+00
4.055330753326416016e+00
2.616625070571899414e+00
3.039096832275390625e+00
4.962189912796020508e+00
4.801192283630371094e+00
3.478980064392089844e+00
4.618350028991699219e+00
5.060703992843627930e+00
4.363791227340698242e+00
3.436340093612670898e+00
4.068310022354125977e+00
5.674751996994018555e+00
5.074973106384277344e+00
3.402390241622924805e+00
4.802577972412109375e+00
3.960547924041748047e+00
2.438269138336181641e+00
5.075329065322875977e+00
3.406742095947265625e+00
3.908195018768310547e+00
3.656091928482055664e+00
3.405292034149169922e+00
3.269350767135620117e+00
4.399173021316528320e+00
3.435421943664550781e+00
3.171512126922607422e+00
5.189238071441650391e+00
5.348681926727294922e+00
3.139683246612548828e+00
4.109117031097412109e+00
5.743849039077758789e+00
4.325074911117553711e+00
3.206504821777343750e+00
3.125168085098266602e+00
3.018989801406860352e+00
3.520338296890258789e+00
3.269777774810791016e+00
3.877893209457397461e+00
5.282809972763061523e+00
3.048258066177368164e+00
2.707038879394531250e+00
4.375032186508178711e+00
2.486820936203002930e+00
3.499701976776123047e+00
3.865793943405151367e+00
4.374379158020019531e+00
3.316277980804443359e+00
3.152449607849121094e+00
3.119599103927612305e+00
2.523376226425170898e+00
3.694901943206787109e+00
3.710766077041625977e+00
3.960694074630737305e+00
3.440774917602539062e+00
4.249350786209106445e+00
3.706674814224243164e+00
5.121098041534423828e+00
4.378449916839599609e+00
3.297860145568847656e+00
3.636856079101562500e+00
2.972304821014404297e+00
3.343989133834838867e+00
3.283444881439208984e+00
3.285637140274047852e+00
4.260169029235839844e+00
3.351819038391113281e+00
3.882316112518310547e+00
3.950273990631103516e+00
3.415314912796020508e+00
4.250158786773681641e+00
3.610090970993041992e+00
3.312011003494262695e+00
4.086890220642089844e+00
3.424468994140625000e+00
2.647588014602661133e+00
3.556346178054809570e+00
3.139693021774291992e+00
3.537286043167114258e+00
4.381885051727294922e+00
3.374474048614501953e+00
4.063790798187255859e+00
4.149033069610595703e+00
3.382305860519409180e+00
3.243763923645019531e+00
3.094835758209228516e+00
3.308855056762695312e+00
4.019690036773681641e+00
2.844866752624511719e+00
2.900154829025268555e+00
4.119720935821533203e+00
3.716321945190429688e+00
3.619277954101562500e+00
3.929357767105102539e+00
2.926177978515625000e+00
4.156091928482055664e+00
4.079565048217773438e+00
3.968566894531250000e+00
3.609615802764892578e+00
3.472484827041625977e+00
3.712610006332397461e+00
3.372819185256958008e+00
3.492474079132080078e+00
2.974968194961547852e+00
4.196820974349975586e+00
3.684500217437744141e+00
3.705928325653076172e+00
4.051440954208374023e+00
3.322124004364013672e+00
3.166255235671997070e+00
3.113641977310180664e+00
3.855598926544189453e+00
4.273959159851074219e+00
2.987167119979858398e+00
4.143558025360107422e+00
3.133909940719604492e+00
2.715382099151611328e+00
3.209343910217285156e+00
3.619240045547485352e+00
3.579823970794677734e+00
3.669152975082397461e+00
3.692887067794799805e+00
3.821473836898803711e+00
3.482535123825073242e+00
4.328553915023803711e+00
3.608366966247558594e+00
3.366897821426391602e+00
4.019735097885131836e+00
3.927725076675415039e+00
4.392258882522583008e+00
3.844448089599609375e+00
3.985711097717285156e+00
3.412717103958129883e+00
3.915375947952270508e+00
2.836719751358032227e+00
3.795027971267700195e+00
3.839445829391479492e+00
4.545392990112304688e+00
4.452807903289794922e+00
4.226127862930297852e+00
3.878941774368286133e+00
4.121716022491455078e+00
3.736727952957153320e+00
3.153721094131469727e+00
3.494678020477294922e+00
3.330334186553955078e+00
3.684264898300170898e+00
3.953631877899169922e+00
3.933286190032958984e+00
4.592044115066528320e+00
4.255500078201293945e+00
3.355561017990112305e+00
3.626498222351074219e+00
3.351090192794799805e+00
3.518424987792968750e+00
3.668797016143798828e+00
4.075498104095458984e+00
4.451370000839233398e+00
2.825876951217651367e+00
4.243283987045288086e+00
4.094094991683959961e+00
4.087627887725830078e+00
3.912517070770263672e+00
2.986126184463500977e+00
3.717298269271850586e+00
4.143836021423339844e+00
3.510927677154541016e+00
2.593127250671386719e+00
2.910812139511108398e+00
2.506016969680786133e+00
3.970560073852539062e+00
4.224564075469970703e+00
3.736813783645629883e+00
3.876770019531250000e+00
2.682757139205932617e+00
3.686949253082275391e+00
4.503347873687744141e+00
4.374566316604614258e+00
4.161840200424194336e+00
3.252187967300415039e+00
3.852447986602783203e+00
4.415921211242675781e+00
4.202326774597167969e+00
4.261514902114868164e+00
3.197242975234985352e+00
3.355051040649414062e+00
3.297822237014770508e+00
3.745456218719482422e+00
3.060612678527832031e+00
3.233724117279052734e+00
3.113526105880737305e+00
4.723507165908813477e+00
3.080105304718017578e+00
2.592052936553955078e+00
3.128811120986938477e+00
2.779940843582153320e+00
3.728209972381591797e+00
3.519711017608642578e+00
5.188068866729736328e+00
2.954428195953369141e+00
4.075004100799560547e+00
4.512792110443115234e+00
3.233358144760131836e+00
3.075019121170043945e+00
5.198967695236206055e+00
4.300746917724609375e+00
4.671608209609985352e+00
3.178550004959106445e+00
4.304170370101928711e+00
3.833061695098876953e+00
3.882914066314697266e+00
3.971206903457641602e+00
4.447329998016357422e+00
4.008622884750366211e+00
3.829700946807861328e+00
3.889654874801635742e+00
3.957032918930053711e+00
4.679333925247192383e+00
3.073472976684570312e+00
3.032362937927246094e+00
4.061965942382812500e+00
3.699458837509155273e+00
4.146584987640380859e+00
3.519245147705078125e+00
3.339825153350830078e+00
3.630233764648437500e+00
4.199324846267700195e+00
3.453169822692871094e+00
3.593699932098388672e+00
2.978064775466918945e+00
2.817852020263671875e+00
3.337105035781860352e+00
3.983319044113159180e+00
3.029039859771728516e+00
2.522253990173339844e+00
3.455214977264404297e+00
3.322532176971435547e+00
3.785687923431396484e+00
4.275350093841552734e+00
3.139298915863037109e+00
3.261568069458007812e+00
4.509003877639770508e+00
3.988794803619384766e+00
3.772830009460449219e+00
3.880607843399047852e+00
3.554776191711425781e+00
3.110763072967529297e+00
3.058091878890991211e+00
3.438346862792968750e+00
3.130213737487792969e+00
4.481138944625854492e+00
3.886916160583496094e+00
4.132232189178466797e+00
3.139470100402832031e+00
3.536647796630859375e+00
3.923631191253662109e+00
3.282010078430175781e+00
5.243889093399047852e+00
3.907447099685668945e+00
3.652022123336791992e+00
3.893576145172119141e+00
3.286258935928344727e+00
2.822001218795776367e+00
4.268090963363647461e+00
3.885376930236816406e+00
4.400102853775024414e+00
4.614172697067260742e+00
3.397064924240112305e+00
3.719050884246826172e+00
4.423808097839355469e+00
4.056030988693237305e+00
4.589365959167480469e+00
2.918231964111328125e+00
3.986014127731323242e+00
3.576992988586425781e+00
3.395328998565673828e+00
3.577510833740234375e+00
4.541458845138549805e+00
4.285887956619262695e+00
3.651120901107788086e+00
2.754552841186523438e+00
5.091954946517944336e+00
4.611586093902587891e+00
2.936105966567993164e+00
2.957745313644409180e+00
3.862226963043212891e+00
4.385037183761596680e+00
2.019261837005615234e+00
2.951654911041259766e+00
3.562989950180053711e+00
3.015514135360717773e+00
4.686089992523193359e+00
3.786933898925781250e+00
3.267145872116088867e+00
2.812690973281860352e+00
3.671408176422119141e+00
2.962511777877807617e+00
3.387656211853027344e+00
3.982351303100585938e+00
3.788643121719360352e+00
3.228446006774902344e+00
4.813490867614746094e+00
3.145409107208251953e+00
3.694704055786132812e+00
3.545665025711059570e+00
3.825232267379760742e+00
5.452565193176269531e+00
3.793338775634765625e+00
3.115494012832641602e+00
3.852490901947021484e+00
4.102308988571166992e+00
3.570631742477416992e+00
3.956313133239746094e+00
3.439001798629760742e+00
4.075633049011230469e+00
3.488615989685058594e+00
3.549518108367919922e+00
3.571511030197143555e+00
4.113371133804321289e+00
3.509292125701904297e+00
3.198094129562377930e+00
2.979807853698730469e+00
4.145622968673706055e+00
3.076081037521362305e+00
3.281098127365112305e+00
4.143542051315307617e+00
3.259595155715942383e+00
3.363379001617431641e+00
3.700387001037597656e+00
2.590039968490600586e+00
3.791177988052368164e+00
3.564101219177246094e+00
3.459194183349609375e+00
3.435179948806762695e+00
3.026209115982055664e+00
3.684373855590820312e+00
3.850208044052124023e+00
2.755173206329345703e+00
3.023700952529907227e+00
3.062285900115966797e+00
2.962363958358764648e+00
3.001305103302001953e+00
3.593812942504882812e+00
2.605481147766113281e+00
3.391237974166870117e+00
3.677968978881835938e+00
2.514880180358886719e+00
3.089359760284423828e+00
2.277634143829345703e+00
4.033142805099487305e+00
3.930444955825805664e+00
3.330703973770141602e+00
3.411755800247192383e+00
3.233486890792846680e+00
3.478450059890747070e+00
3.458822250366210938e+00
2.602042913436889648e+00
3.384843111038208008e+00
3.054940938949584961e+00
2.849469184875488281e+00
2.820310115814208984e+00
3.472440004348754883e+00
3.335515260696411133e+00
2.910510778427124023e+00
2.834347963333129883e+00
2.928098201751708984e+00
3.493658781051635742e+00
4.147821903228759766e+00
2.901839256286621094e+00
3.334739208221435547e+00
3.058568954467773438e+00
3.608881950378417969e+00
3.208483219146728516e+00
3.365109920501708984e+00
4.671028852462768555e+00
3.355921030044555664e+00
3.833171129226684570e+00
3.643353939056396484e+00
3.518667936325073242e+00
3.952845096588134766e+00
3.803396940231323242e+00
3.370687007904052734e+00
3.891793966293334961e+00
3.184118032455444336e+00
3.599220037460327148e+00
3.549580812454223633e+00
3.292725086212158203e+00
2.946396827697753906e+00
3.648375034332275391e+00
3.647499084472656250e+00
4.542640924453735352e+00
4.130507946014404297e+00
3.641170024871826172e+00
3.818195819854736328e+00
4.194503784179687500e+00
2.646033287048339844e+00
4.149844884872436523e+00
3.480653047561645508e+00
3.193782806396484375e+00
2.796967029571533203e+00
3.337566137313842773e+00
3.286225795745849609e+00
3.604591846466064453e+00
3.726007938385009766e+00
3.703135967254638672e+00
3.688912153244018555e+00
3.459582090377807617e+00
4.427355051040649414e+00
3.386720895767211914e+00
3.864391326904296875e+00
3.774840831756591797e+00
3.981876373291015625e+00
3.532745122909545898e+00
3.977995634078979492e+00
4.529735803604125977e+00
3.437389135360717773e+00
4.077091932296752930e+00
2.970647811889648438e+00
3.501437902450561523e+00
4.341696023941040039e+00
4.527737140655517578e+00
4.655018091201782227e+00
4.038801908493041992e+00
4.149591922760009766e+00
3.995993852615356445e+00
3.660544157028198242e+00
4.647244930267333984e+00
3.662014961242675781e+00
4.718497037887573242e+00
3.966674804687500000e+00
3.713654041290283203e+00
3.710642337799072266e+00
4.352442979812622070e+00
3.899883031845092773e+00
4.115904808044433594e+00
3.863911151885986328e+00
4.648786783218383789e+00
3.904329061508178711e+00
3.497040033340454102e+00
3.975948095321655273e+00
3.210170030593872070e+00
3.528421163558959961e+00
4.999985218048095703e+00
3.756416082382202148e+00
4.120173931121826172e+00
4.044515848159790039e+00
3.909352064132690430e+00
4.902317047119140625e+00
4.303489685058593750e+00
6.144311666488647461e+00
3.907369136810302734e+00
3.566273689270019531e+00
3.485857963562011719e+00
2.975250959396362305e+00
3.332596063613891602e+00
4.481742858886718750e+00
4.214874982833862305e+00
3.859202146530151367e+00
4.732264995574951172e+00
4.479777097702026367e+00
3.866513013839721680e+00
4.211812019348144531e+00
4.457528114318847656e+00
4.930290937423706055e+00
3.938387155532836914e+00
4.179621219635009766e+00
4.192785978317260742e+00
4.174641847610473633e+00
4.185410976409912109e+00
4.594902038574218750e+00
4.056627988815307617e+00
4.062276840209960938e+00
4.147799968719482422e+00
3.664273023605346680e+00
5.137451171875000000e+00
4.227412939071655273e+00
5.075027942657470703e+00
4.673246860504150391e+00
3.691909074783325195e+00
4.083678245544433594e+00
4.345269918441772461e+00
3.809288024902343750e+00
4.922569990158081055e+00
4.465567827224731445e+00
4.133155822753906250e+00
3.859678268432617188e+00
4.594069004058837891e+00
4.156616926193237305e+00
5.464495182037353516e+00
3.976121187210083008e+00
3.300139904022216797e+00
4.462928771972656250e+00
3.781213998794555664e+00
3.912632226943969727e+00
3.752025127410888672e+00
4.304377079010009766e+00
3.969978094100952148e+00
5.576851129531860352e+00
5.141667842864990234e+00
3.754170179367065430e+00
5.649405956268310547e+00
3.759413957595825195e+00
4.060023069381713867e+00
3.156814813613891602e+00
3.602027893066406250e+00
4.457870960235595703e+00
3.478194236755371094e+00
4.299417972564697266e+00
3.601793050765991211e+00
3.953397989273071289e+00
4.197574138641357422e+00
4.869337081909179688e+00
4.318181037902832031e+00
3.538925170898437500e+00
3.529913187026977539e+00
3.115499019622802734e+00
3.567651033401489258e+00
3.733258008956909180e+00
3.926013231277465820e+00
4.333565950393676758e+00
3.304001092910766602e+00
4.407224178314208984e+00
3.831099033355712891e+00
3.619486093521118164e+00
5.109932661056518555e+00
4.833651065826416016e+00
3.461744785308837891e+00
3.353805065155029297e+00
4.559248924255371094e+00
4.366822957992553711e+00
4.584010124206542969e+00
4.438251018524169922e+00
3.498434782028198242e+00
3.784433126449584961e+00
4.216368675231933594e+00
3.636904954910278320e+00
3.729775905609130859e+00
3.912320137023925781e+00
2.880453824996948242e+00
3.115354061126708984e+00
4.065845966339111328e+00
4.056387662887573242e+00
4.144208908081054688e+00
3.446109771728515625e+00
4.519582986831665039e+00
4.486276865005493164e+00
4.204319000244140625e+00
4.502593040466308594e+00
3.980068206787109375e+00
4.078204870223999023e+00
4.148620128631591797e+00
3.565376043319702148e+00
4.133867979049682617e+00
4.754678726196289062e+00
4.701843976974487305e+00
3.190263032913208008e+00
4.178591012954711914e+00
4.111017942428588867e+00
3.856304883956909180e+00
5.466286897659301758e+00
3.417454719543457031e+00
4.026872158050537109e+00
3.811123847961425781e+00
3.397021770477294922e+00
4.205241203308105469e+00
4.078230142593383789e+00
3.644639015197753906e+00
4.885535240173339844e+00
5.073776006698608398e+00
4.660720825195312500e+00
3.924400091171264648e+00
4.680795907974243164e+00
4.792337179183959961e+00
4.493506669998168945e+00
4.039119005203247070e+00
3.304481029510498047e+00
4.469777822494506836e+00
2.696959972381591797e+00
3.901063919067382812e+00
4.870130777359008789e+00
3.246999025344848633e+00
4.780617952346801758e+00
5.130449771881103516e+00
3.797042846679687500e+00
4.403445959091186523e+00
4.612678289413452148e+00
4.802592039108276367e+00
3.669820785522460938e+00
5.946023941040039062e+00
4.686024188995361328e+00
4.279307842254638672e+00
2.880303144454956055e+00
3.555311918258666992e+00
4.166275978088378906e+00
3.743868827819824219e+00
3.257586956024169922e+00
4.372025012969970703e+00
3.688967943191528320e+00
4.070300102233886719e+00
3.646449804306030273e+00
4.111310005187988281e+00
3.885148048400878906e+00
3.911184072494506836e+00
3.263720035552978516e+00
3.497405052185058594e+00
4.127835988998413086e+00
3.291339874267578125e+00
4.447523832321166992e+00
3.987605094909667969e+00
4.660396099090576172e+00
3.506891965866088867e+00
4.213652849197387695e+00
3.030076980590820312e+00
5.317898988723754883e+00
5.062100887298583984e+00
3.368626832962036133e+00
3.501143932342529297e+00
3.354255914688110352e+00
3.163748025894165039e+00
4.672168016433715820e+00
4.768198013305664062e+00
2.823790073394775391e+00
2.643394231796264648e+00
3.800909280776977539e+00
3.223132848739624023e+00
2.869920015335083008e+00
3.578551054000854492e+00
3.558441877365112305e+00
3.324970960617065430e+00
3.262500047683715820e+00
3.196381807327270508e+00
3.011324167251586914e+00
3.296781063079833984e+00
2.971318006515502930e+00
3.210880041122436523e+00
4.518779993057250977e+00
3.439646959304809570e+00
3.962033987045288086e+00
3.338474988937377930e+00
3.960618972778320312e+00
3.007380962371826172e+00
3.529618978500366211e+00
2.904418230056762695e+00
3.407311201095581055e+00
2.996098041534423828e+00
2.799612998962402344e+00
2.825491905212402344e+00
3.413039207458496094e+00
3.082147836685180664e+00
3.052103042602539062e+00
3.379738807678222656e+00
3.422761917114257812e+00
3.415387153625488281e+00
2.600970029830932617e+00
2.614770889282226562e+00
3.565891742706298828e+00
3.730348825454711914e+00
3.880822896957397461e+00
2.708724975585937500e+00
2.540802955627441406e+00
3.654782056808471680e+00
4.184588909149169922e+00
4.781996011734008789e+00
4.185656070709228516e+00
3.296938180923461914e+00
3.760814189910888672e+00
3.270898103713989258e+00
3.359941005706787109e+00
3.080411911010742188e+00
3.743159055709838867e+00
4.267632722854614258e+00
3.399379014968872070e+00
2.841572999954223633e+00
2.871325016021728516e+00
4.784815073013305664e+00
3.326324224472045898e+00
3.292037010192871094e+00
3.470772981643676758e+00
3.532490968704223633e+00
2.761788129806518555e+00
3.752726078033447266e+00
2.933759927749633789e+00
3.336591243743896484e+00
3.091739892959594727e+00
3.877809047698974609e+00
3.466218709945678711e+00
3.785643100738525391e+00
4.677468061447143555e+00
3.292206048965454102e+00
2.857645273208618164e+00
3.079849004745483398e+00
3.103738307952880859e+00
3.068553209304809570e+00
3.755224227905273438e+00
3.280295133590698242e+00
3.477889060974121094e+00
4.180844068527221680e+00
2.836298942565917969e+00
3.176251888275146484e+00
3.729099988937377930e+00
3.826121091842651367e+00
4.288789033889770508e+00
2.860203981399536133e+00
2.790338039398193359e+00
2.808200836181640625e+00
3.227759838104248047e+00
3.133843898773193359e+00
3.239267826080322266e+00
3.122119903564453125e+00
3.367929220199584961e+00
4.179543018341064453e+00
4.149975061416625977e+00
2.923118114471435547e+00
3.293768882751464844e+00
4.225514173507690430e+00
4.263613939285278320e+00
3.539854049682617188e+00
3.424839735031127930e+00
3.472989320755004883e+00
3.284063100814819336e+00
3.460050344467163086e+00
3.635622024536132812e+00
3.269476890563964844e+00
2.539436817169189453e+00
3.530072927474975586e+00
3.801962137222290039e+00
3.831151008605957031e+00
4.439699888229370117e+00
3.344681978225708008e+00
3.981022834777832031e+00
3.116256952285766602e+00
3.755100011825561523e+00
3.736116886138916016e+00
3.489610910415649414e+00
3.910572052001953125e+00
4.429129123687744141e+00
3.399599075317382812e+00
3.635803937911987305e+00
3.900977134704589844e+00
3.846251010894775391e+00
3.919987916946411133e+00
3.207981824874877930e+00
4.478602886199951172e+00
3.776047229766845703e+00
3.660227775573730469e+00
3.239225864410400391e+00
3.710712909698486328e+00
3.664337873458862305e+00
2.877947807312011719e+00
2.997969865798950195e+00
3.836149930953979492e+00
2.920636892318725586e+00
3.189460992813110352e+00
3.780397176742553711e+00
3.520974874496459961e+00
2.896997928619384766e+00
3.880522012710571289e+00
2.505105972290039062e+00
3.580353975296020508e+00
4.039614200592041016e+00
2.922720909118652344e+00
3.379783153533935547e+00
4.036890983581542969e+00
3.148700952529907227e+00
3.128585100173950195e+00
2.757230043411254883e+00
2.708657741546630859e+00
3.795522928237915039e+00
3.111139297485351562e+00
3.027805089950561523e+00
3.189834117889404297e+00
4.251247882843017578e+00
3.322769165039062500e+00
4.263220071792602539e+00
3.800179958343505859e+00
3.754128694534301758e+00
3.338122129440307617e+00
4.009965658187866211e+00
3.286713123321533203e+00
2.881490230560302734e+00
4.083131074905395508e+00
3.007653951644897461e+00
3.013833999633789062e+00
3.932474136352539062e+00
3.522914171218872070e+00
4.445901870727539062e+00
3.195751190185546875e+00
2.933678865432739258e+00
3.336884975433349609e+00
3.424835920333862305e+00
3.147516965866088867e+00
4.591497898101806641e+00
4.392612695693969727e+00
3.321849822998046875e+00
3.056753873825073242e+00
2.994529962539672852e+00
5.139420032501220703e+00
4.177349090576171875e+00
3.639274120330810547e+00
4.265147924423217773e+00
3.381747961044311523e+00
4.338119983673095703e+00
3.233582258224487305e+00
3.182082891464233398e+00
4.044787883758544922e+00
3.759123086929321289e+00
3.272238016128540039e+00
3.116544008255004883e+00
3.283293962478637695e+00
3.708238124847412109e+00
3.301028251647949219e+00
3.644356250762939453e+00
3.644613981246948242e+00
3.645032167434692383e+00
3.515782117843627930e+00
3.356763124465942383e+00
3.315153360366821289e+00
3.069808959960937500e+00
3.610297918319702148e+00
3.585576772689819336e+00
3.603607892990112305e+00
4.251528024673461914e+00
3.599950075149536133e+00
3.680842161178588867e+00
3.692679166793823242e+00
3.326445102691650391e+00
3.085935115814208984e+00
3.763677120208740234e+00
3.888477087020874023e+00
3.447340965270996094e+00
3.438549995422363281e+00
3.441740989685058594e+00
3.176450014114379883e+00
3.864003181457519531e+00
3.403095960617065430e+00
3.893630027770996094e+00
3.536280870437622070e+00
3.230256080627441406e+00
3.198879957199096680e+00
4.091125965118408203e+00
3.562210083007812500e+00
4.067647933959960938e+00
2.697742938995361328e+00
4.095797061920166016e+00
3.314373016357421875e+00
4.372173070907592773e+00
3.344316244125366211e+00
4.123368978500366211e+00
4.179716110229492188e+00
3.536479949951171875e+00
4.185139894485473633e+00
3.702838897705078125e+00
3.722325801849365234e+00
4.320516109466552734e+00
3.436429023742675781e+00
4.250993013381958008e+00
3.960064649581909180e+00
4.132568836212158203e+00
4.112368822097778320e+00
3.990247964859008789e+00
5.241274833679199219e+00
4.027425050735473633e+00
3.699823141098022461e+00
3.987630128860473633e+00
3.558109045028686523e+00
4.199461936950683594e+00
3.721274137496948242e+00
3.780906915664672852e+00
3.830049991607666016e+00
3.139801979064941406e+00
3.814663171768188477e+00
3.170405864715576172e+00
2.700840950012207031e+00
3.463063001632690430e+00
2.912692070007324219e+00
3.165750980377197266e+00
3.042600154876708984e+00
4.108680009841918945e+00
4.521604776382446289e+00
3.864956140518188477e+00
3.175923109054565430e+00
3.221496105194091797e+00
3.229269027709960938e+00
4.069575071334838867e+00
4.608870983123779297e+00
4.639386177062988281e+00
4.036960124969482422e+00
3.685645818710327148e+00
3.225136995315551758e+00
3.921669006347656250e+00
3.828590154647827148e+00
3.806273937225341797e+00
4.253511905670166016e+00
3.894321203231811523e+00
3.360426902770996094e+00
4.174991130828857422e+00
4.504275083541870117e+00
3.999431848526000977e+00
3.503735065460205078e+00
3.642946958541870117e+00
3.569331884384155273e+00
4.088338851928710938e+00
4.097584724426269531e+00
3.534933090209960938e+00
4.272051095962524414e+00
3.579591035842895508e+00
3.549221992492675781e+00
3.623712778091430664e+00
3.576948881149291992e+00
3.344311952590942383e+00
4.051743984222412109e+00
3.679002046585083008e+00
3.031824827194213867e+00
3.748552083969116211e+00
3.303762197494506836e+00
4.303802013397216797e+00
3.513108015060424805e+00
4.615603923797607422e+00
3.471703052520751953e+00
3.610108137130737305e+00
3.492574930191040039e+00
3.580826044082641602e+00
3.426013231277465820e+00
3.517608880996704102e+00
3.286573171615600586e+00
4.252167940139770508e+00
3.916705131530761719e+00
2.766052007675170898e+00
3.580209970474243164e+00
2.437688827514648438e+00
3.503363132476806641e+00
3.725494861602783203e+00
3.577604770660400391e+00
3.451288938522338867e+00
3.573020219802856445e+00
3.587414026260375977e+00
3.304988384246826172e+00
2.331349849700927734e+00
3.600814819335937500e+00
3.966452121734619141e+00
3.606851100921630859e+00
2.919735193252563477e+00
2.461232900619506836e+00
4.540361881256103516e+00
3.131262302398681641e+00
3.411091089248657227e+00
3.289754152297973633e+00
2.610389709472656250e+00
3.738250970840454102e+00
2.776373147964477539e+00
3.521986007690429688e+00
3.295424938201904297e+00
2.684714078903198242e+00
3.208639860153198242e+00
3.658268928527832031e+00
3.201266050338745117e+00
3.347483158111572266e+00
3.931438684463500977e+00
4.296025037765502930e+00
3.207632064819335938e+00
3.923733949661254883e+00
2.973732948303222656e+00
3.366434097290039062e+00
2.632131814956665039e+00
4.634413003921508789e+00
4.218823909759521484e+00
3.310580015182495117e+00
2.764889001846313477e+00
2.966298103332519531e+00
4.043973922729492188e+00
3.985915184020996094e+00
3.666815042495727539e+00
3.637711286544799805e+00
3.245564222335815430e+00
3.719515085220336914e+00
2.793220758438110352e+00
2.817378044128417969e+00
2.735165119171142578e+00
2.936746120452880859e+00
4.558385372161865234e+00
3.047300100326538086e+00
3.586203098297119141e+00
4.145956039428710938e+00
3.299662113189697266e+00
2.925128936767578125e+00
2.976821899414062500e+00
2.933671951293945312e+00
3.318052053451538086e+00
3.746870994567871094e+00
3.355237960815429688e+00
2.884577035903930664e+00
3.537144184112548828e+00
5.177999734878540039e+00
2.227548122406005859e+00
2.993878841400146484e+00
4.279942035675048828e+00
3.465803623199462891e+00
2.862247943878173828e+00
3.878359794616699219e+00
2.662306070327758789e+00
3.049173831939697266e+00
4.285301923751831055e+00
3.474227905273437500e+00
3.561721801757812500e+00
3.106624126434326172e+00
3.132565736770629883e+00
3.286274909973144531e+00
3.193944215774536133e+00
3.184749126434326172e+00
3.276885986328125000e+00
2.968169927597045898e+00
3.311943292617797852e+00
2.974232196807861328e+00
3.065147161483764648e+00
2.980227947235107422e+00
2.922302007675170898e+00
3.348102092742919922e+00
2.582068920135498047e+00
2.801476716995239258e+00
2.658327817916870117e+00
3.351175308227539062e+00
4.173406124114990234e+00
2.842806100845336914e+00
2.960302829742431641e+00
2.943147897720336914e+00
3.083027124404907227e+00
3.445500135421752930e+00
3.469736337661743164e+00
3.940310001373291016e+00
3.166364908218383789e+00
3.653918981552124023e+00
3.160302877426147461e+00
3.587551116943359375e+00
3.111922979354858398e+00
4.159183025360107422e+00
4.323923826217651367e+00
4.246129989624023438e+00
3.235884904861450195e+00
3.239618062973022461e+00
2.626883029937744141e+00
2.757443189620971680e+00
4.279770851135253906e+00
3.295212030410766602e+00
3.102058887481689453e+00
3.331140041351318359e+00
3.195015907287597656e+00
3.395790100097656250e+00
3.326483964920043945e+00
3.764563083648681641e+00
4.247550010681152344e+00
3.427778244018554688e+00
5.050042867660522461e+00
3.472295284271240234e+00
3.113450050354003906e+00
3.493916273117065430e+00
3.033509016036987305e+00
3.307670116424560547e+00
3.184890985488891602e+00
2.943943023681640625e+00
2.314610004425048828e+00
3.759401082992553711e+00
3.143566131591796875e+00
3.049612760543823242e+00
4.456065177917480469e+00
2.789065122604370117e+00
3.007592201232910156e+00
3.131190061569213867e+00
2.615174293518066406e+00
3.531909704208374023e+00
3.161751031875610352e+00
3.427299022674560547e+00
3.225017786026000977e+00
4.039155960083007812e+00
2.999614953994750977e+00
3.236901044845581055e+00
3.730384111404418945e+00
3.286808967590332031e+00
3.177063941955566406e+00
3.457798242568969727e+00
3.392810821533203125e+00
2.572422266006469727e+00
3.695252895355224609e+00
2.965833187103271484e+00
3.600462913513183594e+00
3.602832794189453125e+00
3.640022993087768555e+00
2.654716968536376953e+00
2.646586894989013672e+00
3.617531061172485352e+00
2.767012834548950195e+00
3.997160196304321289e+00
3.157787799835205078e+00
3.660312175750732422e+00
3.431180000305175781e+00
3.454956054687500000e+00
3.390744924545288086e+00
4.543423891067504883e+00
4.550153017044067383e+00
3.942358016967773438e+00
4.043040990829467773e+00
3.458617210388183594e+00
3.488546133041381836e+00
3.233824968338012695e+00
3.395637989044189453e+00
3.924443006515502930e+00
3.285692930221557617e+00
3.290419340133666992e+00
4.116606950759887695e+00
3.736093997955322266e+00
3.938511848449707031e+00
3.438527822494506836e+00
2.856800079345703125e+00
3.639026880264282227e+00
3.684674739837646484e+00
2.403055906295776367e+00
3.615505933761596680e+00
3.015929937362670898e+00
4.460998058319091797e+00
3.513432025909423828e+00
4.200392246246337891e+00
2.799973726272583008e+00
5.083753824234008789e+00
3.311952829360961914e+00
4.231792926788330078e+00
3.451536893844604492e+00
3.715368032455444336e+00
3.091895818710327148e+00
3.715349912643432617e+00
3.563347816467285156e+00
2.865161895751953125e+00
3.990494966506958008e+00
3.813874006271362305e+00
3.598039150238037109e+00
3.353655815124511719e+00
3.332088947296142578e+00
2.812874078750610352e+00
4.119768142700195312e+00
3.124244928359985352e+00
3.225175142288208008e+00
3.874106884002685547e+00
3.700139045715332031e+00
4.107202768325805664e+00
3.008213043212890625e+00
4.163507938385009766e+00
4.585333108901977539e+00
3.325519084930419922e+00
2.781921863555908203e+00
3.297455310821533203e+00
3.316015958786010742e+00
4.237386941909790039e+00
4.026141166687011719e+00
4.183043718338012695e+00
3.253305673599243164e+00
3.718192100524902344e+00
4.942947864532470703e+00
3.619717836380004883e+00
3.377551794052124023e+00
3.062571048736572266e+00
4.927375078201293945e+00
3.807255744934082031e+00
4.168606281280517578e+00
3.368315935134887695e+00
2.668595075607299805e+00
3.410213947296142578e+00
3.932898998260498047e+00
3.117633104324340820e+00
3.266625881195068359e+00
4.359915018081665039e+00
4.356752872467041016e+00
3.314580917358398438e+00
2.726533889770507812e+00
3.523839950561523438e+00
3.542958021163940430e+00
3.968672037124633789e+00
2.685605764389038086e+00
3.175398826599121094e+00
4.112653017044067383e+00
3.176297187805175781e+00
4.451838970184326172e+00
4.738311052322387695e+00
3.594919919967651367e+00
3.216914892196655273e+00
3.605856657028198242e+00
3.630620718002319336e+00
3.629804849624633789e+00
3.653353929519653320e+00
4.010806083679199219e+00
3.610954999923706055e+00
2.931778907775878906e+00
4.171993255615234375e+00
2.954098939895629883e+00
3.668941736221313477e+00
4.602019071578979492e+00
3.718422889709472656e+00
4.808539152145385742e+00
3.287661075592041016e+00
4.301373958587646484e+00
4.990497827529907227e+00
3.478498935699462891e+00
3.762243986129760742e+00
5.222508907318115234e+00
3.923483848571777344e+00
4.298548936843872070e+00
2.787240028381347656e+00
3.777268886566162109e+00
3.457395076751708984e+00
3.449760913848876953e+00
3.796535968780517578e+00
3.955572128295898438e+00
3.432590007781982422e+00
3.762223958969116211e+00
3.323685169219970703e+00
3.719070911407470703e+00
4.810062170028686523e+00
4.641024112701416016e+00
3.955758094787597656e+00
3.972152709960937500e+00
3.579539299011230469e+00
2.682409048080444336e+00
2.879050016403198242e+00
3.139789819717407227e+00
4.320692777633666992e+00
4.654387950897216797e+00
4.821072101593017578e+00
3.647680997848510742e+00
3.556929111480712891e+00
3.776480913162231445e+00
4.196086883544921875e+00
3.494406223297119141e+00
3.301764249801635742e+00
3.540604829788208008e+00
2.555302143096923828e+00
3.747305870056152344e+00
4.609597206115722656e+00
4.805624961853027344e+00
4.739937067031860352e+00
5.388124227523803711e+00
4.898421049118041992e+00
2.935125112533569336e+00
2.943125724792480469e+00
3.825529098510742188e+00
3.717374324798583984e+00
3.049425840377807617e+00
4.519599199295043945e+00
4.657335042953491211e+00
4.097123146057128906e+00
5.008720874786376953e+00
4.214091062545776367e+00
3.294569015502929688e+00
4.488682985305786133e+00
4.775324821472167969e+00
3.219297885894775391e+00
4.049772024154663086e+00
4.128694057464599609e+00
4.783812046051025391e+00
4.367719888687133789e+00
4.365240097045898438e+00
4.181062221527099609e+00
4.379172801971435547e+00
4.708067893981933594e+00
4.019914865493774414e+00
4.815674066543579102e+00
3.218591928482055664e+00
4.352446794509887695e+00
4.646355867385864258e+00
3.932832956314086914e+00
3.846693754196166992e+00
5.094256162643432617e+00
4.823650121688842773e+00
4.044139146804809570e+00
5.200647830963134766e+00
4.811127901077270508e+00
5.127613782882690430e+00
4.338928937911987305e+00
4.744137048721313477e+00
4.856071949005126953e+00
4.810534954071044922e+00
4.323654174804687500e+00
4.736783266067504883e+00
5.270653009414672852e+00
5.308557033538818359e+00
4.546622991561889648e+00
4.928956985473632812e+00
5.166877985000610352e+00
4.891815900802612305e+00
4.417731046676635742e+00
5.368861198425292969e+00
5.315125942230224609e+00
4.555472135543823242e+00
4.820037841796875000e+00
6.639361858367919922e+00
4.414107084274291992e+00
4.299947023391723633e+00
3.158871889114379883e+00
5.013813018798828125e+00
4.540863037109375000e+00
4.516489982604980469e+00
2.826973915100097656e+00
4.120079755783081055e+00
4.676132917404174805e+00
4.881531953811645508e+00
6.072633981704711914e+00
4.540174007415771484e+00
5.271906852722167969e+00
5.572594165802001953e+00
4.388204097747802734e+00
4.505185604095458984e+00
4.615411043167114258e+00
5.026820898056030273e+00
3.483808994293212891e+00
3.589174985885620117e+00
4.213672876358032227e+00
4.875198125839233398e+00
3.633636713027954102e+00
5.084935903549194336e+00
4.702823162078857422e+00
3.656959056854248047e+00
4.640067815780639648e+00
4.306500911712646484e+00
3.281769990921020508e+00
4.067512989044189453e+00
3.443837881088256836e+00
4.305130243301391602e+00
5.179045915603637695e+00
3.687060117721557617e+00
3.637663841247558594e+00
3.580570936203002930e+00
4.605350971221923828e+00
3.280363082885742188e+00
5.254964828491210938e+00
3.464918851852416992e+00
5.998772144317626953e+00
4.485555171966552734e+00
4.298683881759643555e+00
3.192885160446166992e+00
5.814624786376953125e+00
4.251363754272460938e+00
4.675247192382812500e+00
3.600903987884521484e+00
4.438102006912231445e+00
3.514679908752441406e+00
2.692473888397216797e+00
4.106297969818115234e+00
3.558780193328857422e+00
3.943021059036254883e+00
4.416749000549316406e+00
4.835730314254760742e+00
3.822749376296997070e+00
2.715912818908691406e+00
3.378557920455932617e+00
3.008764982223510742e+00
4.512990951538085938e+00
3.500792741775512695e+00
3.421022415161132812e+00
4.991664886474609375e+00
4.476004838943481445e+00
4.245675086975097656e+00
4.037916898727416992e+00
4.610521078109741211e+00
3.485241174697875977e+00
4.422148227691650391e+00
4.477079868316650391e+00
4.269633054733276367e+00
3.750751972198486328e+00
4.029686212539672852e+00
4.293474912643432617e+00
3.311222076416015625e+00
4.672070980072021484e+00
3.785354137420654297e+00
4.789618968963623047e+00
2.947546720504760742e+00
3.832040071487426758e+00
4.557273149490356445e+00
4.480208158493041992e+00
4.075051069259643555e+00
4.378644943237304688e+00
2.929139852523803711e+00
4.933879137039184570e+00
3.686010837554931641e+00
2.952178955078125000e+00
3.696192026138305664e+00
3.405652046203613281e+00
3.263770103454589844e+00
3.962437152862548828e+00
4.533318996429443359e+00
4.658675909042358398e+00
4.359272956848144531e+00
4.581336975097656250e+00
3.411233663558959961e+00
4.373691320419311523e+00
5.637483119964599609e+00
4.282248020172119141e+00
5.046987056732177734e+00
3.488955974578857422e+00
3.523079872131347656e+00
4.044154167175292969e+00
5.413830041885375977e+00
3.216475009918212891e+00
3.136047124862670898e+00
4.097195148468017578e+00
4.866779088973999023e+00
4.383430719375610352e+00
4.065971851348876953e+00
4.125001907348632812e+00
4.474333047866821289e+00
3.036891937255859375e+00
3.133349895477294922e+00
4.020227909088134766e+00
3.178291082382202148e+00
4.698867082595825195e+00
3.978596925735473633e+00
5.161420106887817383e+00
4.243790149688720703e+00
4.251588106155395508e+00
4.813781023025512695e+00
3.817089080810546875e+00
3.174149036407470703e+00
3.230570077896118164e+00
3.457035064697265625e+00
4.314456939697265625e+00
3.767015218734741211e+00
4.310215950012207031e+00
4.328407049179077148e+00
4.073337316513061523e+00
3.479935884475708008e+00
4.915606021881103516e+00
5.126408100128173828e+00
3.387059926986694336e+00
3.731030225753784180e+00
4.175333738327026367e+00
4.118394851684570312e+00
2.317512750625610352e+00
4.106237173080444336e+00
3.429513931274414062e+00
3.700324058532714844e+00
3.531052112579345703e+00
3.601998805999755859e+00
3.717203140258789062e+00
3.570766925811767578e+00
4.231808900833129883e+00
3.908923864364624023e+00
3.497026205062866211e+00
3.949820995330810547e+00
3.529882192611694336e+00
4.480818033218383789e+00
4.125226020812988281e+00
3.557048082351684570e+00
3.709352016448974609e+00
5.249081134796142578e+00
3.580137968063354492e+00
3.716821908950805664e+00
4.133996963500976562e+00
3.974226951599121094e+00
3.988105773925781250e+00
4.030971050262451172e+00
4.206279039382934570e+00
2.486737966537475586e+00
4.079740285873413086e+00
4.314446926116943359e+00
4.120595216751098633e+00
4.060844659805297852e+00
2.801756143569946289e+00
4.255182743072509766e+00
4.325855970382690430e+00
5.760915040969848633e+00
3.911107778549194336e+00
4.514964103698730469e+00
4.363800287246704102e+00
4.060474872589111328e+00
4.308087110519409180e+00
2.433888912200927734e+00
4.309279918670654297e+00
4.292235136032104492e+00
4.192638874053955078e+00
4.242674112319946289e+00
2.969703197479248047e+00
4.150804996490478516e+00
4.319071054458618164e+00
4.509435176849365234e+00
4.612395048141479492e+00
2.889446020126342773e+00
4.979875802993774414e+00
2.602550745010375977e+00
4.429605722427368164e+00
4.236887693405151367e+00
4.318854808807373047e+00
4.719675779342651367e+00
4.239977121353149414e+00
3.029994010925292969e+00
5.063307046890258789e+00
4.243340015411376953e+00
4.345957994461059570e+00
4.476444959640502930e+00
2.535006046295166016e+00
4.233107328414916992e+00
4.282696962356567383e+00
5.363390922546386719e+00
4.692665100097656250e+00
4.886164903640747070e+00
4.483161211013793945e+00
2.817066907882690430e+00
2.728365182876586914e+00
2.983128070831298828e+00
2.950665950775146484e+00
2.924485921859741211e+00
3.096563100814819336e+00
3.227454185485839844e+00
2.974653005599975586e+00
2.887071132659912109e+00
4.521096944808959961e+00
2.951601743698120117e+00
3.082323074340820312e+00
4.816310882568359375e+00
3.203613996505737305e+00
2.986071825027465820e+00
3.244925975799560547e+00
2.872754096984863281e+00
3.122978210449218750e+00
3.032040834426879883e+00
3.259371042251586914e+00
3.098033905029296875e+00
3.157617330551147461e+00
3.375988960266113281e+00
2.965005874633789062e+00
3.173947095870971680e+00
3.131133794784545898e+00
3.320393323898315430e+00
3.361706972122192383e+00
3.163944005966186523e+00
3.085553884506225586e+00
2.381889104843139648e+00
3.354898929595947266e+00
3.050027132034301758e+00
3.126986980438232422e+00
3.509397983551025391e+00
3.131496191024780273e+00
2.812854766845703125e+00
2.418789863586425781e+00
3.010455131530761719e+00
3.314644813537597656e+00
3.567698001861572266e+00
3.506238937377929688e+00
3.308779716491699219e+00
3.314325094223022461e+00
3.239046812057495117e+00
3.349122762680053711e+00
3.221881151199340820e+00
3.444095849990844727e+00
3.072157144546508789e+00
3.907194852828979492e+00
3.407758712768554688e+00
3.418354272842407227e+00
3.371903896331787109e+00
3.386684894561767578e+00
3.049289226531982422e+00
3.763530969619750977e+00
3.490208148956298828e+00
3.793195009231567383e+00
3.528974056243896484e+00
3.412166833877563477e+00
3.503922939300537109e+00
3.399840116500854492e+00
3.598899364471435547e+00
2.851369142532348633e+00
3.918451070785522461e+00
3.737560033798217773e+00
2.896397829055786133e+00
3.568365097045898438e+00
3.801017045974731445e+00
2.983025312423706055e+00
3.600383996963500977e+00
3.016613006591796875e+00
2.669623851776123047e+00
3.964513063430786133e+00
2.893252134323120117e+00
2.955583095550537109e+00
3.891484022140502930e+00
2.819708108901977539e+00
2.669303178787231445e+00
3.631771326065063477e+00
2.824421167373657227e+00
2.785269975662231445e+00
3.721494913101196289e+00
4.005277156829833984e+00
3.127611160278320312e+00
3.839112281799316406e+00
3.525197029113769531e+00
3.404273986816406250e+00
3.711580753326416016e+00
3.476629972457885742e+00
2.638513803482055664e+00
3.849877834320068359e+00
3.263171195983886719e+00
2.741474151611328125e+00
3.978935003280639648e+00
2.813838958740234375e+00
2.651307106018066406e+00
3.234015941619873047e+00
4.057032823562622070e+00
2.703304290771484375e+00
3.989156961441040039e+00
4.044934034347534180e+00
4.250440120697021484e+00
3.472902059555053711e+00
2.618800163269042969e+00
4.155508041381835938e+00
3.207669258117675781e+00
3.913492918014526367e+00
3.059363842010498047e+00
3.307312011718750000e+00
3.361567020416259766e+00
2.924328088760375977e+00
3.549723148345947266e+00
3.876971721649169922e+00
4.190679788589477539e+00
4.143322229385375977e+00
3.196883201599121094e+00
3.655168056488037109e+00
3.282048225402832031e+00
3.086712121963500977e+00
4.373048782348632812e+00
4.284852027893066406e+00
3.040113925933837891e+00
3.034687995910644531e+00
2.968058109283447266e+00
3.413388013839721680e+00
4.275867700576782227e+00
3.428041934967041016e+00
3.496685028076171875e+00
3.336478948593139648e+00
4.267002105712890625e+00
3.593867063522338867e+00
3.235017299652099609e+00
4.350339174270629883e+00
3.102072238922119141e+00
3.456044197082519531e+00
2.894420862197875977e+00
3.451399803161621094e+00
3.562613964080810547e+00
3.334817171096801758e+00
3.778681993484497070e+00
4.597194910049438477e+00
3.442495107650756836e+00
3.523844003677368164e+00
2.986880064010620117e+00
2.993062019348144531e+00
3.010731935501098633e+00
3.625353097915649414e+00
4.032454013824462891e+00
3.914640903472900391e+00
3.504343986511230469e+00
3.517678976058959961e+00
3.798547983169555664e+00
3.352782011032104492e+00
4.072127819061279297e+00
3.035399913787841797e+00
3.362277984619140625e+00
3.386287927627563477e+00
3.569450855255126953e+00
3.452391862869262695e+00
4.895493030548095703e+00
2.660548925399780273e+00
3.823359966278076172e+00
4.107481002807617188e+00
4.328353166580200195e+00
2.756102800369262695e+00
3.965640068054199219e+00
3.081473112106323242e+00
3.871601104736328125e+00
4.243044137954711914e+00
4.281368970870971680e+00
3.731498956680297852e+00
4.824147939682006836e+00
4.970386981964111328e+00
4.275869131088256836e+00
3.362181186676025391e+00
2.966443061828613281e+00
4.261119842529296875e+00
3.230707883834838867e+00
3.942385911941528320e+00
4.938180923461914062e+00
4.384789943695068359e+00
3.052097082138061523e+00
5.185607194900512695e+00
3.492571115493774414e+00
3.239040851593017578e+00
3.444321870803833008e+00
3.525037050247192383e+00
3.081401109695434570e+00
4.354209184646606445e+00
4.203300714492797852e+00
3.879549980163574219e+00
4.176852941513061523e+00
3.163545131683349609e+00
3.109136104583740234e+00
4.102313041687011719e+00
4.364160776138305664e+00
3.759797096252441406e+00
3.815804004669189453e+00
3.074824810028076172e+00
3.886367082595825195e+00
3.699986934661865234e+00
3.123672008514404297e+00
3.676057815551757812e+00
3.278470039367675781e+00
2.701373815536499023e+00
3.745251178741455078e+00
3.411490201950073242e+00
3.801648855209350586e+00
4.481885194778442383e+00
3.945756912231445312e+00
4.274875164031982422e+00
2.783777713775634766e+00
3.628878831863403320e+00
2.887341976165771484e+00
3.336863994598388672e+00
3.504123926162719727e+00
5.530667066574096680e+00
3.386248111724853516e+00
4.430378913879394531e+00
3.687365055084228516e+00
3.455031156539916992e+00
5.573399066925048828e+00
3.997169971466064453e+00
3.436074972152709961e+00
3.374681234359741211e+00
3.604046106338500977e+00
4.011154890060424805e+00
4.805521011352539062e+00
3.427417993545532227e+00
3.173842191696166992e+00
3.580602169036865234e+00
3.496104001998901367e+00
3.636601924896240234e+00
2.749126911163330078e+00
3.096139907836914062e+00
3.626370906829833984e+00
4.971313953399658203e+00
2.882410287857055664e+00
4.522671699523925781e+00
4.455812931060791016e+00
3.749706983566284180e+00
3.225502967834472656e+00
3.433052301406860352e+00
3.061926126480102539e+00
3.262098789215087891e+00
3.349511146545410156e+00
2.827141761779785156e+00
2.947721958160400391e+00
3.064102888107299805e+00
3.455477952957153320e+00
3.190317869186401367e+00
3.033483982086181641e+00
2.985144853591918945e+00
3.435950994491577148e+00
3.650863170623779297e+00
3.763326883316040039e+00
3.605165958404541016e+00
3.126787900924682617e+00
3.309519052505493164e+00
3.910910129547119141e+00
4.015843152999877930e+00
3.723263978958129883e+00
2.657373189926147461e+00
3.784973144531250000e+00
3.508985042572021484e+00
3.490490198135375977e+00
3.297636270523071289e+00
2.999201059341430664e+00
4.034694194793701172e+00
3.617375135421752930e+00
3.804445981979370117e+00
4.463217973709106445e+00
3.208899021148681641e+00
4.003349065780639648e+00
5.023212909698486328e+00
2.638418912887573242e+00
3.179259061813354492e+00
2.844954252243041992e+00
2.981014013290405273e+00
4.150660037994384766e+00
3.030869007110595703e+00
3.545256137847900391e+00
3.546590089797973633e+00
4.092738151550292969e+00
3.945375204086303711e+00
2.669380187988281250e+00
3.538695096969604492e+00
2.690651893615722656e+00
3.503297090530395508e+00
4.167976856231689453e+00
2.747715950012207031e+00
2.854154109954833984e+00
2.805115222930908203e+00
2.494997024536132812e+00
2.542646884918212891e+00
2.639369964599609375e+00
3.174190282821655273e+00
3.394518613815307617e+00
4.236313104629516602e+00
2.993677139282226562e+00
3.100502014160156250e+00
3.232038974761962891e+00
3.305692911148071289e+00
3.420336008071899414e+00
3.740019083023071289e+00
2.584350109100341797e+00
3.693246364593505859e+00
2.717745780944824219e+00
2.770414829254150391e+00
3.978765726089477539e+00
3.482141971588134766e+00
2.780294179916381836e+00
3.265557765960693359e+00
3.510348081588745117e+00
3.450628042221069336e+00
3.254960775375366211e+00
3.558589220046997070e+00
4.190618753433227539e+00
3.376350164413452148e+00
2.875855207443237305e+00
2.635672092437744141e+00
3.553436756134033203e+00
3.356524944305419922e+00
2.201767921447753906e+00
3.417748928070068359e+00
2.895525932312011719e+00
3.618009805679321289e+00
3.861567974090576172e+00
2.730228185653686523e+00
3.219004154205322266e+00
2.533012866973876953e+00
4.232360124588012695e+00
3.671128988265991211e+00
2.917501211166381836e+00
3.505805015563964844e+00
3.328989028930664062e+00
3.043280124664306641e+00
3.767384052276611328e+00
4.056286096572875977e+00
4.062849044799804688e+00
3.158677101135253906e+00
3.134682893753051758e+00
3.946175098419189453e+00
3.005920171737670898e+00
2.511007070541381836e+00
2.617527961730957031e+00
3.610926866531372070e+00
4.255415201187133789e+00
3.911499023437500000e+00
4.926162242889404297e+00
3.263271331787109375e+00
3.010432958602905273e+00
3.200132846832275391e+00
3.295537948608398438e+00
2.621021032333374023e+00
3.319530963897705078e+00
3.345044851303100586e+00
4.066201925277709961e+00
3.847356081008911133e+00
2.828181028366088867e+00
3.438601970672607422e+00
3.279047727584838867e+00
3.381554841995239258e+00
3.752157926559448242e+00
3.132132053375244141e+00
2.878464937210083008e+00
3.781143903732299805e+00
3.128598928451538086e+00
2.919481992721557617e+00
2.388381004333496094e+00
3.318097114562988281e+00
3.052438020706176758e+00
3.400566101074218750e+00
3.888210773468017578e+00
2.495515823364257812e+00
3.894262075424194336e+00
3.280746936798095703e+00
2.953342914581298828e+00
3.108372926712036133e+00
3.051048278808593750e+00
3.693302869796752930e+00
3.307850122451782227e+00
2.738364219665527344e+00
3.737211942672729492e+00
3.513150930404663086e+00
2.667011022567749023e+00
3.151727914810180664e+00
3.475821018218994141e+00
2.736387014389038086e+00
3.513055801391601562e+00
3.256900072097778320e+00
3.582412719726562500e+00
4.362293958663940430e+00
3.265673875808715820e+00
3.796840190887451172e+00
3.356781244277954102e+00
3.524433851242065430e+00
2.706876277923583984e+00
3.533423900604248047e+00
3.056813001632690430e+00
3.569236993789672852e+00
4.335433244705200195e+00
2.831976890563964844e+00
3.918104887008666992e+00
3.334198951721191406e+00
2.854564905166625977e+00
3.394532203674316406e+00
3.388267993927001953e+00
3.894073247909545898e+00
5.298572778701782227e+00
2.937870979309082031e+00
3.683540105819702148e+00
3.033850908279418945e+00
3.294943094253540039e+00
3.705255746841430664e+00
3.114047050476074219e+00
3.123723983764648438e+00
3.118124961853027344e+00
3.384505987167358398e+00
2.863932847976684570e+00
3.131126165390014648e+00
2.730368137359619141e+00
2.745177030563354492e+00
3.608440637588500977e+00
3.642665147781372070e+00
2.591233015060424805e+00
2.973304033279418945e+00
3.262321233749389648e+00
3.186135053634643555e+00
3.464861869812011719e+00
2.894458770751953125e+00
4.143796920776367188e+00
4.116936922073364258e+00
2.645055055618286133e+00
2.988592147827148438e+00
3.091275930404663086e+00
3.496434926986694336e+00
2.927125930786132812e+00
3.095033884048461914e+00
3.019855022430419922e+00
3.107748746871948242e+00
2.829155683517456055e+00
3.817679882049560547e+00
3.800551891326904297e+00
2.909350872039794922e+00
3.524377107620239258e+00
3.400772094726562500e+00
2.954015016555786133e+00
2.488033056259155273e+00
3.545970201492309570e+00
3.065881967544555664e+00
3.011308908462524414e+00
2.995719194412231445e+00
2.637298345565795898e+00
3.203539848327636719e+00
2.892356872558593750e+00
3.641401052474975586e+00
3.248775005340576172e+00
2.943472146987915039e+00
3.092118978500366211e+00
3.740333080291748047e+00
3.701500892639160156e+00
4.035256624221801758e+00
2.720604181289672852e+00
2.935460805892944336e+00
3.528360128402709961e+00
3.331221103668212891e+00
3.378058910369873047e+00
3.560372114181518555e+00
3.603538274765014648e+00
3.524852037429809570e+00
3.063318729400634766e+00
2.882002115249633789e+00
3.181417942047119141e+00
3.380162954330444336e+00
2.909107923507690430e+00
3.843396186828613281e+00
3.477656841278076172e+00
3.440791130065917969e+00
3.433169126510620117e+00
3.466225147247314453e+00
3.503700017929077148e+00
3.717574119567871094e+00
3.028528928756713867e+00
3.488698005676269531e+00
3.335561990737915039e+00
3.243018388748168945e+00
3.072837114334106445e+00
3.020989894866943359e+00
3.879473209381103516e+00
3.563592910766601562e+00
3.054835081100463867e+00
4.467339992523193359e+00
3.805511951446533203e+00
3.248382091522216797e+00
3.779721260070800781e+00
3.022598981857299805e+00
3.622477054595947266e+00
3.739212751388549805e+00
3.023861885070800781e+00
2.932470083236694336e+00
2.792846918106079102e+00
3.912489891052246094e+00
3.315973997116088867e+00
3.929839849472045898e+00
3.604738950729370117e+00
4.267250061035156250e+00
3.100600242614746094e+00
4.183366298675537109e+00
4.024074316024780273e+00
4.213595867156982422e+00
3.047636985778808594e+00
3.697005748748779297e+00
3.226452112197875977e+00
3.537742137908935547e+00
3.548976898193359375e+00
4.301303863525390625e+00
4.377151966094970703e+00
3.702850103378295898e+00
2.953378200531005859e+00
4.460855007171630859e+00
3.721533775329589844e+00
3.729219913482666016e+00
3.823980093002319336e+00
3.746659278869628906e+00
4.208437919616699219e+00
3.081364870071411133e+00
4.393640041351318359e+00
4.547162771224975586e+00
4.774938821792602539e+00
3.112881898880004883e+00
3.557060003280639648e+00
3.069716930389404297e+00
4.269801855087280273e+00
3.716059923171997070e+00
4.269207954406738281e+00
3.057285070419311523e+00
2.566857814788818359e+00
2.230751276016235352e+00
3.858526945114135742e+00
3.987458944320678711e+00
3.887110710144042969e+00
3.368982076644897461e+00
2.835047960281372070e+00
4.291984796524047852e+00
3.637615203857421875e+00
4.511771917343139648e+00
4.575212001800537109e+00
3.997086048126220703e+00
4.767186880111694336e+00
4.580790996551513672e+00
3.503943920135498047e+00
3.805735111236572266e+00
3.758324861526489258e+00
3.280385971069335938e+00
2.960139036178588867e+00
3.480724811553955078e+00
3.533983945846557617e+00
2.698729991912841797e+00
3.538049936294555664e+00
3.623013973236083984e+00
3.525817871093750000e+00
2.999513864517211914e+00
3.539139986038208008e+00
3.421301841735839844e+00
2.751193046569824219e+00
3.688714981079101562e+00
2.831323862075805664e+00
3.431172132492065430e+00
2.944667816162109375e+00
2.424211978912353516e+00
3.153405904769897461e+00
2.966057062149047852e+00
4.404788970947265625e+00
3.473305702209472656e+00
3.056986808776855469e+00
2.789100170135498047e+00
2.947184801101684570e+00
3.640966892242431641e+00
4.227416992187500000e+00
4.174186944961547852e+00
3.188715934753417969e+00
3.577829122543334961e+00
4.131007194519042969e+00
3.639322757720947266e+00
3.636095046997070312e+00
3.339604854583740234e+00
3.161508321762084961e+00
2.768074274063110352e+00
3.337948083877563477e+00
3.655682086944580078e+00
3.899192094802856445e+00
2.866111993789672852e+00
2.816315889358520508e+00
2.659435987472534180e+00
3.056854009628295898e+00
4.912192106246948242e+00
2.918173789978027344e+00
3.486150741577148438e+00
3.504158258438110352e+00
3.864081859588623047e+00
2.994144201278686523e+00
3.418219089508056641e+00
4.005222797393798828e+00
3.395298719406127930e+00
4.627194881439208984e+00
3.715117931365966797e+00
3.042976856231689453e+00
3.731981992721557617e+00
3.149815082550048828e+00
3.851596832275390625e+00
4.354676008224487305e+00
3.962700843811035156e+00
2.987263917922973633e+00
3.571031093597412109e+00
3.296999216079711914e+00
4.171139955520629883e+00
5.041393756866455078e+00
4.106658220291137695e+00
3.005494832992553711e+00
2.977683305740356445e+00
3.395047903060913086e+00
4.058193922042846680e+00
4.124709844589233398e+00
2.688405990600585938e+00
3.432449817657470703e+00
3.314100980758666992e+00
2.937936782836914062e+00
3.819509983062744141e+00
3.891111135482788086e+00
4.043328046798706055e+00
2.785206794738769531e+00
4.087119102478027344e+00
3.097736120223999023e+00
3.693937063217163086e+00
3.211040019989013672e+00
2.540657281875610352e+00
3.414242029190063477e+00
4.413669109344482422e+00
4.960611104965209961e+00
3.291335105895996094e+00
3.970579147338867188e+00
2.743125915527343750e+00
3.067183256149291992e+00
3.242097854614257812e+00
2.377633810043334961e+00
3.868194103240966797e+00
3.937442064285278320e+00
3.169460773468017578e+00
3.748140096664428711e+00
3.219630956649780273e+00
3.428120136260986328e+00
3.121784925460815430e+00
2.354936838150024414e+00
4.028279066085815430e+00
3.283163309097290039e+00
3.491281032562255859e+00
3.224153995513916016e+00
3.187147855758666992e+00
3.313752889633178711e+00
3.611800909042358398e+00
3.904490947723388672e+00
3.365233898162841797e+00
3.252543926239013672e+00
3.333589076995849609e+00
3.389575242996215820e+00
3.587940216064453125e+00
2.887475013732910156e+00
4.061386108398437500e+00
3.404280900955200195e+00
3.375220060348510742e+00
3.132720232009887695e+00
2.914769887924194336e+00
3.477469921112060547e+00
2.980406999588012695e+00
3.310587882995605469e+00
3.667740821838378906e+00
3.851850032806396484e+00
3.722856283187866211e+00
3.680110216140747070e+00
3.127499103546142578e+00
3.433093070983886719e+00
3.578118085861206055e+00
3.467770099639892578e+00
3.287256717681884766e+00
3.094841957092285156e+00
4.027238130569458008e+00
3.625761985778808594e+00
3.785702705383300781e+00
3.090145111083984375e+00
4.302407979965209961e+00
3.367278099060058594e+00
2.852113008499145508e+00
1.847856998443603516e+00
3.645706892013549805e+00
2.337470054626464844e+00
2.502969980239868164e+00
3.005486011505126953e+00
2.473051786422729492e+00
2.249275922775268555e+00
3.918776035308837891e+00
2.639219045639038086e+00
3.741801977157592773e+00
3.738611936569213867e+00
3.850945949554443359e+00
3.282868862152099609e+00
3.805211067199707031e+00
3.615070343017578125e+00
3.564434289932250977e+00
2.758451938629150391e+00
3.639544010162353516e+00
3.162330865859985352e+00
3.155584096908569336e+00
3.940944910049438477e+00
3.421483039855957031e+00
2.637358903884887695e+00
2.800997734069824219e+00
3.529320001602172852e+00
4.292214155197143555e+00
2.338864326477050781e+00
2.698430061340332031e+00
2.211130857467651367e+00
2.165256023406982422e+00
3.706417083740234375e+00
2.667876005172729492e+00
2.521079063415527344e+00
3.321640014648437500e+00
3.640767097473144531e+00
3.009794950485229492e+00
2.891788959503173828e+00
4.120285034179687500e+00
3.651824235916137695e+00
3.093993902206420898e+00
3.083931922912597656e+00
3.009177923202514648e+00
3.073458909988403320e+00
3.063095092773437500e+00
2.840561866760253906e+00
3.059062004089355469e+00
2.643651008605957031e+00
3.446741104125976562e+00
2.455699920654296875e+00
3.143231153488159180e+00
2.313117027282714844e+00
2.965268135070800781e+00
3.075536966323852539e+00
3.017790794372558594e+00
3.121967792510986328e+00
3.132901668548583984e+00
3.170838832855224609e+00
2.701912164688110352e+00
2.852532863616943359e+00
2.982300996780395508e+00
2.682561874389648438e+00
2.418674230575561523e+00
3.322126865386962891e+00
3.354407072067260742e+00
2.775357007980346680e+00
2.617442131042480469e+00
3.009176015853881836e+00
3.091756105422973633e+00
3.524720907211303711e+00
2.609062910079956055e+00
3.113150835037231445e+00
3.482197046279907227e+00
3.040120124816894531e+00
3.089874982833862305e+00
2.526729822158813477e+00
2.878671884536743164e+00
2.373233318328857422e+00
2.856694698333740234e+00
2.574459791183471680e+00
2.747801065444946289e+00
2.731933832168579102e+00
3.456629991531372070e+00
2.950887203216552734e+00
3.130434036254882812e+00
3.322811841964721680e+00
3.877612113952636719e+00
3.470291137695312500e+00
2.780820131301879883e+00
3.223898172378540039e+00
3.351729869842529297e+00
3.343354940414428711e+00
3.186844110488891602e+00
3.014545202255249023e+00
3.291273832321166992e+00
4.005911111831665039e+00
3.016095876693725586e+00
2.911807060241699219e+00
3.109032154083251953e+00
3.532929897308349609e+00
3.374525308609008789e+00
3.139708042144775391e+00
3.142034053802490234e+00
3.254813909530639648e+00
4.139197111129760742e+00
3.618427038192749023e+00
3.592003107070922852e+00
3.489692926406860352e+00
3.158814907073974609e+00
3.322661876678466797e+00
3.500080347061157227e+00
3.598050117492675781e+00
3.371816873550415039e+00
3.153247117996215820e+00
3.534044027328491211e+00
2.711808681488037109e+00
3.546017885208129883e+00
2.787310123443603516e+00
3.400949954986572266e+00
3.303509950637817383e+00
2.882727861404418945e+00
3.263214111328125000e+00
3.063214063644409180e+00
3.600766181945800781e+00
3.610150098800659180e+00
2.572788000106811523e+00
2.832087039947509766e+00
3.336269140243530273e+00
3.819256067276000977e+00
2.834000110626220703e+00
3.285995960235595703e+00
2.918310165405273438e+00
3.948486804962158203e+00
3.759356021881103516e+00
3.068108081817626953e+00
3.456711292266845703e+00
2.675428152084350586e+00
2.968924999237060547e+00
4.071333885192871094e+00
4.120860338211059570e+00
3.978435039520263672e+00
3.243392944335937500e+00
3.127141237258911133e+00
2.863795995712280273e+00
3.177673816680908203e+00
3.608269929885864258e+00
2.740834236145019531e+00
3.847959995269775391e+00
3.159523963928222656e+00
2.956751108169555664e+00
2.358801841735839844e+00
3.745507001876831055e+00
3.263550996780395508e+00
3.998736143112182617e+00
3.335599184036254883e+00
3.371384143829345703e+00
3.316669940948486328e+00
3.278482913970947266e+00
4.333461999893188477e+00
4.220791816711425781e+00
3.402657985687255859e+00
3.387712001800537109e+00
3.704746961593627930e+00
3.954747915267944336e+00
4.003349065780639648e+00
3.256794929504394531e+00
2.971738100051879883e+00
3.096199274063110352e+00
3.457240104675292969e+00
3.941242933273315430e+00
3.671694040298461914e+00
4.441941261291503906e+00
3.113195896148681641e+00
4.066740036010742188e+00
3.583060026168823242e+00
3.214334964752197266e+00
3.043970108032226562e+00
3.785154104232788086e+00
2.920212030410766602e+00
3.193675994873046875e+00
3.722098112106323242e+00
3.742170095443725586e+00
3.556816101074218750e+00
3.896826982498168945e+00
3.008652925491333008e+00
3.651793003082275391e+00
3.205212831497192383e+00
2.840517282485961914e+00
3.254027128219604492e+00
3.345983982086181641e+00
3.377875089645385742e+00
2.459640979766845703e+00
3.218073129653930664e+00
2.360509872436523438e+00
2.881914138793945312e+00
3.850009918212890625e+00
2.999914169311523438e+00
3.426700115203857422e+00
3.203729152679443359e+00
2.489017009735107422e+00
3.883741140365600586e+00
4.175981044769287109e+00
2.330091953277587891e+00
2.671873092651367188e+00
3.104098081588745117e+00
2.681778907775878906e+00
3.020493030548095703e+00
4.421391963958740234e+00
4.027539968490600586e+00
2.800642251968383789e+00
2.974626064300537109e+00
3.582498073577880859e+00
3.907096862792968750e+00
3.999351978302001953e+00
4.128061771392822266e+00
3.967403173446655273e+00
3.218792915344238281e+00
4.165548086166381836e+00
4.072726011276245117e+00
3.788325071334838867e+00
3.619290113449096680e+00
3.760704994201660156e+00
3.480669975280761719e+00
2.998368978500366211e+00
3.866085052490234375e+00
3.304602861404418945e+00
2.818536996841430664e+00
4.333604812622070312e+00
4.039320945739746094e+00
3.490745782852172852e+00
3.346724271774291992e+00
3.665889024734497070e+00
2.944499015808105469e+00
3.035958051681518555e+00
3.680817127227783203e+00
3.787380933761596680e+00
3.442470073699951172e+00
4.632726907730102539e+00
4.187184810638427734e+00
4.707433938980102539e+00
3.495827913284301758e+00
3.885423898696899414e+00
3.500430107116699219e+00
3.722887992858886719e+00
3.351963996887207031e+00
4.653359889984130859e+00
2.729225158691406250e+00
2.651801109313964844e+00
2.602403163909912109e+00
4.204369306564331055e+00
3.944593191146850586e+00
4.598398923873901367e+00
4.176673650741577148e+00
2.975246906280517578e+00
4.316540956497192383e+00
3.458297729492187500e+00
3.394257068634033203e+00
3.525708198547363281e+00
3.860037088394165039e+00
2.815495967864990234e+00
4.701116085052490234e+00
3.766937971115112305e+00
3.051433086395263672e+00
3.819752931594848633e+00
2.768229961395263672e+00
3.920125961303710938e+00
3.094606161117553711e+00
4.018458843231201172e+00
4.442986965179443359e+00
2.166383266448974609e+00
3.569593191146850586e+00
3.588193893432617188e+00
3.568711996078491211e+00
3.322333812713623047e+00
3.301836013793945312e+00
3.674401044845581055e+00
5.444337844848632812e+00
3.329441070556640625e+00
2.286010980606079102e+00
3.557291030883789062e+00
4.926681041717529297e+00
3.712993621826171875e+00
3.040935277938842773e+00
3.437937021255493164e+00
3.510616064071655273e+00
3.470508575439453125e+00
2.599535942077636719e+00
3.913772106170654297e+00
4.439314126968383789e+00
3.938914060592651367e+00
3.553051948547363281e+00
2.641900062561035156e+00
3.949974060058593750e+00
2.384354114532470703e+00
4.397380113601684570e+00
3.554640769958496094e+00
4.369081258773803711e+00
3.867503881454467773e+00
4.078421831130981445e+00
4.047775030136108398e+00
3.273074865341186523e+00
5.227395057678222656e+00
2.706609964370727539e+00
3.002820253372192383e+00
3.786946058273315430e+00
2.786628961563110352e+00
3.866556882858276367e+00
3.382356882095336914e+00
3.688115119934082031e+00
2.698076963424682617e+00
3.249579191207885742e+00
3.897008180618286133e+00
3.210747957229614258e+00
4.937056779861450195e+00
2.221238136291503906e+00
3.449541091918945312e+00
2.061049699783325195e+00
3.008876800537109375e+00
3.033691883087158203e+00
4.966785907745361328e+00
2.789523839950561523e+00
2.951928138732910156e+00
3.997213125228881836e+00
2.755890130996704102e+00
3.874828100204467773e+00
3.783481121063232422e+00
3.463738203048706055e+00
3.746646881103515625e+00
3.867594003677368164e+00
2.645187139511108398e+00
4.407041072845458984e+00
4.124956846237182617e+00
2.982488870620727539e+00
3.227986812591552734e+00
4.074048042297363281e+00
2.998230934143066406e+00
2.871232986450195312e+00
2.801725864410400391e+00
3.872081041336059570e+00
3.135555982589721680e+00
2.846894025802612305e+00
3.136476993560791016e+00
4.125912904739379883e+00
4.005619049072265625e+00
3.471506834030151367e+00
2.724836111068725586e+00
4.594367027282714844e+00
2.922685146331787109e+00
3.149108886718750000e+00
4.215763092041015625e+00
3.015613079071044922e+00
2.876921176910400391e+00
3.361851930618286133e+00
2.665809154510498047e+00
2.781388759613037109e+00
2.747799158096313477e+00
2.791307210922241211e+00
3.165614128112792969e+00
3.226311922073364258e+00
3.835848093032836914e+00
3.624459981918334961e+00
3.348556756973266602e+00
3.425879001617431641e+00
4.915033817291259766e+00
2.784969806671142578e+00
3.231969118118286133e+00
3.799216032028198242e+00
3.773085355758666992e+00
3.144218921661376953e+00
3.407176017761230469e+00
3.199364900588989258e+00
2.434847116470336914e+00
2.857004165649414062e+00
3.123979091644287109e+00
3.543992757797241211e+00
3.083480834960937500e+00
3.293661117553710938e+00
3.026692867279052734e+00
3.404486179351806641e+00
3.712362051010131836e+00
3.090276956558227539e+00
3.385173082351684570e+00
3.232647895812988281e+00
3.037935972213745117e+00
4.451555967330932617e+00
3.427489042282104492e+00
2.974950075149536133e+00
3.162514925003051758e+00
3.444293975830078125e+00
3.134595632553100586e+00
3.410939931869506836e+00
2.473039150238037109e+00
3.634108066558837891e+00
3.299816131591796875e+00
3.389550685882568359e+00
2.574726104736328125e+00
3.090281009674072266e+00
3.788545131683349609e+00
3.152226209640502930e+00
4.033512830734252930e+00
2.634274005889892578e+00
3.123279094696044922e+00
3.761853933334350586e+00
3.176644086837768555e+00
3.182080984115600586e+00
3.314988136291503906e+00
2.676424264907836914e+00
3.355366230010986328e+00
3.309476852416992188e+00
3.389298915863037109e+00
3.400521039962768555e+00
3.358512878417968750e+00
3.699352025985717773e+00
2.868476867675781250e+00
2.818301916122436523e+00
2.580307960510253906e+00
3.488176107406616211e+00
2.255783319473266602e+00
2.770447731018066406e+00
3.149218082427978516e+00
3.433690786361694336e+00
3.068614959716796875e+00
3.091681957244873047e+00
2.491616010665893555e+00
3.060176134109497070e+00
3.128545045852661133e+00
3.236577033996582031e+00
3.424995899200439453e+00
3.970644950866699219e+00
3.015746116638183594e+00
3.900246620178222656e+00
3.260717153549194336e+00
3.225368022918701172e+00
3.136376142501831055e+00
3.954602003097534180e+00
3.018630266189575195e+00
3.276896953582763672e+00
3.423609733581542969e+00
2.651515722274780273e+00
4.277978897094726562e+00
2.822046041488647461e+00
3.807384967803955078e+00
4.235786914825439453e+00
2.710668087005615234e+00
3.108379125595092773e+00
3.780964136123657227e+00
3.167185783386230469e+00
4.030540943145751953e+00
4.242505073547363281e+00
4.386187791824340820e+00
3.168491125106811523e+00
3.990777015686035156e+00
4.062096834182739258e+00
4.354370117187500000e+00
4.280724287033081055e+00
3.551164150238037109e+00
4.708212852478027344e+00
4.020714998245239258e+00
3.371663093566894531e+00
3.128569126129150391e+00
4.344356060028076172e+00
3.288383960723876953e+00
4.173175096511840820e+00
4.039067029953002930e+00
3.693767309188842773e+00
3.505291938781738281e+00
4.334015846252441406e+00
2.998080968856811523e+00
4.258708953857421875e+00
3.857921838760375977e+00
3.852627992630004883e+00
3.531745910644531250e+00
3.280054807662963867e+00
3.275240898132324219e+00
3.490914106369018555e+00
3.270291090011596680e+00
4.544149160385131836e+00
3.516958951950073242e+00
4.152680158615112305e+00
4.678062200546264648e+00
2.842347621917724609e+00
3.380922079086303711e+00
4.307965040206909180e+00
4.681389093399047852e+00
3.661204814910888672e+00
3.440323829650878906e+00
4.152835130691528320e+00
3.647097110748291016e+00
4.441982984542846680e+00
3.577175140380859375e+00
3.293152809143066406e+00
3.280484914779663086e+00
4.672876834869384766e+00
3.156479120254516602e+00
3.497497797012329102e+00
2.947520017623901367e+00
3.733965158462524414e+00
4.509917974472045898e+00
4.912349939346313477e+00
4.150197029113769531e+00
4.543100357055664062e+00
3.689327955245971680e+00
4.522866010665893555e+00
3.577900171279907227e+00
3.598253011703491211e+00
3.826819896697998047e+00
4.473536014556884766e+00
3.499629259109497070e+00
3.607252120971679688e+00
3.721002817153930664e+00
4.784413814544677734e+00
3.817537069320678711e+00
3.898509025573730469e+00
2.886437892913818359e+00
2.945468187332153320e+00
4.859704971313476562e+00
3.888104915618896484e+00
3.721215963363647461e+00
3.535746097564697266e+00
4.647256851196289062e+00
3.828371047973632812e+00
3.840943098068237305e+00
3.031799077987670898e+00
4.041934967041015625e+00
3.842333078384399414e+00
5.052153825759887695e+00
3.297378063201904297e+00
3.748502969741821289e+00
3.836318969726562500e+00
3.511261940002441406e+00
3.786092996597290039e+00
3.009093046188354492e+00
3.427863121032714844e+00
3.228329181671142578e+00
3.222923040390014648e+00
3.409328937530517578e+00
4.332921266555786133e+00
3.514028072357177734e+00
3.457964897155761719e+00
3.721664905548095703e+00
3.719413042068481445e+00
2.917486190795898438e+00
3.817339897155761719e+00
3.630552053451538086e+00
3.710568904876708984e+00
4.310967922210693359e+00
3.387206792831420898e+00
4.325140953063964844e+00
3.698759317398071289e+00
3.683068990707397461e+00
3.539011955261230469e+00
3.267930030822753906e+00
3.182862758636474609e+00
2.439006090164184570e+00
5.958858013153076172e+00
3.026102066040039062e+00
4.840048074722290039e+00
3.729210853576660156e+00
4.314575910568237305e+00
5.458374977111816406e+00
3.478907823562622070e+00
3.626518011093139648e+00
4.405563831329345703e+00
3.721868038177490234e+00
3.880699157714843750e+00
3.283979892730712891e+00
5.779007196426391602e+00
3.183835744857788086e+00
3.471454858779907227e+00
4.174279212951660156e+00
4.556380987167358398e+00
3.415322065353393555e+00
4.383289813995361328e+00
3.229978084564208984e+00
3.649324893951416016e+00
3.855932235717773438e+00
5.771878957748413086e+00
3.509232997894287109e+00
3.041237115859985352e+00
4.408185958862304688e+00
2.749334812164306641e+00
3.257120132446289062e+00
3.927327871322631836e+00
3.637914180755615234e+00
3.622047185897827148e+00
2.902433633804321289e+00
3.964005231857299805e+00
3.923844099044799805e+00
4.146730899810791016e+00
3.922070026397705078e+00
3.555328845977783203e+00
2.098088979721069336e+00
4.283181905746459961e+00
3.192047119140625000e+00
3.979131937026977539e+00
2.561695814132690430e+00
5.818009853363037109e+00
3.713227033615112305e+00
5.039567947387695312e+00
3.676724910736083984e+00
4.207356929779052734e+00
3.900401830673217773e+00
4.656471014022827148e+00
3.736270904541015625e+00
3.948038101196289062e+00
3.755031108856201172e+00
4.083912134170532227e+00
3.654873132705688477e+00
3.116968154907226562e+00
2.607990026473999023e+00
3.812344074249267578e+00
3.106143951416015625e+00
2.624460935592651367e+00
3.665256977081298828e+00
2.975497961044311523e+00
3.853579044342041016e+00
2.954448223114013672e+00
2.864619970321655273e+00
2.830599069595336914e+00
3.915606975555419922e+00
3.666288137435913086e+00
3.938846826553344727e+00
3.468372821807861328e+00
3.750254869461059570e+00
3.892335891723632812e+00
2.268088102340698242e+00
3.801106929779052734e+00
3.696600198745727539e+00
2.870533704757690430e+00
4.211575031280517578e+00
4.629341840744018555e+00
2.243111133575439453e+00
4.013936042785644531e+00
3.386687040328979492e+00
4.564409017562866211e+00
3.988047122955322266e+00
4.457662820816040039e+00
4.486690998077392578e+00
3.341044902801513672e+00
3.760637044906616211e+00
4.493554115295410156e+00
4.679299831390380859e+00
3.570905923843383789e+00
4.316829204559326172e+00
3.431631803512573242e+00
3.869699954986572266e+00
4.692671060562133789e+00
2.835370063781738281e+00
3.999891042709350586e+00
4.492016077041625977e+00
3.667495250701904297e+00
3.762279033660888672e+00
3.394784212112426758e+00
5.209554910659790039e+00
2.847443103790283203e+00
4.178089141845703125e+00
3.680876970291137695e+00
4.908039808273315430e+00
2.640990972518920898e+00
3.187471151351928711e+00
2.570852994918823242e+00
4.082755804061889648e+00
2.519308090209960938e+00
4.354300022125244141e+00
2.252584934234619141e+00
2.969581127166748047e+00
3.178352832794189453e+00
3.361431598663330078e+00
3.398916244506835938e+00
3.163831949234008789e+00
2.679347038269042969e+00
2.907198905944824219e+00
3.303474903106689453e+00
3.493081092834472656e+00
3.433216094970703125e+00
3.004113912582397461e+00
3.082931995391845703e+00
3.003183126449584961e+00
2.579766035079956055e+00
3.313431024551391602e+00
3.585019111633300781e+00
2.852830171585083008e+00
3.630107879638671875e+00
5.072089195251464844e+00
3.312746286392211914e+00
3.147982120513916016e+00
2.872910976409912109e+00
3.651831150054931641e+00
3.644373893737792969e+00
3.138652801513671875e+00
3.284122943878173828e+00
2.896776199340820312e+00
2.955901145935058594e+00
3.260358810424804688e+00
3.365879774093627930e+00
2.927654981613159180e+00
3.761677026748657227e+00
3.727299928665161133e+00
3.452069759368896484e+00
3.543354034423828125e+00
2.693113088607788086e+00
2.846430778503417969e+00
3.037663936614990234e+00
3.378913164138793945e+00
3.851852893829345703e+00
3.965168952941894531e+00
2.706952810287475586e+00
3.380805015563964844e+00
2.929811954498291016e+00
2.884060859680175781e+00
3.481643199920654297e+00
3.437001228332519531e+00
3.070669174194335938e+00
3.994361162185668945e+00
2.923900127410888672e+00
3.403283119201660156e+00
4.048339843750000000e+00
3.090377092361450195e+00
2.803591966629028320e+00
3.580252885818481445e+00
3.530360221862792969e+00
3.229058027267456055e+00
3.376141071319580078e+00
3.608496904373168945e+00
3.537753820419311523e+00
3.672401905059814453e+00
3.503946781158447266e+00
2.544629096984863281e+00
3.377182006835937500e+00
3.271149635314941406e+00
3.186614751815795898e+00
3.829409122467041016e+00
3.259542942047119141e+00
3.559953927993774414e+00
3.167649984359741211e+00
5.104152679443359375e+00
3.085161924362182617e+00
3.963662147521972656e+00
3.231782197952270508e+00
3.956803083419799805e+00
2.850131988525390625e+00
3.648142099380493164e+00
3.935811042785644531e+00
3.463423013687133789e+00
3.946752071380615234e+00
4.030375003814697266e+00
3.642788887023925781e+00
3.739188194274902344e+00
3.493792057037353516e+00
3.512874841690063477e+00
3.543642044067382812e+00
3.621261119842529297e+00
3.411630153656005859e+00
3.657725334167480469e+00
4.623196363449096680e+00
3.587343215942382812e+00
3.063997983932495117e+00
3.683222055435180664e+00
3.264597177505493164e+00
4.016918897628784180e+00
2.915673017501831055e+00
4.069896221160888672e+00
3.167066812515258789e+00
4.413096904754638672e+00
3.854807138442993164e+00
3.741978883743286133e+00
3.379767656326293945e+00
3.053714990615844727e+00
3.175586223602294922e+00
3.169750928878784180e+00
3.886574983596801758e+00
3.112860918045043945e+00
2.216196060180664062e+00
3.304085016250610352e+00
3.357913970947265625e+00
2.562879085540771484e+00
3.780838012695312500e+00
3.245195865631103516e+00
3.319689989089965820e+00
3.190177202224731445e+00
3.487352848052978516e+00
3.743807077407836914e+00
2.809395790100097656e+00
3.721860170364379883e+00
3.652621030807495117e+00
3.763121128082275391e+00
2.979281187057495117e+00
3.391530990600585938e+00
3.386167049407958984e+00
3.382595062255859375e+00
2.925677061080932617e+00
3.246490955352783203e+00
3.627668857574462891e+00
3.435282945632934570e+00
3.423187017440795898e+00
4.293612957000732422e+00
3.383549928665161133e+00
3.583636045455932617e+00
3.540731191635131836e+00
2.700988054275512695e+00
3.065529823303222656e+00
2.645607948303222656e+00
3.490968227386474609e+00
2.914220809936523438e+00
3.618175983428955078e+00
3.264937877655029297e+00
3.630359172821044922e+00
3.679582834243774414e+00
2.977931976318359375e+00
4.441088199615478516e+00
2.993016958236694336e+00
4.350759267807006836e+00
4.299335241317749023e+00
2.772664785385131836e+00
4.136729240417480469e+00
3.291670799255371094e+00
2.819517850875854492e+00
3.580361127853393555e+00
3.085011005401611328e+00
3.143257856369018555e+00
2.763194322586059570e+00
3.785531997680664062e+00
3.553317070007324219e+00
3.097184896469116211e+00
2.831096887588500977e+00
3.317711114883422852e+00
2.904896020889282227e+00
3.227397203445434570e+00
2.893707036972045898e+00
3.230519056320190430e+00
3.661934852600097656e+00
3.969516038894653320e+00
2.953412055969238281e+00
3.422486782073974609e+00
3.344685077667236328e+00
3.398927927017211914e+00
4.487560272216796875e+00
3.404612779617309570e+00
3.452564001083374023e+00
3.228496789932250977e+00
4.327317953109741211e+00
3.458825111389160156e+00
3.151804924011230469e+00
3.357712030410766602e+00
3.717113971710205078e+00
3.079946041107177734e+00
4.059816837310791016e+00
4.817767858505249023e+00
3.550749063491821289e+00
3.181849241256713867e+00
3.979562997817993164e+00
3.188671350479125977e+00
3.768186092376708984e+00
3.677088975906372070e+00
4.020651102066040039e+00
3.479774951934814453e+00
3.782246828079223633e+00
3.601294040679931641e+00
3.624674081802368164e+00
4.527068853378295898e+00
3.584342956542968750e+00
4.287652969360351562e+00
4.275048017501831055e+00
3.676542043685913086e+00
3.389419078826904297e+00
2.869679927825927734e+00
3.411019086837768555e+00
3.136422872543334961e+00
3.336709976196289062e+00
3.536751031875610352e+00
3.330641031265258789e+00
4.294347047805786133e+00
3.655323028564453125e+00
4.333687782287597656e+00
3.140577077865600586e+00
2.534816980361938477e+00
2.619468927383422852e+00
3.326514959335327148e+00
3.662883043289184570e+00
3.817950963973999023e+00
3.838183164596557617e+00
2.433583259582519531e+00
3.372112989425659180e+00
2.427262783050537109e+00
3.513882875442504883e+00
2.670444250106811523e+00
3.432770013809204102e+00
3.129189014434814453e+00
3.309947967529296875e+00
2.752735137939453125e+00
2.915994167327880859e+00
2.631821870803833008e+00
2.377327203750610352e+00
3.458621263504028320e+00
4.451937198638916016e+00
2.871608018875122070e+00
3.246834039688110352e+00
2.690819978713989258e+00
3.650733232498168945e+00
3.718016862869262695e+00
3.614876031875610352e+00
3.267445087432861328e+00
3.851841926574707031e+00
3.045458078384399414e+00
2.849476099014282227e+00
2.617140054702758789e+00
3.452754020690917969e+00
4.054059982299804688e+00
2.550451040267944336e+00
3.149817943572998047e+00
3.250840902328491211e+00
2.700853109359741211e+00
3.017526865005493164e+00
3.074513912200927734e+00
2.711715698242187500e+00
3.079103946685791016e+00
3.152262926101684570e+00
2.842316150665283203e+00
3.049870014190673828e+00
3.090494871139526367e+00
4.490542173385620117e+00
4.055645227432250977e+00
3.490376234054565430e+00
3.611335992813110352e+00
3.464254856109619141e+00
3.227062225341796875e+00
2.601419687271118164e+00
2.649763822555541992e+00
3.382857799530029297e+00
2.653242826461791992e+00
4.170493125915527344e+00
3.340012073516845703e+00
3.070954084396362305e+00
3.237517118453979492e+00
2.680300951004028320e+00
2.591949701309204102e+00
3.561117172241210938e+00
3.225600957870483398e+00
3.893814086914062500e+00
3.299000024795532227e+00
3.078579902648925781e+00
3.424750089645385742e+00
3.593254089355468750e+00
3.321993112564086914e+00
3.901434898376464844e+00
5.334378004074096680e+00
3.870017051696777344e+00
2.992281913757324219e+00
2.994987964630126953e+00
3.826406955718994141e+00
3.488706111907958984e+00
3.245889902114868164e+00
3.676532983779907227e+00
3.155023813247680664e+00
4.627596855163574219e+00
2.728800058364868164e+00
2.897696018218994141e+00
3.661354064941406250e+00
5.442471742630004883e+00
3.903970003128051758e+00
3.078144073486328125e+00
3.286458253860473633e+00
4.124792098999023438e+00
3.245579004287719727e+00
3.310891151428222656e+00
3.183752059936523438e+00
4.001722097396850586e+00
3.280547142028808594e+00
3.369831800460815430e+00
5.602651834487915039e+00
3.455116987228393555e+00
2.865007162094116211e+00
4.107680082321166992e+00
3.703824043273925781e+00
3.300848007202148438e+00
3.692937135696411133e+00
4.027800083160400391e+00
2.975459098815917969e+00
3.673284053802490234e+00
3.639084100723266602e+00
3.207793951034545898e+00
3.175772190093994141e+00
3.474791288375854492e+00
5.046283006668090820e+00
4.027034759521484375e+00
2.780099868774414062e+00
3.254173040390014648e+00
2.146265745162963867e+00
3.296525001525878906e+00
3.363110303878784180e+00
3.471272945404052734e+00
2.881246089935302734e+00
3.941070795059204102e+00
3.130280971527099609e+00
4.008745908737182617e+00
4.283972740173339844e+00
4.096285104751586914e+00
4.793096303939819336e+00
3.072885990142822266e+00
3.409973144531250000e+00
2.978829145431518555e+00
4.120339870452880859e+00
3.577482938766479492e+00
3.710113763809204102e+00
3.696701765060424805e+00
3.246083259582519531e+00
4.676445007324218750e+00
3.811827898025512695e+00
3.259998798370361328e+00
3.006505012512207031e+00
3.783971071243286133e+00
4.292818069458007812e+00
3.402415990829467773e+00
4.786824941635131836e+00
2.858892917633056641e+00
3.753365993499755859e+00
3.343837976455688477e+00
3.319529056549072266e+00
3.700322866439819336e+00
3.787005901336669922e+00
3.416252136230468750e+00
3.707854032516479492e+00
4.423760175704956055e+00
4.260288000106811523e+00
3.462484121322631836e+00
3.457168817520141602e+00
3.586692094802856445e+00
3.603223085403442383e+00
3.579390048980712891e+00
4.157218933105468750e+00
4.124068021774291992e+00
4.066180944442749023e+00
4.510109901428222656e+00
3.511773109436035156e+00
3.296519279479980469e+00
3.294864177703857422e+00
4.093774080276489258e+00
3.897135972976684570e+00
3.636794805526733398e+00
3.634022712707519531e+00
3.166402101516723633e+00
3.925047159194946289e+00
2.926871061325073242e+00
3.181530952453613281e+00
4.241196155548095703e+00
4.404615163803100586e+00
4.316521167755126953e+00
3.885044097900390625e+00
4.257128953933715820e+00
4.351055145263671875e+00
3.460552215576171875e+00
4.327119112014770508e+00
2.951337099075317383e+00
4.010247945785522461e+00
4.910085916519165039e+00
3.052434921264648438e+00
4.433372259140014648e+00
4.309649944305419922e+00
4.984625816345214844e+00
4.478263139724731445e+00
4.325766086578369141e+00
4.371109008789062500e+00
3.186324119567871094e+00
4.843079328536987305e+00
4.879083156585693359e+00
3.561902046203613281e+00
3.531154155731201172e+00
3.473104953765869141e+00
3.477323055267333984e+00
3.755029916763305664e+00
3.138386011123657227e+00
3.509543895721435547e+00
4.155600786209106445e+00
4.496551990509033203e+00
2.678521156311035156e+00
3.234678030014038086e+00
3.533824682235717773e+00
4.131288766860961914e+00
4.650320291519165039e+00
3.279466152191162109e+00
3.416421890258789062e+00
2.816913127899169922e+00
3.714756011962890625e+00
3.250787019729614258e+00
4.257519960403442383e+00
4.045808792114257812e+00
3.725304841995239258e+00
4.039758920669555664e+00
3.515223979949951172e+00
2.734678983688354492e+00
4.097300767898559570e+00
4.075908899307250977e+00
3.894648075103759766e+00
3.090790987014770508e+00
4.140919208526611328e+00
2.775652170181274414e+00
4.152822017669677734e+00
4.124861955642700195e+00
3.458080768585205078e+00
3.942090034484863281e+00
3.082093715667724609e+00
3.878015041351318359e+00
3.354381084442138672e+00
3.099672079086303711e+00
3.870289087295532227e+00
4.683228969573974609e+00
3.999730825424194336e+00
3.856651067733764648e+00
4.654987096786499023e+00
3.014400005340576172e+00
4.249997138977050781e+00
3.741281986236572266e+00
4.165241003036499023e+00
4.466001272201538086e+00
3.174712896347045898e+00
3.957021951675415039e+00
4.211539983749389648e+00
4.256452083587646484e+00
3.947607994079589844e+00
4.681390047073364258e+00
3.738807916641235352e+00
4.688071012496948242e+00
3.898237943649291992e+00
3.318135976791381836e+00
4.229172945022583008e+00
2.993813991546630859e+00
4.011247158050537109e+00
4.225566864013671875e+00
4.323408842086791992e+00
4.022643804550170898e+00
3.787407875061035156e+00
4.128242015838623047e+00
3.646162748336791992e+00
2.920537948608398438e+00
4.171865224838256836e+00
4.054083108901977539e+00
3.658688068389892578e+00
4.297348022460937500e+00
3.322535991668701172e+00
4.445932149887084961e+00
4.408892869949340820e+00
3.052556991577148438e+00
3.152985811233520508e+00
4.361496925354003906e+00
2.772015094757080078e+00
3.288161039352416992e+00
3.977391242980957031e+00
2.735080242156982422e+00
3.183919191360473633e+00
4.374663829803466797e+00
3.148877143859863281e+00
3.901890993118286133e+00
3.078970909118652344e+00
3.418442964553833008e+00
4.151911258697509766e+00
2.075381040573120117e+00
3.442073106765747070e+00
3.502698659896850586e+00
4.293896913528442383e+00
2.477830886840820312e+00
2.867967844009399414e+00
3.549737930297851562e+00
3.894387006759643555e+00
3.192926168441772461e+00
3.293224811553955078e+00
3.765416860580444336e+00
2.798611879348754883e+00
4.265263795852661133e+00
3.464316844940185547e+00
3.685650825500488281e+00
3.466586112976074219e+00
3.835623025894165039e+00
4.479785919189453125e+00
3.744930982589721680e+00
4.399044752120971680e+00
2.669245004653930664e+00
3.015851020812988281e+00
2.665370941162109375e+00
3.767157077789306641e+00
2.927534818649291992e+00
2.690669059753417969e+00
2.833132028579711914e+00
3.679765939712524414e+00
3.030863761901855469e+00
2.815013885498046875e+00
1.970153093338012695e+00
3.102088212966918945e+00
2.792908906936645508e+00
2.487566947937011719e+00
3.551548004150390625e+00
2.390685319900512695e+00
3.031781911849975586e+00
3.106887102127075195e+00
6.236379146575927734e+00
4.607848882675170898e+00
3.521512985229492188e+00
2.898391008377075195e+00
2.902953147888183594e+00
2.973647832870483398e+00
2.851414918899536133e+00
3.101940155029296875e+00
2.825255870819091797e+00
2.803303241729736328e+00
1.967275142669677734e+00
3.081486940383911133e+00
2.043366909027099609e+00
3.978298902511596680e+00
3.082194805145263672e+00
3.006039142608642578e+00
2.566426277160644531e+00
2.763716936111450195e+00
3.047987937927246094e+00
3.507395982742309570e+00
2.796770095825195312e+00
2.830385208129882812e+00
3.635668992996215820e+00
2.616393327713012695e+00
2.795028209686279297e+00
3.159131050109863281e+00
3.517135858535766602e+00
2.920207023620605469e+00
3.318770170211791992e+00
3.029547214508056641e+00
3.104299068450927734e+00
2.618938207626342773e+00
2.868024110794067383e+00
2.723695278167724609e+00
2.917346000671386719e+00
2.523472070693969727e+00
3.412008047103881836e+00
3.466858148574829102e+00
2.277385950088500977e+00
2.743016958236694336e+00
3.072940111160278320e+00
3.528439998626708984e+00
2.915920972824096680e+00
2.798562049865722656e+00
3.435631990432739258e+00
3.305903911590576172e+00
3.969660758972167969e+00
3.055552005767822266e+00
2.446977138519287109e+00
2.346145153045654297e+00
3.160998821258544922e+00
2.574100017547607422e+00
2.471775054931640625e+00
4.158787965774536133e+00
2.650842189788818359e+00
3.550536870956420898e+00
2.734051942825317383e+00
3.187694072723388672e+00
2.684086799621582031e+00
2.644876956939697266e+00
2.474844932556152344e+00
2.890290021896362305e+00
2.638922929763793945e+00
2.646263837814331055e+00
2.641265869140625000e+00
2.348620891571044922e+00
3.023317098617553711e+00
2.835490226745605469e+00
3.064763069152832031e+00
3.261981964111328125e+00
2.969012022018432617e+00
3.283074855804443359e+00
3.367005825042724609e+00
3.550849914550781250e+00
3.331384181976318359e+00
3.912656784057617188e+00
2.741919040679931641e+00
2.728040933609008789e+00
3.243332862854003906e+00
2.702557802200317383e+00
3.400094270706176758e+00
2.970229864120483398e+00
3.959459781646728516e+00
3.578343868255615234e+00
3.180134773254394531e+00
3.075457811355590820e+00
3.732657909393310547e+00
2.783897876739501953e+00
4.156440019607543945e+00
2.369475126266479492e+00
2.498541116714477539e+00
2.872879028320312500e+00
3.634702920913696289e+00
3.088951110839843750e+00
2.488595962524414062e+00
3.675023078918457031e+00
3.002247095108032227e+00
3.049324989318847656e+00
2.689616918563842773e+00
2.906186342239379883e+00
2.542482852935791016e+00
3.253189086914062500e+00
2.735747098922729492e+00
3.400729894638061523e+00
2.841212272644042969e+00
2.747703075408935547e+00
3.174553155899047852e+00
2.898465871810913086e+00
2.769602775573730469e+00
2.877696037292480469e+00
2.877685070037841797e+00
3.438854932785034180e+00
2.848068952560424805e+00
2.853095054626464844e+00
3.155431270599365234e+00
3.510890007019042969e+00
3.383043050765991211e+00
3.246621131896972656e+00
3.061826944351196289e+00
2.995313882827758789e+00
3.196816921234130859e+00
3.351788997650146484e+00
2.878748893737792969e+00
3.094732761383056641e+00
3.049382925033569336e+00
3.093293666839599609e+00
3.412179946899414062e+00
2.996334075927734375e+00
3.667733192443847656e+00
3.255650043487548828e+00
3.181411981582641602e+00
3.584569692611694336e+00
3.212099075317382812e+00
3.145035028457641602e+00
3.591825962066650391e+00
3.752279996871948242e+00
4.327440977096557617e+00
3.497698068618774414e+00
3.072425842285156250e+00
3.278218984603881836e+00
3.206125020980834961e+00
2.499256134033203125e+00
3.331045150756835938e+00
3.298302173614501953e+00
3.080426931381225586e+00
3.063612937927246094e+00
3.104212999343872070e+00
3.161923170089721680e+00
2.698472023010253906e+00
3.069153070449829102e+00
3.211285114288330078e+00
3.230787038803100586e+00
3.250659227371215820e+00
3.423148870468139648e+00
2.765876054763793945e+00
3.396610021591186523e+00
3.515509843826293945e+00
3.322444915771484375e+00
3.396322965621948242e+00
4.076349973678588867e+00
3.358491182327270508e+00
3.188043117523193359e+00
3.565001249313354492e+00
3.407632827758789062e+00
3.182770967483520508e+00
3.420421123504638672e+00
3.364689350128173828e+00
3.379948616027832031e+00
3.881863832473754883e+00
3.464168071746826172e+00
3.744308948516845703e+00
4.078837871551513672e+00
3.773833036422729492e+00
3.506161928176879883e+00
3.229596853256225586e+00
3.905989885330200195e+00
3.696277856826782227e+00
3.486029624938964844e+00
3.676796913146972656e+00
3.534657955169677734e+00
3.792284965515136719e+00
3.200653076171875000e+00
3.403633117675781250e+00
4.287061929702758789e+00
3.627880096435546875e+00
3.742289066314697266e+00
3.587613344192504883e+00
2.689929008483886719e+00
4.058308124542236328e+00
4.404365062713623047e+00
3.270760297775268555e+00
2.461583852767944336e+00
3.739959001541137695e+00
3.353657722473144531e+00
3.386857986450195312e+00
2.644474983215332031e+00
3.728903055191040039e+00
3.511611938476562500e+00
3.604288578033447266e+00
3.739254951477050781e+00
3.651780843734741211e+00
4.177803039550781250e+00
3.742326736450195312e+00
2.866022825241088867e+00
3.805763006210327148e+00
2.842346191406250000e+00
3.799816131591796875e+00
3.970222234725952148e+00
3.929276943206787109e+00
2.637871980667114258e+00
4.220197916030883789e+00
3.145804882049560547e+00
3.670251131057739258e+00
3.299028873443603516e+00
4.122313976287841797e+00
3.887758016586303711e+00
3.475458860397338867e+00
3.787955999374389648e+00
3.812976121902465820e+00
4.178946018218994141e+00
3.124435901641845703e+00
2.967339992523193359e+00
2.484174013137817383e+00
3.693994998931884766e+00
6.054831743240356445e+00
4.295176267623901367e+00
4.279207944869995117e+00
3.869145870208740234e+00
4.483514070510864258e+00
3.078934192657470703e+00
3.594839096069335938e+00
4.910247087478637695e+00
4.532260894775390625e+00
2.807992935180664062e+00
3.900473833084106445e+00
2.846031904220581055e+00
3.883374929428100586e+00
4.180592298507690430e+00
3.924448013305664062e+00
3.381644010543823242e+00
3.234989166259765625e+00
3.333503007888793945e+00
4.480777978897094727e+00
4.298614978790283203e+00
2.960521221160888672e+00
4.195974826812744141e+00
3.195519924163818359e+00
4.353525638580322266e+00
3.394737958908081055e+00
3.225628852844238281e+00
2.750036954879760742e+00
3.165112018585205078e+00
3.355057954788208008e+00
2.785213232040405273e+00
2.720346927642822266e+00
3.572986125946044922e+00
4.443067073822021484e+00
3.805259704589843750e+00
2.738712072372436523e+00
4.109549760818481445e+00
3.182426929473876953e+00
4.156307935714721680e+00
3.904921770095825195e+00
4.145802021026611328e+00
2.887621164321899414e+00
4.359091997146606445e+00
2.905513048171997070e+00
3.540248155593872070e+00
2.962376832962036133e+00
3.203700065612792969e+00
4.297572851181030273e+00
2.979476928710937500e+00
2.962528944015502930e+00
3.352827072143554688e+00
2.718286991119384766e+00
3.311939239501953125e+00
3.407696962356567383e+00
3.071446895599365234e+00
3.063740015029907227e+00
3.910932779312133789e+00
3.392493009567260742e+00
3.788781166076660156e+00
4.079901933670043945e+00
4.483955860137939453e+00
3.021492004394531250e+00
4.416199922561645508e+00
4.560762166976928711e+00
3.505753278732299805e+00
3.326812267303466797e+00
3.558163881301879883e+00
3.451756000518798828e+00
3.269918918609619141e+00
2.953963041305541992e+00
2.746474981307983398e+00
2.867528200149536133e+00
3.858422994613647461e+00
2.887235879898071289e+00
3.917158126831054688e+00
4.075596094131469727e+00
3.003119945526123047e+00
2.878326177597045898e+00
3.112967014312744141e+00
2.945483922958374023e+00
3.050789117813110352e+00
3.237501144409179688e+00
3.683558225631713867e+00
3.379804372787475586e+00
3.480811119079589844e+00
2.431358337402343750e+00
3.522624969482421875e+00
3.406305074691772461e+00
3.048923254013061523e+00
2.631552934646606445e+00
2.858247995376586914e+00
3.506880044937133789e+00
2.820822715759277344e+00
3.465077161788940430e+00
3.318013191223144531e+00
2.388622999191284180e+00
3.460108041763305664e+00
2.558699131011962891e+00
3.360581159591674805e+00
3.473314046859741211e+00
2.811339855194091797e+00
3.064445257186889648e+00
3.376162052154541016e+00
3.652313232421875000e+00
2.507432937622070312e+00
3.717327833175659180e+00
2.589203357696533203e+00
3.656855821609497070e+00
3.649142980575561523e+00
2.633975028991699219e+00
2.612864017486572266e+00
4.386030912399291992e+00
3.453881025314331055e+00
2.756500005722045898e+00
3.800426006317138672e+00
2.618971824645996094e+00
2.670050859451293945e+00
2.723374843597412109e+00
2.692580223083496094e+00
2.618185997009277344e+00
2.882563829421997070e+00
2.946938991546630859e+00
3.942337751388549805e+00
2.974117994308471680e+00
3.024334192276000977e+00
2.947976827621459961e+00
2.696425914764404297e+00
2.867993831634521484e+00
3.286025047302246094e+00
2.996056079864501953e+00
3.354389905929565430e+00
2.798439979553222656e+00
2.071047782897949219e+00
3.304290056228637695e+00
4.044059753417968750e+00
3.025567054748535156e+00
1.770884990692138672e+00
3.348475933074951172e+00
2.851604938507080078e+00
3.075173139572143555e+00
3.023539066314697266e+00
3.163060903549194336e+00
3.018367052078247070e+00
2.903987884521484375e+00
3.304879188537597656e+00
2.602047920227050781e+00
2.643573045730590820e+00
2.555648803710937500e+00
2.386146068572998047e+00
2.653525114059448242e+00
3.256616115570068359e+00
3.256039142608642578e+00
2.955353021621704102e+00
2.970415115356445312e+00
3.131788015365600586e+00
3.173276901245117188e+00
2.808238029479980469e+00
3.152961015701293945e+00
3.135172843933105469e+00
3.263119220733642578e+00
2.654849767684936523e+00
2.440271854400634766e+00
2.917178153991699219e+00
3.175567865371704102e+00
2.117587089538574219e+00
2.843529939651489258e+00
3.663087844848632812e+00
2.808773040771484375e+00
2.940190792083740234e+00
3.297963857650756836e+00
2.439580917358398438e+00
3.199770689010620117e+00
3.208047866821289062e+00
2.907666921615600586e+00
3.569824934005737305e+00
2.551455974578857422e+00
3.653048753738403320e+00
2.608815193176269531e+00
2.574493885040283203e+00
3.228185892105102539e+00
3.595727682113647461e+00
3.266912221908569336e+00
3.689637899398803711e+00
2.711126089096069336e+00
3.090096950531005859e+00
2.814651012420654297e+00
3.243557929992675781e+00
3.263012886047363281e+00
2.515839099884033203e+00
3.056386232376098633e+00
4.342411041259765625e+00
3.197292804718017578e+00
3.139719724655151367e+00
3.801560878753662109e+00
3.454345941543579102e+00
2.661007881164550781e+00
3.964197158813476562e+00
3.214161872863769531e+00
3.131336927413940430e+00
3.782839059829711914e+00
3.990708112716674805e+00
2.727596044540405273e+00
2.810008049011230469e+00
3.109544038772583008e+00
3.421863079071044922e+00
3.103047847747802734e+00
3.762705802917480469e+00
2.391332149505615234e+00
3.071121931076049805e+00
2.781127929687500000e+00
3.382253170013427734e+00
3.228994846343994141e+00
2.781480073928833008e+00
3.359105825424194336e+00
2.797430038452148438e+00
2.738412857055664062e+00
2.661125183105468750e+00
2.886842966079711914e+00
2.686480760574340820e+00
2.520494937896728516e+00
2.836668014526367188e+00
3.326833009719848633e+00
2.790709972381591797e+00
3.341604709625244141e+00
3.243949174880981445e+00
2.794813156127929688e+00
3.016511917114257812e+00
2.911839008331298828e+00
3.441535234451293945e+00
3.480923891067504883e+00
2.621798038482666016e+00
2.957178115844726562e+00
2.899670124053955078e+00
4.070620059967041016e+00
2.648105144500732422e+00
3.176124095916748047e+00
3.182168245315551758e+00
2.827296018600463867e+00
3.282840013504028320e+00
2.879002809524536133e+00
2.689640998840332031e+00
2.542943954467773438e+00
2.601890087127685547e+00
2.962294101715087891e+00
2.670417785644531250e+00
3.000984191894531250e+00
3.262542009353637695e+00
3.359215021133422852e+00
3.204192161560058594e+00
2.896200895309448242e+00
3.250174999237060547e+00
3.401941061019897461e+00
2.866400003433227539e+00
3.084611177444458008e+00
3.415813207626342773e+00
3.068547010421752930e+00
3.442079067230224609e+00
2.837440729141235352e+00
3.248955249786376953e+00
2.933886766433715820e+00
2.851370334625244141e+00
3.299353122711181641e+00
3.415220022201538086e+00
2.349657058715820312e+00
2.907687187194824219e+00
3.594600915908813477e+00
3.106987953186035156e+00
2.579158067703247070e+00
3.481977939605712891e+00
3.549856901168823242e+00
2.755624055862426758e+00
2.790138006210327148e+00
2.332739114761352539e+00
3.253947019577026367e+00
2.693022012710571289e+00
3.598129034042358398e+00
3.322658061981201172e+00
3.420205831527709961e+00
3.756438970565795898e+00
3.474441051483154297e+00
3.117774009704589844e+00
3.159010171890258789e+00
2.949183225631713867e+00
3.185521841049194336e+00
2.867678880691528320e+00
2.898350238800048828e+00
3.462771892547607422e+00
3.402973890304565430e+00
2.965608835220336914e+00
3.053093194961547852e+00
3.127018928527832031e+00
3.114167213439941406e+00
2.913434743881225586e+00
3.005658149719238281e+00
3.195834875106811523e+00
3.158556938171386719e+00
2.977461814880371094e+00
3.132260799407958984e+00
3.056890010833740234e+00
2.075894117355346680e+00
2.985670089721679688e+00
3.739701032638549805e+00
3.050776004791259766e+00
3.551410913467407227e+00
2.908656835556030273e+00
3.217625141143798828e+00
3.861222028732299805e+00
4.134503841400146484e+00
3.387439250946044922e+00
3.657922983169555664e+00
4.053408145904541016e+00
3.525922060012817383e+00
3.975374937057495117e+00
3.769301652908325195e+00
3.987896203994750977e+00
3.395061969757080078e+00
3.437036037445068359e+00
3.686086893081665039e+00
3.226267099380493164e+00
3.341415882110595703e+00
3.868687152862548828e+00
2.964696884155273438e+00
3.632584810256958008e+00
2.981493949890136719e+00
2.877048969268798828e+00
3.492690086364746094e+00
3.321560144424438477e+00
3.377725124359130859e+00
3.646854877471923828e+00
3.441897392272949219e+00
2.568555116653442383e+00
3.109246969223022461e+00
2.672017812728881836e+00
3.424267053604125977e+00
2.635780811309814453e+00
3.601107120513916016e+00
3.323482990264892578e+00
2.741892099380493164e+00
3.906599044799804688e+00
3.173071146011352539e+00
3.106203317642211914e+00
3.123064994812011719e+00
3.637611150741577148e+00
3.173048973083496094e+00
3.600540161132812500e+00
2.538336992263793945e+00
2.515758037567138672e+00
3.605988979339599609e+00
3.951170682907104492e+00
3.634124994277954102e+00
3.659667968750000000e+00
3.343246221542358398e+00
3.575831174850463867e+00
4.235155105590820312e+00
3.988752126693725586e+00
2.742881059646606445e+00
2.602692842483520508e+00
3.052246093750000000e+00
2.248083829879760742e+00
3.352384805679321289e+00
3.049261093139648438e+00
2.526719093322753906e+00
2.585334777832031250e+00
3.476359844207763672e+00
2.433526039123535156e+00
2.632648944854736328e+00
2.603266716003417969e+00
2.983735084533691406e+00
2.479268789291381836e+00
3.533174037933349609e+00
2.545721054077148438e+00
3.587270975112915039e+00
3.346042156219482422e+00
2.557808160781860352e+00
3.555027008056640625e+00
3.108231782913208008e+00
2.733500957489013672e+00
3.006715297698974609e+00
2.719570159912109375e+00
3.628874063491821289e+00
4.352758884429931641e+00
3.570195913314819336e+00
3.349387884140014648e+00
3.636773824691772461e+00
3.868102788925170898e+00
2.627357006072998047e+00
2.717308044433593750e+00
2.701718807220458984e+00
2.791831016540527344e+00
3.050142049789428711e+00
2.762074232101440430e+00
3.074198007583618164e+00
3.414485931396484375e+00
4.291867017745971680e+00
2.960476875305175781e+00
2.357584953308105469e+00
2.680664062500000000e+00
2.839295148849487305e+00
3.364522218704223633e+00
2.694984912872314453e+00
2.624994039535522461e+00
3.475524902343750000e+00
3.439820051193237305e+00
3.946228981018066406e+00
3.013195037841796875e+00
3.100464105606079102e+00
3.376443862915039062e+00
2.979169607162475586e+00
2.958827018737792969e+00
2.916563034057617188e+00
2.947762727737426758e+00
4.010872840881347656e+00
3.091770172119140625e+00
4.047339200973510742e+00
3.672527074813842773e+00
4.125891923904418945e+00
3.310278892517089844e+00
2.943910837173461914e+00
3.833665132522583008e+00
2.866686105728149414e+00
3.038249015808105469e+00
2.457486867904663086e+00
2.793879985809326172e+00
2.928460121154785156e+00
4.143254995346069336e+00
2.717306852340698242e+00
4.101207017898559570e+00
3.818927764892578125e+00
2.633836984634399414e+00
4.014391899108886719e+00
3.147518157958984375e+00
4.253049850463867188e+00
4.481435060501098633e+00
2.689749002456665039e+00
3.181275844573974609e+00
3.241063117980957031e+00
2.641046047210693359e+00
4.307937860488891602e+00
3.262974023818969727e+00
2.917955160140991211e+00
3.192952156066894531e+00
2.112258195877075195e+00
2.669968843460083008e+00
3.376308917999267578e+00
3.269716978073120117e+00
3.361067056655883789e+00
2.931512117385864258e+00
2.930011034011840820e+00
2.771206140518188477e+00
3.377616882324218750e+00
3.383996963500976562e+00
3.108914136886596680e+00
3.374375820159912109e+00
3.200973033905029297e+00
3.228418827056884766e+00
4.058807134628295898e+00
3.183205127716064453e+00
2.828820943832397461e+00
3.713955163955688477e+00
2.855482101440429688e+00
2.739303827285766602e+00
3.413590908050537109e+00
2.717778921127319336e+00
3.681674957275390625e+00
2.763406038284301758e+00
3.758376121520996094e+00
3.455795288085937500e+00
2.991667985916137695e+00
2.385483026504516602e+00
2.759938955307006836e+00
3.672408819198608398e+00
3.797627925872802734e+00
3.444458007812500000e+00
3.090152263641357422e+00
3.728227138519287109e+00
3.369245290756225586e+00
2.568832874298095703e+00
2.628115892410278320e+00
2.542696237564086914e+00
2.966571092605590820e+00
3.770733118057250977e+00
3.763401269912719727e+00
3.224945068359375000e+00
2.706993818283081055e+00
3.164448976516723633e+00
3.207637310028076172e+00
3.252546072006225586e+00
3.313458919525146484e+00
3.651137113571166992e+00
2.740339279174804688e+00
3.170928239822387695e+00
2.363050937652587891e+00
2.556032896041870117e+00
2.714323997497558594e+00
2.896735906600952148e+00
2.276582956314086914e+00
3.145628929138183594e+00
3.345351934432983398e+00
2.808172225952148438e+00
2.514045953750610352e+00
3.012221097946166992e+00
2.731524944305419922e+00
3.463034152984619141e+00
2.931984901428222656e+00
2.355210304260253906e+00
2.490112066268920898e+00
2.465816974639892578e+00
3.771908760070800781e+00
2.763880968093872070e+00
2.593548059463500977e+00
3.803843021392822266e+00
2.633596181869506836e+00
3.813740968704223633e+00
3.337097883224487305e+00
3.019589662551879883e+00
2.418906927108764648e+00
2.542472839355468750e+00
2.973540067672729492e+00
2.967811822891235352e+00
3.037642002105712891e+00
3.480679988861083984e+00
2.517851114273071289e+00
3.692752838134765625e+00
3.221377134323120117e+00
2.746071100234985352e+00
2.612728118896484375e+00
3.247474193572998047e+00
2.988140106201171875e+00
3.167365074157714844e+00
3.330088853836059570e+00
3.269222974777221680e+00
2.848278045654296875e+00
3.097561120986938477e+00
2.480658769607543945e+00
3.260366916656494141e+00
2.777983903884887695e+00
3.268949031829833984e+00
2.627264976501464844e+00
3.497218847274780273e+00
3.293124914169311523e+00
3.174528121948242188e+00
2.828538894653320312e+00
3.370197057723999023e+00
2.879403829574584961e+00
3.100854635238647461e+00
2.886384963989257812e+00
2.869831800460815430e+00
2.887951135635375977e+00
2.078274250030517578e+00
2.929406881332397461e+00
2.684219121932983398e+00
3.301247119903564453e+00
3.500759124755859375e+00
2.994597196578979492e+00
2.700428962707519531e+00
3.759968042373657227e+00
2.729282855987548828e+00
3.085720062255859375e+00
3.093811273574829102e+00
2.958738803863525391e+00
3.569038152694702148e+00
3.508168935775756836e+00
3.981269121170043945e+00
4.409032821655273438e+00
3.609967708587646484e+00
3.015341043472290039e+00
2.869658946990966797e+00
3.356070041656494141e+00
3.472680807113647461e+00
3.334609746932983398e+00
4.109833955764770508e+00
3.767586946487426758e+00
3.338722229003906250e+00
3.764469861984252930e+00
2.797801256179809570e+00
3.389433145523071289e+00
3.519093990325927734e+00
4.410680055618286133e+00
3.754796981811523438e+00
2.835206747055053711e+00
2.660495042800903320e+00
2.945542097091674805e+00
3.410111904144287109e+00
2.566504240036010742e+00
3.789741992950439453e+00
3.120048999786376953e+00
2.376637935638427734e+00
2.818058013916015625e+00
2.869849920272827148e+00
2.941828012466430664e+00
2.948990106582641602e+00
3.136806011199951172e+00
3.440159082412719727e+00
3.272736072540283203e+00
3.568216085433959961e+00
3.079383134841918945e+00
3.385752916336059570e+00
2.812775850296020508e+00
3.014968156814575195e+00
3.564482927322387695e+00
3.882703781127929688e+00
3.533833980560302734e+00
3.391016960144042969e+00
3.142367839813232422e+00
2.739307880401611328e+00
3.414049148559570312e+00
2.926549911499023438e+00
2.605535030364990234e+00
3.484275817871093750e+00
3.740767002105712891e+00
3.033905744552612305e+00
2.876047849655151367e+00
3.985718011856079102e+00
3.855893135070800781e+00
2.834073781967163086e+00
3.523743152618408203e+00
3.290758132934570312e+00
3.336615800857543945e+00
3.146241188049316406e+00
3.547497987747192383e+00
2.782301902770996094e+00
2.960138797760009766e+00
2.816579818725585938e+00
3.083847045898437500e+00
2.772478342056274414e+00
3.074154138565063477e+00
3.432259798049926758e+00
3.277735948562622070e+00
3.378200054168701172e+00
2.588605165481567383e+00
2.425830364227294922e+00
3.203952789306640625e+00
2.975059270858764648e+00
2.951647996902465820e+00
3.375035047531127930e+00
3.360312223434448242e+00
3.024158239364624023e+00
3.301183938980102539e+00
3.432343006134033203e+00
3.512721061706542969e+00
2.877761840820312500e+00
3.529078722000122070e+00
3.510300159454345703e+00
3.216635942459106445e+00
2.889447927474975586e+00
3.419481039047241211e+00
3.451853752136230469e+00
3.697689056396484375e+00
3.228991031646728516e+00
3.725168228149414062e+00
4.237439870834350586e+00
3.193644046783447266e+00
3.549193143844604492e+00
3.406265974044799805e+00
3.741977691650390625e+00
3.748044967651367188e+00
3.315013885498046875e+00
3.604807853698730469e+00
3.453424215316772461e+00
3.500874996185302734e+00
3.308308839797973633e+00
2.764416933059692383e+00
3.325034141540527344e+00
3.502022027969360352e+00
3.677713871002197266e+00
3.784742116928100586e+00
3.426702737808227539e+00
3.917418003082275391e+00
3.853374242782592773e+00
2.867786884307861328e+00
3.819393157958984375e+00
3.482692956924438477e+00
2.938829898834228516e+00
3.683809995651245117e+00
2.789901971817016602e+00
3.020909070968627930e+00
2.733506202697753906e+00
3.937597036361694336e+00
3.090301752090454102e+00
3.120882034301757812e+00
3.234062910079956055e+00
4.466168165206909180e+00
2.736973047256469727e+00
2.794577360153198242e+00
3.683871030807495117e+00
2.842012166976928711e+00
3.062127828598022461e+00
3.618103027343750000e+00
3.227832794189453125e+00
3.784322977066040039e+00
3.018609762191772461e+00
2.691809892654418945e+00
3.475600242614746094e+00
3.024017095565795898e+00
3.060503005981445312e+00
3.427680015563964844e+00
3.439724206924438477e+00
2.990595102310180664e+00
3.777166128158569336e+00
3.169296026229858398e+00
3.509507894515991211e+00
2.986691951751708984e+00
2.591505765914916992e+00
2.459346771240234375e+00
3.286416769027709961e+00
4.470510005950927734e+00
3.304121971130371094e+00
4.191263914108276367e+00
3.740158081054687500e+00
3.163048982620239258e+00
3.228794097900390625e+00
3.490659952163696289e+00
3.418591976165771484e+00
4.517185926437377930e+00
3.986265897750854492e+00
3.066192150115966797e+00
3.640176057815551758e+00
3.264675140380859375e+00
3.487673997879028320e+00
3.220642089843750000e+00
3.565446138381958008e+00
3.207069873809814453e+00
3.519706010818481445e+00
3.258727788925170898e+00
3.517937898635864258e+00
2.925611019134521484e+00
2.879901170730590820e+00
3.981451988220214844e+00
3.146423816680908203e+00
3.591187000274658203e+00
2.965435981750488281e+00
3.535123109817504883e+00
2.727621793746948242e+00
3.478057861328125000e+00
3.931839942932128906e+00
3.645623922348022461e+00
3.595840215682983398e+00
2.869519948959350586e+00
4.459253072738647461e+00
3.108510017395019531e+00
2.935453176498413086e+00
3.640672922134399414e+00
3.656224012374877930e+00
3.111904144287109375e+00
3.811902046203613281e+00
2.969293117523193359e+00
2.834520816802978516e+00
3.088891983032226562e+00
3.229347944259643555e+00
3.722536087036132812e+00
3.804119825363159180e+00
3.511003971099853516e+00
3.272814750671386719e+00
3.112810134887695312e+00
3.245578050613403320e+00
2.867542982101440430e+00
3.541318893432617188e+00
3.202238082885742188e+00
4.106687068939208984e+00
2.474010944366455078e+00
3.436706066131591797e+00
3.802659988403320312e+00
2.394951105117797852e+00
3.927330970764160156e+00
3.462774991989135742e+00
4.211169719696044922e+00
2.992691993713378906e+00
4.146932125091552734e+00
2.865986108779907227e+00
3.147075891494750977e+00
3.301824092864990234e+00
3.583750247955322266e+00
2.559801101684570312e+00
3.228364944458007812e+00
3.515330076217651367e+00
3.186320066452026367e+00
3.554422140121459961e+00
4.224357128143310547e+00
3.140098810195922852e+00
2.518725872039794922e+00
3.203799009323120117e+00
3.803200006484985352e+00
3.588760137557983398e+00
3.619811058044433594e+00
3.645552158355712891e+00
3.109889984130859375e+00
3.414195060729980469e+00
2.431866884231567383e+00
3.437218904495239258e+00
2.609121084213256836e+00
3.237857103347778320e+00
3.174880981445312500e+00
3.655864715576171875e+00
2.512455940246582031e+00
3.283973932266235352e+00
3.256600141525268555e+00
3.322500228881835938e+00
3.370148181915283203e+00
2.752027034759521484e+00
3.200083971023559570e+00
3.256674051284790039e+00
2.658198118209838867e+00
3.395754098892211914e+00
2.717942953109741211e+00
3.842097043991088867e+00
3.472740173339843750e+00
2.734775066375732422e+00
3.378834247589111328e+00
3.330678939819335938e+00
3.430521011352539062e+00
3.653696775436401367e+00
3.460451126098632812e+00
2.803784847259521484e+00
2.861415863037109375e+00
3.028725862503051758e+00
2.819357872009277344e+00
3.486464023590087891e+00
3.643871068954467773e+00
4.000621795654296875e+00
3.070285797119140625e+00
3.515106201171875000e+00
2.872576713562011719e+00
2.716231107711791992e+00
2.952072858810424805e+00
3.640367984771728516e+00
2.983586788177490234e+00
2.588165283203125000e+00
3.778188228607177734e+00
2.489477872848510742e+00
2.400219202041625977e+00
2.202372074127197266e+00
2.657557964324951172e+00
3.135867118835449219e+00
3.787007093429565430e+00
2.696439981460571289e+00
3.067833185195922852e+00
3.034638166427612305e+00
2.715293884277343750e+00
2.451012849807739258e+00
3.938016891479492188e+00
3.388257026672363281e+00
3.389459848403930664e+00
3.145597934722900391e+00
3.130437850952148438e+00
3.241455078125000000e+00
3.220831155776977539e+00
3.261047840118408203e+00
2.942811012268066406e+00
2.685533046722412109e+00
2.778663158416748047e+00
3.265624761581420898e+00
3.760226011276245117e+00
3.770297288894653320e+00
3.708093881607055664e+00
3.381570816040039062e+00
3.090676069259643555e+00
3.090420007705688477e+00
3.397933721542358398e+00
3.887259721755981445e+00
3.244984149932861328e+00
4.045745134353637695e+00
2.995582818984985352e+00
3.288910865783691406e+00
3.199525117874145508e+00
3.292455911636352539e+00
3.292717218399047852e+00
3.231519937515258789e+00
3.483505725860595703e+00
3.350484132766723633e+00
3.739854097366333008e+00
3.764876127243041992e+00
3.364973068237304688e+00
3.679296016693115234e+00
3.951623201370239258e+00
2.998808622360229492e+00
2.883502960205078125e+00
3.547111034393310547e+00
2.890073776245117188e+00
3.619100093841552734e+00
2.886231899261474609e+00
3.033699035644531250e+00
3.638312816619873047e+00
4.365109920501708984e+00
3.298548221588134766e+00
3.005570173263549805e+00
2.951566696166992188e+00
3.578838109970092773e+00
2.552479982376098633e+00
3.595236778259277344e+00
2.957653045654296875e+00
2.953409910202026367e+00
3.634333848953247070e+00
2.993471860885620117e+00
3.801652908325195312e+00
3.247127056121826172e+00
2.973870992660522461e+00
3.228137969970703125e+00
3.910141229629516602e+00
3.251722097396850586e+00
3.243003845214843750e+00
3.262454986572265625e+00
3.473812103271484375e+00
3.346417903900146484e+00
3.357228994369506836e+00
3.846801996231079102e+00
3.849996089935302734e+00
4.105910062789916992e+00
3.839226961135864258e+00
3.495442152023315430e+00
3.747113227844238281e+00
3.709861755371093750e+00
2.828214168548583984e+00
3.653908014297485352e+00
2.992200851440429688e+00
2.461621999740600586e+00
3.765285253524780273e+00
2.805845975875854492e+00
2.403696775436401367e+00
2.852567195892333984e+00
3.020582914352416992e+00
2.961948871612548828e+00
3.969113111495971680e+00
2.889706850051879883e+00
3.691660165786743164e+00
3.084429979324340820e+00
2.832725048065185547e+00
3.039784908294677734e+00
3.136898994445800781e+00
2.956233978271484375e+00
3.240754127502441406e+00
3.303393840789794922e+00
3.848527908325195312e+00
3.196994066238403320e+00
4.054936885833740234e+00
4.031976938247680664e+00
3.896751880645751953e+00
3.370716810226440430e+00
4.046872138977050781e+00
3.759608030319213867e+00
3.961347103118896484e+00
3.963686227798461914e+00
3.716573953628540039e+00
3.504629850387573242e+00
3.443661928176879883e+00
3.470296859741210938e+00
3.884806871414184570e+00
4.075114011764526367e+00
4.573702096939086914e+00
4.049714803695678711e+00
3.135303020477294922e+00
2.919224262237548828e+00
3.833204030990600586e+00
4.392301082611083984e+00
2.822158098220825195e+00
4.214831829071044922e+00
4.171760797500610352e+00
3.609580993652343750e+00
4.555881977081298828e+00
3.536013126373291016e+00
3.556784868240356445e+00
2.529497861862182617e+00
3.098407983779907227e+00
4.083436965942382812e+00
4.084893226623535156e+00
2.723058938980102539e+00
4.642716884613037109e+00
2.968189239501953125e+00
2.976603984832763672e+00
3.134319782257080078e+00
3.515344858169555664e+00
2.966449975967407227e+00
2.552559137344360352e+00
4.303204059600830078e+00
2.831938028335571289e+00
3.252254247665405273e+00
3.461246967315673828e+00
4.458271980285644531e+00
2.861659765243530273e+00
3.129787921905517578e+00
3.265399694442749023e+00
4.215777158737182617e+00
2.963575124740600586e+00
3.096220016479492188e+00
2.765857934951782227e+00
2.758840799331665039e+00
2.760730981826782227e+00
2.859673023223876953e+00
3.820494174957275391e+00
3.009684085845947266e+00
2.676555156707763672e+00
3.444644927978515625e+00
3.466197967529296875e+00
3.309165000915527344e+00
3.181777238845825195e+00
4.151897192001342773e+00
3.444407224655151367e+00
2.356117010116577148e+00
3.194567918777465820e+00
3.374749898910522461e+00
3.326352834701538086e+00
3.594462156295776367e+00
4.289402961730957031e+00
3.535073995590209961e+00
3.074548244476318359e+00
3.554415225982666016e+00
2.638586759567260742e+00
3.409858703613281250e+00
3.568317174911499023e+00
3.620241880416870117e+00
3.317839860916137695e+00
3.863939046859741211e+00
3.491488933563232422e+00
3.565669059753417969e+00
3.603082895278930664e+00
3.437690019607543945e+00
3.243273973464965820e+00
3.702940940856933594e+00
3.730408906936645508e+00
4.397617340087890625e+00
3.859297037124633789e+00
3.686528921127319336e+00
3.218246221542358398e+00
2.831444978713989258e+00
3.089194059371948242e+00
2.912892341613769531e+00
2.383626937866210938e+00
3.485357046127319336e+00
3.908940076828002930e+00
3.653617143630981445e+00
4.496993064880371094e+00
3.710872888565063477e+00
3.903195858001708984e+00
3.358661890029907227e+00
2.989775180816650391e+00
3.721744060516357422e+00
2.998307943344116211e+00
3.586996078491210938e+00
2.588309049606323242e+00
2.988613128662109375e+00
3.347079753875732422e+00
2.381314039230346680e+00
3.803143024444580078e+00
5.445621967315673828e+00
3.642473936080932617e+00
3.033463001251220703e+00
2.593374013900756836e+00
3.244776010513305664e+00
3.278092145919799805e+00
3.359022855758666992e+00
4.223819017410278320e+00
3.083140134811401367e+00
2.738580942153930664e+00
2.397933006286621094e+00
3.321383953094482422e+00
3.816669940948486328e+00
3.340270996093750000e+00
2.646697044372558594e+00
2.933058977127075195e+00
3.338277816772460938e+00
3.305016040802001953e+00
2.469053030014038086e+00
3.726400136947631836e+00
2.725846767425537109e+00
3.571269989013671875e+00
3.964992046356201172e+00
2.536465167999267578e+00
2.496932744979858398e+00
2.449319839477539062e+00
4.092963218688964844e+00
2.937720775604248047e+00
3.856211900711059570e+00
2.972696065902709961e+00
2.875516891479492188e+00
3.453175067901611328e+00
2.910083055496215820e+00
2.916092872619628906e+00
3.460533142089843750e+00
2.644495725631713867e+00
2.864359855651855469e+00
3.042787075042724609e+00
2.903560876846313477e+00
2.998481035232543945e+00
3.141948938369750977e+00
2.255064010620117188e+00
2.512531042098999023e+00
3.214359998703002930e+00
3.873947858810424805e+00
3.279103040695190430e+00
3.178862094879150391e+00
2.149760961532592773e+00
2.816866159439086914e+00
2.928727149963378906e+00
2.495602130889892578e+00
4.717539072036743164e+00
2.355968952178955078e+00
2.434640884399414062e+00
3.958346128463745117e+00
1.899018287658691406e+00
2.948174953460693359e+00
2.960103034973144531e+00
2.571253061294555664e+00
2.550657987594604492e+00
3.161540031433105469e+00
3.203376770019531250e+00
3.164539098739624023e+00
2.602662324905395508e+00
2.130471944808959961e+00
2.442834854125976562e+00
2.604761838912963867e+00
2.415204048156738281e+00
3.095472097396850586e+00
3.268987894058227539e+00
2.705677986145019531e+00
2.715490818023681641e+00
2.682835817337036133e+00
2.715242385864257812e+00
3.081331968307495117e+00
3.259621143341064453e+00
2.331500053405761719e+00
2.739471197128295898e+00
2.780425786972045898e+00
2.879201889038085938e+00
3.300540208816528320e+00
3.413880825042724609e+00
3.353761196136474609e+00
3.489346981048583984e+00
3.006628274917602539e+00
3.354802846908569336e+00
2.797635078430175781e+00
3.243847846984863281e+00
2.366231203079223633e+00
3.374443054199218750e+00
3.028459072113037109e+00
3.918361902236938477e+00
2.579103231430053711e+00
3.420778751373291016e+00
4.918115139007568359e+00
3.277511358261108398e+00
3.038441896438598633e+00
2.701799869537353516e+00
3.552639961242675781e+00
2.719171762466430664e+00
2.942177772521972656e+00
3.362191915512084961e+00
3.240230083465576172e+00
2.436509847640991211e+00
2.874236106872558594e+00
3.538398027420043945e+00
4.133342981338500977e+00
3.030796051025390625e+00
2.936152219772338867e+00
2.251460075378417969e+00
2.848295927047729492e+00
3.020886182785034180e+00
3.006122112274169922e+00
3.100050926208496094e+00
3.088312864303588867e+00
2.547878742218017578e+00
3.107189178466796875e+00
2.880136013031005859e+00
2.581633090972900391e+00
2.926939964294433594e+00
2.717203855514526367e+00
2.725508213043212891e+00
2.979152202606201172e+00
3.978924036026000977e+00
4.027312278747558594e+00
2.972107887268066406e+00
4.090525865554809570e+00
4.212661027908325195e+00
2.972393751144409180e+00
2.421680212020874023e+00
3.015813112258911133e+00
2.682255983352661133e+00
3.087191104888916016e+00
2.722941160202026367e+00
4.313365936279296875e+00
2.695276975631713867e+00
3.402024984359741211e+00
2.816023826599121094e+00
2.766130924224853516e+00
2.751325845718383789e+00
3.585650205612182617e+00
2.729707002639770508e+00
2.893127202987670898e+00
2.677405834197998047e+00
3.081324100494384766e+00
3.068966150283813477e+00
2.792359113693237305e+00
2.792735815048217773e+00
2.653383970260620117e+00
3.709827899932861328e+00
3.573084115982055664e+00
2.647135972976684570e+00
3.257287025451660156e+00
2.567257165908813477e+00
3.344120740890502930e+00
2.621572732925415039e+00
2.661412954330444336e+00
2.561499834060668945e+00
3.410314083099365234e+00
3.024230003356933594e+00
2.765636205673217773e+00
2.912289142608642578e+00
3.166676998138427734e+00
3.419750928878784180e+00
3.384801149368286133e+00
2.834579944610595703e+00
2.914801120758056641e+00
2.914971828460693359e+00
2.938559055328369141e+00
3.397990942001342773e+00
2.980358123779296875e+00
3.046668767929077148e+00
3.639478206634521484e+00
3.573729991912841797e+00
2.984825134277343750e+00
3.583587884902954102e+00
2.248684167861938477e+00
2.976397991180419922e+00
3.587369918823242188e+00
3.182422876358032227e+00
3.212674140930175781e+00
3.698139905929565430e+00
2.470607995986938477e+00
3.065140962600708008e+00
2.540021896362304688e+00
2.732777118682861328e+00
3.328248023986816406e+00
2.745741128921508789e+00
3.388828039169311523e+00
2.587913990020751953e+00
3.135594129562377930e+00
2.927516937255859375e+00
2.970903873443603516e+00
3.387897014617919922e+00
2.511956214904785156e+00
3.398864746093750000e+00
3.036755800247192383e+00
3.579813957214355469e+00
3.504570007324218750e+00
3.034626007080078125e+00
2.848051071166992188e+00
3.390738010406494141e+00
3.662724971771240234e+00
3.621957063674926758e+00
4.162695884704589844e+00
3.296185016632080078e+00
3.317152976989746094e+00
3.652998924255371094e+00
3.832620143890380859e+00
3.455754041671752930e+00
2.897390127182006836e+00
3.077094316482543945e+00
2.489959001541137695e+00
3.052412271499633789e+00
2.922323942184448242e+00
2.658705234527587891e+00
4.151702880859375000e+00
2.982653141021728516e+00
2.548591136932373047e+00
3.429940938949584961e+00
3.959251880645751953e+00
4.126454114913940430e+00
2.831917047500610352e+00
3.547802925109863281e+00
4.079039096832275391e+00
3.162911891937255859e+00
3.775397062301635742e+00
3.834986209869384766e+00
3.534601926803588867e+00
3.571293115615844727e+00
3.120357990264892578e+00
3.584678888320922852e+00
3.303484916687011719e+00
3.594089984893798828e+00
3.294698238372802734e+00
4.064640045166015625e+00
3.687308073043823242e+00
3.178421974182128906e+00
3.241653919219970703e+00
3.337585926055908203e+00
4.282903909683227539e+00
3.123516082763671875e+00
3.295478820800781250e+00
3.446097850799560547e+00
2.885756254196166992e+00
3.516046047210693359e+00
3.540726900100708008e+00
3.616303205490112305e+00
3.605253934860229492e+00
3.850630998611450195e+00
2.577162027359008789e+00
3.655580997467041016e+00
2.412971019744873047e+00
2.964596033096313477e+00
3.771311998367309570e+00
2.621520042419433594e+00
2.961935043334960938e+00
3.022716999053955078e+00
3.486262083053588867e+00
2.976917028427124023e+00
3.207530021667480469e+00
2.531376123428344727e+00
2.924798965454101562e+00
3.491117954254150391e+00
2.740512847900390625e+00
3.004971027374267578e+00
2.943541049957275391e+00
2.949958801269531250e+00
3.258146047592163086e+00
2.540349960327148438e+00
4.007843255996704102e+00
3.506865978240966797e+00
3.041162014007568359e+00
3.764947175979614258e+00
4.026334047317504883e+00
2.972728967666625977e+00
3.056819915771484375e+00
3.464115858078002930e+00
3.625608205795288086e+00
2.916301965713500977e+00
2.283163070678710938e+00
2.814791917800903320e+00
2.896921157836914062e+00
2.891838788986206055e+00
2.739137887954711914e+00
3.262974023818969727e+00
3.212805032730102539e+00
3.542882919311523438e+00
2.826189041137695312e+00
3.234288215637207031e+00
2.366003990173339844e+00
3.714493274688720703e+00
2.746163845062255859e+00
3.604556083679199219e+00
2.934598922729492188e+00
3.396601915359497070e+00
3.203387260437011719e+00
3.176225900650024414e+00
3.568411827087402344e+00
2.978888273239135742e+00
3.417234897613525391e+00
3.929825067520141602e+00
3.448449134826660156e+00
3.096006155014038086e+00
3.308841943740844727e+00
3.204036235809326172e+00
3.084638118743896484e+00
3.331244230270385742e+00
2.661617040634155273e+00
2.703969001770019531e+00
2.513159751892089844e+00
2.770299911499023438e+00
2.756868124008178711e+00
3.349181175231933594e+00
2.672220945358276367e+00
3.322439908981323242e+00
3.623212099075317383e+00
3.295300245285034180e+00
3.941837787628173828e+00
2.357845783233642578e+00
3.376754999160766602e+00
3.565252780914306641e+00
2.454806089401245117e+00
3.266392946243286133e+00
3.367512226104736328e+00
2.981362819671630859e+00
2.506753683090209961e+00
2.879248142242431641e+00
2.887024879455566406e+00
2.591532707214355469e+00
3.431174993515014648e+00
2.164841890335083008e+00
2.599483251571655273e+00
3.058781147003173828e+00
2.213314056396484375e+00
3.439114093780517578e+00
2.811886787414550781e+00
4.118528127670288086e+00
3.406357049942016602e+00
3.849464654922485352e+00
3.867699861526489258e+00
4.414710998535156250e+00
2.755404949188232422e+00
3.168005943298339844e+00
3.130619049072265625e+00
2.861146926879882812e+00
3.155622959136962891e+00
3.172502040863037109e+00
3.356771945953369141e+00
2.854355096817016602e+00
3.649655103683471680e+00
4.177938938140869141e+00
2.803133964538574219e+00
3.921598911285400391e+00
4.462926149368286133e+00
3.946068286895751953e+00
4.176171064376831055e+00
2.669522762298583984e+00
2.783919811248779297e+00
3.023367166519165039e+00
2.930835962295532227e+00
2.276687145233154297e+00
4.333964109420776367e+00
2.978699922561645508e+00
2.905723333358764648e+00
3.816356897354125977e+00
3.420903205871582031e+00
3.350795984268188477e+00
3.544973134994506836e+00
3.582868814468383789e+00
3.020594120025634766e+00
2.850883007049560547e+00
4.014712095260620117e+00
3.155014038085937500e+00
2.826724052429199219e+00
4.489921808242797852e+00
2.917080879211425781e+00
2.933079957962036133e+00
2.909626722335815430e+00
3.505530834197998047e+00
3.602397918701171875e+00
3.172813177108764648e+00
3.246000051498413086e+00
3.532484054565429688e+00
3.510089874267578125e+00
4.514738082885742188e+00
3.383809089660644531e+00
3.112207174301147461e+00
3.619205951690673828e+00
3.404702901840209961e+00
3.435056924819946289e+00
3.177525758743286133e+00
2.593390703201293945e+00
3.284806728363037109e+00
3.240255117416381836e+00
2.975555896759033203e+00
2.855228185653686523e+00
4.102526903152465820e+00
3.022138118743896484e+00
3.181663990020751953e+00
2.505547046661376953e+00
3.012424945831298828e+00
3.037379026412963867e+00
3.735767126083374023e+00
2.925577163696289062e+00
3.079652070999145508e+00
3.464606046676635742e+00
2.323781013488769531e+00
2.657901048660278320e+00
2.577789306640625000e+00
3.108808040618896484e+00
2.660112857818603516e+00
3.224277019500732422e+00
3.112543106079101562e+00
3.111473083496093750e+00
3.099608898162841797e+00
3.318017721176147461e+00
2.689081907272338867e+00
3.285560131072998047e+00
3.085273027420043945e+00
2.805243968963623047e+00
4.117480278015136719e+00
2.580087900161743164e+00
3.029309988021850586e+00
2.747922897338867188e+00
2.864752054214477539e+00
3.216161966323852539e+00
3.150930881500244141e+00
3.351593971252441406e+00
3.252497911453247070e+00
3.366257905960083008e+00
2.987187147140502930e+00
3.538175821304321289e+00
3.590463161468505859e+00
3.633961915969848633e+00
3.027474164962768555e+00
3.114258050918579102e+00
3.356395959854125977e+00
2.688467979431152344e+00
3.689716815948486328e+00
2.765506744384765625e+00
3.691332101821899414e+00
3.718556880950927734e+00
3.456431865692138672e+00
3.775012254714965820e+00
3.777836084365844727e+00
3.495445013046264648e+00
3.825480937957763672e+00
3.348494052886962891e+00
3.486034870147705078e+00
3.590546131134033203e+00
3.583495855331420898e+00
3.836687088012695312e+00
2.878813982009887695e+00
3.892949819564819336e+00
2.879724740982055664e+00
3.434763669967651367e+00
3.957643032073974609e+00
4.693928003311157227e+00
3.640853881835937500e+00
2.985264778137207031e+00
2.899253845214843750e+00
3.385284185409545898e+00
2.950037002563476562e+00
3.083684921264648438e+00
3.723355054855346680e+00
2.998707056045532227e+00
2.799885034561157227e+00
2.572535991668701172e+00
4.096807956695556641e+00
4.077837705612182617e+00
3.897882938385009766e+00
3.926797151565551758e+00
3.140012025833129883e+00
3.466694116592407227e+00
3.087885856628417969e+00
3.082213878631591797e+00
2.572506904602050781e+00
4.138925790786743164e+00
3.060012102127075195e+00
4.136590003967285156e+00
3.189718723297119141e+00
3.216889858245849609e+00
2.855164289474487305e+00
3.377839088439941406e+00
3.029065847396850586e+00
3.225441694259643555e+00
2.796483039855957031e+00
3.069626092910766602e+00
2.810932874679565430e+00
2.659861087799072266e+00
3.085860013961791992e+00
3.848018884658813477e+00
3.188801765441894531e+00
3.104586124420166016e+00
2.933639764785766602e+00
3.173419952392578125e+00
3.223147869110107422e+00
3.272149085998535156e+00
3.077995061874389648e+00
2.968866825103759766e+00
3.195348024368286133e+00
3.498492956161499023e+00
2.887552022933959961e+00
3.212863206863403320e+00
2.729888916015625000e+00
3.197557926177978516e+00
3.150612831115722656e+00
2.808365106582641602e+00
2.851330280303955078e+00
2.825006961822509766e+00
2.921452999114990234e+00
3.728256940841674805e+00
2.967144012451171875e+00
3.193710088729858398e+00
3.322585105895996094e+00
3.067945003509521484e+00
3.844676256179809570e+00
3.192807912826538086e+00
3.201935052871704102e+00
3.119178056716918945e+00
3.334754943847656250e+00
4.391844987869262695e+00
3.351686000823974609e+00
3.111958742141723633e+00
3.207537889480590820e+00
3.350827932357788086e+00
3.143151044845581055e+00
3.647094249725341797e+00
3.230926275253295898e+00
3.174338817596435547e+00
2.681683063507080078e+00
3.039475917816162109e+00
3.500943183898925781e+00
3.427983999252319336e+00
1.951511144638061523e+00
3.328363895416259766e+00
3.910178184509277344e+00
3.723500013351440430e+00
3.454938888549804688e+00
3.622419834136962891e+00
3.203364133834838867e+00
3.023999929428100586e+00
3.162130117416381836e+00
2.351634263992309570e+00
3.039889097213745117e+00
2.197911977767944336e+00
2.041714906692504883e+00
3.469566822052001953e+00
3.097581624984741211e+00
3.262513160705566406e+00
3.248567104339599609e+00
3.528280735015869141e+00
2.826494216918945312e+00
3.565992116928100586e+00
3.212225675582885742e+00
3.567679882049560547e+00
3.975983858108520508e+00
3.356833934783935547e+00
3.106897115707397461e+00
3.086979150772094727e+00
3.033850193023681641e+00
3.535676002502441406e+00
2.408313751220703125e+00
2.831106901168823242e+00
3.271152019500732422e+00
2.686465024948120117e+00
3.674849033355712891e+00
3.372872829437255859e+00
3.077744722366333008e+00
3.347186088562011719e+00
3.419036149978637695e+00
3.683720350265502930e+00
3.124756097793579102e+00
3.790938138961791992e+00
3.756042957305908203e+00
3.064051866531372070e+00
3.183122158050537109e+00
4.188680171966552734e+00
3.846072912216186523e+00
2.614868402481079102e+00
3.906056880950927734e+00
3.937667846679687500e+00
3.572457075119018555e+00
2.532087087631225586e+00
3.206632852554321289e+00
3.361989736557006836e+00
4.010025024414062500e+00
3.971508026123046875e+00
3.048582077026367188e+00
4.407735109329223633e+00
2.288209915161132812e+00
4.367349147796630859e+00
3.640822172164916992e+00
3.478106975555419922e+00
3.197046041488647461e+00
3.756500959396362305e+00
4.076571941375732422e+00
3.522919893264770508e+00
2.816205024719238281e+00
2.942801952362060547e+00
4.000850915908813477e+00
3.433624744415283203e+00
3.383383989334106445e+00
3.276736021041870117e+00
4.523505926132202148e+00
3.835493087768554688e+00
4.182920932769775391e+00
2.685201168060302734e+00
2.691342115402221680e+00
3.504475831985473633e+00
2.685394287109375000e+00
4.499793291091918945e+00
2.688166856765747070e+00
2.761670112609863281e+00
3.628384828567504883e+00
3.880743026733398438e+00
3.625635147094726562e+00
3.294442892074584961e+00
3.240983009338378906e+00
3.551834106445312500e+00
3.394872903823852539e+00
3.662692070007324219e+00
3.832399845123291016e+00
3.343173980712890625e+00
3.025678157806396484e+00
3.622940063476562500e+00
2.560399770736694336e+00
2.766822814941406250e+00
2.335540294647216797e+00
3.700317859649658203e+00
3.959418058395385742e+00
3.552661657333374023e+00
3.990606069564819336e+00
3.798058986663818359e+00
3.593611955642700195e+00
3.225145101547241211e+00
3.111504077911376953e+00
3.637151956558227539e+00
3.250866889953613281e+00
3.655458927154541016e+00
2.576960086822509766e+00
2.789051771163940430e+00
3.282747983932495117e+00
2.555163860321044922e+00
2.515919923782348633e+00
3.859813213348388672e+00
3.036900997161865234e+00
3.794736862182617188e+00
3.261154890060424805e+00
3.706901073455810547e+00
4.712450981140136719e+00
3.901359081268310547e+00
3.272493124008178711e+00
3.282156944274902344e+00
2.956376075744628906e+00
2.980811119079589844e+00
3.279586076736450195e+00
3.634568214416503906e+00
3.262099981307983398e+00
5.157120943069458008e+00
3.499929904937744141e+00
3.089643001556396484e+00
3.607237815856933594e+00
2.788126945495605469e+00
2.830476999282836914e+00
3.866514205932617188e+00
3.640889644622802734e+00
3.743557929992675781e+00
3.340435981750488281e+00
3.181676149368286133e+00
4.113127946853637695e+00
3.119013071060180664e+00
2.709280967712402344e+00
3.277134895324707031e+00
3.924641847610473633e+00
2.751319885253906250e+00
3.809836149215698242e+00
3.929888010025024414e+00
2.615504026412963867e+00
3.805676937103271484e+00
3.206808090209960938e+00
3.071979045867919922e+00
3.959146738052368164e+00
3.975980758666992188e+00
3.620560884475708008e+00
2.827390909194946289e+00
2.887202978134155273e+00
4.858520746231079102e+00
4.079022884368896484e+00
4.449536085128784180e+00
4.163612127304077148e+00
2.904931068420410156e+00
3.464787960052490234e+00
3.341218948364257812e+00
3.329213857650756836e+00
3.834959030151367188e+00
3.815922975540161133e+00
3.800492048263549805e+00
3.959669113159179688e+00
3.005326747894287109e+00
4.031363725662231445e+00
4.255419969558715820e+00
3.795423984527587891e+00
3.647603034973144531e+00
3.965559959411621094e+00
3.294831037521362305e+00
3.456607818603515625e+00
2.331973791122436523e+00
2.477079153060913086e+00
3.153208971023559570e+00
2.182317018508911133e+00
4.040760755538940430e+00
3.430742025375366211e+00
5.278902053833007812e+00
2.691879034042358398e+00
3.331541061401367188e+00
3.214746236801147461e+00
3.803590059280395508e+00
2.798277854919433594e+00
4.182744026184082031e+00
2.965580940246582031e+00
4.100145101547241211e+00
3.688292026519775391e+00
2.863046884536743164e+00
3.828369140625000000e+00
3.893281936645507812e+00
2.923465967178344727e+00
3.277395963668823242e+00
3.415966987609863281e+00
3.967167377471923828e+00
3.060903072357177734e+00
3.032539129257202148e+00
2.372061967849731445e+00
2.874289989471435547e+00
3.060497999191284180e+00
3.101279973983764648e+00
3.103281974792480469e+00
2.824346065521240234e+00
3.947717905044555664e+00
2.470270156860351562e+00
3.813199043273925781e+00
2.521970987319946289e+00
2.310154914855957031e+00
2.590991973876953125e+00
3.186449766159057617e+00
3.077793836593627930e+00
2.501394987106323242e+00
3.342575073242187500e+00
3.439933061599731445e+00
3.445204019546508789e+00
3.148950099945068359e+00
2.559870958328247070e+00
3.937067985534667969e+00
3.522764921188354492e+00
3.161715984344482422e+00
2.969915151596069336e+00
2.908678770065307617e+00
2.597077846527099609e+00
2.339051961898803711e+00
4.100688934326171875e+00
1.798233985900878906e+00
2.185178995132446289e+00
2.320891141891479492e+00
2.618396282196044922e+00
2.655286073684692383e+00
3.285518884658813477e+00
1.935926914215087891e+00
3.646217823028564453e+00
2.713123083114624023e+00
3.800915002822875977e+00
3.754294633865356445e+00
3.784836053848266602e+00
2.480107069015502930e+00
2.463800191879272461e+00
2.714605093002319336e+00
3.511873006820678711e+00
3.411998987197875977e+00
2.487835168838500977e+00
2.141574144363403320e+00
2.403948068618774414e+00
2.885804176330566406e+00
2.859975814819335938e+00
2.958770036697387695e+00
2.410943031311035156e+00
3.433454036712646484e+00
2.629776000976562500e+00
2.719548225402832031e+00
2.735428094863891602e+00
2.783998012542724609e+00
2.075187921524047852e+00
3.733499288558959961e+00
2.157768964767456055e+00
2.827264070510864258e+00
2.177360057830810547e+00
2.727565050125122070e+00
3.058760881423950195e+00
2.475553989410400391e+00
2.746857881546020508e+00
2.118667840957641602e+00
2.499242067337036133e+00
2.876065015792846680e+00
3.842481136322021484e+00
2.571840047836303711e+00
3.281394004821777344e+00
1.969917058944702148e+00
2.551323175430297852e+00
2.406324386596679688e+00
4.040704965591430664e+00
2.585727930068969727e+00
2.540025234222412109e+00
2.579297065734863281e+00
2.702553033828735352e+00
2.529644012451171875e+00
2.636962175369262695e+00
3.477836132049560547e+00
2.510370016098022461e+00
2.689588069915771484e+00
2.053244829177856445e+00
2.200585842132568359e+00
2.671715736389160156e+00
3.135443925857543945e+00
3.876146078109741211e+00
2.239799976348876953e+00
3.508434057235717773e+00
2.671854019165039062e+00
2.221252918243408203e+00
2.239844083786010742e+00
2.745203018188476562e+00
2.370390892028808594e+00
2.150787830352783203e+00
2.813178777694702148e+00
2.479861021041870117e+00
3.036759853363037109e+00
2.907625913619995117e+00
3.108770847320556641e+00
2.590157985687255859e+00
3.006580829620361328e+00
3.198471784591674805e+00
2.837560176849365234e+00
2.963294982910156250e+00
2.546196937561035156e+00
3.016112327575683594e+00
2.509027004241943359e+00
2.667335987091064453e+00
2.616260051727294922e+00
2.705915927886962891e+00
3.127497911453247070e+00
2.590233087539672852e+00
2.261278867721557617e+00
3.420958042144775391e+00
3.265486001968383789e+00
2.583122968673706055e+00
3.240312099456787109e+00
2.937824010848999023e+00
2.783068895339965820e+00
2.902720928192138672e+00
2.952240943908691406e+00
3.461985111236572266e+00
2.911117076873779297e+00
3.535897970199584961e+00
3.309678077697753906e+00
2.767455101013183594e+00
2.735743999481201172e+00
2.683887720108032227e+00
3.120689868927001953e+00
2.247306108474731445e+00
3.067622900009155273e+00
2.417293787002563477e+00
2.446164131164550781e+00
2.479286909103393555e+00
2.814593791961669922e+00
1.997600078582763672e+00
2.500687837600708008e+00
3.202255725860595703e+00
2.915768861770629883e+00
3.012177944183349609e+00
2.580418109893798828e+00
2.308334112167358398e+00
3.369881868362426758e+00
3.060945272445678711e+00
2.639386892318725586e+00
2.993882894515991211e+00
3.087811708450317383e+00
2.715633153915405273e+00
2.667166948318481445e+00
3.218906164169311523e+00
2.958705902099609375e+00
2.033850193023681641e+00
3.089797973632812500e+00
3.397340774536132812e+00
3.014362096786499023e+00
3.577151060104370117e+00
2.573139905929565430e+00
3.126171827316284180e+00
2.228522062301635742e+00
3.152817726135253906e+00
3.097048759460449219e+00
3.082263231277465820e+00
3.232810258865356445e+00
3.438110828399658203e+00
2.508170127868652344e+00
3.532795906066894531e+00
3.012588977813720703e+00
3.218281984329223633e+00
3.389314889907836914e+00
2.818385124206542969e+00
3.137110948562622070e+00
3.611756801605224609e+00
3.363321781158447266e+00
2.757174015045166016e+00
2.858223915100097656e+00
2.881497859954833984e+00
3.587560176849365234e+00
3.948671102523803711e+00
3.206176996231079102e+00
2.964638233184814453e+00
3.180597066879272461e+00
3.599086046218872070e+00
3.700134992599487305e+00
3.113656759262084961e+00
3.391870021820068359e+00
2.881487846374511719e+00
3.705008983612060547e+00
2.681622982025146484e+00
2.636486053466796875e+00
3.711685895919799805e+00
3.003354072570800781e+00
3.283933877944946289e+00
3.446294069290161133e+00
3.373540878295898438e+00
3.980194807052612305e+00
3.219482183456420898e+00
3.554165840148925781e+00
2.398797988891601562e+00
2.198704004287719727e+00
3.502362966537475586e+00
2.891253948211669922e+00
2.791499137878417969e+00
4.323749780654907227e+00
2.493736028671264648e+00
3.509937763214111328e+00
3.545487880706787109e+00
2.951005935668945312e+00
3.510402917861938477e+00
4.534795045852661133e+00
2.971421957015991211e+00
3.369972944259643555e+00
3.369418859481811523e+00
4.100461006164550781e+00
2.259647846221923828e+00
3.623679161071777344e+00
3.557832241058349609e+00
3.832875967025756836e+00
2.568212985992431641e+00
3.517574071884155273e+00
4.960273027420043945e+00
3.207158803939819336e+00
4.369213104248046875e+00
3.607163906097412109e+00
3.452473878860473633e+00
3.411025047302246094e+00
3.151256799697875977e+00
3.074639797210693359e+00
3.399949789047241211e+00
2.812545776367187500e+00
3.642499923706054688e+00
3.805588006973266602e+00
3.799930334091186523e+00
3.722383022308349609e+00
3.729115962982177734e+00
3.670960903167724609e+00
3.262316942214965820e+00
3.286409854888916016e+00
3.865886926651000977e+00
3.859087944030761719e+00
4.447146892547607422e+00
3.721233129501342773e+00
3.472348213195800781e+00
2.408087015151977539e+00
3.676627874374389648e+00
2.782007932662963867e+00
3.793255090713500977e+00
2.892366170883178711e+00
2.916101932525634766e+00
3.583899021148681641e+00
3.486127138137817383e+00
2.635737180709838867e+00
2.909476280212402344e+00
4.041255235671997070e+00
2.944739103317260742e+00
4.044933080673217773e+00
2.994496107101440430e+00
4.200908899307250977e+00
4.031213998794555664e+00
2.162621974945068359e+00
3.489099979400634766e+00
3.751222848892211914e+00
3.603448152542114258e+00
3.677262067794799805e+00
2.846483945846557617e+00
3.768653154373168945e+00
3.813318014144897461e+00
4.142623901367187500e+00
2.548809051513671875e+00
3.510454893112182617e+00
3.820739746093750000e+00
3.408346891403198242e+00
3.634122848510742188e+00
2.766485929489135742e+00
4.459278106689453125e+00
3.420788049697875977e+00
2.383366823196411133e+00
3.781162023544311523e+00
2.579572916030883789e+00
3.962619304656982422e+00
3.153829097747802734e+00
3.636499166488647461e+00
3.326778173446655273e+00
3.318962812423706055e+00
4.465123891830444336e+00
3.941986799240112305e+00
3.820858955383300781e+00
3.581661939620971680e+00
2.733264923095703125e+00
2.998796939849853516e+00
3.919250965118408203e+00
3.846518039703369141e+00
3.480823040008544922e+00
3.248837947845458984e+00
2.368313074111938477e+00
3.840430974960327148e+00
3.152877092361450195e+00
2.579995870590209961e+00
2.646479845046997070e+00
3.571686029434204102e+00
2.330545902252197266e+00
3.176686763763427734e+00
3.005103111267089844e+00
3.534779787063598633e+00
2.994724750518798828e+00
2.386430978775024414e+00
3.634999990463256836e+00
2.704710006713867188e+00
3.061610937118530273e+00
3.946598768234252930e+00
3.337000131607055664e+00
2.830790758132934570e+00
3.652603149414062500e+00
3.346282005310058594e+00
1.875873088836669922e+00
2.161972999572753906e+00
3.420340061187744141e+00
2.803964853286743164e+00
3.120254993438720703e+00
2.532480001449584961e+00
4.438043117523193359e+00
2.565914154052734375e+00
3.479024887084960938e+00
3.805752992630004883e+00
3.526267290115356445e+00
2.287240982055664062e+00
4.298104763031005859e+00
4.195328950881958008e+00
2.478806972503662109e+00
3.009449005126953125e+00
3.306004047393798828e+00
3.356898069381713867e+00
3.663022994995117188e+00
3.272415876388549805e+00
3.058831214904785156e+00
3.320259809494018555e+00
2.869785070419311523e+00
2.542320013046264648e+00
2.723726272583007812e+00
2.471683025360107422e+00
2.577196121215820312e+00
3.690398931503295898e+00
3.836194038391113281e+00
3.240968942642211914e+00
2.892837047576904297e+00
2.647429943084716797e+00
2.875471830368041992e+00
2.517807960510253906e+00
3.713511943817138672e+00
3.504289627075195312e+00
3.666354894638061523e+00
3.838081836700439453e+00
2.752171993255615234e+00
2.753211975097656250e+00
2.431444883346557617e+00
4.191000938415527344e+00
2.953696966171264648e+00
3.005355119705200195e+00
3.301017999649047852e+00
2.978076219558715820e+00
3.612872838973999023e+00
2.460346937179565430e+00
3.896363973617553711e+00
3.608692169189453125e+00
2.574193954467773438e+00
2.229113817214965820e+00
2.747162103652954102e+00
3.957585811614990234e+00
2.585123062133789062e+00
3.095624923706054688e+00
2.895917177200317383e+00
3.766662836074829102e+00
3.064646959304809570e+00
3.058526992797851562e+00
3.549628973007202148e+00
3.535654783248901367e+00
3.294573068618774414e+00
2.594412088394165039e+00
3.325150966644287109e+00
3.341462135314941406e+00
2.560369253158569336e+00
2.876335144042968750e+00
2.733033895492553711e+00
3.173795938491821289e+00
3.267546176910400391e+00
3.179894924163818359e+00
2.731437206268310547e+00
3.146257877349853516e+00
3.124490737915039062e+00
2.775691032409667969e+00
3.465979099273681641e+00
3.301645040512084961e+00
2.841848134994506836e+00
2.392550945281982422e+00
3.025578975677490234e+00
3.230004310607910156e+00
2.793549060821533203e+00
2.884668111801147461e+00
2.557453155517578125e+00
3.617976188659667969e+00
2.953241825103759766e+00
3.328764915466308594e+00
3.569900989532470703e+00
2.823379993438720703e+00
2.317209005355834961e+00
3.611485958099365234e+00
3.092277050018310547e+00
3.162593126296997070e+00
3.110598802566528320e+00
3.004096984863281250e+00
2.770249843597412109e+00
2.269598960876464844e+00
2.994018077850341797e+00
2.920303821563720703e+00
2.693039178848266602e+00
3.022877216339111328e+00
3.748214960098266602e+00
2.897375822067260742e+00
3.349222898483276367e+00
3.250305175781250000e+00
2.974128961563110352e+00
2.937210083007812500e+00
3.114480018615722656e+00
3.540065050125122070e+00
3.340821027755737305e+00
2.950144052505493164e+00
3.233818054199218750e+00
2.778933048248291016e+00
3.555237770080566406e+00
3.536685228347778320e+00
2.496825218200683594e+00
2.775236129760742188e+00
3.328030109405517578e+00
3.009278297424316406e+00
3.417870759963989258e+00
2.709148883819580078e+00
3.232218980789184570e+00
3.277992248535156250e+00
3.351591110229492188e+00
4.058663129806518555e+00
3.312095880508422852e+00
3.713338851928710938e+00
3.483808994293212891e+00
2.798065900802612305e+00
2.782983064651489258e+00
4.101443767547607422e+00
2.821254253387451172e+00
2.846918821334838867e+00
2.436606168746948242e+00
3.154055833816528320e+00
3.280195236206054688e+00
3.985614061355590820e+00
3.770432949066162109e+00
3.534634113311767578e+00
2.890340089797973633e+00
3.119202136993408203e+00
3.716000318527221680e+00
3.449918985366821289e+00
3.765483140945434570e+00
2.329334020614624023e+00
3.427534103393554688e+00
4.306880950927734375e+00
3.842835903167724609e+00
2.609494924545288086e+00
2.558841943740844727e+00
2.996078968048095703e+00
2.786540031433105469e+00
2.544899940490722656e+00
3.064904212951660156e+00
3.932928085327148438e+00
2.732475996017456055e+00
4.793375253677368164e+00
2.359643697738647461e+00
3.391500711441040039e+00
2.354028940200805664e+00
2.765515804290771484e+00
2.749461174011230469e+00
2.852810144424438477e+00
3.443896055221557617e+00
2.662950754165649414e+00
3.182458162307739258e+00
3.375457048416137695e+00
2.997352838516235352e+00
3.076331138610839844e+00
3.072000026702880859e+00
3.778530120849609375e+00
2.542488098144531250e+00
2.807315826416015625e+00
3.521634817123413086e+00
3.613767862319946289e+00
3.307993888854980469e+00
2.914902687072753906e+00
2.963841199874877930e+00
2.101476192474365234e+00
3.220507144927978516e+00
2.653356075286865234e+00
2.834057092666625977e+00
2.973520040512084961e+00
3.021504163742065430e+00
2.830580234527587891e+00
2.848145008087158203e+00
3.752427101135253906e+00
3.314023971557617188e+00
3.810291051864624023e+00
2.724555969238281250e+00
2.961605072021484375e+00
2.362962007522583008e+00
3.048584938049316406e+00
2.491204977035522461e+00
3.984981060028076172e+00
3.557623147964477539e+00
3.034173011779785156e+00
3.587293148040771484e+00
3.846093893051147461e+00
2.576221942901611328e+00
3.070497989654541016e+00
2.550590991973876953e+00
3.216285943984985352e+00
2.707665205001831055e+00
3.251828193664550781e+00
2.560540914535522461e+00
3.094556093215942383e+00
2.577746152877807617e+00
2.219700098037719727e+00
3.052433013916015625e+00
2.748601198196411133e+00
3.121237039566040039e+00
3.466175079345703125e+00
2.791619777679443359e+00
2.706062078475952148e+00
2.842750072479248047e+00
3.496459007263183594e+00
3.320538043975830078e+00
2.870730161666870117e+00
3.268488168716430664e+00
3.266515970230102539e+00
2.697293758392333984e+00
2.563844919204711914e+00
2.883862018585205078e+00
2.609470367431640625e+00
2.803894996643066406e+00
3.556255102157592773e+00
3.973864078521728516e+00
3.710520029067993164e+00
2.408316850662231445e+00
2.881418943405151367e+00
3.091888189315795898e+00
3.024566173553466797e+00
3.180676937103271484e+00
3.016386985778808594e+00
2.571669101715087891e+00
3.099018096923828125e+00
3.101658105850219727e+00
4.020447015762329102e+00
2.735325098037719727e+00
2.472663879394531250e+00
2.676334142684936523e+00
3.093606948852539062e+00
2.718178749084472656e+00
3.834256887435913086e+00
2.623189926147460938e+00
3.139519929885864258e+00
3.239426136016845703e+00
4.858630895614624023e+00
2.660689830780029297e+00
3.153059959411621094e+00
2.354748725891113281e+00
2.705034971237182617e+00
3.291814804077148438e+00
3.455606937408447266e+00
2.949353933334350586e+00
2.924607992172241211e+00
3.276662111282348633e+00
3.347446203231811523e+00
2.932914733886718750e+00
3.459758043289184570e+00
3.460434198379516602e+00
3.958632946014404297e+00
2.624764919281005859e+00
3.745361804962158203e+00
2.755608081817626953e+00
3.820327758789062500e+00
4.470329046249389648e+00
2.704498767852783203e+00
3.372257709503173828e+00
2.801630973815917969e+00
2.548952102661132812e+00
2.985678672790527344e+00
2.377671241760253906e+00
2.248430967330932617e+00
3.360914945602416992e+00
4.812305927276611328e+00
3.175605058670043945e+00
3.163529872894287109e+00
2.857170820236206055e+00
3.238437891006469727e+00
2.777202129364013672e+00
2.470482110977172852e+00
2.818258047103881836e+00
3.326797008514404297e+00
2.370850086212158203e+00
3.245957136154174805e+00
3.422348976135253906e+00
3.434735298156738281e+00
3.545077085494995117e+00
3.361800909042358398e+00
3.985185861587524414e+00
3.539577960968017578e+00
3.480977773666381836e+00
3.454477071762084961e+00
2.627107143402099609e+00
2.984781980514526367e+00
2.755917072296142578e+00
2.512858152389526367e+00
2.699874162673950195e+00
2.710033178329467773e+00
2.593053102493286133e+00
2.680750131607055664e+00
2.823120117187500000e+00
2.753510951995849609e+00
2.779329061508178711e+00
2.783413648605346680e+00
3.379407882690429688e+00
3.631933927536010742e+00
2.772606849670410156e+00
2.619588851928710938e+00
3.628195285797119141e+00
3.225458860397338867e+00
3.230078935623168945e+00
2.937116146087646484e+00
3.290158748626708984e+00
2.535415887832641602e+00
2.760857105255126953e+00
3.037774085998535156e+00
2.632838726043701172e+00
2.741720199584960938e+00
2.864605903625488281e+00
2.972657918930053711e+00
2.956444740295410156e+00
2.814350128173828125e+00
2.728682994842529297e+00
2.850778102874755859e+00
3.016035079956054688e+00
3.019632816314697266e+00
3.346595764160156250e+00
2.862328052520751953e+00
2.507193088531494141e+00
2.166064023971557617e+00
2.904134035110473633e+00
3.440187692642211914e+00
2.928090810775756836e+00
2.921720981597900391e+00
3.250624895095825195e+00
2.300362110137939453e+00
3.081904172897338867e+00
3.033499956130981445e+00
3.007281780242919922e+00
3.047322988510131836e+00
3.412340879440307617e+00
3.041917324066162109e+00
3.489418029785156250e+00
3.097926139831542969e+00
3.556631088256835938e+00
3.149319887161254883e+00
3.474027156829833984e+00
4.229474782943725586e+00
3.515491008758544922e+00
2.900140047073364258e+00
3.119740962982177734e+00
3.149781227111816406e+00
3.756884098052978516e+00
2.635512828826904297e+00
3.792514801025390625e+00
3.459281206130981445e+00
3.380793094635009766e+00
3.132789134979248047e+00
3.252366065979003906e+00
3.167417764663696289e+00
4.374377965927124023e+00
3.542123079299926758e+00
3.161844015121459961e+00
2.845043897628784180e+00
3.352385044097900391e+00
3.480432271957397461e+00
3.590240955352783203e+00
3.302647113800048828e+00
2.829711198806762695e+00
2.775195837020874023e+00
3.560748100280761719e+00
4.153322935104370117e+00
4.050474882125854492e+00
2.991225957870483398e+00
2.425560951232910156e+00
2.410024881362915039e+00
3.023520946502685547e+00
3.913877010345458984e+00
3.646820068359375000e+00
3.035066127777099609e+00
3.395261049270629883e+00
2.573987007141113281e+00
3.455883979797363281e+00
3.034043073654174805e+00
3.386273145675659180e+00
3.777503013610839844e+00
3.415171861648559570e+00
3.119413852691650391e+00
2.539759159088134766e+00
3.561918020248413086e+00
2.517879247665405273e+00
4.038280010223388672e+00
3.093719244003295898e+00
2.719748020172119141e+00
3.255916118621826172e+00
3.583249092102050781e+00
2.489042043685913086e+00
3.253144025802612305e+00
2.910141944885253906e+00
3.710905075073242188e+00
3.276876926422119141e+00
3.238593101501464844e+00
2.971728086471557617e+00
3.856961011886596680e+00
3.186258077621459961e+00
3.484197854995727539e+00
4.181266307830810547e+00
2.389080047607421875e+00
2.789258956909179688e+00
3.980514049530029297e+00
2.998582124710083008e+00
2.541852951049804688e+00
4.264408111572265625e+00
3.172245979309082031e+00
2.665224075317382812e+00
2.946218013763427734e+00
3.003016948699951172e+00
3.029666185379028320e+00
4.007464170455932617e+00
2.761756896972656250e+00
2.387080907821655273e+00
4.062232971191406250e+00
3.135155916213989258e+00
3.133753061294555664e+00
2.450808048248291016e+00
3.292670011520385742e+00
3.121018171310424805e+00
2.952652931213378906e+00
3.624959945678710938e+00
4.221446275711059570e+00
3.225149393081665039e+00
2.914860963821411133e+00
3.190349102020263672e+00
3.135089874267578125e+00
2.183496952056884766e+00
2.738857984542846680e+00
3.170407056808471680e+00
3.164560794830322266e+00
4.410049200057983398e+00
2.564578056335449219e+00
2.413663864135742188e+00
2.613311052322387695e+00
2.114451885223388672e+00
3.907860040664672852e+00
3.217191934585571289e+00
3.446455001831054688e+00
2.757458925247192383e+00
2.400058984756469727e+00
3.922217130661010742e+00
2.530287027359008789e+00
3.522594213485717773e+00
3.970017910003662109e+00
2.727604866027832031e+00
3.572247028350830078e+00
2.208123922348022461e+00
2.338517189025878906e+00
3.296639919281005859e+00
3.354012966156005859e+00
2.770279884338378906e+00
3.973112821578979492e+00
2.715057849884033203e+00
3.354836940765380859e+00
2.937292098999023438e+00
3.420118808746337891e+00
2.397429943084716797e+00
2.848018884658813477e+00
3.066436767578125000e+00
2.614528179168701172e+00
2.883358001708984375e+00
3.490544080734252930e+00
2.789399147033691406e+00
4.299563169479370117e+00
2.912378072738647461e+00
3.088726043701171875e+00
3.391540050506591797e+00
2.727721929550170898e+00
3.131613016128540039e+00
3.009844064712524414e+00
2.539777755737304688e+00
2.711980104446411133e+00
3.186340093612670898e+00
2.108009815216064453e+00
2.967027902603149414e+00
3.170030832290649414e+00
2.355002880096435547e+00
2.958309888839721680e+00
2.489180088043212891e+00
2.786243200302124023e+00
3.155693054199218750e+00
2.905102968215942383e+00
2.637862920761108398e+00
3.210997819900512695e+00
2.941321134567260742e+00
2.795836210250854492e+00
3.184546947479248047e+00
3.201390027999877930e+00
2.703104019165039062e+00
3.064929008483886719e+00
2.777798891067504883e+00
3.174448251724243164e+00
4.222019910812377930e+00
2.862633228302001953e+00
3.670284986495971680e+00
3.506894111633300781e+00
3.558446168899536133e+00
2.601120948791503906e+00
3.206254959106445312e+00
2.570897340774536133e+00
3.081111192703247070e+00
3.589722871780395508e+00
2.771284818649291992e+00
2.596446037292480469e+00
2.744711160659790039e+00
2.599095106124877930e+00
2.878806114196777344e+00
2.658519983291625977e+00
4.553568124771118164e+00
2.762681007385253906e+00
2.769585371017456055e+00
3.782733917236328125e+00
2.769692897796630859e+00
2.881772756576538086e+00
2.800423860549926758e+00
3.419083833694458008e+00
2.855783224105834961e+00
2.957515001296997070e+00
3.619542121887207031e+00
3.576504945755004883e+00
2.402290821075439453e+00
2.323321819305419922e+00
2.433071851730346680e+00
3.352163076400756836e+00
3.366890907287597656e+00
3.401057720184326172e+00
2.970227003097534180e+00
2.330976963043212891e+00
3.318507909774780273e+00
2.495779275894165039e+00
2.734781265258789062e+00
3.323967933654785156e+00
3.302178144454956055e+00
2.554996967315673828e+00
2.826266765594482422e+00
2.915893077850341797e+00
2.489547014236450195e+00
3.283839225769042969e+00
3.133749961853027344e+00
2.896197319030761719e+00
2.886565923690795898e+00
3.532956123352050781e+00
2.971288204193115234e+00
3.282341003417968750e+00
3.181199073791503906e+00
3.008094310760498047e+00
3.768735885620117188e+00
2.988806962966918945e+00
3.486506938934326172e+00
3.095623016357421875e+00
3.022271871566772461e+00
3.114938020706176758e+00
3.127353906631469727e+00
3.098018884658813477e+00
2.687885761260986328e+00
2.731776952743530273e+00
3.196668863296508789e+00
3.648698091506958008e+00
3.414581060409545898e+00
3.469334840774536133e+00
3.459945440292358398e+00
2.813776254653930664e+00
3.284910917282104492e+00
3.410271883010864258e+00
3.087366819381713867e+00
3.280167818069458008e+00
3.410331249237060547e+00
2.469726085662841797e+00
3.444942235946655273e+00
2.793529987335205078e+00
3.207716941833496094e+00
3.410290956497192383e+00
4.191221952438354492e+00
3.570094823837280273e+00
3.359945058822631836e+00
3.424029827117919922e+00
3.118597984313964844e+00
3.138185024261474609e+00
3.138360023498535156e+00
3.343734025955200195e+00
2.574057102203369141e+00
3.229613065719604492e+00
2.681121110916137695e+00
2.945896148681640625e+00
3.151716947555541992e+00
2.850914955139160156e+00
2.504678010940551758e+00
2.588493108749389648e+00
2.740489959716796875e+00
3.086928129196166992e+00
2.678261995315551758e+00
2.891358137130737305e+00
2.813657045364379883e+00
2.612653970718383789e+00
2.419263839721679688e+00
3.275604963302612305e+00
3.042612791061401367e+00
2.441477775573730469e+00
3.608265876770019531e+00
2.253487825393676758e+00
3.444891929626464844e+00
3.224951028823852539e+00
3.378849983215332031e+00
2.993973970413208008e+00
3.067302227020263672e+00
3.231282949447631836e+00
2.777836084365844727e+00
3.127187967300415039e+00
3.280857086181640625e+00
2.864628076553344727e+00
3.383497238159179688e+00
2.679318189620971680e+00
3.147799968719482422e+00
3.473725080490112305e+00
3.320364952087402344e+00
2.520987272262573242e+00
3.401866912841796875e+00
3.268425941467285156e+00
2.844816923141479492e+00
3.118768930435180664e+00
3.220332145690917969e+00
3.342426776885986328e+00
3.472970008850097656e+00
2.739966154098510742e+00
4.262600183486938477e+00
3.868639230728149414e+00
2.923043966293334961e+00
2.980549812316894531e+00
3.272364854812622070e+00
3.067559003829956055e+00
2.503349781036376953e+00
2.986000299453735352e+00
2.963266611099243164e+00
3.950844764709472656e+00
3.062817096710205078e+00
3.647171020507812500e+00
3.127790689468383789e+00
3.903197765350341797e+00
2.569720983505249023e+00
3.477288961410522461e+00
3.217351913452148438e+00
3.219607114791870117e+00
3.346239805221557617e+00
2.936806201934814453e+00
3.363726854324340820e+00
3.032968044281005859e+00
3.095492839813232422e+00
3.535172939300537109e+00
2.395121097564697266e+00
3.542472124099731445e+00
2.738276004791259766e+00
3.962589979171752930e+00
2.648600101470947266e+00
3.015462875366210938e+00
2.981498241424560547e+00
3.131114959716796875e+00
3.637345075607299805e+00
3.682696819305419922e+00
3.278115987777709961e+00
2.836235046386718750e+00
3.428988933563232422e+00
2.486769914627075195e+00
4.193197965621948242e+00
3.204767942428588867e+00
3.713179826736450195e+00
2.866524934768676758e+00
3.082070112228393555e+00
3.457733154296875000e+00
3.266350030899047852e+00
3.696526050567626953e+00
3.143851995468139648e+00
3.736319065093994141e+00
3.114863872528076172e+00
4.216308832168579102e+00
4.068675994873046875e+00
3.326411962509155273e+00
2.684442996978759766e+00
2.885832309722900391e+00
3.280395984649658203e+00
2.908324956893920898e+00
3.195091009140014648e+00
3.794566869735717773e+00
3.542328119277954102e+00
2.990677833557128906e+00
3.359837055206298828e+00
3.091040134429931641e+00
3.204845905303955078e+00
3.776997089385986328e+00
2.992711067199707031e+00
2.493767261505126953e+00
3.156678915023803711e+00
2.768180847167968750e+00
2.834168910980224609e+00
3.199746847152709961e+00
3.326864242553710938e+00
3.602617025375366211e+00
2.842537879943847656e+00
3.163206815719604492e+00
3.837291955947875977e+00
3.315451860427856445e+00
2.875444889068603516e+00
3.156028032302856445e+00
3.724671840667724609e+00
3.343075990676879883e+00
3.212841987609863281e+00
3.162005901336669922e+00
3.358096122741699219e+00
3.179886102676391602e+00
2.465945005416870117e+00
2.328179836273193359e+00
3.781421184539794922e+00
3.262482881546020508e+00
3.388636827468872070e+00
2.287967920303344727e+00
2.761415958404541016e+00
3.581679821014404297e+00
4.183429241180419922e+00
2.289105176925659180e+00
3.502943038940429688e+00
3.154131889343261719e+00
3.607477903366088867e+00
2.732855081558227539e+00
3.223465919494628906e+00
3.096982002258300781e+00
2.799866914749145508e+00
3.827620029449462891e+00
2.937245130538940430e+00
2.894687891006469727e+00
2.810188770294189453e+00
3.322909116744995117e+00
2.896300077438354492e+00
3.161181211471557617e+00
2.833319902420043945e+00
2.962692022323608398e+00
2.967463016510009766e+00
2.961798191070556641e+00
3.247042179107666016e+00
2.537490129470825195e+00
2.342433691024780273e+00
3.162310838699340820e+00
2.163340091705322266e+00
2.566019773483276367e+00
3.046764135360717773e+00
3.264038801193237305e+00
3.218675136566162109e+00
2.699562788009643555e+00
3.106621980667114258e+00
2.546968936920166016e+00
2.681474924087524414e+00
3.245625019073486328e+00
2.695379018783569336e+00
2.690003871917724609e+00
3.220147848129272461e+00
2.465691804885864258e+00
3.310391902923583984e+00
2.966677904129028320e+00
2.734965085983276367e+00
2.747572898864746094e+00
3.446730852127075195e+00
3.056595087051391602e+00
2.485753059387207031e+00
3.397320032119750977e+00
2.501191139221191406e+00
3.433499336242675781e+00
3.356245994567871094e+00
3.407469749450683594e+00
3.452484846115112305e+00
2.918904066085815430e+00
3.573477029800415039e+00
2.824923038482666016e+00
3.502462863922119141e+00
2.837648868560791016e+00
3.018046379089355469e+00
3.079648017883300781e+00
2.918234109878540039e+00
2.751646041870117188e+00
3.042747974395751953e+00
2.875987291336059570e+00
2.872262001037597656e+00
3.205543041229248047e+00
3.036157846450805664e+00
3.965551853179931641e+00
3.229080915451049805e+00
3.024082899093627930e+00
3.563488006591796875e+00
3.269287109375000000e+00
2.978342771530151367e+00
2.930974006652832031e+00
2.968768119812011719e+00
2.547040939331054688e+00
3.181408882141113281e+00
2.276016950607299805e+00
2.924376726150512695e+00
3.330091953277587891e+00
3.084532022476196289e+00
3.128113985061645508e+00
3.017745018005371094e+00
3.063113927841186523e+00
3.161079883575439453e+00
3.395951986312866211e+00
4.099005222320556641e+00
3.390864849090576172e+00
3.042683839797973633e+00
3.154560089111328125e+00
2.599275112152099609e+00
3.336176156997680664e+00
3.565113067626953125e+00
3.206170082092285156e+00
2.457811832427978516e+00
4.223478078842163086e+00
4.326904058456420898e+00
3.588892221450805664e+00
3.394547939300537109e+00
3.359238147735595703e+00
3.450539112091064453e+00
2.623016834259033203e+00
3.269950151443481445e+00
2.850239992141723633e+00
4.294038057327270508e+00
3.262555122375488281e+00
3.748374938964843750e+00
3.185502052307128906e+00
3.446316003799438477e+00
2.834521055221557617e+00
2.906147956848144531e+00
2.911632061004638672e+00
3.543478012084960938e+00
3.043181180953979492e+00
2.920475244522094727e+00
3.035460710525512695e+00
4.101925849914550781e+00
3.237744331359863281e+00
2.955080986022949219e+00
3.684798955917358398e+00
3.877355098724365234e+00
2.589662075042724609e+00
3.533189296722412109e+00
3.995682001113891602e+00
1.891749858856201172e+00
3.484018087387084961e+00
3.959171772003173828e+00
3.460560083389282227e+00
3.260393142700195312e+00
3.214255094528198242e+00
3.292311906814575195e+00
2.712543964385986328e+00
3.286133050918579102e+00
3.583371877670288086e+00
3.503942251205444336e+00
3.549357891082763672e+00
3.519097089767456055e+00
2.758219957351684570e+00
2.514302968978881836e+00
2.712338209152221680e+00
3.090070962905883789e+00
3.713418960571289062e+00
2.594107866287231445e+00
3.164890050888061523e+00
3.587424039840698242e+00
3.352695941925048828e+00
3.755678176879882812e+00
3.551655054092407227e+00
3.681571006774902344e+00
4.097631931304931641e+00
3.697885274887084961e+00
2.769050121307373047e+00
2.846178054809570312e+00
3.049592971801757812e+00
3.088042974472045898e+00
3.097870111465454102e+00
3.868396997451782227e+00
3.762977123260498047e+00
2.992842912673950195e+00
3.152977943420410156e+00
3.835754871368408203e+00
3.830648899078369141e+00
3.403557062149047852e+00
3.219054937362670898e+00
3.825857162475585938e+00
3.111794948577880859e+00
2.969725131988525391e+00
3.619092226028442383e+00
2.220693111419677734e+00
3.065118789672851562e+00
2.225461959838867188e+00
2.167418003082275391e+00
3.260983705520629883e+00
3.181075096130371094e+00
3.681868076324462891e+00
3.872756004333496094e+00
3.114341259002685547e+00
3.276914119720458984e+00
3.246392965316772461e+00
3.316284179687500000e+00
3.290137052536010742e+00
3.447705268859863281e+00
3.402899026870727539e+00
2.762657880783081055e+00
2.753937721252441406e+00
4.173506021499633789e+00
3.394802808761596680e+00
3.472420215606689453e+00
2.819172143936157227e+00
3.008390903472900391e+00
2.800821065902709961e+00
3.693807125091552734e+00
2.266654014587402344e+00
2.978105068206787109e+00
2.419496774673461914e+00
2.724829912185668945e+00
3.782400131225585938e+00
3.128095149993896484e+00
2.848325014114379883e+00
2.632179975509643555e+00
2.689076185226440430e+00
2.856965780258178711e+00
2.614454030990600586e+00
3.646018028259277344e+00
2.851568937301635742e+00
3.084362030029296875e+00
2.497508049011230469e+00
3.809525966644287109e+00
2.662827968597412109e+00
4.091189861297607422e+00
2.740027189254760742e+00
2.777199029922485352e+00
2.452251911163330078e+00
2.750456094741821289e+00
2.734087944030761719e+00
3.228109121322631836e+00
2.866348028182983398e+00
2.885069847106933594e+00
2.900441884994506836e+00
2.720472097396850586e+00
3.056438684463500977e+00
3.041391849517822266e+00
2.801079988479614258e+00
3.559275627136230469e+00
4.188965082168579102e+00
4.557057142257690430e+00
3.080551147460937500e+00
3.731116056442260742e+00
2.797219991683959961e+00
2.685762166976928711e+00
2.700306892395019531e+00
2.611256837844848633e+00
2.807318925857543945e+00
2.365914106369018555e+00
2.632003068923950195e+00
2.747313976287841797e+00
2.684384107589721680e+00
2.849041223526000977e+00
2.747050046920776367e+00
2.574986934661865234e+00
2.907494068145751953e+00
2.852950096130371094e+00
2.240918874740600586e+00
2.694548845291137695e+00
3.118529081344604492e+00
2.550949096679687500e+00
3.230036020278930664e+00
2.996620178222656250e+00
2.580693721771240234e+00
2.443746089935302734e+00
2.916696071624755859e+00
2.100753068923950195e+00
2.455720901489257812e+00
3.701704025268554688e+00
2.703430175781250000e+00
2.931673288345336914e+00
2.900973081588745117e+00
2.550591230392456055e+00
2.397043943405151367e+00
2.944833755493164062e+00
2.528818368911743164e+00
1.889136075973510742e+00
2.845507144927978516e+00
3.215163946151733398e+00
2.878123998641967773e+00
3.165728807449340820e+00
2.888106822967529297e+00
2.195261955261230469e+00
2.963837146759033203e+00
4.013023138046264648e+00
3.200618982315063477e+00
3.673620939254760742e+00
3.043083190917968750e+00
2.946256875991821289e+00
2.617372035980224609e+00
2.851461887359619141e+00
3.211262941360473633e+00
3.154086112976074219e+00
3.325847148895263672e+00
2.817367076873779297e+00
3.330466032028198242e+00
3.345298290252685547e+00
2.781938076019287109e+00
3.215818881988525391e+00
2.421661138534545898e+00
3.549962043762207031e+00
3.000787019729614258e+00
2.358291864395141602e+00
3.001757860183715820e+00
2.430395841598510742e+00
3.030880928039550781e+00
2.484726190567016602e+00
3.932098627090454102e+00
2.112758159637451172e+00
2.273057222366333008e+00
2.163706302642822266e+00
3.036035060882568359e+00
3.366777181625366211e+00
3.277719974517822266e+00
3.593193054199218750e+00
3.592580080032348633e+00
3.061769962310791016e+00
3.106563091278076172e+00
3.480112075805664062e+00
3.731545209884643555e+00
1.994155883789062500e+00
2.082827806472778320e+00
3.152249097824096680e+00
2.410919904708862305e+00
2.695607900619506836e+00
3.697585821151733398e+00
3.436364889144897461e+00
2.845324039459228516e+00
2.567548990249633789e+00
3.632575035095214844e+00
2.909363031387329102e+00
3.859612941741943359e+00
2.681111097335815430e+00
2.042272090911865234e+00
3.578090906143188477e+00
2.685794830322265625e+00
2.795218944549560547e+00
3.185227155685424805e+00
3.149173974990844727e+00
4.201696157455444336e+00
2.962943315505981445e+00
2.861376047134399414e+00
3.041998863220214844e+00
2.729870080947875977e+00
3.244496822357177734e+00
2.760705947875976562e+00
2.955270051956176758e+00
3.313738822937011719e+00
2.976104259490966797e+00
2.883808135986328125e+00
2.818632364273071289e+00
2.992008924484252930e+00
3.397324085235595703e+00
3.039995908737182617e+00
3.120901107788085938e+00
3.070856809616088867e+00
3.201789855957031250e+00
2.533903837203979492e+00
3.273860692977905273e+00
3.289691925048828125e+00
3.181882858276367188e+00
3.248645067214965820e+00
2.549636125564575195e+00
3.637686967849731445e+00
2.601565837860107422e+00
3.319807052612304688e+00
3.105649232864379883e+00
3.307860136032104492e+00
3.264894962310791016e+00
3.333681821823120117e+00
3.787271261215209961e+00
3.301272869110107422e+00
3.825080871582031250e+00
3.396507024765014648e+00
3.538965940475463867e+00
2.632121086120605469e+00
2.661600112915039062e+00
2.883226156234741211e+00
2.632668256759643555e+00
3.238812208175659180e+00
4.772158145904541016e+00
2.371057987213134766e+00
3.412622213363647461e+00
2.904520988464355469e+00
3.498690843582153320e+00
2.741520881652832031e+00
3.504675149917602539e+00
3.241474151611328125e+00
3.430926084518432617e+00
2.732074975967407227e+00
3.259032011032104492e+00
3.586281776428222656e+00
2.975123167037963867e+00
2.646085977554321289e+00
3.013562917709350586e+00
2.964460134506225586e+00
2.826119184494018555e+00
3.123482227325439453e+00
3.077566862106323242e+00
3.265935182571411133e+00
2.720926046371459961e+00
3.188859224319458008e+00
3.058639049530029297e+00
3.345456123352050781e+00
3.354513168334960938e+00
3.253423690795898438e+00
4.000165700912475586e+00
2.913528203964233398e+00
3.225293874740600586e+00
2.544919252395629883e+00
2.133260250091552734e+00
2.866786003112792969e+00
2.712488412857055664e+00
3.365746974945068359e+00
2.904298067092895508e+00
2.932157039642333984e+00
3.316947937011718750e+00
2.944391965866088867e+00
3.313513994216918945e+00
3.420066118240356445e+00
3.842046976089477539e+00
3.042953252792358398e+00
3.351614952087402344e+00
3.157731056213378906e+00
2.999419927597045898e+00
3.054028034210205078e+00
3.162043094635009766e+00
3.125831127166748047e+00
3.146986961364746094e+00
3.134752035140991211e+00
3.055216073989868164e+00
2.377074718475341797e+00
3.629677057266235352e+00
4.175875186920166016e+00
3.389181852340698242e+00
3.333245754241943359e+00
3.661908149719238281e+00
2.805197000503540039e+00
3.284343957901000977e+00
3.624984979629516602e+00
2.301726102828979492e+00
2.842648983001708984e+00
3.694644927978515625e+00
2.556339025497436523e+00
2.599949121475219727e+00
3.020303964614868164e+00
2.575184106826782227e+00
2.537148237228393555e+00
2.835829973220825195e+00
2.793730974197387695e+00
2.757492780685424805e+00
2.335479974746704102e+00
2.780842065811157227e+00
3.026045799255371094e+00
3.011237859725952148e+00
2.504075050354003906e+00
2.232314109802246094e+00
2.317945241928100586e+00
3.174391031265258789e+00
2.464907884597778320e+00
3.431940793991088867e+00
3.220412969589233398e+00
3.451508045196533203e+00
3.100530862808227539e+00
2.357527017593383789e+00
3.374114990234375000e+00
3.304236173629760742e+00
3.777177810668945312e+00
2.945515155792236328e+00
4.211419820785522461e+00
3.524687767028808594e+00
2.372405052185058594e+00
3.512518882751464844e+00
3.067535161972045898e+00
3.426949977874755859e+00
3.906640291213989258e+00
2.982090950012207031e+00
3.446865320205688477e+00
2.503985881805419922e+00
2.723958969116210938e+00
2.416848182678222656e+00
4.549829959869384766e+00
4.633176803588867188e+00
4.132026195526123047e+00
3.341528892517089844e+00
3.136408805847167969e+00
3.280765056610107422e+00
2.748944997787475586e+00
2.728126049041748047e+00
3.515486001968383789e+00
3.545831203460693359e+00
3.857642173767089844e+00
2.823482036590576172e+00
3.559812068939208984e+00
2.768571853637695312e+00
4.210368156433105469e+00
3.809177160263061523e+00
4.211253881454467773e+00
3.834949731826782227e+00
4.298002004623413086e+00
2.825439929962158203e+00
2.422862052917480469e+00
2.823837995529174805e+00
2.903699874877929688e+00
4.323755979537963867e+00
3.759334802627563477e+00
3.937092781066894531e+00
3.621185064315795898e+00
3.529905080795288086e+00
3.333862781524658203e+00
2.713613986968994141e+00
4.189071893692016602e+00
4.506769180297851562e+00
2.076101303100585938e+00
2.994333744049072266e+00
3.151778936386108398e+00
3.216774940490722656e+00
2.880056142807006836e+00
2.917751073837280273e+00
3.266834259033203125e+00
4.057709693908691406e+00
4.283977031707763672e+00
3.611001729965209961e+00
4.337249755859375000e+00
2.738454103469848633e+00
4.359609842300415039e+00
2.639889001846313477e+00
3.947638034820556641e+00
2.352391958236694336e+00
2.272555112838745117e+00
2.853532791137695312e+00
2.695600271224975586e+00
3.409350872039794922e+00
3.179537057876586914e+00
2.389910221099853516e+00
3.173196077346801758e+00
3.723423004150390625e+00
3.235150814056396484e+00
2.748805046081542969e+00
2.594449043273925781e+00
2.943946123123168945e+00
3.332576036453247070e+00
3.616938829421997070e+00
3.349372863769531250e+00
3.408407926559448242e+00
2.954468965530395508e+00
3.719078063964843750e+00
2.843889951705932617e+00
5.789690732955932617e+00
3.316968917846679688e+00
3.669695138931274414e+00
3.240914106369018555e+00
3.375826835632324219e+00
3.860059022903442383e+00
3.245517730712890625e+00
3.789137840270996094e+00
3.897359132766723633e+00
3.292768001556396484e+00
3.982530117034912109e+00
3.288261890411376953e+00
3.919824123382568359e+00
4.202769279479980469e+00
4.154022216796875000e+00
3.985983848571777344e+00
4.025974988937377930e+00
3.638847112655639648e+00
3.713650941848754883e+00
3.673604249954223633e+00
4.254518032073974609e+00
3.699721097946166992e+00
3.398002862930297852e+00
4.004995822906494141e+00
3.478029012680053711e+00
3.415056943893432617e+00
3.682085990905761719e+00
4.097672224044799805e+00
3.643743038177490234e+00
2.915199995040893555e+00
4.331341743469238281e+00
3.962136983871459961e+00
3.951007843017578125e+00
4.195660829544067383e+00
3.726624011993408203e+00
4.302346944808959961e+00
4.005244255065917969e+00
3.992659091949462891e+00
4.371023178100585938e+00
3.621598243713378906e+00
3.682727813720703125e+00
3.677173137664794922e+00
3.589281082153320312e+00
6.280982017517089844e+00
3.665420770645141602e+00
6.364483118057250977e+00
5.494685888290405273e+00
3.768706798553466797e+00
3.743346929550170898e+00
4.319196939468383789e+00
3.821741819381713867e+00
3.037760019302368164e+00
6.095557928085327148e+00
3.838427066802978516e+00
3.240244865417480469e+00
2.729187726974487305e+00
3.252233028411865234e+00
2.840238094329833984e+00
2.803951978683471680e+00
2.665230035781860352e+00
3.369390964508056641e+00
4.087366104125976562e+00
2.922966003417968750e+00
6.052909135818481445e+00
3.730242013931274414e+00
2.739135980606079102e+00
2.503993988037109375e+00
4.747802972793579102e+00
4.004992961883544922e+00
4.530092000961303711e+00
4.716737031936645508e+00
2.871464252471923828e+00
5.555937051773071289e+00
2.261579036712646484e+00
2.758435726165771484e+00
3.220655202865600586e+00
2.449618339538574219e+00
2.898799896240234375e+00
2.912348031997680664e+00
3.349342107772827148e+00
2.932495117187500000e+00
3.780857086181640625e+00
3.894682168960571289e+00
3.582058668136596680e+00
3.261518239974975586e+00
2.861740827560424805e+00
2.538244009017944336e+00
3.371433019638061523e+00
3.497797012329101562e+00
3.022549390792846680e+00
2.922566890716552734e+00
4.204706907272338867e+00
6.523100852966308594e+00
2.720442056655883789e+00
2.714980125427246094e+00
2.702579021453857422e+00
2.633610963821411133e+00
3.055938959121704102e+00
3.120373010635375977e+00
3.151193857192993164e+00
3.228001117706298828e+00
2.798677921295166016e+00
2.689227104187011719e+00
3.129615068435668945e+00
3.190752029418945312e+00
2.909758806228637695e+00
2.928003072738647461e+00
3.382767915725708008e+00
4.444529056549072266e+00
2.905323982238769531e+00
3.343565940856933594e+00
3.008557081222534180e+00
3.011818170547485352e+00
3.135911941528320312e+00
2.963549137115478516e+00
2.660299062728881836e+00
3.131224155426025391e+00
2.237016201019287109e+00
2.639484882354736328e+00
3.608210802078247070e+00
2.975069999694824219e+00
2.533235073089599609e+00
2.749956130981445312e+00
2.571180105209350586e+00
2.138489007949829102e+00
2.879689931869506836e+00
2.260812997817993164e+00
3.123476982116699219e+00
1.966276168823242188e+00
3.266221046447753906e+00
3.366295814514160156e+00
2.480717897415161133e+00
2.175456047058105469e+00
3.258225202560424805e+00
2.817871093750000000e+00
2.966041088104248047e+00
3.342988014221191406e+00
2.607706069946289062e+00
2.918941736221313477e+00
3.371950864791870117e+00
3.293481826782226562e+00
3.283190011978149414e+00
3.419864177703857422e+00
3.042522907257080078e+00
3.965780019760131836e+00
3.093022823333740234e+00
3.276284933090209961e+00
3.456252098083496094e+00
3.110595941543579102e+00
3.080917835235595703e+00
2.580245018005371094e+00
3.589453220367431641e+00
3.128340005874633789e+00
2.942008733749389648e+00
3.129749059677124023e+00
3.798703193664550781e+00
3.706327915191650391e+00
3.144409894943237305e+00
3.101779937744140625e+00
2.263439178466796875e+00
3.856153011322021484e+00
3.408407926559448242e+00
2.714101076126098633e+00
3.483186960220336914e+00
1.997059106826782227e+00
1.989029169082641602e+00
3.636637926101684570e+00
2.418425798416137695e+00
2.380373954772949219e+00
2.565786838531494141e+00
2.678998947143554688e+00
3.664734125137329102e+00
2.683508872985839844e+00
3.182881832122802734e+00
2.608584880828857422e+00
2.786510229110717773e+00
3.321454048156738281e+00
3.556481122970581055e+00
2.329736232757568359e+00
3.051649093627929688e+00
2.097421169281005859e+00
2.732192993164062500e+00
2.741152048110961914e+00
2.763125896453857422e+00
2.797672986984252930e+00
2.526162862777709961e+00
3.137211084365844727e+00
2.378010988235473633e+00
2.710341215133666992e+00
2.959285974502563477e+00
2.908075094223022461e+00
3.213682889938354492e+00
2.756691932678222656e+00
3.056500911712646484e+00
2.768352031707763672e+00
2.758435964584350586e+00
3.257214307785034180e+00
2.769496917724609375e+00
3.282453060150146484e+00
2.821630001068115234e+00
2.768559217453002930e+00
3.033912897109985352e+00
3.378017902374267578e+00
2.947987318038940430e+00
2.751570940017700195e+00
2.895097732543945312e+00
3.331098079681396484e+00
3.273580789566040039e+00
3.518193244934082031e+00
3.207679986953735352e+00
3.436892986297607422e+00
2.870931148529052734e+00
2.831883907318115234e+00
3.431434869766235352e+00
3.392890214920043945e+00
3.405986070632934570e+00
3.444246053695678711e+00
3.412194728851318359e+00
2.907855987548828125e+00
3.093489885330200195e+00
3.543905735015869141e+00
3.641415834426879883e+00
3.172844171524047852e+00
3.005550861358642578e+00
3.635725975036621094e+00
3.173134088516235352e+00
2.892060756683349609e+00
3.559072017669677734e+00
3.246632337570190430e+00
3.245762109756469727e+00
3.160606145858764648e+00
3.709424972534179688e+00
2.969410181045532227e+00
4.263210058212280273e+00
3.795773983001708984e+00
3.874901056289672852e+00
3.757674217224121094e+00
4.162106275558471680e+00
3.578916072845458984e+00
3.854328632354736328e+00
3.512023925781250000e+00
3.265799999237060547e+00
3.131810665130615234e+00
3.250559806823730469e+00
2.987686872482299805e+00
3.311095714569091797e+00
2.976546049118041992e+00
3.063748836517333984e+00
3.388166189193725586e+00
3.349941968917846680e+00
3.246361970901489258e+00
3.457444906234741211e+00
2.473839998245239258e+00
3.447037935256958008e+00
2.772329807281494141e+00
3.542322874069213867e+00
3.483496904373168945e+00
4.119930028915405273e+00
4.086421012878417969e+00
2.897199869155883789e+00
3.509709835052490234e+00
2.985002994537353516e+00
3.030245065689086914e+00
3.026842117309570312e+00
3.577880859375000000e+00
3.519467115402221680e+00
2.764257192611694336e+00
3.699342012405395508e+00
3.145744085311889648e+00
2.500514984130859375e+00
2.927049875259399414e+00
3.992017745971679688e+00
3.763928174972534180e+00
2.961786985397338867e+00
3.998026847839355469e+00
3.779314279556274414e+00
3.299000740051269531e+00
3.276833057403564453e+00
3.553534984588623047e+00
3.195022821426391602e+00
3.414433717727661133e+00
2.425688266754150391e+00
2.429780006408691406e+00
3.504551172256469727e+00
4.096659898757934570e+00
4.141155719757080078e+00
4.267518997192382812e+00
4.354179859161376953e+00
3.275513887405395508e+00
3.500395059585571289e+00
3.840085029602050781e+00
3.338367223739624023e+00
4.039235830307006836e+00
3.604613065719604492e+00
4.104333162307739258e+00
4.069273233413696289e+00
2.765089035034179688e+00
4.083509922027587891e+00
4.075883865356445312e+00
3.753677845001220703e+00
4.393210172653198242e+00
4.325911045074462891e+00
4.046543836593627930e+00
4.238826990127563477e+00
3.495816946029663086e+00
3.243368864059448242e+00
3.290728092193603516e+00
3.829175233840942383e+00
4.368824005126953125e+00
3.627866744995117188e+00
4.272062063217163086e+00
2.715541124343872070e+00
3.254135131835937500e+00
2.682240009307861328e+00
3.417337894439697266e+00
3.601669788360595703e+00
4.276715993881225586e+00
4.075851202011108398e+00
3.840444087982177734e+00
2.846697092056274414e+00
2.862729072570800781e+00
3.862766742706298828e+00
3.952901124954223633e+00
4.111627101898193359e+00
3.937734127044677734e+00
4.916564941406250000e+00
2.966310977935791016e+00
4.064252853393554688e+00
4.598647832870483398e+00
2.917155742645263672e+00
4.004590749740600586e+00
4.415596961975097656e+00
4.040812015533447266e+00
4.223238706588745117e+00
4.767461061477661133e+00
3.701963186264038086e+00
4.106756210327148438e+00
2.590079069137573242e+00
4.078530073165893555e+00
4.244920969009399414e+00
2.850793123245239258e+00
2.944344043731689453e+00
3.885821819305419922e+00
3.990387916564941406e+00
3.140553951263427734e+00
2.851311683654785156e+00
3.211247205734252930e+00
3.384395122528076172e+00
2.839086055755615234e+00
2.876112937927246094e+00
3.677726984024047852e+00
3.677744865417480469e+00
2.563740730285644531e+00
2.343317985534667969e+00
2.817313194274902344e+00
3.278843879699707031e+00
2.752474069595336914e+00
4.512323141098022461e+00
3.070585966110229492e+00
4.249281167984008789e+00
2.434009075164794922e+00
3.729331970214843750e+00
2.569303989410400391e+00
3.710716962814331055e+00
4.263100862503051758e+00
2.721428871154785156e+00
2.973113059997558594e+00
2.755970001220703125e+00
3.637927055358886719e+00
2.827621698379516602e+00
3.270090818405151367e+00
2.755144119262695312e+00
2.867502212524414062e+00
2.225766181945800781e+00
1.886445999145507812e+00
3.366257905960083008e+00
3.426801204681396484e+00
2.804257869720458984e+00
3.056267023086547852e+00
2.709687232971191406e+00
3.298685073852539062e+00
2.674688816070556641e+00
3.073642969131469727e+00
3.433917284011840820e+00
3.638394832611083984e+00
3.594732046127319336e+00
3.564513921737670898e+00
3.097568035125732422e+00
2.825365066528320312e+00
2.835026025772094727e+00
3.059648752212524414e+00
3.787606954574584961e+00
3.691799879074096680e+00
3.886229038238525391e+00
3.296858072280883789e+00
3.298280000686645508e+00
3.390914916992187500e+00
2.509728670120239258e+00
3.494064807891845703e+00
2.388993978500366211e+00
3.353935003280639648e+00
2.605077028274536133e+00
3.555827140808105469e+00
3.955013275146484375e+00
3.979930877685546875e+00
3.665533065795898438e+00
3.528373003005981445e+00
3.602887868881225586e+00
4.144246101379394531e+00
3.826173782348632812e+00
2.861990213394165039e+00
3.634499788284301758e+00
4.248301982879638672e+00
3.677165985107421875e+00
4.249725818634033203e+00
3.324719190597534180e+00
3.668905258178710938e+00
2.006783962249755859e+00
3.507714033126831055e+00
3.712465047836303711e+00
3.372155189514160156e+00
2.843744039535522461e+00
4.284935712814331055e+00
3.578109025955200195e+00
3.796096801757812500e+00
2.974859714508056641e+00
4.163795948028564453e+00
3.708043813705444336e+00
2.922822237014770508e+00
2.482491254806518555e+00
4.338950157165527344e+00
4.230791091918945312e+00
4.161118030548095703e+00
3.810020923614501953e+00
3.889725923538208008e+00
3.833145141601562500e+00
4.475681066513061523e+00
3.576030015945434570e+00
3.779792785644531250e+00
4.229573011398315430e+00
2.377775907516479492e+00
3.614183902740478516e+00
2.720211982727050781e+00
3.321635007858276367e+00
2.623226881027221680e+00
2.591274023056030273e+00
2.738543987274169922e+00
2.094799041748046875e+00
2.746605157852172852e+00
2.986682176589965820e+00
2.766679048538208008e+00
2.773782014846801758e+00
2.804541349411010742e+00
3.680589914321899414e+00
2.629392862319946289e+00
2.782480239868164062e+00
2.808464050292968750e+00
2.323266744613647461e+00
4.147096157073974609e+00
2.842144012451171875e+00
2.802659034729003906e+00
3.569624662399291992e+00
3.063531875610351562e+00
2.725011825561523438e+00
2.712075948715209961e+00
2.520707130432128906e+00
2.780462980270385742e+00
2.579572916030883789e+00
2.782089948654174805e+00
3.032881736755371094e+00
2.529989004135131836e+00
4.101525068283081055e+00
2.622466087341308594e+00
3.215221881866455078e+00
4.067405939102172852e+00
2.564138174057006836e+00
2.670153856277465820e+00
3.221575021743774414e+00
3.125748157501220703e+00
3.213735818862915039e+00
3.439201116561889648e+00
4.135717153549194336e+00
2.611879110336303711e+00
3.111397981643676758e+00
2.895135164260864258e+00
3.260914802551269531e+00
2.366593122482299805e+00
3.230259895324707031e+00
2.915493249893188477e+00
2.891925096511840820e+00
3.669856071472167969e+00
2.717466831207275391e+00
2.985489845275878906e+00
3.243031740188598633e+00
2.684596061706542969e+00
2.698461055755615234e+00
3.282627105712890625e+00
2.990229129791259766e+00
2.745110034942626953e+00
3.163700103759765625e+00
3.038093090057373047e+00
2.753166675567626953e+00
4.051647186279296875e+00
3.461884975433349609e+00
3.134997129440307617e+00
3.416013002395629883e+00
3.369343996047973633e+00
1.798727035522460938e+00
3.301869869232177734e+00
2.775602102279663086e+00
2.521372079849243164e+00
3.641064882278442383e+00
2.459712982177734375e+00
2.902442932128906250e+00
2.580474853515625000e+00
3.158949136734008789e+00
2.327801942825317383e+00
2.988176107406616211e+00
2.430608034133911133e+00
3.297017812728881836e+00
3.126909971237182617e+00
2.659198045730590820e+00
2.910689115524291992e+00
3.286100864410400391e+00
2.558622837066650391e+00
3.595350980758666992e+00
3.279075860977172852e+00
4.214797019958496094e+00
3.253870010375976562e+00
3.581612110137939453e+00
2.659759044647216797e+00
3.321055889129638672e+00
3.314697980880737305e+00
3.043930768966674805e+00
3.062921047210693359e+00
3.392262935638427734e+00
2.444238185882568359e+00
3.193766832351684570e+00
1.942433118820190430e+00
2.437560796737670898e+00
4.062592029571533203e+00
1.884467840194702148e+00
2.903648853302001953e+00
3.014471054077148438e+00
2.062760829925537109e+00
2.578722000122070312e+00
3.939315080642700195e+00
3.028653860092163086e+00
3.347126007080078125e+00
3.110621213912963867e+00
3.439313173294067383e+00
3.067166328430175781e+00
3.133206129074096680e+00
2.591609001159667969e+00
3.365229845046997070e+00
2.471185207366943359e+00
2.346881866455078125e+00
2.723449707031250000e+00
2.840218067169189453e+00
2.956351041793823242e+00
2.541024923324584961e+00
2.568543910980224609e+00
2.470131158828735352e+00
2.664087057113647461e+00
2.475348949432373047e+00
3.984309196472167969e+00
2.418131351470947266e+00
2.620923995971679688e+00
3.006194114685058594e+00
3.037072181701660156e+00
2.713276147842407227e+00
2.713287830352783203e+00
3.167221069335937500e+00
2.820952177047729492e+00
1.876128911972045898e+00
2.758536100387573242e+00
3.356735944747924805e+00
2.760545969009399414e+00
2.716905117034912109e+00
3.151076078414916992e+00
2.640979290008544922e+00
2.582664966583251953e+00
3.187634944915771484e+00
3.618986129760742188e+00
2.867758750915527344e+00
2.803267955780029297e+00
2.775979042053222656e+00
2.844599008560180664e+00
2.829711198806762695e+00
2.852235078811645508e+00
3.074853897094726562e+00
2.593498945236206055e+00
2.786955118179321289e+00
3.026612997055053711e+00
2.597538232803344727e+00
2.310024261474609375e+00
2.781612873077392578e+00
2.948234081268310547e+00
3.279468059539794922e+00
2.588093042373657227e+00
3.288507938385009766e+00
2.825725793838500977e+00
2.987550258636474609e+00
3.095073699951171875e+00
2.618868350982666016e+00
2.533308982849121094e+00
2.626280784606933594e+00
3.019646883010864258e+00
3.043323755264282227e+00
3.101031780242919922e+00
2.642088890075683594e+00
3.016674041748046875e+00
3.403343200683593750e+00
2.380567073822021484e+00
3.170183897018432617e+00
3.041193962097167969e+00
2.762280225753784180e+00
3.183036088943481445e+00
2.768353223800659180e+00
3.215438842773437500e+00
3.342908859252929688e+00
2.790764093399047852e+00
2.688334941864013672e+00
3.626131296157836914e+00
2.828504800796508789e+00
3.332517147064208984e+00
2.821771144866943359e+00
3.181514024734497070e+00
1.935923814773559570e+00
2.940994024276733398e+00
3.447941064834594727e+00
3.132102012634277344e+00
2.703068017959594727e+00
3.600074052810668945e+00
3.781712293624877930e+00
3.152778863906860352e+00
3.139369010925292969e+00
3.150243043899536133e+00
3.841061115264892578e+00
2.415920734405517578e+00
3.635806083679199219e+00
3.982239007949829102e+00
2.734431982040405273e+00
2.737546920776367188e+00
2.600785017013549805e+00
3.328382015228271484e+00
4.709686040878295898e+00
3.276782989501953125e+00
3.174062728881835938e+00
3.244426250457763672e+00
2.739250898361206055e+00
3.418477058410644531e+00
3.853313922882080078e+00
3.373157978057861328e+00
2.405037879943847656e+00
3.748481035232543945e+00
3.397382020950317383e+00
3.374411106109619141e+00
2.455639123916625977e+00
3.289838790893554688e+00
3.335297107696533203e+00
3.495412111282348633e+00
2.996975898742675781e+00
3.513452053070068359e+00
4.253732204437255859e+00
2.945203065872192383e+00
3.290377855300903320e+00
3.009861946105957031e+00
2.492998838424682617e+00
3.827186822891235352e+00
3.615003108978271484e+00
2.596246242523193359e+00
2.881521940231323242e+00
2.643160104751586914e+00
3.870649814605712891e+00
2.547452211380004883e+00
2.837908029556274414e+00
2.880205154418945312e+00
3.864241838455200195e+00
2.807788133621215820e+00
2.099519968032836914e+00
3.535129070281982422e+00
2.954514265060424805e+00
2.171200037002563477e+00
2.566355943679809570e+00
2.925711154937744141e+00
3.505337953567504883e+00
2.832229137420654297e+00
2.404289245605468750e+00
2.672055006027221680e+00
2.100317001342773438e+00
2.645128965377807617e+00
2.737648963928222656e+00
2.854629993438720703e+00
2.827229976654052734e+00
2.226217985153198242e+00
2.877698183059692383e+00
2.444389104843139648e+00
2.535022020339965820e+00
3.285028934478759766e+00
2.720087051391601562e+00
2.497392892837524414e+00
2.622610092163085938e+00
3.502645015716552734e+00
2.691523075103759766e+00
2.811878919601440430e+00
3.268996715545654297e+00
2.601207017898559570e+00
3.119141101837158203e+00
3.612685918807983398e+00
3.341536998748779297e+00
2.545277118682861328e+00
2.907027006149291992e+00
2.542504787445068359e+00
2.832085847854614258e+00
3.087897062301635742e+00
3.698213100433349609e+00
2.817508220672607422e+00
2.777089118957519531e+00
4.059545755386352539e+00
2.983607053756713867e+00
3.223122119903564453e+00
2.882495880126953125e+00
2.917937994003295898e+00
3.765950918197631836e+00
2.326703071594238281e+00
2.989710807800292969e+00
2.709900856018066406e+00
3.318454980850219727e+00
3.927716970443725586e+00
4.039587974548339844e+00
3.699716091156005859e+00
2.423758029937744141e+00
2.819531917572021484e+00
2.499871969223022461e+00
3.790968894958496094e+00
3.147419214248657227e+00
4.079560995101928711e+00
3.208966732025146484e+00
2.506068944931030273e+00
4.013108968734741211e+00
4.178761959075927734e+00
3.196108102798461914e+00
2.458736896514892578e+00
4.354657888412475586e+00
3.552523136138916016e+00
3.874155998229980469e+00
4.218918323516845703e+00
2.624102115631103516e+00
3.493897199630737305e+00
4.204696178436279297e+00
4.219412803649902344e+00
4.312629699707031250e+00
2.896393060684204102e+00
4.383236885070800781e+00
2.892630100250244141e+00
1.986419916152954102e+00
2.048039913177490234e+00
3.326669931411743164e+00
2.438408851623535156e+00
2.774536132812500000e+00
2.945499897003173828e+00
3.537481069564819336e+00
2.771922826766967773e+00
3.022723913192749023e+00
2.462288856506347656e+00
4.652186155319213867e+00
2.413932085037231445e+00
2.336632966995239258e+00
2.468344926834106445e+00
4.227792024612426758e+00
3.485707044601440430e+00
2.178532123565673828e+00
3.822554111480712891e+00
2.633025646209716797e+00
3.004261732101440430e+00
2.234452962875366211e+00
2.534281253814697266e+00
2.615397930145263672e+00
2.157147169113159180e+00
2.602948188781738281e+00
2.566941022872924805e+00
2.966794013977050781e+00
3.859148025512695312e+00
2.567453145980834961e+00
2.402612924575805664e+00
3.049457073211669922e+00
2.840936899185180664e+00
2.695367097854614258e+00
2.684398889541625977e+00
3.551866769790649414e+00
3.349529027938842773e+00
2.964845895767211914e+00
2.815623760223388672e+00
2.439821004867553711e+00
3.036201953887939453e+00
2.433899879455566406e+00
2.853786230087280273e+00
2.959248781204223633e+00
4.872141838073730469e+00
3.426281929016113281e+00
3.224010944366455078e+00
3.226897239685058594e+00
3.568974733352661133e+00
3.738683223724365234e+00
3.541019201278686523e+00
3.635416746139526367e+00
2.725251197814941406e+00
2.996704101562500000e+00
2.856421947479248047e+00
4.001862764358520508e+00
3.424943923950195312e+00
3.998202085494995117e+00
3.919074058532714844e+00
3.637646913528442383e+00
4.137924194335937500e+00
2.889677762985229492e+00
3.231467962265014648e+00
4.118424892425537109e+00
3.645368814468383789e+00
4.096783161163330078e+00
3.462906837463378906e+00
4.192542791366577148e+00
3.989810228347778320e+00
3.810272216796875000e+00
3.640368223190307617e+00
3.205248832702636719e+00
3.916981935501098633e+00
3.328931093215942383e+00
3.140673875808715820e+00
3.432186841964721680e+00
3.507547855377197266e+00
3.519294977188110352e+00
3.726945161819458008e+00
3.552864074707031250e+00
4.226445198059082031e+00
3.703493833541870117e+00
3.105199813842773438e+00
2.754853963851928711e+00
3.224725961685180664e+00
2.996115922927856445e+00
3.219180107116699219e+00
4.602401971817016602e+00
2.964014053344726562e+00
3.130193233489990234e+00
3.195691108703613281e+00
2.441112995147705078e+00
2.778903007507324219e+00
2.259423017501831055e+00
3.430693149566650391e+00
3.469296693801879883e+00
2.645248889923095703e+00
3.270939826965332031e+00
3.848985671997070312e+00
3.878482818603515625e+00
4.422932863235473633e+00
2.897037029266357422e+00
3.277693986892700195e+00
3.565085887908935547e+00
2.538828849792480469e+00
3.306982278823852539e+00
2.694473981857299805e+00
2.789372920989990234e+00
3.309847831726074219e+00
2.959798097610473633e+00
2.821940183639526367e+00
2.431575059890747070e+00
3.212447166442871094e+00
3.541470050811767578e+00
3.121847152709960938e+00
4.123858928680419922e+00
3.934138774871826172e+00
2.976153850555419922e+00
3.019892930984497070e+00
3.628188848495483398e+00
2.519499063491821289e+00
3.243289232254028320e+00
3.213385820388793945e+00
3.014422178268432617e+00
3.525686979293823242e+00
3.048168897628784180e+00
3.361442804336547852e+00
3.033434867858886719e+00
3.620880842208862305e+00
3.139224052429199219e+00
4.039379119873046875e+00
3.013784170150756836e+00
2.620126962661743164e+00
3.063360929489135742e+00
2.820095062255859375e+00
2.976692914962768555e+00
3.332595109939575195e+00
3.023245811462402344e+00
2.583106279373168945e+00
3.061156272888183594e+00
3.085553169250488281e+00
3.015263080596923828e+00
3.105964899063110352e+00
3.066972970962524414e+00
3.333494901657104492e+00
3.084938049316406250e+00
2.799621820449829102e+00
3.176477909088134766e+00
3.037175893783569336e+00
2.900578737258911133e+00
3.060871839523315430e+00
2.795625925064086914e+00
3.029492855072021484e+00
3.196002006530761719e+00
3.482992172241210938e+00
3.789469003677368164e+00
3.010984897613525391e+00
3.516877651214599609e+00
2.559374809265136719e+00
3.205076932907104492e+00
4.266930103302001953e+00
3.174649000167846680e+00
3.934970140457153320e+00
3.399868965148925781e+00
2.707349061965942383e+00
2.613577842712402344e+00
2.522856235504150391e+00
3.092286825180053711e+00
3.790148019790649414e+00
4.277326822280883789e+00
3.375838994979858398e+00
2.730075120925903320e+00
3.713696956634521484e+00
2.949817895889282227e+00
2.822027921676635742e+00
3.475621223449707031e+00
2.858804941177368164e+00
3.929159879684448242e+00
2.319084644317626953e+00
2.919896841049194336e+00
3.055414915084838867e+00
2.516216993331909180e+00
3.347046852111816406e+00
3.046275138854980469e+00
3.069504022598266602e+00
2.864490985870361328e+00
3.465230941772460938e+00
3.073233842849731445e+00
2.853693008422851562e+00
3.468102931976318359e+00
3.666860818862915039e+00
3.048549890518188477e+00
2.969995021820068359e+00
3.735577106475830078e+00
3.593230247497558594e+00
2.618927717208862305e+00
3.251345157623291016e+00
2.765120029449462891e+00
2.994040012359619141e+00
4.009283065795898438e+00
3.075850009918212891e+00
2.607477903366088867e+00
4.208715915679931641e+00
2.997158288955688477e+00
2.646044015884399414e+00
2.954418897628784180e+00
3.400245904922485352e+00
2.553863048553466797e+00
2.678731679916381836e+00
3.285781145095825195e+00
3.518735170364379883e+00
3.328977823257446289e+00
2.688878774642944336e+00
2.814537048339843750e+00
2.625226020812988281e+00
3.228166818618774414e+00
3.404997825622558594e+00
2.911236047744750977e+00
2.801285982131958008e+00
2.770653009414672852e+00
3.800513982772827148e+00
2.607493162155151367e+00
3.036152839660644531e+00
2.448753118515014648e+00
3.094671010971069336e+00
2.761446237564086914e+00
3.837986230850219727e+00
3.340318918228149414e+00
3.323600053787231445e+00
3.325821876525878906e+00
2.518887996673583984e+00
3.281416177749633789e+00
2.508046627044677734e+00
2.131491661071777344e+00
2.408472061157226562e+00
3.954798221588134766e+00
3.407026052474975586e+00
3.431420803070068359e+00
2.663264989852905273e+00
3.447874069213867188e+00
2.852550745010375977e+00
2.965732812881469727e+00
2.456624031066894531e+00
4.354821920394897461e+00
4.146345853805541992e+00
4.152232885360717773e+00
2.611941099166870117e+00
2.618916034698486328e+00
2.713835000991821289e+00
2.808577775955200195e+00
3.911229848861694336e+00
3.157139062881469727e+00
4.463193893432617188e+00
3.071120977401733398e+00
4.242426156997680664e+00
3.138731956481933594e+00
3.928205013275146484e+00
2.873345851898193359e+00
3.962625026702880859e+00
3.201444149017333984e+00
3.522102117538452148e+00
2.935750246047973633e+00
3.250228166580200195e+00
4.030050039291381836e+00
2.850847005844116211e+00
3.218896150588989258e+00
3.268018007278442383e+00
4.376197814941406250e+00
3.276216268539428711e+00
4.359468698501586914e+00
3.895663022994995117e+00
3.143154144287109375e+00
2.811983108520507812e+00
3.563030004501342773e+00
3.605006694793701172e+00
2.532092809677124023e+00
3.192767858505249023e+00
3.686079025268554688e+00
3.707911014556884766e+00
4.489387035369873047e+00
3.627280950546264648e+00
3.722959995269775391e+00
4.885473966598510742e+00
3.608837127685546875e+00
5.087528228759765625e+00
4.561698198318481445e+00
3.248096942901611328e+00
4.937597036361694336e+00
4.637527942657470703e+00
3.343341112136840820e+00
3.793131113052368164e+00
3.878375291824340820e+00
4.643725872039794922e+00
3.850852012634277344e+00
3.844924211502075195e+00
3.274406194686889648e+00
4.699814081192016602e+00
2.929298877716064453e+00
4.335818290710449219e+00
5.040888071060180664e+00
3.537611961364746094e+00
5.279749870300292969e+00
4.701447248458862305e+00
4.061227083206176758e+00
4.049899816513061523e+00
1.990962982177734375e+00
3.528772115707397461e+00
4.873803138732910156e+00
3.285407066345214844e+00
4.318181991577148438e+00
3.573914289474487305e+00
3.607923030853271484e+00
2.827919721603393555e+00
3.781344890594482422e+00
5.131649017333984375e+00
2.749961853027343750e+00
4.292997121810913086e+00
4.439458847045898438e+00
3.529954910278320312e+00
3.558846950531005859e+00
3.426930189132690430e+00
3.922920227050781250e+00
3.849200963973999023e+00
3.201971054077148438e+00
3.232841968536376953e+00
3.851136922836303711e+00
3.449107885360717773e+00
3.935305118560791016e+00
4.162476062774658203e+00
4.093894004821777344e+00
4.082986831665039062e+00
3.916105985641479492e+00
4.021660804748535156e+00
3.609192132949829102e+00
3.825306892395019531e+00
3.800275802612304688e+00
3.351608753204345703e+00
3.618630886077880859e+00
4.032119035720825195e+00
4.226030111312866211e+00
4.080543994903564453e+00
4.148318052291870117e+00
3.721292018890380859e+00
3.923702955245971680e+00
3.885595083236694336e+00
3.821547985076904297e+00
4.190064191818237305e+00
4.176674127578735352e+00
6.241189956665039062e+00
5.061447858810424805e+00
3.938518047332763672e+00
3.950536251068115234e+00
3.848131656646728516e+00
4.127801895141601562e+00
3.146795034408569336e+00
3.339270830154418945e+00
4.073073863983154297e+00
3.894864082336425781e+00
2.548888921737670898e+00
4.175408840179443359e+00
4.322939872741699219e+00
3.660702943801879883e+00
4.104677915573120117e+00
5.248987913131713867e+00
4.493272066116333008e+00
4.225686788558959961e+00
3.752200126647949219e+00
4.125789880752563477e+00
2.723829984664916992e+00
3.812525272369384766e+00
2.660681962966918945e+00
3.038854837417602539e+00
2.933099031448364258e+00
5.312134027481079102e+00
6.153946161270141602e+00
2.957831859588623047e+00
2.809572935104370117e+00
6.262782096862792969e+00
2.463248968124389648e+00
2.364825010299682617e+00
2.422610044479370117e+00
3.264604091644287109e+00
2.706681966781616211e+00
3.241469383239746094e+00
4.103006124496459961e+00
2.693856954574584961e+00
2.638835906982421875e+00
2.730111837387084961e+00
2.194668054580688477e+00
4.605462074279785156e+00
2.752062082290649414e+00
2.785074234008789062e+00
2.905680894851684570e+00
4.686507940292358398e+00
2.346881151199340820e+00
2.257128000259399414e+00
2.945721864700317383e+00
2.890161275863647461e+00
3.489347219467163086e+00
3.091565847396850586e+00
2.903896093368530273e+00
2.887742996215820312e+00
2.494991064071655273e+00
3.545873880386352539e+00
2.863355875015258789e+00
3.112815141677856445e+00
2.372727155685424805e+00
2.900964975357055664e+00
3.114512205123901367e+00
2.910843849182128906e+00
3.111621141433715820e+00
3.647423028945922852e+00
3.014181137084960938e+00
2.994551897048950195e+00
3.620186805725097656e+00
3.395554780960083008e+00
2.818814992904663086e+00
3.136975765228271484e+00
3.140717029571533203e+00
3.818827867507934570e+00
3.162246942520141602e+00
3.132815122604370117e+00
2.635718822479248047e+00
2.499814033508300781e+00
3.814698934555053711e+00
3.232100725173950195e+00
2.660061120986938477e+00
2.631450891494750977e+00
3.431269884109497070e+00
3.971539974212646484e+00
2.823571920394897461e+00
2.791682004928588867e+00
2.791261911392211914e+00
2.479429006576538086e+00
2.627636909484863281e+00
2.836719274520874023e+00
3.050580978393554688e+00
3.005644083023071289e+00
2.848006963729858398e+00
2.712963819503784180e+00
3.463819026947021484e+00
2.831568956375122070e+00
2.368547916412353516e+00
2.878357887268066406e+00
3.097498893737792969e+00
3.213470220565795898e+00
2.876736879348754883e+00
3.158859014511108398e+00
2.455029726028442383e+00
2.502086877822875977e+00
2.757629156112670898e+00
3.038195848464965820e+00
3.219788789749145508e+00
2.776055097579956055e+00
3.147167921066284180e+00
3.097162961959838867e+00
2.113065242767333984e+00
2.699204921722412109e+00
2.523691892623901367e+00
3.265834093093872070e+00
2.819418907165527344e+00
3.188443899154663086e+00
2.432726860046386719e+00
2.101035118103027344e+00
2.454895019531250000e+00
2.239776849746704102e+00
2.899054050445556641e+00
3.365977048873901367e+00
3.285509109497070312e+00
2.377002954483032227e+00
2.979918956756591797e+00
2.348304033279418945e+00
2.921720027923583984e+00
3.643053054809570312e+00
2.357506752014160156e+00
2.212995052337646484e+00
2.113984107971191406e+00
2.751177310943603516e+00
2.535209894180297852e+00
3.078902006149291992e+00
2.320592164993286133e+00
2.678832054138183594e+00
2.506281852722167969e+00
3.516241073608398438e+00
3.119484901428222656e+00
2.677718162536621094e+00
2.994764089584350586e+00
3.227840900421142578e+00
2.677114963531494141e+00
2.896227121353149414e+00
2.824218034744262695e+00
2.843899965286254883e+00
2.984351873397827148e+00
3.045351982116699219e+00
3.719624042510986328e+00
3.057905912399291992e+00
3.119410753250122070e+00
3.157655000686645508e+00
3.163248062133789062e+00
3.073404073715209961e+00
2.934687137603759766e+00
2.593003988265991211e+00
2.910164833068847656e+00
3.065414905548095703e+00
3.072453975677490234e+00
3.025795936584472656e+00
3.219173908233642578e+00
2.731715202331542969e+00
3.117669105529785156e+00
3.180948972702026367e+00
3.221489906311035156e+00
3.210661172866821289e+00
3.391846895217895508e+00
3.239881992340087891e+00
2.002874851226806641e+00
3.403535842895507812e+00
3.213478088378906250e+00
2.344382047653198242e+00
3.144707202911376953e+00
3.310913085937500000e+00
2.168286085128784180e+00
2.181087970733642578e+00
3.538551092147827148e+00
2.813880681991577148e+00
2.575585126876831055e+00
3.471822023391723633e+00
2.914504051208496094e+00
2.534374237060546875e+00
3.625182151794433594e+00
2.930614948272705078e+00
2.738383054733276367e+00
3.857980251312255859e+00
3.672801017761230469e+00
2.936270236968994141e+00
2.790463447570800781e+00
2.712206125259399414e+00
2.821683883666992188e+00
2.188426017761230469e+00
3.082863092422485352e+00
2.526119947433471680e+00
3.089029788970947266e+00
3.054064273834228516e+00
2.870296239852905273e+00
3.128291845321655273e+00
3.611730098724365234e+00
2.945116996765136719e+00
2.985610008239746094e+00
3.430737972259521484e+00
4.291433334350585938e+00
3.036941051483154297e+00
3.190602302551269531e+00
2.567228794097900391e+00
3.505623102188110352e+00
3.330637931823730469e+00
2.655328035354614258e+00
2.703464031219482422e+00
2.624105930328369141e+00
2.523040056228637695e+00
3.518148899078369141e+00
2.652927160263061523e+00
3.979928731918334961e+00
2.706030845642089844e+00
3.481887817382812500e+00
3.328135967254638672e+00
3.240118980407714844e+00
2.790164947509765625e+00
3.464223861694335938e+00
2.413558959960937500e+00
2.722020864486694336e+00
3.322232246398925781e+00
3.168143987655639648e+00
2.801897048950195312e+00
2.819503784179687500e+00
2.542449951171875000e+00
2.854007959365844727e+00
3.082431077957153320e+00
2.519448041915893555e+00
2.476456880569458008e+00
2.568873882293701172e+00
3.052270889282226562e+00
2.900285959243774414e+00
3.368822097778320312e+00
2.644113779067993164e+00
4.429105281829833984e+00
3.168551206588745117e+00
3.887222051620483398e+00
3.202200889587402344e+00
2.668236017227172852e+00
2.991685867309570312e+00
4.796367883682250977e+00
2.608267068862915039e+00
3.927012205123901367e+00
3.285444021224975586e+00
1.920233011245727539e+00
3.827813863754272461e+00
3.724514007568359375e+00
2.820808172225952148e+00
3.489072084426879883e+00
3.487730026245117188e+00
3.943768024444580078e+00
3.649513959884643555e+00
3.640975952148437500e+00
2.921123981475830078e+00
4.222958803176879883e+00
3.614893198013305664e+00
3.448308944702148438e+00
3.876766204833984375e+00
4.152511835098266602e+00
3.192579984664916992e+00
2.118359088897705078e+00
3.652032136917114258e+00
2.883940219879150391e+00
2.668336868286132812e+00
3.037919044494628906e+00
2.505164146423339844e+00
3.680702209472656250e+00
3.497145175933837891e+00
4.294777154922485352e+00
2.903851985931396484e+00
2.833539962768554688e+00
2.457695960998535156e+00
3.011444091796875000e+00
3.089344978332519531e+00
2.991051912307739258e+00
2.545778989791870117e+00
3.125500917434692383e+00
2.735615015029907227e+00
3.064055681228637695e+00
3.042765140533447266e+00
3.036969184875488281e+00
2.940129041671752930e+00
2.252187967300415039e+00
2.590370893478393555e+00
2.509651899337768555e+00
3.111907958984375000e+00
3.019801139831542969e+00
1.916330814361572266e+00
2.444464206695556641e+00
2.059015035629272461e+00
2.454643964767456055e+00
2.560998916625976562e+00
2.525085926055908203e+00
2.771168947219848633e+00
3.015480041503906250e+00
2.700343132019042969e+00
2.727811098098754883e+00
2.962304830551147461e+00
2.989346981048583984e+00
2.160582065582275391e+00
2.499204874038696289e+00
2.053858757019042969e+00
2.792268037796020508e+00
3.152879953384399414e+00
3.115482091903686523e+00
2.436496019363403320e+00
1.984631776809692383e+00
3.281456947326660156e+00
3.307164907455444336e+00
3.289295196533203125e+00
2.584002971649169922e+00
3.053685903549194336e+00
2.863265037536621094e+00
2.919751167297363281e+00
2.980049848556518555e+00
2.847113132476806641e+00
3.021768808364868164e+00
3.349157810211181641e+00
3.460294723510742188e+00
3.370074987411499023e+00
2.897566795349121094e+00
3.130565166473388672e+00
3.391910791397094727e+00
3.735920190811157227e+00
3.204965114593505859e+00
2.865232229232788086e+00
3.304540872573852539e+00
3.177502155303955078e+00
2.561812877655029297e+00
3.074474811553955078e+00
2.449398040771484375e+00
2.517732143402099609e+00
3.223517894744873047e+00
2.409806013107299805e+00
3.041208982467651367e+00
3.674332857131958008e+00
3.698289155960083008e+00
3.480513095855712891e+00
2.099593162536621094e+00
2.915533781051635742e+00
3.387885093688964844e+00
3.608742952346801758e+00
2.645578861236572266e+00
2.859913349151611328e+00
2.796860933303833008e+00
3.379025220870971680e+00
3.287331819534301758e+00
3.476846933364868164e+00
2.970856189727783203e+00
2.280602931976318359e+00
3.490237951278686523e+00
2.788315773010253906e+00
2.500627994537353516e+00
2.456442832946777344e+00
3.265255928039550781e+00
2.720360994338989258e+00
3.097272157669067383e+00
2.470923185348510742e+00
3.131057024002075195e+00
2.779728889465332031e+00
3.342974901199340820e+00
3.104839086532592773e+00
3.193912982940673828e+00
2.402556896209716797e+00
2.888905048370361328e+00
3.552185773849487305e+00
2.667515039443969727e+00
2.354234218597412109e+00
2.795464038848876953e+00
3.244040250778198242e+00
2.917622804641723633e+00
2.656565904617309570e+00
2.352425098419189453e+00
3.696449995040893555e+00
3.280908823013305664e+00
2.876396179199218750e+00
2.976392984390258789e+00
2.967977046966552734e+00
2.224423885345458984e+00
2.952725172042846680e+00
3.435898780822753906e+00
3.037774085998535156e+00
2.799980163574218750e+00
3.061267852783203125e+00
2.857372045516967773e+00
2.990087032318115234e+00
2.857022047042846680e+00
3.061167240142822266e+00
2.546900987625122070e+00
2.420698881149291992e+00
2.533616065979003906e+00
2.846399068832397461e+00
2.912143230438232422e+00
3.148663759231567383e+00
3.044904947280883789e+00
3.588366985321044922e+00
3.175315856933593750e+00
2.687134981155395508e+00
2.388984680175781250e+00
2.863574028015136719e+00
3.162637948989868164e+00
2.891748189926147461e+00
2.680319070816040039e+00
3.194093942642211914e+00
3.294075250625610352e+00
3.039471149444580078e+00
2.329166889190673828e+00
2.938384056091308594e+00
2.388031005859375000e+00
2.770771980285644531e+00
2.942523002624511719e+00
2.512440204620361328e+00
3.378458023071289062e+00
3.687707901000976562e+00
3.429491281509399414e+00
2.042698860168457031e+00
2.823165893554687500e+00
2.031175136566162109e+00
2.597032070159912109e+00
3.007671117782592773e+00
2.286354303359985352e+00
3.164927959442138672e+00
2.461713790893554688e+00
3.280050992965698242e+00
3.205687999725341797e+00
3.378875970840454102e+00
3.487469196319580078e+00
3.059988021850585938e+00
3.072267055511474609e+00
2.396303892135620117e+00
2.424721002578735352e+00
3.377547979354858398e+00
3.403745174407958984e+00
2.920577049255371094e+00
3.026380062103271484e+00
2.960992813110351562e+00
2.340828895568847656e+00
2.136747121810913086e+00
2.726577997207641602e+00
3.033421754837036133e+00
3.069334030151367188e+00
2.381686925888061523e+00
1.601689100265502930e+00
2.093408107757568359e+00
2.226000070571899414e+00
2.073649883270263672e+00
2.474242210388183594e+00
2.450608968734741211e+00
2.606680154800415039e+00
2.548671007156372070e+00
2.407968044281005859e+00
2.030550956726074219e+00
1.908010959625244141e+00
2.653536081314086914e+00
4.325043916702270508e+00
2.496235847473144531e+00
2.208798885345458984e+00
2.781624078750610352e+00
2.933108091354370117e+00
3.153380155563354492e+00
2.938547849655151367e+00
3.192127943038940430e+00
2.238381147384643555e+00
3.037778139114379883e+00
2.775581359863281250e+00
3.165674209594726562e+00
2.842317819595336914e+00
2.482083082199096680e+00
2.742201089859008789e+00
3.061433076858520508e+00
2.854270935058593750e+00
2.492615222930908203e+00
3.066375970840454102e+00
2.882988691329956055e+00
2.068104028701782227e+00
2.601071119308471680e+00
2.882000923156738281e+00
2.993033170700073242e+00
2.569727182388305664e+00
2.253005981445312500e+00
2.119319915771484375e+00
3.120031833648681641e+00
3.056803703308105469e+00
3.016532182693481445e+00
2.589175939559936523e+00
2.745693922042846680e+00
2.588366746902465820e+00
2.676827192306518555e+00
3.262110948562622070e+00
3.115367889404296875e+00
3.877549171447753906e+00
2.730926036834716797e+00
2.422463178634643555e+00
3.062992811203002930e+00
3.267695188522338867e+00
3.233799934387207031e+00
2.947133064270019531e+00
3.220382213592529297e+00
2.476130962371826172e+00
2.972258090972900391e+00
3.088611841201782227e+00
2.539307117462158203e+00
2.655468940734863281e+00
2.749681711196899414e+00
2.253275156021118164e+00
3.017132997512817383e+00
3.289106845855712891e+00
3.081024885177612305e+00
2.046978712081909180e+00
2.619672775268554688e+00
2.686336040496826172e+00
2.026966094970703125e+00
2.929337024688720703e+00
3.284561157226562500e+00
3.391988992691040039e+00
2.890794992446899414e+00
3.003730058670043945e+00
3.449936866760253906e+00
3.353830337524414062e+00
2.990833044052124023e+00
2.584990978240966797e+00
3.202632188796997070e+00
3.209197759628295898e+00
3.327958106994628906e+00
3.375169038772583008e+00
3.233690023422241211e+00
3.330464124679565430e+00
3.516194105148315430e+00
3.253494024276733398e+00
3.106806039810180664e+00
2.592475175857543945e+00
2.796949148178100586e+00
2.830056905746459961e+00
3.268492221832275391e+00
2.535977125167846680e+00
3.107944011688232422e+00
2.792871952056884766e+00
2.919793844223022461e+00
3.050014972686767578e+00
3.276154756546020508e+00
3.396579742431640625e+00
2.771323919296264648e+00
3.117784023284912109e+00
3.327852010726928711e+00
2.940177917480468750e+00
3.789260625839233398e+00
3.479033946990966797e+00
3.246155023574829102e+00
3.574866056442260742e+00
2.991408348083496094e+00
3.432178258895874023e+00
3.872636795043945312e+00
3.510969161987304688e+00
3.120326995849609375e+00
2.757426261901855469e+00
3.687321186065673828e+00
3.898175001144409180e+00
3.588465929031372070e+00
3.869552850723266602e+00
2.944669961929321289e+00
3.566025972366333008e+00
3.170685052871704102e+00
3.011173248291015625e+00
3.875772953033447266e+00
2.972394943237304688e+00
3.736446857452392578e+00
3.893052339553833008e+00
3.046609878540039062e+00
3.794884920120239258e+00
3.958521842956542969e+00
2.198835849761962891e+00
3.541947126388549805e+00
4.130780935287475586e+00
3.801397085189819336e+00
4.327506303787231445e+00
3.784110069274902344e+00
4.055404901504516602e+00
2.272210121154785156e+00
3.247584104537963867e+00
4.066350936889648438e+00
2.842731952667236328e+00
2.256991863250732422e+00
2.501481056213378906e+00
2.627722978591918945e+00
3.340193033218383789e+00
2.493319272994995117e+00
2.546987056732177734e+00
3.196690797805786133e+00
3.020073890686035156e+00
2.765992164611816406e+00
2.442331075668334961e+00
2.261975049972534180e+00
2.638818979263305664e+00
2.756615161895751953e+00
2.348655223846435547e+00
2.419278860092163086e+00
2.550669193267822266e+00
2.330388069152832031e+00
2.690752983093261719e+00
2.787793874740600586e+00
2.703260183334350586e+00
3.070510149002075195e+00
2.636093139648437500e+00
2.546607017517089844e+00
3.029000997543334961e+00
3.456398010253906250e+00
2.856329917907714844e+00
2.785219192504882812e+00
2.738303899765014648e+00
4.006472110748291016e+00
4.214909076690673828e+00
2.748555898666381836e+00
2.786617279052734375e+00
2.930073022842407227e+00
2.944905996322631836e+00
2.940843105316162109e+00
2.293876886367797852e+00
4.299777030944824219e+00
2.461732149124145508e+00
3.118267059326171875e+00
2.695422410964965820e+00
4.116235017776489258e+00
4.086224079132080078e+00
3.342670917510986328e+00
2.938192844390869141e+00
3.031714677810668945e+00
2.901474952697753906e+00
2.837551116943359375e+00
3.559251785278320312e+00
2.533193111419677734e+00
2.620549917221069336e+00
2.702678203582763672e+00
3.596184015274047852e+00
2.720490932464599609e+00
2.637469053268432617e+00
2.233882904052734375e+00
2.621754169464111328e+00
2.238276004791259766e+00
2.251081943511962891e+00
3.214212894439697266e+00
2.250647068023681641e+00
2.331236124038696289e+00
2.891783952713012695e+00
2.974499940872192383e+00
2.230382919311523438e+00
2.756327867507934570e+00
2.465541839599609375e+00
2.547438144683837891e+00
3.361601114273071289e+00
2.983500003814697266e+00
2.257537126541137695e+00
2.538681030273437500e+00
2.573350906372070312e+00
2.286473989486694336e+00
2.206003904342651367e+00
4.679358959197998047e+00
2.514773845672607422e+00
2.312839031219482422e+00
2.466109991073608398e+00
2.827534914016723633e+00
3.321692943572998047e+00
3.145845651626586914e+00
2.658560037612915039e+00
2.539114952087402344e+00
2.635049819946289062e+00
2.314688920974731445e+00
2.882597923278808594e+00
2.517698049545288086e+00
2.304496765136718750e+00
2.590308904647827148e+00
3.220749855041503906e+00
2.753032922744750977e+00
2.741061687469482422e+00
2.476993083953857422e+00
3.543472290039062500e+00
2.138228893280029297e+00
2.917678117752075195e+00
3.598998069763183594e+00
2.725002050399780273e+00
2.247722148895263672e+00
2.742997884750366211e+00
2.748847961425781250e+00
2.799835920333862305e+00
2.959264039993286133e+00
2.895856142044067383e+00
2.644236087799072266e+00
1.796477794647216797e+00
2.622079849243164062e+00
2.982945919036865234e+00
2.269365072250366211e+00
2.681275844573974609e+00
2.717200994491577148e+00
1.995508909225463867e+00
3.041480064392089844e+00
2.048199176788330078e+00
2.467225790023803711e+00
3.022074937820434570e+00
2.096736907958984375e+00
2.908255100250244141e+00
3.071331024169921875e+00
2.193478107452392578e+00
2.881198883056640625e+00
2.974908113479614258e+00
2.769758939743041992e+00
3.028033018112182617e+00
2.478266000747680664e+00
2.617847919464111328e+00
3.169137001037597656e+00
2.725361108779907227e+00
2.714179992675781250e+00
3.184756994247436523e+00
3.165138244628906250e+00
2.613605022430419922e+00
2.195460081100463867e+00
2.285173892974853516e+00
2.519385099411010742e+00
2.455653190612792969e+00
2.218700885772705078e+00
2.453131198883056641e+00
2.986896991729736328e+00
2.177061080932617188e+00
2.308809995651245117e+00
3.124954938888549805e+00
2.658557891845703125e+00
2.918296813964843750e+00
2.637384176254272461e+00
2.515444040298461914e+00
3.124613761901855469e+00
2.499561786651611328e+00
2.861446857452392578e+00
3.039172887802124023e+00
3.161930084228515625e+00
2.821817159652709961e+00
2.736459016799926758e+00
2.699565172195434570e+00
3.346872806549072266e+00
3.309157848358154297e+00
3.147754907608032227e+00
3.303053140640258789e+00
2.897916793823242188e+00
3.176141023635864258e+00
3.495594024658203125e+00
2.797925710678100586e+00
3.039845705032348633e+00
2.897819995880126953e+00
2.974045038223266602e+00
3.044530868530273438e+00
2.955709934234619141e+00
2.456069946289062500e+00
2.964423179626464844e+00
2.473123073577880859e+00
3.134724855422973633e+00
2.505077123641967773e+00
2.537710905075073242e+00
2.295322179794311523e+00
3.184009075164794922e+00
2.668951988220214844e+00
3.354391098022460938e+00
2.523849964141845703e+00
2.828338146209716797e+00
3.104915857315063477e+00
3.367251873016357422e+00
2.737252712249755859e+00
1.976155042648315430e+00
2.607439279556274414e+00
2.269453763961791992e+00
3.104352951049804688e+00
3.242684841156005859e+00
3.277975082397460938e+00
2.851984024047851562e+00
2.864651918411254883e+00
3.482442855834960938e+00
2.592056751251220703e+00
3.321307897567749023e+00
2.227628946304321289e+00
2.462132930755615234e+00
2.142671108245849609e+00
3.201672792434692383e+00
2.471417903900146484e+00
2.871905088424682617e+00
3.549112081527709961e+00
3.032242059707641602e+00
2.654426813125610352e+00
2.336755275726318359e+00
2.669321060180664062e+00
2.691044092178344727e+00
2.132945060729980469e+00
2.146582126617431641e+00
2.421903133392333984e+00
2.545600175857543945e+00
1.976223945617675781e+00
3.095885992050170898e+00
2.394368171691894531e+00
2.673536062240600586e+00
2.606877088546752930e+00
2.587414979934692383e+00
2.371252775192260742e+00
3.068840026855468750e+00
2.947333097457885742e+00
2.616086244583129883e+00
4.452594041824340820e+00
3.016935110092163086e+00
2.477432250976562500e+00
2.778672218322753906e+00
3.912990093231201172e+00
2.613025903701782227e+00
2.818258047103881836e+00
2.952636957168579102e+00
3.244724988937377930e+00
3.347249984741210938e+00
3.402205228805541992e+00
3.537461996078491211e+00
2.710156917572021484e+00
2.628561735153198242e+00
3.449852943420410156e+00
3.458017110824584961e+00
3.495470046997070312e+00
3.177793025970458984e+00
3.528575897216796875e+00
3.500558853149414062e+00
3.407609939575195312e+00
3.449302673339843750e+00
3.314395904541015625e+00
3.235198974609375000e+00
2.594301223754882812e+00
2.468642234802246094e+00
3.278778076171875000e+00
3.595752000808715820e+00
2.666069030761718750e+00
2.891472101211547852e+00
2.349161863327026367e+00
2.644499063491821289e+00
2.308829784393310547e+00
3.346096754074096680e+00
3.508960723876953125e+00
2.582679033279418945e+00
3.653891086578369141e+00
3.273144960403442383e+00
2.967900276184082031e+00
2.809394121170043945e+00
2.998908996582031250e+00
2.478485107421875000e+00
3.429033994674682617e+00
2.805856704711914062e+00
2.292052984237670898e+00
3.850843906402587891e+00
2.394828081130981445e+00
2.512966156005859375e+00
4.463049888610839844e+00
3.154225111007690430e+00
2.796334743499755859e+00
3.867072105407714844e+00
4.085211992263793945e+00
5.279108762741088867e+00
2.759377002716064453e+00
2.930808782577514648e+00
3.468544006347656250e+00
2.854027748107910156e+00
2.715925931930541992e+00
2.817519187927246094e+00
3.167734861373901367e+00
3.762262105941772461e+00
4.357501029968261719e+00
2.229122161865234375e+00
2.349153041839599609e+00
2.770885229110717773e+00
2.296061038970947266e+00
2.774045228958129883e+00
2.820099115371704102e+00
2.628910064697265625e+00
2.461083173751831055e+00
2.557149887084960938e+00
2.468603849411010742e+00
2.823096752166748047e+00
2.888020992279052734e+00
2.545243024826049805e+00
2.647009134292602539e+00
2.700454950332641602e+00
4.264836072921752930e+00
3.045276880264282227e+00
2.613851070404052734e+00
2.616964101791381836e+00
2.643992900848388672e+00
3.750643253326416016e+00
3.202572822570800781e+00
3.199135065078735352e+00
2.467005968093872070e+00
2.798362970352172852e+00
2.679738044738769531e+00
2.743723154067993164e+00
2.851536273956298828e+00
2.827456951141357422e+00
3.425954818725585938e+00
2.257833957672119141e+00
3.437550067901611328e+00
3.871932029724121094e+00
2.972990036010742188e+00
2.860154151916503906e+00
2.930624008178710938e+00
2.197809934616088867e+00
2.173603057861328125e+00
2.560076951980590820e+00
2.992277145385742188e+00
2.965034008026123047e+00
3.014940977096557617e+00
2.603162050247192383e+00
2.747190952301025391e+00
3.230788946151733398e+00
2.734286785125732422e+00
2.788610935211181641e+00
2.843151092529296875e+00
2.696664094924926758e+00
2.814915180206298828e+00
2.425558805465698242e+00
2.991705179214477539e+00
3.285298109054565430e+00
2.903069019317626953e+00
2.891003847122192383e+00
3.460766315460205078e+00
3.310745954513549805e+00
3.565443038940429688e+00
3.531189203262329102e+00
1.930016040802001953e+00
2.135858774185180664e+00
2.346049785614013672e+00
2.447537183761596680e+00
2.907698869705200195e+00
2.215360879898071289e+00
2.475135087966918945e+00
2.493677139282226562e+00
2.311418771743774414e+00
3.122911930084228516e+00
2.530065059661865234e+00
2.856960058212280273e+00
2.733371257781982422e+00
2.671257734298706055e+00
2.422755002975463867e+00
2.730786085128784180e+00
2.451295137405395508e+00
3.291415691375732422e+00
2.653934001922607422e+00
2.798140048980712891e+00
3.314563989639282227e+00
3.437676906585693359e+00
3.351566076278686523e+00
2.578763008117675781e+00
2.158725976943969727e+00
2.541760921478271484e+00
2.424948930740356445e+00
2.603279829025268555e+00
3.110905170440673828e+00
2.742048025131225586e+00
3.088552951812744141e+00
2.860580205917358398e+00
2.645334243774414062e+00
3.686092853546142578e+00
2.692925930023193359e+00
3.810260295867919922e+00
2.869235992431640625e+00
3.153389930725097656e+00
2.716322183609008789e+00
2.824079036712646484e+00
2.808057069778442383e+00
2.739762067794799805e+00
3.007025957107543945e+00
2.758563995361328125e+00
3.282420158386230469e+00
3.072629928588867188e+00
3.098256111145019531e+00
3.332707643508911133e+00
3.479238033294677734e+00
3.123230934143066406e+00
2.567737817764282227e+00
3.166433095932006836e+00
3.050319671630859375e+00
3.318927764892578125e+00
3.126369953155517578e+00
2.975754976272583008e+00
2.804584980010986328e+00
3.613970279693603516e+00
3.072263956069946289e+00
3.387919664382934570e+00
3.161942005157470703e+00
3.839583873748779297e+00
3.506957054138183594e+00
2.719631195068359375e+00
2.563285827636718750e+00
2.868509054183959961e+00
3.944566726684570312e+00
3.089352846145629883e+00
3.980891227722167969e+00
2.768807172775268555e+00
3.840241909027099609e+00
3.139255046844482422e+00
3.415525674819946289e+00
2.890985965728759766e+00
3.557998180389404297e+00
3.110836982727050781e+00
3.256750822067260742e+00
3.040541887283325195e+00
3.132513046264648438e+00
3.006935119628906250e+00
3.280715942382812500e+00
3.671652793884277344e+00
3.452483177185058594e+00
3.979274988174438477e+00
3.370107173919677734e+00
3.937059879302978516e+00
3.341851711273193359e+00
3.292099237442016602e+00
3.766611814498901367e+00
3.355763912200927734e+00
3.967805862426757812e+00
3.029909849166870117e+00
3.790431976318359375e+00
3.610502004623413086e+00
4.187817811965942383e+00
2.820691108703613281e+00
3.413188219070434570e+00
3.357591152191162109e+00
3.499205112457275391e+00
4.336052894592285156e+00
3.112522125244140625e+00
1.983684062957763672e+00
3.116236925125122070e+00
3.345154047012329102e+00
2.766797065734863281e+00
3.212056159973144531e+00
3.691676855087280273e+00
3.380475997924804688e+00
2.801834106445312500e+00
4.131787776947021484e+00
2.284420013427734375e+00
3.453287839889526367e+00
4.635652065277099609e+00
3.170094728469848633e+00
3.472421884536743164e+00
3.430996894836425781e+00
3.215220928192138672e+00
4.186728239059448242e+00
2.161386013031005859e+00
4.553257942199707031e+00
2.343050003051757812e+00
3.256923913955688477e+00
2.961261987686157227e+00
3.554843902587890625e+00
3.351906061172485352e+00
2.405443906784057617e+00
3.345396995544433594e+00
2.466782808303833008e+00
3.310376167297363281e+00
2.530285835266113281e+00
3.086019754409790039e+00
3.602843761444091797e+00
2.919440269470214844e+00
2.562753915786743164e+00
3.736512184143066406e+00
2.702138900756835938e+00
2.470003843307495117e+00
2.269895315170288086e+00
2.865679979324340820e+00
2.471161842346191406e+00
2.999169111251831055e+00
2.660865068435668945e+00
2.372940063476562500e+00
2.528173208236694336e+00
2.879951000213623047e+00
3.369331836700439453e+00
2.625684976577758789e+00
3.378426074981689453e+00
2.829511880874633789e+00
6.011203050613403320e+00
3.534562110900878906e+00
2.426015138626098633e+00
2.964908838272094727e+00
2.865958929061889648e+00
3.040969371795654297e+00
2.998330831527709961e+00
2.733745098114013672e+00
2.599184036254882812e+00
2.400255918502807617e+00
2.782121181488037109e+00
2.866247892379760742e+00
2.813274860382080078e+00
2.831519842147827148e+00
2.934395313262939453e+00
2.309485912322998047e+00
2.587336301803588867e+00
2.663132190704345703e+00
2.988022089004516602e+00
2.946597337722778320e+00
2.549534797668457031e+00
2.952617883682250977e+00
3.049932003021240234e+00
2.357498168945312500e+00
2.777999162673950195e+00
3.178965091705322266e+00
3.469377756118774414e+00
3.474302053451538086e+00
2.865046024322509766e+00
2.212579965591430664e+00
2.848743200302124023e+00
2.560151815414428711e+00
2.533891201019287109e+00
2.827794790267944336e+00
2.152887105941772461e+00
1.892315149307250977e+00
2.241647005081176758e+00
3.097019910812377930e+00
3.482836961746215820e+00
2.244624137878417969e+00
2.485171079635620117e+00
3.152688741683959961e+00
3.490681886672973633e+00
2.846501827239990234e+00
2.635942935943603516e+00
2.536896944046020508e+00
3.325338125228881836e+00
2.153849840164184570e+00
3.246497154235839844e+00
3.148316144943237305e+00
3.080566167831420898e+00
3.728485107421875000e+00
2.640518903732299805e+00
2.575832128524780273e+00
2.754431962966918945e+00
2.744367837905883789e+00
2.182090997695922852e+00
2.649508714675903320e+00
2.837911128997802734e+00
2.822612047195434570e+00
2.828868865966796875e+00
2.402374029159545898e+00
2.859691143035888672e+00
2.893398046493530273e+00
2.893691062927246094e+00
2.993486166000366211e+00
2.029906988143920898e+00
2.504971981048583984e+00
2.398108243942260742e+00
2.944236040115356445e+00
3.894475936889648438e+00
2.992786169052124023e+00
2.524999856948852539e+00
2.017920017242431641e+00
2.950778007507324219e+00
3.092797040939331055e+00
2.607465028762817383e+00
3.068486213684082031e+00
3.294373989105224609e+00
2.793665647506713867e+00
3.170289278030395508e+00
2.808295011520385742e+00
3.154198646545410156e+00
2.753768920898437500e+00
2.863427877426147461e+00
2.779219865798950195e+00
2.267817020416259766e+00
2.769737005233764648e+00
2.338357925415039062e+00
3.341053009033203125e+00
2.990575075149536133e+00
2.880012035369873047e+00
2.486027956008911133e+00
2.864179849624633789e+00
2.350483894348144531e+00
1.955540895462036133e+00
2.742923974990844727e+00
2.738327741622924805e+00
2.755774021148681641e+00
2.646791934967041016e+00
3.146087884902954102e+00
2.957675933837890625e+00
1.893222808837890625e+00
3.646230697631835938e+00
3.817878961563110352e+00
3.287481784820556641e+00
2.667055845260620117e+00
2.960645198822021484e+00
3.321651935577392578e+00
2.826323270797729492e+00
3.347955226898193359e+00
2.746882915496826172e+00
3.011595964431762695e+00
3.183208227157592773e+00
2.998831748962402344e+00
3.292764902114868164e+00
3.203204154968261719e+00
3.462441921234130859e+00
3.168739795684814453e+00
3.336880683898925781e+00
2.407782316207885742e+00
3.398659706115722656e+00
2.451339960098266602e+00
3.136322021484375000e+00
3.682023763656616211e+00
3.247419118881225586e+00
2.410930156707763672e+00
3.406426906585693359e+00
3.459256887435913086e+00
3.395122051239013672e+00
2.365585088729858398e+00
3.435289144515991211e+00
3.846250057220458984e+00
2.988305807113647461e+00
2.478776216506958008e+00
3.353972911834716797e+00
2.197118997573852539e+00
3.265177965164184570e+00
2.533984184265136719e+00
2.989647865295410156e+00
2.660036087036132812e+00
2.550270080566406250e+00
2.797175168991088867e+00
2.958091974258422852e+00
2.057034015655517578e+00
2.723565816879272461e+00
2.152667999267578125e+00
2.422317028045654297e+00
3.127974033355712891e+00
2.513205051422119141e+00
2.461608886718750000e+00
2.919418096542358398e+00
2.796094894409179688e+00
2.310816049575805664e+00
3.369343996047973633e+00
3.252341985702514648e+00
3.047106027603149414e+00
3.375133991241455078e+00
2.294643878936767578e+00
3.032321929931640625e+00
2.830891132354736328e+00
3.129827022552490234e+00
2.467758893966674805e+00
2.791117906570434570e+00
3.201076984405517578e+00
2.921277046203613281e+00
3.028066158294677734e+00
2.823701143264770508e+00
2.576534986495971680e+00
3.299555063247680664e+00
2.738995075225830078e+00
2.383001089096069336e+00
2.772106885910034180e+00
2.595352888107299805e+00
2.532002210617065430e+00
3.775069952011108398e+00
2.311424970626831055e+00
3.318203926086425781e+00
2.641803741455078125e+00
3.584381103515625000e+00
2.702710866928100586e+00
2.661806106567382812e+00
2.727551937103271484e+00
2.881448984146118164e+00
3.199501037597656250e+00
2.674005985260009766e+00
2.784287929534912109e+00
2.787338972091674805e+00
3.220492839813232422e+00
3.293036937713623047e+00
2.397974014282226562e+00
2.153695106506347656e+00
3.088221788406372070e+00
2.494054079055786133e+00
3.536883831024169922e+00
2.742212772369384766e+00
2.647038936614990234e+00
2.394567728042602539e+00
2.628236055374145508e+00
3.337956190109252930e+00
3.002769947052001953e+00
2.996419191360473633e+00
3.441247940063476562e+00
2.838680028915405273e+00
2.515381097793579102e+00
3.006606101989746094e+00
2.114631175994873047e+00
2.836436033248901367e+00
3.074591875076293945e+00
3.105014085769653320e+00
2.755625963211059570e+00
2.764478921890258789e+00
1.941668987274169922e+00
2.849023818969726562e+00
2.719731092453002930e+00
2.419340133666992188e+00
2.876915931701660156e+00
3.161120653152465820e+00
3.896654844284057617e+00
2.505474090576171875e+00
3.436378002166748047e+00
2.757751941680908203e+00
3.541474103927612305e+00
2.816839218139648438e+00
2.909925222396850586e+00
2.408304929733276367e+00
2.715856075286865234e+00
3.090077877044677734e+00
2.701829910278320312e+00
2.794562101364135742e+00
2.447030782699584961e+00
3.406061887741088867e+00
3.495366811752319336e+00
2.890898942947387695e+00
2.619513034820556641e+00
3.070656061172485352e+00
3.251884937286376953e+00
2.953835010528564453e+00
2.776740074157714844e+00
2.810233831405639648e+00
3.097105741500854492e+00
3.735193252563476562e+00
2.889691829681396484e+00
2.320124864578247070e+00
2.513300895690917969e+00
3.746068000793457031e+00
3.395099878311157227e+00
3.116539239883422852e+00
2.801030874252319336e+00
2.524968862533569336e+00
3.727155208587646484e+00
2.804661989212036133e+00
2.754564046859741211e+00
2.912285804748535156e+00
3.155163764953613281e+00
3.129868030548095703e+00
2.572365045547485352e+00
2.773581027984619141e+00
2.793938159942626953e+00
3.027315855026245117e+00
2.752499818801879883e+00
4.225384950637817383e+00
3.320270776748657227e+00
2.944851875305175781e+00
3.792962789535522461e+00
3.686493873596191406e+00
3.453041076660156250e+00
2.218801736831665039e+00
2.312759160995483398e+00
1.988469123840332031e+00
3.358651876449584961e+00
3.483072042465209961e+00
3.982825994491577148e+00
1.841695070266723633e+00
3.164891958236694336e+00
3.594095945358276367e+00
3.248226881027221680e+00
3.493003129959106445e+00
2.973804235458374023e+00
3.152549982070922852e+00
2.527353763580322266e+00
2.323550939559936523e+00
2.069595098495483398e+00
2.568925857543945312e+00
2.349428892135620117e+00
2.886662006378173828e+00
2.313827991485595703e+00
2.137333869934082031e+00
2.644293785095214844e+00
3.140416622161865234e+00
2.819419145584106445e+00
2.915639877319335938e+00
2.260298967361450195e+00
2.349324941635131836e+00
2.568071842193603516e+00
3.030044317245483398e+00
2.503848075866699219e+00
3.098252058029174805e+00
3.092285871505737305e+00
3.488656044006347656e+00
2.079898834228515625e+00
1.926794052124023438e+00
2.388435840606689453e+00
3.158000230789184570e+00
2.784492731094360352e+00
2.642455101013183594e+00
3.167870998382568359e+00
2.811923027038574219e+00
2.493261814117431641e+00
3.219272851943969727e+00
2.495769023895263672e+00
2.556693077087402344e+00
2.868906974792480469e+00
2.722524166107177734e+00
2.248470067977905273e+00
2.976500034332275391e+00
2.336217164993286133e+00
2.580719947814941406e+00
2.260805845260620117e+00
3.744719028472900391e+00
2.032906055450439453e+00
2.786998987197875977e+00
2.480592012405395508e+00
3.121791839599609375e+00
2.712340831756591797e+00
3.070093631744384766e+00
3.106790781021118164e+00
3.271067857742309570e+00
2.407844781875610352e+00
3.149091958999633789e+00
2.110882759094238281e+00
3.243518829345703125e+00
2.209295749664306641e+00
2.620107889175415039e+00
2.283728837966918945e+00
2.728950023651123047e+00
2.632447242736816406e+00
2.797811985015869141e+00
2.356428146362304688e+00
2.261318922042846680e+00
2.433845996856689453e+00
3.223641157150268555e+00
2.817084074020385742e+00
2.921442031860351562e+00
2.233139038085937500e+00
2.555566072463989258e+00
2.592877864837646484e+00
2.902889966964721680e+00
2.127101182937622070e+00
2.783470153808593750e+00
2.089882850646972656e+00
3.018212080001831055e+00
2.771145343780517578e+00
3.127961158752441406e+00
2.240957260131835938e+00
2.450317144393920898e+00
3.212273836135864258e+00
2.251804828643798828e+00
2.431413173675537109e+00
2.256287097930908203e+00
1.939240217208862305e+00
2.091085910797119141e+00
2.127437114715576172e+00
2.327320814132690430e+00
2.776569843292236328e+00
2.250097036361694336e+00
2.586540937423706055e+00
2.473611831665039062e+00
2.583265066146850586e+00
2.196054935455322266e+00
2.734595298767089844e+00
2.177088022232055664e+00
2.186022996902465820e+00
2.445284128189086914e+00
2.605128049850463867e+00
2.132416009902954102e+00
2.479578018188476562e+00
3.571758747100830078e+00
2.029059648513793945e+00
3.182943105697631836e+00
3.414783000946044922e+00
2.899304151535034180e+00
2.636353015899658203e+00
2.346458911895751953e+00
2.848799943923950195e+00
2.464907884597778320e+00
2.297546148300170898e+00
2.663803100585937500e+00
3.218182086944580078e+00
2.905177116394042969e+00
2.692610025405883789e+00
3.277267932891845703e+00
2.682896852493286133e+00
2.661133050918579102e+00
2.763231039047241211e+00
2.247844219207763672e+00
2.587866783142089844e+00
2.328066110610961914e+00
2.599081277847290039e+00
2.670608043670654297e+00
3.112282752990722656e+00
2.204942703247070312e+00
3.293429136276245117e+00
2.767633914947509766e+00
2.724031925201416016e+00
2.982146024703979492e+00
2.666261672973632812e+00
2.277366161346435547e+00
2.831447839736938477e+00
2.972118139266967773e+00
2.345570802688598633e+00
2.815701961517333984e+00
2.491764068603515625e+00
3.211777687072753906e+00
2.485569000244140625e+00
2.142539024353027344e+00
2.251345872879028320e+00
2.977956056594848633e+00
2.715034723281860352e+00
2.427275180816650391e+00
3.058284044265747070e+00
2.058238983154296875e+00
2.496539831161499023e+00
2.701467752456665039e+00
1.866122961044311523e+00
2.787807941436767578e+00
2.541034936904907227e+00
2.555265903472900391e+00
2.903222084045410156e+00
3.265790939331054688e+00
2.527817964553833008e+00
2.916495084762573242e+00
3.401037931442260742e+00
3.000854015350341797e+00
3.061969041824340820e+00
2.245193958282470703e+00
2.876997947692871094e+00
2.597956895828247070e+00
2.773187875747680664e+00
2.632860898971557617e+00
2.376291036605834961e+00
3.036837816238403320e+00
2.646340131759643555e+00
2.515660047531127930e+00
2.655220031738281250e+00
2.618647098541259766e+00
2.749876022338867188e+00
3.027451992034912109e+00
3.042253017425537109e+00
3.052000045776367188e+00
2.454194068908691406e+00
2.187085151672363281e+00
2.505506038665771484e+00
1.817832231521606445e+00
3.187203168869018555e+00
3.138810873031616211e+00
3.097849130630493164e+00
2.796883106231689453e+00
2.527942895889282227e+00
2.565342903137207031e+00
2.952004194259643555e+00
1.849540710449218750e+00
3.255641937255859375e+00
2.457305908203125000e+00
2.373318910598754883e+00
2.789809703826904297e+00
2.671217918395996094e+00
2.203907728195190430e+00
2.773294687271118164e+00
2.552750110626220703e+00
2.540556192398071289e+00
2.165372848510742188e+00
3.287266969680786133e+00
3.046618938446044922e+00
2.458941936492919922e+00
2.789654016494750977e+00
2.448058843612670898e+00
2.766189813613891602e+00
2.998337030410766602e+00
2.472030878067016602e+00
2.859550237655639648e+00
2.204813718795776367e+00
2.818013191223144531e+00
2.004350900650024414e+00
2.703870058059692383e+00
2.394741058349609375e+00
2.491425037384033203e+00
3.111010074615478516e+00
2.518169879913330078e+00
2.594008207321166992e+00
2.349833011627197266e+00
2.916099071502685547e+00
2.954932928085327148e+00
2.924826145172119141e+00
2.672787904739379883e+00
2.929938316345214844e+00
2.753615140914916992e+00
2.497728824615478516e+00
2.901185035705566406e+00
2.581067085266113281e+00
2.766666889190673828e+00
2.933537006378173828e+00
2.508021116256713867e+00
2.432945251464843750e+00
2.472005128860473633e+00
2.637568950653076172e+00
2.591588258743286133e+00
2.180959939956665039e+00
2.926261901855468750e+00
2.712680101394653320e+00
1.980396032333374023e+00
2.539363145828247070e+00
2.242947816848754883e+00
2.736708879470825195e+00
2.447205066680908203e+00
2.653647899627685547e+00
3.368726968765258789e+00
2.483556032180786133e+00
3.511615037918090820e+00
2.638732910156250000e+00
2.642039060592651367e+00
3.535448074340820312e+00
2.406618833541870117e+00
3.311285018920898438e+00
2.960160255432128906e+00
2.435079813003540039e+00
2.211179971694946289e+00
2.850869894027709961e+00
2.852019071578979492e+00
3.206490993499755859e+00
2.718400001525878906e+00
3.928086996078491211e+00
3.320480823516845703e+00
2.742055177688598633e+00
2.593760013580322266e+00
3.373162984848022461e+00
2.460996866226196289e+00
2.438521862030029297e+00
2.764950990676879883e+00
3.371252059936523438e+00
2.814770221710205078e+00
3.065393209457397461e+00
2.873393774032592773e+00
3.636951923370361328e+00
2.357875108718872070e+00
2.863838911056518555e+00
3.085685014724731445e+00
2.297930955886840820e+00
3.676491975784301758e+00
3.550222158432006836e+00
3.292465925216674805e+00
2.393393754959106445e+00
3.802794933319091797e+00
3.916677713394165039e+00
3.034106969833374023e+00
2.176232814788818359e+00
3.900785207748413086e+00
2.476105928421020508e+00
3.165587902069091797e+00
3.102087259292602539e+00
2.189981937408447266e+00
2.066595077514648438e+00
4.038081884384155273e+00
2.615138053894042969e+00
2.701367855072021484e+00
2.714607954025268555e+00
3.831826210021972656e+00
2.329612970352172852e+00
3.375628948211669922e+00
3.452080726623535156e+00
2.945574998855590820e+00
3.087949991226196289e+00
3.847161054611206055e+00
2.918923854827880859e+00
2.879559755325317383e+00
2.882817029953002930e+00
2.978639125823974609e+00
2.197957038879394531e+00
3.040163993835449219e+00
3.468224048614501953e+00
2.497431039810180664e+00
3.723676919937133789e+00
3.120954990386962891e+00
3.512895822525024414e+00
4.584270000457763672e+00
2.821087360382080078e+00
3.352011919021606445e+00
3.538177967071533203e+00
3.207659006118774414e+00
2.887703895568847656e+00
2.953398942947387695e+00
3.351938962936401367e+00
3.111071825027465820e+00
4.285640954971313477e+00
3.056325912475585938e+00
2.949936151504516602e+00
3.421282052993774414e+00
2.987363815307617188e+00
3.541495084762573242e+00
3.252507686614990234e+00
2.699371099472045898e+00
3.291223049163818359e+00
2.920378208160400391e+00
3.372565984725952148e+00
2.954197883605957031e+00
1.895591020584106445e+00
3.030493736267089844e+00
3.473217964172363281e+00
3.480113983154296875e+00
3.417458057403564453e+00
3.566442966461181641e+00
3.538056135177612305e+00
2.874806165695190430e+00
3.351460218429565430e+00
3.413426876068115234e+00
2.902487039566040039e+00
2.394066810607910156e+00
2.519020080566406250e+00
2.729109048843383789e+00
2.384566068649291992e+00
2.482572078704833984e+00
3.567890167236328125e+00
2.412412881851196289e+00
2.415365934371948242e+00
3.278675794601440430e+00
2.848423719406127930e+00
2.650983810424804688e+00
3.300327062606811523e+00
2.743277072906494141e+00
2.902130126953125000e+00
3.716736078262329102e+00
2.732412815093994141e+00
2.680605888366699219e+00
2.350904226303100586e+00
3.465445041656494141e+00
4.148382902145385742e+00
3.478627681732177734e+00
2.352035045623779297e+00
3.148694992065429688e+00
2.260178089141845703e+00
2.089322090148925781e+00
3.249785900115966797e+00
3.706720113754272461e+00
3.725838899612426758e+00
2.326878070831298828e+00
2.667822122573852539e+00
2.256725072860717773e+00
2.951118946075439453e+00
2.867602109909057617e+00
2.431567192077636719e+00
3.029175996780395508e+00
2.455349922180175781e+00
2.790470838546752930e+00
3.115415811538696289e+00
2.687994003295898438e+00
2.686640977859497070e+00
2.500047206878662109e+00
2.785984992980957031e+00
2.955105066299438477e+00
2.290822982788085938e+00
2.949162006378173828e+00
2.749543905258178711e+00
2.623528957366943359e+00
2.292680978775024414e+00
2.651313066482543945e+00
2.856017112731933594e+00
3.085394859313964844e+00
2.841890096664428711e+00
2.729686021804809570e+00
2.857945919036865234e+00
3.046925783157348633e+00
2.517669916152954102e+00
2.806981801986694336e+00
3.201840877532958984e+00
1.983155965805053711e+00
2.593362092971801758e+00
2.878154039382934570e+00
2.962475776672363281e+00
2.689856052398681641e+00
2.716886997222900391e+00
2.471517801284790039e+00
3.415458917617797852e+00
3.279848098754882812e+00
2.849915981292724609e+00
2.723577022552490234e+00
2.430744886398315430e+00
2.316433906555175781e+00
2.167553186416625977e+00
2.881038904190063477e+00
2.767281055450439453e+00
3.141741037368774414e+00
2.956238269805908203e+00
2.873616933822631836e+00
2.681575298309326172e+00
2.773288965225219727e+00
2.812067031860351562e+00
3.023291110992431641e+00
3.149991035461425781e+00
3.826444864273071289e+00
3.507714033126831055e+00
3.496687889099121094e+00
3.020033836364746094e+00
1.765873908996582031e+00
2.976444959640502930e+00
3.298468828201293945e+00
2.769448995590209961e+00
2.471622943878173828e+00
2.737851858139038086e+00
2.284168958663940430e+00
3.377705097198486328e+00
2.623095750808715820e+00
3.251478910446166992e+00
3.471100330352783203e+00
2.779774904251098633e+00
2.982944011688232422e+00
2.889506101608276367e+00
3.667874813079833984e+00
2.797328948974609375e+00
2.474809885025024414e+00
2.854787111282348633e+00
3.185045957565307617e+00
3.035062074661254883e+00
3.112304210662841797e+00
2.482628107070922852e+00
3.143085956573486328e+00
3.249885797500610352e+00
2.325454711914062500e+00
2.259891033172607422e+00
2.445245027542114258e+00
2.923847913742065430e+00
2.276731967926025391e+00
2.629993438720703125e+00
2.502989768981933594e+00
3.399739027023315430e+00
3.042891979217529297e+00
2.934721946716308594e+00
3.001840353012084961e+00
2.957868814468383789e+00
2.984024047851562500e+00
3.537628889083862305e+00
2.877074003219604492e+00
2.925892114639282227e+00
2.674826860427856445e+00
3.254408121109008789e+00
3.333797931671142578e+00
2.674758911132812500e+00
3.063928127288818359e+00
3.083920955657958984e+00
2.568560123443603516e+00
2.825504064559936523e+00
3.068122863769531250e+00
3.295624256134033203e+00
3.221465826034545898e+00
3.299176931381225586e+00
2.097456932067871094e+00
3.226072788238525391e+00
2.708817958831787109e+00
2.909339904785156250e+00
2.674775123596191406e+00
3.117452144622802734e+00
2.755180120468139648e+00
3.260040760040283203e+00
2.807760953903198242e+00
3.248696088790893555e+00
2.554523944854736328e+00
2.677249908447265625e+00
2.657151937484741211e+00
2.940866947174072266e+00
2.855928182601928711e+00
2.690679073333740234e+00
3.661902904510498047e+00
3.888485908508300781e+00
2.841271162033081055e+00
2.318576097488403320e+00
2.696369171142578125e+00
2.690008878707885742e+00
2.491537094116210938e+00
3.373089075088500977e+00
3.122019052505493164e+00
3.129364967346191406e+00
2.353496074676513672e+00
2.291794300079345703e+00
2.504822969436645508e+00
2.880893945693969727e+00
3.128206014633178711e+00
2.832813024520874023e+00
3.278918981552124023e+00
3.630202054977416992e+00
2.477075099945068359e+00
3.758362770080566406e+00
2.716833829879760742e+00
3.358026981353759766e+00
2.895405054092407227e+00
3.156529188156127930e+00
3.005194902420043945e+00
3.421254158020019531e+00
2.361805200576782227e+00
3.077163934707641602e+00
2.326759815216064453e+00
2.562241077423095703e+00
2.402657032012939453e+00
2.416604995727539062e+00
3.718819856643676758e+00
2.504053115844726562e+00
2.532300710678100586e+00
3.405293226242065430e+00
2.718863964080810547e+00
2.256875991821289062e+00
2.539186954498291016e+00
1.928102016448974609e+00
2.515456199645996094e+00
2.549808025360107422e+00
2.256501913070678711e+00
2.599816083908081055e+00
2.665050983428955078e+00
2.872759103775024414e+00
2.958624124526977539e+00
2.796139955520629883e+00
2.837379932403564453e+00
2.106251001358032227e+00
2.226418256759643555e+00
2.468487977981567383e+00
2.794801235198974609e+00
2.638478755950927734e+00
2.731491088867187500e+00
2.914165019989013672e+00
3.081056118011474609e+00
3.139151096343994141e+00
2.854038000106811523e+00
2.626691102981567383e+00
2.350591182708740234e+00
2.177403926849365234e+00
2.888741254806518555e+00
2.202139854431152344e+00
2.665027856826782227e+00
3.397526979446411133e+00
3.437186002731323242e+00
2.440730810165405273e+00
2.720882892608642578e+00
2.633778095245361328e+00
2.281884908676147461e+00
2.848657131195068359e+00
2.533623933792114258e+00
2.217679262161254883e+00
2.495287895202636719e+00
2.707415103912353516e+00
2.795364141464233398e+00
2.894654035568237305e+00
2.879828929901123047e+00
3.083367824554443359e+00
2.884929180145263672e+00
2.938497066497802734e+00
2.576830148696899414e+00
2.919258117675781250e+00
2.665086984634399414e+00
3.083251953125000000e+00
2.724150896072387695e+00
2.239977121353149414e+00
2.582840681076049805e+00
2.732772111892700195e+00
2.730582952499389648e+00
2.717312097549438477e+00
1.987689018249511719e+00
2.505963087081909180e+00
3.665712833404541016e+00
2.561003923416137695e+00
2.717036962509155273e+00
2.243721961975097656e+00
3.043617963790893555e+00
2.445681810379028320e+00
3.018728017807006836e+00
2.997723102569580078e+00
3.178739070892333984e+00
2.600726842880249023e+00
2.792640924453735352e+00
2.763737916946411133e+00
2.480248928070068359e+00
2.547251939773559570e+00
2.811045885086059570e+00
2.401797771453857422e+00
2.263338804244995117e+00
2.407364130020141602e+00
2.491596937179565430e+00
2.836655855178833008e+00
3.059625864028930664e+00
2.833925724029541016e+00
2.265779018402099609e+00
2.455015897750854492e+00
2.709232091903686523e+00
2.713991165161132812e+00
3.286273002624511719e+00
2.881530761718750000e+00
3.721779823303222656e+00
3.731374979019165039e+00
2.570143222808837891e+00
2.550271034240722656e+00
2.562133073806762695e+00
3.079169034957885742e+00
2.610954999923706055e+00
2.622182846069335938e+00
2.733677148818969727e+00
2.059963226318359375e+00
3.662542819976806641e+00
3.115967988967895508e+00
3.185569047927856445e+00
3.212462902069091797e+00
2.464498043060302734e+00
2.346279859542846680e+00
3.319737911224365234e+00
2.921153068542480469e+00
2.951629877090454102e+00
2.959754943847656250e+00
2.482831001281738281e+00
2.570614099502563477e+00
3.256731986999511719e+00
3.409725189208984375e+00
2.414782762527465820e+00
3.493309259414672852e+00
2.881887912750244141e+00
2.704041004180908203e+00
2.672176122665405273e+00
2.700289011001586914e+00
2.053199052810668945e+00
3.108083248138427734e+00
3.570641279220581055e+00
2.813279867172241211e+00
2.809649944305419922e+00
2.840317964553833008e+00
3.178474903106689453e+00
2.778357982635498047e+00
2.245184183120727539e+00
2.627318143844604492e+00
2.121227979660034180e+00
2.014822959899902344e+00
3.535950899124145508e+00
3.458582878112792969e+00
2.152067899703979492e+00
2.491056919097900391e+00
2.728826761245727539e+00
2.660033226013183594e+00
2.555258750915527344e+00
2.357346057891845703e+00
2.934034109115600586e+00
2.575631141662597656e+00
2.338972091674804688e+00
2.851362705230712891e+00
2.443418025970458984e+00
2.657916784286499023e+00
2.346884012222290039e+00
2.575578927993774414e+00
2.899472951889038086e+00
2.889230251312255859e+00
2.481198072433471680e+00
1.916706085205078125e+00
2.628890037536621094e+00
2.258794784545898438e+00
2.780815839767456055e+00
2.821976661682128906e+00
2.829317092895507812e+00
2.393710136413574219e+00
2.643708229064941406e+00
2.982326984405517578e+00
2.474303960800170898e+00
2.590575933456420898e+00
2.389989852905273438e+00
2.898869991302490234e+00
2.946638822555541992e+00
2.446469306945800781e+00
3.172371149063110352e+00
2.216978788375854492e+00
2.919209957122802734e+00
2.942517042160034180e+00
3.459740161895751953e+00
2.836816072463989258e+00
2.516354084014892578e+00
2.442900180816650391e+00
3.004808902740478516e+00
3.116392135620117188e+00
2.161714076995849609e+00
3.299533128738403320e+00
2.692665815353393555e+00
3.087139844894409180e+00
3.698925256729125977e+00
2.552000045776367188e+00
2.634265184402465820e+00
2.846646070480346680e+00
2.874172925949096680e+00
2.550923109054565430e+00
2.910403013229370117e+00
3.289490938186645508e+00
2.277627944946289062e+00
1.845984935760498047e+00
2.241711854934692383e+00
2.462267160415649414e+00
3.340792894363403320e+00
3.003170967102050781e+00
3.499620199203491211e+00
2.450993299484252930e+00
3.895549297332763672e+00
3.343816280364990234e+00
2.410531044006347656e+00
2.576566934585571289e+00
1.819351196289062500e+00
2.732568979263305664e+00
2.145817756652832031e+00
2.418522119522094727e+00
2.433380126953125000e+00
2.866270303726196289e+00
2.814503908157348633e+00
2.674181222915649414e+00
2.226259946823120117e+00
2.390153884887695312e+00
2.931442975997924805e+00
2.857942104339599609e+00
2.531351804733276367e+00
3.273935079574584961e+00
2.740217208862304688e+00
2.861307859420776367e+00
2.939513206481933594e+00
2.531361103057861328e+00
2.425008058547973633e+00
3.223921775817871094e+00
2.201415061950683594e+00
2.476161003112792969e+00
3.320112228393554688e+00
2.761317253112792969e+00
2.473144054412841797e+00
2.282540082931518555e+00
3.397894859313964844e+00
2.893007040023803711e+00
2.594684839248657227e+00
3.282277107238769531e+00
2.709597826004028320e+00
3.008503913879394531e+00
3.245146036148071289e+00
2.374237298965454102e+00
2.910566091537475586e+00
2.381893157958984375e+00
3.023248195648193359e+00
3.247283935546875000e+00
2.231901884078979492e+00
3.542938947677612305e+00
3.168612003326416016e+00
2.995042085647583008e+00
3.569199800491333008e+00
2.382627010345458984e+00
3.481378078460693359e+00
2.324522972106933594e+00
3.101907014846801758e+00
2.883220911026000977e+00
2.608080148696899414e+00
2.244121789932250977e+00
2.111936092376708984e+00
3.641973018646240234e+00
2.866999149322509766e+00
2.904752731323242188e+00
2.473049163818359375e+00
2.979727268218994141e+00
3.379800081253051758e+00
3.693008899688720703e+00
2.796400070190429688e+00
2.877321004867553711e+00
3.031121015548706055e+00
2.987761735916137695e+00
2.822844982147216797e+00
3.035308837890625000e+00
3.175667047500610352e+00
2.624260902404785156e+00
2.462098836898803711e+00
2.673840999603271484e+00
2.608208894729614258e+00
2.303338050842285156e+00
2.564027070999145508e+00
3.074277162551879883e+00
2.687144041061401367e+00
2.732533931732177734e+00
2.364916324615478516e+00
3.055235862731933594e+00
3.500012159347534180e+00
2.555107116699218750e+00
3.046782016754150391e+00
2.410856008529663086e+00
2.940238237380981445e+00
2.731327295303344727e+00
3.502852916717529297e+00
3.022331237792968750e+00
3.061851024627685547e+00
2.638643026351928711e+00
3.390520811080932617e+00
2.884445905685424805e+00
2.894115924835205078e+00
2.913072824478149414e+00
2.312401056289672852e+00
2.994512081146240234e+00
2.977728128433227539e+00
4.075857162475585938e+00
3.995527982711791992e+00
3.684641122817993164e+00
3.302461147308349609e+00
3.335600137710571289e+00
2.969264984130859375e+00
3.744012117385864258e+00
4.335924386978149414e+00
2.338670969009399414e+00
3.361746311187744141e+00
3.613477230072021484e+00
3.197528123855590820e+00
2.799322128295898438e+00
3.316822052001953125e+00
3.321280956268310547e+00
3.595346212387084961e+00
2.873804092407226562e+00
3.594218015670776367e+00
3.577373981475830078e+00
4.394814968109130859e+00
3.447559833526611328e+00
2.967840909957885742e+00
3.187288999557495117e+00
2.540479898452758789e+00
2.556623935699462891e+00
4.394691944122314453e+00
2.407827138900756836e+00
3.148024797439575195e+00
3.092944860458374023e+00
3.679475069046020508e+00
3.640213012695312500e+00
4.447000026702880859e+00
3.384253263473510742e+00
3.706881999969482422e+00
3.604507923126220703e+00
4.774372100830078125e+00
4.779419898986816406e+00
4.106489181518554688e+00
2.832138061523437500e+00
2.618793249130249023e+00
3.365314960479736328e+00
3.175876140594482422e+00
3.628053188323974609e+00
3.714705944061279297e+00
3.397133111953735352e+00
3.214234113693237305e+00
3.562377214431762695e+00
4.856115818023681641e+00
3.638742923736572266e+00
3.831036090850830078e+00
3.086735010147094727e+00
3.462315082550048828e+00
2.887184858322143555e+00
4.195212841033935547e+00
2.246431827545166016e+00
3.037090063095092773e+00
2.524578094482421875e+00
3.963153123855590820e+00
1.773237943649291992e+00
3.048447132110595703e+00
3.075028181076049805e+00
1.703176021575927734e+00
3.248779058456420898e+00
2.997570037841796875e+00
2.434121131896972656e+00
3.338768959045410156e+00
2.680515289306640625e+00
3.411375284194946289e+00
3.119975805282592773e+00
2.095485210418701172e+00
3.034918069839477539e+00
3.322576761245727539e+00
3.245453834533691406e+00
3.768854141235351562e+00
3.833040714263916016e+00
3.126391887664794922e+00
4.035397768020629883e+00
2.051357030868530273e+00
3.669472932815551758e+00
1.825620889663696289e+00
1.669969081878662109e+00
3.654572725296020508e+00
3.021381855010986328e+00
3.483829975128173828e+00
3.280967235565185547e+00
3.474893093109130859e+00
2.458688020706176758e+00
2.597494125366210938e+00
2.593717098236083984e+00
4.210516929626464844e+00
2.217592000961303711e+00
2.138984918594360352e+00
1.923554897308349609e+00
2.486121177673339844e+00
2.402064800262451172e+00
2.926325798034667969e+00
2.901006221771240234e+00
3.745666742324829102e+00
2.347617864608764648e+00
2.503806829452514648e+00
2.930253744125366211e+00
2.172008037567138672e+00
2.739267826080322266e+00
2.250096797943115234e+00
2.009839057922363281e+00
2.576462268829345703e+00
4.379866838455200195e+00
2.654802799224853516e+00
2.584272861480712891e+00
2.239089965820312500e+00
2.432069778442382812e+00
2.456489086151123047e+00
3.506179094314575195e+00
2.410897254943847656e+00
2.483843803405761719e+00
2.402602910995483398e+00
2.476982831954956055e+00
2.460141181945800781e+00
2.488312005996704102e+00
2.495687961578369141e+00
2.430612087249755859e+00
1.855345249176025391e+00
2.838678598403930664e+00
2.945753097534179688e+00
3.178422927856445312e+00
2.992487907409667969e+00
3.300158262252807617e+00
2.714647769927978516e+00
2.835150957107543945e+00
2.723850965499877930e+00
3.328624010086059570e+00
2.471609830856323242e+00
2.892916917800903320e+00
2.757409095764160156e+00
3.118227005004882812e+00
2.796221971511840820e+00
3.025409936904907227e+00
3.100260972976684570e+00
3.128951072692871094e+00
3.181207895278930664e+00
2.829771041870117188e+00
3.668909072875976562e+00
3.075963973999023438e+00
3.004127979278564453e+00
3.237461566925048828e+00
2.324178934097290039e+00
3.203400373458862305e+00
3.429861307144165039e+00
3.444615840911865234e+00
2.647775888442993164e+00
2.349944114685058594e+00
2.570508718490600586e+00
3.249911069869995117e+00
2.656738996505737305e+00
3.416427850723266602e+00
2.994674205780029297e+00
4.204152107238769531e+00
2.516629695892333984e+00
2.551709890365600586e+00
2.561247110366821289e+00
2.596643686294555664e+00
2.872205018997192383e+00
2.798116922378540039e+00
2.896626234054565430e+00
2.215456962585449219e+00
2.725996971130371094e+00
2.878538846969604492e+00
2.954709053039550781e+00
3.619537830352783203e+00
2.108737230300903320e+00
2.970876932144165039e+00
1.942787170410156250e+00
5.073997974395751953e+00
2.357355117797851562e+00
2.494386196136474609e+00
2.277784109115600586e+00
3.044466257095336914e+00
2.078050136566162109e+00
2.054066181182861328e+00
2.201443195343017578e+00
2.010555028915405273e+00
3.337690114974975586e+00
2.327565908432006836e+00
3.035127878189086914e+00
2.820068120956420898e+00
2.560190916061401367e+00
3.150305986404418945e+00
1.951546907424926758e+00
2.564307928085327148e+00
2.328118085861206055e+00
2.315703868865966797e+00
3.985794067382812500e+00
4.022518873214721680e+00
2.745091915130615234e+00
4.149694204330444336e+00
2.633810997009277344e+00
3.202718973159790039e+00
3.176154851913452148e+00
4.197990179061889648e+00
3.543339014053344727e+00
3.539567708969116211e+00
2.541891098022460938e+00
3.780464172363281250e+00
3.023555994033813477e+00
4.196372985839843750e+00
3.098165035247802734e+00
4.371632099151611328e+00
3.893920183181762695e+00
2.276353597640991211e+00
2.673143863677978516e+00
3.305855989456176758e+00
2.427020072937011719e+00
4.050804853439331055e+00
4.794017076492309570e+00
3.396961212158203125e+00
3.173516035079956055e+00
4.728585958480834961e+00
4.757316112518310547e+00
2.894577980041503906e+00
3.926446199417114258e+00
2.872583150863647461e+00
2.253121852874755859e+00
3.657547950744628906e+00
2.784084081649780273e+00
2.522756814956665039e+00
3.555502891540527344e+00
3.605970859527587891e+00
3.618392229080200195e+00
2.560794830322265625e+00
3.069832324981689453e+00
2.860855102539062500e+00
2.734411001205444336e+00
2.401885747909545898e+00
4.341588973999023438e+00
2.524200916290283203e+00
3.952377796173095703e+00
2.215112924575805664e+00
4.414922952651977539e+00
2.458792924880981445e+00
2.494327068328857422e+00
2.710870027542114258e+00
3.592211008071899414e+00
2.706995010375976562e+00
2.674592971801757812e+00
1.924280166625976562e+00
2.859093904495239258e+00
2.528028249740600586e+00
3.276698112487792969e+00
2.765473842620849609e+00
1.994941234588623047e+00
3.098697185516357422e+00
2.108308076858520508e+00
2.616750717163085938e+00
3.414703130722045898e+00
1.871230125427246094e+00
3.117950916290283203e+00
3.953419208526611328e+00
3.019924163818359375e+00
3.631362915039062500e+00
3.048557996749877930e+00
3.086329698562622070e+00
2.970623970031738281e+00
2.814574956893920898e+00
2.074909925460815430e+00
2.714818000793457031e+00
3.517383813858032227e+00
3.195959091186523438e+00
4.618551969528198242e+00
4.019496917724609375e+00
2.183650016784667969e+00
2.588209867477416992e+00
2.383947849273681641e+00
3.521849870681762695e+00
2.321323156356811523e+00
2.431689262390136719e+00
3.122905731201171875e+00
2.199515104293823242e+00
2.638875246047973633e+00
2.324030160903930664e+00
2.412509918212890625e+00
2.456728219985961914e+00
2.528002023696899414e+00
2.101880073547363281e+00
2.547300100326538086e+00
2.200011730194091797e+00
2.613173007965087891e+00
2.771326065063476562e+00
2.682808160781860352e+00
2.045057058334350586e+00
2.778546810150146484e+00
2.480919122695922852e+00
2.746435165405273438e+00
3.059632778167724609e+00
3.084990978240966797e+00
3.082408905029296875e+00
2.421772003173828125e+00
2.227143764495849609e+00
2.772925138473510742e+00
1.836519002914428711e+00
2.426928997039794922e+00
3.467325210571289062e+00
2.426321983337402344e+00
2.635011911392211914e+00
2.392773866653442383e+00
2.532957792282104492e+00
2.525259971618652344e+00
2.927099704742431641e+00
2.940855979919433594e+00
3.068634986877441406e+00
2.989650964736938477e+00
2.963632106781005859e+00
3.111036062240600586e+00
3.009052038192749023e+00
3.081012010574340820e+00
3.037689924240112305e+00
2.972239732742309570e+00
3.117928028106689453e+00
3.210208177566528320e+00
3.151382923126220703e+00
3.037838220596313477e+00
3.123533010482788086e+00
3.011250019073486328e+00
3.428015708923339844e+00
3.288563966751098633e+00
3.043465375900268555e+00
3.076828956604003906e+00
2.374124050140380859e+00
2.146126985549926758e+00
2.878494024276733398e+00
3.012244939804077148e+00
3.114663124084472656e+00
3.110877037048339844e+00
2.830526828765869141e+00
3.150286912918090820e+00
3.177613019943237305e+00
3.211783885955810547e+00
2.513802289962768555e+00
1.805326223373413086e+00
3.288892030715942383e+00
3.212733030319213867e+00
3.602230072021484375e+00
3.500433921813964844e+00
2.873225927352905273e+00
2.877668142318725586e+00
2.970220804214477539e+00
2.297567129135131836e+00
2.057580232620239258e+00
2.180251836776733398e+00
3.626223087310791016e+00
2.566018104553222656e+00
3.169775009155273438e+00
3.474904060363769531e+00
3.201582908630371094e+00
2.781097173690795898e+00
3.516099929809570312e+00
3.306094169616699219e+00
3.788989067077636719e+00
3.689291000366210938e+00
3.711354970932006836e+00
3.280160903930664062e+00
2.526062011718750000e+00
2.385256052017211914e+00
2.054841995239257812e+00
3.020328044891357422e+00
2.166505098342895508e+00
2.214565277099609375e+00
2.531625986099243164e+00
2.928982973098754883e+00
3.213047266006469727e+00
2.402473926544189453e+00
2.818832159042358398e+00
2.389878988265991211e+00
3.289950847625732422e+00
3.474869012832641602e+00
2.925606966018676758e+00
4.364589929580688477e+00
2.545297145843505859e+00
2.018751382827758789e+00
2.606805086135864258e+00
2.480358839035034180e+00
2.420985221862792969e+00
1.888153076171875000e+00
1.776878118515014648e+00
3.759099006652832031e+00
4.395150184631347656e+00
2.354235887527465820e+00
2.096072912216186523e+00
2.427735090255737305e+00
2.152048826217651367e+00
3.026713132858276367e+00
2.550257921218872070e+00
3.063508033752441406e+00
2.769194841384887695e+00
2.666671991348266602e+00
2.202268838882446289e+00
2.613412857055664062e+00
2.381278991699218750e+00
2.116421222686767578e+00
3.157279014587402344e+00
4.723794937133789062e+00
2.570105075836181641e+00
2.385959148406982422e+00
2.587996244430541992e+00
2.140733957290649414e+00
2.669909954071044922e+00
2.773802042007446289e+00
2.847513914108276367e+00
2.741780281066894531e+00
2.700398683547973633e+00
2.926755189895629883e+00
2.239166975021362305e+00
2.334922075271606445e+00
2.378247976303100586e+00
2.301198005676269531e+00
2.042213201522827148e+00
2.814121961593627930e+00
2.440453052520751953e+00
2.795910835266113281e+00
2.444011926651000977e+00
3.161856889724731445e+00
2.226067066192626953e+00
2.441329956054687500e+00
1.981064796447753906e+00
1.867367029190063477e+00
2.862730979919433594e+00
1.858362913131713867e+00
2.902550935745239258e+00
1.953183174133300781e+00
2.502300024032592773e+00
2.145969152450561523e+00
3.418714284896850586e+00
2.854735851287841797e+00
3.310338973999023438e+00
2.412425994873046875e+00
3.374384880065917969e+00
3.085216999053955078e+00
3.848967075347900391e+00
3.595179557800292969e+00
2.625966072082519531e+00
3.818622827529907227e+00
3.563619852066040039e+00
3.559697866439819336e+00
3.582288980484008789e+00
3.410894870758056641e+00
4.058341026306152344e+00
4.022861957550048828e+00
3.997802019119262695e+00
3.093557596206665039e+00
2.433809995651245117e+00
2.496932744979858398e+00
4.068048954010009766e+00
3.862848043441772461e+00
3.760648250579833984e+00
4.066531181335449219e+00
3.216989994049072266e+00
2.801677942276000977e+00
4.135898828506469727e+00
3.896360874176025391e+00
3.394428968429565430e+00
3.223560094833374023e+00
4.584254026412963867e+00
3.266765832901000977e+00
3.204770088195800781e+00
4.305812120437622070e+00
2.768803119659423828e+00
2.935878038406372070e+00
2.795256614685058594e+00
3.651712179183959961e+00
3.148025035858154297e+00
3.637189149856567383e+00
4.833651304244995117e+00
3.686649084091186523e+00
2.745139122009277344e+00
3.467616081237792969e+00
2.787295103073120117e+00
2.557985067367553711e+00
4.696713924407958984e+00
3.165450096130371094e+00
4.483546733856201172e+00
3.667027950286865234e+00
2.823675870895385742e+00
2.369559049606323242e+00
2.766827821731567383e+00
3.602526903152465820e+00
3.090162992477416992e+00
3.102341890335083008e+00
3.165889978408813477e+00
3.803615808486938477e+00
2.459522724151611328e+00
2.844851970672607422e+00
3.013448953628540039e+00
2.739658117294311523e+00
2.996114969253540039e+00
3.231477022171020508e+00
2.351188421249389648e+00
3.045879125595092773e+00
1.533530712127685547e+00
2.639944076538085938e+00
2.584923267364501953e+00
3.572106838226318359e+00
2.684733867645263672e+00
4.080184936523437500e+00
2.658155679702758789e+00
3.186080932617187500e+00
3.265844106674194336e+00
2.574377298355102539e+00
2.369807004928588867e+00
2.005082130432128906e+00
3.485915899276733398e+00
2.054418802261352539e+00
1.756089210510253906e+00
2.523568868637084961e+00
1.946913719177246094e+00
1.987327814102172852e+00
3.471861839294433594e+00
1.636340141296386719e+00
2.058277845382690430e+00
2.701501131057739258e+00
3.389899015426635742e+00
2.116955995559692383e+00
2.031728029251098633e+00
2.130366086959838867e+00
2.236572980880737305e+00
2.691453933715820312e+00
2.343515872955322266e+00
2.372037887573242188e+00
2.347358942031860352e+00
2.203392982482910156e+00
2.645772218704223633e+00
2.337900638580322266e+00
2.128976821899414062e+00
2.577647924423217773e+00
2.402921915054321289e+00
2.557848930358886719e+00
2.781272172927856445e+00
2.316327095031738281e+00
2.889832973480224609e+00
2.992558956146240234e+00
2.358108043670654297e+00
2.616508007049560547e+00
2.221820831298828125e+00
2.978128194808959961e+00
2.995771884918212891e+00
3.078296899795532227e+00
3.182106733322143555e+00
3.039269208908081055e+00
2.886837959289550781e+00
2.692523002624511719e+00
2.975671052932739258e+00
2.828254938125610352e+00
2.823069334030151367e+00
2.704869747161865234e+00
2.402142047882080078e+00
3.204470872879028320e+00
2.975933313369750977e+00
3.392999172210693359e+00
2.958557844161987305e+00
2.602076053619384766e+00
3.450729370117187500e+00
3.011497974395751953e+00
3.432081937789916992e+00
2.487823009490966797e+00
3.326061010360717773e+00
3.159667015075683594e+00
3.121374845504760742e+00
3.448951959609985352e+00
3.102287054061889648e+00
3.863981723785400391e+00
2.885494709014892578e+00
2.899183988571166992e+00
3.476473093032836914e+00
3.017958879470825195e+00
3.538950920104980469e+00
3.086355924606323242e+00
3.435813903808593750e+00
3.415946006774902344e+00
2.680486917495727539e+00
3.459687948226928711e+00
3.012457847595214844e+00
3.123413085937500000e+00
2.002228021621704102e+00
2.888960123062133789e+00
2.604820966720581055e+00
3.169023990631103516e+00
2.331189155578613281e+00
2.408233880996704102e+00
1.976291179656982422e+00
2.122008800506591797e+00
3.447031021118164062e+00
3.141429901123046875e+00
3.539929151535034180e+00
3.343150854110717773e+00
2.045022964477539062e+00
2.528148889541625977e+00
2.262342929840087891e+00
2.645447015762329102e+00
3.069384098052978516e+00
2.317934036254882812e+00
3.690515995025634766e+00
2.990809917449951172e+00
2.002748966217041016e+00
2.333868026733398438e+00
2.208372116088867188e+00
2.091614961624145508e+00
3.760302066802978516e+00
4.142553806304931641e+00
3.048760175704956055e+00
2.515056848526000977e+00
2.598444700241088867e+00
2.892289876937866211e+00
2.256748676300048828e+00
1.969716787338256836e+00
2.283293008804321289e+00
2.620764017105102539e+00
2.778493165969848633e+00
2.992668151855468750e+00
2.584435224533081055e+00
2.155675888061523438e+00
3.912384033203125000e+00
2.253350257873535156e+00
2.940966844558715820e+00
2.590208053588867188e+00
2.322896242141723633e+00
3.068829774856567383e+00
2.519565105438232422e+00
2.134729862213134766e+00
2.190112829208374023e+00
2.537333011627197266e+00
3.264358282089233398e+00
3.119909763336181641e+00
3.236403942108154297e+00
3.148561239242553711e+00
3.252964019775390625e+00
2.130372047424316406e+00
3.213644981384277344e+00
2.477758884429931641e+00
3.453005075454711914e+00
2.679544210433959961e+00
3.288849830627441406e+00
2.169293165206909180e+00
2.032541990280151367e+00
3.368941068649291992e+00
3.473193407058715820e+00
2.350176095962524414e+00
2.396018266677856445e+00
2.483734846115112305e+00
2.697226047515869141e+00
2.652450799942016602e+00
2.957541942596435547e+00
2.817392826080322266e+00
3.998319864273071289e+00
2.867650032043457031e+00
2.417685031890869141e+00
2.860420227050781250e+00
2.633531808853149414e+00
2.940180063247680664e+00
2.899647951126098633e+00
2.477853059768676758e+00
2.270808935165405273e+00
1.943073987960815430e+00
2.460605382919311523e+00
2.359267234802246094e+00
2.269832849502563477e+00
1.703657865524291992e+00
2.765618801116943359e+00
2.400749921798706055e+00
2.119663000106811523e+00
2.436403989791870117e+00
2.882915973663330078e+00
2.405214309692382812e+00
2.803577184677124023e+00
1.734964847564697266e+00
2.485565900802612305e+00
3.568727970123291016e+00
2.981227874755859375e+00
3.589549064636230469e+00
2.842380762100219727e+00
2.756906032562255859e+00
2.784968852996826172e+00
2.610300064086914062e+00
2.747967958450317383e+00
2.278508186340332031e+00
2.230641841888427734e+00
3.398168087005615234e+00
2.242085933685302734e+00
2.524875164031982422e+00
3.014271974563598633e+00
3.660772800445556641e+00
2.190891027450561523e+00
2.030535936355590820e+00
2.410046100616455078e+00
2.452220916748046875e+00
2.670143842697143555e+00
2.392564058303833008e+00
2.764473915100097656e+00
2.794011831283569336e+00
2.390496015548706055e+00
1.901295900344848633e+00
2.621312141418457031e+00
2.309950351715087891e+00
2.650328159332275391e+00
2.153278112411499023e+00
2.305368900299072266e+00
2.676098108291625977e+00
2.705232858657836914e+00
2.329669713973999023e+00
2.997013092041015625e+00
2.798388957977294922e+00
2.906690120697021484e+00
3.020068645477294922e+00
3.177860021591186523e+00
2.694149971008300781e+00
3.254681825637817383e+00
2.905453920364379883e+00
3.012782096862792969e+00
2.726872205734252930e+00
2.694485902786254883e+00
3.695544004440307617e+00
2.436753988265991211e+00
3.411291837692260742e+00
3.629436969757080078e+00
2.266957044601440430e+00
2.817643880844116211e+00
3.098539113998413086e+00
2.969693899154663086e+00
3.680646896362304688e+00
3.309985160827636719e+00
2.934127092361450195e+00
3.651931285858154297e+00
3.671720981597900391e+00
2.235572814941406250e+00
2.825289011001586914e+00
2.922624111175537109e+00
3.769227027893066406e+00
2.341428995132446289e+00
3.148925065994262695e+00
2.876312017440795898e+00
3.269468307495117188e+00
3.016094923019409180e+00
3.834385156631469727e+00
2.544753074645996094e+00
2.518986940383911133e+00
2.502001047134399414e+00
2.513389825820922852e+00
3.881041049957275391e+00
2.971869230270385742e+00
2.792214870452880859e+00
3.814319133758544922e+00
2.684374809265136719e+00
4.305545330047607422e+00
3.745507001876831055e+00
2.745749950408935547e+00
4.039643049240112305e+00
2.748837232589721680e+00
2.807496786117553711e+00
2.463415145874023438e+00
2.813666105270385742e+00
2.982463121414184570e+00
2.425675153732299805e+00
2.690136909484863281e+00
3.308114290237426758e+00
2.941605091094970703e+00
2.530304908752441406e+00
2.738208770751953125e+00
2.530966997146606445e+00
2.837311983108520508e+00
3.188162088394165039e+00
2.782529115676879883e+00
2.291601896286010742e+00
2.818514823913574219e+00
1.889774799346923828e+00
3.273093938827514648e+00
3.322805881500244141e+00
2.851490974426269531e+00
3.289638996124267578e+00
2.939594984054565430e+00
3.252592086791992188e+00
3.226391077041625977e+00
2.223474979400634766e+00
2.301448345184326172e+00
3.391031026840209961e+00
2.300703048706054688e+00
2.165035724639892578e+00
2.729753017425537109e+00
2.658610105514526367e+00
3.297259807586669922e+00
1.961122989654541016e+00
3.550884008407592773e+00
2.689076900482177734e+00
2.822448968887329102e+00
2.535687923431396484e+00
2.369323015213012695e+00
2.823047876358032227e+00
2.508949995040893555e+00
2.897301197052001953e+00
2.905102729797363281e+00
2.470087289810180664e+00
2.907377958297729492e+00
3.009214878082275391e+00
3.181704998016357422e+00
3.890366077423095703e+00
2.718837022781372070e+00
2.922697067260742188e+00
2.777202129364013672e+00
2.750375032424926758e+00
2.820932149887084961e+00
2.261381149291992188e+00
3.332837820053100586e+00
2.755612850189208984e+00
2.949427843093872070e+00
3.072647094726562500e+00
4.136117935180664062e+00
3.564035177230834961e+00
2.898952007293701172e+00
2.615375041961669922e+00
2.495784997940063477e+00
3.114430904388427734e+00
3.202525138854980469e+00
2.405162096023559570e+00
3.927019119262695312e+00
3.747659921646118164e+00
2.508119106292724609e+00
1.875361919403076172e+00
3.359303951263427734e+00
3.043505191802978516e+00
3.497424840927124023e+00
3.272561788558959961e+00
3.327028989791870117e+00
2.296247005462646484e+00
3.255376815795898438e+00
2.914741992950439453e+00
2.364030838012695312e+00
2.739358901977539062e+00
2.563322782516479492e+00
2.050525188446044922e+00
2.366255760192871094e+00
2.697178125381469727e+00
2.616008996963500977e+00
2.491309881210327148e+00
1.867201805114746094e+00
2.362807035446166992e+00
2.051614999771118164e+00
2.322970867156982422e+00
3.162784099578857422e+00
2.173402786254882812e+00
2.344401121139526367e+00
2.846912145614624023e+00
2.680959939956665039e+00
3.171686887741088867e+00
3.278036117553710938e+00
3.395691156387329102e+00
3.174335956573486328e+00
2.699250936508178711e+00
2.929897069931030273e+00
1.792531013488769531e+00
2.945573091506958008e+00
3.529119968414306641e+00
3.861973047256469727e+00
2.888321876525878906e+00
2.661065816879272461e+00
2.826106071472167969e+00
2.459667921066284180e+00
2.346611976623535156e+00
2.255933761596679688e+00
2.714858055114746094e+00
3.526468038558959961e+00
3.179882049560546875e+00
2.775672674179077148e+00
2.330174207687377930e+00
3.228336811065673828e+00
2.685897827148437500e+00
3.271818876266479492e+00
2.387262821197509766e+00
3.197550058364868164e+00
2.186008930206298828e+00
3.333267927169799805e+00
2.765568733215332031e+00
2.881200075149536133e+00
3.748980998992919922e+00
3.937205076217651367e+00
3.208741903305053711e+00
3.036936998367309570e+00
2.531356811523437500e+00
3.124588012695312500e+00
3.102481842041015625e+00
3.201439857482910156e+00
3.313315153121948242e+00
3.211446046829223633e+00
3.085200786590576172e+00
2.961719036102294922e+00
2.326286077499389648e+00
2.824486732482910156e+00
2.781809091567993164e+00
2.298894882202148438e+00
3.405076026916503906e+00
2.229196786880493164e+00
3.221041917800903320e+00
1.498184204101562500e+00
2.294723987579345703e+00
2.674568891525268555e+00
2.313461065292358398e+00
3.941528081893920898e+00
1.846886157989501953e+00
2.591575860977172852e+00
4.394429922103881836e+00
3.730340719223022461e+00
4.311003923416137695e+00
1.664228200912475586e+00
3.170156955718994141e+00
2.739428997039794922e+00
2.903000116348266602e+00
2.711422920227050781e+00
2.630493879318237305e+00
2.360172033309936523e+00
2.769459009170532227e+00
1.834536790847778320e+00
2.515845298767089844e+00
2.752061128616333008e+00
2.741266965866088867e+00
2.793505907058715820e+00
2.521294116973876953e+00
3.145199060440063477e+00
1.795254945755004883e+00
2.142119169235229492e+00
2.957736015319824219e+00
2.366648912429809570e+00
2.428277015686035156e+00
1.769839286804199219e+00
2.457276821136474609e+00
2.475671052932739258e+00
2.753121852874755859e+00
2.394345998764038086e+00
3.302650213241577148e+00
2.687417268753051758e+00
3.065997838973999023e+00
2.727029800415039062e+00
2.031483888626098633e+00
2.416857242584228516e+00
3.261365890502929688e+00
2.507405042648315430e+00
2.177726030349731445e+00
3.082434892654418945e+00
2.230619192123413086e+00
2.400354146957397461e+00
2.804585933685302734e+00
2.476258993148803711e+00
2.209784030914306641e+00
2.313374996185302734e+00
2.059729814529418945e+00
2.968110084533691406e+00
2.188384056091308594e+00
2.350471019744873047e+00
2.878543138504028320e+00
3.176047801971435547e+00
2.362680196762084961e+00
3.384732007980346680e+00
3.259068965911865234e+00
2.942140817642211914e+00
2.175225734710693359e+00
2.742448091506958008e+00
2.938609123229980469e+00
3.311236143112182617e+00
3.290552139282226562e+00
3.137276887893676758e+00
2.551163911819458008e+00
2.658465147018432617e+00
3.616345882415771484e+00
3.466100931167602539e+00
2.212507247924804688e+00
3.407539129257202148e+00
3.456074953079223633e+00
2.320484876632690430e+00
2.903325319290161133e+00
3.753722906112670898e+00
3.785408973693847656e+00
2.880778074264526367e+00
2.568698883056640625e+00
2.645772933959960938e+00
2.226545810699462891e+00
2.189215898513793945e+00
2.220189094543457031e+00
2.262502193450927734e+00
2.461465120315551758e+00
2.190482139587402344e+00
2.560168981552124023e+00
2.858895778656005859e+00
2.592429161071777344e+00
2.950611114501953125e+00
2.318150997161865234e+00
2.368615865707397461e+00
3.117692232131958008e+00
2.336097955703735352e+00
2.865293979644775391e+00
2.197526931762695312e+00
2.491610765457153320e+00
2.033839941024780273e+00
3.311858892440795898e+00
2.811003684997558594e+00
3.471593856811523438e+00
2.392363071441650391e+00
2.119870901107788086e+00
3.502342224121093750e+00
2.751127958297729492e+00
2.121955871582031250e+00
3.253918886184692383e+00
2.158231019973754883e+00
2.602924585342407227e+00
3.092570066452026367e+00
2.146605730056762695e+00
4.419915914535522461e+00
2.369793653488159180e+00
3.387594938278198242e+00
2.499760150909423828e+00
2.367542028427124023e+00
2.468158006668090820e+00
2.529187917709350586e+00
2.217822074890136719e+00
2.882308244705200195e+00
2.777637004852294922e+00
2.386471033096313477e+00
2.633867979049682617e+00
2.469810009002685547e+00
2.932363986968994141e+00
3.138950347900390625e+00
2.276857137680053711e+00
2.947854042053222656e+00
2.631370067596435547e+00
2.460221290588378906e+00
4.728211879730224609e+00
2.480605125427246094e+00
2.703782320022583008e+00
2.696218967437744141e+00
2.945652961730957031e+00
3.358154058456420898e+00
3.009735107421875000e+00
2.786918878555297852e+00
3.068252325057983398e+00
1.948258876800537109e+00
2.272407054901123047e+00
3.233497142791748047e+00
3.548177003860473633e+00
2.462072134017944336e+00
2.824006795883178711e+00
3.123325824737548828e+00
2.609848737716674805e+00
2.494547128677368164e+00
3.851125955581665039e+00
2.674214839935302734e+00
2.981155872344970703e+00
2.344828844070434570e+00
2.327890157699584961e+00
2.525272130966186523e+00
2.673818111419677734e+00
3.759734153747558594e+00
4.061526060104370117e+00
2.720732927322387695e+00
2.417135000228881836e+00
2.914214849472045898e+00
4.221296072006225586e+00
2.255581378936767578e+00
2.751952886581420898e+00
4.278414011001586914e+00
2.121996879577636719e+00
2.577633857727050781e+00
4.292001962661743164e+00
4.274839878082275391e+00
3.259258985519409180e+00
2.960183143615722656e+00
3.198940038681030273e+00
3.627919197082519531e+00
4.466445922851562500e+00
2.511034011840820312e+00
3.056303262710571289e+00
2.773882150650024414e+00
3.225836992263793945e+00
2.585606098175048828e+00
2.702471971511840820e+00
2.520581007003784180e+00
2.965348958969116211e+00
3.012733936309814453e+00
2.000279903411865234e+00
2.528002977371215820e+00
1.916825294494628906e+00
2.909164905548095703e+00
2.033010959625244141e+00
3.011126041412353516e+00
3.065834999084472656e+00
3.043768882751464844e+00
2.738199710845947266e+00
2.438566923141479492e+00
3.204636812210083008e+00
3.076509952545166016e+00
2.610737085342407227e+00
2.925436973571777344e+00
2.363765954971313477e+00
2.392933845520019531e+00
4.158993005752563477e+00
2.401463985443115234e+00
2.449589014053344727e+00
2.515508890151977539e+00
2.243121147155761719e+00
2.008099079132080078e+00
2.339881896972656250e+00
2.941112279891967773e+00
2.220414876937866211e+00
2.506107091903686523e+00
3.149796247482299805e+00
2.260581731796264648e+00
1.914789915084838867e+00
3.086868047714233398e+00
2.437666654586791992e+00
2.244885206222534180e+00
2.314713001251220703e+00
2.881122112274169922e+00
2.343624830245971680e+00
2.407462120056152344e+00
3.241042137145996094e+00
2.434438943862915039e+00
2.806127071380615234e+00
3.171519041061401367e+00
2.663015842437744141e+00
2.569619894027709961e+00
2.629083156585693359e+00
3.147025346755981445e+00
2.175493955612182617e+00
2.456248044967651367e+00
2.854534149169921875e+00
2.412076950073242188e+00
2.271602869033813477e+00
2.288716077804565430e+00
3.719263315200805664e+00
2.492324829101562500e+00
3.326663017272949219e+00
3.046593904495239258e+00
2.660440921783447266e+00
2.744558095932006836e+00
2.325691938400268555e+00
2.215050220489501953e+00
3.251682043075561523e+00
3.078746080398559570e+00
3.219101905822753906e+00
2.818247079849243164e+00
2.331862688064575195e+00
2.811474800109863281e+00
2.002696990966796875e+00
3.462775230407714844e+00
3.015320062637329102e+00
3.688549757003784180e+00
2.615469217300415039e+00
2.635385990142822266e+00
3.221134901046752930e+00
3.191168069839477539e+00
2.557763099670410156e+00
3.431306838989257812e+00
3.649660348892211914e+00
3.690492868423461914e+00
3.293956279754638672e+00
2.481534957885742188e+00
1.817950963973999023e+00
2.274233102798461914e+00
2.706208944320678711e+00
2.715721130371093750e+00
2.765548944473266602e+00
2.631251811981201172e+00
2.442291021347045898e+00
1.793072938919067383e+00
2.809988021850585938e+00
1.670665979385375977e+00
2.599313735961914062e+00
2.821604013442993164e+00
2.626549005508422852e+00
2.598002910614013672e+00
2.184014797210693359e+00
1.859509944915771484e+00
3.183191061019897461e+00
2.900724887847900391e+00
2.889482021331787109e+00
2.872366905212402344e+00
2.872112035751342773e+00
2.441605091094970703e+00
2.072045087814331055e+00
2.311592340469360352e+00
1.715144872665405273e+00
2.477867841720581055e+00
2.187606096267700195e+00
2.480626821517944336e+00
2.295701980590820312e+00
2.356304883956909180e+00
2.632138013839721680e+00
2.014299154281616211e+00
2.672472953796386719e+00
2.264958858489990234e+00
2.646167039871215820e+00
2.495244979858398438e+00
1.935594081878662109e+00
2.196593999862670898e+00
2.448244810104370117e+00
3.211161851882934570e+00
2.572339773178100586e+00
2.620150089263916016e+00
2.622723102569580078e+00
2.217521905899047852e+00
2.889544010162353516e+00
1.908291101455688477e+00
2.014455080032348633e+00
3.091614961624145508e+00
2.703560829162597656e+00
2.295326948165893555e+00
2.178893089294433594e+00
2.338181972503662109e+00
3.015806913375854492e+00
2.485821008682250977e+00
2.465147733688354492e+00
3.475623846054077148e+00
2.790390014648437500e+00
2.424951076507568359e+00
1.828669071197509766e+00
2.787080287933349609e+00
2.180439949035644531e+00
2.898432016372680664e+00
3.481762886047363281e+00
2.383446931838989258e+00
3.063414096832275391e+00
2.033426046371459961e+00
2.641081809997558594e+00
2.825707912445068359e+00
3.693708181381225586e+00
3.361532926559448242e+00
3.397104024887084961e+00
3.695039033889770508e+00
2.520019054412841797e+00
3.335211992263793945e+00
2.062988996505737305e+00
2.174023151397705078e+00
2.828105926513671875e+00
2.290442943572998047e+00
1.970537900924682617e+00
1.947957038879394531e+00
2.394024848937988281e+00
1.776757955551147461e+00
2.790232658386230469e+00
2.893210887908935547e+00
2.931012153625488281e+00
2.135305881500244141e+00
2.516816854476928711e+00
1.703464984893798828e+00
2.485341072082519531e+00
2.030876159667968750e+00
2.540817975997924805e+00
2.668360948562622070e+00
1.638543844223022461e+00
2.330451965332031250e+00
2.991836071014404297e+00
2.220987081527709961e+00
2.853697061538696289e+00
2.487754106521606445e+00
2.688926219940185547e+00
2.521476984024047852e+00
3.483314275741577148e+00
2.614367008209228516e+00
2.702159881591796875e+00
2.646625041961669922e+00
2.330389976501464844e+00
2.566874027252197266e+00
2.305124998092651367e+00
2.645973920822143555e+00
2.726261854171752930e+00
3.237405061721801758e+00
2.218808174133300781e+00
2.434149026870727539e+00
2.518290996551513672e+00
3.292665958404541016e+00
2.143812894821166992e+00
2.839824199676513672e+00
3.114900350570678711e+00
1.628444910049438477e+00
2.682587862014770508e+00
1.661216974258422852e+00
2.320363998413085938e+00
2.450403690338134766e+00
2.496284961700439453e+00
2.382314205169677734e+00
3.679729938507080078e+00
2.159582853317260742e+00
2.992526769638061523e+00
2.853765010833740234e+00
1.957231283187866211e+00
2.101388931274414062e+00
3.888898134231567383e+00
2.991436958312988281e+00
1.954442024230957031e+00
1.873520135879516602e+00
3.000293016433715820e+00
3.843588829040527344e+00
3.196853160858154297e+00
2.602452993392944336e+00
1.568214893341064453e+00
2.079262018203735352e+00
2.266966819763183594e+00
2.118165969848632812e+00
2.406583070755004883e+00
2.208778858184814453e+00
2.472891092300415039e+00
1.730783939361572266e+00
2.429542064666748047e+00
2.793093204498291016e+00
1.852330923080444336e+00
2.940634012222290039e+00
2.810898780822753906e+00
2.590584278106689453e+00
2.325503110885620117e+00
2.314958095550537109e+00
3.128931045532226562e+00
2.127040863037109375e+00
2.665555000305175781e+00
2.202675104141235352e+00
3.326062917709350586e+00
3.018970727920532227e+00
3.335582971572875977e+00
2.344847679138183594e+00
2.830146074295043945e+00
1.986591815948486328e+00
2.139112949371337891e+00
3.378495931625366211e+00
2.580467939376831055e+00
3.450499057769775391e+00
2.539463996887207031e+00
2.201384067535400391e+00
2.252336025238037109e+00
2.182390213012695312e+00
2.522222280502319336e+00
2.871733903884887695e+00
1.848367929458618164e+00
2.959810972213745117e+00
2.880931138992309570e+00
2.583075046539306641e+00
2.376597881317138672e+00
2.417480945587158203e+00
2.717522144317626953e+00
3.500349044799804688e+00
2.325670957565307617e+00
1.906620979309082031e+00
2.139249801635742188e+00
2.907148838043212891e+00
2.862638950347900391e+00
2.065227985382080078e+00
2.460065126419067383e+00
2.434569358825683594e+00
2.370819091796875000e+00
1.880203008651733398e+00
2.800772666931152344e+00
2.413484096527099609e+00
2.440861940383911133e+00
2.049174070358276367e+00
2.405722141265869141e+00
2.386125802993774414e+00
2.167095184326171875e+00
1.963393688201904297e+00
2.448972940444946289e+00
2.133362770080566406e+00
2.637674808502197266e+00
2.899422883987426758e+00
3.195236682891845703e+00
2.772258043289184570e+00
3.219706058502197266e+00
2.029226064682006836e+00
2.314505100250244141e+00
2.794691085815429688e+00
2.176367998123168945e+00
2.597459793090820312e+00
2.250478029251098633e+00
2.101930141448974609e+00
2.566777229309082031e+00
1.731481790542602539e+00
2.504101037979125977e+00
2.894351959228515625e+00
2.257976770401000977e+00
2.629601955413818359e+00
2.102009057998657227e+00
2.457049846649169922e+00
2.313959836959838867e+00
2.314829111099243164e+00
2.489476203918457031e+00
2.149927139282226562e+00
2.362932920455932617e+00
2.374163150787353516e+00
1.894240140914916992e+00
2.551060199737548828e+00
2.619745969772338867e+00
2.575212717056274414e+00
2.295477867126464844e+00
2.514147758483886719e+00
2.477393150329589844e+00
2.548437118530273438e+00
2.293450117111206055e+00
2.143429040908813477e+00
2.692130804061889648e+00
2.485188961029052734e+00
2.247426033020019531e+00
2.128691911697387695e+00
1.997877120971679688e+00
2.343828916549682617e+00
2.588840961456298828e+00
2.493698120117187500e+00
2.718975067138671875e+00
2.698624134063720703e+00
1.787171840667724609e+00
2.752898216247558594e+00
2.540685892105102539e+00
2.452017307281494141e+00
1.976774215698242188e+00
3.324323177337646484e+00
3.217120885848999023e+00
2.808910846710205078e+00
3.107665061950683594e+00
2.151585102081298828e+00
2.276360988616943359e+00
2.516700983047485352e+00
3.558196067810058594e+00
3.634371042251586914e+00
4.007002830505371094e+00
3.142340898513793945e+00
2.301707029342651367e+00
2.591291189193725586e+00
2.859714031219482422e+00
2.300440073013305664e+00
3.205946922302246094e+00
1.909509181976318359e+00
3.049605846405029297e+00
2.525662899017333984e+00
2.441476106643676758e+00
2.531983852386474609e+00
2.333680152893066406e+00
3.603628158569335938e+00
3.007444143295288086e+00
2.675533056259155273e+00
3.236046791076660156e+00
2.371623039245605469e+00
3.318984031677246094e+00
2.120377063751220703e+00
1.502558946609497070e+00
3.695114850997924805e+00
2.322430849075317383e+00
2.347455978393554688e+00
1.910013914108276367e+00
3.736600160598754883e+00
3.762684822082519531e+00
2.296439886093139648e+00
1.777184009552001953e+00
2.105848789215087891e+00
1.674716949462890625e+00
2.365767955780029297e+00
2.085626840591430664e+00
2.484902858734130859e+00
2.046000957489013672e+00
2.620230913162231445e+00
2.548171043395996094e+00
2.006042003631591797e+00
2.545742988586425781e+00
1.597898960113525391e+00
2.864918231964111328e+00
2.084933757781982422e+00
2.494519948959350586e+00
3.465103864669799805e+00
2.062427759170532227e+00
3.307436943054199219e+00
2.405141830444335938e+00
3.295211076736450195e+00
2.049009084701538086e+00
3.355183839797973633e+00
2.377266883850097656e+00
1.949776887893676758e+00
2.082508087158203125e+00
2.851148843765258789e+00
2.408844947814941406e+00
2.125712871551513672e+00
2.243743896484375000e+00
2.485162973403930664e+00
2.293768882751464844e+00
2.480721712112426758e+00
2.565554857254028320e+00
2.344045162200927734e+00
2.057915925979614258e+00
1.819017887115478516e+00
2.945497035980224609e+00
2.047139167785644531e+00
2.636808872222900391e+00
3.178706169128417969e+00
2.789539098739624023e+00
2.153453111648559570e+00
1.863879919052124023e+00
2.313689947128295898e+00
2.168311595916748047e+00
2.020687818527221680e+00
1.960975170135498047e+00
2.325670957565307617e+00
2.682349681854248047e+00
2.664966821670532227e+00
2.392822027206420898e+00
2.670539140701293945e+00
2.268348932266235352e+00
2.197228908538818359e+00
2.488870859146118164e+00
2.778261899948120117e+00
2.499370098114013672e+00
2.682682037353515625e+00
2.598211050033569336e+00
2.757656097412109375e+00
2.923626899719238281e+00
3.093782901763916016e+00
2.245815038681030273e+00
2.587325811386108398e+00
1.884216785430908203e+00
2.106613159179687500e+00
2.475945949554443359e+00
1.999146938323974609e+00
2.872250080108642578e+00
2.456146955490112305e+00
2.587418794631958008e+00
2.327587127685546875e+00
2.065149307250976562e+00
2.689839839935302734e+00
1.712263107299804688e+00
2.940629005432128906e+00
1.924339056015014648e+00
2.265876293182373047e+00
1.756524085998535156e+00
2.656248807907104492e+00
2.508881330490112305e+00
2.421367883682250977e+00
1.620704174041748047e+00
2.088893175125122070e+00
2.034386873245239258e+00
2.861772775650024414e+00
2.057488203048706055e+00
2.027390956878662109e+00
2.558324098587036133e+00
2.986618757247924805e+00
2.311424016952514648e+00
2.375737190246582031e+00
3.288800001144409180e+00
3.392035007476806641e+00
3.176548957824707031e+00
2.782651901245117188e+00
3.144643068313598633e+00
2.167677402496337891e+00
3.453229188919067383e+00
2.869346618652343750e+00
2.880169868469238281e+00
2.428561925888061523e+00
3.377881765365600586e+00
2.801388025283813477e+00
3.598397970199584961e+00
2.814674139022827148e+00
2.713478803634643555e+00
2.055769681930541992e+00
3.080938816070556641e+00
2.749196052551269531e+00
2.521715164184570312e+00
2.894821166992187500e+00
2.940302133560180664e+00
2.711735963821411133e+00
2.190796852111816406e+00
1.741959333419799805e+00
2.658172130584716797e+00
2.590839862823486328e+00
2.272224903106689453e+00
1.858876943588256836e+00
3.051113843917846680e+00
1.935479640960693359e+00
1.754043102264404297e+00
1.992623805999755859e+00
1.666296958923339844e+00
1.845579147338867188e+00
2.331847190856933594e+00
1.641682147979736328e+00
1.649160146713256836e+00
1.882520198822021484e+00
2.366400957107543945e+00
1.975296974182128906e+00
1.934341907501220703e+00
2.389127016067504883e+00
1.635375022888183594e+00
2.541382312774658203e+00
2.541629314422607422e+00
2.510136842727661133e+00
2.237529754638671875e+00
3.002903699874877930e+00
2.881004095077514648e+00
2.869168043136596680e+00
2.746151924133300781e+00
2.350261926651000977e+00
2.812061071395874023e+00
2.481503963470458984e+00
2.492721080780029297e+00
2.429751873016357422e+00
2.391921043395996094e+00
2.295587062835693359e+00
3.388417959213256836e+00
2.952575922012329102e+00
3.739716768264770508e+00
3.526873111724853516e+00
3.874227046966552734e+00
2.426572799682617188e+00
2.599941730499267578e+00
2.801465988159179688e+00
2.030148983001708984e+00
3.853643178939819336e+00
2.294131994247436523e+00
2.087539911270141602e+00
1.920848131179809570e+00
2.773045063018798828e+00
2.671566247940063477e+00
2.006283998489379883e+00
2.868493795394897461e+00
2.948790073394775391e+00
2.677486896514892578e+00
2.224537849426269531e+00
2.793593168258666992e+00
1.719481706619262695e+00
2.353423833847045898e+00
2.076200246810913086e+00
2.603199958801269531e+00
2.559661865234375000e+00
2.644619941711425781e+00
1.751004934310913086e+00
2.780510187149047852e+00
2.419202804565429688e+00
2.296262979507446289e+00
2.375171184539794922e+00
2.002210855484008789e+00
3.141461849212646484e+00
3.295721054077148438e+00
2.131148099899291992e+00
2.482810974121093750e+00
2.527817010879516602e+00
3.225178956985473633e+00
2.723690986633300781e+00
1.684986114501953125e+00
2.732433319091796875e+00
3.207345008850097656e+00
2.028793096542358398e+00
2.344463109970092773e+00
2.822141885757446289e+00
3.342343807220458984e+00
3.264446973800659180e+00
3.834787130355834961e+00
2.123481035232543945e+00
3.308574914932250977e+00
3.298544883728027344e+00
2.848320007324218750e+00
2.962601900100708008e+00
3.646261930465698242e+00
2.489751100540161133e+00
2.535959959030151367e+00
3.045061826705932617e+00
2.221602201461791992e+00
3.154220104217529297e+00
2.275224924087524414e+00
2.806282997131347656e+00
2.040306806564331055e+00
2.722736835479736328e+00
3.315207004547119141e+00
2.518312931060791016e+00
2.806546926498413086e+00
2.177265882492065430e+00
2.800330877304077148e+00
3.339456081390380859e+00
3.284523963928222656e+00
2.496840000152587891e+00
2.693899631500244141e+00
2.357284069061279297e+00
2.093973636627197266e+00
2.936242818832397461e+00
3.016332149505615234e+00
3.177304029464721680e+00
2.697001934051513672e+00
2.195415019989013672e+00
2.251899242401123047e+00
2.582446098327636719e+00
2.416439056396484375e+00
2.303496360778808594e+00
2.967381954193115234e+00
3.082606792449951172e+00
3.076285123825073242e+00
2.435306072235107422e+00
3.308587074279785156e+00
2.511146306991577148e+00
3.317719697952270508e+00
3.091996192932128906e+00
2.760058879852294922e+00
3.463541746139526367e+00
2.508322000503540039e+00
2.112643003463745117e+00
2.809266090393066406e+00
2.782324075698852539e+00
3.469697952270507812e+00
2.606553077697753906e+00
2.373318910598754883e+00
2.501283884048461914e+00
2.956141710281372070e+00
2.100741863250732422e+00
2.483511686325073242e+00
2.059442996978759766e+00
2.439943313598632812e+00
1.700937032699584961e+00
1.796212911605834961e+00
2.279068946838378906e+00
2.216486692428588867e+00
2.642437219619750977e+00
3.755581855773925781e+00
2.543856859207153320e+00
2.448392868041992188e+00
2.623693704605102539e+00
2.259995937347412109e+00
2.291975021362304688e+00
1.869051218032836914e+00
2.711395978927612305e+00
2.486251115798950195e+00
2.385750055313110352e+00
3.114205837249755859e+00
2.426414966583251953e+00
2.378601074218750000e+00
2.845329999923706055e+00
2.640184164047241211e+00
2.471577882766723633e+00
2.642464160919189453e+00
2.746246099472045898e+00
2.708482027053833008e+00
3.124166011810302734e+00
2.624424934387207031e+00
3.031023740768432617e+00
3.550263166427612305e+00
2.919282913208007812e+00
2.474993944168090820e+00
3.305783748626708984e+00
2.844868898391723633e+00
3.291252851486206055e+00
2.889981746673583984e+00
3.993662118911743164e+00
2.538816928863525391e+00
2.300939083099365234e+00
3.502635002136230469e+00
3.379706144332885742e+00
2.621300935745239258e+00
3.296877145767211914e+00
2.277787923812866211e+00
2.902558803558349609e+00
3.822741985321044922e+00
3.011737823486328125e+00
4.134824037551879883e+00
3.974928140640258789e+00
4.139560222625732422e+00
2.932469844818115234e+00
2.352873086929321289e+00
2.684471845626831055e+00
2.057677984237670898e+00
2.622328042984008789e+00
1.937490940093994141e+00
3.000978946685791016e+00
2.517379999160766602e+00
2.765063285827636719e+00
2.918689012527465820e+00
2.318916082382202148e+00
3.222187042236328125e+00
2.160470008850097656e+00
3.015660047531127930e+00
3.081965208053588867e+00
2.877318859100341797e+00
2.255114078521728516e+00
3.759912967681884766e+00
3.041115999221801758e+00
2.210203886032104492e+00
2.079859018325805664e+00
2.257619142532348633e+00
2.428734064102172852e+00
2.150014877319335938e+00
3.815527915954589844e+00
2.570422887802124023e+00
2.976567029953002930e+00
3.110983848571777344e+00
2.375296115875244141e+00
2.691937923431396484e+00
2.901858806610107422e+00
2.660220861434936523e+00
2.481460094451904297e+00
2.740769863128662109e+00
3.501618862152099609e+00
3.560148954391479492e+00
2.254052162170410156e+00
3.164566040039062500e+00
3.181331872940063477e+00
4.098257780075073242e+00
1.981789827346801758e+00
3.150706052780151367e+00
3.224017858505249023e+00
3.912386178970336914e+00
3.521401166915893555e+00
2.365876913070678711e+00
3.139126062393188477e+00
2.639622211456298828e+00
3.802116870880126953e+00
3.709650993347167969e+00
3.322357177734375000e+00
3.628967046737670898e+00
3.621844291687011719e+00
3.125235795974731445e+00
2.771709918975830078e+00
2.511079072952270508e+00
3.680414915084838867e+00
4.172839879989624023e+00
2.282669067382812500e+00
2.859579801559448242e+00
3.671967029571533203e+00
2.775838136672973633e+00
3.377057790756225586e+00
2.872119903564453125e+00
3.519763231277465820e+00
2.811434745788574219e+00
2.535804033279418945e+00
3.116863012313842773e+00
4.217780113220214844e+00
3.241513252258300781e+00
2.423663854598999023e+00
3.426160097122192383e+00
2.502257823944091797e+00
3.024663209915161133e+00
2.243216276168823242e+00
2.713288784027099609e+00
2.279872894287109375e+00
2.497629404067993164e+00
2.906749963760375977e+00
2.161775112152099609e+00
2.588906764984130859e+00
2.254001140594482422e+00
2.178407907485961914e+00
3.306427240371704102e+00
2.210963964462280273e+00
2.485069990158081055e+00
2.209635257720947266e+00
2.548919916152954102e+00
2.609156131744384766e+00
2.276119947433471680e+00
2.564759969711303711e+00
2.297611951828002930e+00
2.486661195755004883e+00
2.638674259185791016e+00
3.969730138778686523e+00
3.234732151031494141e+00
2.778496026992797852e+00
3.201805830001831055e+00
2.879378080368041992e+00
2.339574098587036133e+00
2.737203836441040039e+00
3.166139125823974609e+00
3.021411180496215820e+00
2.135322093963623047e+00
2.850992918014526367e+00
3.052024126052856445e+00
2.983447074890136719e+00
2.545108795166015625e+00
2.288499116897583008e+00
2.991400003433227539e+00
1.983624935150146484e+00
2.330044031143188477e+00
2.786391973495483398e+00
2.695568084716796875e+00
2.791213989257812500e+00
2.053629875183105469e+00
2.284146070480346680e+00
2.612502098083496094e+00
2.097274065017700195e+00
2.902253866195678711e+00
2.850497007369995117e+00
3.008278846740722656e+00
2.732466220855712891e+00
2.113365888595581055e+00
3.263853073120117188e+00
2.603607654571533203e+00
3.600371837615966797e+00
3.387840032577514648e+00
2.203778982162475586e+00
2.849687099456787109e+00
3.277028799057006836e+00
1.996025085449218750e+00
2.313611030578613281e+00
2.229230880737304688e+00
2.051131963729858398e+00
2.891700029373168945e+00
2.569865942001342773e+00
2.239026784896850586e+00
2.675060033798217773e+00
2.664504766464233398e+00
2.829668283462524414e+00
2.285989999771118164e+00
2.270803928375244141e+00
2.832252025604248047e+00
4.060287952423095703e+00
2.964278221130371094e+00
2.444415092468261719e+00
2.168655872344970703e+00
3.446474075317382812e+00
2.853477954864501953e+00
2.918781757354736328e+00
2.933508872985839844e+00
2.268913030624389648e+00
3.112243175506591797e+00
3.003427267074584961e+00
2.950212001800537109e+00
3.515063047409057617e+00
3.030055284500122070e+00
3.064911127090454102e+00
2.320071220397949219e+00
3.350673198699951172e+00
3.551830053329467773e+00
2.167791128158569336e+00
2.440526008605957031e+00
3.363230943679809570e+00
2.345372200012207031e+00
2.502708911895751953e+00
2.520123243331909180e+00
3.295550107955932617e+00
2.936760187149047852e+00
2.258809804916381836e+00
2.982352972030639648e+00
3.548020124435424805e+00
2.755769968032836914e+00
2.800756931304931641e+00
3.404729843139648438e+00
3.761263847351074219e+00
4.313468933105468750e+00
2.512897968292236328e+00
3.459099054336547852e+00
3.555881023406982422e+00
3.842759847640991211e+00
4.373350858688354492e+00
2.882532119750976562e+00
4.268923759460449219e+00
2.568767070770263672e+00
4.114189147949218750e+00
2.188759803771972656e+00
4.074015617370605469e+00
2.623363971710205078e+00
2.109611034393310547e+00
2.339780092239379883e+00
2.258128881454467773e+00
2.317770004272460938e+00
3.119946241378784180e+00
2.856759071350097656e+00
4.458717823028564453e+00
2.993834972381591797e+00
4.509639024734497070e+00
5.080494880676269531e+00
2.333395957946777344e+00
2.777118921279907227e+00
3.511248826980590820e+00
3.678891181945800781e+00
2.671550989151000977e+00
2.946398973464965820e+00
3.000705003738403320e+00
2.801272153854370117e+00
2.676975250244140625e+00
2.657379150390625000e+00
2.826220989227294922e+00
2.755210161209106445e+00
3.068070888519287109e+00
2.955185890197753906e+00
2.699801206588745117e+00
3.497378110885620117e+00
2.685670137405395508e+00
3.291985750198364258e+00
2.834293127059936523e+00
3.031522035598754883e+00
3.619859933853149414e+00
3.080410003662109375e+00
2.468105077743530273e+00
2.784328937530517578e+00
2.533759832382202148e+00
3.010316848754882812e+00
2.976171970367431641e+00
3.279083013534545898e+00
2.619091987609863281e+00
3.731464862823486328e+00
2.972130060195922852e+00
4.095167875289916992e+00
4.232801914215087891e+00
3.557484149932861328e+00
4.214220046997070312e+00
2.549756765365600586e+00
3.455221891403198242e+00
3.043148994445800781e+00
3.212038993835449219e+00
3.196323871612548828e+00
3.645866155624389648e+00
2.219382047653198242e+00
3.468753814697265625e+00
3.244838714599609375e+00
3.882785797119140625e+00
2.709794044494628906e+00
3.790090084075927734e+00
3.587143898010253906e+00
4.853285074234008789e+00
2.886467218399047852e+00
3.973420858383178711e+00
3.478523969650268555e+00
2.811267852783203125e+00
2.638296127319335938e+00
2.462147712707519531e+00
3.194459915161132812e+00
3.419886112213134766e+00
3.165787220001220703e+00
2.873652219772338867e+00
3.224703073501586914e+00
2.045254945755004883e+00
2.925198793411254883e+00
2.109150886535644531e+00
2.196997880935668945e+00
3.076501846313476562e+00
3.662616014480590820e+00
3.270639896392822266e+00
4.322055101394653320e+00
3.297363996505737305e+00
2.816251277923583984e+00
2.650941848754882812e+00
3.971632003784179688e+00
3.206254005432128906e+00
3.745145797729492188e+00
2.970103025436401367e+00
3.170689105987548828e+00
2.909105062484741211e+00
2.276697158813476562e+00
4.274384975433349609e+00
2.114796161651611328e+00
3.061293840408325195e+00
2.257252216339111328e+00
2.134039163589477539e+00
2.001180887222290039e+00
2.184883832931518555e+00
2.601902961730957031e+00
3.008341073989868164e+00
2.407993078231811523e+00
2.662507057189941406e+00
2.677069187164306641e+00
3.166367769241333008e+00
2.791732072830200195e+00
2.078619956970214844e+00
2.319113254547119141e+00
2.984844207763671875e+00
2.461136102676391602e+00
2.379743099212646484e+00
2.639108896255493164e+00
2.539659976959228516e+00
2.305840015411376953e+00
3.072227239608764648e+00
2.752125024795532227e+00
2.826503038406372070e+00
3.942959785461425781e+00
2.907897710800170898e+00
2.227263927459716797e+00
2.931809902191162109e+00
3.025113105773925781e+00
2.556672096252441406e+00
3.783333778381347656e+00
3.066134929656982422e+00
2.424540996551513672e+00
2.826809167861938477e+00
3.258126974105834961e+00
3.348510026931762695e+00
3.090559959411621094e+00
3.224518775939941406e+00
3.508492946624755859e+00
2.128228902816772461e+00
3.065635919570922852e+00
2.736340999603271484e+00
3.767736911773681641e+00
2.789471864700317383e+00
2.688472032546997070e+00
3.115162134170532227e+00
3.145559072494506836e+00
3.220000982284545898e+00
3.086230754852294922e+00
2.984565019607543945e+00
3.210196971893310547e+00
2.220622062683105469e+00
3.123157978057861328e+00
3.444935083389282227e+00
2.695047855377197266e+00
4.014032125473022461e+00
3.546674728393554688e+00
3.901270151138305664e+00
4.028133153915405273e+00
2.999242067337036133e+00
3.742944955825805664e+00
2.848290205001831055e+00
4.033483743667602539e+00
4.269485235214233398e+00
3.645685911178588867e+00
3.333141088485717773e+00
4.040600061416625977e+00
4.152364969253540039e+00
2.849222898483276367e+00
4.083487987518310547e+00
2.676895856857299805e+00
3.271183252334594727e+00
3.008369922637939453e+00
3.719566106796264648e+00
3.058560848236083984e+00
2.452290058135986328e+00
3.395267724990844727e+00
3.546168804168701172e+00
2.648479938507080078e+00
3.424384832382202148e+00
3.495932102203369141e+00
3.355609178543090820e+00
3.428956985473632812e+00
4.810652256011962891e+00
3.552984952926635742e+00
2.499903917312622070e+00
1.807923316955566406e+00
2.529777050018310547e+00
2.403568029403686523e+00
2.878803253173828125e+00
3.304312944412231445e+00
2.494513988494873047e+00
2.835474967956542969e+00
2.316825866699218750e+00
2.988816022872924805e+00
1.945959806442260742e+00
2.522817134857177734e+00
2.818310260772705078e+00
2.925024032592773438e+00
2.491414070129394531e+00
1.812211990356445312e+00
2.592947006225585938e+00
3.405465126037597656e+00
2.105699062347412109e+00
2.497202873229980469e+00
2.395586013793945312e+00
2.636301040649414062e+00
2.136859893798828125e+00
2.240146875381469727e+00
2.933855056762695312e+00
3.251999855041503906e+00
3.405962944030761719e+00
2.439710855484008789e+00
3.888641834259033203e+00
2.123032093048095703e+00
2.512825012207031250e+00
3.001723766326904297e+00
2.594361782073974609e+00
2.821578025817871094e+00
2.935457944869995117e+00
2.453495979309082031e+00
2.669438123703002930e+00
2.502415895462036133e+00
2.387084007263183594e+00
2.288814067840576172e+00
2.226420164108276367e+00
2.922944068908691406e+00
2.719696760177612305e+00
2.705175876617431641e+00
3.021421670913696289e+00
2.740811824798583984e+00
2.819738149642944336e+00
3.039408922195434570e+00
3.033073186874389648e+00
3.420801877975463867e+00
2.047086238861083984e+00
3.394498825073242188e+00
3.215064048767089844e+00
2.945668220520019531e+00
3.363659858703613281e+00
2.714345932006835938e+00
3.480081319808959961e+00
2.689953088760375977e+00
2.644500970840454102e+00
2.957745790481567383e+00
2.703727960586547852e+00
3.023635864257812500e+00
2.580741167068481445e+00
3.467353105545043945e+00
2.860553026199340820e+00
2.940082073211669922e+00
2.761468887329101562e+00
3.723436832427978516e+00
3.234174013137817383e+00
3.067441940307617188e+00
3.183545112609863281e+00
2.926607131958007812e+00
3.374093770980834961e+00
3.568664073944091797e+00
2.662480115890502930e+00
3.305434942245483398e+00
3.071368932723999023e+00
3.558017015457153320e+00
2.860605001449584961e+00
4.602438211441040039e+00
2.714415788650512695e+00
1.758274078369140625e+00
2.813910245895385742e+00
2.830511808395385742e+00
2.626556873321533203e+00
2.276253938674926758e+00
3.013061046600341797e+00
3.444257974624633789e+00
3.303854227066040039e+00
2.846472024917602539e+00
3.963774919509887695e+00
3.345672845840454102e+00
3.242116212844848633e+00
1.858980894088745117e+00
3.073426961898803711e+00
3.490519762039184570e+00
2.324558973312377930e+00
3.875756025314331055e+00
2.160414218902587891e+00
3.504978895187377930e+00
3.240056037902832031e+00
3.021451950073242188e+00
2.019381999969482422e+00
3.375102996826171875e+00
2.232494831085205078e+00
3.494091033935546875e+00
2.719137191772460938e+00
3.517389059066772461e+00
2.960186243057250977e+00
2.376153707504272461e+00
2.825098037719726562e+00
3.829174995422363281e+00
3.493419885635375977e+00
2.829288959503173828e+00
3.952058076858520508e+00
2.405069112777709961e+00
2.778251886367797852e+00
2.868777990341186523e+00
4.157634735107421875e+00
2.370047807693481445e+00
2.835381984710693359e+00
2.202716112136840820e+00
3.180711030960083008e+00
2.745123147964477539e+00
2.400857210159301758e+00
2.726373910903930664e+00
3.157026052474975586e+00
2.626521825790405273e+00
2.934189081192016602e+00
2.855083942413330078e+00
2.549323081970214844e+00
2.621870756149291992e+00
2.372575998306274414e+00
3.181680917739868164e+00
3.565453052520751953e+00
3.106580018997192383e+00
2.603281736373901367e+00
2.823894977569580078e+00
2.712793111801147461e+00
3.229535818099975586e+00
3.295034885406494141e+00
3.125807046890258789e+00
3.154808998107910156e+00
3.031965017318725586e+00
3.581755876541137695e+00
2.993872880935668945e+00
3.320384740829467773e+00
3.147584915161132812e+00
2.440656900405883789e+00
4.373398065567016602e+00
2.530615091323852539e+00
3.201153755187988281e+00
4.222759008407592773e+00
3.093965053558349609e+00
2.692295074462890625e+00
3.052141189575195312e+00
2.546623945236206055e+00
3.775734663009643555e+00
3.207874774932861328e+00
3.305675983428955078e+00
2.685413122177124023e+00
3.225321054458618164e+00
5.014925956726074219e+00
3.189222812652587891e+00
3.145524024963378906e+00
3.034851074218750000e+00
2.580881834030151367e+00
3.111406803131103516e+00
4.355453252792358398e+00
3.260401964187622070e+00
3.272530794143676758e+00
3.489909887313842773e+00
3.503456592559814453e+00
2.692857980728149414e+00
2.185206174850463867e+00
2.769946098327636719e+00
4.203799962997436523e+00
2.616451025009155273e+00
3.803550004959106445e+00
3.674465894699096680e+00
3.295461893081665039e+00
3.420625925064086914e+00
2.853083848953247070e+00
3.661032915115356445e+00
2.791009902954101562e+00
2.230911016464233398e+00
3.186337947845458984e+00
3.603676080703735352e+00
3.036953687667846680e+00
3.511316061019897461e+00
2.474669933319091797e+00
3.177716016769409180e+00
3.470932960510253906e+00
2.701396942138671875e+00
3.585327863693237305e+00
3.019135951995849609e+00
3.657925128936767578e+00
3.182540655136108398e+00
3.857835769653320312e+00
2.122256278991699219e+00
3.918480157852172852e+00
3.408617019653320312e+00
2.563324928283691406e+00
3.237492322921752930e+00
2.637403964996337891e+00
2.067799091339111328e+00
2.999125003814697266e+00
3.376333951950073242e+00
2.688601255416870117e+00
3.071537971496582031e+00
2.872946977615356445e+00
2.817260026931762695e+00
3.217257022857666016e+00
3.856826066970825195e+00
3.706451892852783203e+00
2.877562046051025391e+00
2.973109006881713867e+00
2.968027830123901367e+00
2.943987846374511719e+00
2.162825107574462891e+00
3.143779277801513672e+00
2.612961053848266602e+00
2.517549991607666016e+00
3.295342206954956055e+00
2.874716997146606445e+00
2.588967084884643555e+00
2.908168792724609375e+00
2.856438159942626953e+00
2.442855834960937500e+00
2.657669782638549805e+00
3.435417890548706055e+00
2.254163026809692383e+00
2.495008945465087891e+00
2.268510818481445312e+00
3.004593133926391602e+00
2.462256193161010742e+00
3.600520133972167969e+00
3.489844083786010742e+00
3.041143894195556641e+00
2.134716033935546875e+00
2.788258075714111328e+00
2.802963972091674805e+00
3.253459930419921875e+00
2.618573665618896484e+00
2.684515953063964844e+00
2.384535074234008789e+00
2.545767068862915039e+00
3.015910863876342773e+00
2.671643018722534180e+00
2.400570869445800781e+00
2.332184076309204102e+00
2.508863925933837891e+00
2.474730968475341797e+00
2.991027832031250000e+00
2.559418916702270508e+00
2.776632070541381836e+00
2.659549951553344727e+00
2.645787000656127930e+00
3.005136728286743164e+00
2.299813032150268555e+00
2.918936967849731445e+00
2.117513179779052734e+00
3.157227039337158203e+00
2.951767921447753906e+00
2.685400962829589844e+00
2.869829893112182617e+00
2.430845260620117188e+00
3.082467079162597656e+00
2.393560171127319336e+00
2.306571006774902344e+00
2.397346019744873047e+00
3.851239204406738281e+00
2.670104026794433594e+00
3.787756919860839844e+00
3.180321931838989258e+00
3.262657880783081055e+00
3.044246196746826172e+00
3.037965059280395508e+00
3.115544795989990234e+00
3.744572162628173828e+00
4.104292869567871094e+00
4.268529176712036133e+00
3.048084020614624023e+00
3.613405942916870117e+00
4.573079586029052734e+00
4.546844244003295898e+00
4.573819875717163086e+00
3.916236639022827148e+00
4.305724859237670898e+00
2.960918903350830078e+00
3.595975875854492188e+00
3.151055097579956055e+00
4.437323093414306641e+00
2.596255064010620117e+00
4.495823144912719727e+00
4.098405122756958008e+00
3.693891763687133789e+00
3.986202955245971680e+00
4.572030067443847656e+00
2.990293979644775391e+00
3.618251085281372070e+00
4.626369953155517578e+00
3.768618106842041016e+00
3.819501876831054688e+00
4.731905937194824219e+00
3.645391702651977539e+00
4.433232784271240234e+00
2.749074935913085938e+00
4.416169881820678711e+00
4.326074838638305664e+00
4.284759044647216797e+00
3.688888072967529297e+00
2.965536832809448242e+00
2.911185741424560547e+00
3.748635292053222656e+00
2.805991172790527344e+00
3.434331893920898438e+00
2.970431089401245117e+00
4.200454950332641602e+00
3.253598928451538086e+00
3.658978939056396484e+00
3.120400667190551758e+00
3.994957923889160156e+00
4.395796060562133789e+00
4.188407182693481445e+00
2.863946914672851562e+00
2.620259046554565430e+00
3.406037092208862305e+00
4.683061838150024414e+00
3.495245933532714844e+00
2.821197032928466797e+00
3.528374910354614258e+00
2.875947952270507812e+00
2.379732131958007812e+00
5.472121238708496094e+00
2.924695014953613281e+00
3.384443998336791992e+00
2.577089071273803711e+00
4.010926246643066406e+00
2.396091222763061523e+00
3.048063039779663086e+00
3.089050292968750000e+00
3.675173759460449219e+00
3.339087724685668945e+00
3.534823179244995117e+00
3.927792310714721680e+00
2.611570835113525391e+00
2.353767871856689453e+00
1.963443994522094727e+00
2.449852943420410156e+00
2.675220966339111328e+00
2.258114099502563477e+00
2.117847919464111328e+00
2.797437906265258789e+00
1.941879034042358398e+00
2.570956945419311523e+00
2.446703910827636719e+00
2.475739240646362305e+00
2.163472890853881836e+00
2.811418771743774414e+00
1.988831043243408203e+00
2.723149776458740234e+00
2.286574840545654297e+00
2.866655826568603516e+00
2.461228132247924805e+00
3.231139898300170898e+00
2.903540849685668945e+00
2.514561653137207031e+00
2.403866052627563477e+00
2.948271989822387695e+00
1.759338855743408203e+00
3.030330896377563477e+00
3.092793941497802734e+00
2.673564910888671875e+00
2.874469041824340820e+00
2.661918401718139648e+00
2.716375112533569336e+00
2.489862918853759766e+00
3.481480121612548828e+00
3.585726976394653320e+00
3.036552906036376953e+00
3.470216989517211914e+00
3.436172962188720703e+00
2.776738166809082031e+00
2.778388261795043945e+00
3.264518260955810547e+00
3.141755819320678711e+00
2.275499105453491211e+00
3.019850969314575195e+00
3.532384872436523438e+00
3.617022037506103516e+00
2.330466985702514648e+00
3.543323993682861328e+00
3.375864982604980469e+00
3.259471178054809570e+00
3.564363002777099609e+00
3.022244691848754883e+00
3.394802331924438477e+00
3.503594160079956055e+00
3.040191888809204102e+00
3.427109241485595703e+00
2.710781097412109375e+00
4.725827932357788086e+00
2.950899839401245117e+00
3.617419719696044922e+00
3.174005031585693359e+00
3.625734329223632812e+00
3.592984914779663086e+00
3.655646800994873047e+00
3.791764020919799805e+00
3.964213132858276367e+00
2.982042074203491211e+00
3.010512113571166992e+00
3.093055009841918945e+00
2.964353084564208984e+00
3.627254962921142578e+00
3.402597904205322266e+00
4.062172889709472656e+00
4.257769823074340820e+00
3.821456909179687500e+00
3.996677875518798828e+00
3.950091123580932617e+00
2.911701917648315430e+00
3.040218830108642578e+00
3.623111963272094727e+00
3.886947870254516602e+00
4.333924293518066406e+00
3.530283927917480469e+00
3.122821807861328125e+00
2.868636131286621094e+00
4.449422121047973633e+00
3.091923952102661133e+00
2.596409082412719727e+00
4.204090118408203125e+00
2.497364997863769531e+00
3.512580156326293945e+00
4.269762992858886719e+00
2.688925027847290039e+00
2.223470211029052734e+00
2.758074998855590820e+00
2.981996059417724609e+00
2.743980169296264648e+00
2.624782085418701172e+00
2.585117101669311523e+00
2.469844102859497070e+00
2.706547975540161133e+00
2.854948997497558594e+00
2.959961175918579102e+00
2.236087083816528320e+00
3.073245763778686523e+00
2.182630300521850586e+00
1.906645059585571289e+00
2.734472990036010742e+00
2.256350040435791016e+00
3.217668056488037109e+00
3.006980895996093750e+00
3.407922029495239258e+00
3.323309898376464844e+00
2.701341867446899414e+00
2.728939771652221680e+00
3.074770927429199219e+00
2.260231971740722656e+00
1.631213188171386719e+00
2.717127084732055664e+00
2.941436052322387695e+00
2.466242790222167969e+00
3.020677328109741211e+00
1.990387916564941406e+00
3.330309867858886719e+00
2.540199041366577148e+00
3.529524087905883789e+00
2.826310873031616211e+00
3.185771942138671875e+00
2.921264171600341797e+00
3.086417913436889648e+00
3.102204799652099609e+00
3.112548112869262695e+00
3.361452102661132812e+00
3.228961944580078125e+00
3.182149171829223633e+00
2.869450807571411133e+00
2.929579973220825195e+00
3.306659221649169922e+00
2.948801994323730469e+00
2.820528268814086914e+00
2.582978010177612305e+00
3.433440685272216797e+00
3.446913003921508789e+00
3.092907190322875977e+00
3.054827928543090820e+00
1.776345968246459961e+00
3.092383861541748047e+00
3.719594001770019531e+00
3.175462007522583008e+00
3.975397109985351562e+00
3.091623067855834961e+00
3.686726093292236328e+00
4.061841964721679688e+00
3.696542978286743164e+00
3.191508054733276367e+00
2.950758934020996094e+00
2.931023836135864258e+00
2.381586790084838867e+00
3.048539161682128906e+00
2.896130800247192383e+00
3.146108865737915039e+00
3.594496011734008789e+00
3.732908010482788086e+00
3.549041986465454102e+00
3.727452993392944336e+00
3.437452077865600586e+00
2.915152072906494141e+00
3.673778057098388672e+00
4.295236110687255859e+00
3.469863891601562500e+00
2.506797790527343750e+00
2.804768085479736328e+00
3.271191835403442383e+00
3.443266153335571289e+00
3.866474151611328125e+00
4.769081830978393555e+00
4.375885009765625000e+00
3.280927896499633789e+00
2.627358198165893555e+00
3.882859945297241211e+00
3.638402223587036133e+00
2.716955184936523438e+00
2.250616073608398438e+00
2.448248624801635742e+00
4.226454973220825195e+00
4.163342952728271484e+00
2.566920280456542969e+00
3.653162956237792969e+00
3.409638881683349609e+00
2.680036783218383789e+00
4.132686138153076172e+00
3.115398883819580078e+00
3.878333091735839844e+00
2.707428932189941406e+00
3.331630945205688477e+00
3.787304878234863281e+00
3.344305992126464844e+00
2.016490936279296875e+00
2.137327194213867188e+00
2.506895780563354492e+00
4.870822191238403320e+00
3.085639238357543945e+00
1.626132011413574219e+00
2.826907157897949219e+00
3.045588970184326172e+00
3.543752193450927734e+00
3.364065170288085938e+00
2.997910022735595703e+00
2.597752094268798828e+00
2.291485071182250977e+00
3.639847040176391602e+00
4.278515815734863281e+00
2.543145895004272461e+00
3.861517190933227539e+00
2.640779018402099609e+00
3.221839904785156250e+00
2.564174175262451172e+00
2.642435073852539062e+00
3.521027088165283203e+00
2.596864938735961914e+00
3.517286062240600586e+00
3.059524059295654297e+00
2.726391077041625977e+00
2.686837673187255859e+00
2.412302732467651367e+00
2.761460065841674805e+00
2.528687000274658203e+00
2.738811969757080078e+00
2.640923738479614258e+00
2.791069984436035156e+00
3.320363998413085938e+00
2.474383115768432617e+00
2.826791286468505859e+00
3.134343862533569336e+00
3.315423011779785156e+00
3.116866111755371094e+00
2.728686094284057617e+00
3.550012350082397461e+00
3.367748022079467773e+00
2.784970045089721680e+00
3.343511104583740234e+00
2.869927883148193359e+00
2.924377202987670898e+00
2.671012163162231445e+00
3.649180889129638672e+00
3.862608671188354492e+00
2.925078153610229492e+00
3.433641910552978516e+00
3.671399116516113281e+00
3.107436180114746094e+00
3.924178361892700195e+00
2.792485713958740234e+00
3.016088962554931641e+00
3.401722669601440430e+00
3.629031896591186523e+00
2.606356859207153320e+00
3.259194850921630859e+00
3.195848941802978516e+00
3.637030124664306641e+00
3.939882755279541016e+00
2.920336961746215820e+00
3.662224769592285156e+00
4.187433004379272461e+00
3.038289070129394531e+00
3.355585098266601562e+00
4.377341032028198242e+00
4.026937961578369141e+00
3.495608091354370117e+00
3.745940923690795898e+00
3.340381145477294922e+00
3.529983997344970703e+00
3.283596992492675781e+00
3.162146091461181641e+00
3.628458976745605469e+00
3.548498153686523438e+00
1.399212694168090820e+01
3.731604099273681641e+00
2.624094009399414062e+00
3.240267038345336914e+00
3.030647039413452148e+00
2.622009038925170898e+00
3.833159923553466797e+00
4.223091840744018555e+00
2.464007854461669922e+00
3.679522037506103516e+00
3.128504991531372070e+00
3.797725200653076172e+00
4.110909938812255859e+00
3.866159677505493164e+00
3.822755098342895508e+00
3.214877843856811523e+00
2.612614870071411133e+00
3.991892099380493164e+00
3.073695898056030273e+00
2.769212722778320312e+00
2.644973039627075195e+00
2.826723814010620117e+00
4.170817136764526367e+00
3.807861089706420898e+00
4.000072240829467773e+00
3.898526906967163086e+00
4.310304164886474609e+00
2.571723937988281250e+00
2.535669088363647461e+00
4.240303754806518555e+00
3.151009082794189453e+00
3.000359058380126953e+00
1.900631189346313477e+00
4.332152128219604492e+00
3.690289020538330078e+00
3.271437168121337891e+00
3.711374759674072266e+00
2.672559976577758789e+00
3.263030052185058594e+00
3.473216056823730469e+00
3.614866018295288086e+00
2.464651107788085938e+00
2.834050893783569336e+00
3.819087982177734375e+00
3.458711147308349609e+00
3.642469167709350586e+00
2.477099895477294922e+00
3.125662088394165039e+00
2.452798843383789062e+00
2.524384021759033203e+00
2.313394784927368164e+00
2.494302034378051758e+00
2.789957761764526367e+00
2.422745227813720703e+00
2.407819986343383789e+00
4.225823163986206055e+00
3.320242881774902344e+00
2.481333971023559570e+00
3.195039987564086914e+00
2.758526802062988281e+00
2.656236171722412109e+00
2.770008087158203125e+00
2.507456064224243164e+00
3.211215019226074219e+00
3.362985849380493164e+00
2.532516717910766602e+00
2.502694368362426758e+00
3.025685071945190430e+00
3.059261798858642578e+00
2.900613784790039062e+00
2.974006891250610352e+00
3.404793024063110352e+00
3.022337913513183594e+00
2.874749183654785156e+00
3.035136699676513672e+00
2.913710832595825195e+00
3.369362831115722656e+00
2.933985948562622070e+00
3.399251222610473633e+00
3.405385017395019531e+00
3.220753192901611328e+00
3.441019773483276367e+00
2.946151971817016602e+00
2.725391149520874023e+00
2.761393785476684570e+00
3.709996700286865234e+00
2.633734941482543945e+00
2.965379953384399414e+00
3.473934173583984375e+00
3.025380849838256836e+00
2.199445009231567383e+00
3.287319898605346680e+00
2.909742832183837891e+00
3.204565048217773438e+00
3.162045955657958984e+00
2.679718017578125000e+00
3.775315761566162109e+00
3.266352176666259766e+00
3.392052888870239258e+00
3.415193796157836914e+00
3.456889152526855469e+00
2.363663911819458008e+00
3.533290147781372070e+00
3.184448957443237305e+00
3.605039834976196289e+00
3.869491815567016602e+00
3.539143085479736328e+00
3.232250213623046875e+00
3.978081703186035156e+00
4.039256095886230469e+00
4.131846189498901367e+00
4.041501998901367188e+00
3.648502111434936523e+00
3.824146032333374023e+00
3.373405933380126953e+00
2.131578922271728516e+00
4.126107215881347656e+00
2.555649042129516602e+00
4.257084131240844727e+00
3.212306737899780273e+00
3.938620090484619141e+00
4.300712823867797852e+00
4.239645004272460938e+00
3.659100055694580078e+00
2.931174039840698242e+00
3.831492185592651367e+00
4.225862741470336914e+00
4.245625257492065430e+00
3.089262008666992188e+00
3.728123188018798828e+00
2.933236837387084961e+00
4.044068098068237305e+00
3.194639921188354492e+00
3.861459016799926758e+00
3.615720033645629883e+00
3.634956836700439453e+00
4.444902181625366211e+00
4.849466085433959961e+00
2.622094869613647461e+00
3.351572036743164062e+00
3.275295972824096680e+00
2.699136734008789062e+00
3.386198043823242188e+00
3.995620012283325195e+00
2.959507942199707031e+00
3.177953958511352539e+00
2.527130126953125000e+00
3.231279134750366211e+00
4.834120035171508789e+00
4.982478857040405273e+00
5.301785707473754883e+00
4.896085977554321289e+00
4.157752752304077148e+00
3.298425912857055664e+00
4.894469976425170898e+00
4.553988933563232422e+00
4.328966140747070312e+00
2.341114044189453125e+00
5.036433935165405273e+00
4.008520841598510742e+00
4.355962991714477539e+00
3.317037105560302734e+00
3.543856143951416016e+00
5.218152761459350586e+00
2.946907043457031250e+00
3.538898944854736328e+00
3.370297193527221680e+00
2.694736003875732422e+00
3.335503101348876953e+00
3.720180034637451172e+00
3.186067104339599609e+00
3.689760923385620117e+00
3.657866954803466797e+00
2.616322994232177734e+00
3.853677034378051758e+00
3.546504974365234375e+00
3.866485834121704102e+00
3.182847976684570312e+00
3.724880933761596680e+00
3.886305093765258789e+00
2.480107069015502930e+00
2.244359016418457031e+00
2.235828876495361328e+00
4.049548149108886719e+00
4.147500991821289062e+00
4.092167854309082031e+00
2.435295104980468750e+00
2.590762853622436523e+00
2.761903047561645508e+00
3.586207866668701172e+00
3.832733869552612305e+00
3.417140960693359375e+00
2.432321786880493164e+00
2.648805141448974609e+00
3.389736175537109375e+00
2.842783927917480469e+00
2.469236850738525391e+00
2.507163047790527344e+00
2.302177667617797852e+00
3.014937877655029297e+00
2.771047830581665039e+00
2.938603878021240234e+00
2.757936954498291016e+00
2.488790035247802734e+00
3.313019037246704102e+00
2.972912073135375977e+00
2.422475099563598633e+00
2.985698938369750977e+00
2.647603034973144531e+00
2.653630971908569336e+00
2.460444927215576172e+00
4.641242980957031250e+00
2.145282983779907227e+00
2.609951019287109375e+00
2.642598152160644531e+00
2.556580305099487305e+00
3.334950685501098633e+00
2.921639919281005859e+00
2.576884031295776367e+00
2.791417837142944336e+00
2.877670049667358398e+00
3.457338809967041016e+00
3.540467262268066406e+00
2.966284036636352539e+00
2.948761701583862305e+00
2.926794052124023438e+00
3.244274377822875977e+00
3.006783962249755859e+00
2.759348154067993164e+00
3.092797994613647461e+00
3.580752134323120117e+00
2.585987091064453125e+00
3.694570064544677734e+00
2.841831922531127930e+00
2.807581186294555664e+00
3.727689027786254883e+00
3.284183979034423828e+00
3.724833965301513672e+00
3.163591861724853516e+00
3.346249818801879883e+00
2.945373773574829102e+00
3.337841749191284180e+00
3.451757907867431641e+00
2.628132104873657227e+00
2.473134994506835938e+00
3.580869913101196289e+00
2.825556993484497070e+00
2.820702075958251953e+00
3.022455215454101562e+00
3.150215148925781250e+00
3.714745044708251953e+00
2.828504085540771484e+00
2.758646011352539062e+00
3.316030025482177734e+00
2.792437076568603516e+00
3.347820997238159180e+00
3.330404043197631836e+00
3.695654869079589844e+00
3.139084100723266602e+00
2.725027084350585938e+00
3.260113716125488281e+00
3.480757951736450195e+00
3.444080829620361328e+00
4.081266164779663086e+00
3.121331930160522461e+00
3.143976926803588867e+00
3.002261877059936523e+00
2.672231197357177734e+00
3.766018152236938477e+00
3.912087202072143555e+00
3.655294179916381836e+00
3.152024269104003906e+00
3.378612041473388672e+00
3.435055255889892578e+00
3.646834135055541992e+00
3.655102968215942383e+00
3.478777170181274414e+00
2.788990020751953125e+00
3.737385988235473633e+00
3.953872919082641602e+00
3.641848087310791016e+00
3.594939947128295898e+00
3.925924777984619141e+00
3.194662809371948242e+00
2.979303836822509766e+00
3.563098907470703125e+00
3.687245130538940430e+00
3.961579084396362305e+00
3.979525804519653320e+00
4.542833805084228516e+00
3.634054183959960938e+00
3.717403173446655273e+00
2.273365020751953125e+00
4.084868907928466797e+00
4.288286209106445312e+00
3.908590078353881836e+00
2.983547925949096680e+00
3.253407955169677734e+00
3.816563129425048828e+00
3.481281042098999023e+00
3.537571907043457031e+00
3.950330734252929688e+00
3.120447158813476562e+00
3.743066310882568359e+00
4.076851844787597656e+00
2.768185853958129883e+00
3.039952039718627930e+00
4.002668857574462891e+00
2.682354927062988281e+00
3.125519990921020508e+00
3.268763065338134766e+00
2.790663242340087891e+00
2.555684089660644531e+00
4.384456157684326172e+00
3.200857162475585938e+00
3.347318887710571289e+00
2.909644126892089844e+00
3.509249925613403320e+00
2.905699014663696289e+00
3.430734872817993164e+00
2.782191038131713867e+00
2.983976125717163086e+00
3.281179904937744141e+00
3.997990846633911133e+00
3.671311140060424805e+00
3.409285068511962891e+00
2.726417779922485352e+00
3.267350196838378906e+00
3.444224119186401367e+00
3.806425094604492188e+00
3.070824861526489258e+00
3.244874238967895508e+00
2.968940734863281250e+00
3.437804937362670898e+00
3.127470016479492188e+00
3.763190984725952148e+00
3.549652099609375000e+00
3.485594987869262695e+00
3.094593048095703125e+00
3.229674100875854492e+00
3.280450105667114258e+00
2.398227930068969727e+00
2.764734983444213867e+00
3.177511930465698242e+00
3.784236907958984375e+00
3.429818868637084961e+00
2.535336971282958984e+00
2.726037979125976562e+00
3.249668121337890625e+00
3.679063081741333008e+00
3.559535741806030273e+00
3.556630134582519531e+00
3.250740051269531250e+00
2.717670202255249023e+00
2.537330865859985352e+00
2.908421754837036133e+00
4.648203849792480469e+00
2.681812047958374023e+00
3.160207033157348633e+00
3.122545957565307617e+00
2.725569009780883789e+00
3.113100767135620117e+00
2.937743902206420898e+00
3.768152952194213867e+00
3.299644231796264648e+00
3.679890871047973633e+00
2.904879093170166016e+00
3.438540935516357422e+00
2.982131958007812500e+00
3.280109167098999023e+00
3.143382072448730469e+00
2.962007999420166016e+00
3.308398008346557617e+00
2.465708017349243164e+00
3.896213054656982422e+00
4.278881072998046875e+00
2.583739042282104492e+00
3.059265613555908203e+00
3.000535011291503906e+00
2.897114038467407227e+00
2.896597385406494141e+00
4.110332250595092773e+00
3.340271234512329102e+00
3.384047269821166992e+00
2.833242177963256836e+00
2.430091142654418945e+00
3.047072887420654297e+00
3.262044191360473633e+00
3.577183008193969727e+00
3.155795097351074219e+00
2.716664075851440430e+00
3.128872871398925781e+00
3.181553840637207031e+00
3.122246980667114258e+00
2.906592845916748047e+00
2.397907018661499023e+00
3.238064289093017578e+00
2.989469051361083984e+00
2.489893913269042969e+00
2.191703081130981445e+00
2.898775815963745117e+00
3.293960094451904297e+00
3.341149806976318359e+00
2.398172855377197266e+00
3.361907005310058594e+00
3.393052101135253906e+00
3.076576948165893555e+00
2.970618009567260742e+00
2.972161054611206055e+00
2.576970338821411133e+00
2.818018913269042969e+00
3.103748321533203125e+00
3.192830801010131836e+00
2.723892927169799805e+00
2.954858064651489258e+00
3.164083957672119141e+00
3.499802112579345703e+00
3.698896169662475586e+00
3.167540073394775391e+00
3.613539218902587891e+00
3.709212064743041992e+00
3.431023120880126953e+00
3.745543956756591797e+00
3.445427894592285156e+00
3.726991176605224609e+00
3.290784120559692383e+00
3.443376064300537109e+00
3.938832998275756836e+00
3.939259290695190430e+00
3.806851863861083984e+00
4.013608932495117188e+00
4.115177869796752930e+00
3.060854911804199219e+00
3.713562011718750000e+00
3.572402238845825195e+00
4.208977222442626953e+00
3.347993850708007812e+00
3.417978763580322266e+00
3.018434047698974609e+00
3.103221893310546875e+00
4.523737907409667969e+00
3.270686149597167969e+00
2.865715980529785156e+00
3.049543380737304688e+00
3.120512008666992188e+00
4.419791936874389648e+00
2.961439371109008789e+00
2.861027956008911133e+00
3.868223905563354492e+00
3.919948101043701172e+00
3.850356817245483398e+00
3.420999288558959961e+00
3.596473217010498047e+00
3.525637865066528320e+00
2.475247859954833984e+00
3.241868019104003906e+00
3.510897874832153320e+00
3.867710113525390625e+00
2.983091831207275391e+00
4.009605884552001953e+00
3.287260055541992188e+00
3.188675165176391602e+00
3.961946249008178711e+00
3.385578870773315430e+00
2.434008121490478516e+00
3.467079877853393555e+00
3.325739860534667969e+00
3.637134075164794922e+00
2.555571794509887695e+00
2.819927692413330078e+00
2.283369064331054688e+00
3.480895996093750000e+00
2.536234855651855469e+00
2.320545673370361328e+00
2.424667119979858398e+00
3.577365875244140625e+00
5.274311065673828125e+00
2.478240966796875000e+00
2.255449295043945312e+00
2.050781965255737305e+00
3.460448026657104492e+00
2.657639980316162109e+00
3.543908834457397461e+00
4.073723077774047852e+00
2.693807125091552734e+00
3.450109243392944336e+00
2.484171867370605469e+00
3.226562023162841797e+00
2.528123140335083008e+00
3.699944972991943359e+00
2.508672952651977539e+00
2.787344932556152344e+00
3.967747926712036133e+00
2.524341106414794922e+00
4.875281095504760742e+00
2.700814962387084961e+00
2.543933868408203125e+00
2.110790014266967773e+00
2.913003921508789062e+00
3.520839929580688477e+00
3.212897062301635742e+00
2.349435091018676758e+00
3.138592004776000977e+00
3.394896030426025391e+00
2.906693935394287109e+00
3.455900192260742188e+00
3.972466707229614258e+00
3.134420871734619141e+00
2.716929912567138672e+00
3.012207746505737305e+00
3.054224252700805664e+00
2.939221143722534180e+00
2.155177116394042969e+00
3.134013891220092773e+00
2.108351230621337891e+00
3.623342752456665039e+00
2.795131921768188477e+00
2.871981859207153320e+00
2.737655878067016602e+00
3.262876749038696289e+00
3.296797037124633789e+00
1.941231250762939453e+00
2.857521057128906250e+00
3.232328891754150391e+00
4.095906734466552734e+00
3.084644079208374023e+00
3.040951967239379883e+00
3.961872100830078125e+00
2.482813358306884766e+00
2.639108657836914062e+00
2.756458997726440430e+00
3.037701845169067383e+00
2.706235170364379883e+00
2.647354841232299805e+00
4.005330801010131836e+00
3.796761035919189453e+00
3.794430255889892578e+00
3.772732019424438477e+00
3.178268909454345703e+00
3.226109027862548828e+00
2.669697046279907227e+00
2.491432905197143555e+00
3.936189889907836914e+00
4.005031824111938477e+00
3.638101816177368164e+00
1.794548034667968750e+00
2.745799303054809570e+00
2.391062021255493164e+00
3.657965898513793945e+00
3.572804927825927734e+00
2.701383352279663086e+00
2.744246959686279297e+00
3.818057060241699219e+00
2.827279090881347656e+00
3.493640184402465820e+00
3.120370388031005859e+00
4.106177091598510742e+00
4.033486127853393555e+00
4.094261884689331055e+00
3.306276798248291016e+00
2.948647737503051758e+00
2.855159044265747070e+00
3.305328130722045898e+00
3.413427114486694336e+00
3.005166769027709961e+00
3.581540107727050781e+00
2.668563127517700195e+00
2.655262947082519531e+00
3.616224050521850586e+00
3.733407020568847656e+00
2.113039970397949219e+00
2.685675144195556641e+00
2.650871038436889648e+00
2.946809053421020508e+00
3.701524019241333008e+00
2.908763170242309570e+00
2.501538038253784180e+00
3.716916084289550781e+00
3.917793035507202148e+00
2.556676864624023438e+00
2.664918899536132812e+00
2.943383932113647461e+00
3.318121910095214844e+00
3.906016826629638672e+00
3.306753873825073242e+00
2.966296672821044922e+00
3.482031106948852539e+00
3.692396640777587891e+00
3.061862945556640625e+00
4.012366056442260742e+00
4.107093095779418945e+00
4.002334117889404297e+00
3.982697010040283203e+00
2.907985925674438477e+00
4.142694711685180664e+00
3.210710048675537109e+00
3.499102830886840820e+00
3.264585256576538086e+00
3.748142004013061523e+00
4.069754838943481445e+00
4.098311185836791992e+00
4.088421344757080078e+00
3.706128120422363281e+00
3.675770759582519531e+00
2.153381824493408203e+00
3.425521850585937500e+00
4.360152006149291992e+00
4.209452867507934570e+00
2.107145309448242188e+00
3.879203081130981445e+00
3.212723255157470703e+00
3.407458066940307617e+00
4.437101840972900391e+00
2.507799625396728516e+00
2.367548227310180664e+00
4.137706995010375977e+00
4.632050275802612305e+00
2.762907981872558594e+00
3.125549077987670898e+00
4.489389896392822266e+00
2.630332946777343750e+00
3.707268238067626953e+00
2.244757890701293945e+00
3.070039987564086914e+00
3.693864107131958008e+00
4.691532135009765625e+00
4.543047189712524414e+00
3.592805862426757812e+00
4.493570804595947266e+00
2.978493928909301758e+00
2.992624998092651367e+00
2.792546033859252930e+00
3.047789812088012695e+00
4.942889928817749023e+00
3.368803024291992188e+00
3.192290782928466797e+00
3.179682970046997070e+00
3.856796741485595703e+00
3.040014982223510742e+00
3.486993074417114258e+00
3.108308076858520508e+00
3.469578981399536133e+00
2.928859949111938477e+00
2.992986917495727539e+00
2.834890842437744141e+00
3.166875123977661133e+00
3.078624010086059570e+00
3.414096117019653320e+00
3.805854082107543945e+00
2.766416788101196289e+00
3.130846023559570312e+00
3.132761001586914062e+00
2.855855941772460938e+00
1.891770124435424805e+00
3.805133104324340820e+00
2.498382091522216797e+00
2.754626035690307617e+00
3.127737283706665039e+00
3.423775911331176758e+00
1.964406728744506836e+00
2.994890928268432617e+00
2.692739725112915039e+00
2.277858018875122070e+00
3.201144933700561523e+00
2.597270965576171875e+00
4.174176692962646484e+00
3.107908964157104492e+00
2.702409982681274414e+00
3.260402917861938477e+00
2.919554710388183594e+00
2.210566282272338867e+00
3.714130163192749023e+00
3.366333007812500000e+00
3.366369009017944336e+00
3.263838052749633789e+00
2.462954044342041016e+00
3.408145189285278320e+00
3.644632101058959961e+00
2.640794038772583008e+00
2.589253902435302734e+00
2.534846067428588867e+00
3.420182943344116211e+00
2.777831077575683594e+00
2.740189075469970703e+00
2.859891176223754883e+00
2.803394079208374023e+00
3.020428895950317383e+00
2.779021024703979492e+00
3.237728834152221680e+00
3.271467924118041992e+00
3.796202421188354492e+00
3.023680925369262695e+00
3.329577922821044922e+00
3.072375059127807617e+00
3.108795166015625000e+00
2.796416044235229492e+00
3.491657972335815430e+00
3.601755857467651367e+00
3.256618976593017578e+00
3.227506160736083984e+00
3.267500877380371094e+00
3.686496257781982422e+00
3.001357793807983398e+00
3.346089839935302734e+00
3.092345714569091797e+00
3.071022748947143555e+00
3.411165952682495117e+00
3.379212141036987305e+00
3.267899990081787109e+00
3.089689016342163086e+00
3.226281166076660156e+00
3.297626256942749023e+00
3.252708911895751953e+00
3.364731788635253906e+00
3.312615871429443359e+00
3.396885871887207031e+00
3.058538913726806641e+00
3.499795198440551758e+00
3.069652795791625977e+00
3.285639762878417969e+00
3.282773971557617188e+00
3.557863950729370117e+00
2.824352979660034180e+00
3.377308130264282227e+00
3.468374967575073242e+00
3.250149965286254883e+00
2.917484998703002930e+00
3.690020799636840820e+00
2.632089138031005859e+00
3.939806222915649414e+00
3.704524993896484375e+00
2.911696910858154297e+00
3.821760892868041992e+00
3.364806175231933594e+00
3.430919170379638672e+00
3.142500162124633789e+00
3.890418767929077148e+00
3.457885026931762695e+00
4.594707965850830078e+00
3.722235918045043945e+00
4.712459087371826172e+00
3.362236022949218750e+00
4.177693843841552734e+00
4.155439138412475586e+00
3.566930055618286133e+00
4.409085988998413086e+00
4.164024829864501953e+00
3.393476247787475586e+00
4.376344919204711914e+00
3.646279096603393555e+00
5.039532661437988281e+00
4.338155984878540039e+00
4.088556051254272461e+00
4.103116035461425781e+00
4.386797904968261719e+00
4.147793054580688477e+00
2.734936952590942383e+00
3.650131940841674805e+00
3.480373859405517578e+00
3.901696920394897461e+00
3.429129838943481445e+00
3.745716094970703125e+00
3.427097082138061523e+00
3.289376020431518555e+00
4.317797183990478516e+00
2.874918222427368164e+00
3.843589067459106445e+00
3.328334808349609375e+00
3.809265136718750000e+00
3.378423213958740234e+00
3.900120973587036133e+00
4.016377925872802734e+00
3.602560997009277344e+00
4.603761196136474609e+00
4.037420034408569336e+00
4.783512115478515625e+00
4.677726984024047852e+00
3.032141685485839844e+00
3.980305910110473633e+00
3.621620893478393555e+00
2.965683221817016602e+00
3.873438835144042969e+00
4.131069898605346680e+00
3.520733833312988281e+00
4.639590978622436523e+00
4.142700195312500000e+00
3.112669944763183594e+00
3.127032041549682617e+00
4.449091196060180664e+00
2.558245182037353516e+00
3.034593105316162109e+00
4.263180732727050781e+00
3.257332801818847656e+00
3.302485942840576172e+00
2.947329044342041016e+00
4.712919235229492188e+00
3.389697074890136719e+00
3.136662006378173828e+00
2.790907859802246094e+00
3.598126888275146484e+00
3.377856969833374023e+00
2.999267816543579102e+00
3.623370885848999023e+00
3.190376043319702148e+00
2.757005929946899414e+00
4.187345027923583984e+00
3.680104255676269531e+00
2.394092082977294922e+00
3.079107046127319336e+00
2.451825141906738281e+00
4.746359825134277344e+00
3.310518026351928711e+00
2.647911071777343750e+00
3.012967109680175781e+00
2.360327005386352539e+00
2.605027914047241211e+00
2.560055017471313477e+00
4.082876920700073242e+00
2.891916990280151367e+00
2.846017122268676758e+00
3.231353044509887695e+00
3.719447135925292969e+00
2.925572872161865234e+00
3.222969055175781250e+00
2.587835788726806641e+00
3.351912021636962891e+00
2.726228952407836914e+00
3.659036874771118164e+00
3.489179849624633789e+00
3.818006992340087891e+00
3.433922767639160156e+00
3.368636131286621094e+00
3.460932970046997070e+00
2.731402873992919922e+00
3.407549858093261719e+00
2.661637783050537109e+00
3.166252136230468750e+00
2.941694021224975586e+00
2.907068014144897461e+00
2.570719003677368164e+00
2.944117069244384766e+00
2.633697986602783203e+00
3.561979770660400391e+00
3.847597837448120117e+00
2.639268159866333008e+00
3.810415983200073242e+00
2.204648971557617188e+00
3.403714179992675781e+00
2.416720867156982422e+00
2.438965797424316406e+00
3.651664972305297852e+00
3.345933198928833008e+00
3.209738969802856445e+00
2.580079793930053711e+00
2.591680049896240234e+00
2.903659105300903320e+00
2.844683647155761719e+00
4.419870138168334961e+00
3.683086156845092773e+00
3.508926868438720703e+00
2.188754796981811523e+00
2.556711912155151367e+00
2.830740213394165039e+00
2.395652770996093750e+00
2.456975936889648438e+00
2.833982944488525391e+00
3.148506879806518555e+00
3.513952016830444336e+00
2.807098150253295898e+00
3.192445755004882812e+00
2.730519056320190430e+00
2.769817829132080078e+00
2.932754993438720703e+00
2.913820028305053711e+00
2.955318212509155273e+00
3.093013048171997070e+00
3.870301008224487305e+00
2.823932170867919922e+00
3.119064807891845703e+00
3.411396980285644531e+00
3.213244915008544922e+00
2.955722808837890625e+00
3.346878290176391602e+00
3.514145851135253906e+00
2.747685194015502930e+00
3.058880805969238281e+00
3.288927078247070312e+00
2.295554161071777344e+00
3.256665945053100586e+00
3.076323032379150391e+00
3.175153255462646484e+00
3.384032011032104492e+00
3.903469085693359375e+00
2.435980081558227539e+00
3.610002994537353516e+00
2.652485132217407227e+00
2.580435037612915039e+00
2.710554122924804688e+00
3.712286949157714844e+00
3.412276983261108398e+00
3.810379028320312500e+00
2.867899894714355469e+00
3.466866970062255859e+00
3.372852087020874023e+00
3.553095817565917969e+00
3.359768867492675781e+00
3.840356826782226562e+00
3.713347911834716797e+00
3.609011888504028320e+00
3.583204030990600586e+00
3.416015148162841797e+00
3.538511991500854492e+00
2.217000961303710938e+00
4.021610021591186523e+00
3.079243183135986328e+00
3.104228019714355469e+00
3.106361150741577148e+00
3.422240018844604492e+00
3.117719173431396484e+00
3.132163047790527344e+00
3.299823760986328125e+00
3.768888950347900391e+00
3.224210977554321289e+00
2.818036079406738281e+00
3.796672105789184570e+00
2.796535015106201172e+00
3.356266021728515625e+00
2.834269285202026367e+00
3.390388965606689453e+00
3.197543859481811523e+00
3.992153167724609375e+00
2.683290004730224609e+00
4.004999876022338867e+00
3.462401151657104492e+00
2.505620002746582031e+00
3.018452882766723633e+00
3.818134069442749023e+00
3.120443820953369141e+00
4.124609231948852539e+00
3.229295015335083008e+00
3.471210956573486328e+00
3.256246089935302734e+00
3.494485139846801758e+00
2.775516271591186523e+00
2.995219945907592773e+00
3.488162994384765625e+00
3.360039949417114258e+00
3.532525062561035156e+00
3.413801908493041992e+00
3.474906682968139648e+00
3.918529033660888672e+00
3.529381752014160156e+00
2.603002786636352539e+00
3.752213716506958008e+00
3.292129755020141602e+00
3.538025856018066406e+00
2.027622938156127930e+00
2.935981035232543945e+00
2.441512107849121094e+00
3.479265928268432617e+00
2.914983034133911133e+00
3.933559894561767578e+00
3.457637786865234375e+00
3.148488759994506836e+00
3.297073841094970703e+00
3.680257081985473633e+00
3.421113014221191406e+00
4.065227985382080078e+00
3.200353145599365234e+00
4.147413015365600586e+00
3.415110826492309570e+00
2.543979883193969727e+00
2.532153129577636719e+00
3.321414232254028320e+00
3.598300933837890625e+00
2.219948768615722656e+00
2.732056140899658203e+00
3.514200925827026367e+00
4.570895195007324219e+00
2.481622934341430664e+00
2.768262147903442383e+00
2.907807826995849609e+00
2.991539955139160156e+00
2.789243221282958984e+00
4.760462760925292969e+00
3.338505983352661133e+00
2.675086975097656250e+00
3.332597970962524414e+00
4.120964050292968750e+00
4.477940797805786133e+00
3.242120027542114258e+00
2.643679857254028320e+00
3.056564092636108398e+00
3.203311920166015625e+00
4.554586172103881836e+00
3.506057977676391602e+00
4.754678010940551758e+00
4.266227245330810547e+00
3.741183280944824219e+00
4.363677740097045898e+00
2.883368015289306641e+00
2.848026752471923828e+00
4.864629030227661133e+00
2.911789178848266602e+00
3.277236938476562500e+00
4.714426040649414062e+00
3.699944972991943359e+00
3.739974260330200195e+00
3.795313835144042969e+00
3.406874895095825195e+00
3.934751987457275391e+00
3.636382818222045898e+00
3.067509889602661133e+00
3.465825796127319336e+00
4.991266727447509766e+00
3.938995838165283203e+00
3.541939020156860352e+00
4.943629026412963867e+00
3.568647146224975586e+00
3.422398090362548828e+00
3.495149135589599609e+00
3.242114782333374023e+00
4.051447153091430664e+00
4.042336940765380859e+00
3.083093166351318359e+00
3.634104013442993164e+00
3.544978141784667969e+00
3.973562955856323242e+00
4.453991174697875977e+00
3.429807186126708984e+00
3.697181224822998047e+00
4.643598079681396484e+00
3.254204750061035156e+00
3.838339090347290039e+00
3.955652713775634766e+00
3.510313034057617188e+00
3.901306152343750000e+00
3.350618124008178711e+00
3.997411727905273438e+00
4.083328962326049805e+00
3.703675031661987305e+00
3.122089862823486328e+00
3.804494142532348633e+00
3.450686931610107422e+00
2.016699314117431641e+00
3.589856863021850586e+00
3.729109048843383789e+00
3.878988027572631836e+00
3.876297950744628906e+00
5.851788043975830078e+00
5.149150133132934570e+00
3.812830924987792969e+00
4.078805923461914062e+00
3.888282060623168945e+00
4.245950937271118164e+00
2.691465139389038086e+00
3.800116300582885742e+00
3.407880067825317383e+00
3.586190938949584961e+00
3.977646112442016602e+00
5.750299215316772461e+00
3.376539945602416992e+00
3.929698228836059570e+00
3.874068021774291992e+00
3.136733770370483398e+00
2.888859987258911133e+00
3.657747983932495117e+00
2.899811983108520508e+00
3.483096837997436523e+00
2.362697839736938477e+00
3.733724355697631836e+00
3.035674333572387695e+00
3.168942928314208984e+00
3.883518934249877930e+00
3.281666040420532227e+00
3.812601089477539062e+00
3.784723997116088867e+00
