1.368626689910888672e+01
2.719668149948120117e+00
5.760496854782104492e+00
1.278202772140502930e+01
1.090869402885437012e+01
3.269057989120483398e+00
1.330950903892517090e+01
1.037242817878723145e+01
8.393651008605957031e+00
2.467319726943969727e+00
9.662931919097900391e+00
1.170307183265686035e+01
6.186774969100952148e+00
2.723667144775390625e+00
3.055674076080322266e+00
1.937839984893798828e+00
3.520744800567626953e+00
3.980865001678466797e+00
4.074539899826049805e+00
9.089763164520263672e+00
2.929983139038085938e+00
3.496025085449218750e+00
4.186685085296630859e+00
3.697052001953125000e+00
4.518145084381103516e+00
3.173552751541137695e+00
2.628869771957397461e+00
3.231610774993896484e+00
4.387720823287963867e+00
4.943648099899291992e+00
7.473769187927246094e+00
5.881136894226074219e+00
2.641713142395019531e+00
2.329261064529418945e+00
5.474983930587768555e+00
6.533010244369506836e+00
4.497216939926147461e+00
6.114609718322753906e+00
4.660996913909912109e+00
3.149720907211303711e+00
2.801532745361328125e+00
3.938637018203735352e+00
5.120721817016601562e+00
3.502742052078247070e+00
5.854692935943603516e+00
4.264136791229248047e+00
6.587079048156738281e+00
3.824438095092773438e+00
3.436510801315307617e+00
4.006686925888061523e+00
4.548975944519042969e+00
3.623784065246582031e+00
4.492073059082031250e+00
4.080035924911499023e+00
4.027172803878784180e+00
4.731642007827758789e+00
6.136389970779418945e+00
2.950811147689819336e+00
3.920274972915649414e+00
4.391283988952636719e+00
3.371092081069946289e+00
4.060322046279907227e+00
3.021720170974731445e+00
3.349979877471923828e+00
5.445473909378051758e+00
2.908113241195678711e+00
4.534234046936035156e+00
4.760184049606323242e+00
2.738520145416259766e+00
4.558535099029541016e+00
3.666829109191894531e+00
5.816470861434936523e+00
4.426169157028198242e+00
4.247353076934814453e+00
3.135959148406982422e+00
3.748110055923461914e+00
6.725995063781738281e+00
5.320478916168212891e+00
3.489932060241699219e+00
3.827106237411499023e+00
3.998598098754882812e+00
3.745613813400268555e+00
6.267064809799194336e+00
3.295719861984252930e+00
3.667293310165405273e+00
3.740113735198974609e+00
3.840477943420410156e+00
3.679345130920410156e+00
2.143734931945800781e+00
5.175523996353149414e+00
2.614013910293579102e+00
3.885809183120727539e+00
3.577332019805908203e+00
5.064935922622680664e+00
4.122878074645996094e+00
4.772902250289916992e+00
4.588526725769042969e+00
3.685206890106201172e+00
2.976871967315673828e+00
5.566956996917724609e+00
2.861104965209960938e+00
2.485615015029907227e+00
7.725260972976684570e+00
2.930202722549438477e+00
3.521293640136718750e+00
4.147172927856445312e+00
6.057247161865234375e+00
3.515146970748901367e+00
3.530694007873535156e+00
3.504606008529663086e+00
3.438118934631347656e+00
4.126169919967651367e+00
3.211019039154052734e+00
3.235125064849853516e+00
4.496749162673950195e+00
8.344858169555664062e+00
3.996110200881958008e+00
4.635797023773193359e+00
3.741702079772949219e+00
3.539135932922363281e+00
3.327318191528320312e+00
7.665524959564208984e+00
3.706568956375122070e+00
5.028133153915405273e+00
4.608974933624267578e+00
4.058593988418579102e+00
4.699241876602172852e+00
5.268781900405883789e+00
4.493234872817993164e+00
2.519987821578979492e+00
3.484205245971679688e+00
4.350796937942504883e+00
4.916080236434936523e+00
4.060842990875244141e+00
5.190830945968627930e+00
3.271230936050415039e+00
3.795614957809448242e+00
4.504117012023925781e+00
3.474541902542114258e+00
3.590427160263061523e+00
3.831321001052856445e+00
4.312834024429321289e+00
6.561648845672607422e+00
4.009731054306030273e+00
2.222831964492797852e+00
5.770256996154785156e+00
2.328191041946411133e+00
2.892105817794799805e+00
7.434618949890136719e+00
4.263567924499511719e+00
2.237486124038696289e+00
1.769160032272338867e+00
3.447916030883789062e+00
3.909018993377685547e+00
4.513051033020019531e+00
5.088598012924194336e+00
4.835053205490112305e+00
2.751228332519531250e+00
4.704391002655029297e+00
2.297530174255371094e+00
4.498913049697875977e+00
4.617011070251464844e+00
3.061681270599365234e+00
2.145882129669189453e+00
6.802536010742187500e+00
3.453552007675170898e+00
7.415102005004882812e+00
5.472285985946655273e+00
2.562678098678588867e+00
5.499229192733764648e+00
2.921759843826293945e+00
2.890595912933349609e+00
3.259801149368286133e+00
3.527849912643432617e+00
4.798615932464599609e+00
3.464665889739990234e+00
3.006286144256591797e+00
3.116967916488647461e+00
2.257950067520141602e+00
2.550785779953002930e+00
2.414437770843505859e+00
5.355238914489746094e+00
4.053920030593872070e+00
5.972413063049316406e+00
5.179563045501708984e+00
2.445415019989013672e+00
5.493202924728393555e+00
3.128361940383911133e+00
3.162339925765991211e+00
3.235512733459472656e+00
6.003787040710449219e+00
3.015578031539916992e+00
4.485264778137207031e+00
3.012619972229003906e+00
3.242296934127807617e+00
4.083230972290039062e+00
3.636875152587890625e+00
4.860626220703125000e+00
4.142951250076293945e+00
4.509241104125976562e+00
5.094001293182373047e+00
4.050525903701782227e+00
3.352025985717773438e+00
5.219303131103515625e+00
4.774960756301879883e+00
5.068599939346313477e+00
3.147928953170776367e+00
4.251512765884399414e+00
3.744521379470825195e+00
4.955137014389038086e+00
3.188697099685668945e+00
4.798368215560913086e+00
2.408215045928955078e+00
5.249507188796997070e+00
5.529395818710327148e+00
4.000503063201904297e+00
2.241062879562377930e+00
5.426337242126464844e+00
4.209764957427978516e+00
6.007241964340209961e+00
3.247869253158569336e+00
2.720057010650634766e+00
4.122154951095581055e+00
3.633787870407104492e+00
5.176249265670776367e+00
6.942903041839599609e+00
4.167546987533569336e+00
6.682417154312133789e+00
5.802163124084472656e+00
3.720597743988037109e+00
3.050341129302978516e+00
3.192782163619995117e+00
4.886837005615234375e+00
3.534602880477905273e+00
2.874661922454833984e+00
2.604336023330688477e+00
3.321892023086547852e+00
4.672442913055419922e+00
2.650845050811767578e+00
5.833549737930297852e+00
4.838853836059570312e+00
2.846106052398681641e+00
3.463242053985595703e+00
4.376931905746459961e+00
3.556671142578125000e+00
3.161846876144409180e+00
3.717489004135131836e+00
8.299154758453369141e+00
2.742150306701660156e+00
3.458139896392822266e+00
2.835298061370849609e+00
3.213949918746948242e+00
3.509535074234008789e+00
3.174799919128417969e+00
3.616022109985351562e+00
3.497418165206909180e+00
4.478260040283203125e+00
3.569516181945800781e+00
3.897439002990722656e+00
7.549501895904541016e+00
3.315412998199462891e+00
3.707877874374389648e+00
3.088454723358154297e+00
5.321328878402709961e+00
2.741531848907470703e+00
2.380253791809082031e+00
3.566644191741943359e+00
4.679747819900512695e+00
5.584058761596679688e+00
3.609706878662109375e+00
4.102190017700195312e+00
5.060938119888305664e+00
4.045620203018188477e+00
4.421559095382690430e+00
4.209738016128540039e+00
4.439510107040405273e+00
2.621540069580078125e+00
5.223420143127441406e+00
5.821061849594116211e+00
4.124778985977172852e+00
3.377548217773437500e+00
5.176508903503417969e+00
4.035253047943115234e+00
5.819746017456054688e+00
5.288839101791381836e+00
3.670663118362426758e+00
6.466520071029663086e+00
4.631640195846557617e+00
4.791056156158447266e+00
6.643397808074951172e+00
4.039151191711425781e+00
5.848181962966918945e+00
4.447690010070800781e+00
4.450757980346679688e+00
3.857992172241210938e+00
5.596981048583984375e+00
6.009595870971679688e+00
3.866984128952026367e+00
7.007416963577270508e+00
3.407995223999023438e+00
7.505200147628784180e+00
2.824725151062011719e+00
5.140168905258178711e+00
5.978931903839111328e+00
4.754800796508789062e+00
4.613695144653320312e+00
4.514742851257324219e+00
3.835756063461303711e+00
3.781774997711181641e+00
5.653451919555664062e+00
4.535161018371582031e+00
5.372987747192382812e+00
3.436178207397460938e+00
3.332098960876464844e+00
5.659917831420898438e+00
3.716966152191162109e+00
5.447924852371215820e+00
5.609492063522338867e+00
3.978841066360473633e+00
5.927366018295288086e+00
3.487982034683227539e+00
3.796819925308227539e+00
5.268362760543823242e+00
3.488691806793212891e+00
2.212581872940063477e+00
4.325877904891967773e+00
2.906265974044799805e+00
4.777719020843505859e+00
4.411460876464843750e+00
2.876967191696166992e+00
5.537089824676513672e+00
4.536531925201416016e+00
4.213693857192993164e+00
4.273523092269897461e+00
3.000470876693725586e+00
7.113985061645507812e+00
3.574756145477294922e+00
4.528784990310668945e+00
3.426861763000488281e+00
2.411952972412109375e+00
4.243723869323730469e+00
5.390798091888427734e+00
3.033195018768310547e+00
2.675365924835205078e+00
4.368402004241943359e+00
4.871018886566162109e+00
4.647616863250732422e+00
2.156394958496093750e+00
4.141201019287109375e+00
6.163062810897827148e+00
4.570812940597534180e+00
4.248063087463378906e+00
3.442775011062622070e+00
3.469598054885864258e+00
3.577136039733886719e+00
2.793281078338623047e+00
1.750495910644531250e+00
2.906708955764770508e+00
2.971749067306518555e+00
1.625339031219482422e+00
4.521821975708007812e+00
3.277718067169189453e+00
2.264092206954956055e+00
4.403385162353515625e+00
3.096131086349487305e+00
6.011467218399047852e+00
2.376703023910522461e+00
6.639566898345947266e+00
2.766939163208007812e+00
2.879110813140869141e+00
3.544816017150878906e+00
3.911528825759887695e+00
3.576873064041137695e+00
3.826913595199584961e+00
4.206834077835083008e+00
3.644198894500732422e+00
5.041194200515747070e+00
3.050156116485595703e+00
4.342213869094848633e+00
3.487271785736083984e+00
4.789003849029541016e+00
3.772773981094360352e+00
4.841004848480224609e+00
3.752148151397705078e+00
3.573010921478271484e+00
5.659295082092285156e+00
3.619831800460815430e+00
3.461858034133911133e+00
4.026051044464111328e+00
3.730562686920166016e+00
2.843811988830566406e+00
4.829200029373168945e+00
4.139871120452880859e+00
5.771618127822875977e+00
4.688856124877929688e+00
3.427133798599243164e+00
6.139283895492553711e+00
3.348497867584228516e+00
2.937796831130981445e+00
5.626390933990478516e+00
3.417791843414306641e+00
3.172708988189697266e+00
3.192140102386474609e+00
3.844257116317749023e+00
6.838025331497192383e+00
5.036163806915283203e+00
4.892809152603149414e+00
4.673427820205688477e+00
3.330028772354125977e+00
4.677008867263793945e+00
3.499776124954223633e+00
3.592029333114624023e+00
4.531141996383666992e+00
4.689350128173828125e+00
7.429785966873168945e+00
3.367787837982177734e+00
2.769105195999145508e+00
3.784996747970581055e+00
3.458678960800170898e+00
5.663768053054809570e+00
4.172973871231079102e+00
4.391547679901123047e+00
4.503465890884399414e+00
2.969363927841186523e+00
4.862211942672729492e+00
1.720480918884277344e+00
3.487934827804565430e+00
2.819782733917236328e+00
2.884983777999877930e+00
5.764564990997314453e+00
2.067373037338256836e+00
2.204694032669067383e+00
4.214923143386840820e+00
3.767961978912353516e+00
2.747977972030639648e+00
4.493466138839721680e+00
3.604087829589843750e+00
5.758312940597534180e+00
2.348597049713134766e+00
3.157254219055175781e+00
5.415242910385131836e+00
3.424943208694458008e+00
3.560939073562622070e+00
3.133755207061767578e+00
2.740552902221679688e+00
6.268201112747192383e+00
3.812545776367187500e+00
4.313209772109985352e+00
4.099864006042480469e+00
3.380022048950195312e+00
3.472543954849243164e+00
3.911231994628906250e+00
5.220674991607666016e+00
3.465101957321166992e+00
2.714890003204345703e+00
3.715100765228271484e+00
3.989974021911621094e+00
7.884588003158569336e+00
5.805602073669433594e+00
4.687061071395874023e+00
3.203885793685913086e+00
3.262389898300170898e+00
4.652461051940917969e+00
4.292927026748657227e+00
3.122796058654785156e+00
4.326743125915527344e+00
8.374212980270385742e+00
3.800084114074707031e+00
5.393893003463745117e+00
6.709726095199584961e+00
4.340644121170043945e+00
3.440396785736083984e+00
3.780055046081542969e+00
4.614560127258300781e+00
2.786183834075927734e+00
2.578191041946411133e+00
3.404633998870849609e+00
4.691681861877441406e+00
5.690258741378784180e+00
3.111283063888549805e+00
3.858744859695434570e+00
2.971421957015991211e+00
4.142632961273193359e+00
3.864320993423461914e+00
3.962841033935546875e+00
6.416388750076293945e+00
4.365789890289306641e+00
3.816634893417358398e+00
3.739449977874755859e+00
3.630131006240844727e+00
4.099707841873168945e+00
2.414625167846679688e+00
3.343941688537597656e+00
2.798374891281127930e+00
3.787115097045898438e+00
4.520000219345092773e+00
3.604699850082397461e+00
3.553623199462890625e+00
4.112947940826416016e+00
4.761785745620727539e+00
6.016331911087036133e+00
5.699094057083129883e+00
3.230667114257812500e+00
2.966081142425537109e+00
4.102303981781005859e+00
3.806163311004638672e+00
3.116419792175292969e+00
4.523574113845825195e+00
5.011912107467651367e+00
3.028880119323730469e+00
4.797974109649658203e+00
6.407020092010498047e+00
2.951952934265136719e+00
2.442162275314331055e+00
6.362506866455078125e+00
3.125100851058959961e+00
5.380934000015258789e+00
2.506930112838745117e+00
4.005251169204711914e+00
3.944607973098754883e+00
7.996017932891845703e+00
6.215907096862792969e+00
4.739847183227539062e+00
4.657063961029052734e+00
5.406071662902832031e+00
3.448193073272705078e+00
5.452677011489868164e+00
5.911538124084472656e+00
5.546633005142211914e+00
4.211498022079467773e+00
2.940063953399658203e+00
6.375578880310058594e+00
3.883457899093627930e+00
3.685599088668823242e+00
5.148572921752929688e+00
3.891841888427734375e+00
2.668710947036743164e+00
5.551246166229248047e+00
3.830842971801757812e+00
4.265841722488403320e+00
5.972079038619995117e+00
5.884697675704956055e+00
4.988050937652587891e+00
5.837240695953369141e+00
3.657290935516357422e+00
5.084429025650024414e+00
4.173485040664672852e+00
5.410589218139648438e+00
3.474735975265502930e+00
3.501565933227539062e+00
5.126432895660400391e+00
3.777512073516845703e+00
5.029961824417114258e+00
4.870861053466796875e+00
2.722069978713989258e+00
3.775969982147216797e+00
4.637750148773193359e+00
3.555644035339355469e+00
6.122236967086791992e+00
5.497002124786376953e+00
2.476058244705200195e+00
4.959968090057373047e+00
4.110229969024658203e+00
4.302806138992309570e+00
4.959533214569091797e+00
1.840175151824951172e+00
5.122195959091186523e+00
4.155436038970947266e+00
2.943343877792358398e+00
6.785953760147094727e+00
7.740561008453369141e+00
2.999463081359863281e+00
3.135697841644287109e+00
2.863209962844848633e+00
3.761520862579345703e+00
5.929630279541015625e+00
5.339516878128051758e+00
3.553042888641357422e+00
5.079090833663940430e+00
3.142675876617431641e+00
2.607693910598754883e+00
5.860833168029785156e+00
2.916310071945190430e+00
2.356466054916381836e+00
2.637789011001586914e+00
5.167047977447509766e+00
2.445389032363891602e+00
6.222995281219482422e+00
3.033527135848999023e+00
5.826592922210693359e+00
2.831628084182739258e+00
3.654885292053222656e+00
7.172232866287231445e+00
3.381417989730834961e+00
3.546637773513793945e+00
7.024133920669555664e+00
3.677357673645019531e+00
4.745797872543334961e+00
7.145097017288208008e+00
3.326287984848022461e+00
4.826366186141967773e+00
4.667943000793457031e+00
4.701814889907836914e+00
4.733833074569702148e+00
3.357061862945556641e+00
4.423468112945556641e+00
3.829175949096679688e+00
8.515809059143066406e+00
4.985855102539062500e+00
3.462758064270019531e+00
2.614626169204711914e+00
4.877953052520751953e+00
4.508149147033691406e+00
9.443655252456665039e+00
4.063558101654052734e+00
4.008356809616088867e+00
9.824276924133300781e+00
2.148956060409545898e+00
5.613450050354003906e+00
5.261940002441406250e+00
4.417855978012084961e+00
3.096671819686889648e+00
2.549040079116821289e+00
4.978511810302734375e+00
5.392027854919433594e+00
4.004251241683959961e+00
8.563669919967651367e+00
2.216427087783813477e+00
4.634741067886352539e+00
3.087944746017456055e+00
5.187525272369384766e+00
4.256985902786254883e+00
4.883313894271850586e+00
4.024803161621093750e+00
5.878321886062622070e+00
4.680840969085693359e+00
5.155237197875976562e+00
3.845541238784790039e+00
5.475026845932006836e+00
5.640699863433837891e+00
3.953421831130981445e+00
5.864304304122924805e+00
6.324140071868896484e+00
6.121015071868896484e+00
5.292794227600097656e+00
4.720197200775146484e+00
5.797077894210815430e+00
4.266273021697998047e+00
5.612422704696655273e+00
5.325454235076904297e+00
6.023916244506835938e+00
4.928098917007446289e+00
6.685205936431884766e+00
4.599277019500732422e+00
2.382966995239257812e+00
4.997751951217651367e+00
4.073130130767822266e+00
7.113421916961669922e+00
3.139967918395996094e+00
8.013936042785644531e+00
1.965348958969116211e+00
2.902898788452148438e+00
3.206785202026367188e+00
1.344194388389587402e+01
4.259548187255859375e+00
3.442276000976562500e+00
7.532547235488891602e+00
3.396440029144287109e+00
3.341958284378051758e+00
4.834906816482543945e+00
6.461687088012695312e+00
3.391226053237915039e+00
5.696516036987304688e+00
3.686166763305664062e+00
5.293725967407226562e+00
3.089340925216674805e+00
4.301033020019531250e+00
4.656431913375854492e+00
5.094813108444213867e+00
2.692103862762451172e+00
5.214103937149047852e+00
4.336189985275268555e+00
3.007572889328002930e+00
2.733539104461669922e+00
4.747494220733642578e+00
6.653417825698852539e+00
2.715358018875122070e+00
8.991554021835327148e+00
3.435619831085205078e+00
4.407627582550048828e+00
8.481029033660888672e+00
3.333270072937011719e+00
4.574581146240234375e+00
4.193832874298095703e+00
3.181129217147827148e+00
4.501102209091186523e+00
4.527107000350952148e+00
3.846577167510986328e+00
2.360183000564575195e+00
6.925389051437377930e+00
4.329571008682250977e+00
4.132707118988037109e+00
4.549095869064331055e+00
4.643594980239868164e+00
4.476441860198974609e+00
8.070590972900390625e+00
2.788415908813476562e+00
4.491632938385009766e+00
2.495276927947998047e+00
3.143666028976440430e+00
4.237188816070556641e+00
4.332358121871948242e+00
2.458587884902954102e+00
2.692755937576293945e+00
2.981209754943847656e+00
3.955930709838867188e+00
2.502440929412841797e+00
5.444084882736206055e+00
4.624795198440551758e+00
4.507709980010986328e+00
4.551534891128540039e+00
4.032352924346923828e+00
4.761029958724975586e+00
4.241623163223266602e+00
2.712784051895141602e+00
2.540928840637207031e+00
3.673401832580566406e+00
5.642375946044921875e+00
4.823066234588623047e+00
5.307537794113159180e+00
5.366876125335693359e+00
5.750547170639038086e+00
6.214664936065673828e+00
6.300237894058227539e+00
5.064162015914916992e+00
4.384613990783691406e+00
3.706654071807861328e+00
3.136960029602050781e+00
3.238829135894775391e+00
3.030228137969970703e+00
6.011270046234130859e+00
4.257839918136596680e+00
3.879528045654296875e+00
5.904960870742797852e+00
2.681049823760986328e+00
5.048186063766479492e+00
2.933623790740966797e+00
4.039325952529907227e+00
2.542875051498413086e+00
4.065393924713134766e+00
4.557038068771362305e+00
3.135590791702270508e+00
4.313122987747192383e+00
3.971729993820190430e+00
2.592937946319580078e+00
3.078118085861206055e+00
3.614525794982910156e+00
3.713807106018066406e+00
3.893112182617187500e+00
3.765197992324829102e+00
9.833944082260131836e+00
4.376772165298461914e+00
4.081318855285644531e+00
2.569796085357666016e+00
5.249633073806762695e+00
2.892386674880981445e+00
4.793868064880371094e+00
3.228529930114746094e+00
2.884896039962768555e+00
3.215440750122070312e+00
3.227360963821411133e+00
2.760080099105834961e+00
5.400688886642456055e+00
3.721697092056274414e+00
3.765002965927124023e+00
3.385284662246704102e+00
3.155441999435424805e+00
3.525702953338623047e+00
3.364683151245117188e+00
2.003307104110717773e+00
4.429054021835327148e+00
4.117163896560668945e+00
4.009687900543212891e+00
3.392469882965087891e+00
3.537964820861816406e+00
3.354038953781127930e+00
4.250055074691772461e+00
2.880162000656127930e+00
5.023128986358642578e+00
2.822359085083007812e+00
6.050224065780639648e+00
3.741485834121704102e+00
4.647575139999389648e+00
3.977901220321655273e+00
3.655137062072753906e+00
4.001953125000000000e+00
2.041225194931030273e+00
3.667098760604858398e+00
5.736104011535644531e+00
3.739989042282104492e+00
4.447742938995361328e+00
3.512094974517822266e+00
3.268920898437500000e+00
3.358208894729614258e+00
4.104767084121704102e+00
4.630017757415771484e+00
4.516766071319580078e+00
3.672761201858520508e+00
3.867329835891723633e+00
4.141120910644531250e+00
3.245922088623046875e+00
3.696517705917358398e+00
3.030578136444091797e+00
4.543487071990966797e+00
3.928433179855346680e+00
4.576456308364868164e+00
3.282739877700805664e+00
3.690287113189697266e+00
3.447343111038208008e+00
3.403259277343750000e+00
3.787430047988891602e+00
3.052706241607666016e+00
4.889036178588867188e+00
4.636993885040283203e+00
3.692849159240722656e+00
3.705468177795410156e+00
4.627315998077392578e+00
3.019967079162597656e+00
4.852933168411254883e+00
2.250879049301147461e+00
2.502030849456787109e+00
3.339306116104125977e+00
5.376643180847167969e+00
4.606235027313232422e+00
6.724195003509521484e+00
5.112905979156494141e+00
3.469734191894531250e+00
3.348644018173217773e+00
4.337643146514892578e+00
4.088817834854125977e+00
4.911980867385864258e+00
1.121656918525695801e+01
3.383521080017089844e+00
2.469522237777709961e+00
3.066416978836059570e+00
4.766510963439941406e+00
5.743511676788330078e+00
4.147711992263793945e+00
5.308788061141967773e+00
3.369292020797729492e+00
4.731055021286010742e+00
3.234177112579345703e+00
2.605356693267822266e+00
3.660063028335571289e+00
2.518347024917602539e+00
5.453085899353027344e+00
4.822620868682861328e+00
4.154597282409667969e+00
5.344327926635742188e+00
5.924510240554809570e+00
4.911906003952026367e+00
5.271167993545532227e+00
5.169155836105346680e+00
3.761299371719360352e+00
3.145146131515502930e+00
5.501825809478759766e+00
4.421409845352172852e+00
3.226922988891601562e+00
5.209228992462158203e+00
4.663820028305053711e+00
2.184847116470336914e+00
5.349268913269042969e+00
4.629405260086059570e+00
3.933633089065551758e+00
5.901908874511718750e+00
4.262300968170166016e+00
8.141199827194213867e+00
2.152984857559204102e+00
3.456150054931640625e+00
6.742336750030517578e+00
5.696784019470214844e+00
5.713690996170043945e+00
7.067368984222412109e+00
5.984570980072021484e+00
8.688455820083618164e+00
4.377370834350585938e+00
6.797024011611938477e+00
3.352149009704589844e+00
2.957062005996704102e+00
5.584444999694824219e+00
5.735485076904296875e+00
4.263185024261474609e+00
4.352993965148925781e+00
3.828555107116699219e+00
3.486023902893066406e+00
1.745988130569458008e+00
3.208561897277832031e+00
5.010281801223754883e+00
6.329165935516357422e+00
4.732072114944458008e+00
6.065340995788574219e+00
3.929683923721313477e+00
3.623937129974365234e+00
7.630417108535766602e+00
6.022178888320922852e+00
4.559912919998168945e+00
4.641686916351318359e+00
6.011974334716796875e+00
6.523281812667846680e+00
5.728415250778198242e+00
6.205079793930053711e+00
5.548066616058349609e+00
4.907576084136962891e+00
3.950814962387084961e+00
5.555841922760009766e+00
3.608083963394165039e+00
7.563788890838623047e+00
7.334581136703491211e+00
4.877472162246704102e+00
5.956451177597045898e+00
5.679177045822143555e+00
4.074913024902343750e+00
7.071897983551025391e+00
2.596071243286132812e+00
3.779933214187622070e+00
4.543006896972656250e+00
4.721690893173217773e+00
1.785645246505737305e+00
2.668387174606323242e+00
6.056374788284301758e+00
7.628349065780639648e+00
7.218588352203369141e+00
6.437768220901489258e+00
4.652148008346557617e+00
6.260187864303588867e+00
5.971104383468627930e+00
5.599174976348876953e+00
5.674690008163452148e+00
7.863685131072998047e+00
8.135084867477416992e+00
7.074748992919921875e+00
7.646459102630615234e+00
7.217686176300048828e+00
4.841386079788208008e+00
5.904691219329833984e+00
8.086980104446411133e+00
6.307145833969116211e+00
6.094542026519775391e+00
7.727939844131469727e+00
7.018498659133911133e+00
8.566173076629638672e+00
3.590869665145874023e+00
8.297014951705932617e+00
7.264814853668212891e+00
7.885379076004028320e+00
3.231853008270263672e+00
6.736680746078491211e+00
3.674181938171386719e+00
7.969253063201904297e+00
6.575880050659179688e+00
4.691255092620849609e+00
4.630244970321655273e+00
2.801121711730957031e+00
4.770589828491210938e+00
3.103574037551879883e+00
3.890131950378417969e+00
6.485679149627685547e+00
9.424085855484008789e+00
3.284806013107299805e+00
3.839272975921630859e+00
5.593734979629516602e+00
4.944381952285766602e+00
3.644853115081787109e+00
3.165354251861572266e+00
1.992936849594116211e+00
4.537652254104614258e+00
3.557065963745117188e+00
9.013855934143066406e+00
3.408218145370483398e+00
4.130687952041625977e+00
3.881120920181274414e+00
3.621192216873168945e+00
5.815980911254882812e+00
4.469283103942871094e+00
3.994764089584350586e+00
4.271425008773803711e+00
4.720957756042480469e+00
9.269731044769287109e+00
3.730258941650390625e+00
3.343277215957641602e+00
3.569435834884643555e+00
3.687582015991210938e+00
2.884696960449218750e+00
8.107487916946411133e+00
5.566521167755126953e+00
3.006292819976806641e+00
3.294973850250244141e+00
3.766490221023559570e+00
4.903607130050659180e+00
3.466715097427368164e+00
4.896769046783447266e+00
5.192166328430175781e+00
3.739155054092407227e+00
1.123696827888488770e+01
4.229726076126098633e+00
3.497354984283447266e+00
4.469630956649780273e+00
2.787479162216186523e+00
4.166038990020751953e+00
5.030633211135864258e+00
4.081804752349853516e+00
4.827862024307250977e+00
5.581938028335571289e+00
4.295695304870605469e+00
5.925103902816772461e+00
3.772521972656250000e+00
4.559194803237915039e+00
2.524496793746948242e+00
4.166767120361328125e+00
5.092545986175537109e+00
3.152312994003295898e+00
7.146170854568481445e+00
3.456245899200439453e+00
4.778685092926025391e+00
6.957817077636718750e+00
5.290573120117187500e+00
6.256870269775390625e+00
3.332482099533081055e+00
4.947753190994262695e+00
5.054212093353271484e+00
4.780767917633056641e+00
4.627518177032470703e+00
5.310602903366088867e+00
4.714010715484619141e+00
3.321660757064819336e+00
4.658143043518066406e+00
5.515599727630615234e+00
4.885444879531860352e+00
5.276545763015747070e+00
5.510647058486938477e+00
4.691303968429565430e+00
3.818753957748413086e+00
3.141142129898071289e+00
5.185150146484375000e+00
4.031718015670776367e+00
4.252386808395385742e+00
5.917917966842651367e+00
3.571153879165649414e+00
5.860591888427734375e+00
4.998878002166748047e+00
2.943803071975708008e+00
4.837862968444824219e+00
3.360799789428710938e+00
3.099160909652709961e+00
6.995939016342163086e+00
4.162640333175659180e+00
4.039062023162841797e+00
5.843755960464477539e+00
4.046909809112548828e+00
4.441316843032836914e+00
3.883436203002929688e+00
4.614279031753540039e+00
5.663169860839843750e+00
4.414896965026855469e+00
4.067965984344482422e+00
5.339154958724975586e+00
5.120244979858398438e+00
4.140966892242431641e+00
2.531967878341674805e+00
3.487958669662475586e+00
6.064647912979125977e+00
3.001398086547851562e+00
6.958683729171752930e+00
4.982023715972900391e+00
6.124342203140258789e+00
3.781467199325561523e+00
3.711881160736083984e+00
3.509349822998046875e+00
6.550718307495117188e+00
3.043401956558227539e+00
5.558624982833862305e+00
2.598731040954589844e+00
4.855441808700561523e+00
7.336693048477172852e+00
6.343681097030639648e+00
7.425615072250366211e+00
7.301640748977661133e+00
3.428563117980957031e+00
7.866803884506225586e+00
6.138578891754150391e+00
4.729621171951293945e+00
5.591510057449340820e+00
4.748297929763793945e+00
8.302306890487670898e+00
5.713662147521972656e+00
4.675589084625244141e+00
3.512229919433593750e+00
3.179529190063476562e+00
4.134042024612426758e+00
4.804509878158569336e+00
7.281061172485351562e+00
4.714014291763305664e+00
2.217127084732055664e+00
5.832185745239257812e+00
6.772150039672851562e+00
4.787858963012695312e+00
4.262261867523193359e+00
4.900911808013916016e+00
4.473727941513061523e+00
3.887074947357177734e+00
6.069396018981933594e+00
5.012847900390625000e+00
5.474961757659912109e+00
5.515810966491699219e+00
4.437217712402343750e+00
5.816909790039062500e+00
2.913046598434448242e+00
5.807052850723266602e+00
3.980469942092895508e+00
4.982436895370483398e+00
4.135617017745971680e+00
4.794503927230834961e+00
4.177262067794799805e+00
5.917901039123535156e+00
6.422847986221313477e+00
4.009831190109252930e+00
7.097986936569213867e+00
3.219271898269653320e+00
4.143307209014892578e+00
4.256827831268310547e+00
7.041417837142944336e+00
6.205980777740478516e+00
4.953562974929809570e+00
2.594567298889160156e+00
9.185857057571411133e+00
5.559049129486083984e+00
2.973151922225952148e+00
5.135559082031250000e+00
4.399626016616821289e+00
6.532668828964233398e+00
4.434531688690185547e+00
3.230036020278930664e+00
4.869511127471923828e+00
7.258056879043579102e+00
3.879667043685913086e+00
4.415288209915161133e+00
5.585947036743164062e+00
5.748188972473144531e+00
5.045420885086059570e+00
4.856220960617065430e+00
1.579723119735717773e+00
2.816359996795654297e+00
4.780004978179931641e+00
5.533529996871948242e+00
2.901236057281494141e+00
5.424251079559326172e+00
5.600808858871459961e+00
5.855031967163085938e+00
3.463935375213623047e+00
4.830245733261108398e+00
5.731626033782958984e+00
3.674782276153564453e+00
4.573143005371093750e+00
5.855787038803100586e+00
5.403230190277099609e+00
5.669927835464477539e+00
6.532877922058105469e+00
4.908835887908935547e+00
6.356199979782104492e+00
5.331268787384033203e+00
2.682351112365722656e+00
6.112617969512939453e+00
4.383732080459594727e+00
2.693758964538574219e+00
3.501746177673339844e+00
4.930671930313110352e+00
2.639817237854003906e+00
6.632101058959960938e+00
4.165285110473632812e+00
6.918137788772583008e+00
3.411949157714843750e+00
5.820938348770141602e+00
6.655866861343383789e+00
4.347225904464721680e+00
3.691396951675415039e+00
3.846220016479492188e+00
5.239724636077880859e+00
6.849468708038330078e+00
3.993177890777587891e+00
3.513898849487304688e+00
6.901945114135742188e+00
2.752835035324096680e+00
8.085144042968750000e+00
4.320221900939941406e+00
2.494054079055786133e+00
3.245618104934692383e+00
5.065252065658569336e+00
4.707296133041381836e+00
3.924802064895629883e+00
5.050663232803344727e+00
6.122136831283569336e+00
5.001063823699951172e+00
8.184909820556640625e+00
3.000540733337402344e+00
3.583808898925781250e+00
5.024564027786254883e+00
4.495479106903076172e+00
3.921177148818969727e+00
5.660769939422607422e+00
2.703100919723510742e+00
4.415143966674804688e+00
6.111121892929077148e+00
3.049680948257446289e+00
4.089637041091918945e+00
5.869131803512573242e+00
5.574203968048095703e+00
7.227370023727416992e+00
2.982825040817260742e+00
5.199159145355224609e+00
3.071940183639526367e+00
4.051985740661621094e+00
4.821752071380615234e+00
3.985541105270385742e+00
6.660140037536621094e+00
3.551375150680541992e+00
4.711315870285034180e+00
4.595089912414550781e+00
6.209521055221557617e+00
5.345561027526855469e+00
4.817717075347900391e+00
4.047984838485717773e+00
6.415128946304321289e+00
3.024454116821289062e+00
3.442582607269287109e+00
6.095974206924438477e+00
3.004142999649047852e+00
4.590058088302612305e+00
4.655161857604980469e+00
4.726263999938964844e+00
4.070554733276367188e+00
5.191255092620849609e+00
6.171438932418823242e+00
2.369379997253417969e+00
4.368828773498535156e+00
3.795611143112182617e+00
4.444288969039916992e+00
7.496612787246704102e+00
5.394247055053710938e+00
3.844316005706787109e+00
6.187165975570678711e+00
4.676024198532104492e+00
9.820106029510498047e+00
4.470412969589233398e+00
7.764481067657470703e+00
3.962160825729370117e+00
2.614466190338134766e+00
2.335132837295532227e+00
3.397217035293579102e+00
3.265301942825317383e+00
6.364334106445312500e+00
3.665937900543212891e+00
3.836138010025024414e+00
3.595453262329101562e+00
3.750877141952514648e+00
1.111736607551574707e+01
4.493458986282348633e+00
3.456881999969482422e+00
3.838230848312377930e+00
5.629699230194091797e+00
3.844804286956787109e+00
5.870265960693359375e+00
4.791830062866210938e+00
5.910635948181152344e+00
6.004538059234619141e+00
4.563174724578857422e+00
4.102948188781738281e+00
4.887086868286132812e+00
5.426195859909057617e+00
4.439268112182617188e+00
6.076076984405517578e+00
3.949531078338623047e+00
5.152971029281616211e+00
4.400310993194580078e+00
7.739165782928466797e+00
5.078474998474121094e+00
5.062911033630371094e+00
5.930818796157836914e+00
4.282055854797363281e+00
6.205730199813842773e+00
3.260380029678344727e+00
6.367811918258666992e+00
5.710694074630737305e+00
3.748707056045532227e+00
5.109413146972656250e+00
3.693126201629638672e+00
3.197588920593261719e+00
4.035253047943115234e+00
4.155435085296630859e+00
7.014273166656494141e+00
3.529655218124389648e+00
3.797674894332885742e+00
4.641634702682495117e+00
3.623811721801757812e+00
5.802460193634033203e+00
4.615452051162719727e+00
5.893558025360107422e+00
5.513267993927001953e+00
4.083067893981933594e+00
3.606287956237792969e+00
4.273207902908325195e+00
4.727741956710815430e+00
5.967590808868408203e+00
2.247662782669067383e+00
5.505986928939819336e+00
4.636107683181762695e+00
7.621357202529907227e+00
7.436967849731445312e+00
6.332311868667602539e+00
6.615981101989746094e+00
4.044500827789306641e+00
4.995877265930175781e+00
4.553437948226928711e+00
6.051146984100341797e+00
3.422038078308105469e+00
5.481642961502075195e+00
5.446261882781982422e+00
5.648905992507934570e+00
6.395025014877319336e+00
6.053604841232299805e+00
6.361800909042358398e+00
6.227501153945922852e+00
6.157529115676879883e+00
5.379606008529663086e+00
6.692776203155517578e+00
4.216320037841796875e+00
4.158799886703491211e+00
5.833749055862426758e+00
5.440917015075683594e+00
3.455787181854248047e+00
4.915820121765136719e+00
6.795400142669677734e+00
4.290780782699584961e+00
6.232470035552978516e+00
4.166377782821655273e+00
7.190165996551513672e+00
6.743551969528198242e+00
5.566704034805297852e+00
6.950818061828613281e+00
7.283990859985351562e+00
6.374562978744506836e+00
5.590352773666381836e+00
3.936919927597045898e+00
5.637874841690063477e+00
4.866630792617797852e+00
5.763300895690917969e+00
3.355246305465698242e+00
7.380039930343627930e+00
4.443459987640380859e+00
6.571756124496459961e+00
5.952855110168457031e+00
5.497500181198120117e+00
4.507869958877563477e+00
3.308733940124511719e+00
3.285789966583251953e+00
4.125285863876342773e+00
6.481834888458251953e+00
3.178879022598266602e+00
5.236446142196655273e+00
2.965621948242187500e+00
4.074674129486083984e+00
6.702998161315917969e+00
5.706879854202270508e+00
1.940679073333740234e+00
7.257462024688720703e+00
4.597249031066894531e+00
5.367552995681762695e+00
5.606365203857421875e+00
4.885837078094482422e+00
5.920882225036621094e+00
5.439307212829589844e+00
5.815996885299682617e+00
3.898107767105102539e+00
8.204622030258178711e+00
5.558727264404296875e+00
3.303770780563354492e+00
2.941206216812133789e+00
3.368592262268066406e+00
4.605114936828613281e+00
6.046021223068237305e+00
2.577793121337890625e+00
3.804809808731079102e+00
3.365827798843383789e+00
8.505300998687744141e+00
3.606308937072753906e+00
3.375985860824584961e+00
3.294962167739868164e+00
7.743663072586059570e+00
3.653733015060424805e+00
3.903206348419189453e+00
4.053943872451782227e+00
4.461402177810668945e+00
3.455102920532226562e+00
7.452920675277709961e+00
4.224114894866943359e+00
6.548251152038574219e+00
4.217686891555786133e+00
3.425127029418945312e+00
3.380562782287597656e+00
3.327294111251831055e+00
4.694395065307617188e+00
4.309545040130615234e+00
5.251472949981689453e+00
2.316716909408569336e+00
3.157428979873657227e+00
4.095558166503906250e+00
7.237531185150146484e+00
5.687341213226318359e+00
3.408264398574829102e+00
4.461538076400756836e+00
3.729043006896972656e+00
5.805115699768066406e+00
4.846413135528564453e+00
4.135020971298217773e+00
4.811609983444213867e+00
4.240025997161865234e+00
3.716295957565307617e+00
1.058177900314331055e+01
8.327893018722534180e+00
4.532289981842041016e+00
4.399824142456054688e+00
3.272812604904174805e+00
3.872933149337768555e+00
3.595148086547851562e+00
7.256329059600830078e+00
6.154003858566284180e+00
4.197623968124389648e+00
3.961187124252319336e+00
4.082801103591918945e+00
5.190473794937133789e+00
3.026629209518432617e+00
5.282596826553344727e+00
4.577002048492431641e+00
4.217583179473876953e+00
5.874114036560058594e+00
5.070701122283935547e+00
4.987896203994750977e+00
5.261894941329956055e+00
3.874297857284545898e+00
4.643767118453979492e+00
4.309706211090087891e+00
4.732867002487182617e+00
4.831398248672485352e+00
4.104510784149169922e+00
5.302630901336669922e+00
6.556026697158813477e+00
1.817359209060668945e+00
5.386357069015502930e+00
6.300151109695434570e+00
5.788410186767578125e+00
3.488294839859008789e+00
6.178920984268188477e+00
6.292355060577392578e+00
5.762840032577514648e+00
5.694738864898681641e+00
6.872078180313110352e+00
6.453359127044677734e+00
5.263898849487304688e+00
3.308164119720458984e+00
5.932738065719604492e+00
5.393436908721923828e+00
3.830762147903442383e+00
5.653391838073730469e+00
7.013357877731323242e+00
5.352039337158203125e+00
5.852606296539306641e+00
5.283444881439208984e+00
5.890873193740844727e+00
5.448175907135009766e+00
4.795423030853271484e+00
4.225819826126098633e+00
7.293161869049072266e+00
3.352082967758178711e+00
2.826464891433715820e+00
5.107529163360595703e+00
6.161232948303222656e+00
5.728649854660034180e+00
4.187609910964965820e+00
4.697731971740722656e+00
5.181570768356323242e+00
5.631664037704467773e+00
5.064647912979125977e+00
5.434303045272827148e+00
5.020251989364624023e+00
5.863638162612915039e+00
4.605727910995483398e+00
2.215248107910156250e+00
6.102078914642333984e+00
4.152562141418457031e+00
5.036734819412231445e+00
7.364785909652709961e+00
4.586920738220214844e+00
4.842555761337280273e+00
7.637739896774291992e+00
4.288534164428710938e+00
6.042502164840698242e+00
7.262440919876098633e+00
8.021406173706054688e+00
6.002970933914184570e+00
4.331756114959716797e+00
7.195070981979370117e+00
4.308001041412353516e+00
5.548034191131591797e+00
2.271521806716918945e+00
4.900498151779174805e+00
3.758133172988891602e+00
6.228690862655639648e+00
3.947722911834716797e+00
7.242268085479736328e+00
3.937644004821777344e+00
2.365113973617553711e+00
6.418285846710205078e+00
3.123667955398559570e+00
3.201314926147460938e+00
4.473449230194091797e+00
3.596663713455200195e+00
4.760676145553588867e+00
6.558727025985717773e+00
6.480295181274414062e+00
4.216293096542358398e+00
4.876113176345825195e+00
4.015367031097412109e+00
5.384289026260375977e+00
4.923107147216796875e+00
5.238759040832519531e+00
4.504375934600830078e+00
4.357608079910278320e+00
4.408193111419677734e+00
4.420938968658447266e+00
4.925411939620971680e+00
4.169940948486328125e+00
2.987706184387207031e+00
6.809705257415771484e+00
9.657086133956909180e+00
4.999094009399414062e+00
5.032227039337158203e+00
5.740931749343872070e+00
3.739624977111816406e+00
5.779280185699462891e+00
5.268249273300170898e+00
4.419639825820922852e+00
7.921185970306396484e+00
9.657775878906250000e+00
5.413119316101074219e+00
7.465526103973388672e+00
4.513784170150756836e+00
5.099191188812255859e+00
5.645127773284912109e+00
7.957298994064331055e+00
5.203895092010498047e+00
4.874345064163208008e+00
9.496894836425781250e+00
2.500624895095825195e+00
4.912653923034667969e+00
5.204572916030883789e+00
6.774834871292114258e+00
5.615778684616088867e+00
3.799216985702514648e+00
9.895225048065185547e+00
2.225304126739501953e+00
4.720018863677978516e+00
3.496010780334472656e+00
4.480823040008544922e+00
8.176754951477050781e+00
4.199930906295776367e+00
2.918855190277099609e+00
2.991666078567504883e+00
3.200595140457153320e+00
5.783455133438110352e+00
3.032050132751464844e+00
4.606521844863891602e+00
9.073629856109619141e+00
5.092830181121826172e+00
5.092260122299194336e+00
3.700708150863647461e+00
2.898123025894165039e+00
5.546334028244018555e+00
9.750319242477416992e+00
2.870130777359008789e+00
2.912543058395385742e+00
4.570147037506103516e+00
4.758306264877319336e+00
4.576761960983276367e+00
5.093322038650512695e+00
4.666471242904663086e+00
3.257425308227539062e+00
2.201017141342163086e+00
3.757703065872192383e+00
6.646778106689453125e+00
2.993834257125854492e+00
4.114074230194091797e+00
5.307950258255004883e+00
2.199772834777832031e+00
4.475429058074951172e+00
7.456483840942382812e+00
5.052741765975952148e+00
2.752543926239013672e+00
3.149807929992675781e+00
3.991897106170654297e+00
4.542635917663574219e+00
5.062954902648925781e+00
3.388091802597045898e+00
3.476289033889770508e+00
4.382508039474487305e+00
4.804978847503662109e+00
5.231397151947021484e+00
4.685514926910400391e+00
6.626052141189575195e+00
4.315729141235351562e+00
3.074681043624877930e+00
4.820347070693969727e+00
3.750691175460815430e+00
4.557373046875000000e+00
5.954842090606689453e+00
3.831593275070190430e+00
5.100306987762451172e+00
2.836813688278198242e+00
5.375610113143920898e+00
7.707101821899414062e+00
4.941593885421752930e+00
4.571460247039794922e+00
5.713685035705566406e+00
5.569990158081054688e+00
3.696434974670410156e+00
7.009811878204345703e+00
5.172451972961425781e+00
6.576617002487182617e+00
6.125411987304687500e+00
6.592228174209594727e+00
7.791980028152465820e+00
5.708559036254882812e+00
5.916593074798583984e+00
4.556612253189086914e+00
8.104387998580932617e+00
9.211535215377807617e+00
5.086664915084838867e+00
3.503793954849243164e+00
5.894690036773681641e+00
2.898439884185791016e+00
6.214588880538940430e+00
2.754471302032470703e+00
4.162009954452514648e+00
3.821335077285766602e+00
3.632027864456176758e+00
3.586171150207519531e+00
3.239732980728149414e+00
3.473803997039794922e+00
4.031749010086059570e+00
5.668053150177001953e+00
4.887029886245727539e+00
3.934461116790771484e+00
4.500103235244750977e+00
3.966541051864624023e+00
3.465543985366821289e+00
5.026081085205078125e+00
4.334586858749389648e+00
2.708328008651733398e+00
3.695466995239257812e+00
3.642542839050292969e+00
5.727680921554565430e+00
6.226132869720458984e+00
4.042014837265014648e+00
6.154341936111450195e+00
7.067431926727294922e+00
5.817971229553222656e+00
3.149566888809204102e+00
6.715618848800659180e+00
6.704360246658325195e+00
6.085685014724731445e+00
4.111460924148559570e+00
5.829228878021240234e+00
4.391376972198486328e+00
6.912451028823852539e+00
4.925644159317016602e+00
4.334271192550659180e+00
7.043527126312255859e+00
7.200517892837524414e+00
4.085774898529052734e+00
4.329975128173828125e+00
4.854601144790649414e+00
4.652459144592285156e+00
4.720059871673583984e+00
5.230052947998046875e+00
4.620115995407104492e+00
6.222986936569213867e+00
6.058835983276367188e+00
4.878875732421875000e+00
6.606752157211303711e+00
4.341165065765380859e+00
7.311098098754882812e+00
6.092555999755859375e+00
7.682811737060546875e+00
7.427990913391113281e+00
7.833408117294311523e+00
7.112525224685668945e+00
3.741691112518310547e+00
7.257488012313842773e+00
5.952972888946533203e+00
7.116341829299926758e+00
6.557685852050781250e+00
6.440578699111938477e+00
5.342116832733154297e+00
9.312546730041503906e+00
5.066622972488403320e+00
5.114399909973144531e+00
5.392019987106323242e+00
2.353754281997680664e+00
4.598875999450683594e+00
8.288136005401611328e+00
3.479753255844116211e+00
2.014296054840087891e+00
4.473973989486694336e+00
3.311695814132690430e+00
5.429597139358520508e+00
6.306854963302612305e+00
6.368387699127197266e+00
5.033524036407470703e+00
8.656116962432861328e+00
7.840050935745239258e+00
4.236028909683227539e+00
3.401952028274536133e+00
5.695133209228515625e+00
8.019871950149536133e+00
8.063298940658569336e+00
5.071200847625732422e+00
5.298461914062500000e+00
7.893768072128295898e+00
3.635851144790649414e+00
4.744784116744995117e+00
7.481219053268432617e+00
7.461198091506958008e+00
5.000408649444580078e+00
7.694658994674682617e+00
4.465736865997314453e+00
9.012994050979614258e+00
6.142136812210083008e+00
3.651747941970825195e+00
9.007823944091796875e+00
7.965194940567016602e+00
2.420371055603027344e+00
8.714235067367553711e+00
2.905246973037719727e+00
6.670733928680419922e+00
7.562679052352905273e+00
4.917712926864624023e+00
6.321082115173339844e+00
3.415638923645019531e+00
9.800240039825439453e+00
5.144573926925659180e+00
4.769550085067749023e+00
7.180751085281372070e+00
3.725095748901367188e+00
3.707877874374389648e+00
4.753553867340087891e+00
8.373152017593383789e+00
6.709861040115356445e+00
4.232959985733032227e+00
5.218407869338989258e+00
3.989336967468261719e+00
3.820608854293823242e+00
5.817791938781738281e+00
8.670218229293823242e+00
4.176210880279541016e+00
7.746404170989990234e+00
8.770483970642089844e+00
4.528490066528320312e+00
4.585597991943359375e+00
2.582662820816040039e+00
9.416415214538574219e+00
6.345666170120239258e+00
5.020154953002929688e+00
4.436735153198242188e+00
5.526827096939086914e+00
4.793652057647705078e+00
4.916952848434448242e+00
5.049189090728759766e+00
4.747289180755615234e+00
9.182757854461669922e+00
4.165782928466796875e+00
4.795891046524047852e+00
3.742255926132202148e+00
4.642588853836059570e+00
4.247971773147583008e+00
5.005496978759765625e+00
4.979708909988403320e+00
4.920103073120117188e+00
4.922576904296875000e+00
5.224383115768432617e+00
4.607278823852539062e+00
3.411105155944824219e+00
3.535351037979125977e+00
3.909728050231933594e+00
4.926276206970214844e+00
5.117371082305908203e+00
5.552396059036254883e+00
5.081156253814697266e+00
5.068603038787841797e+00
5.014073133468627930e+00
5.743891954421997070e+00
3.728573083877563477e+00
4.471392631530761719e+00
3.863379955291748047e+00
2.468676090240478516e+00
5.676728248596191406e+00
4.209061861038208008e+00
4.658874988555908203e+00
5.568313837051391602e+00
4.813589096069335938e+00
4.371747970581054688e+00
5.671824216842651367e+00
4.724981069564819336e+00
4.688098669052124023e+00
5.066156864166259766e+00
6.884161949157714844e+00
5.767144918441772461e+00
5.304184913635253906e+00
5.385139942169189453e+00
5.869663000106811523e+00
4.724809885025024414e+00
6.415905714035034180e+00
3.459805011749267578e+00
4.258054971694946289e+00
5.102529048919677734e+00
6.103073835372924805e+00
4.646575927734375000e+00
6.526539087295532227e+00
4.642234086990356445e+00
6.970249891281127930e+00
6.398442983627319336e+00
6.498054981231689453e+00
5.537182092666625977e+00
3.316712856292724609e+00
5.405607223510742188e+00
1.181428003311157227e+01
4.240751981735229492e+00
4.510205030441284180e+00
4.986269950866699219e+00
6.751397132873535156e+00
3.910074949264526367e+00
5.610443115234375000e+00
3.667923927307128906e+00
6.907449007034301758e+00
5.543198108673095703e+00
5.317569017410278320e+00
4.807550907135009766e+00
6.369937896728515625e+00
5.333582162857055664e+00
3.229233264923095703e+00
6.390146732330322266e+00
5.118081092834472656e+00
4.546761751174926758e+00
5.353330135345458984e+00
4.509661912918090820e+00
6.183135986328125000e+00
5.955026865005493164e+00
5.142624855041503906e+00
4.290078163146972656e+00
6.667227983474731445e+00
7.591917037963867188e+00
4.453408002853393555e+00
6.757671833038330078e+00
6.102015972137451172e+00
7.310726881027221680e+00
8.245416164398193359e+00
6.264335870742797852e+00
8.078233957290649414e+00
2.089906930923461914e+00
4.183309078216552734e+00
2.433445930480957031e+00
6.657900094985961914e+00
3.213331937789916992e+00
4.851817131042480469e+00
4.283212184906005859e+00
5.761115074157714844e+00
4.142997026443481445e+00
4.803187847137451172e+00
5.217556953430175781e+00
4.520042181015014648e+00
5.085080146789550781e+00
6.895043849945068359e+00
2.981338262557983398e+00
5.164783000946044922e+00
2.946452140808105469e+00
5.802999019622802734e+00
5.087753057479858398e+00
8.243301153182983398e+00
4.103920936584472656e+00
5.272383928298950195e+00
3.497925043106079102e+00
3.552215099334716797e+00
4.259563684463500977e+00
3.888741016387939453e+00
4.071009159088134766e+00
4.528248786926269531e+00
5.560135841369628906e+00
5.849699258804321289e+00
7.243076086044311523e+00
5.433984041213989258e+00
4.076607942581176758e+00
2.389956712722778320e+00
4.367691040039062500e+00
3.722678184509277344e+00
4.327028989791870117e+00
7.203709840774536133e+00
8.386381149291992188e+00
6.680583000183105469e+00
7.178042173385620117e+00
3.556119203567504883e+00
6.217355012893676758e+00
3.833125114440917969e+00
5.275795936584472656e+00
8.509394168853759766e+00
3.936634778976440430e+00
7.799672842025756836e+00
5.026597738265991211e+00
7.266047000885009766e+00
4.761292934417724609e+00
4.973949909210205078e+00
4.715375185012817383e+00
3.572342872619628906e+00
2.365014791488647461e+00
4.532875061035156250e+00
4.858552217483520508e+00
2.685647964477539062e+00
4.798657894134521484e+00
5.319377899169921875e+00
5.620176076889038086e+00
8.156334877014160156e+00
5.367221593856811523e+00
8.367967128753662109e+00
3.504194259643554688e+00
3.868237972259521484e+00
4.961489915847778320e+00
5.008062839508056641e+00
8.563185930252075195e+00
5.009844303131103516e+00
3.991929292678833008e+00
5.533777952194213867e+00
5.745374917984008789e+00
3.455297946929931641e+00
3.410385847091674805e+00
5.560553073883056641e+00
5.190156221389770508e+00
7.306097984313964844e+00
5.438161849975585938e+00
6.823119163513183594e+00
4.253607034683227539e+00
6.493666172027587891e+00
8.460790157318115234e+00
9.155808925628662109e+00
6.476080894470214844e+00
4.130388975143432617e+00
5.497701168060302734e+00
6.562762022018432617e+00
7.816951036453247070e+00
6.523863077163696289e+00
3.978852748870849609e+00
4.332619905471801758e+00
4.393353223800659180e+00
6.509222030639648438e+00
3.984083890914916992e+00
6.935811996459960938e+00
5.691863059997558594e+00
3.675688982009887695e+00
4.421493053436279297e+00
3.609969139099121094e+00
9.689584016799926758e+00
3.437014102935791016e+00
5.893676996231079102e+00
6.884989976882934570e+00
8.254610061645507812e+00
4.833315134048461914e+00
3.906261920928955078e+00
7.115629196166992188e+00
1.032323503494262695e+01
4.203971862792968750e+00
8.458282947540283203e+00
7.463510036468505859e+00
5.128417015075683594e+00
3.847168684005737305e+00
4.758522987365722656e+00
5.460635900497436523e+00
6.315235853195190430e+00
5.765225172042846680e+00
5.797418117523193359e+00
7.107140779495239258e+00
4.878620862960815430e+00
7.337748050689697266e+00
4.018011093139648438e+00
2.750417232513427734e+00
4.656907796859741211e+00
5.231263875961303711e+00
4.229871273040771484e+00
5.617442846298217773e+00
1.002120518684387207e+01
8.210529804229736328e+00
8.874418258666992188e+00
4.755880117416381836e+00
5.156811952590942383e+00
5.283923149108886719e+00
8.946830034255981445e+00
9.441168069839477539e+00
9.444612026214599609e+00
8.460610151290893555e+00
8.694169998168945312e+00
5.813946008682250977e+00
9.319926023483276367e+00
8.316879034042358398e+00
7.767630100250244141e+00
8.255586862564086914e+00
8.246460914611816406e+00
7.074482917785644531e+00
9.934056997299194336e+00
5.244935750961303711e+00
8.302619934082031250e+00
8.313519001007080078e+00
7.036756038665771484e+00
7.587709188461303711e+00
7.055323123931884766e+00
4.595571041107177734e+00
6.668758869171142578e+00
7.292559862136840820e+00
1.001521587371826172e+01
5.864094972610473633e+00
1.115309000015258789e+01
9.007256984710693359e+00
6.771304845809936523e+00
9.565109252929687500e+00
7.553913116455078125e+00
1.043660402297973633e+01
1.116491699218750000e+01
1.133333683013916016e+01
3.895122051239013672e+00
1.227563881874084473e+01
9.767677068710327148e+00
4.766196012496948242e+00
2.953805923461914062e+00
4.210706233978271484e+00
3.268797874450683594e+00
4.749164104461669922e+00
7.007700204849243164e+00
1.177020907402038574e+01
4.677552938461303711e+00
4.263238906860351562e+00
4.501453876495361328e+00
5.278816938400268555e+00
2.717611074447631836e+00
5.266192197799682617e+00
5.872034072875976562e+00
4.428448915481567383e+00
5.363734960556030273e+00
8.805764913558959961e+00
4.427392005920410156e+00
4.327896118164062500e+00
8.302570104598999023e+00
3.330797910690307617e+00
3.668117046356201172e+00
7.804525852203369141e+00
5.937738418579101562e+00
5.845659971237182617e+00
7.694300889968872070e+00
6.877444744110107422e+00
5.916651725769042969e+00
4.019898176193237305e+00
4.257602214813232422e+00
8.063444852828979492e+00
7.343074798583984375e+00
4.689454078674316406e+00
5.821978092193603516e+00
4.655220031738281250e+00
4.864437818527221680e+00
3.634831905364990234e+00
4.221662998199462891e+00
3.970658063888549805e+00
5.766011953353881836e+00
9.531412363052368164e+00
5.528857231140136719e+00
5.684473991394042969e+00
3.118061065673828125e+00
4.553608179092407227e+00
5.899865150451660156e+00
5.753232955932617188e+00
4.822462081909179688e+00
5.072695016860961914e+00
6.987709045410156250e+00
6.048368215560913086e+00
3.507987976074218750e+00
3.647019147872924805e+00
5.051706790924072266e+00
6.286828041076660156e+00
8.790255784988403320e+00
6.062243700027465820e+00
6.067585945129394531e+00
9.040729761123657227e+00
5.878522872924804688e+00
9.182871103286743164e+00
5.600095272064208984e+00
4.613538742065429688e+00
5.772265911102294922e+00
5.195707082748413086e+00
5.838746786117553711e+00
8.746783971786499023e+00
4.292186021804809570e+00
6.414777278900146484e+00
3.629918098449707031e+00
4.342813253402709961e+00
3.488551855087280273e+00
8.924983024597167969e+00
8.906148195266723633e+00
5.768141984939575195e+00
5.180932760238647461e+00
6.880198240280151367e+00
6.102828979492187500e+00
6.137037992477416992e+00
9.425661802291870117e+00
9.172863006591796875e+00
1.039330267906188965e+01
6.381235122680664062e+00
8.358010768890380859e+00
6.032111883163452148e+00
4.924662113189697266e+00
5.238231658935546875e+00
6.454127073287963867e+00
6.656363010406494141e+00
7.566705942153930664e+00
6.102774143218994141e+00
8.565568208694458008e+00
6.227324962615966797e+00
5.694565057754516602e+00
6.921226024627685547e+00
9.749256134033203125e+00
4.342068195343017578e+00
6.461750030517578125e+00
3.056471109390258789e+00
1.310570383071899414e+01
5.656265974044799805e+00
7.172853946685791016e+00
3.081037044525146484e+00
1.034013891220092773e+01
1.003351616859436035e+01
7.384726762771606445e+00
3.619720935821533203e+00
7.323068857192993164e+00
3.277943134307861328e+00
6.480830907821655273e+00
9.411474943161010742e+00
9.815580129623413086e+00
7.994668722152709961e+00
3.251085996627807617e+00
2.859025239944458008e+00
7.891545772552490234e+00
6.909416913986206055e+00
7.553619146347045898e+00
6.109262704849243164e+00
4.597829103469848633e+00
7.090995788574218750e+00
8.134388923645019531e+00
5.760790109634399414e+00
2.769318103790283203e+00
8.174726963043212891e+00
6.588035106658935547e+00
3.195949077606201172e+00
2.366904973983764648e+00
2.373456001281738281e+00
4.023894071578979492e+00
6.217448949813842773e+00
1.094404816627502441e+01
7.872656106948852539e+00
3.970288038253784180e+00
7.076682806015014648e+00
7.726930856704711914e+00
7.756920099258422852e+00
8.823237895965576172e+00
8.397986650466918945e+00
3.808613777160644531e+00
3.583444118499755859e+00
7.920447111129760742e+00
3.482175111770629883e+00
3.237584114074707031e+00
3.321233272552490234e+00
4.130640268325805664e+00
3.373027086257934570e+00
4.362018108367919922e+00
4.324779987335205078e+00
4.523104906082153320e+00
4.309382915496826172e+00
4.220788002014160156e+00
5.053538084030151367e+00
4.616430044174194336e+00
3.225072145462036133e+00
3.718411207199096680e+00
4.737981081008911133e+00
4.266019105911254883e+00
3.961442947387695312e+00
4.984585046768188477e+00
5.117265939712524414e+00
4.711187362670898438e+00
4.929852247238159180e+00
1.332517910003662109e+01
5.182898998260498047e+00
1.048233079910278320e+01
4.591088056564331055e+00
4.548053026199340820e+00
4.632683992385864258e+00
4.365379095077514648e+00
5.329696655273437500e+00
4.782284975051879883e+00
4.157478809356689453e+00
5.069529056549072266e+00
5.492976903915405273e+00
5.666683197021484375e+00
4.954970836639404297e+00
4.444972038269042969e+00
5.549212932586669922e+00
6.307872056961059570e+00
5.279821872711181641e+00
5.719251155853271484e+00
6.690324068069458008e+00
5.345878124237060547e+00
4.785709142684936523e+00
4.455279111862182617e+00
6.198128223419189453e+00
3.884703874588012695e+00
3.494209766387939453e+00
4.900969982147216797e+00
3.815974712371826172e+00
5.158554315567016602e+00
4.239856958389282227e+00
5.142990112304687500e+00
5.844018936157226562e+00
4.702247858047485352e+00
4.435265064239501953e+00
5.552739858627319336e+00
6.030100107192993164e+00
4.743703842163085938e+00
5.140939950942993164e+00
6.144328832626342773e+00
4.053993940353393555e+00
5.712725877761840820e+00
6.037311077117919922e+00
4.703705787658691406e+00
4.941424131393432617e+00
5.240740776062011719e+00
3.993265867233276367e+00
6.901338815689086914e+00
5.766526937484741211e+00
3.917515039443969727e+00
4.807320117950439453e+00
6.502595186233520508e+00
3.220228195190429688e+00
6.251883983612060547e+00
4.925529003143310547e+00
4.382451295852661133e+00
4.911543846130371094e+00
6.391288042068481445e+00
3.909255027770996094e+00
4.503412246704101562e+00
6.196939945220947266e+00
5.296934127807617188e+00
6.189320087432861328e+00
5.510143041610717773e+00
6.608571767807006836e+00
6.093527078628540039e+00
2.604559898376464844e+00
6.012035131454467773e+00
3.363474130630493164e+00
6.795662164688110352e+00
7.005075931549072266e+00
4.389283895492553711e+00
5.984628915786743164e+00
5.510746002197265625e+00
4.706993818283081055e+00
7.019347906112670898e+00
5.765974998474121094e+00
6.232336759567260742e+00
5.673292875289916992e+00
6.399024009704589844e+00
2.583197116851806641e+00
7.407061100006103516e+00
1.301800608634948730e+01
3.628647804260253906e+00
3.427840948104858398e+00
7.959364175796508789e+00
3.649401187896728516e+00
2.438921928405761719e+00
5.926666021347045898e+00
7.528571844100952148e+00
5.860445976257324219e+00
5.056407928466796875e+00
6.576253175735473633e+00
5.070799827575683594e+00
5.881389141082763672e+00
6.886398077011108398e+00
5.902755737304687500e+00
6.866356849670410156e+00
3.755659818649291992e+00
3.641213893890380859e+00
6.358957052230834961e+00
6.384534597396850586e+00
2.618963956832885742e+00
4.018306970596313477e+00
4.023123025894165039e+00
3.506282091140747070e+00
5.593376874923706055e+00
7.640162706375122070e+00
8.099152803421020508e+00
3.109230279922485352e+00
7.899104833602905273e+00
7.832498073577880859e+00
7.270961999893188477e+00
6.841045141220092773e+00
6.023769140243530273e+00
4.142105102539062500e+00
3.589686870574951172e+00
7.275615930557250977e+00
5.049009799957275391e+00
6.565667867660522461e+00
3.056299686431884766e+00
6.248398065567016602e+00
2.820628881454467773e+00
7.824773073196411133e+00
3.843466043472290039e+00
4.261154174804687500e+00
5.089010953903198242e+00
7.836050033569335938e+00
5.907374143600463867e+00
5.554877042770385742e+00
6.634623050689697266e+00
5.781077146530151367e+00
5.065646171569824219e+00
3.085358142852783203e+00
6.965545892715454102e+00
7.650099039077758789e+00
6.520411252975463867e+00
3.877649068832397461e+00
7.931169748306274414e+00
4.231287956237792969e+00
2.914561986923217773e+00
3.929955005645751953e+00
8.124106884002685547e+00
4.554085969924926758e+00
6.959011793136596680e+00
6.961123943328857422e+00
5.000587940216064453e+00
3.832345008850097656e+00
3.271653175354003906e+00
3.035120964050292969e+00
7.323097944259643555e+00
8.393446922302246094e+00
4.901454925537109375e+00
5.032944917678833008e+00
3.513876914978027344e+00
3.833710908889770508e+00
3.843693256378173828e+00
5.026924848556518555e+00
6.087840318679809570e+00
3.601549863815307617e+00
8.034725189208984375e+00
5.517920255661010742e+00
3.274207830429077148e+00
3.652206182479858398e+00
4.585896015167236328e+00
3.471917152404785156e+00
7.387984752655029297e+00
8.643720865249633789e+00
3.799542903900146484e+00
4.088725090026855469e+00
4.243203878402709961e+00
3.484626054763793945e+00
3.683002710342407227e+00
3.969871759414672852e+00
3.923725843429565430e+00
5.540591955184936523e+00
8.332599163055419922e+00
4.542848110198974609e+00
4.430104255676269531e+00
4.166721105575561523e+00
3.154542207717895508e+00
3.902683019638061523e+00
3.964238166809082031e+00
3.456588745117187500e+00
3.846246957778930664e+00
3.837563037872314453e+00
8.743911027908325195e+00
3.799430131912231445e+00
3.636007785797119141e+00
4.563098907470703125e+00
8.922151327133178711e+00
4.653032064437866211e+00
3.978391885757446289e+00
4.680778026580810547e+00
4.960101842880249023e+00
2.788837909698486328e+00
6.701858997344970703e+00
5.291068792343139648e+00
3.837612867355346680e+00
4.968291759490966797e+00
4.496132135391235352e+00
3.560698032379150391e+00
4.705776214599609375e+00
6.228922843933105469e+00
4.464546918869018555e+00
4.668567180633544922e+00
5.119991064071655273e+00
5.896701097488403320e+00
4.993851900100708008e+00
6.395942211151123047e+00
4.844089984893798828e+00
4.870231866836547852e+00
5.365715980529785156e+00
4.087098836898803711e+00
7.878137826919555664e+00
3.843643903732299805e+00
4.614003896713256836e+00
5.637923717498779297e+00
4.705862760543823242e+00
3.441342115402221680e+00
5.946229934692382812e+00
5.916854858398437500e+00
5.931247949600219727e+00
4.962764024734497070e+00
5.092757940292358398e+00
5.194756269454956055e+00
6.096910953521728516e+00
4.506645917892456055e+00
4.598062038421630859e+00
6.354827880859375000e+00
3.320506334304809570e+00
4.655647039413452148e+00
4.414504051208496094e+00
6.365849018096923828e+00
5.015811681747436523e+00
6.476274728775024414e+00
6.263513088226318359e+00
6.569359779357910156e+00
6.092221975326538086e+00
3.259648084640502930e+00
4.133371829986572266e+00
6.305882215499877930e+00
6.072114944458007812e+00
5.091892004013061523e+00
5.401751995086669922e+00
3.427828073501586914e+00
6.943560123443603516e+00
6.359071016311645508e+00
8.399463891983032227e+00
6.701056718826293945e+00
5.521690130233764648e+00
5.899701833724975586e+00
5.643539905548095703e+00
4.951837062835693359e+00
6.803857088088989258e+00
8.095826864242553711e+00
7.997928142547607422e+00
6.288104057312011719e+00
7.280214071273803711e+00
7.828865051269531250e+00
5.871419668197631836e+00
3.239695072174072266e+00
6.667901039123535156e+00
6.472623825073242188e+00
5.024951934814453125e+00
5.210909843444824219e+00
6.727114915847778320e+00
8.500989913940429688e+00
7.805346012115478516e+00
5.786579847335815430e+00
4.722996950149536133e+00
6.143831253051757812e+00
6.996861934661865234e+00
6.171026945114135742e+00
1.847171068191528320e+00
6.816540241241455078e+00
3.461833000183105469e+00
5.902067184448242188e+00
3.193105936050415039e+00
6.208559751510620117e+00
7.652292251586914062e+00
3.971313238143920898e+00
7.395915031433105469e+00
4.071185111999511719e+00
8.290834903717041016e+00
8.328562974929809570e+00
3.696595907211303711e+00
8.916008949279785156e+00
5.988187313079833984e+00
7.122266769409179688e+00
3.455739259719848633e+00
7.275831937789916992e+00
9.362739086151123047e+00
5.198194026947021484e+00
3.850983142852783203e+00
5.606939792633056641e+00
8.843668937683105469e+00
8.070040941238403320e+00
9.853369951248168945e+00
7.282627105712890625e+00
6.796617031097412109e+00
7.040841817855834961e+00
2.249755859375000000e+00
4.070563077926635742e+00
3.393873929977416992e+00
6.992828845977783203e+00
4.022968053817749023e+00
7.660388946533203125e+00
7.249155759811401367e+00
6.513832092285156250e+00
4.417534112930297852e+00
9.134979009628295898e+00
6.071347951889038086e+00
9.551639080047607422e+00
5.006383180618286133e+00
9.342613935470581055e+00
9.651118993759155273e+00
7.200758934020996094e+00
6.145965099334716797e+00
8.347657203674316406e+00
8.776267051696777344e+00
3.732995033264160156e+00
7.529102087020874023e+00
3.783382177352905273e+00
4.343909740447998047e+00
9.354315996170043945e+00
5.952918052673339844e+00
4.158127784729003906e+00
1.020705389976501465e+01
3.021471977233886719e+00
6.416728973388671875e+00
5.104662179946899414e+00
7.930594921112060547e+00
9.127021789550781250e+00
6.219784021377563477e+00
5.095643281936645508e+00
6.525335073471069336e+00
1.005465602874755859e+01
5.473975181579589844e+00
9.953698158264160156e+00
8.061606884002685547e+00
3.245582818984985352e+00
6.156936168670654297e+00
3.568721771240234375e+00
7.927834272384643555e+00
8.008135795593261719e+00
2.751754999160766602e+00
6.656287193298339844e+00
1.090991091728210449e+01
8.105149984359741211e+00
1.001816511154174805e+01
2.301233053207397461e+00
8.110682964324951172e+00
3.865626811981201172e+00
4.054311990737915039e+00
6.945605993270874023e+00
3.521801233291625977e+00
6.907460212707519531e+00
7.550779342651367188e+00
6.814012050628662109e+00
1.076701784133911133e+01
8.483661174774169922e+00
3.627097845077514648e+00
7.943086862564086914e+00
1.083032512664794922e+01
1.123102068901062012e+01
2.158998012542724609e+00
4.017549037933349609e+00
1.001623392105102539e+01
8.655481100082397461e+00
4.845363855361938477e+00
8.963059902191162109e+00
1.115847516059875488e+01
4.979868888854980469e+00
5.023067951202392578e+00
4.979887008666992188e+00
4.214803218841552734e+00
8.070791959762573242e+00
3.620028972625732422e+00
1.061896705627441406e+01
4.508375883102416992e+00
8.438158035278320312e+00
8.908109903335571289e+00
4.186881065368652344e+00
9.303030729293823242e+00
4.604543924331665039e+00
3.914080858230590820e+00
5.607157945632934570e+00
2.787539958953857422e+00
4.051794290542602539e+00
4.380653142929077148e+00
3.929139852523803711e+00
4.405184984207153320e+00
7.885810852050781250e+00
3.860087871551513672e+00
9.720268249511718750e+00
8.504726171493530273e+00
4.818103790283203125e+00
4.047668933868408203e+00
6.241462945938110352e+00
4.869232892990112305e+00
5.964326143264770508e+00
7.230668783187866211e+00
3.503573179244995117e+00
2.771529912948608398e+00
3.491007804870605469e+00
3.445552825927734375e+00
4.107928991317749023e+00
4.163344144821166992e+00
3.739997863769531250e+00
2.779284954071044922e+00
4.493580102920532227e+00
3.618152856826782227e+00
3.928450107574462891e+00
3.981950998306274414e+00
3.166920185089111328e+00
3.686109781265258789e+00
1.267183589935302734e+01
6.655230045318603516e+00
3.974215030670166016e+00
3.468706846237182617e+00
1.265685176849365234e+01
3.416159152984619141e+00
3.977821350097656250e+00
4.683970928192138672e+00
4.153209924697875977e+00
6.329874277114868164e+00
4.368461132049560547e+00
4.348720073699951172e+00
1.165644121170043945e+01
5.001536130905151367e+00
5.512164115905761719e+00
3.484719038009643555e+00
4.516497850418090820e+00
6.071908950805664062e+00
4.688930034637451172e+00
3.740687131881713867e+00
5.041939973831176758e+00
5.067069292068481445e+00
4.609905004501342773e+00
5.245675086975097656e+00
4.739964008331298828e+00
4.540051937103271484e+00
5.907912969589233398e+00
4.301907062530517578e+00
5.518236160278320312e+00
6.297303915023803711e+00
6.025951147079467773e+00
5.698673248291015625e+00
5.665654897689819336e+00
6.110864877700805664e+00
6.097866058349609375e+00
6.355628728866577148e+00
4.506673812866210938e+00
4.702512264251708984e+00
3.849431753158569336e+00
5.280302047729492188e+00
4.134897947311401367e+00
4.831540822982788086e+00
5.398263931274414062e+00
6.370021104812622070e+00
4.491204261779785156e+00
5.634926795959472656e+00
5.592922210693359375e+00
6.403948068618774414e+00
5.537165164947509766e+00
5.868716001510620117e+00
5.505956172943115234e+00
4.939197063446044922e+00
6.602006912231445312e+00
3.420808076858520508e+00
5.511065959930419922e+00
5.481198072433471680e+00
5.353444099426269531e+00
4.419991016387939453e+00
5.174050092697143555e+00
6.997824907302856445e+00
4.779007911682128906e+00
6.528161048889160156e+00
6.386530876159667969e+00
5.337793111801147461e+00
7.119300127029418945e+00
6.129644155502319336e+00
6.645562887191772461e+00
7.433706045150756836e+00
5.884949922561645508e+00
6.279299020767211914e+00
3.778708934783935547e+00
7.126388072967529297e+00
7.007153987884521484e+00
6.837002992630004883e+00
6.029958248138427734e+00
5.443426132202148438e+00
7.437766790390014648e+00
5.447583198547363281e+00
5.148428678512573242e+00
5.444053888320922852e+00
5.593541145324707031e+00
4.447050094604492188e+00
5.668304920196533203e+00
5.901199817657470703e+00
5.565083742141723633e+00
3.985900163650512695e+00
5.940555095672607422e+00
5.910857915878295898e+00
8.043809890747070312e+00
6.727987051010131836e+00
5.932592868804931641e+00
4.711495876312255859e+00
4.960670948028564453e+00
6.299831867218017578e+00
6.681684970855712891e+00
5.346805095672607422e+00
6.291428089141845703e+00
7.545362949371337891e+00
6.262372016906738281e+00
6.728934049606323242e+00
5.992190837860107422e+00
5.687444925308227539e+00
4.347353219985961914e+00
6.547978878021240234e+00
7.932803869247436523e+00
4.393669843673706055e+00
7.073474884033203125e+00
4.660818815231323242e+00
4.207932233810424805e+00
4.720120191574096680e+00
6.709102153778076172e+00
6.294292926788330078e+00
7.117639064788818359e+00
8.142097949981689453e+00
4.346932411193847656e+00
6.696521997451782227e+00
7.767848253250122070e+00
5.938424110412597656e+00
4.838351011276245117e+00
7.324892997741699219e+00
5.724192142486572266e+00
6.271821975708007812e+00
7.280117034912109375e+00
6.904013872146606445e+00
6.132013082504272461e+00
4.507014989852905273e+00
6.011008024215698242e+00
3.855300188064575195e+00
4.936164140701293945e+00
4.972445011138916016e+00
5.742265939712524414e+00
7.800894021987915039e+00
6.610621929168701172e+00
4.734170198440551758e+00
6.571506977081298828e+00
4.828438043594360352e+00
5.321552038192749023e+00
6.658774137496948242e+00
7.940135955810546875e+00
5.422143936157226562e+00
5.701433658599853516e+00
6.541269063949584961e+00
4.500950098037719727e+00
6.694020986557006836e+00
4.486587285995483398e+00
4.555406808853149414e+00
4.907292842864990234e+00
4.882914066314697266e+00
7.374690055847167969e+00
7.476979255676269531e+00
6.863116025924682617e+00
6.399181842803955078e+00
5.683982133865356445e+00
8.180558919906616211e+00
2.870616197586059570e+00
3.807533025741577148e+00
5.978390932083129883e+00
7.510608911514282227e+00
1.640184879302978516e+00
4.714438199996948242e+00
6.137820005416870117e+00
7.501511096954345703e+00
7.802899122238159180e+00
7.576442241668701172e+00
6.540908098220825195e+00
6.149648904800415039e+00
4.026743650436401367e+00
6.909533023834228516e+00
6.659126043319702148e+00
8.451233148574829102e+00
4.803954124450683594e+00
8.192195892333984375e+00
6.563548088073730469e+00
8.076360940933227539e+00
4.923650979995727539e+00
6.185950994491577148e+00
3.459212064743041992e+00
2.486390113830566406e+00
8.239484071731567383e+00
3.698563098907470703e+00
3.429816722869873047e+00
3.174257993698120117e+00
4.664288997650146484e+00
3.865470886230468750e+00
9.272858142852783203e+00
7.765391826629638672e+00
3.228001832962036133e+00
4.286498069763183594e+00
5.687453985214233398e+00
6.462081909179687500e+00
2.908293724060058594e+00
4.614777803421020508e+00
2.931174755096435547e+00
2.887722015380859375e+00
3.267240047454833984e+00
3.297352790832519531e+00
3.349034070968627930e+00
3.736123323440551758e+00
3.501842975616455078e+00
4.010034799575805664e+00
3.317036628723144531e+00
5.764276981353759766e+00
4.663548946380615234e+00
3.553421020507812500e+00
8.097677230834960938e+00
3.664471864700317383e+00
4.116482973098754883e+00
4.143337011337280273e+00
3.764283895492553711e+00
3.904820919036865234e+00
2.874456882476806641e+00
3.838005065917968750e+00
4.196967840194702148e+00
2.910002946853637695e+00
3.488398075103759766e+00
9.725281000137329102e+00
4.477027893066406250e+00
3.762326002120971680e+00
3.500663042068481445e+00
3.942095994949340820e+00
5.238920927047729492e+00
3.720960140228271484e+00
3.945120811462402344e+00
5.012614965438842773e+00
4.975631952285766602e+00
3.623873949050903320e+00
4.911835908889770508e+00
4.882985115051269531e+00
5.124320983886718750e+00
9.148823022842407227e+00
8.589224338531494141e+00
5.414206027984619141e+00
5.729048252105712891e+00
3.956590652465820312e+00
9.120487213134765625e+00
7.226624965667724609e+00
6.547634124755859375e+00
5.678952217102050781e+00
8.063067197799682617e+00
8.805843830108642578e+00
5.839900970458984375e+00
3.040194034576416016e+00
5.770559072494506836e+00
4.874569892883300781e+00
8.622783899307250977e+00
5.672728776931762695e+00
8.108888149261474609e+00
7.176429033279418945e+00
6.400745868682861328e+00
6.674463987350463867e+00
3.547832965850830078e+00
7.834408760070800781e+00
5.824536800384521484e+00
9.705641984939575195e+00
6.794175148010253906e+00
5.694922924041748047e+00
5.600583314895629883e+00
7.977202892303466797e+00
3.974510192871093750e+00
4.288539171218872070e+00
5.980993986129760742e+00
4.747207164764404297e+00
9.135495901107788086e+00
6.579445123672485352e+00
5.529534101486206055e+00
6.514338016510009766e+00
6.061525106430053711e+00
3.799991130828857422e+00
4.447276115417480469e+00
9.593465805053710938e+00
6.317167043685913086e+00
5.612040758132934570e+00
6.286796569824218750e+00
7.572731018066406250e+00
9.483124017715454102e+00
6.103824853897094727e+00
6.581015825271606445e+00
6.189682006835937500e+00
6.059938192367553711e+00
6.249567031860351562e+00
9.169874906539916992e+00
7.405711174011230469e+00
8.074131965637207031e+00
1.004566097259521484e+01
8.575934886932373047e+00
6.459156990051269531e+00
4.171661138534545898e+00
3.822690963745117188e+00
5.926342964172363281e+00
6.849056959152221680e+00
4.553917884826660156e+00
5.881099939346313477e+00
6.995623350143432617e+00
6.999112367630004883e+00
9.459373950958251953e+00
9.617241144180297852e+00
7.013451099395751953e+00
8.111807107925415039e+00
4.181064128875732422e+00
4.031538009643554688e+00
6.103895902633666992e+00
6.649327993392944336e+00
3.754973888397216797e+00
5.752845048904418945e+00
4.250101089477539062e+00
6.860562801361083984e+00
6.922249078750610352e+00
4.755075693130493164e+00
9.873207092285156250e+00
6.618503332138061523e+00
8.878380775451660156e+00
8.302338838577270508e+00
8.953186273574829102e+00
1.077416777610778809e+01
7.866135835647583008e+00
8.103618860244750977e+00
7.244081020355224609e+00
1.042576003074645996e+01
1.068203711509704590e+01
1.051423311233520508e+01
1.061446499824523926e+01
2.594769954681396484e+00
8.115154981613159180e+00
9.924794197082519531e+00
4.395800828933715820e+00
9.918067932128906250e+00
9.238216876983642578e+00
4.055984258651733398e+00
4.700683116912841797e+00
1.150255084037780762e+01
1.125138616561889648e+01
1.128193306922912598e+01
3.315746068954467773e+00
4.551571130752563477e+00
9.594558000564575195e+00
9.970063924789428711e+00
5.751874208450317383e+00
4.652647972106933594e+00
2.906191825866699219e+00
8.248607873916625977e+00
5.823290109634399414e+00
6.351831674575805664e+00
5.673477172851562500e+00
5.904137134552001953e+00
4.193167686462402344e+00
4.560505867004394531e+00
8.004496097564697266e+00
4.742941856384277344e+00
5.314213752746582031e+00
7.600689888000488281e+00
4.979233980178833008e+00
5.384177923202514648e+00
1.170593810081481934e+01
7.646194934844970703e+00
4.431059122085571289e+00
5.258279085159301758e+00
9.637585878372192383e+00
7.741702079772949219e+00
5.842595100402832031e+00
1.097536015510559082e+01
4.504610061645507812e+00
1.078679108619689941e+01
8.267462968826293945e+00
1.056161522865295410e+01
9.093104124069213867e+00
9.844125032424926758e+00
1.040880918502807617e+01
1.131172680854797363e+01
5.165663957595825195e+00
5.466048955917358398e+00
5.712311983108520508e+00
7.974154949188232422e+00
6.774378061294555664e+00
8.029098033905029297e+00
5.653151988983154297e+00
4.926439046859741211e+00
1.163525485992431641e+01
1.102511382102966309e+01
1.274903178215026855e+01
1.152775502204895020e+01
5.211253166198730469e+00
1.030906820297241211e+01
3.258518934249877930e+00
1.205777215957641602e+01
3.345542907714843750e+00
3.294124841690063477e+00
1.261291289329528809e+01
1.145692920684814453e+01
3.402057886123657227e+00
2.455547332763671875e+00
3.468983888626098633e+00
3.366652727127075195e+00
4.078744888305664062e+00
3.823545932769775391e+00
2.700496673583984375e+00
3.297412872314453125e+00
4.128291130065917969e+00
3.366647005081176758e+00
1.097299480438232422e+01
2.360673189163208008e+00
4.036254167556762695e+00
4.244487047195434570e+00
4.070007085800170898e+00
4.794201135635375977e+00
2.802169799804687500e+00
4.635707855224609375e+00
1.165457201004028320e+01
1.329118704795837402e+01
1.034756517410278320e+01
4.385749101638793945e+00
3.768225908279418945e+00
1.042484617233276367e+01
1.095439505577087402e+01
4.312183618545532227e+00
6.905713796615600586e+00
3.961309909820556641e+00
3.884716987609863281e+00
3.952392816543579102e+00
3.837871074676513672e+00
4.528952121734619141e+00
8.517619848251342773e+00
3.935648918151855469e+00
4.038455963134765625e+00
1.360121822357177734e+01
1.035626125335693359e+01
4.251919031143188477e+00
4.817621946334838867e+00
4.010942935943603516e+00
3.876927852630615234e+00
4.243847846984863281e+00
4.426666975021362305e+00
4.465262889862060547e+00
4.963600873947143555e+00
1.285908031463623047e+01
4.261380195617675781e+00
5.173353910446166992e+00
4.912826299667358398e+00
5.414583206176757812e+00
4.658127069473266602e+00
4.815032005310058594e+00
4.392436981201171875e+00
1.273305702209472656e+01
3.549716949462890625e+00
4.103544235229492188e+00
4.397261142730712891e+00
4.509466886520385742e+00
5.151791095733642578e+00
3.966068983078002930e+00
5.035208940505981445e+00
5.507455110549926758e+00
3.735150814056396484e+00
4.901772022247314453e+00
3.567211866378784180e+00
5.023036241531372070e+00
5.051146984100341797e+00
4.649051904678344727e+00
3.947275161743164062e+00
5.235892057418823242e+00
4.601421117782592773e+00
5.181152105331420898e+00
4.977226972579956055e+00
4.575566053390502930e+00
3.963537931442260742e+00
5.384752035140991211e+00
4.399443864822387695e+00
5.259576082229614258e+00
5.907936096191406250e+00
2.096540212631225586e+00
2.818341016769409180e+00
4.372283935546875000e+00
1.473030781745910645e+01
6.517691850662231445e+00
5.455832004547119141e+00
4.242523670196533203e+00
4.687800168991088867e+00
4.204812049865722656e+00
5.033580064773559570e+00
4.654298305511474609e+00
4.757285833358764648e+00
4.933027982711791992e+00
6.202605009078979492e+00
5.111468076705932617e+00
4.889647960662841797e+00
5.318575859069824219e+00
5.247138977050781250e+00
5.755005836486816406e+00
6.264415979385375977e+00
6.440688133239746094e+00
6.626583099365234375e+00
5.556635141372680664e+00
7.856187820434570312e+00
7.548546075820922852e+00
4.530316114425659180e+00
6.504367113113403320e+00
6.083050966262817383e+00
5.462566852569580078e+00
5.155591249465942383e+00
5.794491052627563477e+00
7.294576168060302734e+00
4.725981950759887695e+00
5.288694858551025391e+00
5.702164173126220703e+00
6.854914188385009766e+00
5.911231040954589844e+00
6.377349138259887695e+00
5.698702096939086914e+00
5.770647764205932617e+00
3.218677043914794922e+00
5.499147176742553711e+00
4.918530225753784180e+00
3.750770330429077148e+00
6.374711036682128906e+00
6.725115060806274414e+00
3.451191186904907227e+00
6.175038814544677734e+00
6.212433099746704102e+00
6.250691175460815430e+00
6.233050823211669922e+00
6.120479106903076172e+00
7.413039207458496094e+00
7.413549900054931641e+00
5.694570064544677734e+00
5.649577856063842773e+00
3.511591196060180664e+00
7.821618080139160156e+00
4.366368293762207031e+00
5.409384012222290039e+00
6.785274982452392578e+00
4.354954957962036133e+00
7.194624900817871094e+00
5.811982154846191406e+00
5.706873893737792969e+00
4.535765886306762695e+00
6.136064052581787109e+00
4.408380985260009766e+00
4.401871919631958008e+00
5.763594865798950195e+00
5.476909875869750977e+00
4.027086257934570312e+00
6.102195978164672852e+00
2.993818998336791992e+00
5.623654842376708984e+00
4.492709875106811523e+00
5.932781934738159180e+00
6.042974948883056641e+00
5.334517955780029297e+00
7.984152793884277344e+00
5.908886671066284180e+00
4.286339998245239258e+00
7.052395105361938477e+00
7.534511089324951172e+00
6.728920936584472656e+00
6.348546266555786133e+00
7.542230844497680664e+00
4.027234077453613281e+00
4.436172962188720703e+00
4.600106000900268555e+00
7.134948015213012695e+00
4.748522996902465820e+00
4.493173837661743164e+00
4.932916879653930664e+00
6.894584178924560547e+00
5.944452047348022461e+00
5.018673181533813477e+00
7.222313165664672852e+00
5.108096837997436523e+00
6.057739019393920898e+00
3.492562770843505859e+00
4.910543918609619141e+00
6.443857908248901367e+00
6.675154924392700195e+00
4.592689990997314453e+00
5.215620994567871094e+00
4.094228982925415039e+00
5.854580163955688477e+00
5.828656911849975586e+00
4.092138051986694336e+00
5.774993896484375000e+00
5.954321146011352539e+00
4.431452751159667969e+00
5.943839073181152344e+00
6.373007059097290039e+00
4.513600111007690430e+00
8.649476051330566406e+00
6.399912118911743164e+00
4.783143043518066406e+00
7.248836994171142578e+00
5.792705059051513672e+00
3.623248815536499023e+00
6.839426040649414062e+00
8.853366613388061523e+00
5.705996036529541016e+00
4.256001949310302734e+00
5.639404058456420898e+00
5.971753120422363281e+00
8.520472288131713867e+00
4.907780885696411133e+00
1.012427401542663574e+01
3.774768114089965820e+00
3.571154117584228516e+00
5.971520900726318359e+00
6.803902864456176758e+00
4.358804941177368164e+00
6.401215076446533203e+00
7.230658054351806641e+00
3.981731653213500977e+00
3.205415248870849609e+00
4.327549934387207031e+00
9.729494810104370117e+00
4.322577953338623047e+00
4.755311012268066406e+00
5.016163110733032227e+00
8.271229982376098633e+00
3.868591308593750000e+00
6.078143119812011719e+00
7.903997182846069336e+00
7.363831043243408203e+00
4.541871070861816406e+00
8.145756244659423828e+00
2.675005197525024414e+00
6.587075233459472656e+00
3.238310813903808594e+00
4.745519876480102539e+00
7.831063747406005859e+00
6.508054018020629883e+00
6.485441207885742188e+00
4.129665136337280273e+00
4.819167852401733398e+00
5.445848941802978516e+00
4.143220186233520508e+00
4.916427850723266602e+00
4.058668136596679688e+00
5.333319902420043945e+00
4.302532196044921875e+00
5.409286022186279297e+00
6.007079839706420898e+00
8.418406724929809570e+00
4.527673721313476562e+00
4.292875051498413086e+00
4.006669759750366211e+00
8.063890218734741211e+00
4.350170135498046875e+00
4.485544919967651367e+00
5.133742809295654297e+00
3.405888080596923828e+00
6.125872135162353516e+00
4.857652902603149414e+00
4.397485733032226562e+00
4.457618713378906250e+00
7.835520029067993164e+00
8.715029239654541016e+00
4.081939220428466797e+00
5.054250001907348633e+00
3.251087665557861328e+00
5.525565147399902344e+00
4.068222999572753906e+00
3.647993803024291992e+00
4.417266130447387695e+00
3.757328987121582031e+00
6.285313129425048828e+00
4.415030002593994141e+00
3.504284858703613281e+00
7.369827032089233398e+00
5.620733976364135742e+00
3.952852964401245117e+00
4.958575963973999023e+00
3.852771759033203125e+00
5.353749990463256836e+00
3.659678936004638672e+00
4.997320890426635742e+00
7.282166004180908203e+00
3.814359903335571289e+00
4.165201902389526367e+00
5.685575008392333984e+00
4.731557846069335938e+00
4.500338077545166016e+00
3.843453884124755859e+00
4.733178138732910156e+00
3.302967071533203125e+00
4.174774169921875000e+00
4.394886970520019531e+00
3.391402244567871094e+00
9.365785837173461914e+00
7.451250076293945312e+00
6.240367174148559570e+00
5.632312774658203125e+00
3.612568140029907227e+00
4.862417936325073242e+00
4.856397628784179688e+00
6.158592939376831055e+00
3.897614002227783203e+00
5.672301054000854492e+00
3.108066797256469727e+00
6.976201057434082031e+00
4.851310014724731445e+00
3.446521997451782227e+00
4.864499807357788086e+00
3.834214925765991211e+00
4.843135833740234375e+00
5.848418951034545898e+00
3.851044893264770508e+00
3.211849927902221680e+00
4.230645179748535156e+00
3.617389678955078125e+00
6.789119958877563477e+00
5.269365072250366211e+00
4.082426071166992188e+00
4.877145051956176758e+00
4.012971639633178711e+00
6.759134054183959961e+00
4.487477064132690430e+00
4.972848176956176758e+00
6.938204050064086914e+00
4.551718950271606445e+00
4.374387741088867188e+00
4.460638999938964844e+00
4.387659072875976562e+00
4.147220134735107422e+00
7.670650959014892578e+00
3.250027179718017578e+00
4.981637716293334961e+00
5.005120038986206055e+00
3.454855203628540039e+00
5.683503866195678711e+00
4.043416738510131836e+00
4.473285913467407227e+00
5.159347772598266602e+00
3.779187917709350586e+00
7.085855007171630859e+00
5.786669969558715820e+00
5.437962055206298828e+00
5.632786989212036133e+00
4.681989192962646484e+00
7.324096918106079102e+00
4.724229335784912109e+00
4.078125953674316406e+00
7.986171245574951172e+00
6.035840034484863281e+00
3.996530055999755859e+00
4.006570100784301758e+00
5.986710786819458008e+00
5.366106033325195312e+00
4.915879964828491211e+00
5.308967113494873047e+00
4.294686079025268555e+00
6.990716218948364258e+00
9.245564937591552734e+00
3.803152799606323242e+00
5.460652112960815430e+00
4.920152902603149414e+00
7.065102100372314453e+00
4.951866149902343750e+00
3.115006923675537109e+00
3.903684854507446289e+00
4.425681352615356445e+00
5.507115840911865234e+00
3.914403200149536133e+00
5.298835039138793945e+00
6.193573236465454102e+00
3.373709917068481445e+00
5.697871923446655273e+00
4.469473123550415039e+00
3.379390001296997070e+00
6.751601934432983398e+00
3.027712106704711914e+00
4.062299013137817383e+00
4.928602933883666992e+00
6.589193820953369141e+00
4.044710874557495117e+00
8.214874744415283203e+00
4.447870016098022461e+00
8.249864339828491211e+00
4.932769060134887695e+00
5.470821142196655273e+00
5.060869216918945312e+00
4.830447196960449219e+00
6.768734216690063477e+00
7.685600996017456055e+00
4.487304925918579102e+00
5.170095682144165039e+00
5.580108880996704102e+00
3.923768043518066406e+00
7.420469999313354492e+00
5.860965013504028320e+00
4.853512287139892578e+00
6.084991931915283203e+00
3.442780256271362305e+00
5.494098186492919922e+00
4.867841005325317383e+00
5.914310932159423828e+00
4.888399839401245117e+00
6.380716800689697266e+00
6.639666318893432617e+00
9.047484159469604492e+00
6.494757175445556641e+00
5.358958721160888672e+00
3.731276988983154297e+00
6.261797904968261719e+00
5.979074716567993164e+00
5.450667142868041992e+00
3.711203813552856445e+00
5.352482795715332031e+00
6.654690980911254883e+00
6.220235824584960938e+00
7.649482011795043945e+00
6.818999052047729492e+00
4.760087013244628906e+00
6.772744894027709961e+00
7.713070154190063477e+00
5.619833230972290039e+00
7.109663009643554688e+00
4.432397842407226562e+00
6.510416030883789062e+00
7.170227050781250000e+00
6.301115274429321289e+00
6.288172006607055664e+00
6.457806110382080078e+00
5.293960094451904297e+00
7.748709917068481445e+00
4.775458812713623047e+00
5.733372926712036133e+00
6.353427886962890625e+00
5.032711029052734375e+00
5.916545629501342773e+00
3.482673883438110352e+00
4.488775014877319336e+00
5.136353015899658203e+00
6.314752101898193359e+00
6.822155952453613281e+00
6.175602912902832031e+00
4.638140916824340820e+00
7.794562101364135742e+00
5.655707120895385742e+00
7.724117040634155273e+00
4.256209373474121094e+00
4.553326845169067383e+00
7.367645740509033203e+00
4.927130937576293945e+00
8.354992151260375977e+00
5.338525056838989258e+00
4.800240993499755859e+00
5.833014249801635742e+00
6.792221784591674805e+00
5.686754703521728516e+00
7.453081846237182617e+00
5.987324237823486328e+00
6.783272981643676758e+00
7.501056194305419922e+00
3.876909017562866211e+00
4.751848936080932617e+00
5.446114063262939453e+00
6.844692945480346680e+00
4.387567996978759766e+00
6.160454034805297852e+00
2.652144908905029297e+00
5.961773157119750977e+00
8.387821912765502930e+00
6.484233856201171875e+00
5.691766023635864258e+00
5.862036228179931641e+00
4.255743980407714844e+00
4.224336862564086914e+00
4.107553958892822266e+00
4.049786090850830078e+00
5.765058994293212891e+00
4.429335832595825195e+00
8.316734075546264648e+00
7.326274871826171875e+00
6.929306983947753906e+00
7.334984064102172852e+00
3.571012020111083984e+00
6.877043962478637695e+00
7.115528345108032227e+00
6.727297067642211914e+00
2.612464904785156250e+00
4.114907026290893555e+00
6.570083856582641602e+00
6.439443111419677734e+00
4.538728952407836914e+00
5.340432882308959961e+00
6.120687007904052734e+00
2.839718818664550781e+00
5.812713146209716797e+00
4.715309143066406250e+00
3.850862741470336914e+00
4.900430202484130859e+00
6.801449060440063477e+00
4.965859889984130859e+00
7.987879991531372070e+00
4.879167079925537109e+00
5.374396085739135742e+00
7.610511064529418945e+00
6.869822978973388672e+00
8.155224084854125977e+00
6.393983840942382812e+00
7.948122024536132812e+00
3.808078050613403320e+00
7.757866144180297852e+00
7.698770999908447266e+00
6.295577049255371094e+00
8.519032001495361328e+00
5.369135141372680664e+00
7.037798166275024414e+00
5.224479913711547852e+00
8.035576105117797852e+00
9.310226917266845703e+00
5.273195743560791016e+00
5.905244827270507812e+00
9.145894050598144531e+00
7.155113935470581055e+00
7.210603952407836914e+00
7.363202810287475586e+00
2.483382940292358398e+00
5.161710023880004883e+00
4.128746271133422852e+00
4.876582145690917969e+00
3.778505086898803711e+00
5.770364999771118164e+00
6.275635957717895508e+00
6.766489982604980469e+00
6.779736995697021484e+00
4.427114963531494141e+00
6.050787210464477539e+00
7.647322893142700195e+00
7.551154136657714844e+00
6.076990842819213867e+00
2.953555107116699219e+00
6.034746170043945312e+00
3.649514913558959961e+00
6.848463773727416992e+00
3.863093852996826172e+00
6.665626049041748047e+00
3.241927146911621094e+00
8.194833278656005859e+00
5.742120981216430664e+00
7.303090810775756836e+00
5.339603900909423828e+00
6.617821931838989258e+00
6.855275154113769531e+00
7.451668977737426758e+00
6.617596864700317383e+00
6.235686063766479492e+00
9.516660928726196289e+00
5.589528799057006836e+00
9.544210910797119141e+00
6.587223052978515625e+00
6.607739210128784180e+00
3.688426017761230469e+00
4.720997333526611328e+00
4.595494985580444336e+00
5.091521024703979492e+00
3.602741956710815430e+00
7.159723043441772461e+00
7.057338953018188477e+00
3.562296152114868164e+00
4.829391717910766602e+00
5.050561904907226562e+00
7.183507919311523438e+00
4.862647056579589844e+00
5.195512056350708008e+00
4.185607910156250000e+00
4.310709953308105469e+00
5.216204643249511719e+00
5.897913217544555664e+00
5.873578071594238281e+00
4.403630971908569336e+00
8.347220182418823242e+00
1.202170395851135254e+01
4.255041837692260742e+00
4.004945278167724609e+00
9.842832803726196289e+00
6.543240070343017578e+00
6.173124074935913086e+00
8.746797084808349609e+00
2.534311294555664062e+00
5.205700635910034180e+00
4.702635049819946289e+00
6.166948795318603516e+00
5.638532876968383789e+00
1.052779603004455566e+01
4.775581121444702148e+00
5.090097188949584961e+00
6.863824844360351562e+00
5.593566894531250000e+00
5.968493700027465820e+00
7.744700908660888672e+00
6.380077123641967773e+00
6.415603399276733398e+00
6.369614124298095703e+00
8.239910840988159180e+00
5.730755090713500977e+00
1.381087589263916016e+01
5.602683067321777344e+00
6.329501867294311523e+00
5.532564878463745117e+00
1.006308102607727051e+01
5.780179977416992188e+00
7.582769155502319336e+00
4.821657896041870117e+00
9.522973060607910156e+00
7.969896078109741211e+00
9.038748025894165039e+00
9.444728851318359375e+00
3.996626853942871094e+00
6.031441926956176758e+00
5.537827968597412109e+00
5.221674919128417969e+00
7.136930704116821289e+00
6.369045019149780273e+00
5.850450038909912109e+00
7.947237968444824219e+00
3.097652196884155273e+00
4.691148042678833008e+00
7.327030897140502930e+00
7.814553022384643555e+00
9.214995861053466797e+00
7.079092025756835938e+00
8.882712125778198242e+00
4.843026876449584961e+00
5.301759004592895508e+00
6.646607160568237305e+00
4.817865133285522461e+00
9.146595001220703125e+00
6.800397157669067383e+00
5.412164688110351562e+00
6.183506965637207031e+00
2.553534030914306641e+00
9.036902189254760742e+00
8.386377096176147461e+00
9.192842006683349609e+00
5.056533098220825195e+00
1.133027124404907227e+01
5.343964815139770508e+00
7.145959854125976562e+00
6.150283813476562500e+00
5.116148948669433594e+00
5.536406993865966797e+00
6.870064973831176758e+00
3.596291780471801758e+00
5.718599081039428711e+00
4.644690275192260742e+00
4.972492933273315430e+00
5.250370979309082031e+00
5.221006155014038086e+00
4.553566217422485352e+00
5.577910184860229492e+00
4.935202121734619141e+00
5.805586099624633789e+00
4.944403886795043945e+00
5.260514974594116211e+00
4.733455896377563477e+00
4.763032674789428711e+00
4.108416080474853516e+00
5.931931734085083008e+00
6.054590940475463867e+00
5.369635820388793945e+00
6.580828189849853516e+00
5.328318834304809570e+00
6.663928031921386719e+00
6.083433866500854492e+00
5.727592945098876953e+00
6.086644887924194336e+00
7.247205972671508789e+00
6.892844200134277344e+00
5.345803022384643555e+00
3.977782964706420898e+00
8.549169063568115234e+00
4.179893970489501953e+00
3.129523992538452148e+00
8.202533006668090820e+00
6.370364904403686523e+00
5.110237836837768555e+00
6.299427986145019531e+00
6.266350030899047852e+00
4.109352111816406250e+00
5.167137861251831055e+00
2.462173938751220703e+00
5.583003044128417969e+00
3.038274049758911133e+00
5.640378236770629883e+00
4.248347997665405273e+00
5.233979225158691406e+00
7.476823091506958008e+00
5.893759012222290039e+00
6.408385992050170898e+00
9.762660026550292969e+00
8.067919969558715820e+00
7.145463705062866211e+00
5.298748731613159180e+00
6.574203968048095703e+00
7.455061912536621094e+00
5.743004798889160156e+00
7.032868862152099609e+00
6.572202920913696289e+00
6.273857116699218750e+00
4.719027042388916016e+00
3.591847896575927734e+00
5.658167839050292969e+00
3.902779102325439453e+00
3.891979217529296875e+00
3.880981922149658203e+00
3.302875280380249023e+00
6.799791097640991211e+00
3.559257984161376953e+00
4.852849960327148438e+00
8.355418920516967773e+00
3.489791870117187500e+00
2.626739978790283203e+00
7.211536169052124023e+00
4.926701068878173828e+00
4.260354995727539062e+00
3.374916076660156250e+00
2.814035892486572266e+00
4.314530134201049805e+00
5.478810071945190430e+00
2.581504106521606445e+00
4.935179948806762695e+00
3.936657905578613281e+00
4.603317975997924805e+00
8.266349077224731445e+00
7.647465944290161133e+00
7.257009744644165039e+00
4.519017934799194336e+00
6.780434131622314453e+00
3.612417221069335938e+00
5.837013959884643555e+00
3.809516668319702148e+00
4.110361099243164062e+00
5.345605850219726562e+00
5.332065105438232422e+00
4.810597181320190430e+00
3.980702161788940430e+00
7.070527791976928711e+00
3.153061866760253906e+00
5.124518871307373047e+00
4.363747119903564453e+00
5.848841905593872070e+00
5.813653707504272461e+00
4.707186937332153320e+00
5.529352188110351562e+00
4.742887973785400391e+00
5.089708089828491211e+00
5.639703989028930664e+00
4.365214109420776367e+00
3.490720033645629883e+00
4.367791175842285156e+00
6.011899709701538086e+00
3.471132040023803711e+00
4.961611032485961914e+00
3.899170875549316406e+00
6.404543399810791016e+00
5.029938220977783203e+00
4.650641918182373047e+00
5.956300973892211914e+00
4.814412117004394531e+00
5.756796836853027344e+00
4.806792974472045898e+00
6.236518144607543945e+00
1.010209488868713379e+01
5.258597135543823242e+00
6.221352100372314453e+00
5.573340892791748047e+00
1.074895787239074707e+01
5.899012804031372070e+00
6.552087068557739258e+00
5.034116029739379883e+00
4.780202865600585938e+00
4.692502021789550781e+00
9.959301233291625977e+00
4.268125772476196289e+00
6.216394901275634766e+00
5.683161020278930664e+00
4.750922918319702148e+00
6.463737726211547852e+00
4.280778169631958008e+00
4.048049926757812500e+00
4.008985042572021484e+00
4.289893865585327148e+00
3.807591915130615234e+00
5.000266790390014648e+00
3.018468856811523438e+00
4.181228160858154297e+00
6.711380004882812500e+00
4.763029098510742188e+00
3.420992851257324219e+00
4.829618930816650391e+00
6.649744749069213867e+00
5.818894624710083008e+00
5.400813102722167969e+00
9.153466224670410156e+00
4.224833965301513672e+00
9.259159088134765625e+00
3.870644330978393555e+00
9.002975940704345703e+00
6.786782026290893555e+00
5.180361986160278320e+00
7.024451971054077148e+00
5.108351945877075195e+00
5.704059123992919922e+00
5.857367992401123047e+00
3.772687911987304688e+00
4.515805006027221680e+00
5.232115268707275391e+00
4.168792009353637695e+00
8.544307947158813477e+00
4.069400787353515625e+00
4.159953832626342773e+00
4.162574052810668945e+00
4.613072156906127930e+00
4.479443788528442383e+00
5.984815120697021484e+00
4.618669986724853516e+00
4.268966913223266602e+00
4.984534025192260742e+00
4.879210948944091797e+00
4.992177009582519531e+00
7.824544906616210938e+00
4.678500890731811523e+00
4.489552974700927734e+00
5.515507936477661133e+00
5.475672960281372070e+00
4.549179077148437500e+00
4.023860931396484375e+00
4.884236097335815430e+00
5.438848972320556641e+00
4.812106132507324219e+00
7.700083017349243164e+00
5.250540018081665039e+00
6.650831222534179688e+00
5.381376981735229492e+00
4.523741245269775391e+00
4.841407775878906250e+00
4.147707223892211914e+00
7.510922908782958984e+00
4.988626956939697266e+00
4.603398799896240234e+00
4.619764328002929688e+00
9.706351041793823242e+00
8.349007844924926758e+00
5.019881963729858398e+00
5.250025987625122070e+00
6.244911909103393555e+00
5.099829912185668945e+00
5.320875167846679688e+00
4.770156145095825195e+00
4.200670957565307617e+00
5.143090963363647461e+00
3.561128854751586914e+00
5.044023990631103516e+00
5.917113780975341797e+00
4.497919082641601562e+00
7.279549121856689453e+00
7.624890089035034180e+00
4.073270082473754883e+00
5.580526828765869141e+00
3.645664930343627930e+00
5.198331117630004883e+00
6.119079828262329102e+00
6.261650323867797852e+00
4.527750015258789062e+00
4.515139102935791016e+00
4.470201015472412109e+00
5.186672925949096680e+00
3.951151132583618164e+00
5.253046035766601562e+00
4.897357940673828125e+00
3.388038873672485352e+00
4.005982875823974609e+00
4.479643106460571289e+00
2.208607912063598633e+00
4.077620983123779297e+00
5.602959871292114258e+00
5.178531646728515625e+00
4.885249853134155273e+00
4.067574024200439453e+00
5.389133930206298828e+00
5.178663253784179688e+00
6.561132669448852539e+00
4.187913894653320312e+00
6.115689039230346680e+00
4.815294027328491211e+00
5.585278034210205078e+00
4.676225185394287109e+00
6.115314960479736328e+00
6.394706249237060547e+00
5.478379011154174805e+00
7.033614873886108398e+00
5.102385759353637695e+00
5.134111166000366211e+00
6.141264200210571289e+00
4.524871826171875000e+00
6.602679014205932617e+00
5.216865777969360352e+00
5.431662082672119141e+00
5.963348865509033203e+00
4.935559988021850586e+00
6.265537023544311523e+00
3.710201263427734375e+00
4.301433801651000977e+00
5.586535930633544922e+00
4.863665103912353516e+00
5.397381067276000977e+00
4.604871988296508789e+00
4.397076129913330078e+00
4.659000158309936523e+00
5.976464986801147461e+00
6.344325065612792969e+00
6.889375448226928711e+00
6.933218002319335938e+00
5.608950138092041016e+00
4.535113811492919922e+00
5.570331096649169922e+00
4.795364856719970703e+00
7.697400093078613281e+00
6.249886989593505859e+00
7.051867961883544922e+00
4.312837123870849609e+00
4.440307140350341797e+00
3.890892744064331055e+00
6.524315834045410156e+00
3.156463861465454102e+00
4.403924942016601562e+00
3.628686189651489258e+00
3.831700086593627930e+00
4.685033798217773438e+00
5.152269124984741211e+00
4.353260040283203125e+00
4.974921941757202148e+00
3.526944160461425781e+00
3.822860956192016602e+00
3.896908044815063477e+00
4.430591106414794922e+00
4.170897960662841797e+00
5.055191040039062500e+00
4.009121656417846680e+00
3.859188079833984375e+00
3.716444730758666992e+00
6.975543022155761719e+00
7.852564096450805664e+00
5.165754079818725586e+00
3.553479909896850586e+00
7.645669698715209961e+00
4.490498065948486328e+00
4.401234865188598633e+00
4.560441017150878906e+00
3.837651968002319336e+00
5.654659032821655273e+00
3.902583837509155273e+00
4.457298755645751953e+00
5.449603796005249023e+00
5.718332767486572266e+00
5.672849178314208984e+00
4.559848070144653320e+00
8.392772197723388672e+00
4.939313173294067383e+00
6.223875761032104492e+00
5.741906881332397461e+00
5.754395961761474609e+00
4.583115100860595703e+00
8.520838975906372070e+00
4.479525089263916016e+00
4.372473001480102539e+00
5.878083705902099609e+00
5.027869224548339844e+00
5.049697637557983398e+00
5.881513118743896484e+00
5.566375970840454102e+00
8.723144054412841797e+00
3.868034124374389648e+00
4.910570144653320312e+00
5.838916301727294922e+00
5.070131778717041016e+00
5.353208065032958984e+00
6.605028867721557617e+00
4.936360836029052734e+00
8.657608270645141602e+00
5.368605852127075195e+00
3.651035785675048828e+00
5.986248016357421875e+00
5.632923126220703125e+00
4.740288019180297852e+00
3.256456851959228516e+00
4.357420921325683594e+00
5.406170845031738281e+00
5.179925918579101562e+00
7.653111934661865234e+00
5.653110980987548828e+00
3.205421209335327148e+00
3.680411815643310547e+00
6.314629077911376953e+00
3.885596036911010742e+00
3.472047090530395508e+00
6.595188140869140625e+00
5.584712266921997070e+00
4.738451957702636719e+00
5.037408113479614258e+00
5.099287986755371094e+00
5.713681936264038086e+00
5.706641912460327148e+00
5.326541185379028320e+00
5.488415956497192383e+00
7.988212823867797852e+00
5.861797094345092773e+00
4.656428098678588867e+00
3.608541965484619141e+00
4.183876752853393555e+00
4.217256307601928711e+00
5.008640766143798828e+00
6.548084974288940430e+00
5.542820692062377930e+00
5.060158252716064453e+00
6.989317178726196289e+00
4.570046901702880859e+00
7.187501192092895508e+00
4.769747972488403320e+00
4.857480049133300781e+00
7.445299863815307617e+00
6.155814170837402344e+00
6.295325279235839844e+00
7.537866830825805664e+00
7.243799209594726562e+00
4.871787786483764648e+00
7.360332727432250977e+00
5.926320314407348633e+00
1.052623915672302246e+01
6.370767831802368164e+00
6.876294136047363281e+00
6.400223970413208008e+00
9.147273778915405273e+00
7.313512086868286133e+00
5.346445083618164062e+00
3.514442920684814453e+00
4.790410995483398438e+00
4.916997194290161133e+00
5.245929002761840820e+00
3.759062051773071289e+00
5.269615888595581055e+00
4.497018098831176758e+00
6.120374917984008789e+00
6.678467035293579102e+00
8.042057752609252930e+00
3.942109107971191406e+00
5.705632925033569336e+00
6.083444356918334961e+00
7.346203804016113281e+00
4.629091978073120117e+00
4.882743120193481445e+00
5.753520250320434570e+00
5.559920787811279297e+00
3.375629186630249023e+00
8.271930217742919922e+00
6.409924030303955078e+00
5.943994045257568359e+00
4.960639953613281250e+00
8.797096014022827148e+00
6.425055980682373047e+00
7.414692163467407227e+00
8.093082904815673828e+00
4.708564043045043945e+00
4.421384811401367188e+00
4.568021774291992188e+00
6.833894729614257812e+00
7.156898021697998047e+00
4.738281250000000000e+00
5.794847965240478516e+00
8.502141952514648438e+00
6.333986759185791016e+00
6.503332853317260742e+00
6.532658100128173828e+00
6.515727281570434570e+00
8.318402051925659180e+00
7.095565795898437500e+00
4.844029188156127930e+00
6.491873025894165039e+00
3.830946922302246094e+00
4.555985927581787109e+00
3.451527357101440430e+00
7.753517150878906250e+00
5.528849124908447266e+00
4.556618928909301758e+00
7.637112140655517578e+00
6.226024866104125977e+00
6.977050065994262695e+00
7.610764026641845703e+00
8.257258892059326172e+00
9.199780941009521484e+00
5.687216043472290039e+00
5.104301214218139648e+00
5.828994035720825195e+00
7.739299058914184570e+00
5.712429046630859375e+00
9.936534166336059570e+00
5.431197166442871094e+00
6.194247007369995117e+00
8.383915185928344727e+00
7.335012197494506836e+00
4.313060998916625977e+00
6.017421007156372070e+00
6.827295064926147461e+00
7.508067131042480469e+00
5.502293109893798828e+00
8.154942035675048828e+00
6.807857990264892578e+00
6.392028808593750000e+00
6.796703100204467773e+00
8.301598787307739258e+00
4.978240966796875000e+00
1.014940285682678223e+01
7.305231094360351562e+00
6.501958131790161133e+00
8.397766113281250000e+00
5.266883850097656250e+00
2.538334131240844727e+00
4.495794296264648438e+00
3.796910047531127930e+00
9.310684919357299805e+00
6.564429044723510742e+00
4.775942087173461914e+00
7.674314975738525391e+00
6.358982324600219727e+00
5.297562122344970703e+00
7.951591968536376953e+00
8.987138748168945312e+00
7.686311006546020508e+00
6.526029825210571289e+00
6.203590869903564453e+00
8.193447113037109375e+00
9.675173282623291016e+00
7.766663074493408203e+00
5.639642715454101562e+00
6.825568914413452148e+00
8.626025915145874023e+00
6.689007997512817383e+00
2.788112878799438477e+00
5.729232311248779297e+00
6.120940923690795898e+00
6.845339775085449219e+00
8.730072021484375000e+00
4.848706007003784180e+00
9.225976943969726562e+00
5.395905017852783203e+00
9.371793031692504883e+00
5.830980062484741211e+00
1.066874599456787109e+01
6.419079065322875977e+00
8.115711212158203125e+00
9.491945981979370117e+00
7.553034067153930664e+00
8.106553077697753906e+00
7.508707046508789062e+00
5.323123931884765625e+00
5.870431900024414062e+00
3.943747758865356445e+00
6.175585031509399414e+00
8.472982883453369141e+00
9.183801889419555664e+00
6.182399988174438477e+00
6.986377000808715820e+00
6.767132997512817383e+00
8.906780004501342773e+00
5.404222965240478516e+00
5.771309614181518555e+00
6.956799030303955078e+00
6.976526737213134766e+00
4.813519239425659180e+00
7.605458974838256836e+00
7.187603235244750977e+00
9.387787103652954102e+00
9.910713195800781250e+00
5.364058256149291992e+00
6.860252141952514648e+00
6.552571773529052734e+00
6.406743049621582031e+00
8.607975959777832031e+00
1.049248194694519043e+01
6.744296312332153320e+00
5.234586954116821289e+00
6.419938087463378906e+00
9.439485073089599609e+00
1.144061708450317383e+01
6.708034038543701172e+00
1.052471995353698730e+01
4.836676836013793945e+00
6.163674116134643555e+00
6.157612800598144531e+00
7.179313898086547852e+00
8.162754058837890625e+00
7.674972295761108398e+00
7.726470232009887695e+00
6.716373920440673828e+00
6.902608871459960938e+00
5.191953897476196289e+00
5.532047986984252930e+00
7.258556842803955078e+00
6.118288278579711914e+00
7.676040887832641602e+00
8.029196977615356445e+00
4.025586843490600586e+00
3.111747264862060547e+00
6.093587875366210938e+00
8.254337072372436523e+00
6.312204837799072266e+00
6.385541200637817383e+00
7.423125028610229492e+00
6.269907951354980469e+00
1.067474627494812012e+01
3.836598157882690430e+00
7.109348058700561523e+00
4.152458906173706055e+00
6.486166954040527344e+00
3.601610183715820312e+00
9.011803150177001953e+00
7.909017801284790039e+00
5.821015119552612305e+00
6.779766082763671875e+00
6.584381103515625000e+00
7.218766927719116211e+00
5.943791151046752930e+00
7.367196321487426758e+00
6.916656970977783203e+00
6.075469017028808594e+00
2.788967847824096680e+00
3.339031696319580078e+00
8.076366186141967773e+00
8.673244953155517578e+00
8.803404808044433594e+00
7.958205938339233398e+00
7.039386987686157227e+00
9.745723962783813477e+00
4.091715812683105469e+00
3.517206907272338867e+00
6.846948146820068359e+00
4.072329998016357422e+00
4.491642713546752930e+00
7.212603807449340820e+00
3.592952966690063477e+00
4.516085863113403320e+00
4.354531049728393555e+00
6.252893924713134766e+00
3.970499038696289062e+00
4.712295293807983398e+00
3.733296155929565430e+00
4.787825107574462891e+00
3.782764911651611328e+00
3.662486076354980469e+00
4.644178867340087891e+00
3.804709911346435547e+00
4.431735038757324219e+00
8.021694183349609375e+00
7.907018184661865234e+00
3.962236166000366211e+00
4.833529710769653320e+00
4.912798881530761719e+00
7.317293167114257812e+00
3.942395210266113281e+00
4.847470998764038086e+00
3.504120826721191406e+00
3.915704250335693359e+00
7.576489925384521484e+00
3.399374961853027344e+00
6.208460807800292969e+00
5.005612850189208984e+00
5.600445032119750977e+00
4.711100101470947266e+00
5.746582746505737305e+00
5.868757963180541992e+00
3.488510847091674805e+00
4.844864845275878906e+00
3.822494983673095703e+00
3.172417879104614258e+00
3.766175985336303711e+00
5.492251873016357422e+00
7.750085830688476562e+00
4.803614139556884766e+00
6.821676015853881836e+00
7.592031002044677734e+00
8.849914073944091797e+00
3.837568998336791992e+00
4.225749015808105469e+00
3.841433048248291016e+00
4.999534845352172852e+00
5.477879047393798828e+00
9.693607807159423828e+00
4.417234897613525391e+00
5.051269769668579102e+00
9.270840883255004883e+00
2.899874925613403320e+00
7.997306823730468750e+00
6.080963850021362305e+00
4.367954015731811523e+00
4.956958293914794922e+00
5.400733947753906250e+00
5.923336982727050781e+00
3.569477081298828125e+00
4.547772884368896484e+00
4.028540372848510742e+00
4.003795862197875977e+00
4.893070936203002930e+00
4.725536108016967773e+00
4.064512729644775391e+00
1.241867804527282715e+01
1.353460693359375000e+01
3.856069326400756836e+00
4.518778800964355469e+00
4.204411745071411133e+00
5.280843973159790039e+00
4.812291860580444336e+00
6.078444004058837891e+00
4.257845163345336914e+00
4.612443923950195312e+00
5.554156064987182617e+00
3.394332170486450195e+00
5.257967948913574219e+00
6.368546724319458008e+00
5.007023811340332031e+00
4.403166055679321289e+00
5.075617790222167969e+00
5.106524944305419922e+00
4.386054992675781250e+00
5.366616010665893555e+00
8.117671966552734375e+00
6.346254110336303711e+00
3.092815876007080078e+00
6.379060983657836914e+00
5.697966098785400391e+00
4.547146081924438477e+00
1.004557895660400391e+01
3.883375883102416992e+00
5.292514085769653320e+00
4.591454029083251953e+00
3.845331907272338867e+00
4.660785913467407227e+00
6.402745962142944336e+00
5.070678949356079102e+00
4.560224056243896484e+00
2.720446109771728516e+00
3.709989070892333984e+00
4.931272983551025391e+00
4.488420963287353516e+00
4.729233980178833008e+00
5.571830034255981445e+00
4.301436901092529297e+00
5.345494747161865234e+00
6.459575891494750977e+00
5.457125186920166016e+00
5.415961027145385742e+00
4.203136920928955078e+00
5.640785932540893555e+00
4.704601049423217773e+00
3.639427185058593750e+00
4.008550882339477539e+00
5.377391815185546875e+00
4.971123933792114258e+00
5.618160009384155273e+00
5.416803836822509766e+00
6.399026870727539062e+00
5.374838113784790039e+00
5.235846996307373047e+00
5.290158033370971680e+00
7.532153129577636719e+00
4.455434083938598633e+00
3.848470211029052734e+00
4.688436031341552734e+00
6.414732933044433594e+00
5.451318979263305664e+00
4.465473175048828125e+00
5.465959072113037109e+00
5.849099874496459961e+00
5.983934879302978516e+00
4.402142047882080078e+00
4.176186084747314453e+00
4.127974987030029297e+00
4.955258131027221680e+00
5.906121969223022461e+00
5.623418092727661133e+00
5.554272890090942383e+00
5.247039794921875000e+00
5.368153095245361328e+00
5.553112983703613281e+00
4.128813028335571289e+00
2.989548683166503906e+00
5.622043132781982422e+00
7.335152864456176758e+00
5.313241243362426758e+00
4.825131893157958984e+00
5.625561952590942383e+00
5.715613842010498047e+00
4.206706047058105469e+00
8.181268930435180664e+00
4.537479162216186523e+00
6.866590976715087891e+00
4.397575855255126953e+00
5.199676752090454102e+00
4.131468057632446289e+00
5.644932985305786133e+00
6.618725061416625977e+00
5.822607994079589844e+00
6.689602136611938477e+00
4.682642936706542969e+00
6.327996253967285156e+00
7.347579002380371094e+00
6.447140932083129883e+00
5.069028139114379883e+00
4.864946842193603516e+00
5.351249933242797852e+00
4.397674083709716797e+00
5.472110033035278320e+00
7.484666109085083008e+00
7.436485767364501953e+00
3.380398273468017578e+00
4.863088130950927734e+00
5.436553001403808594e+00
5.681116104125976562e+00
4.664878845214843750e+00
5.095438003540039062e+00
5.713726282119750977e+00
4.075555801391601562e+00
4.768847942352294922e+00
4.947875022888183594e+00
6.558609962463378906e+00
6.980441093444824219e+00
5.194831848144531250e+00
7.427927017211914062e+00
6.600285768508911133e+00
6.081750154495239258e+00
5.116919994354248047e+00
8.417538166046142578e+00
4.709893941879272461e+00
6.799375057220458984e+00
6.473090887069702148e+00
5.908305883407592773e+00
6.720757961273193359e+00
5.592586040496826172e+00
5.303393840789794922e+00
5.381133079528808594e+00
3.891610860824584961e+00
5.403663873672485352e+00
4.212413787841796875e+00
4.572262763977050781e+00
4.187725067138671875e+00
6.180234909057617188e+00
6.026898384094238281e+00
4.123638868331909180e+00
6.704656839370727539e+00
7.927655935287475586e+00
5.638528108596801758e+00
6.110882997512817383e+00
9.137192964553833008e+00
6.806064844131469727e+00
6.034542083740234375e+00
6.613111972808837891e+00
6.492842912673950195e+00
8.065180063247680664e+00
7.882884025573730469e+00
6.761466264724731445e+00
6.027228355407714844e+00
8.004428148269653320e+00
5.811574935913085938e+00
7.678801298141479492e+00
6.888020992279052734e+00
4.261425733566284180e+00
6.295672178268432617e+00
8.584539175033569336e+00
6.248411893844604492e+00
6.930041074752807617e+00
6.783215761184692383e+00
5.063055038452148438e+00
6.839086771011352539e+00
8.848315238952636719e+00
4.999115943908691406e+00
7.317858219146728516e+00
7.572923898696899414e+00
8.416780948638916016e+00
6.886611938476562500e+00
8.115055084228515625e+00
8.490921020507812500e+00
5.382421016693115234e+00
4.507461786270141602e+00
6.971831798553466797e+00
7.553380012512207031e+00
5.614704847335815430e+00
8.113936185836791992e+00
5.223741054534912109e+00
4.485921144485473633e+00
5.677380323410034180e+00
6.697247028350830078e+00
6.513598442077636719e+00
6.830584049224853516e+00
4.953300952911376953e+00
5.077276945114135742e+00
5.591975927352905273e+00
5.342270851135253906e+00
7.353327035903930664e+00
7.721646070480346680e+00
7.945370912551879883e+00
9.250010728836059570e+00
7.008595943450927734e+00
8.366161346435546875e+00
4.335299968719482422e+00
4.344109058380126953e+00
7.838658094406127930e+00
5.203016757965087891e+00
6.571660041809082031e+00
5.238517045974731445e+00
5.386281967163085938e+00
9.353344917297363281e+00
7.959457874298095703e+00
4.254985094070434570e+00
7.072649955749511719e+00
5.343478918075561523e+00
7.648427963256835938e+00
6.219522953033447266e+00
9.757545948028564453e+00
8.236913919448852539e+00
3.985957860946655273e+00
4.937512874603271484e+00
6.150670051574707031e+00
8.175050973892211914e+00
6.016083002090454102e+00
6.021153926849365234e+00
8.514802932739257812e+00
9.037086009979248047e+00
8.162209987640380859e+00
9.353643178939819336e+00
7.837637186050415039e+00
9.620102882385253906e+00
6.170032978057861328e+00
6.318565845489501953e+00
5.481663942337036133e+00
6.247792959213256836e+00
7.397684097290039062e+00
9.993581056594848633e+00
7.885103225708007812e+00
5.000144004821777344e+00
5.849812030792236328e+00
6.243303775787353516e+00
3.563799619674682617e+00
4.417627811431884766e+00
4.084820985794067383e+00
5.736237049102783203e+00
4.612142086029052734e+00
6.679170131683349609e+00
5.370517969131469727e+00
2.544797897338867188e+00
5.134029865264892578e+00
9.479961872100830078e+00
6.490802764892578125e+00
7.049825906753540039e+00
6.967869043350219727e+00
5.416986703872680664e+00
7.184240818023681641e+00
4.159030199050903320e+00
7.745571136474609375e+00
2.931488990783691406e+00
4.657099008560180664e+00
2.805092096328735352e+00
5.903738975524902344e+00
7.200556993484497070e+00
7.021985054016113281e+00
6.237462043762207031e+00
7.045616865158081055e+00
8.735605001449584961e+00
4.902951002120971680e+00
9.843914985656738281e+00
5.725967168807983398e+00
4.661637067794799805e+00
8.219104051589965820e+00
6.406526803970336914e+00
6.188397884368896484e+00
3.093401908874511719e+00
5.224465847015380859e+00
9.118186950683593750e+00
8.466930866241455078e+00
5.783261775970458984e+00
5.474596977233886719e+00
5.612174034118652344e+00
6.226011991500854492e+00
6.286267042160034180e+00
4.027635097503662109e+00
5.541247129440307617e+00
6.054666042327880859e+00
7.517956972122192383e+00
3.763623952865600586e+00
6.298085927963256836e+00
8.548254013061523438e+00
3.337917089462280273e+00
6.123059034347534180e+00
4.670583724975585938e+00
6.518884897232055664e+00
4.938086986541748047e+00
7.424350023269653320e+00
5.869424104690551758e+00
6.655452966690063477e+00
6.780345201492309570e+00
5.720603704452514648e+00
6.519303083419799805e+00
6.544175148010253906e+00
4.198759794235229492e+00
9.914491176605224609e+00
8.948385000228881836e+00
5.064371824264526367e+00
6.268981933593750000e+00
5.327677965164184570e+00
3.516957044601440430e+00
5.125766992568969727e+00
6.765028715133666992e+00
4.769407272338867188e+00
3.699891090393066406e+00
6.826892137527465820e+00
1.151553893089294434e+01
2.633720874786376953e+00
7.779598951339721680e+00
4.667820930480957031e+00
7.317636966705322266e+00
3.991472005844116211e+00
3.291714191436767578e+00
3.781323194503784180e+00
4.973078012466430664e+00
4.287363767623901367e+00
5.681661844253540039e+00
7.592617273330688477e+00
5.036910772323608398e+00
3.992937803268432617e+00
6.330033063888549805e+00
3.604087114334106445e+00
6.112426042556762695e+00
7.122188091278076172e+00
3.831397771835327148e+00
3.080459594726562500e+00
6.042309284210205078e+00
3.419360160827636719e+00
5.231091022491455078e+00
6.046725034713745117e+00
7.608087778091430664e+00
4.787979125976562500e+00
5.159940242767333984e+00
4.746733903884887695e+00
3.827070951461791992e+00
3.231603860855102539e+00
3.697501897811889648e+00
2.666981935501098633e+00
4.829599380493164062e+00
6.034179925918579102e+00
9.378401994705200195e+00
9.779586791992187500e+00
7.598455905914306641e+00
3.684020042419433594e+00
5.409889936447143555e+00
5.058033943176269531e+00
8.385906934738159180e+00
3.964451074600219727e+00
5.194937229156494141e+00
6.151648044586181641e+00
5.639829874038696289e+00
5.092912912368774414e+00
8.072629928588867188e+00
6.328127145767211914e+00
5.986992120742797852e+00
6.553160190582275391e+00
6.002912044525146484e+00
3.581752061843872070e+00
5.939392805099487305e+00
5.902218103408813477e+00
5.360219240188598633e+00
4.935231208801269531e+00
4.186496734619140625e+00
6.969880104064941406e+00
7.002381086349487305e+00
1.320228028297424316e+01
5.884819030761718750e+00
1.875560998916625977e+00
4.353555917739868164e+00
4.428808927536010742e+00
4.931140899658203125e+00
4.963133096694946289e+00
7.922781944274902344e+00
5.241436004638671875e+00
3.306900262832641602e+00
6.424572944641113281e+00
4.344376087188720703e+00
5.924339056015014648e+00
4.827282905578613281e+00
7.287731170654296875e+00
5.080409049987792969e+00
6.350364923477172852e+00
4.676561355590820312e+00
6.581943035125732422e+00
4.133930921554565430e+00
6.290977001190185547e+00
5.567240953445434570e+00
4.760149955749511719e+00
4.832180976867675781e+00
5.043228864669799805e+00
4.950087785720825195e+00
4.847586870193481445e+00
4.176909923553466797e+00
2.999020099639892578e+00
5.472965002059936523e+00
5.641836881637573242e+00
4.740388870239257812e+00
3.659187793731689453e+00
5.680559158325195312e+00
4.095680952072143555e+00
5.283549785614013672e+00
4.077037096023559570e+00
4.938981771469116211e+00
4.761547088623046875e+00
6.359344244003295898e+00
7.003082036972045898e+00
5.650985002517700195e+00
5.395124912261962891e+00
5.465377092361450195e+00
4.551961183547973633e+00
5.949872016906738281e+00
4.912335872650146484e+00
6.967057943344116211e+00
4.044427156448364258e+00
5.058769226074218750e+00
8.487929105758666992e+00
5.558741092681884766e+00
3.447937011718750000e+00
5.364277601242065430e+00
5.419949769973754883e+00
6.790388822555541992e+00
4.765172958374023438e+00
4.490513801574707031e+00
4.657124042510986328e+00
4.548073768615722656e+00
4.890760898590087891e+00
9.108794212341308594e+00
7.913753032684326172e+00
7.292118072509765625e+00
6.910232067108154297e+00
4.380107879638671875e+00
4.663697242736816406e+00
5.080068111419677734e+00
5.241892814636230469e+00
5.272255897521972656e+00
2.574037790298461914e+00
3.909674167633056641e+00
5.982622861862182617e+00
6.138369083404541016e+00
5.599108219146728516e+00
5.580570936203002930e+00
4.484065055847167969e+00
5.755381107330322266e+00
5.858695983886718750e+00
5.658935785293579102e+00
4.508440017700195312e+00
6.292288064956665039e+00
7.423547983169555664e+00
7.620090246200561523e+00
8.352757930755615234e+00
4.623216867446899414e+00
4.788759946823120117e+00
5.064976930618286133e+00
8.510591030120849609e+00
6.708998918533325195e+00
4.915585041046142578e+00
7.121150970458984375e+00
3.760364055633544922e+00
3.717313051223754883e+00
7.304778099060058594e+00
3.314246892929077148e+00
5.480073928833007812e+00
6.914108037948608398e+00
4.489923954010009766e+00
5.864017009735107422e+00
4.965551137924194336e+00
6.217834949493408203e+00
6.301878690719604492e+00
4.039586067199707031e+00
5.596641063690185547e+00
6.624123811721801758e+00
5.439427852630615234e+00
5.644994020462036133e+00
6.922622919082641602e+00
5.746602058410644531e+00
5.106242656707763672e+00
6.102334976196289062e+00
5.304560184478759766e+00
9.758327007293701172e+00
7.722414731979370117e+00
7.923139095306396484e+00
5.500572204589843750e+00
4.229275226593017578e+00
3.296951055526733398e+00
5.169813871383666992e+00
6.690967082977294922e+00
6.676331043243408203e+00
6.117441892623901367e+00
6.082130908966064453e+00
8.028859853744506836e+00
6.711338043212890625e+00
6.445009231567382812e+00
6.559009790420532227e+00
6.211979150772094727e+00
5.950859069824218750e+00
9.359544038772583008e+00
2.764349937438964844e+00
7.787362813949584961e+00
5.891308069229125977e+00
5.028835773468017578e+00
4.703197956085205078e+00
7.074218988418579102e+00
6.185016155242919922e+00
3.130718946456909180e+00
4.770606994628906250e+00
4.938777923583984375e+00
5.486794233322143555e+00
9.034040927886962891e+00
7.176769971847534180e+00
7.674270868301391602e+00
5.914242029190063477e+00
2.892838954925537109e+00
6.349706172943115234e+00
6.226120948791503906e+00
4.817212820053100586e+00
3.402743101119995117e+00
4.125645875930786133e+00
3.576575040817260742e+00
7.424308061599731445e+00
5.340169906616210938e+00
6.203281879425048828e+00
6.726701736450195312e+00
5.630585193634033203e+00
6.435053110122680664e+00
6.454858064651489258e+00
6.753294944763183594e+00
5.954918146133422852e+00
3.248127937316894531e+00
7.824873924255371094e+00
6.532926797866821289e+00
5.080419063568115234e+00
2.837591171264648438e+00
6.543306827545166016e+00
5.955245018005371094e+00
6.396580934524536133e+00
6.545458078384399414e+00
2.919866085052490234e+00
5.585618019104003906e+00
7.029103994369506836e+00
2.740583896636962891e+00
4.754593849182128906e+00
7.329042911529541016e+00
4.193988800048828125e+00
5.847581148147583008e+00
4.343192815780639648e+00
4.142238855361938477e+00
2.758444786071777344e+00
7.858816862106323242e+00
3.697930574417114258e+00
3.274202108383178711e+00
7.700330972671508789e+00
7.078300952911376953e+00
3.384708166122436523e+00
4.868448019027709961e+00
4.224120855331420898e+00
3.975284099578857422e+00
4.276507854461669922e+00
3.428779125213623047e+00
5.591855287551879883e+00
2.949957847595214844e+00
3.809288024902343750e+00
6.450313091278076172e+00
5.950528144836425781e+00
4.474832057952880859e+00
3.927277803421020508e+00
6.068975925445556641e+00
3.526397943496704102e+00
3.507517099380493164e+00
3.884400844573974609e+00
7.819186210632324219e+00
4.687577009201049805e+00
4.087500810623168945e+00
3.359838247299194336e+00
3.009377956390380859e+00
3.146786212921142578e+00
6.240879058837890625e+00
4.494985103607177734e+00
6.438737869262695312e+00
5.049928903579711914e+00
5.099193096160888672e+00
5.202969074249267578e+00
1.032862520217895508e+01
4.093817949295043945e+00
3.902649879455566406e+00
7.884778976440429688e+00
4.761143922805786133e+00
3.581803083419799805e+00
6.389336109161376953e+00
5.130723237991333008e+00
4.078763008117675781e+00
4.954695940017700195e+00
6.472497224807739258e+00
5.046608924865722656e+00
8.342790126800537109e+00
6.965441942214965820e+00
7.699881076812744141e+00
4.873870134353637695e+00
2.885840892791748047e+00
4.243812084197998047e+00
4.489532947540283203e+00
3.713521242141723633e+00
4.788289070129394531e+00
6.006640911102294922e+00
4.286195993423461914e+00
6.758541107177734375e+00
6.793340206146240234e+00
5.157797813415527344e+00
3.852096080780029297e+00
6.435795068740844727e+00
6.758632898330688477e+00
4.644487857818603516e+00
4.583341836929321289e+00
6.201264142990112305e+00
7.179798841476440430e+00
6.850818157196044922e+00
4.146619081497192383e+00
8.400716066360473633e+00
6.160856008529663086e+00
5.361737966537475586e+00
8.982946872711181641e+00
7.711099147796630859e+00
5.913120985031127930e+00
7.414972066879272461e+00
7.556782960891723633e+00
8.789591789245605469e+00
3.613187074661254883e+00
4.382579803466796875e+00
7.359869956970214844e+00
6.842646121978759766e+00
6.504213094711303711e+00
6.275999069213867188e+00
7.743093729019165039e+00
4.747585058212280273e+00
7.610985994338989258e+00
7.422145128250122070e+00
5.143677949905395508e+00
7.510720968246459961e+00
6.754263162612915039e+00
3.817926168441772461e+00
4.896499872207641602e+00
5.384073019027709961e+00
5.274380207061767578e+00
4.650569915771484375e+00
7.065755128860473633e+00
4.289422988891601562e+00
5.656765937805175781e+00
5.396970987319946289e+00
4.889658212661743164e+00
3.596863985061645508e+00
5.962893962860107422e+00
5.404815196990966797e+00
6.008024215698242188e+00
3.097217798233032227e+00
5.322175025939941406e+00
6.189008951187133789e+00
6.010968923568725586e+00
5.359574079513549805e+00
3.074799060821533203e+00
3.221828937530517578e+00
5.691380262374877930e+00
4.144155979156494141e+00
4.879620790481567383e+00
8.189620256423950195e+00
1.033654379844665527e+01
7.825178861618041992e+00
4.202853918075561523e+00
4.841090917587280273e+00
8.399477958679199219e+00
8.039795160293579102e+00
4.843057870864868164e+00
5.960628986358642578e+00
1.060419988632202148e+01
6.603213071823120117e+00
5.462048053741455078e+00
5.453471183776855469e+00
5.001144170761108398e+00
5.591255187988281250e+00
5.541089057922363281e+00
5.404706239700317383e+00
7.946399927139282227e+00
8.571124792098999023e+00
5.929490089416503906e+00
4.731686830520629883e+00
6.785818815231323242e+00
3.780939817428588867e+00
5.321345090866088867e+00
5.635004281997680664e+00
5.374962806701660156e+00
4.602241992950439453e+00
5.344571828842163086e+00
5.105407953262329102e+00
4.015859127044677734e+00
5.035291910171508789e+00
6.241454124450683594e+00
4.677661180496215820e+00
4.939932107925415039e+00
1.018459534645080566e+01
5.889208078384399414e+00
4.905110120773315430e+00
4.932312011718750000e+00
6.182501316070556641e+00
5.344148874282836914e+00
8.259600877761840820e+00
6.315895080566406250e+00
4.827718019485473633e+00
1.073245000839233398e+01
6.709820985794067383e+00
4.192668914794921875e+00
4.294757843017578125e+00
5.200472831726074219e+00
5.500960826873779297e+00
7.077077865600585938e+00
5.944509029388427734e+00
2.911277055740356445e+00
2.528746843338012695e+00
2.929507255554199219e+00
6.065483093261718750e+00
7.300662755966186523e+00
9.651607036590576172e+00
5.891391992568969727e+00
6.301702976226806641e+00
6.678483963012695312e+00
4.692487716674804688e+00
6.443826198577880859e+00
9.652264356613159180e+00
1.093959808349609375e+01
9.138992786407470703e+00
2.390275001525878906e+00
3.724654912948608398e+00
5.823029994964599609e+00
6.838974952697753906e+00
7.222532987594604492e+00
3.189970016479492188e+00
7.841214895248413086e+00
5.362159967422485352e+00
4.427147150039672852e+00
6.476052999496459961e+00
4.971032857894897461e+00
4.921555995941162109e+00
3.988527774810791016e+00
3.583327054977416992e+00
6.533212184906005859e+00
4.154975891113281250e+00
6.642407894134521484e+00
4.262061834335327148e+00
9.878837108612060547e+00
4.806460380554199219e+00
6.446122884750366211e+00
3.739556074142456055e+00
4.030129194259643555e+00
6.907532930374145508e+00
6.013497114181518555e+00
4.486169099807739258e+00
5.779783010482788086e+00
4.086708068847656250e+00
4.751182079315185547e+00
4.523216962814331055e+00
4.053447961807250977e+00
3.856619596481323242e+00
2.585201978683471680e+00
3.197280883789062500e+00
3.815798044204711914e+00
6.349538803100585938e+00
6.090412616729736328e+00
4.979193210601806641e+00
3.825603961944580078e+00
3.710168123245239258e+00
3.660480022430419922e+00
4.125059843063354492e+00
8.190240859985351562e+00
3.870268821716308594e+00
4.428143262863159180e+00
3.442038059234619141e+00
3.730621099472045898e+00
3.713368177413940430e+00
3.534578323364257812e+00
3.593621015548706055e+00
5.070420980453491211e+00
6.352149963378906250e+00
4.168498039245605469e+00
4.135607004165649414e+00
6.868878841400146484e+00
4.189099073410034180e+00
4.504405975341796875e+00
4.369166851043701172e+00
4.298286914825439453e+00
5.525779962539672852e+00
6.605792045593261719e+00
4.227521657943725586e+00
5.366071224212646484e+00
3.465897798538208008e+00
6.624320983886718750e+00
6.494519948959350586e+00
6.274769067764282227e+00
3.999474048614501953e+00
6.684803009033203125e+00
7.773760795593261719e+00
6.693434953689575195e+00
6.289053916931152344e+00
4.676690816879272461e+00
6.634541034698486328e+00
4.637331962585449219e+00
3.269964218139648438e+00
3.753744840621948242e+00
3.886085987091064453e+00
7.425828933715820312e+00
3.901993036270141602e+00
4.892489910125732422e+00
1.050800418853759766e+01
4.575135946273803711e+00
6.118263959884643555e+00
4.794680118560791016e+00
5.973986148834228516e+00
7.121741056442260742e+00
3.469356060028076172e+00
3.513344764709472656e+00
6.009481906890869141e+00
3.477705955505371094e+00
4.963352680206298828e+00
5.429714918136596680e+00
5.590955018997192383e+00
4.797322988510131836e+00
5.615036249160766602e+00
7.222811937332153320e+00
7.269207239151000977e+00
4.322429180145263672e+00
5.519406795501708984e+00
4.741703987121582031e+00
5.008190870285034180e+00
5.852886915206909180e+00
5.260559082031250000e+00
5.635763883590698242e+00
6.850126266479492188e+00
8.095112085342407227e+00
5.827766895294189453e+00
7.638952970504760742e+00
5.522556781768798828e+00
7.548844814300537109e+00
3.950787067413330078e+00
4.026662826538085938e+00
6.970354795455932617e+00
7.057579040527343750e+00
4.801396131515502930e+00
5.868041038513183594e+00
4.055650234222412109e+00
5.036636829376220703e+00
5.748394012451171875e+00
1.199967384338378906e+01
7.022189140319824219e+00
5.519652128219604492e+00
5.709486961364746094e+00
5.987116098403930664e+00
2.143740892410278320e+00
6.548097133636474609e+00
6.800821065902709961e+00
8.299590826034545898e+00
4.157963752746582031e+00
7.199447154998779297e+00
6.280847072601318359e+00
8.127171039581298828e+00
4.467986106872558594e+00
4.833712100982666016e+00
4.804559946060180664e+00
6.325286149978637695e+00
3.565846920013427734e+00
8.061019182205200195e+00
4.714631795883178711e+00
9.431750297546386719e+00
5.310366868972778320e+00
4.548963785171508789e+00
5.023596763610839844e+00
4.024703025817871094e+00
5.188584804534912109e+00
6.120970964431762695e+00
7.767107725143432617e+00
8.564545869827270508e+00
7.469746828079223633e+00
7.541851043701171875e+00
9.032688856124877930e+00
7.763706922531127930e+00
5.366091012954711914e+00
4.126104116439819336e+00
4.442243814468383789e+00
5.315675735473632812e+00
8.029677867889404297e+00
6.527908086776733398e+00
7.657662868499755859e+00
6.059150218963623047e+00
5.550825834274291992e+00
5.582194805145263672e+00
8.763957023620605469e+00
5.093473672866821289e+00
4.327938795089721680e+00
5.487754821777343750e+00
4.987609863281250000e+00
5.912907123565673828e+00
4.198763132095336914e+00
4.558746099472045898e+00
6.242140054702758789e+00
5.235684871673583984e+00
5.508134126663208008e+00
5.360992908477783203e+00
4.128880262374877930e+00
8.302246093750000000e+00
5.547139644622802734e+00
6.258977890014648438e+00
5.844685077667236328e+00
5.760982036590576172e+00
6.033521175384521484e+00
5.714200973510742188e+00
6.670726060867309570e+00
6.434781789779663086e+00
6.238888978958129883e+00
5.184540033340454102e+00
7.053380012512207031e+00
7.099949121475219727e+00
6.620073080062866211e+00
7.076187849044799805e+00
8.619920730590820312e+00
6.366256713867187500e+00
4.726752042770385742e+00
5.882472991943359375e+00
5.706975936889648438e+00
1.076405024528503418e+01
6.612277984619140625e+00
5.561440944671630859e+00
9.167140245437622070e+00
9.418594121932983398e+00
4.471740961074829102e+00
9.804643154144287109e+00
5.687291860580444336e+00
5.853610992431640625e+00
5.620300054550170898e+00
8.838773012161254883e+00
7.861446380615234375e+00
5.077845096588134766e+00
6.931869029998779297e+00
2.018034934997558594e+00
6.995512008666992188e+00
5.911387920379638672e+00
3.375150203704833984e+00
3.704058885574340820e+00
5.183254003524780273e+00
4.815578937530517578e+00
4.042779207229614258e+00
5.080095767974853516e+00
3.583719253540039062e+00
7.787363052368164062e+00
7.983802080154418945e+00
5.540828943252563477e+00
6.951129913330078125e+00
7.250480175018310547e+00
4.345026016235351562e+00
3.801810264587402344e+00
4.152387857437133789e+00
9.500385046005249023e+00
3.471925973892211914e+00
6.471721887588500977e+00
5.830120086669921875e+00
7.259081840515136719e+00
6.408651828765869141e+00
6.555749893188476562e+00
6.915343999862670898e+00
5.942456722259521484e+00
5.510831117630004883e+00
6.441071748733520508e+00
4.613914012908935547e+00
6.474881172180175781e+00
7.608958959579467773e+00
7.957764148712158203e+00
5.752721071243286133e+00
7.474651813507080078e+00
5.654396772384643555e+00
4.804007053375244141e+00
8.302993059158325195e+00
3.451056957244873047e+00
5.578767061233520508e+00
5.165773153305053711e+00
7.827300071716308594e+00
4.057121038436889648e+00
4.128208875656127930e+00
5.636693954467773438e+00
7.656738042831420898e+00
5.027588129043579102e+00
3.479396104812622070e+00
5.242747068405151367e+00
4.755310773849487305e+00
3.966291904449462891e+00
4.693276166915893555e+00
4.532055139541625977e+00
9.183020114898681641e+00
4.538129806518554688e+00
3.856893301010131836e+00
2.762104988098144531e+00
4.698685169219970703e+00
6.249964952468872070e+00
2.908928155899047852e+00
4.753450870513916016e+00
4.438536882400512695e+00
5.698740959167480469e+00
4.010957002639770508e+00
5.268727064132690430e+00
4.538233041763305664e+00
6.256788015365600586e+00
4.867825746536254883e+00
4.552219152450561523e+00
5.416511058807373047e+00
4.350680828094482422e+00
3.563154935836791992e+00
5.359275102615356445e+00
5.937149763107299805e+00
8.060388088226318359e+00
5.322844982147216797e+00
3.564270973205566406e+00
5.522617101669311523e+00
4.258453130722045898e+00
8.315150976181030273e+00
7.890001773834228516e+00
9.070570945739746094e+00
5.514601945877075195e+00
4.960072994232177734e+00
5.825626850128173828e+00
4.625400066375732422e+00
7.052828073501586914e+00
3.920897006988525391e+00
3.205672025680541992e+00
5.240288019180297852e+00
4.084804773330688477e+00
5.912770986557006836e+00
5.699213027954101562e+00
5.574372768402099609e+00
8.324871778488159180e+00
4.148514032363891602e+00
4.610831975936889648e+00
7.484097957611083984e+00
7.133597135543823242e+00
6.584012985229492188e+00
5.022885322570800781e+00
4.382505893707275391e+00
6.739441871643066406e+00
8.179869890213012695e+00
7.446889877319335938e+00
8.432261943817138672e+00
8.508664131164550781e+00
7.402024030685424805e+00
4.383430242538452148e+00
5.945336103439331055e+00
5.849251031875610352e+00
7.771805047988891602e+00
8.406801939010620117e+00
4.724162101745605469e+00
7.118578195571899414e+00
7.328758001327514648e+00
8.772031784057617188e+00
8.878797054290771484e+00
4.413087129592895508e+00
7.690793991088867188e+00
8.348042964935302734e+00
6.194559812545776367e+00
5.477539777755737305e+00
8.025954008102416992e+00
6.050925970077514648e+00
8.266124010086059570e+00
7.749459981918334961e+00
1.009310603141784668e+01
5.401865243911743164e+00
9.517570972442626953e+00
8.773579120635986328e+00
3.336745023727416992e+00
4.772639989852905273e+00
7.180462121963500977e+00
3.942833900451660156e+00
9.419880151748657227e+00
6.867158889770507812e+00
5.543949127197265625e+00
4.664165019989013672e+00
6.442142009735107422e+00
4.908986806869506836e+00
7.052669048309326172e+00
6.552661657333374023e+00
7.730342149734497070e+00
3.477018117904663086e+00
8.700863838195800781e+00
8.348446130752563477e+00
9.641734838485717773e+00
4.897727966308593750e+00
8.720515966415405273e+00
5.203858137130737305e+00
5.264755010604858398e+00
7.760468006134033203e+00
6.589395284652709961e+00
9.429303884506225586e+00
5.450674772262573242e+00
4.651150226593017578e+00
6.103669166564941406e+00
6.929084777832031250e+00
5.854108810424804688e+00
5.466427087783813477e+00
6.333431720733642578e+00
9.665053844451904297e+00
5.924567699432373047e+00
4.788130044937133789e+00
8.742487192153930664e+00
1.112950778007507324e+01
5.928506135940551758e+00
9.575268745422363281e+00
7.208261013031005859e+00
4.311154365539550781e+00
6.109522104263305664e+00
9.587965965270996094e+00
6.709218978881835938e+00
4.628461837768554688e+00
4.663349866867065430e+00
7.954748153686523438e+00
7.996601104736328125e+00
9.390396833419799805e+00
4.886497974395751953e+00
6.168281078338623047e+00
9.796946763992309570e+00
3.504435777664184570e+00
8.057723045349121094e+00
1.129723691940307617e+01
5.251611948013305664e+00
4.005566835403442383e+00
8.367398738861083984e+00
4.949816703796386719e+00
7.607821226119995117e+00
5.193019151687622070e+00
4.921024084091186523e+00
7.025696992874145508e+00
5.719958066940307617e+00
8.374048948287963867e+00
9.957199096679687500e+00
8.387300014495849609e+00
6.012352943420410156e+00
5.290746212005615234e+00
8.806506872177124023e+00
4.596845149993896484e+00
7.619760990142822266e+00
7.554413080215454102e+00
6.762423038482666016e+00
8.535964965820312500e+00
8.367316961288452148e+00
4.902411937713623047e+00
1.074811196327209473e+01
6.241588115692138672e+00
6.593474864959716797e+00
6.287573099136352539e+00
6.216673135757446289e+00
5.641308069229125977e+00
5.994340181350708008e+00
6.181255102157592773e+00
1.025373005867004395e+01
7.580131053924560547e+00
3.372455120086669922e+00
5.588850259780883789e+00
5.256458282470703125e+00
7.913438796997070312e+00
7.032487154006958008e+00
5.816632032394409180e+00
8.103737115859985352e+00
6.152462244033813477e+00
7.551078796386718750e+00
6.750025272369384766e+00
9.787910938262939453e+00
3.295110940933227539e+00
7.342888116836547852e+00
1.097079086303710938e+01
6.914033174514770508e+00
4.839699745178222656e+00
1.009468793869018555e+01
8.786152124404907227e+00
5.865899085998535156e+00
8.828619956970214844e+00
9.695803880691528320e+00
5.878093004226684570e+00
5.318377256393432617e+00
1.037950015068054199e+01
7.867729902267456055e+00
7.579729795455932617e+00
4.460253000259399414e+00
5.813499927520751953e+00
5.984687805175781250e+00
4.324670076370239258e+00
1.168653702735900879e+01
6.827001094818115234e+00
9.349136114120483398e+00
7.665241003036499023e+00
3.351862907409667969e+00
6.908205747604370117e+00
3.215624094009399414e+00
7.097715139389038086e+00
5.686800003051757812e+00
5.439614057540893555e+00
8.446015834808349609e+00
1.015492820739746094e+01
9.648876905441284180e+00
3.364683151245117188e+00
9.029554128646850586e+00
1.071325707435607910e+01
9.040304899215698242e+00
2.464396953582763672e+00
3.315717697143554688e+00
5.349007129669189453e+00
9.204597234725952148e+00
3.637556791305541992e+00
9.335457086563110352e+00
7.456835746765136719e+00
3.023467063903808594e+00
8.396561861038208008e+00
7.588791608810424805e+00
3.143522977828979492e+00
3.014669656753540039e+00
6.865224838256835938e+00
3.020555019378662109e+00
3.337823152542114258e+00
3.707653999328613281e+00
4.307738304138183594e+00
7.888645172119140625e+00
1.148147726058959961e+01
8.058869123458862305e+00
3.388958930969238281e+00
3.313067913055419922e+00
4.106101989746093750e+00
4.032460927963256836e+00
1.184137582778930664e+01
3.884093999862670898e+00
2.843902111053466797e+00
1.090270805358886719e+01
3.822199106216430664e+00
5.359440803527832031e+00
1.080421400070190430e+01
3.617439985275268555e+00
3.204517126083374023e+00
3.661771059036254883e+00
3.229698896408081055e+00
1.134976100921630859e+01
1.370520997047424316e+01
3.338149785995483398e+00
4.362972021102905273e+00
4.956178188323974609e+00
3.485893011093139648e+00
3.498317718505859375e+00
4.351470708847045898e+00
4.264673948287963867e+00
4.552502155303955078e+00
4.065524816513061523e+00
4.089303731918334961e+00
3.896528959274291992e+00
4.305443048477172852e+00
4.099307775497436523e+00
5.137491941452026367e+00
5.995193004608154297e+00
3.869944810867309570e+00
4.604706048965454102e+00
4.640379190444946289e+00
5.135825872421264648e+00
4.807191133499145508e+00
3.722815990447998047e+00
4.702930927276611328e+00
6.118629932403564453e+00
7.403111934661865234e+00
4.603486061096191406e+00
4.812350988388061523e+00
4.611063957214355469e+00
4.116297006607055664e+00
3.822474956512451172e+00
3.528127908706665039e+00
7.566250801086425781e+00
5.377624750137329102e+00
7.421766042709350586e+00
6.086494207382202148e+00
4.720378875732421875e+00
4.492228031158447266e+00
5.973215103149414062e+00
4.607203006744384766e+00
6.150724172592163086e+00
6.687139034271240234e+00
6.221458196640014648e+00
5.173033952713012695e+00
5.072731256484985352e+00
6.698982000350952148e+00
5.636159896850585938e+00
4.784668207168579102e+00
6.455671072006225586e+00
6.324242115020751953e+00
6.401564121246337891e+00
7.063199043273925781e+00
5.817867040634155273e+00
6.629538059234619141e+00
5.586330890655517578e+00
5.420876026153564453e+00
1.126137495040893555e+01
6.896308898925781250e+00
5.721951961517333984e+00
5.617692947387695312e+00
5.559626102447509766e+00
4.227426767349243164e+00
6.048778295516967773e+00
6.948577880859375000e+00
6.885649919509887695e+00
5.659922838211059570e+00
1.105040001869201660e+01
5.478754043579101562e+00
5.117216110229492188e+00
6.508562803268432617e+00
6.827112197875976562e+00
3.841713905334472656e+00
5.727149009704589844e+00
6.719184160232543945e+00
5.639223098754882812e+00
5.184514999389648438e+00
5.228995800018310547e+00
7.343608856201171875e+00
5.848250150680541992e+00
6.479001045227050781e+00
5.100993156433105469e+00
4.554371118545532227e+00
6.750432014465332031e+00
5.340553045272827148e+00
7.483540058135986328e+00
7.282740116119384766e+00
7.526541948318481445e+00
4.662184000015258789e+00
7.764698982238769531e+00
5.228343963623046875e+00
1.017900633811950684e+01
3.998572111129760742e+00
4.918036937713623047e+00
5.493525028228759766e+00
9.366094827651977539e+00
7.471561908721923828e+00
5.313874959945678711e+00
8.741857051849365234e+00
5.211908817291259766e+00
7.505609989166259766e+00
8.547756671905517578e+00
3.848169088363647461e+00
4.988283157348632812e+00
5.768630027770996094e+00
4.892696142196655273e+00
8.042572975158691406e+00
4.050090074539184570e+00
5.357275962829589844e+00
7.608801841735839844e+00
8.073540210723876953e+00
6.124113798141479492e+00
4.143726825714111328e+00
8.408210277557373047e+00
4.332574844360351562e+00
8.623962879180908203e+00
6.139343976974487305e+00
5.744925975799560547e+00
5.012676954269409180e+00
4.303462982177734375e+00
5.648678064346313477e+00
5.771297216415405273e+00
4.397207975387573242e+00
6.056062936782836914e+00
5.694605112075805664e+00
5.433810234069824219e+00
7.030518054962158203e+00
7.253746986389160156e+00
5.894455909729003906e+00
7.023322105407714844e+00
6.232031822204589844e+00
6.085781097412109375e+00
6.064977169036865234e+00
6.428646802902221680e+00
5.780280113220214844e+00
3.858526945114135742e+00
4.688767910003662109e+00
3.785338163375854492e+00
5.163364171981811523e+00
5.751111268997192383e+00
6.081897020339965820e+00
5.940962076187133789e+00
4.311739921569824219e+00
4.823554039001464844e+00
5.278156042098999023e+00
4.868273973464965820e+00
5.119107007980346680e+00
5.536036968231201172e+00
6.500103235244750977e+00
4.743396043777465820e+00
3.388784885406494141e+00
9.043800115585327148e+00
9.506986856460571289e+00
8.367556810379028320e+00
4.886052131652832031e+00
5.643753051757812500e+00
6.986346960067749023e+00
4.083987951278686523e+00
6.399784803390502930e+00
6.293380022048950195e+00
7.035702943801879883e+00
6.526559829711914062e+00
4.188463687896728516e+00
5.860288858413696289e+00
6.461803913116455078e+00
9.289844989776611328e+00
6.511291742324829102e+00
7.777503967285156250e+00
7.507277727127075195e+00
4.427606105804443359e+00
4.753306865692138672e+00
5.410887956619262695e+00
4.435669898986816406e+00
6.785591125488281250e+00
5.496218919754028320e+00
9.771832227706909180e+00
7.349587917327880859e+00
5.588114738464355469e+00
5.763576030731201172e+00
5.089741945266723633e+00
6.326920986175537109e+00
4.615915775299072266e+00
6.991081237792968750e+00
7.011743068695068359e+00
5.603173017501831055e+00
6.303619861602783203e+00
6.395784139633178711e+00
7.441863059997558594e+00
9.335830211639404297e+00
8.968326091766357422e+00
3.675944089889526367e+00
5.812526226043701172e+00
8.054936885833740234e+00
5.675157070159912109e+00
6.188181877136230469e+00
9.657082796096801758e+00
3.448415994644165039e+00
5.993768930435180664e+00
6.529333829879760742e+00
6.379233121871948242e+00
6.515533924102783203e+00
3.532057046890258789e+00
6.920637845993041992e+00
5.732316255569458008e+00
3.939036846160888672e+00
6.613327980041503906e+00
6.009702920913696289e+00
5.597998142242431641e+00
3.854980945587158203e+00
6.245682001113891602e+00
7.269704818725585938e+00
7.449867010116577148e+00
3.914719104766845703e+00
5.760816097259521484e+00
6.392997741699218750e+00
6.827980995178222656e+00
4.333786725997924805e+00
5.048805236816406250e+00
6.891726732254028320e+00
7.251127243041992188e+00
5.268731117248535156e+00
4.149926900863647461e+00
5.806189060211181641e+00
6.894534826278686523e+00
5.679669380187988281e+00
4.287418842315673828e+00
3.970209836959838867e+00
4.320637941360473633e+00
6.078207969665527344e+00
7.740800142288208008e+00
7.739179611206054688e+00
8.384963989257812500e+00
5.789382934570312500e+00
6.366041183471679688e+00
4.590345859527587891e+00
2.695794105529785156e+00
4.238596200942993164e+00
4.598061084747314453e+00
7.758456230163574219e+00
3.901275873184204102e+00
7.142673730850219727e+00
7.405863761901855469e+00
8.061723947525024414e+00
5.231697082519531250e+00
4.501509189605712891e+00
7.582396030426025391e+00
5.571236848831176758e+00
8.723335981369018555e+00
4.033330917358398438e+00
5.668632030487060547e+00
5.575940847396850586e+00
6.469394922256469727e+00
3.740318059921264648e+00
9.225236892700195312e+00
7.872962236404418945e+00
9.713690042495727539e+00
1.075778293609619141e+01
4.831716060638427734e+00
8.773505926132202148e+00
5.384539127349853516e+00
6.331696271896362305e+00
5.971487045288085938e+00
5.830448150634765625e+00
3.488370895385742188e+00
7.599885225296020508e+00
7.485968112945556641e+00
6.974259138107299805e+00
5.113817930221557617e+00
5.730641841888427734e+00
4.114102125167846680e+00
4.476275205612182617e+00
3.793090105056762695e+00
8.345407962799072266e+00
4.821952819824218750e+00
4.701236963272094727e+00
5.221918106079101562e+00
4.818005084991455078e+00
9.241297721862792969e+00
6.316635847091674805e+00
6.103194236755371094e+00
9.023499011993408203e+00
8.847705841064453125e+00
1.097743177413940430e+01
7.963972091674804688e+00
4.928402900695800781e+00
6.757166147232055664e+00
6.499568939208984375e+00
8.477141857147216797e+00
6.511425018310546875e+00
9.926254034042358398e+00
4.739767074584960938e+00
3.867681980133056641e+00
4.125789880752563477e+00
4.010497808456420898e+00
4.995963096618652344e+00
3.605112075805664062e+00
3.829773187637329102e+00
1.243545699119567871e+01
3.998962879180908203e+00
4.487730741500854492e+00
4.986245155334472656e+00
5.474421262741088867e+00
3.270561933517456055e+00
6.091400861740112305e+00
4.496443271636962891e+00
3.727075815200805664e+00
5.689707040786743164e+00
3.774181842803955078e+00
5.318745136260986328e+00
3.748286008834838867e+00
3.982912063598632812e+00
3.916176080703735352e+00
5.620432138442993164e+00
5.512758016586303711e+00
4.818547964096069336e+00
5.555014848709106445e+00
4.805727958679199219e+00
8.596839904785156250e+00
5.195408105850219727e+00
6.050975084304809570e+00
3.179867982864379883e+00
4.725012063980102539e+00
5.827488899230957031e+00
3.228461742401123047e+00
4.140331029891967773e+00
8.985570669174194336e+00
5.976374149322509766e+00
4.127959966659545898e+00
5.783469676971435547e+00
4.741584300994873047e+00
7.291663169860839844e+00
4.780464887619018555e+00
5.484553098678588867e+00
5.857885122299194336e+00
4.303895950317382812e+00
8.154988050460815430e+00
7.326803207397460938e+00
4.183166980743408203e+00
9.289608955383300781e+00
6.914407968521118164e+00
4.399338960647583008e+00
6.176486253738403320e+00
3.576414823532104492e+00
3.687920331954956055e+00
4.867868900299072266e+00
4.705730199813842773e+00
4.516924142837524414e+00
4.483216762542724609e+00
4.578927278518676758e+00
7.858979701995849609e+00
5.036679029464721680e+00
5.752961158752441406e+00
4.261434078216552734e+00
4.381406784057617188e+00
5.094601154327392578e+00
4.617311000823974609e+00
4.576396226882934570e+00
4.122241020202636719e+00
3.037915945053100586e+00
6.824872970581054688e+00
7.565797328948974609e+00
1.092252802848815918e+01
7.579159975051879883e+00
3.617931127548217773e+00
4.118663072586059570e+00
5.403051137924194336e+00
4.880022048950195312e+00
4.314929962158203125e+00
3.217731237411499023e+00
7.135920047760009766e+00
5.331237792968750000e+00
4.813832044601440430e+00
5.556809902191162109e+00
4.360769033432006836e+00
5.043163776397705078e+00
6.356290102005004883e+00
6.071351766586303711e+00
5.976149082183837891e+00
5.288089752197265625e+00
5.609991073608398438e+00
9.235396862030029297e+00
4.376900911331176758e+00
1.144148707389831543e+01
8.594117879867553711e+00
6.682146787643432617e+00
6.871000051498413086e+00
5.200143098831176758e+00
4.607032060623168945e+00
4.902175903320312500e+00
5.587515115737915039e+00
4.215053081512451172e+00
4.487977027893066406e+00
4.005841970443725586e+00
4.913679122924804688e+00
5.996165752410888672e+00
4.018758296966552734e+00
7.359563112258911133e+00
7.525910139083862305e+00
4.753882884979248047e+00
4.154231071472167969e+00
1.034051513671875000e+01
4.831727027893066406e+00
3.804811954498291016e+00
3.908922910690307617e+00
3.848295927047729492e+00
7.087749004364013672e+00
4.402489185333251953e+00
4.364976167678833008e+00
3.760093927383422852e+00
4.752833127975463867e+00
6.100415945053100586e+00
4.441619157791137695e+00
5.706546068191528320e+00
4.463115930557250977e+00
8.854243040084838867e+00
6.036127805709838867e+00
4.564524888992309570e+00
4.226467132568359375e+00
4.777347803115844727e+00
4.979044914245605469e+00
7.258488655090332031e+00
6.689729213714599609e+00
4.809386014938354492e+00
8.523034095764160156e+00
7.054897308349609375e+00
4.401131153106689453e+00
7.703982114791870117e+00
2.900235891342163086e+00
5.829540252685546875e+00
6.916326761245727539e+00
4.043206214904785156e+00
4.100693225860595703e+00
3.404473066329956055e+00
5.348124980926513672e+00
3.667480945587158203e+00
5.288699865341186523e+00
4.461555004119873047e+00
3.508776903152465820e+00
4.895941019058227539e+00
6.227985143661499023e+00
3.980177164077758789e+00
4.236243963241577148e+00
3.365408897399902344e+00
5.846767902374267578e+00
3.644733905792236328e+00
3.363171815872192383e+00
3.398018121719360352e+00
5.206964015960693359e+00
6.159701824188232422e+00
6.701198101043701172e+00
5.629415988922119141e+00
4.844300985336303711e+00
3.273485660552978516e+00
7.266697406768798828e+00
5.674544095993041992e+00
5.696823596954345703e+00
3.959487915039062500e+00
7.508999109268188477e+00
3.531641006469726562e+00
6.229102134704589844e+00
4.899428129196166992e+00
5.537563800811767578e+00
4.186107873916625977e+00
5.302137136459350586e+00
5.181975841522216797e+00
5.905650138854980469e+00
4.455344200134277344e+00
4.080260992050170898e+00
4.248656034469604492e+00
3.521825075149536133e+00
4.603005886077880859e+00
6.950982809066772461e+00
7.100513219833374023e+00
6.793907880783081055e+00
3.945517063140869141e+00
5.504353046417236328e+00
4.616896867752075195e+00
4.970818996429443359e+00
6.215769052505493164e+00
3.174386978149414062e+00
5.987603902816772461e+00
3.498071670532226562e+00
5.114103078842163086e+00
3.433189153671264648e+00
9.809562206268310547e+00
6.564428091049194336e+00
6.639390230178833008e+00
4.758499145507812500e+00
6.991375684738159180e+00
4.096090078353881836e+00
3.891331911087036133e+00
6.067950963973999023e+00
6.687932014465332031e+00
5.128613948822021484e+00
5.398552894592285156e+00
3.586328029632568359e+00
4.317309379577636719e+00
4.981226205825805664e+00
6.042679071426391602e+00
4.529595136642456055e+00
5.564189910888671875e+00
6.069070100784301758e+00
6.487407207489013672e+00
3.965906143188476562e+00
4.613575220108032227e+00
3.790466070175170898e+00
4.953405857086181641e+00
3.907452821731567383e+00
4.291293859481811523e+00
5.601836204528808594e+00
3.432260036468505859e+00
5.563203811645507812e+00
6.934332132339477539e+00
5.435748815536499023e+00
5.093419075012207031e+00
4.635927915573120117e+00
3.821501255035400391e+00
6.345454216003417969e+00
3.770523071289062500e+00
2.912663936614990234e+00
3.915503978729248047e+00
7.059656858444213867e+00
3.877528190612792969e+00
6.034492969512939453e+00
4.315962076187133789e+00
7.044954776763916016e+00
5.977530956268310547e+00
5.447458028793334961e+00
6.067606925964355469e+00
4.728181123733520508e+00
5.166781902313232422e+00
5.138159036636352539e+00
2.856440067291259766e+00
3.252935886383056641e+00
3.912046909332275391e+00
6.942645072937011719e+00
3.839198112487792969e+00
4.209723711013793945e+00
3.422945976257324219e+00
3.780907869338989258e+00
5.758871078491210938e+00
3.736594915390014648e+00
4.394724130630493164e+00
3.832283973693847656e+00
4.574842214584350586e+00
6.623500108718872070e+00
7.673300027847290039e+00
4.729365110397338867e+00
4.892998933792114258e+00
3.010052680969238281e+00
3.857001781463623047e+00
7.607897758483886719e+00
6.282433748245239258e+00
4.472846269607543945e+00
5.070831060409545898e+00
4.316153764724731445e+00
4.181904792785644531e+00
5.085386991500854492e+00
3.841891765594482422e+00
7.641575813293457031e+00
7.382119178771972656e+00
4.934603929519653320e+00
5.565804004669189453e+00
3.243054866790771484e+00
4.916936397552490234e+00
5.937852859497070312e+00
4.687323093414306641e+00
4.532367229461669922e+00
3.855361938476562500e+00
5.069045305252075195e+00
5.270083904266357422e+00
4.802419900894165039e+00
6.239954948425292969e+00
6.249847173690795898e+00
7.525999069213867188e+00
7.793743133544921875e+00
8.886014938354492188e+00
6.415584087371826172e+00
6.736801862716674805e+00
4.225549936294555664e+00
4.102012872695922852e+00
3.768059015274047852e+00
7.593137979507446289e+00
3.749048233032226562e+00
5.735895872116088867e+00
8.939054965972900391e+00
3.133150339126586914e+00
6.110166788101196289e+00
3.570070981979370117e+00
5.566591978073120117e+00
4.479454040527343750e+00
6.851279258728027344e+00
5.837783813476562500e+00
5.661648988723754883e+00
3.731365203857421875e+00
4.598102092742919922e+00
4.495474100112915039e+00
2.661836147308349609e+00
1.028160524368286133e+01
5.210787057876586914e+00
5.546977996826171875e+00
4.002760887145996094e+00
4.739635229110717773e+00
4.708158016204833984e+00
4.868528842926025391e+00
8.277098178863525391e+00
3.010249137878417969e+00
3.606514930725097656e+00
3.992997169494628906e+00
3.435943841934204102e+00
2.950168132781982422e+00
4.169932842254638672e+00
5.705889940261840820e+00
5.662540197372436523e+00
4.798844337463378906e+00
5.270301818847656250e+00
3.890749216079711914e+00
6.149051904678344727e+00
3.708084106445312500e+00
5.283587217330932617e+00
5.828492879867553711e+00
3.005162000656127930e+00
5.580088138580322266e+00
4.276285886764526367e+00
6.129017829895019531e+00
2.731846809387207031e+00
3.613676071166992188e+00
3.379327058792114258e+00
3.160122871398925781e+00
5.100631713867187500e+00
5.822068929672241211e+00
4.846684932708740234e+00
5.356858968734741211e+00
4.052809953689575195e+00
6.869774103164672852e+00
7.258766889572143555e+00
5.821292161941528320e+00
3.151505947113037109e+00
4.089195966720581055e+00
6.366543054580688477e+00
4.133756160736083984e+00
4.270968198776245117e+00
4.450787067413330078e+00
6.504040956497192383e+00
5.334659099578857422e+00
4.312228202819824219e+00
5.057134866714477539e+00
3.842324018478393555e+00
3.877884864807128906e+00
3.567084074020385742e+00
3.845729112625122070e+00
3.638114929199218750e+00
2.926857948303222656e+00
5.271143913269042969e+00
4.439725637435913086e+00
4.804333925247192383e+00
4.232912302017211914e+00
4.580397844314575195e+00
5.164746999740600586e+00
3.958303689956665039e+00
6.443432807922363281e+00
4.517364025115966797e+00
5.972614288330078125e+00
4.329977989196777344e+00
7.986043930053710938e+00
4.449607133865356445e+00
4.369250059127807617e+00
3.333838939666748047e+00
5.813053846359252930e+00
3.384090900421142578e+00
4.574937820434570312e+00
5.849535942077636719e+00
4.485291004180908203e+00
4.817784070968627930e+00
6.908432006835937500e+00
5.848680973052978516e+00
5.048914909362792969e+00
4.256966114044189453e+00
5.453435897827148438e+00
4.421795845031738281e+00
5.037575960159301758e+00
6.124440193176269531e+00
3.392063140869140625e+00
3.590687036514282227e+00
4.050750970840454102e+00
3.293825149536132812e+00
4.168422937393188477e+00
4.823112964630126953e+00
3.814438104629516602e+00
6.148296117782592773e+00
3.863045215606689453e+00
5.848586320877075195e+00
5.520923852920532227e+00
5.773401021957397461e+00
4.229617118835449219e+00
3.372905015945434570e+00
6.970797061920166016e+00
3.736531257629394531e+00
5.025963068008422852e+00
3.356514930725097656e+00
4.084391117095947266e+00
4.479079961776733398e+00
3.286716938018798828e+00
7.200065851211547852e+00
4.951044082641601562e+00
4.272303819656372070e+00
4.377135038375854492e+00
5.504755020141601562e+00
4.665281057357788086e+00
4.195523977279663086e+00
7.484030961990356445e+00
4.751599788665771484e+00
4.213448286056518555e+00
4.385095834732055664e+00
5.308933973312377930e+00
6.320301055908203125e+00
3.609499216079711914e+00
3.909679889678955078e+00
3.857494831085205078e+00
4.463880062103271484e+00
4.004461050033569336e+00
4.011933088302612305e+00
3.259641170501708984e+00
5.259308099746704102e+00
1.588880777359008789e+00
3.377356052398681641e+00
3.434807062149047852e+00
6.327516078948974609e+00
6.016075849533081055e+00
5.001142978668212891e+00
4.437270879745483398e+00
4.548059940338134766e+00
6.118985176086425781e+00
8.252674102783203125e+00
4.317304134368896484e+00
3.617134809494018555e+00
2.898855924606323242e+00
5.233339071273803711e+00
3.384338140487670898e+00
5.204003810882568359e+00
4.891762971878051758e+00
5.036310195922851562e+00
4.063083171844482422e+00
4.796764135360717773e+00
1.065249419212341309e+01
4.767271995544433594e+00
3.240080833435058594e+00
4.731410026550292969e+00
4.978504896163940430e+00
6.705057144165039062e+00
3.850975036621093750e+00
4.361428976058959961e+00
4.261070013046264648e+00
7.177812099456787109e+00
4.329395055770874023e+00
8.409013986587524414e+00
5.127233982086181641e+00
8.045246124267578125e+00
4.390408992767333984e+00
5.439631700515747070e+00
5.615077733993530273e+00
4.505009889602661133e+00
5.143857002258300781e+00
7.507146835327148438e+00
5.584708929061889648e+00
3.474613189697265625e+00
5.208447933197021484e+00
5.754416942596435547e+00
3.360302209854125977e+00
5.415655851364135742e+00
4.373035669326782227e+00
7.824022769927978516e+00
8.820705890655517578e+00
4.353013992309570312e+00
3.556679964065551758e+00
5.568643093109130859e+00
3.657226800918579102e+00
5.062539815902709961e+00
4.604559183120727539e+00
6.227084159851074219e+00
3.721150159835815430e+00
5.679991722106933594e+00
5.560680866241455078e+00
4.513813018798828125e+00
4.861789941787719727e+00
3.913079023361206055e+00
5.759554147720336914e+00
6.828173160552978516e+00
5.805461883544921875e+00
6.242131948471069336e+00
5.952137947082519531e+00
6.193451881408691406e+00
5.009540081024169922e+00
3.977905035018920898e+00
5.097759962081909180e+00
5.403011083602905273e+00
4.684406042098999023e+00
6.409880876541137695e+00
5.901799201965332031e+00
4.677742004394531250e+00
9.548891782760620117e+00
8.669439077377319336e+00
5.402524948120117188e+00
5.883195877075195312e+00
4.265236854553222656e+00
3.889606952667236328e+00
4.616457223892211914e+00
6.612065076828002930e+00
7.644529819488525391e+00
3.679290056228637695e+00
4.020862817764282227e+00
5.007811069488525391e+00
4.149030923843383789e+00
4.142226219177246094e+00
3.907868862152099609e+00
5.527314901351928711e+00
5.713081121444702148e+00
3.301472902297973633e+00
4.482622861862182617e+00
4.893585205078125000e+00
8.396883964538574219e+00
2.662445783615112305e+00
5.920337915420532227e+00
3.948582887649536133e+00
6.709490299224853516e+00
6.749195098876953125e+00
5.139723062515258789e+00
3.275452136993408203e+00
4.083394050598144531e+00
5.336992025375366211e+00
5.615661859512329102e+00
5.244662046432495117e+00
3.946416139602661133e+00
7.309810876846313477e+00
8.044404983520507812e+00
5.935698986053466797e+00
2.952670097351074219e+00
5.476500034332275391e+00
4.127473831176757812e+00
7.217217922210693359e+00
5.787981033325195312e+00
4.762854814529418945e+00
4.241999864578247070e+00
5.925530910491943359e+00
3.432337284088134766e+00
7.355333089828491211e+00
5.089919090270996094e+00
6.164818048477172852e+00
3.262005805969238281e+00
4.700102329254150391e+00
2.965060710906982422e+00
2.905354976654052734e+00
4.455691099166870117e+00
4.043500661849975586e+00
3.307206153869628906e+00
4.853353261947631836e+00
5.319218158721923828e+00
6.703392982482910156e+00
3.767062902450561523e+00
7.683929204940795898e+00
8.860995292663574219e+00
4.498743057250976562e+00
3.822196960449218750e+00
4.036046743392944336e+00
3.892570972442626953e+00
4.932825803756713867e+00
6.512444257736206055e+00
6.249718189239501953e+00
5.643397092819213867e+00
5.477805137634277344e+00
3.918779850006103516e+00
7.474971055984497070e+00
4.628669977188110352e+00
5.393721103668212891e+00
6.632982015609741211e+00
6.643939733505249023e+00
3.388722181320190430e+00
6.590419292449951172e+00
6.892158031463623047e+00
8.960334777832031250e+00
3.345544099807739258e+00
3.400617122650146484e+00
4.468550920486450195e+00
6.020842075347900391e+00
5.307322025299072266e+00
7.496116876602172852e+00
5.100131988525390625e+00
4.890510082244873047e+00
5.478647708892822266e+00
5.013198137283325195e+00
3.680515050888061523e+00
5.075517892837524414e+00
7.542183876037597656e+00
3.840456962585449219e+00
7.659219980239868164e+00
3.690383195877075195e+00
5.986260890960693359e+00
3.374753952026367188e+00
6.821491956710815430e+00
5.675833225250244141e+00
4.735439062118530273e+00
4.042562723159790039e+00
4.807767152786254883e+00
3.918342113494873047e+00
3.999762058258056641e+00
3.678257226943969727e+00
6.612690925598144531e+00
4.945235967636108398e+00
3.478791236877441406e+00
7.136689901351928711e+00
5.047658920288085938e+00
4.274255990982055664e+00
7.146792888641357422e+00
3.829005002975463867e+00
5.517232894897460938e+00
3.624980926513671875e+00
6.123990058898925781e+00
6.457100868225097656e+00
7.287032842636108398e+00
6.506248950958251953e+00
7.404899120330810547e+00
3.753358840942382812e+00
7.654391050338745117e+00
4.740440130233764648e+00
8.692616224288940430e+00
5.209444761276245117e+00
4.836285352706909180e+00
4.591526985168457031e+00
7.322295188903808594e+00
4.640506982803344727e+00
6.444164276123046875e+00
6.304765939712524414e+00
5.033368110656738281e+00
4.023563146591186523e+00
6.065816879272460938e+00
6.177330017089843750e+00
5.774942874908447266e+00
4.055778026580810547e+00
5.630558013916015625e+00
8.806881189346313477e+00
5.362690210342407227e+00
6.212473869323730469e+00
4.720099210739135742e+00
3.611491680145263672e+00
5.898886919021606445e+00
4.898749113082885742e+00
6.627954006195068359e+00
3.070487022399902344e+00
4.488686084747314453e+00
4.885461807250976562e+00
5.686627149581909180e+00
5.797897815704345703e+00
6.426211833953857422e+00
9.290908813476562500e+00
3.438036918640136719e+00
5.764692068099975586e+00
6.319021224975585938e+00
5.641839027404785156e+00
5.431871175765991211e+00
8.515570878982543945e+00
5.113842964172363281e+00
5.240945816040039062e+00
4.886445999145507812e+00
7.521589040756225586e+00
6.111510992050170898e+00
7.070414066314697266e+00
5.295995950698852539e+00
5.956114768981933594e+00
5.648910999298095703e+00
5.067214727401733398e+00
5.576556921005249023e+00
5.028422117233276367e+00
8.538435935974121094e+00
4.817295789718627930e+00
5.569221973419189453e+00
5.315085887908935547e+00
6.789298295974731445e+00
1.019425797462463379e+01
5.154137134552001953e+00
3.339535713195800781e+00
6.857213020324707031e+00
5.397988080978393555e+00
6.855089187622070312e+00
6.753555297851562500e+00
5.077705860137939453e+00
6.591139793395996094e+00
7.249810934066772461e+00
6.573932886123657227e+00
6.705424785614013672e+00
6.885647773742675781e+00
6.391113042831420898e+00
5.332745313644409180e+00
1.290473890304565430e+01
7.931725263595581055e+00
7.074674844741821289e+00
4.536386013031005859e+00
3.253487825393676758e+00
2.809576988220214844e+00
5.260744810104370117e+00
4.865621089935302734e+00
4.486597061157226562e+00
7.227102994918823242e+00
5.540297031402587891e+00
3.496638059616088867e+00
3.567574977874755859e+00
3.735528945922851562e+00
6.013648748397827148e+00
3.560345172882080078e+00
6.753952026367187500e+00
3.696542978286743164e+00
5.502968072891235352e+00
2.385865926742553711e+00
4.776926994323730469e+00
9.649565219879150391e+00
3.078897953033447266e+00
3.176835060119628906e+00
4.917119979858398438e+00
3.262593030929565430e+00
7.800070047378540039e+00
7.705421924591064453e+00
5.064063072204589844e+00
7.326632976531982422e+00
3.314548969268798828e+00
3.551245927810668945e+00
5.843405961990356445e+00
5.509503841400146484e+00
7.569745302200317383e+00
9.407320022583007812e+00
5.496145963668823242e+00
3.332398891448974609e+00
8.384767055511474609e+00
4.537482023239135742e+00
7.756074190139770508e+00
4.369261026382446289e+00
7.474636077880859375e+00
2.952171087265014648e+00
7.627368211746215820e+00
7.215100049972534180e+00
5.479563951492309570e+00
4.563916921615600586e+00
4.736194133758544922e+00
5.256028890609741211e+00
2.693254232406616211e+00
3.788503170013427734e+00
3.541895866394042969e+00
7.459958076477050781e+00
3.625908136367797852e+00
4.305362939834594727e+00
5.777595996856689453e+00
5.366163015365600586e+00
3.114834785461425781e+00
5.247141122817993164e+00
2.656782865524291992e+00
7.268727064132690430e+00
6.237676858901977539e+00
4.526482105255126953e+00
4.383878231048583984e+00
3.912158966064453125e+00
7.166968107223510742e+00
4.395400047302246094e+00
7.842971801757812500e+00
3.701848983764648438e+00
6.978648900985717773e+00
6.004798889160156250e+00
4.484231948852539062e+00
4.287093639373779297e+00
5.658460140228271484e+00
4.536336898803710938e+00
6.747357130050659180e+00
6.815682172775268555e+00
6.012842893600463867e+00
5.478904008865356445e+00
5.575555801391601562e+00
4.902730941772460938e+00
4.949456214904785156e+00
4.504117012023925781e+00
5.563035964965820312e+00
6.285557031631469727e+00
4.974589347839355469e+00
4.858175039291381836e+00
5.423373937606811523e+00
3.741264104843139648e+00
6.556735038757324219e+00
4.940809011459350586e+00
4.273912906646728516e+00
3.562983274459838867e+00
5.976662158966064453e+00
5.273382902145385742e+00
4.897590160369873047e+00
4.779290199279785156e+00
4.851384878158569336e+00
6.547053098678588867e+00
6.049576997756958008e+00
7.257814168930053711e+00
3.848795890808105469e+00
8.284256935119628906e+00
9.677877902984619141e+00
6.463917016983032227e+00
6.723534107208251953e+00
6.705426931381225586e+00
7.335516929626464844e+00
3.662329912185668945e+00
4.021593809127807617e+00
7.314363002777099609e+00
5.848587989807128906e+00
4.048890829086303711e+00
7.148784875869750977e+00
6.037367105484008789e+00
7.085389137268066406e+00
5.592700958251953125e+00
6.871199846267700195e+00
6.448059320449829102e+00
6.858640193939208984e+00
7.711728096008300781e+00
5.581428050994873047e+00
6.349271059036254883e+00
5.896211862564086914e+00
6.571090936660766602e+00
6.076353788375854492e+00
5.362355947494506836e+00
5.977785110473632812e+00
5.332518815994262695e+00
7.758197069168090820e+00
6.962997913360595703e+00
5.220494985580444336e+00
6.462666034698486328e+00
8.832329988479614258e+00
6.556333065032958984e+00
8.546043872833251953e+00
7.730381727218627930e+00
6.315735101699829102e+00
5.015858888626098633e+00
5.689815044403076172e+00
5.206743001937866211e+00
6.153183937072753906e+00
7.027091979980468750e+00
8.751646041870117188e+00
6.903617143630981445e+00
3.586411952972412109e+00
4.127521991729736328e+00
7.190893173217773438e+00
5.362354993820190430e+00
4.383012771606445312e+00
4.455250978469848633e+00
6.839575052261352539e+00
6.352123975753784180e+00
7.987799882888793945e+00
7.584205150604248047e+00
3.766663312911987305e+00
8.235343933105468750e+00
2.912397146224975586e+00
4.545563936233520508e+00
5.982212781906127930e+00
4.524995088577270508e+00
3.966378211975097656e+00
5.315394639968872070e+00
4.170389890670776367e+00
3.760298967361450195e+00
4.108705997467041016e+00
5.204546928405761719e+00
4.720817089080810547e+00
3.628790616989135742e+00
1.094977903366088867e+01
4.542021036148071289e+00
4.905211210250854492e+00
2.256000995635986328e+00
3.395951747894287109e+00
4.740297794342041016e+00
5.415848970413208008e+00
8.028807163238525391e+00
6.338977813720703125e+00
4.194298267364501953e+00
4.081770181655883789e+00
5.215210914611816406e+00
6.069287061691284180e+00
6.227024793624877930e+00
4.519288778305053711e+00
4.302472114562988281e+00
4.521513938903808594e+00
7.199340105056762695e+00
5.506097793579101562e+00
5.752858877182006836e+00
8.825532913208007812e+00
7.205456972122192383e+00
6.803541183471679688e+00
4.832240343093872070e+00
6.161767005920410156e+00
3.685102939605712891e+00
4.230558156967163086e+00
4.152348041534423828e+00
4.123811006546020508e+00
7.804727077484130859e+00
3.701752901077270508e+00
5.852786779403686523e+00
6.874110937118530273e+00
8.847084999084472656e+00
4.865617990493774414e+00
7.848703145980834961e+00
4.994375944137573242e+00
4.879001855850219727e+00
3.222038030624389648e+00
3.997062683105468750e+00
4.166968107223510742e+00
7.582741022109985352e+00
6.395827054977416992e+00
4.913184881210327148e+00
4.814589977264404297e+00
3.179199934005737305e+00
5.793459892272949219e+00
6.911371946334838867e+00
3.601028203964233398e+00
3.936744928359985352e+00
2.905536174774169922e+00
5.319936990737915039e+00
4.095139026641845703e+00
5.324005126953125000e+00
6.855163097381591797e+00
3.587950944900512695e+00
5.091411113739013672e+00
3.373681306838989258e+00
3.610296010971069336e+00
6.513025045394897461e+00
4.925939083099365234e+00
4.611656904220581055e+00
3.293116807937622070e+00
5.298693180084228516e+00
4.295363903045654297e+00
5.312127113342285156e+00
7.558610200881958008e+00
4.307961225509643555e+00
3.902719020843505859e+00
5.476087093353271484e+00
5.362262964248657227e+00
5.360500097274780273e+00
5.342149734497070312e+00
5.926184892654418945e+00
6.683638095855712891e+00
7.303320169448852539e+00
7.311656951904296875e+00
9.351617097854614258e+00
6.331086158752441406e+00
7.928530931472778320e+00
6.373275995254516602e+00
8.205732822418212891e+00
4.580389976501464844e+00
7.126162052154541016e+00
7.179947853088378906e+00
6.980817079544067383e+00
6.915751934051513672e+00
6.905243873596191406e+00
5.534354925155639648e+00
8.802038192749023438e+00
8.120210886001586914e+00
6.762483119964599609e+00
4.176356077194213867e+00
5.456901073455810547e+00
4.695852041244506836e+00
4.368829965591430664e+00
5.526121139526367188e+00
6.303889036178588867e+00
4.090201854705810547e+00
6.511418342590332031e+00
4.330990791320800781e+00
6.206966876983642578e+00
4.517343997955322266e+00
8.755474328994750977e+00
6.335503816604614258e+00
6.262551069259643555e+00
7.039536237716674805e+00
4.437025070190429688e+00
7.186882019042968750e+00
6.431631088256835938e+00
7.501649141311645508e+00
6.825188159942626953e+00
5.717445850372314453e+00
5.498154878616333008e+00
6.889914751052856445e+00
6.504986286163330078e+00
5.995352029800415039e+00
4.126545906066894531e+00
2.869984149932861328e+00
6.986699819564819336e+00
5.586107254028320312e+00
5.890025854110717773e+00
7.067996978759765625e+00
7.460515022277832031e+00
3.670712709426879883e+00
6.214901924133300781e+00
5.294313907623291016e+00
5.214182853698730469e+00
5.132014036178588867e+00
7.452336072921752930e+00
7.449991941452026367e+00
4.648868799209594727e+00
3.110274076461791992e+00
2.397983074188232422e+00
4.765491962432861328e+00
6.844413042068481445e+00
8.061529874801635742e+00
4.488103151321411133e+00
4.613903999328613281e+00
3.674375057220458984e+00
7.111198186874389648e+00
4.385504007339477539e+00
5.548116922378540039e+00
3.400556087493896484e+00
4.820821046829223633e+00
4.025170326232910156e+00
5.886559247970581055e+00
4.465590953826904297e+00
4.072534799575805664e+00
1.007676506042480469e+01
3.886144161224365234e+00
4.532826185226440430e+00
3.253564119338989258e+00
4.442285060882568359e+00
2.945235967636108398e+00
3.149679899215698242e+00
4.684720993041992188e+00
4.382292032241821289e+00
5.172832012176513672e+00
4.279464960098266602e+00
4.669083833694458008e+00
3.733722686767578125e+00
2.803837299346923828e+00
3.106742143630981445e+00
4.426808834075927734e+00
3.584991931915283203e+00
3.872505664825439453e+00
5.005012273788452148e+00
3.642105817794799805e+00
4.708073139190673828e+00
5.992389917373657227e+00
5.687875032424926758e+00
4.805001020431518555e+00
4.521543979644775391e+00
4.363463163375854492e+00
5.103931903839111328e+00
4.273247957229614258e+00
3.891437053680419922e+00
8.650916814804077148e+00
4.252954006195068359e+00
5.258142232894897461e+00
3.593375921249389648e+00
3.768187046051025391e+00
5.103517055511474609e+00
4.715728282928466797e+00
4.185670852661132812e+00
4.908465862274169922e+00
3.860079050064086914e+00
8.719285011291503906e+00
7.145414829254150391e+00
1.019484615325927734e+01
7.937665224075317383e+00
3.220006942749023438e+00
3.815773963928222656e+00
5.321023941040039062e+00
5.529439210891723633e+00
4.299317121505737305e+00
7.973370075225830078e+00
6.558081865310668945e+00
4.426396846771240234e+00
3.498997926712036133e+00
5.113847017288208008e+00
5.118390083312988281e+00
8.408918857574462891e+00
3.553830146789550781e+00
7.850594043731689453e+00
3.951329708099365234e+00
4.524510145187377930e+00
5.055441141128540039e+00
4.550851106643676758e+00
5.144402265548706055e+00
3.875818967819213867e+00
4.159629821777343750e+00
5.044988155364990234e+00
3.878089904785156250e+00
4.621299982070922852e+00
8.228307008743286133e+00
4.731821060180664062e+00
4.908219814300537109e+00
5.284468173980712891e+00
1.170665097236633301e+01
8.086923122406005859e+00
5.394639730453491211e+00
7.499073982238769531e+00
8.332325935363769531e+00
1.216760206222534180e+01
7.278924942016601562e+00
4.822747945785522461e+00
4.330698728561401367e+00
4.645822048187255859e+00
5.446542024612426758e+00
5.196197271347045898e+00
4.394345045089721680e+00
5.167766094207763672e+00
5.018226146697998047e+00
4.808187961578369141e+00
5.887353897094726562e+00
4.231159925460815430e+00
4.648308038711547852e+00
4.692515850067138672e+00
4.680135011672973633e+00
8.442867040634155273e+00
5.358303070068359375e+00
5.061991930007934570e+00
7.434916257858276367e+00
6.402832031250000000e+00
4.917417287826538086e+00
6.269231796264648438e+00
5.958598136901855469e+00
5.894649028778076172e+00
8.809439897537231445e+00
7.672392129898071289e+00
8.203500032424926758e+00
6.485407114028930664e+00
5.445771694183349609e+00
5.521085023880004883e+00
6.332640171051025391e+00
4.934694766998291016e+00
6.153760910034179688e+00
5.051589727401733398e+00
3.561681985855102539e+00
2.666391849517822266e+00
3.211620092391967773e+00
4.016198873519897461e+00
4.479387044906616211e+00
4.841928958892822266e+00
4.615690946578979492e+00
4.294633388519287109e+00
6.026390075683593750e+00
3.129156112670898438e+00
4.587061166763305664e+00
4.933247089385986328e+00
6.688883304595947266e+00
3.954413890838623047e+00
4.766238927841186523e+00
5.964385032653808594e+00
6.307909965515136719e+00
5.040153741836547852e+00
6.302792072296142578e+00
4.682111978530883789e+00
3.988243103027343750e+00
5.661165237426757812e+00
5.786856889724731445e+00
5.033663988113403320e+00
3.966395139694213867e+00
4.610821247100830078e+00
6.281002998352050781e+00
5.244891166687011719e+00
5.017431974411010742e+00
4.155741930007934570e+00
5.841701030731201172e+00
5.053104877471923828e+00
5.565183877944946289e+00
4.517834186553955078e+00
5.262460947036743164e+00
6.373363018035888672e+00
7.049026966094970703e+00
4.085562229156494141e+00
6.292923212051391602e+00
6.524807214736938477e+00
6.300264120101928711e+00
5.353493928909301758e+00
5.409804105758666992e+00
5.329043865203857422e+00
4.343961000442504883e+00
5.464186906814575195e+00
4.736972093582153320e+00
6.736208200454711914e+00
5.496110916137695312e+00
5.178067207336425781e+00
5.166772842407226562e+00
5.521580219268798828e+00
4.948248863220214844e+00
6.273212194442749023e+00
6.648290157318115234e+00
4.738730907440185547e+00
5.343754053115844727e+00
6.341145038604736328e+00
4.661175012588500977e+00
6.070919036865234375e+00
6.250072002410888672e+00
4.491415023803710938e+00
5.510844707489013672e+00
6.927858114242553711e+00
5.428759098052978516e+00
7.159420967102050781e+00
6.681666851043701172e+00
3.570578098297119141e+00
3.383187770843505859e+00
6.962819099426269531e+00
7.581886053085327148e+00
6.726350069046020508e+00
5.518069982528686523e+00
6.321099996566772461e+00
7.687331676483154297e+00
3.320351839065551758e+00
6.788892030715942383e+00
3.235962152481079102e+00
7.393149852752685547e+00
8.517595052719116211e+00
6.374125957489013672e+00
2.897052049636840820e+00
4.856724977493286133e+00
7.026195049285888672e+00
5.217658758163452148e+00
6.278815984725952148e+00
7.754389047622680664e+00
4.807193040847778320e+00
6.075764179229736328e+00
4.437550067901611328e+00
3.452732801437377930e+00
4.003715991973876953e+00
3.396032094955444336e+00
4.381158113479614258e+00
4.914813756942749023e+00
4.133960962295532227e+00
8.051416158676147461e+00
5.882875919342041016e+00
5.259751081466674805e+00
7.654466867446899414e+00
3.769645690917968750e+00
5.449464082717895508e+00
6.456140041351318359e+00
3.247709274291992188e+00
8.409125804901123047e+00
7.857097864151000977e+00
4.510529041290283203e+00
6.442787885665893555e+00
4.278323888778686523e+00
5.647577047348022461e+00
4.448026895523071289e+00
7.601939201354980469e+00
4.077527046203613281e+00
4.057388067245483398e+00
3.928945779800415039e+00
5.204897165298461914e+00
6.436301231384277344e+00
6.254636049270629883e+00
4.090615749359130859e+00
5.934084177017211914e+00
5.093451976776123047e+00
3.162945032119750977e+00
7.882992982864379883e+00
4.771203041076660156e+00
8.042663812637329102e+00
4.556909084320068359e+00
6.826141119003295898e+00
4.842227935791015625e+00
3.584171056747436523e+00
5.162703752517700195e+00
4.114967107772827148e+00
4.754292964935302734e+00
5.497764110565185547e+00
3.510799646377563477e+00
5.352225065231323242e+00
6.588294029235839844e+00
4.283081293106079102e+00
6.045843839645385742e+00
7.861939907073974609e+00
6.406115055084228516e+00
6.754122972488403320e+00
4.412955045700073242e+00
7.640048980712890625e+00
5.762844800949096680e+00
4.082669258117675781e+00
5.855061054229736328e+00
4.886683225631713867e+00
4.833517074584960938e+00
8.396829128265380859e+00
7.636534929275512695e+00
4.105091094970703125e+00
6.400501966476440430e+00
4.949691057205200195e+00
4.573122739791870117e+00
7.130521059036254883e+00
1.171178603172302246e+01
5.281501293182373047e+00
4.930279016494750977e+00
5.477808237075805664e+00
4.960488080978393555e+00
7.543627977371215820e+00
5.386629104614257812e+00
5.499346971511840820e+00
5.870096206665039062e+00
7.725328207015991211e+00
4.543240070343017578e+00
3.669499158859252930e+00
6.265115976333618164e+00
2.914936065673828125e+00
7.402617692947387695e+00
6.162559986114501953e+00
6.181891918182373047e+00
4.708046197891235352e+00
5.924499273300170898e+00
6.693494081497192383e+00
7.367496967315673828e+00
5.050373077392578125e+00
5.476886987686157227e+00
7.949571132659912109e+00
5.615629911422729492e+00
8.628185033798217773e+00
5.139533042907714844e+00
6.891855001449584961e+00
5.290404081344604492e+00
3.016423225402832031e+00
3.500535964965820312e+00
6.481243848800659180e+00
3.708291769027709961e+00
8.510605096817016602e+00
5.239329576492309570e+00
4.173120021820068359e+00
5.480555057525634766e+00
8.063416004180908203e+00
6.554567813873291016e+00
2.867077112197875977e+00
8.468339204788208008e+00
8.815908908843994141e+00
6.840786218643188477e+00
5.076275348663330078e+00
6.147773981094360352e+00
3.549125194549560547e+00
8.346216201782226562e+00
7.495768070220947266e+00
8.926582098007202148e+00
6.680005788803100586e+00
3.453457117080688477e+00
6.456197261810302734e+00
5.217331886291503906e+00
5.190888166427612305e+00
5.835270166397094727e+00
4.156080007553100586e+00
4.988957881927490234e+00
3.453815698623657227e+00
8.675228834152221680e+00
5.669795274734497070e+00
3.176949024200439453e+00
5.602095127105712891e+00
7.553939104080200195e+00
7.206033945083618164e+00
4.114135742187500000e+00
5.196684837341308594e+00
5.412611961364746094e+00
6.217363834381103516e+00
8.738207817077636719e+00
7.959475994110107422e+00
6.180078029632568359e+00
6.184649229049682617e+00
4.563155889511108398e+00
5.366077899932861328e+00
8.127266168594360352e+00
6.559293031692504883e+00
9.038441896438598633e+00
9.345803022384643555e+00
5.471829891204833984e+00
3.773167133331298828e+00
6.659482240676879883e+00
3.759116888046264648e+00
4.433136701583862305e+00
6.476256847381591797e+00
6.107622861862182617e+00
9.114760875701904297e+00
2.983260869979858398e+00
4.060405015945434570e+00
6.230868101119995117e+00
2.699570178985595703e+00
3.769330978393554688e+00
6.796974182128906250e+00
6.307528018951416016e+00
6.093093872070312500e+00
6.511043071746826172e+00
6.439374923706054688e+00
4.956000804901123047e+00
6.062721729278564453e+00
7.525341987609863281e+00
4.456971883773803711e+00
7.399858236312866211e+00
4.397333860397338867e+00
3.970293998718261719e+00
4.427953004837036133e+00
5.282008886337280273e+00
6.611311912536621094e+00
3.101441144943237305e+00
4.251604080200195312e+00
4.979446649551391602e+00
2.787206888198852539e+00
1.084319114685058594e+01
8.206367254257202148e+00
2.693034172058105469e+00
5.492906808853149414e+00
4.587244987487792969e+00
4.431389093399047852e+00
3.944474697113037109e+00
4.737091064453125000e+00
3.273526906967163086e+00
2.732869148254394531e+00
4.062414646148681641e+00
2.077109098434448242e+00
4.079400300979614258e+00
2.620819091796875000e+00
2.955587148666381836e+00
4.222853899002075195e+00
4.757119417190551758e+00
4.535013198852539062e+00
3.220536947250366211e+00
3.306425094604492188e+00
2.947139978408813477e+00
4.241722106933593750e+00
3.157464027404785156e+00
4.254247903823852539e+00
3.733826160430908203e+00
2.673254251480102539e+00
5.400558233261108398e+00
3.392214059829711914e+00
3.479604959487915039e+00
4.618579149246215820e+00
5.008980035781860352e+00
3.464228153228759766e+00
3.983661890029907227e+00
8.220126867294311523e+00
4.498211145401000977e+00
3.518021106719970703e+00
5.063390970230102539e+00
3.146869182586669922e+00
6.984891891479492188e+00
4.594998121261596680e+00
4.857105970382690430e+00
3.813555002212524414e+00
4.355387926101684570e+00
3.835062980651855469e+00
3.681983947753906250e+00
3.922029018402099609e+00
4.147805929183959961e+00
5.359014987945556641e+00
4.316724777221679688e+00
4.668317079544067383e+00
3.854990720748901367e+00
4.800236940383911133e+00
3.981499195098876953e+00
3.659989118576049805e+00
4.744639158248901367e+00
4.536081314086914062e+00
3.581640005111694336e+00
5.118759155273437500e+00
5.532461881637573242e+00
4.938331127166748047e+00
4.102675199508666992e+00
4.577349901199340820e+00
4.414796829223632812e+00
4.287065744400024414e+00
5.063822984695434570e+00
4.913048028945922852e+00
4.834260940551757812e+00
5.414273977279663086e+00
3.798893213272094727e+00
5.497090101242065430e+00
8.855474948883056641e+00
3.462280035018920898e+00
4.174868822097778320e+00
4.125285148620605469e+00
3.175130128860473633e+00
5.294048070907592773e+00
2.637337207794189453e+00
4.189161062240600586e+00
4.718269109725952148e+00
4.561786890029907227e+00
5.130182981491088867e+00
6.305792093276977539e+00
6.896208047866821289e+00
4.441283702850341797e+00
5.000432014465332031e+00
4.280641078948974609e+00
4.627359867095947266e+00
4.559708118438720703e+00
4.717691183090209961e+00
3.977660894393920898e+00
3.517058134078979492e+00
4.547607183456420898e+00
4.699424028396606445e+00
5.038070917129516602e+00
3.691864013671875000e+00
5.519025087356567383e+00
4.977288961410522461e+00
5.485666990280151367e+00
4.825031042098999023e+00
3.631468057632446289e+00
5.968362092971801758e+00
4.379340171813964844e+00
4.631279945373535156e+00
5.206768035888671875e+00
4.413027048110961914e+00
5.290019989013671875e+00
3.679088115692138672e+00
4.539325952529907227e+00
6.395302057266235352e+00
6.558794975280761719e+00
4.035244226455688477e+00
4.684030055999755859e+00
4.962954998016357422e+00
4.340336799621582031e+00
5.105373859405517578e+00
4.307502746582031250e+00
5.412372827529907227e+00
4.558734178543090820e+00
7.561819076538085938e+00
6.502322196960449219e+00
4.898550748825073242e+00
4.100327968597412109e+00
4.304000139236450195e+00
5.098278999328613281e+00
7.099109888076782227e+00
5.053381204605102539e+00
4.773817777633666992e+00
4.316797018051147461e+00
6.017288923263549805e+00
4.872519969940185547e+00
8.186293840408325195e+00
5.826727867126464844e+00
3.326093196868896484e+00
4.645548105239868164e+00
5.066131114959716797e+00
5.193360090255737305e+00
5.228350162506103516e+00
5.091252088546752930e+00
6.417973041534423828e+00
5.538802862167358398e+00
5.695084095001220703e+00
1.025444102287292480e+01
4.888347148895263672e+00
7.729983806610107422e+00
5.192164182662963867e+00
5.468055248260498047e+00
6.815223932266235352e+00
2.958118915557861328e+00
6.778709888458251953e+00
7.785367012023925781e+00
4.141298055648803711e+00
6.596904993057250977e+00
3.193393945693969727e+00
7.030050992965698242e+00
3.794897079467773438e+00
5.018045902252197266e+00
6.150619983673095703e+00
4.567239761352539062e+00
5.685659885406494141e+00
1.942388296127319336e+00
7.923397779464721680e+00
4.804790019989013672e+00
4.574874877929687500e+00
5.178331851959228516e+00
4.021952867507934570e+00
5.078763008117675781e+00
5.851594924926757812e+00
5.702989101409912109e+00
6.219521999359130859e+00
3.998480796813964844e+00
5.666435003280639648e+00
5.199438095092773438e+00
2.109985828399658203e+00
5.894728899002075195e+00
2.954544782638549805e+00
5.140277147293090820e+00
7.227319717407226562e+00
5.903215885162353516e+00
4.681436777114868164e+00
4.539872169494628906e+00
4.514671087265014648e+00
5.710205793380737305e+00
6.422049999237060547e+00
6.130165815353393555e+00
5.269948959350585938e+00
4.511780977249145508e+00
7.576643943786621094e+00
2.697478055953979492e+00
3.509207010269165039e+00
7.457145214080810547e+00
4.108299016952514648e+00
6.675952196121215820e+00
5.356050252914428711e+00
3.585820913314819336e+00
4.793681144714355469e+00
6.160658121109008789e+00
5.181657075881958008e+00
5.549638032913208008e+00
6.129022359848022461e+00
6.449218034744262695e+00
5.614114999771118164e+00
5.608799934387207031e+00
3.368248939514160156e+00
5.788660049438476562e+00
4.783576965332031250e+00
7.140932798385620117e+00
8.294145822525024414e+00
5.353555917739868164e+00
5.848467826843261719e+00
5.452216863632202148e+00
5.870453119277954102e+00
3.327624082565307617e+00
3.735376119613647461e+00
6.489630222320556641e+00
6.374386787414550781e+00
6.209342956542968750e+00
5.066255092620849609e+00
6.088329792022705078e+00
3.865904092788696289e+00
6.367417097091674805e+00
7.417459011077880859e+00
4.703267812728881836e+00
4.420305967330932617e+00
6.523669719696044922e+00
4.834714889526367188e+00
5.911134958267211914e+00
5.686535120010375977e+00
5.859424829483032227e+00
6.084606885910034180e+00
9.152781009674072266e+00
6.392227172851562500e+00
4.381947278976440430e+00
3.646545886993408203e+00
5.223659038543701172e+00
9.179731130599975586e+00
6.772320985794067383e+00
6.293718099594116211e+00
2.709918975830078125e+00
4.506746768951416016e+00
6.414917945861816406e+00
5.126471996307373047e+00
5.905293226242065430e+00
5.263972043991088867e+00
7.349027156829833984e+00
8.881470203399658203e+00
4.357096910476684570e+00
2.728750705718994141e+00
6.567886114120483398e+00
7.068469047546386719e+00
4.145347118377685547e+00
5.364409685134887695e+00
5.774692773818969727e+00
7.108672618865966797e+00
4.380281209945678711e+00
3.698162317276000977e+00
5.309453964233398438e+00
5.382948160171508789e+00
4.703665018081665039e+00
4.588339328765869141e+00
5.736887931823730469e+00
7.175477027893066406e+00
5.754393100738525391e+00
4.378433942794799805e+00
5.794801950454711914e+00
3.842560052871704102e+00
6.623142719268798828e+00
4.208857059478759766e+00
4.187622785568237305e+00
7.322360992431640625e+00
6.558612108230590820e+00
4.136644840240478516e+00
5.364788055419921875e+00
7.119029045104980469e+00
5.587916135787963867e+00
7.704102993011474609e+00
3.437003135681152344e+00
2.576220989227294922e+00
6.228682041168212891e+00
5.177691221237182617e+00
9.602084875106811523e+00
7.647041082382202148e+00
3.651291131973266602e+00
4.250718116760253906e+00
3.592411041259765625e+00
5.011372089385986328e+00
2.373282194137573242e+00
6.736523866653442383e+00
4.212228775024414062e+00
4.400473117828369141e+00
6.955528974533081055e+00
5.553119897842407227e+00
4.321568012237548828e+00
5.625968217849731445e+00
4.843997240066528320e+00
7.858762025833129883e+00
7.973158836364746094e+00
4.991476058959960938e+00
6.534979820251464844e+00
3.590856790542602539e+00
5.531273841857910156e+00
3.227775096893310547e+00
7.965725183486938477e+00
5.832487344741821289e+00
6.123332738876342773e+00
7.788691997528076172e+00
3.558507919311523438e+00
3.861188888549804688e+00
4.147144079208374023e+00
6.811378002166748047e+00
5.053220987319946289e+00
4.022360801696777344e+00
6.913897037506103516e+00
4.624537706375122070e+00
5.334098815917968750e+00
7.040527820587158203e+00
3.479012966156005859e+00
4.946232080459594727e+00
4.050524950027465820e+00
6.253898859024047852e+00
4.244229793548583984e+00
3.243452787399291992e+00
4.424125909805297852e+00
3.238986968994140625e+00
4.762612104415893555e+00
6.050940036773681641e+00
5.477303981781005859e+00
4.812362194061279297e+00
5.501294136047363281e+00
4.567236185073852539e+00
6.642261028289794922e+00
7.327714204788208008e+00
2.346690893173217773e+00
6.457916736602783203e+00
9.575437784194946289e+00
6.844449043273925781e+00
6.022125005722045898e+00
3.928424119949340820e+00
6.088622808456420898e+00
7.106981992721557617e+00
5.697512149810791016e+00
7.251789093017578125e+00
3.994603157043457031e+00
4.940007925033569336e+00
2.954615831375122070e+00
6.059162855148315430e+00
4.943658828735351562e+00
4.526672840118408203e+00
3.858901023864746094e+00
6.425099134445190430e+00
6.524868726730346680e+00
4.646250963211059570e+00
7.489055156707763672e+00
2.856069087982177734e+00
5.483721256256103516e+00
4.308820009231567383e+00
5.955588817596435547e+00
3.118748188018798828e+00
4.845004796981811523e+00
7.157473087310791016e+00
4.969714879989624023e+00
5.985910177230834961e+00
4.620478153228759766e+00
2.790667057037353516e+00
5.207280874252319336e+00
3.294652938842773438e+00
6.613214969635009766e+00
4.168242931365966797e+00
3.258843183517456055e+00
4.347465991973876953e+00
4.175927162170410156e+00
5.577679872512817383e+00
7.185509920120239258e+00
8.279016971588134766e+00
4.503695964813232422e+00
3.380394220352172852e+00
3.125766992568969727e+00
4.741165876388549805e+00
5.155140161514282227e+00
4.415195941925048828e+00
6.488909959793090820e+00
4.808889627456665039e+00
5.127288103103637695e+00
4.532865047454833984e+00
5.435844898223876953e+00
1.089357089996337891e+01
3.586773872375488281e+00
6.957862854003906250e+00
4.060417890548706055e+00
5.422554731369018555e+00
3.617475032806396484e+00
5.741727113723754883e+00
5.488291025161743164e+00
5.323353767395019531e+00
6.465895891189575195e+00
5.466341972351074219e+00
6.024135828018188477e+00
5.755018949508666992e+00
4.489048004150390625e+00
6.597316026687622070e+00
6.115795850753784180e+00
6.607933282852172852e+00
8.062958717346191406e+00
7.112715959548950195e+00
5.159819126129150391e+00
6.617405176162719727e+00
4.060492992401123047e+00
4.389518022537231445e+00
5.586561203002929688e+00
5.598254919052124023e+00
4.952314853668212891e+00
4.746894121170043945e+00
4.727510929107666016e+00
5.674949884414672852e+00
5.736881971359252930e+00
5.966076850891113281e+00
8.406934976577758789e+00
6.747464895248413086e+00
4.563694000244140625e+00
5.798902034759521484e+00
6.847338199615478516e+00
7.626509189605712891e+00
5.758294105529785156e+00
8.374526977539062500e+00
5.475001096725463867e+00
5.130888223648071289e+00
3.933112144470214844e+00
5.605435848236083984e+00
7.971498012542724609e+00
5.450443983078002930e+00
7.657562017440795898e+00
4.794171333312988281e+00
7.278628110885620117e+00
6.061666727066040039e+00
3.666685819625854492e+00
5.132352113723754883e+00
5.825215101242065430e+00
6.276124238967895508e+00
5.735124826431274414e+00
5.284934997558593750e+00
4.894123077392578125e+00
7.271056175231933594e+00
6.266674280166625977e+00
6.812273025512695312e+00
6.346326828002929688e+00
5.763841152191162109e+00
4.761695146560668945e+00
3.661840200424194336e+00
6.236668109893798828e+00
4.836963891983032227e+00
3.727938175201416016e+00
8.147838830947875977e+00
7.632140874862670898e+00
5.711864948272705078e+00
3.726283073425292969e+00
4.786588907241821289e+00
3.608182668685913086e+00
4.128245115280151367e+00
4.969442844390869141e+00
3.869516849517822266e+00
4.154471874237060547e+00
5.297179222106933594e+00
5.015361785888671875e+00
4.398581981658935547e+00
7.925967693328857422e+00
4.737344980239868164e+00
6.474312067031860352e+00
8.413608074188232422e+00
3.832099199295043945e+00
4.584809064865112305e+00
9.462088108062744141e+00
3.443638086318969727e+00
4.552988052368164062e+00
6.864877700805664062e+00
7.192857742309570312e+00
6.404846191406250000e+00
3.808745861053466797e+00
6.535084962844848633e+00
9.032410860061645508e+00
7.124714136123657227e+00
5.276017904281616211e+00
5.155889987945556641e+00
6.044013023376464844e+00
6.166969060897827148e+00
8.885478973388671875e+00
7.489493131637573242e+00
5.395260810852050781e+00
4.851215124130249023e+00
4.615225076675415039e+00
7.808379173278808594e+00
7.223364830017089844e+00
5.913402795791625977e+00
7.440369844436645508e+00
9.119916915893554688e+00
6.613291978836059570e+00
7.649969100952148438e+00
5.333243131637573242e+00
5.545156002044677734e+00
6.555400848388671875e+00
7.773663997650146484e+00
5.323997974395751953e+00
7.265218973159790039e+00
5.650874137878417969e+00
6.245251178741455078e+00
5.436787366867065430e+00
9.192786931991577148e+00
5.490691184997558594e+00
5.315912961959838867e+00
5.356334209442138672e+00
7.442044734954833984e+00
4.354770898818969727e+00
5.541378974914550781e+00
7.634031772613525391e+00
5.235733032226562500e+00
8.255124807357788086e+00
5.964844942092895508e+00
4.325185060501098633e+00
5.176600217819213867e+00
7.745015144348144531e+00
1.029696178436279297e+01
5.604910135269165039e+00
9.996948003768920898e+00
5.864571809768676758e+00
6.907922983169555664e+00
6.058914899826049805e+00
5.331783771514892578e+00
7.219747066497802734e+00
6.605250120162963867e+00
6.240238904953002930e+00
8.021940231323242188e+00
4.539724111557006836e+00
4.352108001708984375e+00
8.156482696533203125e+00
7.931719064712524414e+00
8.029561042785644531e+00
6.640867948532104492e+00
5.797162055969238281e+00
6.326178073883056641e+00
3.323958873748779297e+00
4.819018840789794922e+00
5.582335948944091797e+00
4.199368000030517578e+00
6.077107906341552734e+00
3.630171060562133789e+00
3.302459239959716797e+00
4.920229911804199219e+00
1.103270101547241211e+01
4.079707860946655273e+00
3.554605960845947266e+00
5.635401964187622070e+00
5.918009996414184570e+00
3.340237855911254883e+00
2.781035900115966797e+00
4.635128736495971680e+00
3.125936031341552734e+00
3.514631032943725586e+00
6.483675241470336914e+00
3.001104831695556641e+00
3.587001085281372070e+00
3.477422952651977539e+00
7.012293100357055664e+00
1.043058395385742188e+01
3.976662158966064453e+00
6.750147104263305664e+00
2.902941942214965820e+00
5.772261142730712891e+00
3.471391916275024414e+00
6.467264890670776367e+00
9.551729917526245117e+00
3.559801101684570312e+00
3.766962051391601562e+00
6.058778047561645508e+00
6.541521787643432617e+00
7.079272985458374023e+00
6.673825979232788086e+00
3.885686159133911133e+00
9.108765125274658203e+00
4.058610916137695312e+00
3.940811872482299805e+00
2.973283767700195312e+00
3.991303205490112305e+00
8.069127082824707031e+00
3.110678911209106445e+00
5.697821855545043945e+00
4.204686880111694336e+00
9.087986946105957031e+00
3.556287050247192383e+00
3.733374118804931641e+00
8.195417881011962891e+00
2.803469181060791016e+00
4.033670186996459961e+00
5.159571886062622070e+00
4.191765069961547852e+00
8.272515058517456055e+00
3.732663154602050781e+00
4.036984920501708984e+00
6.937487840652465820e+00
4.205109119415283203e+00
6.997364997863769531e+00
5.402068853378295898e+00
5.304753780364990234e+00
8.764252901077270508e+00
3.802688121795654297e+00
8.937455892562866211e+00
4.336287021636962891e+00
1.035337877273559570e+01
4.705481052398681641e+00
3.654313087463378906e+00
3.945226907730102539e+00
3.111361980438232422e+00
3.983087778091430664e+00
4.201991081237792969e+00
4.047199964523315430e+00
2.591984272003173828e+00
3.648724079132080078e+00
4.028991937637329102e+00
2.602462291717529297e+00
8.210363864898681641e+00
3.201390266418457031e+00
2.585608005523681641e+00
3.360913991928100586e+00
3.846908807754516602e+00
2.761041164398193359e+00
4.672136068344116211e+00
4.482961893081665039e+00
4.143397808074951172e+00
3.937395095825195312e+00
4.223317146301269531e+00
3.329934835433959961e+00
8.755671024322509766e+00
3.584589719772338867e+00
3.985286235809326172e+00
4.222260951995849609e+00
5.053449869155883789e+00
4.348556041717529297e+00
4.033569097518920898e+00
4.902026891708374023e+00
4.468052148818969727e+00
4.485473871231079102e+00
4.353174924850463867e+00
4.881485223770141602e+00
3.679641962051391602e+00
5.220399141311645508e+00
3.908126115798950195e+00
4.732750892639160156e+00
3.816578865051269531e+00
4.596187114715576172e+00
3.406646013259887695e+00
3.820819139480590820e+00
5.576986789703369141e+00
4.818336963653564453e+00
4.705637693405151367e+00
3.999637842178344727e+00
4.553139925003051758e+00
4.995518922805786133e+00
4.660271167755126953e+00
3.771432876586914062e+00
4.199939012527465820e+00
4.227400302886962891e+00
4.541345119476318359e+00
4.726917266845703125e+00
4.085917949676513672e+00
4.863734006881713867e+00
4.724176168441772461e+00
5.608536005020141602e+00
5.089153051376342773e+00
5.460151910781860352e+00
3.871543884277343750e+00
3.975065946578979492e+00
4.744273900985717773e+00
7.964685678482055664e+00
8.487544775009155273e+00
3.793245315551757812e+00
3.726181983947753906e+00
4.609278917312622070e+00
5.215140819549560547e+00
4.409840106964111328e+00
3.146593093872070312e+00
6.401112079620361328e+00
3.647418975830078125e+00
3.120697259902954102e+00
3.121068000793457031e+00
5.673271179199218750e+00
5.007561922073364258e+00
4.361866950988769531e+00
5.440877914428710938e+00
5.318120002746582031e+00
5.335985898971557617e+00
5.063785791397094727e+00
3.638735294342041016e+00
3.899147987365722656e+00
3.091068983078002930e+00
3.999637126922607422e+00
8.286897182464599609e+00
5.304898023605346680e+00
4.045361042022705078e+00
3.415601730346679688e+00
4.744951963424682617e+00
3.528619050979614258e+00
6.402962923049926758e+00
4.035448074340820312e+00
4.252894878387451172e+00
4.114261150360107422e+00
3.693119049072265625e+00
4.158310890197753906e+00
4.205374956130981445e+00
5.098321914672851562e+00
4.344137907028198242e+00
5.409440994262695312e+00
4.540951013565063477e+00
3.184795141220092773e+00
5.294507026672363281e+00
4.661622047424316406e+00
6.090240001678466797e+00
4.092783212661743164e+00
4.585865974426269531e+00
4.464178085327148438e+00
3.813734054565429688e+00
3.960240840911865234e+00
5.134665966033935547e+00
4.293945074081420898e+00
4.547681808471679688e+00
4.112208127975463867e+00
3.311465978622436523e+00
6.378384828567504883e+00
5.448566675186157227e+00
6.698194980621337891e+00
4.445180892944335938e+00
3.638921260833740234e+00
5.013034820556640625e+00
4.940176248550415039e+00
3.754146099090576172e+00
6.187836885452270508e+00
5.273070812225341797e+00
4.567806005477905273e+00
2.874981164932250977e+00
4.580906152725219727e+00
4.824773788452148438e+00
5.865232944488525391e+00
3.354312896728515625e+00
5.659752130508422852e+00
4.427543163299560547e+00
4.268989324569702148e+00
4.790123939514160156e+00
4.645596981048583984e+00
4.997829914093017578e+00
3.371940851211547852e+00
3.931740760803222656e+00
4.001440048217773438e+00
3.308876991271972656e+00
3.869305849075317383e+00
6.102677106857299805e+00
5.413746833801269531e+00
4.486720085144042969e+00
5.573843955993652344e+00
3.671494960784912109e+00
6.528202056884765625e+00
7.212381839752197266e+00
3.567152976989746094e+00
5.505913019180297852e+00
4.815909862518310547e+00
4.440337896347045898e+00
7.620601177215576172e+00
4.800508975982666016e+00
4.573610067367553711e+00
5.553761005401611328e+00
4.454361677169799805e+00
3.987014055252075195e+00
4.544675111770629883e+00
6.034851074218750000e+00
4.492913722991943359e+00
5.723557233810424805e+00
5.378123998641967773e+00
3.202904939651489258e+00
5.278718948364257812e+00
8.198589801788330078e+00
4.118258953094482422e+00
4.243971109390258789e+00
4.469624042510986328e+00
4.088116884231567383e+00
3.635048151016235352e+00
4.880224943161010742e+00
4.494565248489379883e+00
3.938365936279296875e+00
5.890724182128906250e+00
4.514931917190551758e+00
5.461453676223754883e+00
4.939151048660278320e+00
5.696981906890869141e+00
3.542499780654907227e+00
5.761262178421020508e+00
4.819406032562255859e+00
8.234545707702636719e+00
5.139687776565551758e+00
5.637783050537109375e+00
4.219249248504638672e+00
6.021489143371582031e+00
5.858389139175415039e+00
5.620914220809936523e+00
4.665274143218994141e+00
4.175463914871215820e+00
4.920959949493408203e+00
6.497040987014770508e+00
5.200509786605834961e+00
7.102836847305297852e+00
3.894096136093139648e+00
6.296843051910400391e+00
4.414588928222656250e+00
4.318795204162597656e+00
3.454222917556762695e+00
4.600361824035644531e+00
4.832744836807250977e+00
4.351892948150634766e+00
2.556366920471191406e+00
5.090942859649658203e+00
6.602331161499023438e+00
3.919549942016601562e+00
4.962527990341186523e+00
5.297372817993164062e+00
6.131540060043334961e+00
6.651535987854003906e+00
4.022354841232299805e+00
5.395662069320678711e+00
4.542658090591430664e+00
6.876491069793701172e+00
4.902905702590942383e+00
5.345101118087768555e+00
5.399055719375610352e+00
3.966226816177368164e+00
6.349026918411254883e+00
4.524207115173339844e+00
3.600970983505249023e+00
4.858044147491455078e+00
6.380859136581420898e+00
4.173479318618774414e+00
5.849902153015136719e+00
5.298730850219726562e+00
4.302913665771484375e+00
5.496025800704956055e+00
6.877974987030029297e+00
3.574917078018188477e+00
4.695619821548461914e+00
2.206650733947753906e+00
4.675212860107421875e+00
4.309301853179931641e+00
6.992902994155883789e+00
4.368452072143554688e+00
6.233731985092163086e+00
4.778568983078002930e+00
6.220648288726806641e+00
4.304362058639526367e+00
6.281292200088500977e+00
7.872030019760131836e+00
4.391708850860595703e+00
6.507629156112670898e+00
4.288176059722900391e+00
4.851289272308349609e+00
6.747753143310546875e+00
3.701488971710205078e+00
4.396693944931030273e+00
7.002096891403198242e+00
4.726825952529907227e+00
4.903969049453735352e+00
4.175825119018554688e+00
7.036319971084594727e+00
6.167834043502807617e+00
4.506458282470703125e+00
4.785545110702514648e+00
4.735791921615600586e+00
3.742426156997680664e+00
4.674613714218139648e+00
5.016758918762207031e+00
4.148797988891601562e+00
4.985470056533813477e+00
4.447826147079467773e+00
6.058367967605590820e+00
7.588854074478149414e+00
7.302594184875488281e+00
5.233281135559082031e+00
3.355216026306152344e+00
5.417731046676635742e+00
5.036525011062622070e+00
7.138918876647949219e+00
4.996483802795410156e+00
4.369133949279785156e+00
8.659177064895629883e+00
5.869698762893676758e+00
6.006356954574584961e+00
3.625914335250854492e+00
6.378463983535766602e+00
7.713893890380859375e+00
5.115131139755249023e+00
5.059956073760986328e+00
7.828222036361694336e+00
6.875397920608520508e+00
3.730104923248291016e+00
5.150364875793457031e+00
6.728356122970581055e+00
2.737641811370849609e+00
5.214390039443969727e+00
5.169392824172973633e+00
5.205865859985351562e+00
6.573282718658447266e+00
5.839593172073364258e+00
6.926609039306640625e+00
3.470026016235351562e+00
6.102844238281250000e+00
4.780179977416992188e+00
3.490535736083984375e+00
7.129966020584106445e+00
3.793648242950439453e+00
3.617949247360229492e+00
6.806122064590454102e+00
6.332368135452270508e+00
5.061559677124023438e+00
6.011309862136840820e+00
4.143107175827026367e+00
3.766925811767578125e+00
6.943494081497192383e+00
3.076237201690673828e+00
4.164556741714477539e+00
6.183290719985961914e+00
3.015964269638061523e+00
4.249190807342529297e+00
3.393968343734741211e+00
4.942640066146850586e+00
9.015017986297607422e+00
7.261129856109619141e+00
7.075700998306274414e+00
9.737993240356445312e+00
4.698706865310668945e+00
3.969311952590942383e+00
7.509949922561645508e+00
6.356124877929687500e+00
4.637305021286010742e+00
5.224377155303955078e+00
7.589931011199951172e+00
4.149632930755615234e+00
8.046894073486328125e+00
5.104898691177368164e+00
4.780406951904296875e+00
4.986264228820800781e+00
4.894979238510131836e+00
5.811767101287841797e+00
3.176795005798339844e+00
3.082231044769287109e+00
5.022812128067016602e+00
5.330809831619262695e+00
6.058064222335815430e+00
5.359977960586547852e+00
8.501348972320556641e+00
3.672247171401977539e+00
9.213355779647827148e+00
6.113464117050170898e+00
4.187390089035034180e+00
6.588569164276123047e+00
5.084114789962768555e+00
6.571879148483276367e+00
5.327834129333496094e+00
2.934821128845214844e+00
4.354268074035644531e+00
6.391971826553344727e+00
3.046381950378417969e+00
5.270412683486938477e+00
3.430958271026611328e+00
6.733649969100952148e+00
4.008311033248901367e+00
5.518990993499755859e+00
5.477463960647583008e+00
3.170897960662841797e+00
8.220370054244995117e+00
5.112753868103027344e+00
4.561270713806152344e+00
3.833831071853637695e+00
9.480079174041748047e+00
7.941679716110229492e+00
3.950460910797119141e+00
3.295787096023559570e+00
3.485915899276733398e+00
8.265587091445922852e+00
4.145146131515502930e+00
7.561651945114135742e+00
3.444009304046630859e+00
7.536896944046020508e+00
4.903824090957641602e+00
3.882611036300659180e+00
3.368125200271606445e+00
6.905699253082275391e+00
6.243228197097778320e+00
1.061014866828918457e+01
3.755880117416381836e+00
6.778326988220214844e+00
6.863847017288208008e+00
6.500378847122192383e+00
3.833733081817626953e+00
3.827107191085815430e+00
5.684072017669677734e+00
4.296406030654907227e+00
4.135217905044555664e+00
3.640479803085327148e+00
5.796828985214233398e+00
3.781225204467773438e+00
6.992460727691650391e+00
4.604783296585083008e+00
4.281280994415283203e+00
4.215037107467651367e+00
7.902146100997924805e+00
8.375093936920166016e+00
7.895317077636718750e+00
4.093708038330078125e+00
4.138963937759399414e+00
9.846899986267089844e+00
5.701189756393432617e+00
4.562747240066528320e+00
4.379779815673828125e+00
4.012355804443359375e+00
7.845711946487426758e+00
5.913036108016967773e+00
5.881352901458740234e+00
5.094905138015747070e+00
7.317872762680053711e+00
5.418663263320922852e+00
3.731928110122680664e+00
7.845467805862426758e+00
5.004315137863159180e+00
7.577415943145751953e+00
6.053063869476318359e+00
7.398084878921508789e+00
4.409759998321533203e+00
3.340380907058715820e+00
5.513059854507446289e+00
4.113336086273193359e+00
3.500067234039306641e+00
4.434247016906738281e+00
3.577728033065795898e+00
3.841275930404663086e+00
5.554855823516845703e+00
4.196805953979492188e+00
4.031515121459960938e+00
3.200556039810180664e+00
4.477233886718750000e+00
3.471621036529541016e+00
2.858118057250976562e+00
4.374931812286376953e+00
6.775450944900512695e+00
3.520648956298828125e+00
2.429824829101562500e+00
1.046704506874084473e+01
5.880411148071289062e+00
7.868414878845214844e+00
4.803867101669311523e+00
7.144296884536743164e+00
4.022911071777343750e+00
8.364866971969604492e+00
3.010019063949584961e+00
4.047112941741943359e+00
5.983653068542480469e+00
8.769995212554931641e+00
5.756379842758178711e+00
9.298293113708496094e+00
3.715743064880371094e+00
5.436732769012451172e+00
5.527354001998901367e+00
8.733093738555908203e+00
8.934692144393920898e+00
5.905253171920776367e+00
4.014315843582153320e+00
6.637516736984252930e+00
9.318940877914428711e+00
3.724797964096069336e+00
4.528972864151000977e+00
2.382656812667846680e+00
2.945346117019653320e+00
3.050031185150146484e+00
3.637703180313110352e+00
3.731276988983154297e+00
4.398499965667724609e+00
3.423388004302978516e+00
3.360584974288940430e+00
3.875655889511108398e+00
3.585447788238525391e+00
3.727067947387695312e+00
3.086497068405151367e+00
5.756085157394409180e+00
4.173626899719238281e+00
3.811517953872680664e+00
4.463948011398315430e+00
4.286356925964355469e+00
8.856862306594848633e+00
3.245884895324707031e+00
3.766987085342407227e+00
6.458152294158935547e+00
3.786341190338134766e+00
3.730002164840698242e+00
9.145640134811401367e+00
9.246773004531860352e+00
4.171730041503906250e+00
4.377564191818237305e+00
4.089337825775146484e+00
4.696300029754638672e+00
3.529856920242309570e+00
3.713956832885742188e+00
4.637063980102539062e+00
2.901908397674560547e+00
3.375605106353759766e+00
7.221619129180908203e+00
1.016712808609008789e+01
3.815304994583129883e+00
4.187450170516967773e+00
3.850234985351562500e+00
4.723438024520874023e+00
4.714092016220092773e+00
3.830640792846679688e+00
4.215648174285888672e+00
7.577872037887573242e+00
4.365451097488403320e+00
4.542597770690917969e+00
4.470132112503051758e+00
3.433730125427246094e+00
4.201529979705810547e+00
3.936246871948242188e+00
3.964913129806518555e+00
3.985189676284790039e+00
3.492689847946166992e+00
3.589582681655883789e+00
9.663889169692993164e+00
4.457728624343872070e+00
7.834615945816040039e+00
5.086820125579833984e+00
7.133675098419189453e+00
8.321383953094482422e+00
6.117038249969482422e+00
6.600296020507812500e+00
7.864762067794799805e+00
2.852079153060913086e+00
4.735685110092163086e+00
7.309980154037475586e+00
4.597196102142333984e+00
4.138352155685424805e+00
6.674933910369873047e+00
7.372887849807739258e+00
6.497651815414428711e+00
5.187773227691650391e+00
3.740161657333374023e+00
3.780061960220336914e+00
9.101282119750976562e+00
6.789988040924072266e+00
4.825861215591430664e+00
6.686516046524047852e+00
4.134495019912719727e+00
7.033365964889526367e+00
7.112587928771972656e+00
9.317894220352172852e+00
3.987003326416015625e+00
5.277546882629394531e+00
5.802278995513916016e+00
4.248259067535400391e+00
5.085443019866943359e+00
7.532849788665771484e+00
4.782650947570800781e+00
7.787593126296997070e+00
7.986510992050170898e+00
5.776164293289184570e+00
4.539778232574462891e+00
6.056379079818725586e+00
3.965155839920043945e+00
8.243947029113769531e+00
6.892513036727905273e+00
8.851223945617675781e+00
7.458930015563964844e+00
8.939274787902832031e+00
7.990492820739746094e+00
6.501086950302124023e+00
7.812434911727905273e+00
1.083621692657470703e+01
6.227177858352661133e+00
7.396172046661376953e+00
7.951835870742797852e+00
7.790917158126831055e+00
6.756357192993164062e+00
6.150416851043701172e+00
7.418252229690551758e+00
8.172284841537475586e+00
5.852295875549316406e+00
5.384026050567626953e+00
7.927837848663330078e+00
6.445773124694824219e+00
4.745397806167602539e+00
9.342024087905883789e+00
8.867093086242675781e+00
8.270176649093627930e+00
6.287686824798583984e+00
7.729187250137329102e+00
9.443469047546386719e+00
5.254760980606079102e+00
7.762356042861938477e+00
4.051100969314575195e+00
8.885874986648559570e+00
9.629552125930786133e+00
5.345924139022827148e+00
6.456241846084594727e+00
6.308943033218383789e+00
9.552320957183837891e+00
1.188439416885375977e+01
4.746161222457885742e+00
5.288174867630004883e+00
8.345349073410034180e+00
4.670255899429321289e+00
5.174613952636718750e+00
7.543596982955932617e+00
1.121083593368530273e+01
8.460618972778320312e+00
5.971756935119628906e+00
5.214012861251831055e+00
8.399094104766845703e+00
4.925719976425170898e+00
7.853323936462402344e+00
6.601526021957397461e+00
6.620025873184204102e+00
9.182327032089233398e+00
7.528815746307373047e+00
9.797955751419067383e+00
9.839174985885620117e+00
8.345085859298706055e+00
7.520884990692138672e+00
1.029750013351440430e+01
8.566799163818359375e+00
4.518923044204711914e+00
8.233610868453979492e+00
9.284179210662841797e+00
5.355859994888305664e+00
8.964888095855712891e+00
9.248861074447631836e+00
8.820232868194580078e+00
5.758467197418212891e+00
4.329129934310913086e+00
1.053642797470092773e+01
2.809010267257690430e+00
8.728201866149902344e+00
5.532234907150268555e+00
4.823449850082397461e+00
2.839205980300903320e+00
3.280037164688110352e+00
2.786235809326171875e+00
2.663338899612426758e+00
8.034198760986328125e+00
5.074695825576782227e+00
1.110348105430603027e+01
3.846400022506713867e+00
8.253072738647460938e+00
5.077738046646118164e+00
2.602178096771240234e+00
8.254755258560180664e+00
8.510380029678344727e+00
7.498483896255493164e+00
1.054914999008178711e+01
9.654870033264160156e+00
4.995898962020874023e+00
4.448539733886718750e+00
1.093175888061523438e+01
2.653125286102294922e+00
2.469208240509033203e+00
1.152569007873535156e+01
4.999162673950195312e+00
4.479598760604858398e+00
4.511478662490844727e+00
3.125718116760253906e+00
5.466348171234130859e+00
6.113655090332031250e+00
5.756154060363769531e+00
7.237524986267089844e+00
5.790995121002197266e+00
2.768394947052001953e+00
3.469359874725341797e+00
5.226917982101440430e+00
3.948949098587036133e+00
1.057671380043029785e+01
8.889164924621582031e+00
5.746381998062133789e+00
8.555356979370117188e+00
5.921956777572631836e+00
2.877966880798339844e+00
2.685070037841796875e+00
6.156803846359252930e+00
3.712401151657104492e+00
5.635864257812500000e+00
3.142642974853515625e+00
5.507667064666748047e+00
3.759253978729248047e+00
3.671329021453857422e+00
7.241197109222412109e+00
6.182589054107666016e+00
8.510527849197387695e+00
2.979576110839843750e+00
3.547427892684936523e+00
4.938809156417846680e+00
5.671207189559936523e+00
5.974685192108154297e+00
9.243138074874877930e+00
5.363059997558593750e+00
4.625872850418090820e+00
1.100998306274414062e+01
5.259864091873168945e+00
4.236736059188842773e+00
1.984608173370361328e+00
3.050959110260009766e+00
4.649992942810058594e+00
5.850311994552612305e+00
4.861747026443481445e+00
6.217260122299194336e+00
4.260172605514526367e+00
6.513568878173828125e+00
3.927926778793334961e+00
3.740345001220703125e+00
9.570166110992431641e+00
4.624989986419677734e+00
6.638386011123657227e+00
2.718411922454833984e+00
3.719690084457397461e+00
2.760086059570312500e+00
3.336392879486083984e+00
3.601633071899414062e+00
4.941998243331909180e+00
5.376415014266967773e+00
4.047406196594238281e+00
4.070034980773925781e+00
6.089198827743530273e+00
4.144686222076416016e+00
3.944387674331665039e+00
4.105914115905761719e+00
3.470291137695312500e+00
6.841541051864624023e+00
3.578341007232666016e+00
4.657004117965698242e+00
4.139740943908691406e+00
3.982074022293090820e+00
4.180689811706542969e+00
3.057271718978881836e+00
3.846296072006225586e+00
4.482211828231811523e+00
3.894033193588256836e+00
4.236878871917724609e+00
1.171905684471130371e+01
3.936532020568847656e+00
4.373612165451049805e+00
4.032844066619873047e+00
5.917930841445922852e+00
3.573750019073486328e+00
4.703703165054321289e+00
3.142533063888549805e+00
4.549804687500000000e+00
6.309365987777709961e+00
3.895211935043334961e+00
6.368716001510620117e+00
4.667196989059448242e+00
3.463850975036621094e+00
6.671296834945678711e+00
1.095186781883239746e+01
5.448462724685668945e+00
4.249271154403686523e+00
3.517711162567138672e+00
4.904028892517089844e+00
4.998605966567993164e+00
3.777055025100708008e+00
8.761966228485107422e+00
3.396207094192504883e+00
3.424625873565673828e+00
4.719794034957885742e+00
4.445434093475341797e+00
3.906189918518066406e+00
4.359417915344238281e+00
4.537215232849121094e+00
8.072580814361572266e+00
5.028095006942749023e+00
4.089748144149780273e+00
5.318261861801147461e+00
5.041987180709838867e+00
3.746733188629150391e+00
3.010280132293701172e+00
5.809131145477294922e+00
3.252189874649047852e+00
4.152169942855834961e+00
4.317689895629882812e+00
6.473635196685791016e+00
5.263918876647949219e+00
5.315474033355712891e+00
5.167809963226318359e+00
7.034215927124023438e+00
4.952411174774169922e+00
9.015221118927001953e+00
3.626098155975341797e+00
2.907541990280151367e+00
3.271466970443725586e+00
3.197056055068969727e+00
4.176908016204833984e+00
4.411247014999389648e+00
7.980658054351806641e+00
8.677022933959960938e+00
4.009533882141113281e+00
4.991053819656372070e+00
3.797509193420410156e+00
5.495431900024414062e+00
3.618228912353515625e+00
4.443082094192504883e+00
5.081974029541015625e+00
5.164693117141723633e+00
4.065724134445190430e+00
4.523329734802246094e+00
3.992529153823852539e+00
3.483302116394042969e+00
5.932241201400756836e+00
3.624701023101806641e+00
3.576938152313232422e+00
4.780358076095581055e+00
4.603557109832763672e+00
5.516451120376586914e+00
4.498055934906005859e+00
2.717301368713378906e+00
6.007377862930297852e+00
4.953734874725341797e+00
6.278527975082397461e+00
4.700433015823364258e+00
4.532119989395141602e+00
4.009496927261352539e+00
4.747492074966430664e+00
5.554450035095214844e+00
5.784694910049438477e+00
6.238845825195312500e+00
4.506359100341796875e+00
6.198052167892456055e+00
4.941040992736816406e+00
6.357566118240356445e+00
7.221757888793945312e+00
4.915018081665039062e+00
4.112103939056396484e+00
4.711722850799560547e+00
4.296156883239746094e+00
6.735316991806030273e+00
4.907500982284545898e+00
7.709558963775634766e+00
4.860374927520751953e+00
5.486587285995483398e+00
5.413475990295410156e+00
4.390268802642822266e+00
3.535955190658569336e+00
4.619390964508056641e+00
4.112542867660522461e+00
6.630815029144287109e+00
4.414535045623779297e+00
6.838814973831176758e+00
4.137609004974365234e+00
5.381628751754760742e+00
3.427973985671997070e+00
6.968343019485473633e+00
6.454361915588378906e+00
4.868512153625488281e+00
5.523967027664184570e+00
4.897634983062744141e+00
4.518898010253906250e+00
5.229093074798583984e+00
5.429378032684326172e+00
6.522197961807250977e+00
5.856578111648559570e+00
5.964539766311645508e+00
5.034007072448730469e+00
5.499475955963134766e+00
4.516367912292480469e+00
6.125075101852416992e+00
6.008868932723999023e+00
7.611110925674438477e+00
7.269166231155395508e+00
6.319250822067260742e+00
7.066296815872192383e+00
5.888372898101806641e+00
8.517902851104736328e+00
8.025427103042602539e+00
2.943768024444580078e+00
5.619280815124511719e+00
6.382907867431640625e+00
4.718972921371459961e+00
7.533727884292602539e+00
4.432916402816772461e+00
2.571586847305297852e+00
4.944445848464965820e+00
4.824929952621459961e+00
4.855010986328125000e+00
9.017856597900390625e+00
4.391032218933105469e+00
4.895017147064208984e+00
4.802031040191650391e+00
6.602603912353515625e+00
5.744177818298339844e+00
4.721916913986206055e+00
4.940180063247680664e+00
5.128822803497314453e+00
3.529413938522338867e+00
3.701221227645874023e+00
5.768142938613891602e+00
4.288275957107543945e+00
5.563450098037719727e+00
4.696510791778564453e+00
3.526333808898925781e+00
5.364479780197143555e+00
4.006966114044189453e+00
4.667324066162109375e+00
7.004150867462158203e+00
5.617995023727416992e+00
3.863790035247802734e+00
7.261148929595947266e+00
7.007057905197143555e+00
7.884070873260498047e+00
6.694497585296630859e+00
3.939018011093139648e+00
3.690253973007202148e+00
4.443200111389160156e+00
3.349984884262084961e+00
6.375956058502197266e+00
4.937495708465576172e+00
8.165674209594726562e+00
4.600387096405029297e+00
4.236396074295043945e+00
4.320687055587768555e+00
4.734278917312622070e+00
4.585804939270019531e+00
7.198702096939086914e+00
3.257090091705322266e+00
3.514119863510131836e+00
8.422662019729614258e+00
8.293407917022705078e+00
4.706372261047363281e+00
7.043871879577636719e+00
4.597142934799194336e+00
2.953946113586425781e+00
3.402662277221679688e+00
5.318993806838989258e+00
4.074608802795410156e+00
8.427900075912475586e+00
6.442790269851684570e+00
5.785080671310424805e+00
7.949759960174560547e+00
3.971424818038940430e+00
6.922772169113159180e+00
6.057400703430175781e+00
5.860189914703369141e+00
7.207709789276123047e+00
4.050681829452514648e+00
7.704942226409912109e+00
7.700551986694335938e+00
4.757519006729125977e+00
7.258290767669677734e+00
4.395428180694580078e+00
6.934057235717773438e+00
7.920714855194091797e+00
4.387616872787475586e+00
7.130616188049316406e+00
7.302428007125854492e+00
7.583328008651733398e+00
5.224555015563964844e+00
5.565426349639892578e+00
6.663452148437500000e+00
5.836453199386596680e+00
4.185636997222900391e+00
8.163973808288574219e+00
5.332022666931152344e+00
5.750589132308959961e+00
3.994347095489501953e+00
7.587689876556396484e+00
5.547759056091308594e+00
5.748054027557373047e+00
7.971707105636596680e+00
6.096765995025634766e+00
5.732686758041381836e+00
7.837512731552124023e+00
7.305970907211303711e+00
7.293786048889160156e+00
4.747146129608154297e+00
5.789167165756225586e+00
7.360579967498779297e+00
5.982777118682861328e+00
5.898190975189208984e+00
5.108791828155517578e+00
5.856447935104370117e+00
8.072619915008544922e+00
7.498698949813842773e+00
5.206906080245971680e+00
7.897839069366455078e+00
5.187804937362670898e+00
8.433459997177124023e+00
6.400059938430786133e+00
4.172055721282958984e+00
6.907615900039672852e+00
8.535530090332031250e+00
5.091034889221191406e+00
8.370543003082275391e+00
8.100018978118896484e+00
6.005752086639404297e+00
6.018491744995117188e+00
5.719309091567993164e+00
5.298810005187988281e+00
4.872262001037597656e+00
7.383219003677368164e+00
6.511031150817871094e+00
8.318369865417480469e+00
7.413295030593872070e+00
6.746685028076171875e+00
6.832262992858886719e+00
8.399703025817871094e+00
8.435683012008666992e+00
6.037057161331176758e+00
6.709668874740600586e+00
2.739387989044189453e+00
4.541902780532836914e+00
6.260098695755004883e+00
2.844702959060668945e+00
7.329779863357543945e+00
4.591563940048217773e+00
5.776877880096435547e+00
8.792917966842651367e+00
6.861033201217651367e+00
9.140644073486328125e+00
3.552531003952026367e+00
8.520929098129272461e+00
7.690459251403808594e+00
6.883319139480590820e+00
3.704962730407714844e+00
6.234976053237915039e+00
2.887649059295654297e+00
4.863387823104858398e+00
2.900395154953002930e+00
3.351680994033813477e+00
4.102484941482543945e+00
5.573687076568603516e+00
5.500073909759521484e+00
6.365517139434814453e+00
7.888034820556640625e+00
7.523260831832885742e+00
9.107544183731079102e+00
6.432502985000610352e+00
5.449151039123535156e+00
2.688807010650634766e+00
6.893315792083740234e+00
4.970481157302856445e+00
6.414607763290405273e+00
6.460750102996826172e+00
5.939682960510253906e+00
3.098407983779907227e+00
4.936671018600463867e+00
5.178184986114501953e+00
7.658154249191284180e+00
5.529850959777832031e+00
2.316536188125610352e+00
1.039906811714172363e+01
5.621355056762695312e+00
3.402838230133056641e+00
9.963696956634521484e+00
2.601864099502563477e+00
7.906621932983398438e+00
8.237310171127319336e+00
6.426313877105712891e+00
8.311635017395019531e+00
9.105042219161987305e+00
7.440144062042236328e+00
1.032357573509216309e+01
9.094354152679443359e+00
5.341858863830566406e+00
6.608644962310791016e+00
9.708787202835083008e+00
1.018419814109802246e+01
7.682263135910034180e+00
7.637303113937377930e+00
4.749196767807006836e+00
2.688332796096801758e+00
5.017851114273071289e+00
3.702354192733764648e+00
4.904159069061279297e+00
4.243724107742309570e+00
4.595865726470947266e+00
4.547384738922119141e+00
4.528207063674926758e+00
4.486464977264404297e+00
1.054323601722717285e+01
3.845458984375000000e+00
4.333960056304931641e+00
8.744766950607299805e+00
4.382244110107421875e+00
4.317928075790405273e+00
4.688303947448730469e+00
3.976691961288452148e+00
4.671214103698730469e+00
4.783061027526855469e+00
3.387596130371093750e+00
1.107533812522888184e+01
3.574501991271972656e+00
4.976378917694091797e+00
4.991747140884399414e+00
3.920951843261718750e+00
5.260591983795166016e+00
4.474791288375854492e+00
5.495331764221191406e+00
8.588333606719970703e+00
5.181004047393798828e+00
4.835860967636108398e+00
5.205579042434692383e+00
4.867789030075073242e+00
3.056059122085571289e+00
4.099335908889770508e+00
5.942533969879150391e+00
4.085163831710815430e+00
4.837999105453491211e+00
3.381053924560546875e+00
3.819471120834350586e+00
5.611261129379272461e+00
3.200632810592651367e+00
6.111096143722534180e+00
5.475307941436767578e+00
2.732134103775024414e+00
5.888679742813110352e+00
3.492580652236938477e+00
7.002448081970214844e+00
3.914912939071655273e+00
3.603218793869018555e+00
3.909748077392578125e+00
5.876616954803466797e+00
3.438607931137084961e+00
6.867137908935546875e+00
3.422412157058715820e+00
4.476129055023193359e+00
3.983139753341674805e+00
5.505776166915893555e+00
4.093946218490600586e+00
4.600290060043334961e+00
3.967304229736328125e+00
5.281814098358154297e+00
4.656860828399658203e+00
9.611584186553955078e+00
4.116828203201293945e+00
4.296270132064819336e+00
4.624013185501098633e+00
3.541629076004028320e+00
5.742139816284179688e+00
4.486188650131225586e+00
4.534202098846435547e+00
4.737402915954589844e+00
2.522182941436767578e+00
2.663077116012573242e+00
4.515375852584838867e+00
6.822033882141113281e+00
4.818749904632568359e+00
2.439265966415405273e+00
5.341319799423217773e+00
2.548809051513671875e+00
7.410617113113403320e+00
4.876549005508422852e+00
5.383821249008178711e+00
4.263151884078979492e+00
4.854352951049804688e+00
3.156036853790283203e+00
4.861037015914916992e+00
2.437192916870117188e+00
3.138853073120117188e+00
3.095954179763793945e+00
3.057183027267456055e+00
3.886770725250244141e+00
6.389382839202880859e+00
3.424057006835937500e+00
1.104047083854675293e+01
5.915719985961914062e+00
7.305894136428833008e+00
5.387124061584472656e+00
2.923239231109619141e+00
1.110953712463378906e+01
2.885215044021606445e+00
7.299439907073974609e+00
1.321683692932128906e+01
6.933435916900634766e+00
6.306712865829467773e+00
2.562989950180053711e+00
5.620185136795043945e+00
2.831625223159790039e+00
4.908038854598999023e+00
6.197844982147216797e+00
3.263138055801391602e+00
3.700283765792846680e+00
3.201454877853393555e+00
8.059477090835571289e+00
6.763258934020996094e+00
6.379020929336547852e+00
5.550178050994873047e+00
6.140642642974853516e+00
3.459095001220703125e+00
6.216630935668945312e+00
2.843652963638305664e+00
3.565887928009033203e+00
1.137895202636718750e+01
8.166573047637939453e+00
8.178503990173339844e+00
7.419881105422973633e+00
4.575578212738037109e+00
8.655214071273803711e+00
5.485195159912109375e+00
8.475367784500122070e+00
8.254419088363647461e+00
7.108860254287719727e+00
8.183955907821655273e+00
1.173489904403686523e+01
9.303897142410278320e+00
8.233351945877075195e+00
2.839459896087646484e+00
8.195133924484252930e+00
7.649073123931884766e+00
7.643841028213500977e+00
1.190631985664367676e+01
8.053927898406982422e+00
4.159114122390747070e+00
5.508923053741455078e+00
1.181595015525817871e+01
8.593308925628662109e+00
1.119315505027770996e+01
7.185111045837402344e+00
3.267582893371582031e+00
4.020425081253051758e+00
7.946128845214843750e+00
6.309036016464233398e+00
4.404083967208862305e+00
1.166279077529907227e+01
6.606113910675048828e+00
8.788131237030029297e+00
8.456443071365356445e+00
7.025410890579223633e+00
7.508723020553588867e+00
7.936206102371215820e+00
1.263169884681701660e+01
6.136960029602050781e+00
8.959557056427001953e+00
1.174450302124023438e+01
8.867105007171630859e+00
8.911308050155639648e+00
6.565286159515380859e+00
8.184761047363281250e+00
8.117507219314575195e+00
3.032747030258178711e+00
4.739402055740356445e+00
8.811022043228149414e+00
1.355357503890991211e+01
7.714371204376220703e+00
8.972885131835937500e+00
3.426505327224731445e+00
8.693907976150512695e+00
6.151473045349121094e+00
8.085489749908447266e+00
4.606445074081420898e+00
8.900058269500732422e+00
3.899884700775146484e+00
1.495752811431884766e+01
9.118911981582641602e+00
3.319466114044189453e+00
8.715008020401000977e+00
8.165857076644897461e+00
7.954655170440673828e+00
1.323116087913513184e+01
1.217449593544006348e+01
3.404022932052612305e+00
1.256440806388854980e+01
7.738514900207519531e+00
6.282556056976318359e+00
6.017274141311645508e+00
1.422661709785461426e+01
8.311293840408325195e+00
4.245413064956665039e+00
7.191798925399780273e+00
9.280069112777709961e+00
9.157986879348754883e+00
4.439121246337890625e+00
8.639355182647705078e+00
3.240773916244506836e+00
7.859876155853271484e+00
1.410981559753417969e+01
3.138692855834960938e+00
5.623790025711059570e+00
1.022158288955688477e+01
6.519580125808715820e+00
9.073235034942626953e+00
3.810528993606567383e+00
1.284172916412353516e+01
8.350865125656127930e+00
1.124410319328308105e+01
5.617785692214965820e+00
7.557428121566772461e+00
8.236632823944091797e+00
9.459756135940551758e+00
5.365040063858032227e+00
3.406424999237060547e+00
1.541947293281555176e+01
4.845049142837524414e+00
3.932848930358886719e+00
2.948919773101806641e+00
1.360589480400085449e+01
3.030695915222167969e+00
2.958951950073242188e+00
3.217171907424926758e+00
8.204499244689941406e+00
7.169206142425537109e+00
4.272198200225830078e+00
3.107090950012207031e+00
4.167259931564331055e+00
9.708487272262573242e+00
1.124460530281066895e+01
9.250469207763671875e+00
5.919650077819824219e+00
3.211523056030273438e+00
4.698976993560791016e+00
7.441432952880859375e+00
4.840989351272583008e+00
1.354226517677307129e+01
6.011324882507324219e+00
7.276531219482421875e+00
1.142753195762634277e+01
3.640140056610107422e+00
1.054600811004638672e+01
8.331696748733520508e+00
8.417222976684570312e+00
1.024038124084472656e+01
5.938536882400512695e+00
2.727296113967895508e+00
1.107983684539794922e+01
2.165328025817871094e+00
5.767856121063232422e+00
3.424992084503173828e+00
9.018007040023803711e+00
7.159018993377685547e+00
6.267598152160644531e+00
4.269275188446044922e+00
1.033514094352722168e+01
4.717656135559082031e+00
3.466964006423950195e+00
5.173161983489990234e+00
3.767738819122314453e+00
2.685971021652221680e+00
5.166866064071655273e+00
1.089008092880249023e+01
4.508121013641357422e+00
2.299179077148437500e+00
1.098956298828125000e+01
4.086061954498291016e+00
1.157705593109130859e+01
1.065701699256896973e+01
3.561222791671752930e+00
5.075479984283447266e+00
4.185237169265747070e+00
4.340462923049926758e+00
3.959004163742065430e+00
3.904902219772338867e+00
3.725349903106689453e+00
9.305029153823852539e+00
1.152238798141479492e+01
9.754943132400512695e+00
3.465578079223632812e+00
3.944262027740478516e+00
5.060332775115966797e+00
1.051572299003601074e+01
4.453989982604980469e+00
3.757694244384765625e+00
3.479673862457275391e+00
5.064004898071289062e+00
4.003746032714843750e+00
6.397936820983886719e+00
6.371891260147094727e+00
1.122524785995483398e+01
4.777380228042602539e+00
4.508443117141723633e+00
5.039811849594116211e+00
4.721338987350463867e+00
1.162978315353393555e+01
4.417681932449340820e+00
6.861148834228515625e+00
2.305926322937011719e+00
2.683217048645019531e+00
3.729787826538085938e+00
4.216691017150878906e+00
5.873917818069458008e+00
4.334129810333251953e+00
4.552852869033813477e+00
5.104572772979736328e+00
4.229202985763549805e+00
4.758673191070556641e+00
3.614641189575195312e+00
4.891115188598632812e+00
4.844919919967651367e+00
3.591553926467895508e+00
4.487208843231201172e+00
5.669437885284423828e+00
4.432398796081542969e+00
5.779894113540649414e+00
4.518000841140747070e+00
4.802572965621948242e+00
4.388118028640747070e+00
4.823088169097900391e+00
4.611754894256591797e+00
4.673587083816528320e+00
4.642901182174682617e+00
3.461922645568847656e+00
4.778145074844360352e+00
4.788447141647338867e+00
3.523909807205200195e+00
4.217757940292358398e+00
4.270775079727172852e+00
3.872694969177246094e+00
2.954887866973876953e+00
4.300590038299560547e+00
4.459805965423583984e+00
4.360611200332641602e+00
5.374863862991333008e+00
4.450825929641723633e+00
4.415795087814331055e+00
4.401293992996215820e+00
4.602592945098876953e+00
4.749594926834106445e+00
5.101873874664306641e+00
5.920312881469726562e+00
3.826915979385375977e+00
4.204204797744750977e+00
4.214557886123657227e+00
5.205011129379272461e+00
4.003129243850708008e+00
4.916229009628295898e+00
4.754472255706787109e+00
5.749976158142089844e+00
4.823557138442993164e+00
5.283811092376708984e+00
4.752803087234497070e+00
5.707880973815917969e+00
3.480176687240600586e+00
5.564231872558593750e+00
4.945282936096191406e+00
3.527539968490600586e+00
5.213364839553833008e+00
5.273133993148803711e+00
3.857208251953125000e+00
3.964000940322875977e+00
4.888200998306274414e+00
3.450486183166503906e+00
5.017007112503051758e+00
4.760668277740478516e+00
4.764847993850708008e+00
5.122776269912719727e+00
6.662467956542968750e+00
5.903733015060424805e+00
9.379750967025756836e+00
6.259669065475463867e+00
3.705437183380126953e+00
4.520622014999389648e+00
4.249055385589599609e+00
5.998571634292602539e+00
6.089555978775024414e+00
5.618802070617675781e+00
5.909319877624511719e+00
6.081149816513061523e+00
6.059482812881469727e+00
5.441607952117919922e+00
5.559575080871582031e+00
6.093543052673339844e+00
5.593275070190429688e+00
6.092456102371215820e+00
5.703186035156250000e+00
5.212335109710693359e+00
4.876465797424316406e+00
5.691103935241699219e+00
3.758917093276977539e+00
6.050432920455932617e+00
4.015269756317138672e+00
5.252343893051147461e+00
4.283919095993041992e+00
8.056869983673095703e+00
5.789526700973510742e+00
5.735078811645507812e+00
6.146377086639404297e+00
6.260354042053222656e+00
5.827048063278198242e+00
4.854876995086669922e+00
6.327750921249389648e+00
6.458563089370727539e+00
6.136944055557250977e+00
6.527327060699462891e+00
5.852349996566772461e+00
4.653713941574096680e+00
4.850617885589599609e+00
7.297915220260620117e+00
5.990983009338378906e+00
6.166581869125366211e+00
4.719215154647827148e+00
6.581414222717285156e+00
5.099604129791259766e+00
4.607747793197631836e+00
5.826444149017333984e+00
6.267154932022094727e+00
5.786457777023315430e+00
4.218436717987060547e+00
4.815758228302001953e+00
5.208334207534790039e+00
6.031244993209838867e+00
6.352831125259399414e+00
5.034498929977416992e+00
7.838180780410766602e+00
5.640134096145629883e+00
6.362068891525268555e+00
1.916830778121948242e+00
4.269081830978393555e+00
3.231005907058715820e+00
3.231578111648559570e+00
6.092121124267578125e+00
4.325038194656372070e+00
6.957993268966674805e+00
6.236877202987670898e+00
3.227685928344726562e+00
2.908400774002075195e+00
5.799442052841186523e+00
6.456076145172119141e+00
6.040031909942626953e+00
3.423506975173950195e+00
3.557579040527343750e+00
6.328648805618286133e+00
5.182446002960205078e+00
6.540744066238403320e+00
3.979701995849609375e+00
4.724611043930053711e+00
3.596608877182006836e+00
3.833955287933349609e+00
6.408755302429199219e+00
4.925005197525024414e+00
7.840338945388793945e+00
5.983903884887695312e+00
5.570068120956420898e+00
6.334787130355834961e+00
5.841495752334594727e+00
5.130761146545410156e+00
2.926610946655273438e+00
5.528480052947998047e+00
5.216928958892822266e+00
8.008186817169189453e+00
3.764277935028076172e+00
7.316452980041503906e+00
5.575540304183959961e+00
8.041630029678344727e+00
7.492268085479736328e+00
4.398047924041748047e+00
8.801348209381103516e+00
5.617390155792236328e+00
5.519506931304931641e+00
6.806742906570434570e+00
4.376085996627807617e+00
5.515419960021972656e+00
7.845852851867675781e+00
6.867966175079345703e+00
6.434228181838989258e+00
6.296248912811279297e+00
7.881016969680786133e+00
4.749521017074584961e+00
7.665964126586914062e+00
5.530159950256347656e+00
5.472908973693847656e+00
5.772701025009155273e+00
4.820182085037231445e+00
5.870548963546752930e+00
3.925740003585815430e+00
5.819169044494628906e+00
6.200957298278808594e+00
7.310108184814453125e+00
3.334870100021362305e+00
8.674924135208129883e+00
6.131981849670410156e+00
5.206780195236206055e+00
2.924059152603149414e+00
6.564659118652343750e+00
3.418795108795166016e+00
3.341957807540893555e+00
7.276045083999633789e+00
6.159929990768432617e+00
6.721740007400512695e+00
5.986555099487304688e+00
4.432623863220214844e+00
3.375208139419555664e+00
4.756467103958129883e+00
7.141443729400634766e+00
4.043815851211547852e+00
4.214129924774169922e+00
3.145775079727172852e+00
5.312564134597778320e+00
3.416451930999755859e+00
3.526968955993652344e+00
5.483232021331787109e+00
6.500007152557373047e+00
8.761383771896362305e+00
6.800111055374145508e+00
8.189137935638427734e+00
7.854099273681640625e+00
6.091634988784790039e+00
5.111068248748779297e+00
3.981342315673828125e+00
6.036638021469116211e+00
3.538344860076904297e+00
5.915078878402709961e+00
2.814795017242431641e+00
3.674949884414672852e+00
4.173533201217651367e+00
2.605603218078613281e+00
4.218055963516235352e+00
4.050101041793823242e+00
4.344570875167846680e+00
3.555233240127563477e+00
4.966611146926879883e+00
3.989497900009155273e+00
4.835444927215576172e+00
8.770744085311889648e+00
8.872102975845336914e+00
4.849110126495361328e+00
5.936552762985229492e+00
3.711872100830078125e+00
2.391468048095703125e+00
5.766274690628051758e+00
5.485297203063964844e+00
3.642549991607666016e+00
3.928471088409423828e+00
5.025579929351806641e+00
3.666815042495727539e+00
4.858155012130737305e+00
4.447038173675537109e+00
5.650720119476318359e+00
5.864781141281127930e+00
2.652353048324584961e+00
4.880339860916137695e+00
4.858029842376708984e+00
4.146283626556396484e+00
4.526277780532836914e+00
3.207506179809570312e+00
4.913993120193481445e+00
6.009755849838256836e+00
3.851984024047851562e+00
5.606576681137084961e+00
4.926578044891357422e+00
4.068528175354003906e+00
5.648329973220825195e+00
4.636992931365966797e+00
5.791003704071044922e+00
4.218389034271240234e+00
5.759129285812377930e+00
4.195143222808837891e+00
3.398315191268920898e+00
4.533498048782348633e+00
7.917726993560791016e+00
7.640914916992187500e+00
3.826216936111450195e+00
2.525957822799682617e+00
5.291688919067382812e+00
5.053212165832519531e+00
4.005433797836303711e+00
5.355154275894165039e+00
5.582998037338256836e+00
4.737929344177246094e+00
5.396647930145263672e+00
5.876544713973999023e+00
5.071004867553710938e+00
3.509210109710693359e+00
3.644301891326904297e+00
9.021648168563842773e+00
4.617897987365722656e+00
6.121774911880493164e+00
5.603664875030517578e+00
4.206594944000244141e+00
4.819783926010131836e+00
6.380812883377075195e+00
5.286223173141479492e+00
3.070760011672973633e+00
5.811075210571289062e+00
3.386301994323730469e+00
3.650302171707153320e+00
6.664350032806396484e+00
7.607931137084960938e+00
4.870526790618896484e+00
6.053406953811645508e+00
5.366557836532592773e+00
5.304205894470214844e+00
4.727941751480102539e+00
1.100345802307128906e+01
8.271106958389282227e+00
6.372630834579467773e+00
5.615339040756225586e+00
3.723787069320678711e+00
3.943163156509399414e+00
4.376408100128173828e+00
4.179003238677978516e+00
6.811658859252929688e+00
6.917623043060302734e+00
4.846178054809570312e+00
5.325399875640869141e+00
5.229727268218994141e+00
3.423684120178222656e+00
4.139811992645263672e+00
5.461897850036621094e+00
4.196517705917358398e+00
5.683565616607666016e+00
3.590406179428100586e+00
3.744037151336669922e+00
5.673839092254638672e+00
6.048384904861450195e+00
1.204599475860595703e+01
4.937947273254394531e+00
4.900638103485107422e+00
4.662292957305908203e+00
5.968046188354492188e+00
4.092808246612548828e+00
6.495306968688964844e+00
3.785189867019653320e+00
4.395280838012695312e+00
3.154240131378173828e+00
3.803839921951293945e+00
7.583487987518310547e+00
6.580507040023803711e+00
4.080188989639282227e+00
3.594366073608398438e+00
6.058264017105102539e+00
4.931077003479003906e+00
3.524394035339355469e+00
1.956552982330322266e+00
4.055694103240966797e+00
4.239515066146850586e+00
3.042433977127075195e+00
3.358407020568847656e+00
4.351594924926757812e+00
4.399028301239013672e+00
5.039534091949462891e+00
3.697211265563964844e+00
4.269143104553222656e+00
6.396164894104003906e+00
5.905421972274780273e+00
4.263185024261474609e+00
3.733139991760253906e+00
5.339178085327148438e+00
4.807775020599365234e+00
7.500899076461791992e+00
5.004763126373291016e+00
3.552765130996704102e+00
2.916782855987548828e+00
3.252197742462158203e+00
2.798190832138061523e+00
3.629443883895874023e+00
4.050106048583984375e+00
3.531681776046752930e+00
2.209039688110351562e+00
2.900562763214111328e+00
3.123419046401977539e+00
2.935381889343261719e+00
4.798078775405883789e+00
4.233967065811157227e+00
5.599681615829467773e+00
3.679574012756347656e+00
7.340058088302612305e+00
4.637010097503662109e+00
3.679427862167358398e+00
5.383637189865112305e+00
4.177062749862670898e+00
5.761612892150878906e+00
6.336040258407592773e+00
7.414103984832763672e+00
4.804111003875732422e+00
4.249024629592895508e+00
5.731003999710083008e+00
2.927949905395507812e+00
3.370764732360839844e+00
2.992825984954833984e+00
5.578552722930908203e+00
5.527715921401977539e+00
5.796897888183593750e+00
5.480483293533325195e+00
8.442938089370727539e+00
5.068834066390991211e+00
3.992899894714355469e+00
3.976985216140747070e+00
6.636119127273559570e+00
5.124563932418823242e+00
2.516134023666381836e+00
3.187056779861450195e+00
5.340130090713500977e+00
5.731685161590576172e+00
2.434343338012695312e+00
5.694139957427978516e+00
3.220020294189453125e+00
5.989026069641113281e+00
6.113940000534057617e+00
5.969643115997314453e+00
8.953482866287231445e+00
4.360896110534667969e+00
4.376820087432861328e+00
3.402784109115600586e+00
6.018649816513061523e+00
3.797369241714477539e+00
4.016836643218994141e+00
3.217291831970214844e+00
6.733342885971069336e+00
4.809991121292114258e+00
4.772522926330566406e+00
4.367317914962768555e+00
4.887846231460571289e+00
5.487452983856201172e+00
2.822303056716918945e+00
3.048945903778076172e+00
7.953630924224853516e+00
3.618728876113891602e+00
3.257248163223266602e+00
4.460052967071533203e+00
3.695322751998901367e+00
3.676598072052001953e+00
3.429583787918090820e+00
4.411031007766723633e+00
4.905110120773315430e+00
3.489382743835449219e+00
3.453501224517822266e+00
3.061352014541625977e+00
4.051319837570190430e+00
6.627948999404907227e+00
3.908004760742187500e+00
3.498224973678588867e+00
4.564370870590209961e+00
2.769557952880859375e+00
3.818745136260986328e+00
4.117986679077148438e+00
6.285550117492675781e+00
3.699365854263305664e+00
4.354545116424560547e+00
3.847923994064331055e+00
3.443922281265258789e+00
5.471174716949462891e+00
5.978611946105957031e+00
6.616891145706176758e+00
6.496458053588867188e+00
4.557363986968994141e+00
2.766587257385253906e+00
4.433480024337768555e+00
5.192023038864135742e+00
2.994879007339477539e+00
3.934844970703125000e+00
4.851145982742309570e+00
4.694026231765747070e+00
2.759961128234863281e+00
3.615610122680664062e+00
8.303763866424560547e+00
4.113998651504516602e+00
3.527179956436157227e+00
4.414705991744995117e+00
8.224644184112548828e+00
4.290407896041870117e+00
3.618874788284301758e+00
3.857911825180053711e+00
3.547716140747070312e+00
4.901610851287841797e+00
3.505270957946777344e+00
4.850677013397216797e+00
3.673839092254638672e+00
5.310049057006835938e+00
5.202172994613647461e+00
3.724743843078613281e+00
5.829643011093139648e+00
3.829632043838500977e+00
3.357373237609863281e+00
4.075124979019165039e+00
4.687263965606689453e+00
4.499592781066894531e+00
2.596518754959106445e+00
4.336133003234863281e+00
3.289823055267333984e+00
3.363445043563842773e+00
7.264554023742675781e+00
8.751141309738159180e+00
4.197256088256835938e+00
5.206727027893066406e+00
3.969637155532836914e+00
4.301767826080322266e+00
7.382368087768554688e+00
3.834163904190063477e+00
5.475321054458618164e+00
5.479050159454345703e+00
5.282508134841918945e+00
4.220141649246215820e+00
3.509445905685424805e+00
3.841124057769775391e+00
3.567034006118774414e+00
3.670519828796386719e+00
3.921386003494262695e+00
5.711315155029296875e+00
4.257344961166381836e+00
4.661288022994995117e+00
3.536443233489990234e+00
5.327164173126220703e+00
6.428934812545776367e+00
5.223910808563232422e+00
4.138184309005737305e+00
4.098408937454223633e+00
4.829829692840576172e+00
6.201287984848022461e+00
3.572088003158569336e+00
6.312009096145629883e+00
4.511148929595947266e+00
4.928614139556884766e+00
7.755085945129394531e+00
4.172490119934082031e+00
4.345924139022827148e+00
4.676553964614868164e+00
4.141536951065063477e+00
5.026762962341308594e+00
5.427045822143554688e+00
5.406605005264282227e+00
6.603509902954101562e+00
4.239398717880249023e+00
4.897979259490966797e+00
3.761109113693237305e+00
8.956500291824340820e+00
3.668962001800537109e+00
3.789884805679321289e+00
5.215091228485107422e+00
5.238139867782592773e+00
5.029533863067626953e+00
5.608994960784912109e+00
5.759695768356323242e+00
4.936324119567871094e+00
5.669525146484375000e+00
5.276868820190429688e+00
3.309933185577392578e+00
4.000191926956176758e+00
4.310105800628662109e+00
5.342452049255371094e+00
4.022910118103027344e+00
2.990125179290771484e+00
3.016331195831298828e+00
4.182355880737304688e+00
4.271234989166259766e+00
4.021279096603393555e+00
6.997496843338012695e+00
5.227108001708984375e+00
4.994659185409545898e+00
5.924201011657714844e+00
3.508465290069580078e+00
3.758065938949584961e+00
3.786543846130371094e+00
4.523919105529785156e+00
4.661131143569946289e+00
3.836102247238159180e+00
4.637095212936401367e+00
5.173557996749877930e+00
6.086494922637939453e+00
6.191919803619384766e+00
6.413462162017822266e+00
5.255953788757324219e+00
3.237396001815795898e+00
6.156831979751586914e+00
4.435436010360717773e+00
4.260869026184082031e+00
3.403951883316040039e+00
4.144186973571777344e+00
3.461500167846679688e+00
3.375941038131713867e+00
5.376471996307373047e+00
3.881799221038818359e+00
4.998250961303710938e+00
4.257894039154052734e+00
2.926041841506958008e+00
7.274313926696777344e+00
6.189566850662231445e+00
6.367058753967285156e+00
5.098001003265380859e+00
2.849060773849487305e+00
5.937942981719970703e+00
5.045964956283569336e+00
7.298816680908203125e+00
4.179741859436035156e+00
4.857698917388916016e+00
3.683222055435180664e+00
6.065604925155639648e+00
3.355791807174682617e+00
3.800755023956298828e+00
3.989539146423339844e+00
3.872376203536987305e+00
7.113040208816528320e+00
3.934201955795288086e+00
2.140529155731201172e+00
4.017177820205688477e+00
3.991854190826416016e+00
3.635806322097778320e+00
3.080199956893920898e+00
4.182854175567626953e+00
4.256386995315551758e+00
5.349164724349975586e+00
5.296084165573120117e+00
5.127355098724365234e+00
4.020681858062744141e+00
4.663918972015380859e+00
6.628485918045043945e+00
5.651335954666137695e+00
5.011239767074584961e+00
5.234040021896362305e+00
3.725638866424560547e+00
3.897235870361328125e+00
6.157005786895751953e+00
5.607313871383666992e+00
4.361958980560302734e+00
3.918102979660034180e+00
5.793590068817138672e+00
5.463800191879272461e+00
4.810008764266967773e+00
4.421337127685546875e+00
6.187687158584594727e+00
4.000931024551391602e+00
5.783960103988647461e+00
3.873383998870849609e+00
3.441535949707031250e+00
4.431504964828491211e+00
3.722944021224975586e+00
3.980813264846801758e+00
4.559205055236816406e+00
4.753192901611328125e+00
2.910179138183593750e+00
5.286772012710571289e+00
3.069741249084472656e+00
3.832367181777954102e+00
5.165019035339355469e+00
6.854102134704589844e+00
2.536215066909790039e+00
6.399210929870605469e+00
6.506407022476196289e+00
4.098786115646362305e+00
4.333951950073242188e+00
3.878167152404785156e+00
4.392093896865844727e+00
5.525016069412231445e+00
4.709036111831665039e+00
5.969370126724243164e+00
7.353556156158447266e+00
4.210916996002197266e+00
3.427092075347900391e+00
1.062688708305358887e+01
3.096144914627075195e+00
3.715547323226928711e+00
3.975476980209350586e+00
5.241093873977661133e+00
3.443176984786987305e+00
9.813058137893676758e+00
4.892445802688598633e+00
3.178349018096923828e+00
4.071425914764404297e+00
5.712594985961914062e+00
4.767414093017578125e+00
4.579550981521606445e+00
4.400441884994506836e+00
5.133162021636962891e+00
4.429717063903808594e+00
3.635904073715209961e+00
4.722000837326049805e+00
5.298148155212402344e+00
4.767179012298583984e+00
5.352022886276245117e+00
3.396196842193603516e+00
4.891106843948364258e+00
4.645354032516479492e+00
4.901234865188598633e+00
3.535855054855346680e+00
6.241549253463745117e+00
4.217051982879638672e+00
6.395370960235595703e+00
5.135659933090209961e+00
3.711476087570190430e+00
3.901898145675659180e+00
4.925650835037231445e+00
3.892860889434814453e+00
4.547369003295898438e+00
4.993988037109375000e+00
5.462573766708374023e+00
8.123276948928833008e+00
4.379864931106567383e+00
5.759005069732666016e+00
4.884361982345581055e+00
4.853198051452636719e+00
4.048823833465576172e+00
5.584083795547485352e+00
4.187777996063232422e+00
5.675166845321655273e+00
5.716097116470336914e+00
4.934797763824462891e+00
3.567974090576171875e+00
3.355638980865478516e+00
3.698338985443115234e+00
6.055672645568847656e+00
6.043485879898071289e+00
5.002592086791992188e+00
4.227086067199707031e+00
3.564860820770263672e+00
3.918251037597656250e+00
6.082229375839233398e+00
3.839915752410888672e+00
5.913231849670410156e+00
6.845325708389282227e+00
6.178170204162597656e+00
4.718881130218505859e+00
4.910797119140625000e+00
4.378488063812255859e+00
6.399753093719482422e+00
5.561572074890136719e+00
4.549377918243408203e+00
3.937929868698120117e+00
4.673538208007812500e+00
5.206874847412109375e+00
4.567877769470214844e+00
4.391891241073608398e+00
4.031985998153686523e+00
6.119288921356201172e+00
4.790648221969604492e+00
4.125647783279418945e+00
3.401167154312133789e+00
4.905496120452880859e+00
3.811136960983276367e+00
7.928243875503540039e+00
5.288584947586059570e+00
4.695591211318969727e+00
4.161201000213623047e+00
2.881733894348144531e+00
5.082266092300415039e+00
6.877267122268676758e+00
6.298801183700561523e+00
3.158392667770385742e+00
5.034397125244140625e+00
5.612882137298583984e+00
4.734403848648071289e+00
5.936047077178955078e+00
4.341310977935791016e+00
3.187395095825195312e+00
3.124633073806762695e+00
7.762901067733764648e+00
5.447443962097167969e+00
6.880266904830932617e+00
4.445375919342041016e+00
3.140435934066772461e+00
4.537127017974853516e+00
3.136870861053466797e+00
5.586937904357910156e+00
3.509725093841552734e+00
5.439861059188842773e+00
4.542702913284301758e+00
4.432949066162109375e+00
3.658389091491699219e+00
3.241889715194702148e+00
7.473008871078491211e+00
2.594156026840209961e+00
5.501234769821166992e+00
3.764410018920898438e+00
5.597121000289916992e+00
5.850695848464965820e+00
5.569444894790649414e+00
4.728767871856689453e+00
3.172743797302246094e+00
3.825551986694335938e+00
4.602800130844116211e+00
2.924098014831542969e+00
5.051033020019531250e+00
3.789829254150390625e+00
5.042248964309692383e+00
4.156895160675048828e+00
3.624904155731201172e+00
3.122751951217651367e+00
6.185853242874145508e+00
3.979336977005004883e+00
4.089349985122680664e+00
5.719892978668212891e+00
3.161350727081298828e+00
9.480985879898071289e+00
4.869259119033813477e+00
3.554082155227661133e+00
5.321529150009155273e+00
5.471604108810424805e+00
5.080100774765014648e+00
6.948745250701904297e+00
5.157217025756835938e+00
5.354331016540527344e+00
3.057349920272827148e+00
3.323752880096435547e+00
4.064841032028198242e+00
5.403209924697875977e+00
7.846233844757080078e+00
5.236119031906127930e+00
3.242690086364746094e+00
4.928863048553466797e+00
3.815912961959838867e+00
4.762762069702148438e+00
3.373436212539672852e+00
4.909465789794921875e+00
5.445028066635131836e+00
6.885708808898925781e+00
5.339679002761840820e+00
4.449535369873046875e+00
4.999462127685546875e+00
7.456901073455810547e+00
6.242001056671142578e+00
3.205579996109008789e+00
3.435045719146728516e+00
6.296856164932250977e+00
4.972589015960693359e+00
6.950622081756591797e+00
4.150416851043701172e+00
5.509872913360595703e+00
5.562938928604125977e+00
5.552461147308349609e+00
5.274306058883666992e+00
3.905610084533691406e+00
4.284183263778686523e+00
5.660211086273193359e+00
3.902019977569580078e+00
5.375909090042114258e+00
4.580596923828125000e+00
5.206443071365356445e+00
6.606080055236816406e+00
5.405502080917358398e+00
5.610231161117553711e+00
4.396564960479736328e+00
4.460202932357788086e+00
3.247725009918212891e+00
4.809758901596069336e+00
3.759538173675537109e+00
4.569308042526245117e+00
6.751370191574096680e+00
7.127346038818359375e+00
3.729727029800415039e+00
3.996641874313354492e+00
2.168486833572387695e+00
6.518721103668212891e+00
7.002736806869506836e+00
2.243218898773193359e+00
3.656603097915649414e+00
6.587558031082153320e+00
3.534107923507690430e+00
7.715003013610839844e+00
5.031723022460937500e+00
3.770641803741455078e+00
3.529139995574951172e+00
4.285861968994140625e+00
3.045364856719970703e+00
3.539074182510375977e+00
3.700353860855102539e+00
3.472707033157348633e+00
6.930363178253173828e+00
3.451243638992309570e+00
5.376028060913085938e+00
4.346837043762207031e+00
5.397500038146972656e+00
3.490869045257568359e+00
7.972305059432983398e+00
4.718445062637329102e+00
4.110260009765625000e+00
6.697647809982299805e+00
2.947270870208740234e+00
3.547464132308959961e+00
3.093181133270263672e+00
4.740945816040039062e+00
3.805753707885742188e+00
4.061162948608398438e+00
3.180923938751220703e+00
3.880332946777343750e+00
3.220009088516235352e+00
4.330555200576782227e+00
7.533002853393554688e+00
4.968896150588989258e+00
3.112545013427734375e+00
3.010623931884765625e+00
6.893427848815917969e+00
3.349820137023925781e+00
3.352934837341308594e+00
5.587008953094482422e+00
5.593089818954467773e+00
4.973220109939575195e+00
4.124827146530151367e+00
2.225379228591918945e+00
2.975432872772216797e+00
3.836210012435913086e+00
6.424008846282958984e+00
5.203207969665527344e+00
5.091860055923461914e+00
3.250422954559326172e+00
7.352698087692260742e+00
4.616133213043212891e+00
3.624490022659301758e+00
3.214761972427368164e+00
9.310534000396728516e+00
4.510872840881347656e+00
8.687230825424194336e+00
6.010542869567871094e+00
2.972780942916870117e+00
3.895659685134887695e+00
2.658820867538452148e+00
4.170565128326416016e+00
4.725672006607055664e+00
5.885677099227905273e+00
5.524626970291137695e+00
2.527647733688354492e+00
3.535677909851074219e+00
3.691701173782348633e+00
3.496099710464477539e+00
3.227824211120605469e+00
1.058962273597717285e+01
5.304017066955566406e+00
3.315192222595214844e+00
3.444938182830810547e+00
4.943681716918945312e+00
3.919593095779418945e+00
4.719548940658569336e+00
6.912847757339477539e+00
6.142092227935791016e+00
3.757735252380371094e+00
3.667165994644165039e+00
5.387047052383422852e+00
3.655033111572265625e+00
2.995466947555541992e+00
5.559662818908691406e+00
3.726498126983642578e+00
3.253509759902954102e+00
3.923812866210937500e+00
3.826676845550537109e+00
3.161232948303222656e+00
4.149662971496582031e+00
3.117215871810913086e+00
4.532260894775390625e+00
2.607911825180053711e+00
3.604043006896972656e+00
4.087848186492919922e+00
3.613906860351562500e+00
3.539242029190063477e+00
4.572016954421997070e+00
2.712563276290893555e+00
4.620825052261352539e+00
3.829764127731323242e+00
3.586242914199829102e+00
3.919692993164062500e+00
3.975710153579711914e+00
2.329214096069335938e+00
4.860769987106323242e+00
3.811213731765747070e+00
4.566475152969360352e+00
3.054588079452514648e+00
3.785648822784423828e+00
4.650878906250000000e+00
3.512348890304565430e+00
4.963316917419433594e+00
4.486149072647094727e+00
2.846936941146850586e+00
3.245690107345581055e+00
4.529679059982299805e+00
3.892356157302856445e+00
3.119513750076293945e+00
4.070959091186523438e+00
3.067673921585083008e+00
4.709860801696777344e+00
4.390174150466918945e+00
4.309456825256347656e+00
4.548270940780639648e+00
4.599514722824096680e+00
5.069331884384155273e+00
2.587035179138183594e+00
4.268497943878173828e+00
5.297006130218505859e+00
5.300722122192382812e+00
5.195098161697387695e+00
4.019706010818481445e+00
5.464185714721679688e+00
4.210952043533325195e+00
5.408428907394409180e+00
6.037315130233764648e+00
4.784056901931762695e+00
3.853937864303588867e+00
4.324209928512573242e+00
5.040916204452514648e+00
4.593172311782836914e+00
4.172755002975463867e+00
2.708840131759643555e+00
5.159565925598144531e+00
5.020136117935180664e+00
4.074532985687255859e+00
4.999990940093994141e+00
3.725359916687011719e+00
4.584017992019653320e+00
5.829935789108276367e+00
4.179517984390258789e+00
3.091847896575927734e+00
4.219844818115234375e+00
5.496025800704956055e+00
3.059673786163330078e+00
3.775895833969116211e+00
3.213065862655639648e+00
4.550903081893920898e+00
5.085371971130371094e+00
4.539048910140991211e+00
3.970525026321411133e+00
4.037081956863403320e+00
5.180001020431518555e+00
5.808388233184814453e+00
5.760362863540649414e+00
5.023816108703613281e+00
3.465407848358154297e+00
5.719259023666381836e+00
3.456364154815673828e+00
3.650097131729125977e+00
5.427579164505004883e+00
3.870838880538940430e+00
2.590909957885742188e+00
3.597053050994873047e+00
3.577159881591796875e+00
3.325968742370605469e+00
4.847654819488525391e+00
5.446331977844238281e+00
3.507413148880004883e+00
5.692385196685791016e+00
4.001851081848144531e+00
4.838757038116455078e+00
5.145681858062744141e+00
5.812215089797973633e+00
5.224985122680664062e+00
3.971852064132690430e+00
4.218711137771606445e+00
4.027291059494018555e+00
3.684465885162353516e+00
4.125403881072998047e+00
4.102002859115600586e+00
4.284876108169555664e+00
3.520082950592041016e+00
4.306219816207885742e+00
5.667021036148071289e+00
5.035960912704467773e+00
4.307173252105712891e+00
4.613581180572509766e+00
6.091078042984008789e+00
3.965391159057617188e+00
6.390025854110717773e+00
3.843423366546630859e+00
6.554235935211181641e+00
4.575002193450927734e+00
1.101474189758300781e+01
4.210401058197021484e+00
4.661844968795776367e+00
6.874203920364379883e+00
4.642620801925659180e+00
4.416607856750488281e+00
4.310580015182495117e+00
5.021037817001342773e+00
4.147114992141723633e+00
3.512933254241943359e+00
4.778455018997192383e+00
4.806046962738037109e+00
4.418003797531127930e+00
8.086135864257812500e+00
2.948282718658447266e+00
4.903420209884643555e+00
4.600117921829223633e+00
4.683523654937744141e+00
2.693851947784423828e+00
6.428330898284912109e+00
5.893535852432250977e+00
2.966664075851440430e+00
4.178378105163574219e+00
4.823486089706420898e+00
3.616407155990600586e+00
4.662716865539550781e+00
5.443609714508056641e+00
4.157045602798461914e+00
4.476727008819580078e+00
5.872314691543579102e+00
5.561322927474975586e+00
4.642288208007812500e+00
6.302393198013305664e+00
5.520232915878295898e+00
3.612895011901855469e+00
6.930004119873046875e+00
3.375596046447753906e+00
5.087999105453491211e+00
3.579030990600585938e+00
4.512480020523071289e+00
5.454432010650634766e+00
3.807109832763671875e+00
3.890886306762695312e+00
5.553889751434326172e+00
6.398368597030639648e+00
3.857811927795410156e+00
5.623919010162353516e+00
5.518718004226684570e+00
5.532709121704101562e+00
6.418637990951538086e+00
8.703245162963867188e+00
6.325980186462402344e+00
3.937126874923706055e+00
4.863587141036987305e+00
5.927227020263671875e+00
5.476939201354980469e+00
5.111474037170410156e+00
5.325470924377441406e+00
2.951099157333374023e+00
5.904599905014038086e+00
5.165640115737915039e+00
3.539873123168945312e+00
3.788470029830932617e+00
5.991108179092407227e+00
5.493514060974121094e+00
5.531790256500244141e+00
3.529552698135375977e+00
5.137558937072753906e+00
5.141493082046508789e+00
3.226813077926635742e+00
3.928794860839843750e+00
6.292071819305419922e+00
5.586889982223510742e+00
5.619265079498291016e+00
3.545093774795532227e+00
5.234605073928833008e+00
2.577995777130126953e+00
2.253100156784057617e+00
5.599964857101440430e+00
3.346289873123168945e+00
5.346104860305786133e+00
9.986528158187866211e+00
5.630160808563232422e+00
6.775399923324584961e+00
2.998130321502685547e+00
6.363893985748291016e+00
6.377390861511230469e+00
4.698380947113037109e+00
5.437424898147583008e+00
3.599061965942382812e+00
5.680399894714355469e+00
6.171470165252685547e+00
5.502668142318725586e+00
6.698399066925048828e+00
1.063175010681152344e+01
5.627985954284667969e+00
5.811928749084472656e+00
3.672714948654174805e+00
2.671324014663696289e+00
6.484847784042358398e+00
5.661629915237426758e+00
2.745712041854858398e+00
4.309179782867431641e+00
4.357218980789184570e+00
3.126706838607788086e+00
6.640892267227172852e+00
5.669106960296630859e+00
4.291128158569335938e+00
4.949820041656494141e+00
6.148583173751831055e+00
5.964527130126953125e+00
4.612758159637451172e+00
5.285159111022949219e+00
2.923430204391479492e+00
5.766439914703369141e+00
6.200098752975463867e+00
6.003340005874633789e+00
5.389184951782226562e+00
4.163199901580810547e+00
5.904058694839477539e+00
4.874428033828735352e+00
5.956932306289672852e+00
3.976239919662475586e+00
5.380479097366333008e+00
5.137643098831176758e+00
6.226983785629272461e+00
6.033638954162597656e+00
4.977370977401733398e+00
5.366517782211303711e+00
5.740415096282958984e+00
5.733739852905273438e+00
4.866992950439453125e+00
6.782464981079101562e+00
5.063932180404663086e+00
3.903317928314208984e+00
5.722180843353271484e+00
4.260005235671997070e+00
4.549115180969238281e+00
6.735685825347900391e+00
5.777870178222656250e+00
3.963560104370117188e+00
5.189254045486450195e+00
4.087499141693115234e+00
7.449096918106079102e+00
2.699378967285156250e+00
6.131264925003051758e+00
7.324227809906005859e+00
6.712047815322875977e+00
3.577686071395874023e+00
3.540953874588012695e+00
5.784468173980712891e+00
6.176321029663085938e+00
6.361422777175903320e+00
5.722156047821044922e+00
5.335492134094238281e+00
6.649403810501098633e+00
6.284884929656982422e+00
6.077147245407104492e+00
5.839684009552001953e+00
6.928305387496948242e+00
4.340857744216918945e+00
5.803957939147949219e+00
7.788557052612304688e+00
5.460747003555297852e+00
5.515754938125610352e+00
3.835512876510620117e+00
5.824471950531005859e+00
4.221650123596191406e+00
4.356317758560180664e+00
4.582897901535034180e+00
4.680997848510742188e+00
6.010123014450073242e+00
5.645087957382202148e+00
3.746203899383544922e+00
4.161409854888916016e+00
5.792556047439575195e+00
7.348257064819335938e+00
2.355931758880615234e+00
5.755992889404296875e+00
7.670585870742797852e+00
5.491184234619140625e+00
7.929090976715087891e+00
6.768851995468139648e+00
6.020179986953735352e+00
4.084555864334106445e+00
6.017196893692016602e+00
4.170067787170410156e+00
4.396810054779052734e+00
6.874313831329345703e+00
4.194516897201538086e+00
6.013236999511718750e+00
5.812443971633911133e+00
8.241569042205810547e+00
8.149393320083618164e+00
4.938408374786376953e+00
5.166445016860961914e+00
4.363081932067871094e+00
3.515561103820800781e+00
4.631093025207519531e+00
3.215492010116577148e+00
5.654630899429321289e+00
7.387010097503662109e+00
5.975670814514160156e+00
5.969622135162353516e+00
7.421868085861206055e+00
8.021925926208496094e+00
5.722160100936889648e+00
4.431295156478881836e+00
6.156913995742797852e+00
2.923720121383666992e+00
3.100368022918701172e+00
5.183332920074462891e+00
3.405499219894409180e+00
3.420293092727661133e+00
3.949321985244750977e+00
3.483369112014770508e+00
5.665566921234130859e+00
3.187030076980590820e+00
3.903837919235229492e+00
6.476182937622070312e+00
6.298032999038696289e+00
3.499770879745483398e+00
3.277096986770629883e+00
5.432263135910034180e+00
3.730604171752929688e+00
3.370118856430053711e+00
4.442172050476074219e+00
8.189064025878906250e+00
4.120271921157836914e+00
8.901112079620361328e+00
3.534461021423339844e+00
2.075319051742553711e+00
3.536870718002319336e+00
4.265745878219604492e+00
4.662593841552734375e+00
3.347798109054565430e+00
3.488040924072265625e+00
8.948740959167480469e+00
4.195184230804443359e+00
4.216012954711914062e+00
7.407068252563476562e+00
1.194129610061645508e+01
2.974002838134765625e+00
4.572709798812866211e+00
6.148550033569335938e+00
6.633896112442016602e+00
3.932578086853027344e+00
4.112858295440673828e+00
4.180082082748413086e+00
4.249726057052612305e+00
4.381209850311279297e+00
5.242996931076049805e+00
4.709296226501464844e+00
6.126717090606689453e+00
2.685296058654785156e+00
3.728680849075317383e+00
4.812394857406616211e+00
2.658668041229248047e+00
3.412565946578979492e+00
3.887729883193969727e+00
3.389924764633178711e+00
6.944172859191894531e+00
3.654308080673217773e+00
4.284041881561279297e+00
3.653669834136962891e+00
4.847100019454956055e+00
4.314053058624267578e+00
3.055769205093383789e+00
4.604264974594116211e+00
3.790898799896240234e+00
3.738167047500610352e+00
7.407125949859619141e+00
8.135123968124389648e+00
3.570499897003173828e+00
3.400888204574584961e+00
3.295201063156127930e+00
5.767518997192382812e+00
4.477092027664184570e+00
3.615535974502563477e+00
3.113673925399780273e+00
4.444934129714965820e+00
4.423264980316162109e+00
4.011131763458251953e+00
3.650970935821533203e+00
3.891097068786621094e+00
5.289632081985473633e+00
4.568245887756347656e+00
3.914699077606201172e+00
4.599761247634887695e+00
6.081333160400390625e+00
4.719279050827026367e+00
4.685257196426391602e+00
4.682473897933959961e+00
3.871006011962890625e+00
4.371481180191040039e+00
5.970039129257202148e+00
4.245815038681030273e+00
3.985875844955444336e+00
8.894083976745605469e+00
5.202912092208862305e+00
5.246976137161254883e+00
5.126254796981811523e+00
4.882391214370727539e+00
4.748653888702392578e+00
4.616892099380493164e+00
3.401166915893554688e+00
5.437323093414306641e+00
2.385713338851928711e+00
6.827902317047119141e+00
4.883646965026855469e+00
6.698222875595092773e+00
4.416490077972412109e+00
4.120306968688964844e+00
4.779492139816284180e+00
6.734928131103515625e+00
8.138589143753051758e+00
5.005065917968750000e+00
8.095689773559570312e+00
4.724620103836059570e+00
4.258610248565673828e+00
4.495200872421264648e+00
5.104367971420288086e+00
5.196109056472778320e+00
4.485882282257080078e+00
4.496715068817138672e+00
4.458888053894042969e+00
4.944823026657104492e+00
5.359524965286254883e+00
4.539471864700317383e+00
5.859292030334472656e+00
9.831600189208984375e+00
4.050513029098510742e+00
4.231521129608154297e+00
3.709708929061889648e+00
4.748137950897216797e+00
4.628618001937866211e+00
4.750051259994506836e+00
5.529066085815429688e+00
2.110397815704345703e+00
5.345287799835205078e+00
5.385607004165649414e+00
5.517940044403076172e+00
4.406482934951782227e+00
4.374695062637329102e+00
4.555093050003051758e+00
2.951824903488159180e+00
4.249266147613525391e+00
6.551295042037963867e+00
5.617327213287353516e+00
4.378806114196777344e+00
3.330926179885864258e+00
4.105637073516845703e+00
4.485659837722778320e+00
2.913723945617675781e+00
5.720761060714721680e+00
5.129683017730712891e+00
4.472007274627685547e+00
3.298679113388061523e+00
8.709559202194213867e+00
8.802143335342407227e+00
7.660218954086303711e+00
7.169814109802246094e+00
4.820202112197875977e+00
5.085010051727294922e+00
3.853393077850341797e+00
4.656546115875244141e+00
5.198915004730224609e+00
6.405073881149291992e+00
3.422451019287109375e+00
5.133060216903686523e+00
6.754336833953857422e+00
3.628006935119628906e+00
5.009503841400146484e+00
5.466546058654785156e+00
3.410413980484008789e+00
4.088726997375488281e+00
3.974204301834106445e+00
5.114468812942504883e+00
3.593113899230957031e+00
7.071010112762451172e+00
7.000463724136352539e+00
3.954474925994873047e+00
4.155328989028930664e+00
2.796698808670043945e+00
4.591027975082397461e+00
7.124214887619018555e+00
3.277502059936523438e+00
5.381675004959106445e+00
3.204215049743652344e+00
3.269279956817626953e+00
2.735164165496826172e+00
2.858861684799194336e+00
5.075507164001464844e+00
7.118738889694213867e+00
3.384978771209716797e+00
3.460000038146972656e+00
2.343893051147460938e+00
5.580560207366943359e+00
7.381092786788940430e+00
2.351982831954956055e+00
3.148827075958251953e+00
5.671027898788452148e+00
3.093036651611328125e+00
5.326396942138671875e+00
3.799389362335205078e+00
6.449618816375732422e+00
3.643369913101196289e+00
3.774050712585449219e+00
5.802742958068847656e+00
3.578480958938598633e+00
8.816049098968505859e+00
7.117060184478759766e+00
2.447429895401000977e+00
6.909787893295288086e+00
5.661311149597167969e+00
3.880031108856201172e+00
3.430037021636962891e+00
3.660867214202880859e+00
5.619883775711059570e+00
7.441880941390991211e+00
6.511677980422973633e+00
6.522207975387573242e+00
3.474397897720336914e+00
6.233048915863037109e+00
6.008013248443603516e+00
8.054487705230712891e+00
5.746763944625854492e+00
4.948415040969848633e+00
5.003585100173950195e+00
7.996602296829223633e+00
3.826749801635742188e+00
6.359863996505737305e+00
4.269510984420776367e+00
3.984961032867431641e+00
7.509401798248291016e+00
3.864995002746582031e+00
5.514594078063964844e+00
3.915115833282470703e+00
4.606693983078002930e+00
4.802301168441772461e+00
5.108113765716552734e+00
5.135892868041992188e+00
8.231119871139526367e+00
4.192918062210083008e+00
3.201912164688110352e+00
5.771048784255981445e+00
5.154484987258911133e+00
4.916106939315795898e+00
4.727501153945922852e+00
5.560249805450439453e+00
4.672062158584594727e+00
6.984013080596923828e+00
3.875619888305664062e+00
6.879664897918701172e+00
7.236337900161743164e+00
9.135972976684570312e+00
6.931081056594848633e+00
4.712702989578247070e+00
8.663558959960937500e+00
2.986364364624023438e+00
2.617944002151489258e+00
5.401614904403686523e+00
3.661773204803466797e+00
7.457308053970336914e+00
7.444420099258422852e+00
6.087591886520385742e+00
3.708069801330566406e+00
5.108020067214965820e+00
2.773298025131225586e+00
5.306115150451660156e+00
3.512819051742553711e+00
2.909551858901977539e+00
3.097978115081787109e+00
4.325304985046386719e+00
7.535906791687011719e+00
5.729009866714477539e+00
5.384187936782836914e+00
4.112673044204711914e+00
2.534257888793945312e+00
3.576371908187866211e+00
4.021553039550781250e+00
3.237773895263671875e+00
5.961110830307006836e+00
6.060002088546752930e+00
3.316236734390258789e+00
4.941693067550659180e+00
3.790543079376220703e+00
4.276286840438842773e+00
4.398928165435791016e+00
2.562417030334472656e+00
3.341580867767333984e+00
3.872358083724975586e+00
4.072412014007568359e+00
3.067142963409423828e+00
3.913171768188476562e+00
3.848621845245361328e+00
7.423583984375000000e+00
2.920692920684814453e+00
3.754182815551757812e+00
4.662271976470947266e+00
2.221899032592773438e+00
4.508336782455444336e+00
2.823805809020996094e+00
4.543565034866333008e+00
4.693834781646728516e+00
4.929514408111572266e+00
4.099427938461303711e+00
3.536228179931640625e+00
3.861989021301269531e+00
4.493970870971679688e+00
7.376880884170532227e+00
3.318657159805297852e+00
8.179847955703735352e+00
3.215537786483764648e+00
3.270820140838623047e+00
3.806180953979492188e+00
3.900997877120971680e+00
3.051490068435668945e+00
3.637610912322998047e+00
6.987074136734008789e+00
3.609441995620727539e+00
3.509386062622070312e+00
3.780248880386352539e+00
3.278701066970825195e+00
5.915294885635375977e+00
3.731352090835571289e+00
1.013088011741638184e+01
4.439755201339721680e+00
3.499587059020996094e+00
4.881444931030273438e+00
3.097606897354125977e+00
3.993553876876831055e+00
4.096192121505737305e+00
7.415031909942626953e+00
3.342691183090209961e+00
5.235286951065063477e+00
4.763233900070190430e+00
4.391677856445312500e+00
4.434242963790893555e+00
9.069580078125000000e+00
6.165881156921386719e+00
5.486468076705932617e+00
3.664276123046875000e+00
4.791078090667724609e+00
3.077183961868286133e+00
3.994545221328735352e+00
2.991704225540161133e+00
6.536772251129150391e+00
5.684078931808471680e+00
3.708099842071533203e+00
6.279687881469726562e+00
6.136748075485229492e+00
4.102097988128662109e+00
4.576056003570556641e+00
5.457234859466552734e+00
3.232898950576782227e+00
3.154128074645996094e+00
3.335196256637573242e+00
3.945191860198974609e+00
4.540262222290039062e+00
4.942987918853759766e+00
4.382098913192749023e+00
4.998757123947143555e+00
4.172312974929809570e+00
3.787365913391113281e+00
3.977348089218139648e+00
5.208899021148681641e+00
3.389291048049926758e+00
2.567399978637695312e+00
4.510349988937377930e+00
4.129607915878295898e+00
5.479749202728271484e+00
4.341068029403686523e+00
4.986332178115844727e+00
4.187456846237182617e+00
4.516569137573242188e+00
9.319121837615966797e+00
3.205831050872802734e+00
4.984786987304687500e+00
4.582749128341674805e+00
5.764945983886718750e+00
5.469577312469482422e+00
4.009600877761840820e+00
3.407556772232055664e+00
2.985191106796264648e+00
4.107549190521240234e+00
3.050055265426635742e+00
5.649130105972290039e+00
3.112356185913085938e+00
4.197127342224121094e+00
4.337931156158447266e+00
3.406208992004394531e+00
4.753026962280273438e+00
5.380693197250366211e+00
4.465388774871826172e+00
5.889696121215820312e+00
5.713140964508056641e+00
6.857689142227172852e+00
5.357023954391479492e+00
3.362610101699829102e+00
4.574002027511596680e+00
5.363226890563964844e+00
5.155946016311645508e+00
2.727245807647705078e+00
4.913519144058227539e+00
5.104820966720581055e+00
4.739203691482543945e+00
4.208674192428588867e+00
4.137416124343872070e+00
6.475995779037475586e+00
5.925916910171508789e+00
5.926378011703491211e+00
6.104279994964599609e+00
6.043505191802978516e+00
5.857942819595336914e+00
6.320217132568359375e+00
5.068997144699096680e+00
4.995932102203369141e+00
5.487634897232055664e+00
4.626271963119506836e+00
4.715118885040283203e+00
4.487391948699951172e+00
5.112194776535034180e+00
5.656157970428466797e+00
2.195927143096923828e+00
5.276721000671386719e+00
5.323112964630126953e+00
6.640543937683105469e+00
4.745848178863525391e+00
4.038477182388305664e+00
3.105108976364135742e+00
4.882421016693115234e+00
8.202322006225585938e+00
4.024234771728515625e+00
4.754746198654174805e+00
2.529665946960449219e+00
3.147871971130371094e+00
7.126168251037597656e+00
6.376041889190673828e+00
4.602847814559936523e+00
4.858081102371215820e+00
3.239660978317260742e+00
3.687859296798706055e+00
4.917946815490722656e+00
4.853562831878662109e+00
4.667655944824218750e+00
4.133650779724121094e+00
3.050009012222290039e+00
5.497976064682006836e+00
5.784767150878906250e+00
5.485520124435424805e+00
4.711302042007446289e+00
5.424441099166870117e+00
4.622331857681274414e+00
3.681303739547729492e+00
3.361064910888671875e+00
5.232193946838378906e+00
4.987857818603515625e+00
4.278294086456298828e+00
4.693841218948364258e+00
5.029339790344238281e+00
5.311748027801513672e+00
3.930582761764526367e+00
6.218400955200195312e+00
5.804073095321655273e+00
5.578244209289550781e+00
8.585268974304199219e+00
5.943323850631713867e+00
3.592190265655517578e+00
3.324879169464111328e+00
4.284489870071411133e+00
4.590633869171142578e+00
5.842499017715454102e+00
6.332561254501342773e+00
6.217894792556762695e+00
6.380978107452392578e+00
5.281724929809570312e+00
3.478238821029663086e+00
4.247150897979736328e+00
4.012984275817871094e+00
6.668154001235961914e+00
4.723484039306640625e+00
5.508253097534179688e+00
4.068729877471923828e+00
4.037697792053222656e+00
3.813199996948242188e+00
4.011072874069213867e+00
5.466748952865600586e+00
6.878861904144287109e+00
6.029686689376831055e+00
4.181560754776000977e+00
4.171311140060424805e+00
5.712388753890991211e+00
5.106919050216674805e+00
4.384742975234985352e+00
6.460143089294433594e+00
5.915416955947875977e+00
9.078840017318725586e+00
5.464329957962036133e+00
7.852010965347290039e+00
5.426836252212524414e+00
2.877135276794433594e+00
5.231408834457397461e+00
2.534084081649780273e+00
5.684652090072631836e+00
5.710897922515869141e+00
2.919907093048095703e+00
8.742012023925781250e+00
5.996291875839233398e+00
2.588865995407104492e+00
3.647284984588623047e+00
3.394267082214355469e+00
5.288053989410400391e+00
7.021678686141967773e+00
3.742833137512207031e+00
2.939762115478515625e+00
6.485687017440795898e+00
3.898255825042724609e+00
5.830494880676269531e+00
5.866403818130493164e+00
6.780603885650634766e+00
3.911638975143432617e+00
4.323674917221069336e+00
3.538985967636108398e+00
3.212237834930419922e+00
4.067229986190795898e+00
3.241961956024169922e+00
3.255220890045166016e+00
4.274270057678222656e+00
3.245460987091064453e+00
1.024799895286560059e+01
8.948147058486938477e+00
9.847607851028442383e+00
8.077641963958740234e+00
3.763103961944580078e+00
4.410166025161743164e+00
6.633565902709960938e+00
4.376014947891235352e+00
7.630037069320678711e+00
7.682655096054077148e+00
7.793299198150634766e+00
7.723641157150268555e+00
4.625722885131835938e+00
7.725128412246704102e+00
1.032484579086303711e+01
7.715147018432617188e+00
8.250514030456542969e+00
6.806463003158569336e+00
3.432188987731933594e+00
7.524761915206909180e+00
7.479371070861816406e+00
4.713035106658935547e+00
5.275336027145385742e+00
4.587363958358764648e+00
4.554699897766113281e+00
5.020536661148071289e+00
3.445482015609741211e+00
7.951085805892944336e+00
4.368602275848388672e+00
1.038224577903747559e+01
7.447942018508911133e+00
6.547725915908813477e+00
7.232412099838256836e+00
7.583962202072143555e+00
7.887117147445678711e+00
1.252926015853881836e+01
8.361824989318847656e+00
6.096776008605957031e+00
5.736852884292602539e+00
3.521227121353149414e+00
4.869773864746093750e+00
4.911846876144409180e+00
5.331042766571044922e+00
8.599786996841430664e+00
6.055303812026977539e+00
2.346721172332763672e+00
4.343866825103759766e+00
2.616693019866943359e+00
8.953668832778930664e+00
5.818612813949584961e+00
5.134837865829467773e+00
8.301390886306762695e+00
4.676616907119750977e+00
6.389194965362548828e+00
8.649125814437866211e+00
4.978798866271972656e+00
5.588052034378051758e+00
3.988430023193359375e+00
1.033613300323486328e+01
3.725182294845581055e+00
9.104115962982177734e+00
8.125201940536499023e+00
2.196491003036499023e+00
7.849041938781738281e+00
7.348907947540283203e+00
7.487709999084472656e+00
1.037857985496520996e+01
8.744832038879394531e+00
1.079585194587707520e+01
8.167361021041870117e+00
3.434015989303588867e+00
8.925880908966064453e+00
7.740894079208374023e+00
4.493229150772094727e+00
7.198389053344726562e+00
3.483984947204589844e+00
6.978447914123535156e+00
4.375231027603149414e+00
9.282317161560058594e+00
1.267551112174987793e+01
5.940829038619995117e+00
8.842241048812866211e+00
9.486830711364746094e+00
7.880541086196899414e+00
8.290236949920654297e+00
4.330475091934204102e+00
4.967981815338134766e+00
1.273602700233459473e+01
1.148072814941406250e+01
5.237053871154785156e+00
6.519021987915039062e+00
9.553364992141723633e+00
1.105568695068359375e+01
5.019571304321289062e+00
9.020753145217895508e+00
6.371292829513549805e+00
4.496116876602172852e+00
3.875470876693725586e+00
1.009055471420288086e+01
9.581395149230957031e+00
1.331634998321533203e+01
9.636959075927734375e+00
5.608672142028808594e+00
9.062110900878906250e+00
5.867582321166992188e+00
5.402414798736572266e+00
7.300240993499755859e+00
8.724160909652709961e+00
8.073246955871582031e+00
4.000160932540893555e+00
3.373969316482543945e+00
7.316442012786865234e+00
7.605952978134155273e+00
5.839427947998046875e+00
3.560996770858764648e+00
3.304438829421997070e+00
6.050962924957275391e+00
3.338898897171020508e+00
1.281398415565490723e+01
1.058099794387817383e+01
1.067698097229003906e+01
4.241124153137207031e+00
3.603343725204467773e+00
9.594892978668212891e+00
4.356383085250854492e+00
3.470967054367065430e+00
4.064255952835083008e+00
3.694961071014404297e+00
3.069251060485839844e+00
1.033609604835510254e+01
2.769853353500366211e+00
4.067493915557861328e+00
1.125749611854553223e+01
4.239271163940429688e+00
3.607015848159790039e+00
4.614331722259521484e+00
3.714794158935546875e+00
4.178442001342773438e+00
3.942883014678955078e+00
5.591989994049072266e+00
4.545925140380859375e+00
4.062947034835815430e+00
3.077655792236328125e+00
4.318168163299560547e+00
4.254452943801879883e+00
3.572468996047973633e+00
3.100867033004760742e+00
4.425287723541259766e+00
3.656903028488159180e+00
4.103790044784545898e+00
4.427006959915161133e+00
4.812757015228271484e+00
3.273885726928710938e+00
3.954202890396118164e+00
3.967912912368774414e+00
4.072347164154052734e+00
7.222810983657836914e+00
3.500708103179931641e+00
3.714430093765258789e+00
3.173007965087890625e+00
3.029742956161499023e+00
4.197268962860107422e+00
3.715253114700317383e+00
3.962146043777465820e+00
4.273681879043579102e+00
3.814495325088500977e+00
4.645330905914306641e+00
4.254244804382324219e+00
4.683948993682861328e+00
3.829519987106323242e+00
3.414622306823730469e+00
8.115463018417358398e+00
5.069726943969726562e+00
3.871206045150756836e+00
4.293102025985717773e+00
4.479560852050781250e+00
3.288494110107421875e+00
4.296215057373046875e+00
3.874488115310668945e+00
1.246469998359680176e+01
4.350748777389526367e+00
3.806249380111694336e+00
3.334815025329589844e+00
4.821116924285888672e+00
4.512878894805908203e+00
5.442330121994018555e+00
5.287010669708251953e+00
4.603523015975952148e+00
3.909318208694458008e+00
5.988340139389038086e+00
4.751779079437255859e+00
2.553815126419067383e+00
3.969404935836791992e+00
3.688905000686645508e+00
3.076539993286132812e+00
5.250294923782348633e+00
4.137538909912109375e+00
3.917685031890869141e+00
4.220232009887695312e+00
4.239173173904418945e+00
4.456912994384765625e+00
4.247048139572143555e+00
4.613446950912475586e+00
3.467688798904418945e+00
4.876574993133544922e+00
4.668283224105834961e+00
4.633544921875000000e+00
4.728879928588867188e+00
5.044211149215698242e+00
2.732335805892944336e+00
2.413199901580810547e+00
4.440157890319824219e+00
4.765115022659301758e+00
2.903210878372192383e+00
6.954479217529296875e+00
3.533129930496215820e+00
4.497567892074584961e+00
4.505570173263549805e+00
4.021535158157348633e+00
4.996993064880371094e+00
4.904472827911376953e+00
2.672615051269531250e+00
4.141733884811401367e+00
4.174120187759399414e+00
5.456583023071289062e+00
4.720876932144165039e+00
6.598711013793945312e+00
6.017369270324707031e+00
3.250510215759277344e+00
5.343575954437255859e+00
4.356925964355468750e+00
3.115016937255859375e+00
3.438440084457397461e+00
5.866159200668334961e+00
3.470358848571777344e+00
4.319779157638549805e+00
5.306492328643798828e+00
6.833439111709594727e+00
4.791291713714599609e+00
4.664860248565673828e+00
3.874025821685791016e+00
3.923082828521728516e+00
4.486963033676147461e+00
4.685135841369628906e+00
4.126878976821899414e+00
3.537981748580932617e+00
4.517033338546752930e+00
3.523109197616577148e+00
4.815234899520874023e+00
4.132419109344482422e+00
3.406388044357299805e+00
5.198029041290283203e+00
3.612982034683227539e+00
4.010665178298950195e+00
4.531306028366088867e+00
4.612760066986083984e+00
3.363950014114379883e+00
3.545986652374267578e+00
3.379605054855346680e+00
3.662493944168090820e+00
2.991992950439453125e+00
3.777379035949707031e+00
4.339611768722534180e+00
5.964696168899536133e+00
4.264558076858520508e+00
4.643653154373168945e+00
2.904591083526611328e+00
7.022982835769653320e+00
3.993083000183105469e+00
2.933110237121582031e+00
3.325408935546875000e+00
2.895200014114379883e+00
7.126560926437377930e+00
5.332995891571044922e+00
3.968979120254516602e+00
8.095504999160766602e+00
6.788542985916137695e+00
3.152792215347290039e+00
4.256653070449829102e+00
2.731609821319580078e+00
3.744472026824951172e+00
4.820714235305786133e+00
4.285105228424072266e+00
3.292519807815551758e+00
4.722342967987060547e+00
5.407371044158935547e+00
3.184353113174438477e+00
4.717070102691650391e+00
6.455703973770141602e+00
6.692156791687011719e+00
7.173358201980590820e+00
3.560086965560913086e+00
3.430030107498168945e+00
7.436395645141601562e+00
2.581338882446289062e+00
4.065416812896728516e+00
2.046391725540161133e+00
3.833426952362060547e+00
2.865345001220703125e+00
4.447163820266723633e+00
7.527626037597656250e+00
1.968771934509277344e+00
3.045432090759277344e+00
2.969176769256591797e+00
5.749083757400512695e+00
3.468369960784912109e+00
5.415333986282348633e+00
4.322512865066528320e+00
4.950430870056152344e+00
4.860635280609130859e+00
4.659883022308349609e+00
5.292076110839843750e+00
3.683159112930297852e+00
7.245739936828613281e+00
2.818874835968017578e+00
7.408209085464477539e+00
5.569465160369873047e+00
5.002406120300292969e+00
6.021915912628173828e+00
2.088635206222534180e+00
5.007290840148925781e+00
3.942628860473632812e+00
3.039103984832763672e+00
3.280788898468017578e+00
2.879379272460937500e+00
5.648569107055664062e+00
2.592104911804199219e+00
2.918566226959228516e+00
3.597458124160766602e+00
3.618810176849365234e+00
3.546823024749755859e+00
2.911045074462890625e+00
4.987115859985351562e+00
5.700557947158813477e+00
3.661035060882568359e+00
4.071046829223632812e+00
5.138855934143066406e+00
5.588180780410766602e+00
7.064451694488525391e+00
5.481968879699707031e+00
4.728884935379028320e+00
4.266747951507568359e+00
3.447476148605346680e+00
3.423166990280151367e+00
3.063142061233520508e+00
3.428758144378662109e+00
3.350722789764404297e+00
5.194700717926025391e+00
7.098426818847656250e+00
5.985641002655029297e+00
4.604777097702026367e+00
3.663295984268188477e+00
5.756627798080444336e+00
3.947713136672973633e+00
2.740230798721313477e+00
4.237867116928100586e+00
4.330177068710327148e+00
6.221596956253051758e+00
8.113417387008666992e+00
4.704748868942260742e+00
3.814067125320434570e+00
5.198045969009399414e+00
5.019885063171386719e+00
9.527824878692626953e+00
3.436473131179809570e+00
5.342014789581298828e+00
2.599357128143310547e+00
3.008578062057495117e+00
5.447651147842407227e+00
6.211120128631591797e+00
5.172718763351440430e+00
5.174867868423461914e+00
4.081828117370605469e+00
5.134115934371948242e+00
4.889636039733886719e+00
4.286699056625366211e+00
4.723666191101074219e+00
5.137635946273803711e+00
3.311673879623413086e+00
7.064364671707153320e+00
3.514688968658447266e+00
6.577245235443115234e+00
7.262632846832275391e+00
2.790708065032958984e+00
5.654491186141967773e+00
3.535671949386596680e+00
3.383733987808227539e+00
6.605286121368408203e+00
5.607650995254516602e+00
5.274915218353271484e+00
2.374134778976440430e+00
7.146383285522460938e+00
3.824412345886230469e+00
3.714666128158569336e+00
4.781191825866699219e+00
6.612062931060791016e+00
5.182412147521972656e+00
3.204480171203613281e+00
6.524295806884765625e+00
7.220044136047363281e+00
6.614524841308593750e+00
4.597227811813354492e+00
5.032691955566406250e+00
9.424530267715454102e+00
6.026439189910888672e+00
4.359869241714477539e+00
4.454219102859497070e+00
6.281309366226196289e+00
3.943237066268920898e+00
6.110525846481323242e+00
4.484857797622680664e+00
3.748402118682861328e+00
6.395229816436767578e+00
3.370920181274414062e+00
7.137882232666015625e+00
5.769150972366333008e+00
1.045559072494506836e+01
5.690634012222290039e+00
3.458670139312744141e+00
3.849378108978271484e+00
3.922089815139770508e+00
4.778084039688110352e+00
2.959613084793090820e+00
4.014549016952514648e+00
3.808892965316772461e+00
4.365782022476196289e+00
5.301516056060791016e+00
2.539430856704711914e+00
6.099466085433959961e+00
5.152580022811889648e+00
6.039679050445556641e+00
4.309619903564453125e+00
5.590322971343994141e+00
2.643252849578857422e+00
4.088270664215087891e+00
6.278975963592529297e+00
5.920144319534301758e+00
3.776463985443115234e+00
2.225269079208374023e+00
4.042562961578369141e+00
2.658329010009765625e+00
7.205518007278442383e+00
3.153699636459350586e+00
3.007530927658081055e+00
4.959686994552612305e+00
3.811640024185180664e+00
3.991234779357910156e+00
4.424187183380126953e+00
3.477721214294433594e+00
4.283703804016113281e+00
4.783933877944946289e+00
3.276353120803833008e+00
2.865824937820434570e+00
1.010218501091003418e+01
4.619939088821411133e+00
4.155224800109863281e+00
4.427514076232910156e+00
5.934268951416015625e+00
4.475318670272827148e+00
3.320170402526855469e+00
4.905149936676025391e+00
4.673041105270385742e+00
3.911327123641967773e+00
3.672993183135986328e+00
4.672844171524047852e+00
3.422888994216918945e+00
2.925312042236328125e+00
4.707504749298095703e+00
3.682376146316528320e+00
3.916083097457885742e+00
5.168291807174682617e+00
5.958405971527099609e+00
3.825199842453002930e+00
4.228081226348876953e+00
4.817655086517333984e+00
4.865532875061035156e+00
5.233963012695312500e+00
4.223557233810424805e+00
6.832622289657592773e+00
5.678122997283935547e+00
4.595720052719116211e+00
6.391462802886962891e+00
3.348315238952636719e+00
4.083124876022338867e+00
2.637079954147338867e+00
8.483952999114990234e+00
4.886552810668945312e+00
3.355492115020751953e+00
4.418869018554687500e+00
4.301967144012451172e+00
3.033531188964843750e+00
5.275291204452514648e+00
4.455487966537475586e+00
4.978327989578247070e+00
4.197617053985595703e+00
2.804487943649291992e+00
4.357713937759399414e+00
4.554614067077636719e+00
4.616184711456298828e+00
4.879949092864990234e+00
4.546469211578369141e+00
5.644777059555053711e+00
5.211570978164672852e+00
4.133488893508911133e+00
4.631488084793090820e+00
5.213654041290283203e+00
5.447509050369262695e+00
5.704031944274902344e+00
4.770879030227661133e+00
4.496639966964721680e+00
3.946008920669555664e+00
4.517199993133544922e+00
4.125549793243408203e+00
4.346620321273803711e+00
4.628927946090698242e+00
4.407790184020996094e+00
2.986292839050292969e+00
5.772062063217163086e+00
5.191964864730834961e+00
3.582181930541992188e+00
2.774835824966430664e+00
4.323529958724975586e+00
6.393089056015014648e+00
5.231581926345825195e+00
5.655088186264038086e+00
6.273893117904663086e+00
6.335056781768798828e+00
4.418517112731933594e+00
5.734756946563720703e+00
7.651998281478881836e+00
5.037039995193481445e+00
2.473731994628906250e+00
5.003359079360961914e+00
5.348422050476074219e+00
5.263416051864624023e+00
4.358512163162231445e+00
5.993843793869018555e+00
3.302269220352172852e+00
6.337364912033081055e+00
6.319272041320800781e+00
9.298004865646362305e+00
1.848001956939697266e+00
6.984533548355102539e+00
6.531160831451416016e+00
5.209046840667724609e+00
2.703453779220581055e+00
6.144774913787841797e+00
3.419888973236083984e+00
5.819395065307617188e+00
6.027283191680908203e+00
5.280691385269165039e+00
6.770200967788696289e+00
6.472678899765014648e+00
3.853863000869750977e+00
5.128753900527954102e+00
7.679304122924804688e+00
3.457578897476196289e+00
3.081338882446289062e+00
3.763453960418701172e+00
3.735989809036254883e+00
6.115340709686279297e+00
1.275424599647521973e+01
6.177544116973876953e+00
3.934272766113281250e+00
3.508908033370971680e+00
3.049706935882568359e+00
4.491734981536865234e+00
2.998003959655761719e+00
7.030454874038696289e+00
3.894886970520019531e+00
3.649700164794921875e+00
2.351633071899414062e+00
3.798609972000122070e+00
3.922844171524047852e+00
3.946623802185058594e+00
4.479769229888916016e+00
3.284126996994018555e+00
3.207566976547241211e+00
8.088608980178833008e+00
3.915964841842651367e+00
4.442840099334716797e+00
3.951103925704956055e+00
3.965160131454467773e+00
2.773159980773925781e+00
4.274984836578369141e+00
3.322463989257812500e+00
3.222285032272338867e+00
4.897047042846679688e+00
4.642060041427612305e+00
7.263118982315063477e+00
4.548941135406494141e+00
4.894536972045898438e+00
4.040297985076904297e+00
5.196219205856323242e+00
4.863391160964965820e+00
7.046969652175903320e+00
5.733884811401367188e+00
7.479454040527343750e+00
5.981314897537231445e+00
8.987017154693603516e+00
7.430061101913452148e+00
7.190327644348144531e+00
8.643473148345947266e+00
4.818639039993286133e+00
6.794552087783813477e+00
4.745805263519287109e+00
6.520325183868408203e+00
3.521143198013305664e+00
4.054910898208618164e+00
5.780667066574096680e+00
5.026720762252807617e+00
3.145102024078369141e+00
6.143885135650634766e+00
6.961211204528808594e+00
7.043937683105468750e+00
7.706743955612182617e+00
8.253671169281005859e+00
7.416288137435913086e+00
6.393811225891113281e+00
6.225467920303344727e+00
6.213177680969238281e+00
7.798351049423217773e+00
4.760859966278076172e+00
3.232306957244873047e+00
3.511651039123535156e+00
5.510087013244628906e+00
5.643690824508666992e+00
4.252523183822631836e+00
6.063629865646362305e+00
3.833246946334838867e+00
3.834628105163574219e+00
4.330700874328613281e+00
3.568259239196777344e+00
6.906105995178222656e+00
3.577346801757812500e+00
3.910128831863403320e+00
6.262471914291381836e+00
6.913598060607910156e+00
4.897449970245361328e+00
7.605855464935302734e+00
6.507386922836303711e+00
6.710683107376098633e+00
7.127691984176635742e+00
5.166223049163818359e+00
8.549913167953491211e+00
8.028716802597045898e+00
7.771550893783569336e+00
7.392347812652587891e+00
8.586145877838134766e+00
7.270905017852783203e+00
5.137104988098144531e+00
4.487189054489135742e+00
8.030784845352172852e+00
5.200000047683715820e+00
7.378231763839721680e+00
9.139042854309082031e+00
7.035106897354125977e+00
4.561429262161254883e+00
8.959044933319091797e+00
4.824587106704711914e+00
5.580457925796508789e+00
6.107363939285278320e+00
6.303002119064331055e+00
1.991873979568481445e+00
8.197120904922485352e+00
6.758945703506469727e+00
8.286950111389160156e+00
7.682164907455444336e+00
1.995241165161132812e+00
8.318139076232910156e+00
4.881997108459472656e+00
6.770906925201416016e+00
7.621255159378051758e+00
4.935521125793457031e+00
6.528777837753295898e+00
9.681842803955078125e+00
5.765714883804321289e+00
7.944080114364624023e+00
8.391741037368774414e+00
2.575213193893432617e+00
3.590361833572387695e+00
2.834906101226806641e+00
2.530590057373046875e+00
6.350911855697631836e+00
1.034861493110656738e+01
5.478645801544189453e+00
2.878065109252929688e+00
5.709218978881835938e+00
4.980114936828613281e+00
3.590085744857788086e+00
5.843240022659301758e+00
8.480250835418701172e+00
8.564974069595336914e+00
2.362740993499755859e+00
4.474363803863525391e+00
2.791420936584472656e+00
6.090509176254272461e+00
5.610708951950073242e+00
2.336324930191040039e+00
4.567095994949340820e+00
5.178543806076049805e+00
2.757771015167236328e+00
6.860067844390869141e+00
3.760049819946289062e+00
1.003686594963073730e+01
3.993860006332397461e+00
4.744355916976928711e+00
4.679403066635131836e+00
3.842365980148315430e+00
3.501390695571899414e+00
3.917151927947998047e+00
5.609582185745239258e+00
2.772007942199707031e+00
5.901387929916381836e+00
4.130826950073242188e+00
5.873860836029052734e+00
6.913611173629760742e+00
5.033210039138793945e+00
3.675056934356689453e+00
5.216833114624023438e+00
3.466911077499389648e+00
3.675098896026611328e+00
5.769773006439208984e+00
5.155339717864990234e+00
7.679054975509643555e+00
5.424510002136230469e+00
3.298521041870117188e+00
4.368433237075805664e+00
6.516511917114257812e+00
3.463911771774291992e+00
2.857167959213256836e+00
3.777528762817382812e+00
4.710495948791503906e+00
5.918018102645874023e+00
3.159967422485351562e+00
3.584488868713378906e+00
4.317183971405029297e+00
4.637677669525146484e+00
6.430335998535156250e+00
6.114077091217041016e+00
4.204529047012329102e+00
3.858275175094604492e+00
3.180394887924194336e+00
3.344251871109008789e+00
5.588677167892456055e+00
4.257392883300781250e+00
3.639863967895507812e+00
1.045506000518798828e+01
2.805312871932983398e+00
6.137466192245483398e+00
4.399405956268310547e+00
3.574912071228027344e+00
5.180875062942504883e+00
5.187911033630371094e+00
4.348358869552612305e+00
5.592175245285034180e+00
4.690235853195190430e+00
4.611962080001831055e+00
5.504689216613769531e+00
4.635333061218261719e+00
4.322789907455444336e+00
4.337277889251708984e+00
6.753752946853637695e+00
4.168887138366699219e+00
4.658901929855346680e+00
4.023181915283203125e+00
3.592336893081665039e+00
3.249459981918334961e+00
3.794327974319458008e+00
3.606611967086791992e+00
4.770495176315307617e+00
4.407161235809326172e+00
4.033097028732299805e+00
3.544586896896362305e+00
3.724859952926635742e+00
3.741610050201416016e+00
6.736752986907958984e+00
4.944950103759765625e+00
3.130155801773071289e+00
4.496012926101684570e+00
4.757003068923950195e+00
5.214169979095458984e+00
3.250488042831420898e+00
3.722174882888793945e+00
5.137300968170166016e+00
7.530048847198486328e+00
7.215940237045288086e+00
5.332571983337402344e+00
5.145699977874755859e+00
2.837506055831909180e+00
6.344078063964843750e+00
7.528301954269409180e+00
5.080085992813110352e+00
3.064739227294921875e+00
1.565735816955566406e+00
7.987221002578735352e+00
3.471638679504394531e+00
8.707665920257568359e+00
3.285584926605224609e+00
5.073670864105224609e+00
4.190327167510986328e+00
3.617223978042602539e+00
5.472337245941162109e+00
3.071955919265747070e+00
4.631635904312133789e+00
8.335548877716064453e+00
3.038933992385864258e+00
4.724264860153198242e+00
6.203223943710327148e+00
5.930650949478149414e+00
6.660753965377807617e+00
4.489124774932861328e+00
3.384266138076782227e+00
3.956645965576171875e+00
3.750768899917602539e+00
3.620428085327148438e+00
4.089232683181762695e+00
4.061143159866333008e+00
3.355008125305175781e+00
1.585769891738891602e+00
7.353101253509521484e+00
4.966380119323730469e+00
4.469330072402954102e+00
3.913362026214599609e+00
5.995035886764526367e+00
2.984103202819824219e+00
3.250604867935180664e+00
4.782829046249389648e+00
4.388427019119262695e+00
4.010679960250854492e+00
5.100903034210205078e+00
3.702711820602416992e+00
4.986902952194213867e+00
3.929728984832763672e+00
3.684952020645141602e+00
5.585128068923950195e+00
5.100443840026855469e+00
3.775555849075317383e+00
5.256305694580078125e+00
4.201882123947143555e+00
3.899242162704467773e+00
6.252473831176757812e+00
6.432395935058593750e+00
3.774423837661743164e+00
8.365802049636840820e+00
5.775646924972534180e+00
7.528993129730224609e+00
4.175348997116088867e+00
4.992815017700195312e+00
7.358023881912231445e+00
4.347707986831665039e+00
6.176476955413818359e+00
4.859913825988769531e+00
4.919295072555541992e+00
4.448811054229736328e+00
4.415530204772949219e+00
4.894184112548828125e+00
3.509638309478759766e+00
6.369469881057739258e+00
4.356935739517211914e+00
5.310410022735595703e+00
5.383664846420288086e+00
5.632290124893188477e+00
4.624084949493408203e+00
5.152251005172729492e+00
5.920079946517944336e+00
3.517976045608520508e+00
7.295841217041015625e+00
5.572113037109375000e+00
5.267075061798095703e+00
4.977627038955688477e+00
5.781181812286376953e+00
5.241641998291015625e+00
5.806718111038208008e+00
7.825567007064819336e+00
3.500597000122070312e+00
4.868713378906250000e+00
8.200509071350097656e+00
7.772215127944946289e+00
5.892764091491699219e+00
5.032633066177368164e+00
5.158223867416381836e+00
5.331799030303955078e+00
5.888396024703979492e+00
5.821341991424560547e+00
7.304675817489624023e+00
5.619545221328735352e+00
6.235037088394165039e+00
7.573603153228759766e+00
5.244529724121093750e+00
4.337136983871459961e+00
3.609182834625244141e+00
5.423464775085449219e+00
4.985706090927124023e+00
6.725399971008300781e+00
6.476449012756347656e+00
4.144187211990356445e+00
4.127052068710327148e+00
3.742538928985595703e+00
2.399011135101318359e+00
4.662645816802978516e+00
4.339402198791503906e+00
5.863354921340942383e+00
4.622630834579467773e+00
7.558733940124511719e+00
3.990521192550659180e+00
5.147472143173217773e+00
4.057507753372192383e+00
5.987604856491088867e+00
4.506607294082641602e+00
5.632972002029418945e+00
4.417006015777587891e+00
5.172259092330932617e+00
5.603340864181518555e+00
5.730258941650390625e+00
4.662498950958251953e+00
3.947587013244628906e+00
5.900198936462402344e+00
3.992746114730834961e+00
4.009198904037475586e+00
4.876780033111572266e+00
6.387398004531860352e+00
5.420596837997436523e+00
6.402078866958618164e+00
5.977917909622192383e+00
4.915498256683349609e+00
5.176519870758056641e+00
8.822851181030273438e+00
8.945276021957397461e+00
5.315312147140502930e+00
4.894471168518066406e+00
5.052745103836059570e+00
4.686126232147216797e+00
6.585371255874633789e+00
6.789875030517578125e+00
3.944329977035522461e+00
7.473178148269653320e+00
6.819044828414916992e+00
2.975749731063842773e+00
7.303909063339233398e+00
2.921546936035156250e+00
3.114926099777221680e+00
3.552717685699462891e+00
4.996937036514282227e+00
4.565505981445312500e+00
4.062346935272216797e+00
5.014899969100952148e+00
7.026902914047241211e+00
3.707919120788574219e+00
4.554863929748535156e+00
5.567493200302124023e+00
4.278457880020141602e+00
4.009060144424438477e+00
8.264765024185180664e+00
4.546323776245117188e+00
5.037967920303344727e+00
4.468281030654907227e+00
3.497153043746948242e+00
4.867940902709960938e+00
4.847234010696411133e+00
5.302138805389404297e+00
4.354623317718505859e+00
4.879358053207397461e+00
4.497596025466918945e+00
5.067034721374511719e+00
3.200658082962036133e+00
8.020022153854370117e+00
4.132967948913574219e+00
2.632919073104858398e+00
3.337454080581665039e+00
3.982554197311401367e+00
3.952885150909423828e+00
5.465721845626831055e+00
2.863963842391967773e+00
3.852082014083862305e+00
3.268012046813964844e+00
3.478964090347290039e+00
3.796651124954223633e+00
5.054630994796752930e+00
3.562127113342285156e+00
5.607834815979003906e+00
5.401731014251708984e+00
3.808811664581298828e+00
5.358376979827880859e+00
3.061350107192993164e+00
3.616419076919555664e+00
3.249390125274658203e+00
4.052203893661499023e+00
4.042031049728393555e+00
4.014789819717407227e+00
4.162236213684082031e+00
5.907578945159912109e+00
1.767830133438110352e+00
5.084204912185668945e+00
4.224892854690551758e+00
3.816497802734375000e+00
6.597556352615356445e+00
6.225694179534912109e+00
5.995223999023437500e+00
6.326964139938354492e+00
5.941823005676269531e+00
5.067317962646484375e+00
3.542495965957641602e+00
4.539963960647583008e+00
3.933523893356323242e+00
4.378592014312744141e+00
3.368403911590576172e+00
6.440590858459472656e+00
5.986512184143066406e+00
6.438760042190551758e+00
6.252167940139770508e+00
6.319632053375244141e+00
6.268413305282592773e+00
4.625587940216064453e+00
2.746248006820678711e+00
5.951467990875244141e+00
4.845836877822875977e+00
4.935258150100708008e+00
6.170403718948364258e+00
9.295270204544067383e+00
4.810942888259887695e+00
5.955132007598876953e+00
5.111672878265380859e+00
4.825641870498657227e+00
4.951369047164916992e+00
6.349474906921386719e+00
3.623118877410888672e+00
6.906002283096313477e+00
6.758174180984497070e+00
3.271733999252319336e+00
7.581364154815673828e+00
6.888728141784667969e+00
6.574482917785644531e+00
6.632565021514892578e+00
3.565770149230957031e+00
6.334107875823974609e+00
5.403421878814697266e+00
6.995582103729248047e+00
3.335278272628784180e+00
7.193873167037963867e+00
7.072594881057739258e+00
4.841516017913818359e+00
5.012855768203735352e+00
5.313554763793945312e+00
4.863519906997680664e+00
3.095398902893066406e+00
6.933708906173706055e+00
5.381394386291503906e+00
3.482849121093750000e+00
2.740941047668457031e+00
7.779685974121093750e+00
3.888586044311523438e+00
2.688776254653930664e+00
3.255856037139892578e+00
6.488281011581420898e+00
6.977821826934814453e+00
5.157941102981567383e+00
3.650420904159545898e+00
3.848728656768798828e+00
4.823271036148071289e+00
5.773635149002075195e+00
4.596051931381225586e+00
4.672032117843627930e+00
8.382185935974121094e+00
4.824317216873168945e+00
8.252979040145874023e+00
3.863333940505981445e+00
4.762894868850708008e+00
4.371421337127685547e+00
6.247539043426513672e+00
7.187370061874389648e+00
8.702687978744506836e+00
2.784903287887573242e+00
3.402354001998901367e+00
2.709570884704589844e+00
4.052633762359619141e+00
2.893460988998413086e+00
5.215867996215820312e+00
5.493261098861694336e+00
3.549485921859741211e+00
3.328731060028076172e+00
5.895214080810546875e+00
2.896644115447998047e+00
3.811870813369750977e+00
3.120398998260498047e+00
3.701620101928710938e+00
3.666127204895019531e+00
3.143399953842163086e+00
4.031953096389770508e+00
2.739234924316406250e+00
4.280768156051635742e+00
3.105318069458007812e+00
3.265206813812255859e+00
3.681025028228759766e+00
3.901153802871704102e+00
4.919061183929443359e+00
3.991224050521850586e+00
4.129179000854492188e+00
4.079295873641967773e+00
5.841385126113891602e+00
4.513337850570678711e+00
4.103083133697509766e+00
2.983069896697998047e+00
4.186222076416015625e+00
3.325233936309814453e+00
5.243798017501831055e+00
4.770328760147094727e+00
3.648331165313720703e+00
6.270627021789550781e+00
4.583225011825561523e+00
5.649026870727539062e+00
1.042966389656066895e+01
4.649905204772949219e+00
4.088358879089355469e+00
4.295111894607543945e+00
5.734265089035034180e+00
6.892901897430419922e+00
2.907535076141357422e+00
5.397189855575561523e+00
3.421242952346801758e+00
2.368865013122558594e+00
3.084833145141601562e+00
6.862909078598022461e+00
6.545336246490478516e+00
5.871807098388671875e+00
6.821524858474731445e+00
5.110985994338989258e+00
5.519637107849121094e+00
5.266299247741699219e+00
2.695067167282104492e+00
6.016720771789550781e+00
2.957060098648071289e+00
4.763689994812011719e+00
5.056591033935546875e+00
6.137570858001708984e+00
5.057306051254272461e+00
3.559402227401733398e+00
3.639484882354736328e+00
4.017055988311767578e+00
5.788145780563354492e+00
6.628071308135986328e+00
4.490873098373413086e+00
6.210013151168823242e+00
6.566644906997680664e+00
5.696735143661499023e+00
4.367559194564819336e+00
6.807201623916625977e+00
7.576147079467773438e+00
5.743165969848632812e+00
4.895354747772216797e+00
6.239837884902954102e+00
7.502035856246948242e+00
4.892258167266845703e+00
4.846589088439941406e+00
7.691916227340698242e+00
5.350806951522827148e+00
2.564576864242553711e+00
4.584298133850097656e+00
8.674843788146972656e+00
3.439116001129150391e+00
5.031847953796386719e+00
4.126616716384887695e+00
6.366855859756469727e+00
3.745105981826782227e+00
7.068177223205566406e+00
5.656724929809570312e+00
7.041631937026977539e+00
5.125082254409790039e+00
4.529313087463378906e+00
4.675063133239746094e+00
5.079390048980712891e+00
4.956705093383789062e+00
6.639671087265014648e+00
4.898537874221801758e+00
5.115007162094116211e+00
5.654008150100708008e+00
7.531757116317749023e+00
6.926930189132690430e+00
9.034566164016723633e+00
4.756742954254150391e+00
6.852783918380737305e+00
3.229372024536132812e+00
8.094938993453979492e+00
5.629400968551635742e+00
2.614095926284790039e+00
3.217878818511962891e+00
4.914749860763549805e+00
2.582040786743164062e+00
3.106431007385253906e+00
5.227148056030273438e+00
2.757275104522705078e+00
3.584457874298095703e+00
3.903828859329223633e+00
3.169612884521484375e+00
3.670825004577636719e+00
3.382479190826416016e+00
6.190613031387329102e+00
2.811091899871826172e+00
3.257961034774780273e+00
2.726665019989013672e+00
3.482424020767211914e+00
8.508866071701049805e+00
3.612533807754516602e+00
3.822219133377075195e+00
4.248678922653198242e+00
2.387757062911987305e+00
3.434225082397460938e+00
3.788675069808959961e+00
3.483508825302124023e+00
6.287283182144165039e+00
4.386611223220825195e+00
3.926636934280395508e+00
3.213192939758300781e+00
4.016170978546142578e+00
3.358136177062988281e+00
3.788027763366699219e+00
4.672605037689208984e+00
3.947658300399780273e+00
4.213433980941772461e+00
3.978031873703002930e+00
4.343502759933471680e+00
4.324255943298339844e+00
5.011867046356201172e+00
4.136394023895263672e+00
4.275990962982177734e+00
4.773054122924804688e+00
3.885126829147338867e+00
3.816599130630493164e+00
2.253345727920532227e+00
4.445058107376098633e+00
4.757578134536743164e+00
2.286338090896606445e+00
5.421675920486450195e+00
4.740709066390991211e+00
4.444129943847656250e+00
5.528261899948120117e+00
2.719282150268554688e+00
5.191870927810668945e+00
5.210984945297241211e+00
5.733289957046508789e+00
2.882130861282348633e+00
6.616272926330566406e+00
5.745069026947021484e+00
4.325681924819946289e+00
6.001158952713012695e+00
3.205188035964965820e+00
3.261095285415649414e+00
4.899909973144531250e+00
6.060840129852294922e+00
4.217132091522216797e+00
3.624973058700561523e+00
5.072329998016357422e+00
3.516999959945678711e+00
9.506695985794067383e+00
4.304203033447265625e+00
4.733606815338134766e+00
4.964450120925903320e+00
4.094766139984130859e+00
4.925350189208984375e+00
3.284353017807006836e+00
5.749701023101806641e+00
4.390327930450439453e+00
3.210420131683349609e+00
5.903617620468139648e+00
7.585782051086425781e+00
5.995092391967773438e+00
7.647364854812622070e+00
7.392726182937622070e+00
7.986454010009765625e+00
4.464739084243774414e+00
8.276330947875976562e+00
7.469055175781250000e+00
7.271523714065551758e+00
7.750842809677124023e+00
7.558717966079711914e+00
6.139497041702270508e+00
8.245868921279907227e+00
6.197894096374511719e+00
7.760148048400878906e+00
7.872982025146484375e+00
2.585909843444824219e+00
8.238540649414062500e+00
3.869060993194580078e+00
5.690047979354858398e+00
8.426985979080200195e+00
5.734127283096313477e+00
6.460494995117187500e+00
5.620631217956542969e+00
5.881835699081420898e+00
8.943619012832641602e+00
5.741228818893432617e+00
8.120404005050659180e+00
8.291165113449096680e+00
6.156071186065673828e+00
4.191320180892944336e+00
4.306331872940063477e+00
3.655754804611206055e+00
7.975796937942504883e+00
8.504918813705444336e+00
7.255593061447143555e+00
3.724715948104858398e+00
8.645206212997436523e+00
7.175655126571655273e+00
6.028391838073730469e+00
5.959825038909912109e+00
8.422933816909790039e+00
6.535214185714721680e+00
8.215262889862060547e+00
7.181406974792480469e+00
8.517042875289916992e+00
7.457844018936157227e+00
9.200428962707519531e+00
8.871306896209716797e+00
7.096411943435668945e+00
3.233787059783935547e+00
5.761134147644042969e+00
6.823162078857421875e+00
8.157640218734741211e+00
5.932711124420166016e+00
4.577184200286865234e+00
6.351992130279541016e+00
9.889965057373046875e+00
9.491413116455078125e+00
4.786860704421997070e+00
6.327908039093017578e+00
7.427515983581542969e+00
3.955035924911499023e+00
5.371978044509887695e+00
5.263422966003417969e+00
4.898706197738647461e+00
5.981961965560913086e+00
9.214470863342285156e+00
5.414283990859985352e+00
5.482272148132324219e+00
3.817591905593872070e+00
5.338286876678466797e+00
6.960397005081176758e+00
9.315333843231201172e+00
3.302218914031982422e+00
1.015903186798095703e+01
7.550165176391601562e+00
6.110660076141357422e+00
7.973172903060913086e+00
1.062414288520812988e+01
6.348440170288085938e+00
6.776304006576538086e+00
7.144098043441772461e+00
3.559172153472900391e+00
3.767481803894042969e+00
5.367358922958374023e+00
3.903397083282470703e+00
6.308466911315917969e+00
5.777674198150634766e+00
4.050315141677856445e+00
4.103560924530029297e+00
4.040853023529052734e+00
3.980874061584472656e+00
6.326955080032348633e+00
3.881389856338500977e+00
6.945654153823852539e+00
7.821259975433349609e+00
3.005859851837158203e+00
2.814118146896362305e+00
5.734883069992065430e+00
6.053073167800903320e+00
8.539343118667602539e+00
3.616578102111816406e+00
4.508375883102416992e+00
3.669417142868041992e+00
7.246737003326416016e+00
6.915193080902099609e+00
2.311707258224487305e+00
5.134384870529174805e+00
3.591205835342407227e+00
3.634639263153076172e+00
6.640006780624389648e+00
4.936289787292480469e+00
4.086233854293823242e+00
4.921134233474731445e+00
6.762956619262695312e+00
9.332783699035644531e+00
4.718140125274658203e+00
3.790216922760009766e+00
2.906800985336303711e+00
3.743361949920654297e+00
4.508879184722900391e+00
4.187109947204589844e+00
3.868421792984008789e+00
4.600047111511230469e+00
7.406726837158203125e+00
5.084341049194335938e+00
3.363740921020507812e+00
7.911432743072509766e+00
5.150690078735351562e+00
4.188231229782104492e+00
4.138362169265747070e+00
8.451833248138427734e+00
4.022584915161132812e+00
5.991424083709716797e+00
5.053584098815917969e+00
6.196852922439575195e+00
4.429847002029418945e+00
5.757516860961914062e+00
5.859414815902709961e+00
9.683771848678588867e+00
5.424669027328491211e+00
4.028824090957641602e+00
4.810070037841796875e+00
3.051073074340820312e+00
5.765832901000976562e+00
5.713022232055664062e+00
5.960007190704345703e+00
6.515166997909545898e+00
4.625311136245727539e+00
6.020338058471679688e+00
5.870054006576538086e+00
5.386186838150024414e+00
4.699109792709350586e+00
4.706193923950195312e+00
5.623773097991943359e+00
5.974883079528808594e+00
6.414232969284057617e+00
6.118070125579833984e+00
6.765336990356445312e+00
9.889575004577636719e+00
5.863868951797485352e+00
6.283622026443481445e+00
6.377836227416992188e+00
6.008821964263916016e+00
2.973140001296997070e+00
5.209079980850219727e+00
4.764569282531738281e+00
3.131798028945922852e+00
7.350084066390991211e+00
2.970959901809692383e+00
4.540344715118408203e+00
8.058871030807495117e+00
4.626544952392578125e+00
5.220028877258300781e+00
3.936821937561035156e+00
5.055848836898803711e+00
3.835673093795776367e+00
3.738528966903686523e+00
4.060873985290527344e+00
4.248269796371459961e+00
6.845519065856933594e+00
2.366907119750976562e+00
6.508317232131958008e+00
4.503661870956420898e+00
3.086849927902221680e+00
3.426876068115234375e+00
3.117905855178833008e+00
3.936792850494384766e+00
4.714862823486328125e+00
3.118753194808959961e+00
3.414244174957275391e+00
3.497107982635498047e+00
3.988234996795654297e+00
4.387616157531738281e+00
5.273488998413085938e+00
4.100541830062866211e+00
5.156747817993164062e+00
4.878010034561157227e+00
6.414043903350830078e+00
5.337728023529052734e+00
6.961599111557006836e+00
4.714310169219970703e+00
5.001615762710571289e+00
5.765671730041503906e+00
4.496181011199951172e+00
7.030172824859619141e+00
1.530566930770874023e+00
4.733354091644287109e+00
4.887360095977783203e+00
7.771252155303955078e+00
6.680932044982910156e+00
3.283746719360351562e+00
2.681326150894165039e+00
5.059849262237548828e+00
3.818044900894165039e+00
4.419207334518432617e+00
3.860851764678955078e+00
4.968297958374023438e+00
5.208743333816528320e+00
3.278554916381835938e+00
5.081892967224121094e+00
5.163475990295410156e+00
7.569119930267333984e+00
3.305681943893432617e+00
3.354342937469482422e+00
5.765173912048339844e+00
3.835060834884643555e+00
2.963217020034790039e+00
4.094022989273071289e+00
3.187635898590087891e+00
3.666290044784545898e+00
4.081415891647338867e+00
6.917714118957519531e+00
3.845915079116821289e+00
4.447558879852294922e+00
3.993465900421142578e+00
6.144897937774658203e+00
7.228979825973510742e+00
3.457389831542968750e+00
4.164426088333129883e+00
4.089150905609130859e+00
3.495353937149047852e+00
3.736057281494140625e+00
6.533154964447021484e+00
5.917392730712890625e+00
3.184390068054199219e+00
4.080229997634887695e+00
2.882304906845092773e+00
4.594532966613769531e+00
3.699242115020751953e+00
4.384109735488891602e+00
4.835578918457031250e+00
3.997721672058105469e+00
3.786153078079223633e+00
5.194654226303100586e+00
5.531270027160644531e+00
3.478307962417602539e+00
3.857537746429443359e+00
5.469416856765747070e+00
4.297894954681396484e+00
3.908073186874389648e+00
5.853188991546630859e+00
4.310621738433837891e+00
4.868096113204956055e+00
4.630694866180419922e+00
3.495022058486938477e+00
3.384160041809082031e+00
4.001798152923583984e+00
3.611685037612915039e+00
3.407896995544433594e+00
6.872464179992675781e+00
4.977934837341308594e+00
4.082492113113403320e+00
4.740259885787963867e+00
4.486266136169433594e+00
5.561530113220214844e+00
3.818984985351562500e+00
2.970963954925537109e+00
4.253396034240722656e+00
4.058570146560668945e+00
3.959462165832519531e+00
8.842969179153442383e+00
4.945007801055908203e+00
3.588784217834472656e+00
5.143680095672607422e+00
6.051736116409301758e+00
4.394425153732299805e+00
4.012244224548339844e+00
3.220229148864746094e+00
4.297760963439941406e+00
4.272784233093261719e+00
4.441298007965087891e+00
3.947696208953857422e+00
5.760761022567749023e+00
3.982353925704956055e+00
4.307522058486938477e+00
3.189468860626220703e+00
5.744744062423706055e+00
4.084067106246948242e+00
5.082002878189086914e+00
4.951345920562744141e+00
4.827039957046508789e+00
4.832561016082763672e+00
3.682783842086791992e+00
3.298311948776245117e+00
3.636858701705932617e+00
4.350270986557006836e+00
3.631312847137451172e+00
3.555456876754760742e+00
3.618943929672241211e+00
3.191344261169433594e+00
2.788055658340454102e+00
4.822392940521240234e+00
3.918464183807373047e+00
3.811162948608398438e+00
3.510215044021606445e+00
3.433423042297363281e+00
3.920824050903320312e+00
4.107304096221923828e+00
4.200422286987304688e+00
2.268152952194213867e+00
3.298513889312744141e+00
4.122971773147583008e+00
4.014398813247680664e+00
3.137748003005981445e+00
4.104951858520507812e+00
2.735169887542724609e+00
3.133331775665283203e+00
2.576516151428222656e+00
3.838298082351684570e+00
2.525089979171752930e+00
2.168201923370361328e+00
3.506232023239135742e+00
4.539210081100463867e+00
4.725990772247314453e+00
2.709340095520019531e+00
3.733650922775268555e+00
7.004289865493774414e+00
2.059078216552734375e+00
3.986189126968383789e+00
3.706717967987060547e+00
2.995836019515991211e+00
3.323697090148925781e+00
2.759140014648437500e+00
5.251512050628662109e+00
7.585124969482421875e+00
3.494757890701293945e+00
3.516495227813720703e+00
3.453904151916503906e+00
6.043517827987670898e+00
3.597250938415527344e+00
3.072635889053344727e+00
3.243765830993652344e+00
3.015112876892089844e+00
3.345417976379394531e+00
6.947448253631591797e+00
4.848004102706909180e+00
5.493245363235473633e+00
8.687619209289550781e+00
3.960160017013549805e+00
6.194742202758789062e+00
6.801553964614868164e+00
2.857118368148803711e+00
9.572877645492553711e+00
6.111169815063476562e+00
5.612749099731445312e+00
3.736319303512573242e+00
4.558346986770629883e+00
6.202048063278198242e+00
4.241673231124877930e+00
3.864948034286499023e+00
3.655925989151000977e+00
4.140369176864624023e+00
3.601906061172485352e+00
2.301932096481323242e+00
4.174511909484863281e+00
4.291944980621337891e+00
2.529465198516845703e+00
4.342389822006225586e+00
4.446761846542358398e+00
3.604650974273681641e+00
3.068599939346313477e+00
2.683107852935791016e+00
3.977545976638793945e+00
7.307216882705688477e+00
3.183491706848144531e+00
3.379785060882568359e+00
5.187399148941040039e+00
4.792171001434326172e+00
3.591553926467895508e+00
3.021899700164794922e+00
2.623419046401977539e+00
3.932775020599365234e+00
4.702271938323974609e+00
4.022834300994873047e+00
4.628840208053588867e+00
3.838300943374633789e+00
2.719395875930786133e+00
3.414425134658813477e+00
4.600770711898803711e+00
3.660290956497192383e+00
4.490114688873291016e+00
4.790796041488647461e+00
6.307004928588867188e+00
4.687435865402221680e+00
4.032530307769775391e+00
3.359905719757080078e+00
3.013883829116821289e+00
4.488257169723510742e+00
4.416301965713500977e+00
4.319596052169799805e+00
3.617953062057495117e+00
3.635785102844238281e+00
3.956984996795654297e+00
5.165776252746582031e+00
5.143006324768066406e+00
6.421447992324829102e+00
4.549893856048583984e+00
3.362604141235351562e+00
4.075280904769897461e+00
3.777839183807373047e+00
4.781382322311401367e+00
2.876563787460327148e+00
2.749284982681274414e+00
3.963947057723999023e+00
3.367104768753051758e+00
3.196739912033081055e+00
2.558865070343017578e+00
3.827748060226440430e+00
3.562650203704833984e+00
3.117123126983642578e+00
4.625928401947021484e+00
2.952456951141357422e+00
4.288213014602661133e+00
4.489267110824584961e+00
4.354124784469604492e+00
4.095413208007812500e+00
5.507278680801391602e+00
4.541131019592285156e+00
3.564903974533081055e+00
4.210364818572998047e+00
5.010186910629272461e+00
3.299706935882568359e+00
3.700829982757568359e+00
5.020877122879028320e+00
4.286122083663940430e+00
4.241966962814331055e+00
3.614954948425292969e+00
3.519004821777343750e+00
4.940644264221191406e+00
5.780949115753173828e+00
3.623385906219482422e+00
4.573129892349243164e+00
3.389312744140625000e+00
9.040788888931274414e+00
3.573914766311645508e+00
4.879280090332031250e+00
6.920763731002807617e+00
4.711492776870727539e+00
3.119503259658813477e+00
4.778331279754638672e+00
4.224254846572875977e+00
4.418293952941894531e+00
2.795836925506591797e+00
3.685002803802490234e+00
4.309295892715454102e+00
4.080563068389892578e+00
4.100130081176757812e+00
3.913811922073364258e+00
4.883032083511352539e+00
4.885942935943603516e+00
4.539041996002197266e+00
3.492062091827392578e+00
3.705456972122192383e+00
4.887722253799438477e+00
3.681915998458862305e+00
4.736351966857910156e+00
9.684933900833129883e+00
4.505498170852661133e+00
3.234633922576904297e+00
2.526419878005981445e+00
3.403573036193847656e+00
4.524227857589721680e+00
5.424146175384521484e+00
4.147252798080444336e+00
4.845288991928100586e+00
4.495879173278808594e+00
3.912228107452392578e+00
2.482612133026123047e+00
5.907270193099975586e+00
2.475749731063842773e+00
4.506550073623657227e+00
7.596296310424804688e+00
5.378396034240722656e+00
1.998738050460815430e+00
5.960881948471069336e+00
3.751418828964233398e+00
4.394013881683349609e+00
4.507259130477905273e+00
6.413512945175170898e+00
5.594327211380004883e+00
5.344208002090454102e+00
5.783510684967041016e+00
3.554364919662475586e+00
4.766710996627807617e+00
3.828442096710205078e+00
5.404190063476562500e+00
6.643671035766601562e+00
2.555927991867065430e+00
4.731379985809326172e+00
4.542744636535644531e+00
6.173169136047363281e+00
5.683835268020629883e+00
3.078543901443481445e+00
4.887188911437988281e+00
3.488533020019531250e+00
5.968590021133422852e+00
4.850402593612670898e+00
6.222820043563842773e+00
2.736559867858886719e+00
3.896868944168090820e+00
1.739933967590332031e+00
2.328779935836791992e+00
5.668694019317626953e+00
2.698149204254150391e+00
5.663931131362915039e+00
2.903719186782836914e+00
2.777377128601074219e+00
3.439776182174682617e+00
3.301166057586669922e+00
4.846173048019409180e+00
4.286020040512084961e+00
3.956277132034301758e+00
3.999174833297729492e+00
2.539201021194458008e+00
4.572491168975830078e+00
4.199204206466674805e+00
3.428814888000488281e+00
4.738495826721191406e+00
7.353250026702880859e+00
5.357739925384521484e+00
8.358146905899047852e+00
1.019627070426940918e+01
4.152839183807373047e+00
4.189438819885253906e+00
4.952599048614501953e+00
4.321120977401733398e+00
4.236942768096923828e+00
5.663609027862548828e+00
3.849816799163818359e+00
8.474603891372680664e+00
4.094044923782348633e+00
7.410191297531127930e+00
5.263602018356323242e+00
5.110809803009033203e+00
3.988029956817626953e+00
4.979098081588745117e+00
5.577780008316040039e+00
4.467338085174560547e+00
4.547652006149291992e+00
3.889263868331909180e+00
5.904603004455566406e+00
5.547485113143920898e+00
6.109234094619750977e+00
4.045264959335327148e+00
3.710251092910766602e+00
3.098510026931762695e+00
4.576585054397583008e+00
4.086506128311157227e+00
2.852487802505493164e+00
8.479902029037475586e+00
4.755163908004760742e+00
5.000568151473999023e+00
4.440984964370727539e+00
6.191617727279663086e+00
4.213361024856567383e+00
4.215773820877075195e+00
5.341082096099853516e+00
3.971581935882568359e+00
3.099145174026489258e+00
6.733103036880493164e+00
5.091885805130004883e+00
3.028398036956787109e+00
3.891674995422363281e+00
6.227705955505371094e+00
4.372980117797851562e+00
6.877922058105468750e+00
3.554285049438476562e+00
3.340227127075195312e+00
2.831300020217895508e+00
2.738945245742797852e+00
4.376307249069213867e+00
8.612927913665771484e+00
2.521883964538574219e+00
4.256003856658935547e+00
3.634753942489624023e+00
3.774802923202514648e+00
3.734201908111572266e+00
4.247332811355590820e+00
6.607925176620483398e+00
6.411453962326049805e+00
6.553276777267456055e+00
7.401543140411376953e+00
6.361407995223999023e+00
4.563820123672485352e+00
6.815771341323852539e+00
4.203176975250244141e+00
7.054406166076660156e+00
5.829344034194946289e+00
4.901612043380737305e+00
6.952661991119384766e+00
4.668118715286254883e+00
5.389117002487182617e+00
9.086846828460693359e+00
2.435226202011108398e+00
8.089121103286743164e+00
3.432462930679321289e+00
5.383656978607177734e+00
5.192245006561279297e+00
7.866315126419067383e+00
3.034689664840698242e+00
3.338611841201782227e+00
8.367851972579956055e+00
3.177376031875610352e+00
5.469069719314575195e+00
3.341444969177246094e+00
8.036513090133666992e+00
5.912927150726318359e+00
5.038108825683593750e+00
3.877729177474975586e+00
3.754703998565673828e+00
3.862404823303222656e+00
4.310839891433715820e+00
2.504616022109985352e+00
5.858797073364257812e+00
4.084168195724487305e+00
5.318782091140747070e+00
3.137463092803955078e+00
5.371055126190185547e+00
2.345574855804443359e+00
4.827221155166625977e+00
3.276118993759155273e+00
1.966247081756591797e+00
4.555109977722167969e+00
3.243706226348876953e+00
4.495636940002441406e+00
2.621574163436889648e+00
5.586996078491210938e+00
4.294043779373168945e+00
5.888959884643554688e+00
3.723766088485717773e+00
6.552763223648071289e+00
3.773834943771362305e+00
3.954353094100952148e+00
5.455297946929931641e+00
3.535927057266235352e+00
6.247320175170898438e+00
9.137645721435546875e+00
6.073173999786376953e+00
2.998042821884155273e+00
2.995609998703002930e+00
3.197815895080566406e+00
3.185745000839233398e+00
4.466034889221191406e+00
3.283252954483032227e+00
6.434876918792724609e+00
3.270438194274902344e+00
2.754723072052001953e+00
3.706526994705200195e+00
3.421788930892944336e+00
4.207962751388549805e+00
6.412772178649902344e+00
3.257328271865844727e+00
3.772401094436645508e+00
3.984782934188842773e+00
3.541393041610717773e+00
3.040786981582641602e+00
2.698607921600341797e+00
6.015004873275756836e+00
4.800483703613281250e+00
3.517590999603271484e+00
3.987825870513916016e+00
4.011411905288696289e+00
4.724570274353027344e+00
3.930630922317504883e+00
5.605376005172729492e+00
3.119197845458984375e+00
3.456466913223266602e+00
3.319644927978515625e+00
3.709108114242553711e+00
3.651011943817138672e+00
3.132642030715942383e+00
3.959059953689575195e+00
3.378191947937011719e+00
2.579873085021972656e+00
5.298899888992309570e+00
4.331033229827880859e+00
2.932436943054199219e+00
2.836675882339477539e+00
4.160708904266357422e+00
4.108534097671508789e+00
3.954236745834350586e+00
3.292920112609863281e+00
4.630845069885253906e+00
3.709275245666503906e+00
3.593903303146362305e+00
3.165652990341186523e+00
4.790796995162963867e+00
4.611649990081787109e+00
4.770030975341796875e+00
3.464022159576416016e+00
3.942483901977539062e+00
5.313781976699829102e+00
6.271631240844726562e+00
5.021007061004638672e+00
5.627027988433837891e+00
7.777252912521362305e+00
4.116237163543701172e+00
5.288169860839843750e+00
4.159620046615600586e+00
6.474486112594604492e+00
4.244135141372680664e+00
3.444133281707763672e+00
4.650291919708251953e+00
2.857920885086059570e+00
3.089459180831909180e+00
3.088798284530639648e+00
4.733381032943725586e+00
2.902911901473999023e+00
4.800678014755249023e+00
4.411932229995727539e+00
3.316531896591186523e+00
3.021097898483276367e+00
4.504981994628906250e+00
4.150666952133178711e+00
6.752254009246826172e+00
3.654293060302734375e+00
4.868538856506347656e+00
4.037385940551757812e+00
3.438855886459350586e+00
4.535166025161743164e+00
5.329222202301025391e+00
5.290941953659057617e+00
6.059675216674804688e+00
4.833290815353393555e+00
4.258687019348144531e+00
6.356973886489868164e+00
4.546190023422241211e+00
5.506911993026733398e+00
3.941574096679687500e+00
5.042646646499633789e+00
5.589015245437622070e+00
4.622060775756835938e+00
3.430353164672851562e+00
3.936521291732788086e+00
2.872414827346801758e+00
5.180506944656372070e+00
7.418863058090209961e+00
5.974751949310302734e+00
5.885142803192138672e+00
4.301599979400634766e+00
4.908353090286254883e+00
5.131826162338256836e+00
5.131581306457519531e+00
4.660339117050170898e+00
4.183566093444824219e+00
7.418044805526733398e+00
3.243922948837280273e+00
8.414547920227050781e+00
4.117223024368286133e+00
5.097576379776000977e+00
5.490298032760620117e+00
3.516699075698852539e+00
5.076984882354736328e+00
5.848143100738525391e+00
3.465982913970947266e+00
4.920266866683959961e+00
5.906903028488159180e+00
3.155825853347778320e+00
6.858489990234375000e+00
6.616665124893188477e+00
6.169676065444946289e+00
7.304749965667724609e+00
3.271037101745605469e+00
4.236295938491821289e+00
3.461652040481567383e+00
3.961827754974365234e+00
3.959162235260009766e+00
4.402840137481689453e+00
3.128075122833251953e+00
2.817853212356567383e+00
3.542309999465942383e+00
4.906965970993041992e+00
5.142590999603271484e+00
4.918246984481811523e+00
3.667808294296264648e+00
2.433438062667846680e+00
5.020280122756958008e+00
5.731119155883789062e+00
5.548470973968505859e+00
2.706549882888793945e+00
7.762159109115600586e+00
5.974326133728027344e+00
2.338539123535156250e+00
3.908833980560302734e+00
5.934926986694335938e+00
5.468508005142211914e+00
3.314445018768310547e+00
5.945327043533325195e+00
4.329051971435546875e+00
4.737576961517333984e+00
6.863648891448974609e+00
4.473282098770141602e+00
4.054674863815307617e+00
6.273643016815185547e+00
5.975074052810668945e+00
6.803669929504394531e+00
4.561913967132568359e+00
4.478163957595825195e+00
5.145375013351440430e+00
5.350311994552612305e+00
5.086472988128662109e+00
3.827951908111572266e+00
4.227411985397338867e+00
4.653376817703247070e+00
7.399642229080200195e+00
3.856258869171142578e+00
3.463571071624755859e+00
2.675485849380493164e+00
7.636057853698730469e+00
3.671598911285400391e+00
4.292444944381713867e+00
3.203937053680419922e+00
7.233401775360107422e+00
4.874691009521484375e+00
3.582149267196655273e+00
4.002622365951538086e+00
4.139428138732910156e+00
3.798871040344238281e+00
3.527391910552978516e+00
3.973925113677978516e+00
3.760270833969116211e+00
3.605098962783813477e+00
4.590663194656372070e+00
3.314204931259155273e+00
3.821997165679931641e+00
3.884884834289550781e+00
2.163145065307617188e+00
2.910701990127563477e+00
4.202443122863769531e+00
4.037305116653442383e+00
7.527328968048095703e+00
5.290400028228759766e+00
2.275676965713500977e+00
2.601165056228637695e+00
4.706259012222290039e+00
3.213263034820556641e+00
2.101268053054809570e+00
3.193476915359497070e+00
4.202635049819946289e+00
3.393136024475097656e+00
2.322988033294677734e+00
3.391376733779907227e+00
5.884349107742309570e+00
5.633623123168945312e+00
5.486279964447021484e+00
5.457055091857910156e+00
5.823188066482543945e+00
4.036646842956542969e+00
4.539181947708129883e+00
5.989243030548095703e+00
4.310673952102661133e+00
6.284050941467285156e+00
5.525851964950561523e+00
5.672615051269531250e+00
5.527057170867919922e+00
4.792873144149780273e+00
5.891976118087768555e+00
5.351500034332275391e+00
1.133062791824340820e+01
6.678580999374389648e+00
6.421286821365356445e+00
4.668994665145874023e+00
5.660095930099487305e+00
6.824871063232421875e+00
1.800130844116210938e+00
7.504390001296997070e+00
6.712321996688842773e+00
4.054266214370727539e+00
5.899044275283813477e+00
2.889974832534790039e+00
4.661992311477661133e+00
5.769382953643798828e+00
3.560090780258178711e+00
2.517267942428588867e+00
2.694842815399169922e+00
2.963943004608154297e+00
8.122786998748779297e+00
6.609122991561889648e+00
5.642075061798095703e+00
5.994399070739746094e+00
2.457060098648071289e+00
7.964797019958496094e+00
2.649164676666259766e+00
6.659193277359008789e+00
8.848793029785156250e+00
7.136230707168579102e+00
3.606261968612670898e+00
3.339545011520385742e+00
3.038364171981811523e+00
3.480239868164062500e+00
9.507207870483398438e+00
3.888634204864501953e+00
3.487504005432128906e+00
2.518658161163330078e+00
2.619906902313232422e+00
2.802936077117919922e+00
6.116030931472778320e+00
2.281860113143920898e+00
3.823912143707275391e+00
3.603022098541259766e+00
3.443094015121459961e+00
3.223332166671752930e+00
4.283291101455688477e+00
4.000648975372314453e+00
2.679734945297241211e+00
3.984185934066772461e+00
2.605968952178955078e+00
3.323776006698608398e+00
8.497478246688842773e+00
2.625929832458496094e+00
3.611734867095947266e+00
5.299247980117797852e+00
4.486437797546386719e+00
4.068240880966186523e+00
3.935004234313964844e+00
4.369268894195556641e+00
5.207653760910034180e+00
2.699520826339721680e+00
4.792556047439575195e+00
4.520176887512207031e+00
2.792560815811157227e+00
5.077668190002441406e+00
2.918214082717895508e+00
5.142715215682983398e+00
3.551767110824584961e+00
3.580293893814086914e+00
3.311197996139526367e+00
4.426270008087158203e+00
4.302402973175048828e+00
4.377621889114379883e+00
5.599882125854492188e+00
4.528815031051635742e+00
3.973162174224853516e+00
5.976039171218872070e+00
3.647877216339111328e+00
4.003623008728027344e+00
5.662778139114379883e+00
6.350568056106567383e+00
5.385188102722167969e+00
6.812395811080932617e+00
5.982007741928100586e+00
6.317127943038940430e+00
5.718430280685424805e+00
4.531254053115844727e+00
7.250730991363525391e+00
7.308419942855834961e+00
4.759041786193847656e+00
3.182028055191040039e+00
5.162329196929931641e+00
2.935359001159667969e+00
6.202541828155517578e+00
3.417714834213256836e+00
6.546970844268798828e+00
6.191969871520996094e+00
5.160346984863281250e+00
5.057208061218261719e+00
3.386617183685302734e+00
2.804010391235351562e+00
3.384648323059082031e+00
3.534875154495239258e+00
3.272701978683471680e+00
2.495602846145629883e+00
3.803284883499145508e+00
4.228665113449096680e+00
3.001770019531250000e+00
3.221080064773559570e+00
5.690594673156738281e+00
4.084173202514648438e+00
4.557368755340576172e+00
4.787984848022460938e+00
2.382786035537719727e+00
4.356746912002563477e+00
4.175953149795532227e+00
4.497862100601196289e+00
2.886862993240356445e+00
6.177340984344482422e+00
5.590303897857666016e+00
5.239245176315307617e+00
6.291821718215942383e+00
3.758741855621337891e+00
4.024161815643310547e+00
4.617455244064331055e+00
3.573086977005004883e+00
5.154659271240234375e+00
3.263985157012939453e+00
4.784885883331298828e+00
3.139785051345825195e+00
4.588208198547363281e+00
3.455836057662963867e+00
5.411103010177612305e+00
5.005552768707275391e+00
6.642868041992187500e+00
7.278920888900756836e+00
4.852189064025878906e+00
3.163015127182006836e+00
3.578278064727783203e+00
5.229939937591552734e+00
3.831431150436401367e+00
3.564478874206542969e+00
5.103211164474487305e+00
5.786161184310913086e+00
4.393450021743774414e+00
3.705455064773559570e+00
3.427520036697387695e+00
5.414506196975708008e+00
2.774719238281250000e+00
2.673284769058227539e+00
3.286823987960815430e+00
5.640758991241455078e+00
3.597701787948608398e+00
3.185499191284179688e+00
7.014035940170288086e+00
3.336649894714355469e+00
2.595376253128051758e+00
2.782269001007080078e+00
3.672345876693725586e+00
2.452202081680297852e+00
3.936525106430053711e+00
6.844651937484741211e+00
2.638840198516845703e+00
3.797865152359008789e+00
2.746765851974487305e+00
2.245262861251831055e+00
3.014896869659423828e+00
3.112680912017822266e+00
2.364622116088867188e+00
4.679642915725708008e+00
5.422638893127441406e+00
9.237195014953613281e+00
3.518382072448730469e+00
3.704807043075561523e+00
7.756374120712280273e+00
5.725793838500976562e+00
3.204441070556640625e+00
2.856556177139282227e+00
2.754647970199584961e+00
4.553419828414916992e+00
4.339423894882202148e+00
4.773238897323608398e+00
4.953800916671752930e+00
4.335051059722900391e+00
3.740317106246948242e+00
4.704746007919311523e+00
3.617747783660888672e+00
3.173818111419677734e+00
3.474105119705200195e+00
4.501707077026367188e+00
4.436285018920898438e+00
5.700335264205932617e+00
5.764017820358276367e+00
4.258705139160156250e+00
4.927606821060180664e+00
3.687185049057006836e+00
4.200769901275634766e+00
4.075983285903930664e+00
3.700872898101806641e+00
4.764009952545166016e+00
4.109575033187866211e+00
2.758131027221679688e+00
3.619916200637817383e+00
7.631839036941528320e+00
4.747846126556396484e+00
3.109090089797973633e+00
3.126878023147583008e+00
5.299748182296752930e+00
4.255280971527099609e+00
6.939496278762817383e+00
5.524004936218261719e+00
8.333057880401611328e+00
4.072034120559692383e+00
3.649670124053955078e+00
5.379598140716552734e+00
3.594536781311035156e+00
2.801896095275878906e+00
3.486265182495117188e+00
3.245275259017944336e+00
3.458312034606933594e+00
3.814899921417236328e+00
3.279867887496948242e+00
4.234057903289794922e+00
3.757361173629760742e+00
3.671308040618896484e+00
4.813219785690307617e+00
4.091875791549682617e+00
5.082324028015136719e+00
8.489637851715087891e+00
6.886910200119018555e+00
6.075172901153564453e+00
5.602720022201538086e+00
4.595108985900878906e+00
6.053350210189819336e+00
3.758474826812744141e+00
4.385118961334228516e+00
3.843043088912963867e+00
5.038766145706176758e+00
6.145489931106567383e+00
4.506949901580810547e+00
4.413554906845092773e+00
3.433645009994506836e+00
4.804465055465698242e+00
3.623782873153686523e+00
3.856993198394775391e+00
4.198619127273559570e+00
3.126620292663574219e+00
3.474281072616577148e+00
2.093350172042846680e+00
4.139226913452148438e+00
3.382235050201416016e+00
3.413275957107543945e+00
3.338488101959228516e+00
6.144807100296020508e+00
3.845876932144165039e+00
3.364771127700805664e+00
4.060094833374023438e+00
4.434060096740722656e+00
3.800392866134643555e+00
4.760054111480712891e+00
4.715873003005981445e+00
6.138561964035034180e+00
4.261658906936645508e+00
4.451110124588012695e+00
2.475914955139160156e+00
8.161215066909790039e+00
4.328485965728759766e+00
2.795058012008666992e+00
2.724389791488647461e+00
5.001739978790283203e+00
1.819333791732788086e+00
5.230617046356201172e+00
3.114500045776367188e+00
2.957137107849121094e+00
4.573991298675537109e+00
3.808248281478881836e+00
4.259574890136718750e+00
4.707815885543823242e+00
3.733700990676879883e+00
3.098126173019409180e+00
3.891672134399414062e+00
3.576686859130859375e+00
3.791961908340454102e+00
4.114984035491943359e+00
3.919050931930541992e+00
3.948863029479980469e+00
3.396410226821899414e+00
5.350083827972412109e+00
3.713108062744140625e+00
6.261204957962036133e+00
5.866678953170776367e+00
4.399595975875854492e+00
3.709920883178710938e+00
4.051064014434814453e+00
4.394739866256713867e+00
3.495215177536010742e+00
2.892914772033691406e+00
3.987101078033447266e+00
3.872226953506469727e+00
3.371809005737304688e+00
2.691326141357421875e+00
5.891879796981811523e+00
5.456906080245971680e+00
3.699307918548583984e+00
3.614709138870239258e+00
6.064481019973754883e+00
5.928084850311279297e+00
1.656085968017578125e+00
4.083509922027587891e+00
6.152208805084228516e+00
3.807423830032348633e+00
3.697536945343017578e+00
2.921112060546875000e+00
3.097375869750976562e+00
3.263652801513671875e+00
2.633019208908081055e+00
4.047254085540771484e+00
3.278187990188598633e+00
3.466120958328247070e+00
5.182838678359985352e+00
6.486996173858642578e+00
2.692525863647460938e+00
4.462097883224487305e+00
3.470734834671020508e+00
4.428836107254028320e+00
5.278213262557983398e+00
4.263299942016601562e+00
7.077724933624267578e+00
2.657920122146606445e+00
7.055211067199707031e+00
2.489866971969604492e+00
4.768259048461914062e+00
6.520315885543823242e+00
4.309945106506347656e+00
3.699888706207275391e+00
4.146472930908203125e+00
2.890775203704833984e+00
3.072441101074218750e+00
2.809456825256347656e+00
3.152889013290405273e+00
2.674460172653198242e+00
5.534101009368896484e+00
2.173277139663696289e+00
3.086969852447509766e+00
2.931981086730957031e+00
4.564974308013916016e+00
3.787163972854614258e+00
2.368433952331542969e+00
5.900185823440551758e+00
3.298293113708496094e+00
3.374370098114013672e+00
2.818164348602294922e+00
8.129171133041381836e+00
3.425769090652465820e+00
3.456302165985107422e+00
2.661385059356689453e+00
3.539880037307739258e+00
3.804578781127929688e+00
5.564409017562866211e+00
3.953681945800781250e+00
4.181921720504760742e+00
4.465335130691528320e+00
5.215607166290283203e+00
4.641671895980834961e+00
4.479002952575683594e+00
4.104419708251953125e+00
4.407867908477783203e+00
3.791193962097167969e+00
5.167658090591430664e+00
4.587705135345458984e+00
4.227689027786254883e+00
3.071027994155883789e+00
4.909272193908691406e+00
4.137773990631103516e+00
4.688650131225585938e+00
4.906010866165161133e+00
4.955988407135009766e+00
4.306905984878540039e+00
3.976764917373657227e+00
3.191727876663208008e+00
3.022673130035400391e+00
5.970571041107177734e+00
4.526605129241943359e+00
5.527595043182373047e+00
6.133852005004882812e+00
5.789437055587768555e+00
6.007929086685180664e+00
4.951736927032470703e+00
4.903067111968994141e+00
2.899262189865112305e+00
4.039435863494873047e+00
5.326297998428344727e+00
5.956242322921752930e+00
5.972246885299682617e+00
4.353831052780151367e+00
4.745813131332397461e+00
2.606981992721557617e+00
5.487418174743652344e+00
6.317321777343750000e+00
3.322924852371215820e+00
6.881842851638793945e+00
7.339840888977050781e+00
4.792289972305297852e+00
7.114845275878906250e+00
3.861302137374877930e+00
9.069606781005859375e+00
3.949247121810913086e+00
4.541975021362304688e+00
3.085262060165405273e+00
2.668415069580078125e+00
3.825835943222045898e+00
4.062237977981567383e+00
4.298719882965087891e+00
7.241250038146972656e+00
3.925307989120483398e+00
4.784437894821166992e+00
3.055279731750488281e+00
5.099352121353149414e+00
3.555198907852172852e+00
3.406928062438964844e+00
5.936893224716186523e+00
5.197529792785644531e+00
4.787626981735229492e+00
6.945136070251464844e+00
3.290597915649414062e+00
9.675858974456787109e+00
6.031048059463500977e+00
4.833612680435180664e+00
3.664315223693847656e+00
4.301704168319702148e+00
3.085001945495605469e+00
8.796195983886718750e+00
6.191237211227416992e+00
5.115844249725341797e+00
1.034267497062683105e+01
7.970070838928222656e+00
5.156789064407348633e+00
7.055124998092651367e+00
5.373585224151611328e+00
6.076416015625000000e+00
6.410770177841186523e+00
5.933013200759887695e+00
8.196337223052978516e+00
5.481925010681152344e+00
5.374612092971801758e+00
4.329238653182983398e+00
6.077857017517089844e+00
5.302088022232055664e+00
9.082035064697265625e+00
6.290716886520385742e+00
3.241194963455200195e+00
3.783152103424072266e+00
2.765501022338867188e+00
1.190061902999877930e+01
2.204145908355712891e+00
7.475682973861694336e+00
3.614517927169799805e+00
1.164544916152954102e+01
2.913113832473754883e+00
3.290647745132446289e+00
8.063490152359008789e+00
6.461062908172607422e+00
3.224167108535766602e+00
4.660138845443725586e+00
8.068528175354003906e+00
4.061628818511962891e+00
2.097133159637451172e+00
8.525976181030273438e+00
4.233654022216796875e+00
5.764368772506713867e+00
4.030272006988525391e+00
3.931437015533447266e+00
2.477851152420043945e+00
4.975493907928466797e+00
4.150372982025146484e+00
4.391079187393188477e+00
4.857950925827026367e+00
3.974619865417480469e+00
2.610162973403930664e+00
3.983188867568969727e+00
5.536235809326171875e+00
2.990424871444702148e+00
3.950149774551391602e+00
4.576408863067626953e+00
4.206619262695312500e+00
3.311665773391723633e+00
5.426034927368164062e+00
5.051631927490234375e+00
3.878431797027587891e+00
3.570991754531860352e+00
9.019175052642822266e+00
5.767011880874633789e+00
6.131879091262817383e+00
4.187728881835937500e+00
3.866631031036376953e+00
3.775823116302490234e+00
3.218729972839355469e+00
5.416162014007568359e+00
4.324264764785766602e+00
2.785321235656738281e+00
2.920863151550292969e+00
2.651072740554809570e+00
3.921622037887573242e+00
4.033771991729736328e+00
2.800021648406982422e+00
2.371161937713623047e+00
5.269421100616455078e+00
3.144695997238159180e+00
2.270581722259521484e+00
4.062769889831542969e+00
3.003912925720214844e+00
4.050377845764160156e+00
6.826346158981323242e+00
5.136182069778442383e+00
4.727859973907470703e+00
4.163583993911743164e+00
4.455483913421630859e+00
1.044331216812133789e+01
3.317130088806152344e+00
6.061074972152709961e+00
6.931823730468750000e+00
7.080987691879272461e+00
6.458377838134765625e+00
2.712117671966552734e+00
9.466893911361694336e+00
3.488054037094116211e+00
2.606102943420410156e+00
6.942666053771972656e+00
3.351591825485229492e+00
3.700848102569580078e+00
3.379143953323364258e+00
3.707113027572631836e+00
3.557022809982299805e+00
4.236588001251220703e+00
4.805411815643310547e+00
4.857725858688354492e+00
6.568615913391113281e+00
6.227148056030273438e+00
5.212235212326049805e+00
3.581048011779785156e+00
3.456870317459106445e+00
4.299481868743896484e+00
3.235393047332763672e+00
5.410071134567260742e+00
5.661370992660522461e+00
5.184369087219238281e+00
3.366597890853881836e+00
4.802567958831787109e+00
3.533703804016113281e+00
3.416356086730957031e+00
5.609722852706909180e+00
5.791045904159545898e+00
3.292699098587036133e+00
5.678405046463012695e+00
5.999580860137939453e+00
5.988308906555175781e+00
5.082533121109008789e+00
4.344384670257568359e+00
4.453540086746215820e+00
5.925846099853515625e+00
4.871608257293701172e+00
4.445523977279663086e+00
5.940087795257568359e+00
6.858789920806884766e+00
7.779643774032592773e+00
4.559375047683715820e+00
5.197422981262207031e+00
5.472551107406616211e+00
4.473125219345092773e+00
4.879269838333129883e+00
6.789775133132934570e+00
3.230377197265625000e+00
7.034188032150268555e+00
7.261240005493164062e+00
5.458657026290893555e+00
7.069319248199462891e+00
7.862252712249755859e+00
4.259202957153320312e+00
5.644950866699218750e+00
7.787619829177856445e+00
3.704362869262695312e+00
7.603491067886352539e+00
8.180210828781127930e+00
7.922014951705932617e+00
4.580394983291625977e+00
3.313155174255371094e+00
5.367438077926635742e+00
3.140526056289672852e+00
8.364979028701782227e+00
5.550420045852661133e+00
8.230845212936401367e+00
6.122330904006958008e+00
8.246096134185791016e+00
6.338803768157958984e+00
3.111634969711303711e+00
5.050722122192382812e+00
2.829431772232055664e+00
2.808668851852416992e+00
5.575910091400146484e+00
3.216577053070068359e+00
6.102880001068115234e+00
4.920586824417114258e+00
9.007510185241699219e+00
3.235510826110839844e+00
3.646631002426147461e+00
3.098191976547241211e+00
3.952915906906127930e+00
4.110554933547973633e+00
3.489311933517456055e+00
7.293077945709228516e+00
3.580430030822753906e+00
4.370274782180786133e+00
8.850574254989624023e+00
4.726243019104003906e+00
4.639566659927368164e+00
9.119620084762573242e+00
4.531856775283813477e+00
9.941184043884277344e+00
1.032300496101379395e+01
6.601985216140747070e+00
8.018790006637573242e+00
3.620363950729370117e+00
8.077711105346679688e+00
4.375541925430297852e+00
5.343965053558349609e+00
5.852927923202514648e+00
3.886693239212036133e+00
6.893876075744628906e+00
2.673717975616455078e+00
3.254119873046875000e+00
4.777340173721313477e+00
3.552891016006469727e+00
5.716052770614624023e+00
3.268085956573486328e+00
4.025294065475463867e+00
5.600414991378784180e+00
3.487062931060791016e+00
4.655149936676025391e+00
3.748859167098999023e+00
3.762863159179687500e+00
2.386868953704833984e+00
6.039592981338500977e+00
4.385557174682617188e+00
3.204311132431030273e+00
4.977972030639648438e+00
6.353866338729858398e+00
4.851819992065429688e+00
4.989050149917602539e+00
3.732219219207763672e+00
3.467895984649658203e+00
4.141751766204833984e+00
5.037648916244506836e+00
4.783028841018676758e+00
4.409866094589233398e+00
5.332505226135253906e+00
4.588073968887329102e+00
3.943408250808715820e+00
4.417017221450805664e+00
1.024378490447998047e+01
3.786397933959960938e+00
6.707617759704589844e+00
3.416557788848876953e+00
4.592180252075195312e+00
6.438439846038818359e+00
4.640939712524414062e+00
6.037484884262084961e+00
3.773020029067993164e+00
4.147224903106689453e+00
5.167364120483398438e+00
3.078894615173339844e+00
6.000390768051147461e+00
5.247329950332641602e+00
3.850236177444458008e+00
5.815910816192626953e+00
6.452791929244995117e+00
4.183737754821777344e+00
5.081151008605957031e+00
6.446483850479125977e+00
4.559092044830322266e+00
3.618108987808227539e+00
3.830891132354736328e+00
4.786993265151977539e+00
5.559323072433471680e+00
3.333819150924682617e+00
4.497175931930541992e+00
3.704181909561157227e+00
5.128736019134521484e+00
3.731844902038574219e+00
6.867812871932983398e+00
5.218452930450439453e+00
8.070076942443847656e+00
5.836177110671997070e+00
3.099014043807983398e+00
3.882167100906372070e+00
2.596958398818969727e+00
3.509012937545776367e+00
5.896908998489379883e+00
4.123517274856567383e+00
9.582515954971313477e+00
4.014799118041992188e+00
4.667795896530151367e+00
3.820548057556152344e+00
3.213881731033325195e+00
4.543247699737548828e+00
3.431183099746704102e+00
5.277369022369384766e+00
4.287815093994140625e+00
5.326213121414184570e+00
4.165765762329101562e+00
5.678878068923950195e+00
3.772918939590454102e+00
5.988699197769165039e+00
4.612046957015991211e+00
4.117965221405029297e+00
4.665312051773071289e+00
3.552108764648437500e+00
4.786297082901000977e+00
3.371677875518798828e+00
6.396526098251342773e+00
9.718093633651733398e+00
4.439374923706054688e+00
4.678533792495727539e+00
5.593843936920166016e+00
6.531351089477539062e+00
4.431521892547607422e+00
6.497334003448486328e+00
4.388001203536987305e+00
4.644175052642822266e+00
4.810806989669799805e+00
4.633116006851196289e+00
2.446608304977416992e+00
4.001881122589111328e+00
5.425489902496337891e+00
5.381753206253051758e+00
5.228398084640502930e+00
6.122182130813598633e+00
4.654152154922485352e+00
6.616159915924072266e+00
4.962754964828491211e+00
5.850519180297851562e+00
6.409974098205566406e+00
5.908478021621704102e+00
3.309340953826904297e+00
2.383912324905395508e+00
6.160431146621704102e+00
6.929785966873168945e+00
5.075015068054199219e+00
2.566675901412963867e+00
2.718198776245117188e+00
6.429705858230590820e+00
3.973995923995971680e+00
5.964435100555419922e+00
6.008866071701049805e+00
2.811415910720825195e+00
4.843838930130004883e+00
4.774497032165527344e+00
6.445742845535278320e+00
8.427419900894165039e+00
6.406290292739868164e+00
4.587482929229736328e+00
2.896365165710449219e+00
4.886703968048095703e+00
4.984453678131103516e+00
6.332701921463012695e+00
3.236318826675415039e+00
3.748716115951538086e+00
7.329475879669189453e+00
6.980508089065551758e+00
4.294295072555541992e+00
4.635416030883789062e+00
2.550179243087768555e+00
5.392431974411010742e+00
3.860743999481201172e+00
3.976474046707153320e+00
3.903678894042968750e+00
6.551132917404174805e+00
3.987734794616699219e+00
6.486828804016113281e+00
5.715039014816284180e+00
3.902022838592529297e+00
7.470888853073120117e+00
4.466412067413330078e+00
4.311822175979614258e+00
5.164675951004028320e+00
8.034828186035156250e+00
8.185663938522338867e+00
4.862662792205810547e+00
6.443907976150512695e+00
7.094106912612915039e+00
6.882737159729003906e+00
7.257432937622070312e+00
3.040006875991821289e+00
3.408595085144042969e+00
4.240829944610595703e+00
6.458152294158935547e+00
4.132261991500854492e+00
8.451088905334472656e+00
3.734409093856811523e+00
6.791832685470581055e+00
3.964089870452880859e+00
3.496031045913696289e+00
8.247626066207885742e+00
5.671698808670043945e+00
4.336442232131958008e+00
4.577404975891113281e+00
4.820489168167114258e+00
7.561414957046508789e+00
4.879394054412841797e+00
4.997416973114013672e+00
7.043659925460815430e+00
6.191454887390136719e+00
5.205862045288085938e+00
4.021420955657958984e+00
5.650547981262207031e+00
4.375391960144042969e+00
4.595211982727050781e+00
3.644266366958618164e+00
5.330425024032592773e+00
2.822347164154052734e+00
5.531831741333007812e+00
3.479379892349243164e+00
5.352472066879272461e+00
4.695103883743286133e+00
7.168637037277221680e+00
1.009888792037963867e+01
5.922911882400512695e+00
5.808453083038330078e+00
4.021003007888793945e+00
2.796553134918212891e+00
2.698466062545776367e+00
4.257245063781738281e+00
4.566886901855468750e+00
3.756798028945922852e+00
2.802451133728027344e+00
3.676738977432250977e+00
2.945136070251464844e+00
3.530075073242187500e+00
3.884673118591308594e+00
3.352591753005981445e+00
3.459696769714355469e+00
6.505755901336669922e+00
4.573479175567626953e+00
3.587393999099731445e+00
4.892189979553222656e+00
3.903734922409057617e+00
3.929247856140136719e+00
4.351792812347412109e+00
4.638485193252563477e+00
4.986490964889526367e+00
5.743918180465698242e+00
4.225655078887939453e+00
5.057944774627685547e+00
5.458037137985229492e+00
5.110737800598144531e+00
4.713108062744140625e+00
3.000540733337402344e+00
3.443270206451416016e+00
3.872636079788208008e+00
6.046663045883178711e+00
7.434719800949096680e+00
4.115027904510498047e+00
4.860101938247680664e+00
3.716891050338745117e+00
3.251409053802490234e+00
3.142109155654907227e+00
3.920165061950683594e+00
4.148139953613281250e+00
5.984822988510131836e+00
3.416943073272705078e+00
5.687749147415161133e+00
3.540390014648437500e+00
5.060102939605712891e+00
3.369217872619628906e+00
5.383431911468505859e+00
4.069347143173217773e+00
4.222082138061523438e+00
3.703796863555908203e+00
3.502612829208374023e+00
5.177599906921386719e+00
4.066908836364746094e+00
3.936790943145751953e+00
3.997384786605834961e+00
7.106233835220336914e+00
5.003949880599975586e+00
7.427145957946777344e+00
2.410734891891479492e+00
5.553231239318847656e+00
4.955235719680786133e+00
4.536199808120727539e+00
4.932989120483398438e+00
5.098315000534057617e+00
6.067245244979858398e+00
6.204423189163208008e+00
5.980258941650390625e+00
7.666989803314208984e+00
3.820145845413208008e+00
5.501784086227416992e+00
7.235869884490966797e+00
6.096965074539184570e+00
6.656965017318725586e+00
7.770642042160034180e+00
4.970238924026489258e+00
7.035468578338623047e+00
5.038655996322631836e+00
7.215376138687133789e+00
6.842537164688110352e+00
7.467678070068359375e+00
7.986589193344116211e+00
5.083605051040649414e+00
6.661000251770019531e+00
5.319045066833496094e+00
6.778157711029052734e+00
6.103994846343994141e+00
7.117647171020507812e+00
4.802587270736694336e+00
5.183130264282226562e+00
3.756191015243530273e+00
7.289301872253417969e+00
7.581436872482299805e+00
2.807188272476196289e+00
8.634274959564208984e+00
4.085952043533325195e+00
4.422923088073730469e+00
4.898916721343994141e+00
4.530057191848754883e+00
2.866893053054809570e+00
4.890755176544189453e+00
5.303303003311157227e+00
4.047329187393188477e+00
4.284487962722778320e+00
5.007408142089843750e+00
3.819301128387451172e+00
4.985868692398071289e+00
5.169749975204467773e+00
3.212542057037353516e+00
5.008507251739501953e+00
3.021040916442871094e+00
5.520981073379516602e+00
4.913630962371826172e+00
4.261365175247192383e+00
3.986277103424072266e+00
4.758030176162719727e+00
3.070267915725708008e+00
4.334965944290161133e+00
4.877118349075317383e+00
3.959947109222412109e+00
3.441933155059814453e+00
2.699122190475463867e+00
4.348229885101318359e+00
7.026751041412353516e+00
5.340919017791748047e+00
5.706832885742187500e+00
2.841268062591552734e+00
5.078920841217041016e+00
3.719105720520019531e+00
5.039515018463134766e+00
8.045117139816284180e+00
2.844436883926391602e+00
7.803971052169799805e+00
2.271620035171508789e+00
5.224174737930297852e+00
5.156749963760375977e+00
2.576898813247680664e+00
5.354608058929443359e+00
7.990115880966186523e+00
5.889433860778808594e+00
7.235057830810546875e+00
2.755039930343627930e+00
4.777920961380004883e+00
4.754271984100341797e+00
5.436467885971069336e+00
4.216455221176147461e+00
4.097075939178466797e+00
8.289327144622802734e+00
6.966629028320312500e+00
5.410509109497070312e+00
8.060318946838378906e+00
2.963483333587646484e+00
7.222852945327758789e+00
8.433407068252563477e+00
2.781953811645507812e+00
3.219778060913085938e+00
4.838409900665283203e+00
5.082063198089599609e+00
5.074298143386840820e+00
4.633119821548461914e+00
3.278998136520385742e+00
3.024133205413818359e+00
4.395900964736938477e+00
7.775166034698486328e+00
4.581624031066894531e+00
6.789224147796630859e+00
4.841730117797851562e+00
8.555221796035766602e+00
3.656412363052368164e+00
2.941828966140747070e+00
3.600957870483398438e+00
2.935061931610107422e+00
4.394244194030761719e+00
3.611512660980224609e+00
2.632704019546508789e+00
9.641537189483642578e+00
6.059586763381958008e+00
7.430001020431518555e+00
5.497489213943481445e+00
7.216514110565185547e+00
7.742652177810668945e+00
5.316094875335693359e+00
5.020962953567504883e+00
6.858848094940185547e+00
3.760825157165527344e+00
6.595595836639404297e+00
3.591382980346679688e+00
9.929222106933593750e+00
2.865103721618652344e+00
3.818963766098022461e+00
4.205680131912231445e+00
9.443481206893920898e+00
4.150425195693969727e+00
3.945927858352661133e+00
3.031483888626098633e+00
2.477549076080322266e+00
5.035906076431274414e+00
4.108123064041137695e+00
8.378812789916992188e+00
4.160681009292602539e+00
4.209781885147094727e+00
2.678298711776733398e+00
4.809090137481689453e+00
3.300804138183593750e+00
1.045234298706054688e+01
4.719956874847412109e+00
5.112514972686767578e+00
2.927210092544555664e+00
3.349345922470092773e+00
3.404205083847045898e+00
3.910154819488525391e+00
1.082453298568725586e+01
5.512335062026977539e+00
4.811041116714477539e+00
5.085264921188354492e+00
3.924682140350341797e+00
6.254399061203002930e+00
2.738219976425170898e+00
4.230832099914550781e+00
3.522970914840698242e+00
4.023078918457031250e+00
5.460906982421875000e+00
1.018585705757141113e+01
4.228527307510375977e+00
5.760485887527465820e+00
5.076705932617187500e+00
5.800748109817504883e+00
8.104890108108520508e+00
1.486694288253784180e+01
5.384205102920532227e+00
4.240767002105712891e+00
2.949614763259887695e+00
3.381966829299926758e+00
3.503501892089843750e+00
5.053657293319702148e+00
4.306565999984741211e+00
3.678447961807250977e+00
3.538716077804565430e+00
5.558919191360473633e+00
3.414896726608276367e+00
3.918490886688232422e+00
3.580322980880737305e+00
5.569468259811401367e+00
4.030543088912963867e+00
6.095695972442626953e+00
4.181146860122680664e+00
5.414687156677246094e+00
4.222121953964233398e+00
6.553588151931762695e+00
3.853573799133300781e+00
5.142850875854492188e+00
5.657018184661865234e+00
3.575582981109619141e+00
6.255915164947509766e+00
5.007619857788085938e+00
6.056057214736938477e+00
6.261658191680908203e+00
4.398411035537719727e+00
3.953432083129882812e+00
5.237593889236450195e+00
4.072583913803100586e+00
3.965345144271850586e+00
5.661032915115356445e+00
4.074517011642456055e+00
4.632204771041870117e+00
3.690536975860595703e+00
4.685994863510131836e+00
4.920500993728637695e+00
3.640308141708374023e+00
3.846615791320800781e+00
5.313045978546142578e+00
5.860295057296752930e+00
5.969114780426025391e+00
4.219600915908813477e+00
5.207533836364746094e+00
3.417109966278076172e+00
2.322679042816162109e+00
3.852921724319458008e+00
7.806092739105224609e+00
4.069775104522705078e+00
2.463112115859985352e+00
3.986979961395263672e+00
3.265734195709228516e+00
6.104507207870483398e+00
5.362718820571899414e+00
5.424797773361206055e+00
5.418851137161254883e+00
5.443609714508056641e+00
4.083601951599121094e+00
2.873987674713134766e+00
3.522879123687744141e+00
5.577839136123657227e+00
7.411185741424560547e+00
5.443320989608764648e+00
5.275344848632812500e+00
3.856482982635498047e+00
6.162168979644775391e+00
3.880270957946777344e+00
6.091216087341308594e+00
7.744589805603027344e+00
6.105243206024169922e+00
4.127345085144042969e+00
3.975271940231323242e+00
1.047464418411254883e+01
4.549438953399658203e+00
3.607285022735595703e+00
4.025929212570190430e+00
3.109982967376708984e+00
3.535428047180175781e+00
4.157226085662841797e+00
5.906349897384643555e+00
7.346976041793823242e+00
3.377588033676147461e+00
4.614297151565551758e+00
7.451168060302734375e+00
4.197071075439453125e+00
4.744375944137573242e+00
4.808292865753173828e+00
5.957970857620239258e+00
3.575035810470581055e+00
2.977646112442016602e+00
4.774331808090209961e+00
6.458452939987182617e+00
4.459966421127319336e+00
4.058681011199951172e+00
4.570011138916015625e+00
7.859458208084106445e+00
3.367033243179321289e+00
4.096399068832397461e+00
5.295063018798828125e+00
6.736574888229370117e+00
5.040886163711547852e+00
5.048071146011352539e+00
5.084740877151489258e+00
5.263719797134399414e+00
4.905951976776123047e+00
5.827094078063964844e+00
2.942599296569824219e+00
3.052638053894042969e+00
7.695621728897094727e+00
5.327270984649658203e+00
4.765009880065917969e+00
5.352936983108520508e+00
7.483155012130737305e+00
3.289495229721069336e+00
1.115462875366210938e+01
7.595215082168579102e+00
3.635219812393188477e+00
4.146223068237304688e+00
3.527189016342163086e+00
4.059812784194946289e+00
5.152822971343994141e+00
4.900619983673095703e+00
5.224230051040649414e+00
3.686194896697998047e+00
6.053941011428833008e+00
6.131350040435791016e+00
5.876106977462768555e+00
3.945857048034667969e+00
9.062388181686401367e+00
6.504543781280517578e+00
4.293210029602050781e+00
3.580366134643554688e+00
4.666728258132934570e+00
4.149232864379882812e+00
4.470551967620849609e+00
4.314445972442626953e+00
3.478726148605346680e+00
5.760671377182006836e+00
4.017698764801025391e+00
5.946152925491333008e+00
3.422701835632324219e+00
5.046703815460205078e+00
6.016164779663085938e+00
9.550549983978271484e+00
3.446897029876708984e+00
4.094317674636840820e+00
6.228734970092773438e+00
8.618710041046142578e+00
7.475252151489257812e+00
6.135954141616821289e+00
6.206244230270385742e+00
5.901251077651977539e+00
5.138477087020874023e+00
5.751591920852661133e+00
7.459065914154052734e+00
4.237697839736938477e+00
6.150615930557250977e+00
6.519258022308349609e+00
3.759016275405883789e+00
3.795927762985229492e+00
6.412441968917846680e+00
7.578718900680541992e+00
6.468552112579345703e+00
6.318151712417602539e+00
1.156210827827453613e+01
6.427402019500732422e+00
6.512262105941772461e+00
5.085151910781860352e+00
6.832976102828979492e+00
7.465512990951538086e+00
4.247242212295532227e+00
3.716947317123413086e+00
4.289633035659790039e+00
3.746172904968261719e+00
4.416839361190795898e+00
4.723112344741821289e+00
3.760714054107666016e+00
3.075270891189575195e+00
4.627091169357299805e+00
3.632781028747558594e+00
4.909924030303955078e+00
5.246390104293823242e+00
3.806940793991088867e+00
4.324836730957031250e+00
4.415181159973144531e+00
4.105352878570556641e+00
3.447745084762573242e+00
3.834548234939575195e+00
5.610909223556518555e+00
4.587652206420898438e+00
4.630648851394653320e+00
4.936545848846435547e+00
5.046277284622192383e+00
7.897204875946044922e+00
1.149095916748046875e+01
3.713537216186523438e+00
4.959777832031250000e+00
5.697633028030395508e+00
4.660471916198730469e+00
3.019828081130981445e+00
5.922035217285156250e+00
4.296678066253662109e+00
5.333753824234008789e+00
3.618313074111938477e+00
5.208831071853637695e+00
3.617680788040161133e+00
2.312126874923706055e+00
3.295139074325561523e+00
3.616873025894165039e+00
6.191197872161865234e+00
3.821865797042846680e+00
5.193074941635131836e+00
3.807413339614868164e+00
5.190214157104492188e+00
5.356787919998168945e+00
4.573029756546020508e+00
3.967560052871704102e+00
6.713100194931030273e+00
6.255832910537719727e+00
3.176190853118896484e+00
5.374520063400268555e+00
4.054275989532470703e+00
6.680097103118896484e+00
2.924007892608642578e+00
6.628074169158935547e+00
6.610607147216796875e+00
4.945447206497192383e+00
4.125065326690673828e+00
5.374382972717285156e+00
5.979746103286743164e+00
3.682905912399291992e+00
3.611576080322265625e+00
3.330637931823730469e+00
4.145840167999267578e+00
7.321733236312866211e+00
3.641879081726074219e+00
3.698317050933837891e+00
4.689110040664672852e+00
2.730374813079833984e+00
4.231112957000732422e+00
3.352078914642333984e+00
3.502120971679687500e+00
8.537885904312133789e+00
2.907346963882446289e+00
7.961958885192871094e+00
7.846226215362548828e+00
5.786899805068969727e+00
3.451690912246704102e+00
7.953335762023925781e+00
4.276773929595947266e+00
6.049534082412719727e+00
2.366382122039794922e+00
4.998228073120117188e+00
4.228622674942016602e+00
8.364864826202392578e+00
6.231410741806030273e+00
3.877262830734252930e+00
3.631800889968872070e+00
8.654515981674194336e+00
8.512132167816162109e+00
3.305374860763549805e+00
4.247348070144653320e+00
3.624294996261596680e+00
7.673061847686767578e+00
2.963495016098022461e+00
4.196236133575439453e+00
4.313660144805908203e+00
8.044587850570678711e+00
7.714319229125976562e+00
3.157777786254882812e+00
5.515012979507446289e+00
4.158209800720214844e+00
6.934135198593139648e+00
6.893460035324096680e+00
3.638713836669921875e+00
8.944581747055053711e+00
6.868960142135620117e+00
4.800873994827270508e+00
4.472336053848266602e+00
3.510456085205078125e+00
4.176980257034301758e+00
3.110675096511840820e+00
5.028234958648681641e+00
6.579899072647094727e+00
7.592274904251098633e+00
8.581473827362060547e+00
2.860575914382934570e+00
5.421417951583862305e+00
7.369900941848754883e+00
5.965483188629150391e+00
5.832715988159179688e+00
6.844699144363403320e+00
4.863341808319091797e+00
7.343574047088623047e+00
3.637734889984130859e+00
3.314980030059814453e+00
3.957886934280395508e+00
6.421871662139892578e+00
5.462436914443969727e+00
4.265335083007812500e+00
3.298273086547851562e+00
3.915261983871459961e+00
8.224441766738891602e+00
5.843569755554199219e+00
5.959907054901123047e+00
9.446434020996093750e+00
4.694356918334960938e+00
2.297033786773681641e+00
4.381108045578002930e+00
9.535905838012695312e+00
2.723600149154663086e+00
5.312101125717163086e+00
3.255095005035400391e+00
7.659360170364379883e+00
3.865793943405151367e+00
8.888964891433715820e+00
6.781537771224975586e+00
1.008177709579467773e+01
7.404505968093872070e+00
6.359210014343261719e+00
8.254936933517456055e+00
3.686966180801391602e+00
8.339100837707519531e+00
5.385464191436767578e+00
3.883044242858886719e+00
7.639293193817138672e+00
3.106021165847778320e+00
5.139662027359008789e+00
6.007299900054931641e+00
3.163601875305175781e+00
5.502038002014160156e+00
5.292011976242065430e+00
1.070126795768737793e+01
4.523069858551025391e+00
6.069035053253173828e+00
1.091045999526977539e+01
5.324473142623901367e+00
6.238687992095947266e+00
8.968862056732177734e+00
4.310875892639160156e+00
5.121886968612670898e+00
3.686237812042236328e+00
5.723336219787597656e+00
9.356576919555664062e+00
6.725538015365600586e+00
8.683930158615112305e+00
3.846437215805053711e+00
4.448792219161987305e+00
3.667273998260498047e+00
3.883739948272705078e+00
3.798256874084472656e+00
3.485236167907714844e+00
6.731819868087768555e+00
3.794595241546630859e+00
3.809023857116699219e+00
4.622883081436157227e+00
3.534791946411132812e+00
3.833428382873535156e+00
4.413821935653686523e+00
3.444840908050537109e+00
3.912009954452514648e+00
3.846542119979858398e+00
6.684072971343994141e+00
1.201955509185791016e+01
3.637012004852294922e+00
4.475959062576293945e+00
3.494261980056762695e+00
3.769171953201293945e+00
4.017303943634033203e+00
4.069998264312744141e+00
4.233187675476074219e+00
3.578395128250122070e+00
4.570411920547485352e+00
4.571038007736206055e+00
4.936196088790893555e+00
4.161616802215576172e+00
4.936510086059570312e+00
4.606381893157958984e+00
4.794230699539184570e+00
4.553486824035644531e+00
4.896544218063354492e+00
5.320368766784667969e+00
6.044902801513671875e+00
4.845489263534545898e+00
4.140445947647094727e+00
4.230105876922607422e+00
4.527612924575805664e+00
4.747084856033325195e+00
4.455412149429321289e+00
5.807370901107788086e+00
5.561054229736328125e+00
5.224279165267944336e+00
4.638552188873291016e+00
5.294218301773071289e+00
5.090795040130615234e+00
2.645839929580688477e+00
4.777821063995361328e+00
5.047431230545043945e+00
5.345993995666503906e+00
5.208078861236572266e+00
6.927060127258300781e+00
5.808930158615112305e+00
6.809346914291381836e+00
2.716115951538085938e+00
2.988834142684936523e+00
5.845735073089599609e+00
5.353979825973510742e+00
5.536519765853881836e+00
5.696718931198120117e+00
6.383685111999511719e+00
5.190757989883422852e+00
4.582798957824707031e+00
2.989845037460327148e+00
5.795089960098266602e+00
4.990068912506103516e+00
4.133579969406127930e+00
6.534415960311889648e+00
6.524317979812622070e+00
4.024280071258544922e+00
6.793024063110351562e+00
5.565519094467163086e+00
4.887410163879394531e+00
5.594491004943847656e+00
6.834444999694824219e+00
3.530760049819946289e+00
6.027151107788085938e+00
6.814925670623779297e+00
3.586992740631103516e+00
6.406090974807739258e+00
6.936307907104492188e+00
5.339674949645996094e+00
6.908065080642700195e+00
6.791912317276000977e+00
6.603839159011840820e+00
4.553229808807373047e+00
6.755878925323486328e+00
4.165902137756347656e+00
6.217186212539672852e+00
5.328213930130004883e+00
4.770807981491088867e+00
5.947316169738769531e+00
5.579613924026489258e+00
4.016133069992065430e+00
5.232467889785766602e+00
5.085055112838745117e+00
5.921689271926879883e+00
6.646650075912475586e+00
5.429980993270874023e+00
6.676179885864257812e+00
5.135765075683593750e+00
7.353118896484375000e+00
6.715622186660766602e+00
6.179098129272460938e+00
7.288439035415649414e+00
3.973088979721069336e+00
6.401371240615844727e+00
5.068838834762573242e+00
2.817179918289184570e+00
7.612311840057373047e+00
6.475002288818359375e+00
7.084374904632568359e+00
5.844005107879638672e+00
6.167192935943603516e+00
5.679538965225219727e+00
5.876583099365234375e+00
5.863553047180175781e+00
5.060046911239624023e+00
8.046072006225585938e+00
7.918636798858642578e+00
4.347242116928100586e+00
3.549907922744750977e+00
7.963989019393920898e+00
6.210669994354248047e+00
6.184441089630126953e+00
3.801496028900146484e+00
4.132299900054931641e+00
4.215030193328857422e+00
6.099222898483276367e+00
2.530695915222167969e+00
4.403215885162353516e+00
4.612251996994018555e+00
8.456272840499877930e+00
5.146421909332275391e+00
4.572384834289550781e+00
3.846697092056274414e+00
5.952734231948852539e+00
4.574263095855712891e+00
5.015213251113891602e+00
5.730356931686401367e+00
5.176918983459472656e+00
5.422821998596191406e+00
5.290812969207763672e+00
4.844848155975341797e+00
5.527122974395751953e+00
5.361471176147460938e+00
5.912831783294677734e+00
5.998831987380981445e+00
6.719246149063110352e+00
7.049521207809448242e+00
4.351912975311279297e+00
7.080776214599609375e+00
4.903529882431030273e+00
2.882543802261352539e+00
4.549300909042358398e+00
3.931799888610839844e+00
3.258366823196411133e+00
6.344954967498779297e+00
4.379005908966064453e+00
7.316711187362670898e+00
5.450667142868041992e+00
4.250669956207275391e+00
2.920186042785644531e+00
5.032175064086914062e+00
3.802639722824096680e+00
3.432794094085693359e+00
2.972899913787841797e+00
3.109803199768066406e+00
3.438691139221191406e+00
3.934148073196411133e+00
3.222836971282958984e+00
4.583793163299560547e+00
4.618274688720703125e+00
3.559175968170166016e+00
5.792312860488891602e+00
4.378246784210205078e+00
7.549517154693603516e+00
6.176155090332031250e+00
6.658188104629516602e+00
6.974843978881835938e+00
4.813421964645385742e+00
4.165283203125000000e+00
