1.463164496421813965e+01
1.269034123420715332e+01
4.823514938354492188e+00
9.889795780181884766e+00
3.887240171432495117e+00
1.394127202033996582e+01
8.794292926788330078e+00
1.087552905082702637e+01
9.877717018127441406e+00
7.954380989074707031e+00
4.960410833358764648e+00
1.316214990615844727e+01
2.321655035018920898e+00
1.418407678604125977e+01
2.658638000488281250e+00
4.278039693832397461e+00
2.557527065277099609e+00
2.535555124282836914e+00
2.731537103652954102e+00
3.743983268737792969e+00
1.840125083923339844e+00
3.525933027267456055e+00
1.654092073440551758e+00
4.123393774032592773e+00
2.283931016921997070e+00
2.075810909271240234e+00
2.201434135437011719e+00
2.048547267913818359e+00
2.524761915206909180e+00
2.444499015808105469e+00
2.815011262893676758e+00
2.973263025283813477e+00
2.389365911483764648e+00
2.413237094879150391e+00
2.904605150222778320e+00
2.313730716705322266e+00
3.038361072540283203e+00
2.691016912460327148e+00
2.395710945129394531e+00
3.754291057586669922e+00
2.263038158416748047e+00
1.715142965316772461e+00
3.753571033477783203e+00
1.846272945404052734e+00
2.540878057479858398e+00
2.458181858062744141e+00
3.155813932418823242e+00
2.416783094406127930e+00
3.492243051528930664e+00
2.699259281158447266e+00
3.529804706573486328e+00
3.836496829986572266e+00
3.164834022521972656e+00
3.441000223159790039e+00
3.241343021392822266e+00
2.931079149246215820e+00
2.412284851074218750e+00
2.922036170959472656e+00
2.792017698287963867e+00
3.409924268722534180e+00
3.669750928878784180e+00
4.219730854034423828e+00
3.805602073669433594e+00
3.534924030303955078e+00
3.901546955108642578e+00
2.519531965255737305e+00
2.178920269012451172e+00
2.029848098754882812e+00
2.937920093536376953e+00
3.725185871124267578e+00
2.069681882858276367e+00
2.288663148880004883e+00
2.337638854980468750e+00
2.420084953308105469e+00
2.519127130508422852e+00
3.043631076812744141e+00
2.881824016571044922e+00
2.396382808685302734e+00
3.369018077850341797e+00
2.607075214385986328e+00
2.345775127410888672e+00
3.521794795989990234e+00
3.034090042114257812e+00
3.613718986511230469e+00
2.394402742385864258e+00
2.677225112915039062e+00
2.395272970199584961e+00
2.070306062698364258e+00
2.441049814224243164e+00
3.115534067153930664e+00
2.688749790191650391e+00
3.318365812301635742e+00
2.212045192718505859e+00
3.516718864440917969e+00
3.737822294235229492e+00
3.890115976333618164e+00
3.747946977615356445e+00
2.585936784744262695e+00
3.924008131027221680e+00
2.468366146087646484e+00
2.473745107650756836e+00
3.093485116958618164e+00
2.753624916076660156e+00
3.668703079223632812e+00
3.090953111648559570e+00
2.186145782470703125e+00
2.615206003189086914e+00
3.677278995513916016e+00
3.013296127319335938e+00
2.958903074264526367e+00
4.230142116546630859e+00
2.329487085342407227e+00
2.272334814071655273e+00
3.815915822982788086e+00
3.030938148498535156e+00
2.794826030731201172e+00
3.332731008529663086e+00
3.604362010955810547e+00
2.177457332611083984e+00
2.828108072280883789e+00
2.153120040893554688e+00
3.140811920166015625e+00
1.771265029907226562e+00
1.921013832092285156e+00
2.172195911407470703e+00
1.712696075439453125e+00
2.621786117553710938e+00
2.884720802307128906e+00
2.286727190017700195e+00
2.818976879119873047e+00
2.119479179382324219e+00
2.088749170303344727e+00
2.417856931686401367e+00
1.875159978866577148e+00
2.705462932586669922e+00
3.168762922286987305e+00
2.903119802474975586e+00
1.898527145385742188e+00
2.702592134475708008e+00
2.870218992233276367e+00
2.884804725646972656e+00
2.159647226333618164e+00
2.390895128250122070e+00
2.563932895660400391e+00
3.267113924026489258e+00
3.243472814559936523e+00
2.715949773788452148e+00
3.156391143798828125e+00
3.035429000854492188e+00
3.266098260879516602e+00
3.180740118026733398e+00
2.647920131683349609e+00
3.080952882766723633e+00
3.216438055038452148e+00
3.751254081726074219e+00
3.045356035232543945e+00
2.940526008605957031e+00
2.638529062271118164e+00
2.288672924041748047e+00
3.986856937408447266e+00
2.108119964599609375e+00
2.739372968673706055e+00
2.449821949005126953e+00
3.019480943679809570e+00
1.852758884429931641e+00
2.667351007461547852e+00
3.633692979812622070e+00
3.550105810165405273e+00
2.563765048980712891e+00
2.346673965454101562e+00
3.642737150192260742e+00
2.431278228759765625e+00
3.819664955139160156e+00
2.687980890274047852e+00
2.385081052780151367e+00
3.385999202728271484e+00
2.899379014968872070e+00
1.990704059600830078e+00
3.228881835937500000e+00
2.203715801239013672e+00
2.630821943283081055e+00
1.875682115554809570e+00
2.796308994293212891e+00
2.083168983459472656e+00
2.852860927581787109e+00
2.846306085586547852e+00
2.565878152847290039e+00
2.946679830551147461e+00
3.105421066284179688e+00
3.039575099945068359e+00
2.889517068862915039e+00
4.036752700805664062e+00
3.433838844299316406e+00
3.006160259246826172e+00
3.196886062622070312e+00
2.777880907058715820e+00
3.481397867202758789e+00
3.893181324005126953e+00
2.306603908538818359e+00
2.815104007720947266e+00
2.579892158508300781e+00
2.631442070007324219e+00
2.724856138229370117e+00
3.574980020523071289e+00
2.329332351684570312e+00
3.135798931121826172e+00
2.560336828231811523e+00
2.860186815261840820e+00
3.814905166625976562e+00
3.198090791702270508e+00
3.618122816085815430e+00
2.784533977508544922e+00
3.342253208160400391e+00
2.991946935653686523e+00
4.032130002975463867e+00
3.555268287658691406e+00
2.713431835174560547e+00
2.337318181991577148e+00
3.380617856979370117e+00
3.119441747665405273e+00
2.880209922790527344e+00
2.008742809295654297e+00
2.649309873580932617e+00
2.438709974288940430e+00
1.729307174682617188e+00
3.301600217819213867e+00
1.987229108810424805e+00
2.254181861877441406e+00
2.425834894180297852e+00
3.260186910629272461e+00
2.385936975479125977e+00
2.141844034194946289e+00
2.666941881179809570e+00
2.639907121658325195e+00
2.386563062667846680e+00
2.626151800155639648e+00
2.655461788177490234e+00
2.861588954925537109e+00
2.391363859176635742e+00
2.669156789779663086e+00
2.346478700637817383e+00
2.937298059463500977e+00
2.744532346725463867e+00
2.460149288177490234e+00
3.435749769210815430e+00
2.562087059020996094e+00
2.350713729858398438e+00
3.211073160171508789e+00
3.557309865951538086e+00
3.179229021072387695e+00
3.096194028854370117e+00
2.970493078231811523e+00
3.770078897476196289e+00
3.499569177627563477e+00
2.160260915756225586e+00
4.335404872894287109e+00
3.365639925003051758e+00
3.474668979644775391e+00
3.396914005279541016e+00
3.228553056716918945e+00
3.914362192153930664e+00
2.735254049301147461e+00
3.521991014480590820e+00
3.511896133422851562e+00
3.807421922683715820e+00
3.661818981170654297e+00
2.797425031661987305e+00
3.700840950012207031e+00
2.287058115005493164e+00
2.596599102020263672e+00
2.481517076492309570e+00
2.769416093826293945e+00
3.941304683685302734e+00
2.965620994567871094e+00
2.958768129348754883e+00
2.746464967727661133e+00
2.781992912292480469e+00
2.520325183868408203e+00
2.440052986145019531e+00
4.476103782653808594e+00
3.083393096923828125e+00
2.956809997558593750e+00
3.291911840438842773e+00
2.390387058258056641e+00
3.011684894561767578e+00
3.364147186279296875e+00
3.978126049041748047e+00
2.799026966094970703e+00
2.467781066894531250e+00
2.795112133026123047e+00
3.455990076065063477e+00
3.243736028671264648e+00
2.500456094741821289e+00
3.137989044189453125e+00
2.682120084762573242e+00
3.928294897079467773e+00
3.007085084915161133e+00
3.861261844635009766e+00
3.319527149200439453e+00
2.851729869842529297e+00
4.248284816741943359e+00
3.638273000717163086e+00
3.581396818161010742e+00
3.867115974426269531e+00
3.014039993286132812e+00
4.840635299682617188e+00
3.315763950347900391e+00
3.771596908569335938e+00
3.211484909057617188e+00
4.043937921524047852e+00
3.868596315383911133e+00
3.470918893814086914e+00
3.936788082122802734e+00
2.987005949020385742e+00
3.354499101638793945e+00
4.443284988403320312e+00
4.230446100234985352e+00
3.985893964767456055e+00
4.501178979873657227e+00
3.853762149810791016e+00
4.106308221817016602e+00
3.452218055725097656e+00
2.830544710159301758e+00
2.511389255523681641e+00
3.264543056488037109e+00
3.585252046585083008e+00
4.617995023727416992e+00
2.492470741271972656e+00
2.045289039611816406e+00
3.785672903060913086e+00
2.643670797348022461e+00
3.605778217315673828e+00
2.716275215148925781e+00
4.075357198715209961e+00
3.287557840347290039e+00
3.091749906539916992e+00
4.011266708374023438e+00
2.842268943786621094e+00
3.154726982116699219e+00
3.778479814529418945e+00
3.382991075515747070e+00
3.996199369430541992e+00
2.390460014343261719e+00
2.310643911361694336e+00
2.713626861572265625e+00
2.425523042678833008e+00
2.029768228530883789e+00
3.520303010940551758e+00
2.742104768753051758e+00
2.728540182113647461e+00
2.815621852874755859e+00
2.182343959808349609e+00
1.956861972808837891e+00
2.755056142807006836e+00
2.689707040786743164e+00
2.686736822128295898e+00
3.921154737472534180e+00
2.887567996978759766e+00
2.560548067092895508e+00
2.450551986694335938e+00
2.587735891342163086e+00
2.689316987991333008e+00
2.524196147918701172e+00
2.952490091323852539e+00
2.847132921218872070e+00
2.636703014373779297e+00
3.262853860855102539e+00
2.947834014892578125e+00
2.889877080917358398e+00
3.035810708999633789e+00
2.539760112762451172e+00
3.508536815643310547e+00
3.521460056304931641e+00
2.892879009246826172e+00
2.456382989883422852e+00
3.206480741500854492e+00
3.559576749801635742e+00
2.868937969207763672e+00
3.023597955703735352e+00
3.422336101531982422e+00
3.933845758438110352e+00
3.153283119201660156e+00
3.134274721145629883e+00
3.165803194046020508e+00
3.458218097686767578e+00
3.286947011947631836e+00
2.923628091812133789e+00
3.620426893234252930e+00
2.797871828079223633e+00
2.706429004669189453e+00
2.817398071289062500e+00
2.272644042968750000e+00
3.652930021286010742e+00
3.090301990509033203e+00
2.684241056442260742e+00
3.246623992919921875e+00
3.712575912475585938e+00
3.439156055450439453e+00
2.913335084915161133e+00
3.499693155288696289e+00
3.166244268417358398e+00
2.959021806716918945e+00
3.239769220352172852e+00
3.456472873687744141e+00
3.586962938308715820e+00
2.664751052856445312e+00
3.477952003479003906e+00
4.311306953430175781e+00
2.449944019317626953e+00
4.266015052795410156e+00
3.857425212860107422e+00
2.860890150070190430e+00
3.272384166717529297e+00
1.969067096710205078e+00
3.221087932586669922e+00
2.214271068572998047e+00
2.948070764541625977e+00
2.830987930297851562e+00
4.927527904510498047e+00
2.034029006958007812e+00
2.878647089004516602e+00
2.952755928039550781e+00
2.320086002349853516e+00
2.639461994171142578e+00
2.811539173126220703e+00
3.437205076217651367e+00
2.261735916137695312e+00
2.568593263626098633e+00
2.235776662826538086e+00
2.155986785888671875e+00
3.111657142639160156e+00
2.843242883682250977e+00
2.822448253631591797e+00
2.174304962158203125e+00
1.699081897735595703e+00
3.036377191543579102e+00
2.960406064987182617e+00
2.647507905960083008e+00
2.935978889465332031e+00
2.547001123428344727e+00
2.441388845443725586e+00
2.979600906372070312e+00
2.744287967681884766e+00
3.363095045089721680e+00
3.147448778152465820e+00
2.010820865631103516e+00
2.833016157150268555e+00
2.362074136734008789e+00
2.315458059310913086e+00
2.475924253463745117e+00
2.936349868774414062e+00
1.822512149810791016e+00
2.644385099411010742e+00
2.407984733581542969e+00
3.296298980712890625e+00
2.664119958877563477e+00
2.785697698593139648e+00
2.209122180938720703e+00
2.846342802047729492e+00
2.489856004714965820e+00
2.317842960357666016e+00
2.811392068862915039e+00
3.826109170913696289e+00
2.117122173309326172e+00
2.797054052352905273e+00
2.805796861648559570e+00
2.671531915664672852e+00
3.653004169464111328e+00
3.147391080856323242e+00
2.648359060287475586e+00
2.532518863677978516e+00
2.674791812896728516e+00
2.876224040985107422e+00
3.916062831878662109e+00
3.256524085998535156e+00
2.836350917816162109e+00
2.593729972839355469e+00
3.323079109191894531e+00
3.196316003799438477e+00
2.868916988372802734e+00
3.541898727416992188e+00
2.979036808013916016e+00
3.180387735366821289e+00
2.602600097656250000e+00
2.234838008880615234e+00
3.165489196777343750e+00
3.061196088790893555e+00
3.265283107757568359e+00
2.774632930755615234e+00
2.455070018768310547e+00
3.324191093444824219e+00
3.817650794982910156e+00
2.920961856842041016e+00
3.750719785690307617e+00
2.263935089111328125e+00
2.980769872665405273e+00
2.802599906921386719e+00
2.885388135910034180e+00
2.384219169616699219e+00
3.459126949310302734e+00
3.799638986587524414e+00
3.018000841140747070e+00
2.077711820602416992e+00
3.624601125717163086e+00
2.737655639648437500e+00
3.590056180953979492e+00
2.102361202239990234e+00
3.145132064819335938e+00
2.439300775527954102e+00
2.927382946014404297e+00
3.227255105972290039e+00
3.532184123992919922e+00
3.205053806304931641e+00
3.284282922744750977e+00
2.580533027648925781e+00
2.654174327850341797e+00
4.550114631652832031e+00
3.050437688827514648e+00
3.337334156036376953e+00
2.302293062210083008e+00
3.127564191818237305e+00
2.158163070678710938e+00
2.702271938323974609e+00
2.652007102966308594e+00
2.493625164031982422e+00
4.782178163528442383e+00
3.242798089981079102e+00
3.327615022659301758e+00
2.358366012573242188e+00
3.432512998580932617e+00
2.817603111267089844e+00
2.204216003417968750e+00
2.537043094635009766e+00
3.659478187561035156e+00
2.687672853469848633e+00
2.911881923675537109e+00
3.029380083084106445e+00
3.816114902496337891e+00
2.462605714797973633e+00
2.450667142868041992e+00
3.110642910003662109e+00
3.419497966766357422e+00
3.354210853576660156e+00
2.731519937515258789e+00
2.423496007919311523e+00
2.090151071548461914e+00
2.764561891555786133e+00
2.573791980743408203e+00
3.313014030456542969e+00
2.318362951278686523e+00
2.386986970901489258e+00
2.350647211074829102e+00
2.666992902755737305e+00
3.076148986816406250e+00
2.358412027359008789e+00
3.371627092361450195e+00
3.194807052612304688e+00
3.521291017532348633e+00
3.652969121932983398e+00
3.989090919494628906e+00
2.872868776321411133e+00
2.762830018997192383e+00
3.386916160583496094e+00
3.470760822296142578e+00
2.550451040267944336e+00
3.476336240768432617e+00
2.738523244857788086e+00
3.922797203063964844e+00
2.976047754287719727e+00
2.302212953567504883e+00
3.630996942520141602e+00
3.672252893447875977e+00
2.912930011749267578e+00
4.086767911911010742e+00
2.839627027511596680e+00
3.091099262237548828e+00
2.680243015289306641e+00
3.968452215194702148e+00
4.215812683105468750e+00
4.343272924423217773e+00
4.103570222854614258e+00
3.982396841049194336e+00
2.339227199554443359e+00
3.936409950256347656e+00
3.826659917831420898e+00
3.830929994583129883e+00
4.692628145217895508e+00
3.645408868789672852e+00
3.497031927108764648e+00
4.228991031646728516e+00
4.117099046707153320e+00
2.676371097564697266e+00
4.523782968521118164e+00
3.387154102325439453e+00
4.612521886825561523e+00
3.430981874465942383e+00
4.771136999130249023e+00
3.217657804489135742e+00
4.106443166732788086e+00
3.686542034149169922e+00
3.651607990264892578e+00
3.672306299209594727e+00
3.925728082656860352e+00
3.940430879592895508e+00
2.595169067382812500e+00
3.839267015457153320e+00
4.269695997238159180e+00
2.959563970565795898e+00
4.450595140457153320e+00
5.263675212860107422e+00
4.691468000411987305e+00
1.955654144287109375e+00
4.705673933029174805e+00
3.833141088485717773e+00
3.471745014190673828e+00
2.771432876586914062e+00
2.823606967926025391e+00
4.063746213912963867e+00
2.387279748916625977e+00
3.894068241119384766e+00
4.211469888687133789e+00
2.435370206832885742e+00
2.601961135864257812e+00
2.676146984100341797e+00
2.715928077697753906e+00
4.019989013671875000e+00
3.375293970108032227e+00
3.250952005386352539e+00
1.997910737991333008e+00
2.297224044799804688e+00
2.547513961791992188e+00
2.271275997161865234e+00
3.294383049011230469e+00
2.147544860839843750e+00
2.647512674331665039e+00
4.252466917037963867e+00
3.173526048660278320e+00
2.551817893981933594e+00
3.117326974868774414e+00
3.680382966995239258e+00
3.707913875579833984e+00
4.300303936004638672e+00
4.242803812026977539e+00
2.712926864624023438e+00
3.315150976181030273e+00
3.753694295883178711e+00
2.796459197998046875e+00
2.418189048767089844e+00
2.963070154190063477e+00
4.128740310668945312e+00
2.406446695327758789e+00
3.346252918243408203e+00
2.986037015914916992e+00
2.825704097747802734e+00
3.300011157989501953e+00
3.195199012756347656e+00
4.092475891113281250e+00
3.526929855346679688e+00
3.722715139389038086e+00
3.575366020202636719e+00
3.313049077987670898e+00
3.345565319061279297e+00
2.334918975830078125e+00
3.346715927124023438e+00
3.470424890518188477e+00
3.615947008132934570e+00
3.643669128417968750e+00
2.524451971054077148e+00
3.225423812866210938e+00
3.681219100952148438e+00
4.058430910110473633e+00
3.091417074203491211e+00
3.253353834152221680e+00
3.182982921600341797e+00
2.809146881103515625e+00
2.979890823364257812e+00
3.039481878280639648e+00
2.902932882308959961e+00
3.263710021972656250e+00
3.194703817367553711e+00
3.579372167587280273e+00
2.812936067581176758e+00
3.653388977050781250e+00
3.268314123153686523e+00
3.278435945510864258e+00
3.391067981719970703e+00
3.686506032943725586e+00
2.174849033355712891e+00
3.531802892684936523e+00
3.638803958892822266e+00
3.850697994232177734e+00
3.600787878036499023e+00
3.880154132843017578e+00
3.474389076232910156e+00
2.721309900283813477e+00
3.765031814575195312e+00
3.746162176132202148e+00
2.948962926864624023e+00
2.483501195907592773e+00
2.868213891983032227e+00
2.942230701446533203e+00
3.072190999984741211e+00
2.656732797622680664e+00
3.958871126174926758e+00
2.653668165206909180e+00
2.993354082107543945e+00
3.091307878494262695e+00
2.884788990020751953e+00
3.292661905288696289e+00
3.099748849868774414e+00
2.573802232742309570e+00
3.637125253677368164e+00
3.257116079330444336e+00
3.663506031036376953e+00
3.527512073516845703e+00
3.090200901031494141e+00
2.667275190353393555e+00
4.261567115783691406e+00
3.294932126998901367e+00
3.234281063079833984e+00
4.195653676986694336e+00
4.094303131103515625e+00
3.047546148300170898e+00
3.269948959350585938e+00
3.510173082351684570e+00
3.855980873107910156e+00
2.948260307312011719e+00
3.114643335342407227e+00
4.549515724182128906e+00
3.221143960952758789e+00
4.533307313919067383e+00
3.300623893737792969e+00
3.308859825134277344e+00
2.753680706024169922e+00
2.745729923248291016e+00
2.752157926559448242e+00
2.712234973907470703e+00
2.800786018371582031e+00
3.238873958587646484e+00
4.226025104522705078e+00
3.221668243408203125e+00
3.126322746276855469e+00
3.549551963806152344e+00
3.104537010192871094e+00
4.992959022521972656e+00
2.801152944564819336e+00
3.509936809539794922e+00
4.676631212234497070e+00
3.828922986984252930e+00
3.404265165328979492e+00
4.807698965072631836e+00
3.833027124404907227e+00
4.250105142593383789e+00
4.801315069198608398e+00
3.596878767013549805e+00
3.588546037673950195e+00
3.469593048095703125e+00
4.501009225845336914e+00
3.570741891860961914e+00
3.669992208480834961e+00
4.416105270385742188e+00
4.848765134811401367e+00
3.227823257446289062e+00
5.274295806884765625e+00
3.610782861709594727e+00
5.579463958740234375e+00
2.483767032623291016e+00
4.176682949066162109e+00
3.786673784255981445e+00
3.495140075683593750e+00
4.175550937652587891e+00
3.819324016571044922e+00
3.361135959625244141e+00
3.926716327667236328e+00
5.072086095809936523e+00
3.491873979568481445e+00
4.459455966949462891e+00
2.903369188308715820e+00
3.223719120025634766e+00
4.067012071609497070e+00
4.457747220993041992e+00
2.949792146682739258e+00
3.178086996078491211e+00
2.854212045669555664e+00
3.041411161422729492e+00
3.860346078872680664e+00
2.903136968612670898e+00
3.416519165039062500e+00
3.784765005111694336e+00
3.556712865829467773e+00
3.737069129943847656e+00
3.722529172897338867e+00
3.762676954269409180e+00
2.610085010528564453e+00
3.592892169952392578e+00
3.522297859191894531e+00
4.255318880081176758e+00
2.817748308181762695e+00
2.829129934310913086e+00
3.684054136276245117e+00
4.353821992874145508e+00
3.629848003387451172e+00
3.000404119491577148e+00
3.025267839431762695e+00
3.033856153488159180e+00
2.426635026931762695e+00
2.910012006759643555e+00
3.906545877456665039e+00
3.064805030822753906e+00
3.770812988281250000e+00
3.343065023422241211e+00
2.455588102340698242e+00
3.890055894851684570e+00
3.777548074722290039e+00
2.936367034912109375e+00
4.618802070617675781e+00
3.956982135772705078e+00
3.315316915512084961e+00
3.686221837997436523e+00
3.586227893829345703e+00
4.357828855514526367e+00
2.501211881637573242e+00
3.345544099807739258e+00
4.349604129791259766e+00
4.416288852691650391e+00
3.692987918853759766e+00
3.007481098175048828e+00
3.401675939559936523e+00
4.586340904235839844e+00
3.826679944992065430e+00
4.138684749603271484e+00
2.607693910598754883e+00
3.123047113418579102e+00
3.520821809768676758e+00
3.570309877395629883e+00
3.799659013748168945e+00
3.796844005584716797e+00
4.249907016754150391e+00
5.045989274978637695e+00
3.519525051116943359e+00
3.411621093750000000e+00
2.888277053833007812e+00
3.487729787826538086e+00
3.220903873443603516e+00
3.142750978469848633e+00
2.852295875549316406e+00
3.847800016403198242e+00
3.493102312088012695e+00
3.613766193389892578e+00
2.426220178604125977e+00
3.002504825592041016e+00
4.069030046463012695e+00
3.488866090774536133e+00
3.860171079635620117e+00
3.808546066284179688e+00
3.418766975402832031e+00
4.323074817657470703e+00
4.030569314956665039e+00
2.832075119018554688e+00
3.853443861007690430e+00
2.962753057479858398e+00
2.831770181655883789e+00
3.413641214370727539e+00
2.704993009567260742e+00
2.631807088851928711e+00
4.562271833419799805e+00
3.499284029006958008e+00
3.133175134658813477e+00
3.335808038711547852e+00
3.822875022888183594e+00
4.047886133193969727e+00
3.911288022994995117e+00
4.827306985855102539e+00
3.674021959304809570e+00
3.582779169082641602e+00
3.866581916809082031e+00
3.233821868896484375e+00
3.346742153167724609e+00
4.015357732772827148e+00
3.609559774398803711e+00
4.052564144134521484e+00
3.328304052352905273e+00
2.877925157546997070e+00
3.621262788772583008e+00
3.539057970046997070e+00
3.315459966659545898e+00
3.375783920288085938e+00
3.330035924911499023e+00
4.264299631118774414e+00
3.445514202117919922e+00
4.148385047912597656e+00
3.375746250152587891e+00
3.373145103454589844e+00
4.919543027877807617e+00
3.716017723083496094e+00
4.327905893325805664e+00
4.122098922729492188e+00
4.545917987823486328e+00
4.364448070526123047e+00
3.602783918380737305e+00
3.118776082992553711e+00
2.890423059463500977e+00
3.800267696380615234e+00
3.313752174377441406e+00
4.314305782318115234e+00
4.370887994766235352e+00
3.203778982162475586e+00
3.579131126403808594e+00
3.350203275680541992e+00
3.816734075546264648e+00
2.835324764251708984e+00
3.668844938278198242e+00
3.138146162033081055e+00
2.784225940704345703e+00
3.685616970062255859e+00
2.976708889007568359e+00
3.611034154891967773e+00
2.952357053756713867e+00
3.569499731063842773e+00
3.702699899673461914e+00
2.726426124572753906e+00
2.719290733337402344e+00
4.784067153930664062e+00
2.659523963928222656e+00
3.426635980606079102e+00
3.409548997879028320e+00
2.837386369705200195e+00
2.611721992492675781e+00
3.612904071807861328e+00
3.635141134262084961e+00
4.668302774429321289e+00
4.152172088623046875e+00
4.531695127487182617e+00
4.523551940917968750e+00
3.493901968002319336e+00
4.500813961029052734e+00
3.286437988281250000e+00
3.659758806228637695e+00
3.628798961639404297e+00
3.545578956604003906e+00
4.185963869094848633e+00
2.586614847183227539e+00
2.950668096542358398e+00
3.536798000335693359e+00
3.571901082992553711e+00
3.557384967803955078e+00
3.355149030685424805e+00
3.334486007690429688e+00
3.038298845291137695e+00
2.115386009216308594e+00
3.923232078552246094e+00
4.637708902359008789e+00
2.471755027770996094e+00
3.363051652908325195e+00
2.916816949844360352e+00
3.396265029907226562e+00
3.340891838073730469e+00
3.266947269439697266e+00
2.310290098190307617e+00
3.213532209396362305e+00
3.460153818130493164e+00
2.493880987167358398e+00
3.619325876235961914e+00
3.518274068832397461e+00
3.250999689102172852e+00
2.744706153869628906e+00
3.758404731750488281e+00
2.868048906326293945e+00
2.712718725204467773e+00
2.932298183441162109e+00
2.943994045257568359e+00
2.048926115036010742e+00
3.920476913452148438e+00
4.190090179443359375e+00
3.236996173858642578e+00
3.300428867340087891e+00
3.409786939620971680e+00
4.195990085601806641e+00
3.018172979354858398e+00
3.097692966461181641e+00
3.645633220672607422e+00
3.327457904815673828e+00
3.911436080932617188e+00
3.645313024520874023e+00
3.283120870590209961e+00
3.518769025802612305e+00
3.880544185638427734e+00
3.452768087387084961e+00
3.386879920959472656e+00
3.370113849639892578e+00
3.554493188858032227e+00
3.219236135482788086e+00
4.611857175827026367e+00
5.307717800140380859e+00
3.460287809371948242e+00
5.084671020507812500e+00
3.761063098907470703e+00
3.822691917419433594e+00
2.981797933578491211e+00
4.571816921234130859e+00
3.127677202224731445e+00
4.204603910446166992e+00
3.598988056182861328e+00
5.037962913513183594e+00
3.945708036422729492e+00
4.705642700195312500e+00
3.950736045837402344e+00
3.392174959182739258e+00
4.264280080795288086e+00
4.368584871292114258e+00
4.358533859252929688e+00
4.136317014694213867e+00
4.107808113098144531e+00
3.211472034454345703e+00
3.717123270034790039e+00
3.884985208511352539e+00
3.882569074630737305e+00
3.696547985076904297e+00
3.461009025573730469e+00
3.489207983016967773e+00
2.927461147308349609e+00
3.175180196762084961e+00
3.016128063201904297e+00
3.536965131759643555e+00
3.144449710845947266e+00
4.300559043884277344e+00
3.711893081665039062e+00
3.991205215454101562e+00
3.279305934906005859e+00
3.782527923583984375e+00
4.065350770950317383e+00
3.580832004547119141e+00
4.109005212783813477e+00
2.503103971481323242e+00
3.865584135055541992e+00
3.795529842376708984e+00
4.243812084197998047e+00
5.013395071029663086e+00
3.833513975143432617e+00
3.701189756393432617e+00
4.277319192886352539e+00
3.850005149841308594e+00
4.201785802841186523e+00
3.273266315460205078e+00
3.956423044204711914e+00
3.108125925064086914e+00
3.076831102371215820e+00
2.894528865814208984e+00
3.503062963485717773e+00
3.545299053192138672e+00
2.586824893951416016e+00
4.221590042114257812e+00
3.543515920639038086e+00
4.467751026153564453e+00
3.231653928756713867e+00
3.662414073944091797e+00
3.428137063980102539e+00
3.589353799819946289e+00
3.373554944992065430e+00
3.299079179763793945e+00
2.843117713928222656e+00
3.602854728698730469e+00
2.389273166656494141e+00
3.744189023971557617e+00
4.246485948562622070e+00
2.994394779205322266e+00
2.606806039810180664e+00
2.591079950332641602e+00
2.863943099975585938e+00
2.898765087127685547e+00
4.600502014160156250e+00
6.117936134338378906e+00
3.470792055130004883e+00
4.440335273742675781e+00
2.765077114105224609e+00
3.161195993423461914e+00
2.966835975646972656e+00
4.135502815246582031e+00
2.814395904541015625e+00
3.816328048706054688e+00
3.302899122238159180e+00
2.981828927993774414e+00
3.058086872100830078e+00
3.644921064376831055e+00
2.725068092346191406e+00
2.400585174560546875e+00
3.808850049972534180e+00
3.352760076522827148e+00
3.815409898757934570e+00
3.877038002014160156e+00
4.380638122558593750e+00
3.471662998199462891e+00
3.964864015579223633e+00
1.913182973861694336e+00
3.414441347122192383e+00
3.577222824096679688e+00
3.461308956146240234e+00
4.269668817520141602e+00
3.859863996505737305e+00
3.605298042297363281e+00
5.475101947784423828e+00
3.011219024658203125e+00
2.408384084701538086e+00
2.869376897811889648e+00
2.916062116622924805e+00
2.928516864776611328e+00
2.882592201232910156e+00
3.702240943908691406e+00
3.538259983062744141e+00
4.589114904403686523e+00
2.925446033477783203e+00
3.427399873733520508e+00
3.020058155059814453e+00
4.027213096618652344e+00
4.829682826995849609e+00
3.980176925659179688e+00
3.301880121231079102e+00
2.507079124450683594e+00
4.327136754989624023e+00
3.810730934143066406e+00
4.020585775375366211e+00
3.607554912567138672e+00
3.503420829772949219e+00
3.129886150360107422e+00
2.980783939361572266e+00
2.699527978897094727e+00
2.661427259445190430e+00
3.579034805297851562e+00
3.183670997619628906e+00
2.703956365585327148e+00
3.877465248107910156e+00
3.951322793960571289e+00
3.936471939086914062e+00
6.174946069717407227e+00
4.348685026168823242e+00
3.112640857696533203e+00
3.639955997467041016e+00
3.155679941177368164e+00
4.147561788558959961e+00
5.480847835540771484e+00
3.562237262725830078e+00
3.203307628631591797e+00
3.679135084152221680e+00
2.471232891082763672e+00
5.437338829040527344e+00
4.567441225051879883e+00
3.579846858978271484e+00
3.679445028305053711e+00
4.204975843429565430e+00
2.689491987228393555e+00
3.358369827270507812e+00
3.769896984100341797e+00
3.067533016204833984e+00
3.950163125991821289e+00
3.523565053939819336e+00
3.422075986862182617e+00
3.608708143234252930e+00
3.311450004577636719e+00
2.800741910934448242e+00
3.278591871261596680e+00
3.303041219711303711e+00
2.379164934158325195e+00
3.722183942794799805e+00
3.338951826095581055e+00
3.833979129791259766e+00
3.948664188385009766e+00
3.414005041122436523e+00
2.841847896575927734e+00
2.301712274551391602e+00
3.770851135253906250e+00
2.897271156311035156e+00
4.067056179046630859e+00
4.051154375076293945e+00
3.551861047744750977e+00
3.773026943206787109e+00
3.232602834701538086e+00
3.458830833435058594e+00
3.396624803543090820e+00
4.290807008743286133e+00
3.240358829498291016e+00
3.294143915176391602e+00
2.559842109680175781e+00
3.416002035140991211e+00
2.657536983489990234e+00
2.884712219238281250e+00
3.133867740631103516e+00
4.380686998367309570e+00
4.157878160476684570e+00
2.800192117691040039e+00
2.424003124237060547e+00
2.909931898117065430e+00
3.734534978866577148e+00
3.303352832794189453e+00
2.889826774597167969e+00
3.586735010147094727e+00
3.825777292251586914e+00
3.350928783416748047e+00
4.754024982452392578e+00
3.865747928619384766e+00
4.290511846542358398e+00
3.264426231384277344e+00
4.266759872436523438e+00
4.237955093383789062e+00
3.605404853820800781e+00
3.918956756591796875e+00
3.836526155471801758e+00
3.266655921936035156e+00
2.454277992248535156e+00
3.071282148361206055e+00
2.805214166641235352e+00
3.153290987014770508e+00
3.010292053222656250e+00
3.519979000091552734e+00
4.521975994110107422e+00
3.960132122039794922e+00
3.056499958038330078e+00
4.350316047668457031e+00
3.805155992507934570e+00
2.706006050109863281e+00
3.388147115707397461e+00
2.962023019790649414e+00
3.095578908920288086e+00
3.625219106674194336e+00
2.765167951583862305e+00
3.605861902236938477e+00
3.448135137557983398e+00
3.902302026748657227e+00
3.605247974395751953e+00
3.567953109741210938e+00
3.721887111663818359e+00
2.570539236068725586e+00
3.431427001953125000e+00
3.620409250259399414e+00
3.182301282882690430e+00
3.247224807739257812e+00
3.334035873413085938e+00
3.172259092330932617e+00
3.383728742599487305e+00
3.714399099349975586e+00
4.151143789291381836e+00
2.474693775177001953e+00
3.438471078872680664e+00
3.956640005111694336e+00
3.265474081039428711e+00
3.016315937042236328e+00
3.942608833312988281e+00
3.387999057769775391e+00
3.878063917160034180e+00
4.319409847259521484e+00
3.922144889831542969e+00
4.434793233871459961e+00
3.529713869094848633e+00
3.559890031814575195e+00
3.544558048248291016e+00
4.143465995788574219e+00
3.423309087753295898e+00
3.167244672775268555e+00
3.689926862716674805e+00
4.573900222778320312e+00
3.441933870315551758e+00
3.211211919784545898e+00
4.393063783645629883e+00
4.708461046218872070e+00
3.913879156112670898e+00
3.535496950149536133e+00
4.325285196304321289e+00
4.076853990554809570e+00
3.429291963577270508e+00
4.358441114425659180e+00
4.304440736770629883e+00
2.619927644729614258e+00
3.852237939834594727e+00
3.976637125015258789e+00
4.407490730285644531e+00
3.378208637237548828e+00
3.143351078033447266e+00
3.432731866836547852e+00
3.946130990982055664e+00
3.518112897872924805e+00
4.648600101470947266e+00
4.158483266830444336e+00
3.270074129104614258e+00
4.443552017211914062e+00
2.534490823745727539e+00
4.810873031616210938e+00
4.285291194915771484e+00
4.644015789031982422e+00
4.534416913986206055e+00
4.171299934387207031e+00
3.636359930038452148e+00
3.843735218048095703e+00
4.434037923812866211e+00
4.051519870758056641e+00
3.426455974578857422e+00
3.537042856216430664e+00
3.520644664764404297e+00
2.867002725601196289e+00
3.323318958282470703e+00
3.126521110534667969e+00
3.698209047317504883e+00
4.664321660995483398e+00
4.727437019348144531e+00
3.893891096115112305e+00
2.713788986206054688e+00
4.175510883331298828e+00
4.678035974502563477e+00
4.481939077377319336e+00
4.779893875122070312e+00
2.254804849624633789e+00
4.270278930664062500e+00
4.132912874221801758e+00
4.922782897949218750e+00
2.964185237884521484e+00
3.115076780319213867e+00
2.270524263381958008e+00
3.247864007949829102e+00
2.797770023345947266e+00
2.947343826293945312e+00
3.293812036514282227e+00
2.436112165451049805e+00
2.980538129806518555e+00
2.695772886276245117e+00
3.408559799194335938e+00
2.741511106491088867e+00
2.834231138229370117e+00
3.140367031097412109e+00
2.806808948516845703e+00
3.505623817443847656e+00
3.987695217132568359e+00
2.937124729156494141e+00
3.677592039108276367e+00
3.133524894714355469e+00
3.689836025238037109e+00
3.068776845932006836e+00
3.527581930160522461e+00
4.287328958511352539e+00
3.193173170089721680e+00
3.946213006973266602e+00
3.932506084442138672e+00
3.544390916824340820e+00
4.108070135116577148e+00
4.537437200546264648e+00
3.998340129852294922e+00
4.160604000091552734e+00
3.017671108245849609e+00
2.599507808685302734e+00
3.454387903213500977e+00
3.000578165054321289e+00
3.968489885330200195e+00
2.693991184234619141e+00
3.694738149642944336e+00
3.321912050247192383e+00
3.207253932952880859e+00
2.892163038253784180e+00
2.630033969879150391e+00
3.598141908645629883e+00
3.729783058166503906e+00
3.409636974334716797e+00
3.168267011642456055e+00
3.301333904266357422e+00
3.693880081176757812e+00
4.450281143188476562e+00
4.534533739089965820e+00
3.438478946685791016e+00
2.563629150390625000e+00
3.241495132446289062e+00
4.952039003372192383e+00
3.694864034652709961e+00
3.819041967391967773e+00
3.567476987838745117e+00
4.080700874328613281e+00
4.548768997192382812e+00
3.491323947906494141e+00
4.623868227005004883e+00
2.875546216964721680e+00
3.898936748504638672e+00
3.138875246047973633e+00
3.268598079681396484e+00
3.372089147567749023e+00
3.781571149826049805e+00
3.976502895355224609e+00
2.657392978668212891e+00
2.317146778106689453e+00
4.003165960311889648e+00
3.802309751510620117e+00
2.856954097747802734e+00
3.753465890884399414e+00
3.506714820861816406e+00
3.596431255340576172e+00
3.086733102798461914e+00
3.660356760025024414e+00
3.149374008178710938e+00
3.415468692779541016e+00
3.270074129104614258e+00
3.456523895263671875e+00
2.582948923110961914e+00
3.907341003417968750e+00
3.104955196380615234e+00
2.081942081451416016e+00
3.865780115127563477e+00
3.747487068176269531e+00
2.508955955505371094e+00
4.049069166183471680e+00
3.624961137771606445e+00
3.743847131729125977e+00
2.497812032699584961e+00
2.796498060226440430e+00
4.008988142013549805e+00
4.084264039993286133e+00
3.566064119338989258e+00
3.219598770141601562e+00
2.987390041351318359e+00
2.439944028854370117e+00
2.559754133224487305e+00
3.367297887802124023e+00
2.793097019195556641e+00
2.824234962463378906e+00
3.204931974411010742e+00
2.781766891479492188e+00
2.904694080352783203e+00
3.693737983703613281e+00
2.667749166488647461e+00
3.611737012863159180e+00
2.834404230117797852e+00
2.601268291473388672e+00
2.966529130935668945e+00
2.391705036163330078e+00
4.775089025497436523e+00
2.298855066299438477e+00
3.340830087661743164e+00
2.599506139755249023e+00
2.597929000854492188e+00
3.237431049346923828e+00
2.135403871536254883e+00
2.482041835784912109e+00
3.435868978500366211e+00
2.653733968734741211e+00
4.476272821426391602e+00
2.797193050384521484e+00
3.852607965469360352e+00
3.406038999557495117e+00
3.577859878540039062e+00
3.372241973876953125e+00
3.798440217971801758e+00
3.346487045288085938e+00
3.063654184341430664e+00
3.932543039321899414e+00
2.514084100723266602e+00
3.405746936798095703e+00
3.399468183517456055e+00
4.205374002456665039e+00
3.071383714675903320e+00
3.177713871002197266e+00
4.058743000030517578e+00
3.151582956314086914e+00
2.769867181777954102e+00
2.353282213211059570e+00
2.744207859039306641e+00
2.899080991744995117e+00
3.526283025741577148e+00
3.299381971359252930e+00
2.595561027526855469e+00
3.734941959381103516e+00
2.937483072280883789e+00
3.109756231307983398e+00
2.989799022674560547e+00
3.914608955383300781e+00
3.821281909942626953e+00
3.502448081970214844e+00
4.374089956283569336e+00
3.615151882171630859e+00
3.258167028427124023e+00
4.358350992202758789e+00
3.001178264617919922e+00
4.108561992645263672e+00
4.528918027877807617e+00
4.580227136611938477e+00
3.198449134826660156e+00
4.437769174575805664e+00
4.022193908691406250e+00
3.289798974990844727e+00
3.701802015304565430e+00
3.753203868865966797e+00
3.097834825515747070e+00
3.317519187927246094e+00
3.471505880355834961e+00
2.900182962417602539e+00
3.519091129302978516e+00
4.174292802810668945e+00
3.866539001464843750e+00
4.022002220153808594e+00
4.003710031509399414e+00
4.171669006347656250e+00
3.704453229904174805e+00
4.450474023818969727e+00
4.042944908142089844e+00
3.243016958236694336e+00
4.055880069732666016e+00
4.772970199584960938e+00
3.774830102920532227e+00
4.030683994293212891e+00
4.168986797332763672e+00
3.572167873382568359e+00
4.670905113220214844e+00
3.873064994812011719e+00
4.200018882751464844e+00
4.021384000778198242e+00
4.552714824676513672e+00
4.085670948028564453e+00
5.568151235580444336e+00
3.796692132949829102e+00
4.625628948211669922e+00
4.188690900802612305e+00
4.226877927780151367e+00
2.814409971237182617e+00
3.771098852157592773e+00
3.357328891754150391e+00
3.280711174011230469e+00
3.416328191757202148e+00
5.274130105972290039e+00
4.243029117584228516e+00
5.211339950561523438e+00
5.009259939193725586e+00
4.790091037750244141e+00
4.952136993408203125e+00
4.170616626739501953e+00
3.510996818542480469e+00
3.773234844207763672e+00
3.582960128784179688e+00
4.022984981536865234e+00
4.056680202484130859e+00
6.107170104980468750e+00
4.329887866973876953e+00
4.281938791275024414e+00
4.501369953155517578e+00
3.657499074935913086e+00
4.165229082107543945e+00
4.043923854827880859e+00
4.624313116073608398e+00
4.042544841766357422e+00
4.293261051177978516e+00
3.435592174530029297e+00
3.599111080169677734e+00
3.126163244247436523e+00
3.993974924087524414e+00
6.342319726943969727e+00
4.219453811645507812e+00
2.452323913574218750e+00
5.877854108810424805e+00
4.699887990951538086e+00
3.353443145751953125e+00
4.351742982864379883e+00
4.069822788238525391e+00
3.513076066970825195e+00
2.752341985702514648e+00
4.399872064590454102e+00
2.781468868255615234e+00
3.090979814529418945e+00
4.055365085601806641e+00
3.622030735015869141e+00
3.746795177459716797e+00
4.477552175521850586e+00
2.539120912551879883e+00
4.959578037261962891e+00
5.110406875610351562e+00
2.837970972061157227e+00
4.396270036697387695e+00
3.917057037353515625e+00
5.240878105163574219e+00
3.776038885116577148e+00
4.911435127258300781e+00
3.517600059509277344e+00
4.966500282287597656e+00
3.384641170501708984e+00
5.370357036590576172e+00
4.993938922882080078e+00
5.262641906738281250e+00
4.184163093566894531e+00
4.165210962295532227e+00
5.471573114395141602e+00
4.881907939910888672e+00
4.338295936584472656e+00
4.172728061676025391e+00
3.251289844512939453e+00
5.391304969787597656e+00
3.281167984008789062e+00
5.520315170288085938e+00
4.748869180679321289e+00
2.228682994842529297e+00
2.619869947433471680e+00
3.201815128326416016e+00
4.642987966537475586e+00
4.759071826934814453e+00
3.235625982284545898e+00
4.595757007598876953e+00
3.580899953842163086e+00
3.567338943481445312e+00
4.583497047424316406e+00
3.168994188308715820e+00
3.223421096801757812e+00
3.224495172500610352e+00
3.280301094055175781e+00
3.147118091583251953e+00
3.565163135528564453e+00
3.591598749160766602e+00
3.508638858795166016e+00
3.521962881088256836e+00
4.815532207489013672e+00
3.643296957015991211e+00
4.610430955886840820e+00
3.751410245895385742e+00
3.837568044662475586e+00
3.773611068725585938e+00
3.240464925765991211e+00
3.670850038528442383e+00
2.805869102478027344e+00
3.923382043838500977e+00
3.893429994583129883e+00
2.487261295318603516e+00
2.237401008605957031e+00
3.077589035034179688e+00
3.227182865142822266e+00
2.715860843658447266e+00
2.737133026123046875e+00
2.462953090667724609e+00
3.206962108612060547e+00
3.070521116256713867e+00
3.125385046005249023e+00
2.436316967010498047e+00
2.569661378860473633e+00
3.061464071273803711e+00
3.397180080413818359e+00
3.709318876266479492e+00
2.524236202239990234e+00
3.269540071487426758e+00
2.645689964294433594e+00
2.942079067230224609e+00
2.749094247817993164e+00
2.766586780548095703e+00
3.437213897705078125e+00
3.452020168304443359e+00
2.833599805831909180e+00
3.161023855209350586e+00
3.979559898376464844e+00
3.165260791778564453e+00
2.927971839904785156e+00
3.140551090240478516e+00
3.042039155960083008e+00
3.230196952819824219e+00
2.953764200210571289e+00
3.280922174453735352e+00
3.402350902557373047e+00
4.544210195541381836e+00
3.697205066680908203e+00
4.800346851348876953e+00
4.025922775268554688e+00
2.530987024307250977e+00
3.681286811828613281e+00
4.868335962295532227e+00
2.844354152679443359e+00
3.702142953872680664e+00
3.666018962860107422e+00
3.733082294464111328e+00
4.553355932235717773e+00
3.474974870681762695e+00
4.341037988662719727e+00
3.108114957809448242e+00
4.671003103256225586e+00
5.204358100891113281e+00
3.774783849716186523e+00
5.021389722824096680e+00
4.660805940628051758e+00
4.105174779891967773e+00
4.588860988616943359e+00
4.132302045822143555e+00
2.859071969985961914e+00
4.483201026916503906e+00
3.940511941909790039e+00
3.847222089767456055e+00
3.380707025527954102e+00
3.701792955398559570e+00
3.827955961227416992e+00
4.011229991912841797e+00
4.661586999893188477e+00
3.731447935104370117e+00
4.087361097335815430e+00
3.774640083312988281e+00
5.777763128280639648e+00
4.808793783187866211e+00
3.848835706710815430e+00
5.389005184173583984e+00
4.700198173522949219e+00
4.599668025970458984e+00
3.786197900772094727e+00
2.747269153594970703e+00
4.945348024368286133e+00
4.572620153427124023e+00
4.980201959609985352e+00
4.656444072723388672e+00
4.694455146789550781e+00
4.712634086608886719e+00
3.691099166870117188e+00
3.518593072891235352e+00
4.601058006286621094e+00
4.838592052459716797e+00
5.206210851669311523e+00
4.104709148406982422e+00
3.674527645111083984e+00
5.402836084365844727e+00
4.661520004272460938e+00
4.358000278472900391e+00
3.748492956161499023e+00
3.992215156555175781e+00
6.136236667633056641e+00
3.346293926239013672e+00
4.530245304107666016e+00
5.594094038009643555e+00
5.539468050003051758e+00
5.712723970413208008e+00
5.725738048553466797e+00
3.273933172225952148e+00
5.706560134887695312e+00
5.282070159912109375e+00
3.953858613967895508e+00
4.779670953750610352e+00
4.157124280929565430e+00
2.669986724853515625e+00
2.414347887039184570e+00
4.791764974594116211e+00
5.168432950973510742e+00
5.872424125671386719e+00
4.382205963134765625e+00
4.029371976852416992e+00
3.787234067916870117e+00
4.398736953735351562e+00
3.990782976150512695e+00
2.652225971221923828e+00
4.275964975357055664e+00
3.873249053955078125e+00
4.624433040618896484e+00
4.511368989944458008e+00
4.129871845245361328e+00
2.884375095367431641e+00
4.576939821243286133e+00
3.548429965972900391e+00
5.716732025146484375e+00
4.413621902465820312e+00
4.649041891098022461e+00
2.586791992187500000e+00
2.818516254425048828e+00
4.999424934387207031e+00
4.265230178833007812e+00
4.194950103759765625e+00
2.949965000152587891e+00
3.087445974349975586e+00
3.007986783981323242e+00
3.094886779785156250e+00
3.341871976852416992e+00
3.780899047851562500e+00
3.091198921203613281e+00
4.099401950836181641e+00
3.049768209457397461e+00
3.581421136856079102e+00
3.290287017822265625e+00
3.917429924011230469e+00
5.083585977554321289e+00
3.803869009017944336e+00
5.172065973281860352e+00
5.225396871566772461e+00
4.011605024337768555e+00
3.660216093063354492e+00
3.946460962295532227e+00
3.870704174041748047e+00
4.020648002624511719e+00
3.545622110366821289e+00
3.309860229492187500e+00
4.063290834426879883e+00
5.457786083221435547e+00
3.632807970046997070e+00
3.564320087432861328e+00
3.250634908676147461e+00
2.684321880340576172e+00
2.674072027206420898e+00
3.741339921951293945e+00
4.064468860626220703e+00
3.806027173995971680e+00
3.646246194839477539e+00
2.949669837951660156e+00
4.040588140487670898e+00
4.276545047760009766e+00
3.173120975494384766e+00
4.393357753753662109e+00
4.529552936553955078e+00
3.513833045959472656e+00
4.286510705947875977e+00
3.581541061401367188e+00
3.658963918685913086e+00
3.368149757385253906e+00
3.546828031539916992e+00
3.217215061187744141e+00
4.356778860092163086e+00
3.711867809295654297e+00
2.710649013519287109e+00
3.901814937591552734e+00
4.286031007766723633e+00
3.770000219345092773e+00
5.027415990829467773e+00
2.556518316268920898e+00
3.257133722305297852e+00
5.104003906250000000e+00
4.369378089904785156e+00
4.738415002822875977e+00
3.035439968109130859e+00
3.520491123199462891e+00
4.174988031387329102e+00
4.512138843536376953e+00
3.597759246826171875e+00
4.741796016693115234e+00
5.185137987136840820e+00
3.454245805740356445e+00
4.021726846694946289e+00
3.843641996383666992e+00
3.259347915649414062e+00
3.543548822402954102e+00
4.366932868957519531e+00
3.073164224624633789e+00
3.658582687377929688e+00
4.138449192047119141e+00
3.089624166488647461e+00
4.006839036941528320e+00
4.008229970932006836e+00
3.307806015014648438e+00
4.409168958663940430e+00
4.355920791625976562e+00
4.318077802658081055e+00
3.524308204650878906e+00
4.671466827392578125e+00
4.511530160903930664e+00
5.235085725784301758e+00
4.931769847869873047e+00
4.686864852905273438e+00
5.666319847106933594e+00
5.231453895568847656e+00
2.426424980163574219e+00
4.285408973693847656e+00
5.309241056442260742e+00
4.651350975036621094e+00
5.295962095260620117e+00
3.923679828643798828e+00
4.506418228149414062e+00
4.734010934829711914e+00
5.409827947616577148e+00
3.272116899490356445e+00
3.357200860977172852e+00
4.859254121780395508e+00
3.499920845031738281e+00
3.415144205093383789e+00
4.927603960037231445e+00
5.456913232803344727e+00
5.882069110870361328e+00
4.888943195343017578e+00
4.531654119491577148e+00
3.683169126510620117e+00
5.087411880493164062e+00
5.673820734024047852e+00
5.183948040008544922e+00
5.212477922439575195e+00
3.446774005889892578e+00
5.980873823165893555e+00
3.678420066833496094e+00
5.591044187545776367e+00
4.336943864822387695e+00
3.253142118453979492e+00
5.640437126159667969e+00
4.068722963333129883e+00
3.709215164184570312e+00
3.485090017318725586e+00
4.408624172210693359e+00
4.194159030914306641e+00
3.546806812286376953e+00
6.092487335205078125e+00
5.835232019424438477e+00
5.088129997253417969e+00
2.107659101486206055e+00
3.939870119094848633e+00
4.105678081512451172e+00
6.304779052734375000e+00
3.544253110885620117e+00
4.341635227203369141e+00
4.038402795791625977e+00
4.168728113174438477e+00
3.681575059890747070e+00
3.838350057601928711e+00
3.487667083740234375e+00
3.970865011215209961e+00
3.821513891220092773e+00
3.601474046707153320e+00
3.555850982666015625e+00
3.761515855789184570e+00
2.946894884109497070e+00
3.057588100433349609e+00
3.809508085250854492e+00
4.573778867721557617e+00
4.141266107559204102e+00
3.800249099731445312e+00
4.310974121093750000e+00
3.568500041961669922e+00
4.231106042861938477e+00
3.069536924362182617e+00
2.657058954238891602e+00
4.562272071838378906e+00
4.925419092178344727e+00
5.172981023788452148e+00
5.835654020309448242e+00
5.303337097167968750e+00
3.611242294311523438e+00
3.777771949768066406e+00
6.034091949462890625e+00
5.499240875244140625e+00
4.002140045166015625e+00
2.937001943588256836e+00
5.933838844299316406e+00
4.153968095779418945e+00
5.288275003433227539e+00
5.633817195892333984e+00
2.576971054077148438e+00
5.523539066314697266e+00
4.493034601211547852e+00
3.751131057739257812e+00
5.148828268051147461e+00
5.042724132537841797e+00
4.427429914474487305e+00
4.498082160949707031e+00
5.852888107299804688e+00
5.562950134277343750e+00
3.164747714996337891e+00
4.050007104873657227e+00
5.709182262420654297e+00
5.141999959945678711e+00
4.539261817932128906e+00
6.039560317993164062e+00
5.730000257492065430e+00
4.656117439270019531e+00
5.690875768661499023e+00
4.703247785568237305e+00
3.762665271759033203e+00
4.288755893707275391e+00
6.220071077346801758e+00
4.924248933792114258e+00
3.358385801315307617e+00
5.060334205627441406e+00
3.609246969223022461e+00
5.596789121627807617e+00
4.798743009567260742e+00
5.240403175354003906e+00
3.194133043289184570e+00
3.486937046051025391e+00
3.443807840347290039e+00
3.445828914642333984e+00
3.865114212036132812e+00
3.518264055252075195e+00
3.722119808197021484e+00
3.391102075576782227e+00
4.168509244918823242e+00
3.843251943588256836e+00
3.637831926345825195e+00
3.709002256393432617e+00
4.016108036041259766e+00
3.579177141189575195e+00
3.129803180694580078e+00
4.123114824295043945e+00
3.598279953002929688e+00
4.021710157394409180e+00
3.917282104492187500e+00
3.819974184036254883e+00
3.641688823699951172e+00
3.610902070999145508e+00
3.659789085388183594e+00
4.002401828765869141e+00
3.905445098876953125e+00
3.571023941040039062e+00
3.896506071090698242e+00
3.896571159362792969e+00
3.479367733001708984e+00
3.819562911987304688e+00
2.848416090011596680e+00
3.907967805862426758e+00
4.700858116149902344e+00
4.063606023788452148e+00
4.000620126724243164e+00
4.158997058868408203e+00
2.715183734893798828e+00
4.251611948013305664e+00
4.446274042129516602e+00
4.464202165603637695e+00
3.292201042175292969e+00
4.170463085174560547e+00
4.133510828018188477e+00
4.443545103073120117e+00
4.323288202285766602e+00
2.690439939498901367e+00
4.370965003967285156e+00
3.610983848571777344e+00
3.370508909225463867e+00
3.193039178848266602e+00
4.092682838439941406e+00
4.080280065536499023e+00
4.498749256134033203e+00
4.240887165069580078e+00
4.672945976257324219e+00
3.989958763122558594e+00
2.761075973510742188e+00
2.760072946548461914e+00
4.122696161270141602e+00
3.136120080947875977e+00
2.737746953964233398e+00
2.984369277954101562e+00
3.003441810607910156e+00
3.195648193359375000e+00
2.581341266632080078e+00
3.209813117980957031e+00
3.426789283752441406e+00
3.705618858337402344e+00
3.666837930679321289e+00
3.621678829193115234e+00
3.238064050674438477e+00
3.280123710632324219e+00
3.612323999404907227e+00
3.564662933349609375e+00
3.168277978897094727e+00
3.259474754333496094e+00
3.846073865890502930e+00
4.969377756118774414e+00
3.409835100173950195e+00
2.404914855957031250e+00
3.815303087234497070e+00
3.959820032119750977e+00
3.679904937744140625e+00
3.653947114944458008e+00
3.955187082290649414e+00
3.511190176010131836e+00
3.586064815521240234e+00
3.941596984863281250e+00
4.076831102371215820e+00
3.177608251571655273e+00
4.090850114822387695e+00
3.232285022735595703e+00
3.888532161712646484e+00
3.820129871368408203e+00
2.990456104278564453e+00
4.073200941085815430e+00
3.109466314315795898e+00
4.098661184310913086e+00
4.620879888534545898e+00
4.343070030212402344e+00
4.560891866683959961e+00
3.633841753005981445e+00
3.215133905410766602e+00
4.752845048904418945e+00
4.227653980255126953e+00
4.829711914062500000e+00
4.303620815277099609e+00
4.310032129287719727e+00
4.314765930175781250e+00
4.737946987152099609e+00
3.266366004943847656e+00
4.518903970718383789e+00
4.726686000823974609e+00
3.503360986709594727e+00
3.472056865692138672e+00
4.599857091903686523e+00
4.234981298446655273e+00
3.495331048965454102e+00
3.588655710220336914e+00
5.011215925216674805e+00
4.605811119079589844e+00
4.782238960266113281e+00
4.118121862411499023e+00
5.151664972305297852e+00
4.355409145355224609e+00
4.829679250717163086e+00
3.694855213165283203e+00
5.090077877044677734e+00
4.694256782531738281e+00
4.584975004196166992e+00
4.216357946395874023e+00
4.554776906967163086e+00
3.922690153121948242e+00
3.986572980880737305e+00
3.826797008514404297e+00
4.001574754714965820e+00
3.873001813888549805e+00
3.479899168014526367e+00
3.428355932235717773e+00
4.216990947723388672e+00
5.570177078247070312e+00
3.427937746047973633e+00
5.594544887542724609e+00
4.038060903549194336e+00
5.346412897109985352e+00
4.133723974227905273e+00
3.926250934600830078e+00
4.025739192962646484e+00
3.770482063293457031e+00
4.025475025177001953e+00
4.095523834228515625e+00
3.516024112701416016e+00
4.195704221725463867e+00
3.230692863464355469e+00
3.532437086105346680e+00
3.589863777160644531e+00
2.166213750839233398e+00
4.129527807235717773e+00
3.685610055923461914e+00
5.066059112548828125e+00
4.554135084152221680e+00
4.861413240432739258e+00
4.584820032119750977e+00
5.068459033966064453e+00
5.435616016387939453e+00
3.878435850143432617e+00
4.805140972137451172e+00
4.683305978775024414e+00
3.743787050247192383e+00
4.215769052505493164e+00
5.287823915481567383e+00
3.229683399200439453e+00
5.334650993347167969e+00
4.658107995986938477e+00
3.309437990188598633e+00
2.659286975860595703e+00
5.010694742202758789e+00
3.648641824722290039e+00
5.293253898620605469e+00
4.021745920181274414e+00
4.550294876098632812e+00
4.110042810440063477e+00
5.584721088409423828e+00
4.815979957580566406e+00
3.865834951400756836e+00
3.589784145355224609e+00
5.175377130508422852e+00
2.870235919952392578e+00
4.214449882507324219e+00
4.431641101837158203e+00
5.463439941406250000e+00
2.727468967437744141e+00
4.630513906478881836e+00
3.775197744369506836e+00
3.044609069824218750e+00
4.601230859756469727e+00
5.097625017166137695e+00
2.976322889328002930e+00
2.856393814086914062e+00
3.663676023483276367e+00
5.302351951599121094e+00
4.959649085998535156e+00
3.330789804458618164e+00
3.301060914993286133e+00
5.521689176559448242e+00
5.127037286758422852e+00
3.599010944366455078e+00
3.612069845199584961e+00
3.440873384475708008e+00
4.636230945587158203e+00
5.969028711318969727e+00
3.603243112564086914e+00
3.434372901916503906e+00
3.789557933807373047e+00
4.901636123657226562e+00
5.990362167358398438e+00
3.764765739440917969e+00
5.028715133666992188e+00
4.009410619735717773e+00
5.008802890777587891e+00
4.414969205856323242e+00
4.083833932876586914e+00
4.927155971527099609e+00
3.501030206680297852e+00
3.512604236602783203e+00
4.004122972488403320e+00
4.305236101150512695e+00
5.234672069549560547e+00
4.740790128707885742e+00
3.197762966156005859e+00
3.662930011749267578e+00
3.892242193222045898e+00
3.054671049118041992e+00
4.495037078857421875e+00
3.476129055023193359e+00
3.434204816818237305e+00
3.821077823638916016e+00
4.299032926559448242e+00
3.732055187225341797e+00
2.207638025283813477e+00
4.172532796859741211e+00
4.209482908248901367e+00
4.163119792938232422e+00
3.582152843475341797e+00
3.801182985305786133e+00
2.468116998672485352e+00
4.229155063629150391e+00
4.537867069244384766e+00
3.611425161361694336e+00
3.814078092575073242e+00
3.281491041183471680e+00
3.595078945159912109e+00
2.466139793395996094e+00
4.521463155746459961e+00
5.109941959381103516e+00
3.817079067230224609e+00
4.008522987365722656e+00
4.418492078781127930e+00
3.941584110260009766e+00
2.394564151763916016e+00
3.019346952438354492e+00
4.824748992919921875e+00
4.732785940170288086e+00
4.713255882263183594e+00
2.810667037963867188e+00
2.671205997467041016e+00
4.786334991455078125e+00
5.647238016128540039e+00
4.334355115890502930e+00
4.712830781936645508e+00
4.172631740570068359e+00
3.691114902496337891e+00
4.197877883911132812e+00
4.117421150207519531e+00
4.918646097183227539e+00
3.931172132492065430e+00
4.916423797607421875e+00
5.653584241867065430e+00
4.965703010559082031e+00
3.629680156707763672e+00
3.234570026397705078e+00
5.044590950012207031e+00
3.452719688415527344e+00
4.624689817428588867e+00
3.181697607040405273e+00
5.146291971206665039e+00
3.193843126296997070e+00
4.786346912384033203e+00
5.002249956130981445e+00
3.095462083816528320e+00
3.154142856597900391e+00
4.191408872604370117e+00
3.282856941223144531e+00
3.402497053146362305e+00
4.110731124877929688e+00
2.436125755310058594e+00
3.276498794555664062e+00
3.650385141372680664e+00
3.441066026687622070e+00
2.816956758499145508e+00
3.565412759780883789e+00
3.440989971160888672e+00
3.977612018585205078e+00
3.178508996963500977e+00
2.489440917968750000e+00
2.066308021545410156e+00
2.600347995758056641e+00
3.980765819549560547e+00
3.793711900711059570e+00
4.299649715423583984e+00
3.958978891372680664e+00
3.355010032653808594e+00
3.781576871871948242e+00
4.041565895080566406e+00
4.243703126907348633e+00
4.625760078430175781e+00
4.524267911911010742e+00
3.386222124099731445e+00
3.707378864288330078e+00
3.916386127471923828e+00
4.322285175323486328e+00
3.893056154251098633e+00
5.283468961715698242e+00
4.090021848678588867e+00
3.188251972198486328e+00
3.444690227508544922e+00
3.742374897003173828e+00
4.045091867446899414e+00
4.044661045074462891e+00
3.488313198089599609e+00
3.762731790542602539e+00
5.178117990493774414e+00
4.792273044586181641e+00
5.277594089508056641e+00
4.455685853958129883e+00
3.770402193069458008e+00
4.401839256286621094e+00
5.392487287521362305e+00
4.727896928787231445e+00
4.261089086532592773e+00
5.563268184661865234e+00
5.196622133255004883e+00
3.159507989883422852e+00
4.593070983886718750e+00
5.314582824707031250e+00
3.863977909088134766e+00
4.240446805953979492e+00
3.115857839584350586e+00
4.945919036865234375e+00
3.388939857482910156e+00
3.750242948532104492e+00
3.874244928359985352e+00
3.371032714843750000e+00
4.157243013381958008e+00
4.870784044265747070e+00
4.175688982009887695e+00
4.268104076385498047e+00
5.209968805313110352e+00
3.559415102005004883e+00
4.799916028976440430e+00
4.124018907546997070e+00
4.911472082138061523e+00
5.213330984115600586e+00
3.677602052688598633e+00
5.362511157989501953e+00
4.134483098983764648e+00
4.060155868530273438e+00
5.098449230194091797e+00
4.853245019912719727e+00
2.346381902694702148e+00
2.483711957931518555e+00
5.093240261077880859e+00
5.021327018737792969e+00
4.116925954818725586e+00
5.270714044570922852e+00
6.617008924484252930e+00
5.185496091842651367e+00
3.984535932540893555e+00
3.142433881759643555e+00
4.265079975128173828e+00
3.173022985458374023e+00
4.664732933044433594e+00
4.481318950653076172e+00
4.534169197082519531e+00
3.887579202651977539e+00
4.195950984954833984e+00
4.298413038253784180e+00
3.891815900802612305e+00
4.427655220031738281e+00
5.414142847061157227e+00
4.346636056900024414e+00
5.049762725830078125e+00
3.997489929199218750e+00
4.897614240646362305e+00
4.524498939514160156e+00
4.636015176773071289e+00
4.907597780227661133e+00
5.188405036926269531e+00
3.523817062377929688e+00
3.138359785079956055e+00
5.080835103988647461e+00
3.568643093109130859e+00
4.946373939514160156e+00
4.290121078491210938e+00
4.609683036804199219e+00
4.779154777526855469e+00
5.021242141723632812e+00
3.745326280593872070e+00
4.077433824539184570e+00
2.986639022827148438e+00
3.325311899185180664e+00
3.400067090988159180e+00
4.672579050064086914e+00
3.991899013519287109e+00
3.895092964172363281e+00
4.010973930358886719e+00
3.182275056838989258e+00
6.137012004852294922e+00
5.779664993286132812e+00
2.614058971405029297e+00
4.905590057373046875e+00
2.947175025939941406e+00
5.086138010025024414e+00
3.379798173904418945e+00
4.549133777618408203e+00
2.770668029785156250e+00
3.209586143493652344e+00
4.387258291244506836e+00
3.979087114334106445e+00
4.039726972579956055e+00
3.784493923187255859e+00
7.289644956588745117e+00
5.231384992599487305e+00
3.747283220291137695e+00
3.597779989242553711e+00
5.410623073577880859e+00
3.599961996078491211e+00
3.545931100845336914e+00
3.551223993301391602e+00
4.134465932846069336e+00
5.063073873519897461e+00
5.866847991943359375e+00
6.034406900405883789e+00
5.940235137939453125e+00
3.561697006225585938e+00
4.410330295562744141e+00
3.167691946029663086e+00
5.606835842132568359e+00
5.997022867202758789e+00
3.684247970581054688e+00
3.616029024124145508e+00
3.208726882934570312e+00
4.314328193664550781e+00
6.200814962387084961e+00
2.905344009399414062e+00
5.026103019714355469e+00
6.407728910446166992e+00
5.752434968948364258e+00
6.076455831527709961e+00
4.151602983474731445e+00
3.371325254440307617e+00
3.986866950988769531e+00
3.622569084167480469e+00
3.017705917358398438e+00
4.007459640502929688e+00
3.171985149383544922e+00
3.059584140777587891e+00
3.469298839569091797e+00
3.740955829620361328e+00
3.989648818969726562e+00
5.737366199493408203e+00
3.600843667984008789e+00
3.633619070053100586e+00
3.243448019027709961e+00
3.087821006774902344e+00
3.011535167694091797e+00
3.387943983078002930e+00
3.111435174942016602e+00
2.590592145919799805e+00
4.479860782623291016e+00
3.046737909317016602e+00
3.607396125793457031e+00
6.827292919158935547e+00
3.266512155532836914e+00
5.522894859313964844e+00
3.845867633819580078e+00
3.051462888717651367e+00
3.562748193740844727e+00
3.087656259536743164e+00
3.704838037490844727e+00
4.121143817901611328e+00
3.956465959548950195e+00
3.341833114624023438e+00
3.661041259765625000e+00
3.651376962661743164e+00
3.558309078216552734e+00
3.499233007431030273e+00
3.878451824188232422e+00
4.278147935867309570e+00
3.131407976150512695e+00
4.331237077713012695e+00
3.955058097839355469e+00
4.743843793869018555e+00
3.965315818786621094e+00
3.011132001876831055e+00
3.153960943222045898e+00
4.257385969161987305e+00
3.732653141021728516e+00
4.078474998474121094e+00
4.075376749038696289e+00
3.614144086837768555e+00
3.240961074829101562e+00
3.836488008499145508e+00
3.876437187194824219e+00
3.759318113327026367e+00
4.217197895050048828e+00
3.945371150970458984e+00
2.698883056640625000e+00
4.572963714599609375e+00
4.006753921508789062e+00
3.649276018142700195e+00
2.978936672210693359e+00
3.907228946685791016e+00
2.605857133865356445e+00
3.940047025680541992e+00
4.417941570281982422e+00
4.048449039459228516e+00
4.535882949829101562e+00
3.815954923629760742e+00
4.893051862716674805e+00
4.138795852661132812e+00
4.165791988372802734e+00
4.638897895812988281e+00
3.999847173690795898e+00
2.787132263183593750e+00
4.236767053604125977e+00
4.515344142913818359e+00
3.624480962753295898e+00
4.516368865966796875e+00
4.796602249145507812e+00
3.337940931320190430e+00
4.558271884918212891e+00
3.105484962463378906e+00
4.837345838546752930e+00
3.629406929016113281e+00
4.925465822219848633e+00
3.565260887145996094e+00
3.865475654602050781e+00
5.280082941055297852e+00
3.434916257858276367e+00
5.720722913742065430e+00
3.696523904800415039e+00
5.268121957778930664e+00
5.421774625778198242e+00
3.932488918304443359e+00
3.662755012512207031e+00
3.461712121963500977e+00
3.820703983306884766e+00
3.791311025619506836e+00
5.297029018402099609e+00
3.669555902481079102e+00
3.934714794158935547e+00
3.806894063949584961e+00
3.742394208908081055e+00
3.867711305618286133e+00
4.318593978881835938e+00
4.926934957504272461e+00
4.054310083389282227e+00
3.987353086471557617e+00
3.583345890045166016e+00
4.052215099334716797e+00
4.126674890518188477e+00
3.964991331100463867e+00
5.187270879745483398e+00
3.592479944229125977e+00
4.656380891799926758e+00
3.907353878021240234e+00
5.650460243225097656e+00
4.435575008392333984e+00
4.250077009201049805e+00
3.370884180068969727e+00
5.040358781814575195e+00
4.739202022552490234e+00
4.353442192077636719e+00
3.401118993759155273e+00
3.979752063751220703e+00
3.885784149169921875e+00
4.420099973678588867e+00
4.083682060241699219e+00
3.245371103286743164e+00
5.099406957626342773e+00
5.354086875915527344e+00
3.983795881271362305e+00
4.331408977508544922e+00
5.203887224197387695e+00
3.760667324066162109e+00
5.193349123001098633e+00
5.275951147079467773e+00
5.137801885604858398e+00
4.601477146148681641e+00
5.337424039840698242e+00
2.734994888305664062e+00
5.519870996475219727e+00
5.516989946365356445e+00
4.904289007186889648e+00
4.626840114593505859e+00
5.855397701263427734e+00
5.717237949371337891e+00
5.724410772323608398e+00
5.152899980545043945e+00
3.872031211853027344e+00
3.175491094589233398e+00
4.501899003982543945e+00
5.533415317535400391e+00
4.021322727203369141e+00
3.690387010574340820e+00
3.813242197036743164e+00
3.181046009063720703e+00
6.083620071411132812e+00
5.424114942550659180e+00
4.826623201370239258e+00
4.867606163024902344e+00
5.626935720443725586e+00
5.391190052032470703e+00
5.062319993972778320e+00
3.492712974548339844e+00
5.805480241775512695e+00
4.404025077819824219e+00
4.861619949340820312e+00
5.327510118484497070e+00
6.511900901794433594e+00
5.264584064483642578e+00
3.883333921432495117e+00
3.503772974014282227e+00
6.246774196624755859e+00
3.136415958404541016e+00
3.200899839401245117e+00
4.056642770767211914e+00
5.121501922607421875e+00
4.866657018661499023e+00
5.334673881530761719e+00
4.839759111404418945e+00
5.078500032424926758e+00
5.126617908477783203e+00
4.220355033874511719e+00
6.416353940963745117e+00
4.132212877273559570e+00
6.516601085662841797e+00
6.189232826232910156e+00
5.120213031768798828e+00
3.529156923294067383e+00
4.872797966003417969e+00
3.865914821624755859e+00
4.969172000885009766e+00
3.914922952651977539e+00
4.366781949996948242e+00
6.631669998168945312e+00
3.524358987808227539e+00
5.367385864257812500e+00
3.879940032958984375e+00
5.622716903686523438e+00
4.801319360733032227e+00
5.471028089523315430e+00
4.724707126617431641e+00
4.011070966720581055e+00
3.680664777755737305e+00
4.146065950393676758e+00
5.733664035797119141e+00
4.364466905593872070e+00
5.473625898361206055e+00
3.392706871032714844e+00
3.577171087265014648e+00
4.251515150070190430e+00
3.525719165802001953e+00
6.328324079513549805e+00
2.749265193939208984e+00
5.433623075485229492e+00
3.995297670364379883e+00
3.710103988647460938e+00
6.784056186676025391e+00
6.005036115646362305e+00
5.509935140609741211e+00
3.768678903579711914e+00
4.581610202789306641e+00
4.406375169754028320e+00
3.582587003707885742e+00
3.712373971939086914e+00
3.657199144363403320e+00
4.454098939895629883e+00
3.181794166564941406e+00
4.754033088684082031e+00
4.350950241088867188e+00
4.213452100753784180e+00
7.539416074752807617e+00
3.077929973602294922e+00
2.971076965332031250e+00
3.354238986968994141e+00
4.295764207839965820e+00
4.148522138595581055e+00
4.311750888824462891e+00
3.927441120147705078e+00
4.129314899444580078e+00
3.024843215942382812e+00
4.290886163711547852e+00
4.410721778869628906e+00
4.262369155883789062e+00
4.573083162307739258e+00
4.111180067062377930e+00
3.300882816314697266e+00
2.323733806610107422e+00
4.415771007537841797e+00
3.035697221755981445e+00
4.591698884963989258e+00
3.216484069824218750e+00
3.185095310211181641e+00
3.068967103958129883e+00
3.142695188522338867e+00
3.972501993179321289e+00
3.812510967254638672e+00
4.252699851989746094e+00
4.229236125946044922e+00
4.960443019866943359e+00
2.912280082702636719e+00
3.929500102996826172e+00
2.915886163711547852e+00
5.042559862136840820e+00
5.013643980026245117e+00
3.296206235885620117e+00
5.146833896636962891e+00
5.162322998046875000e+00
4.709950923919677734e+00
3.589702844619750977e+00
3.003212690353393555e+00
2.837738990783691406e+00
3.337311029434204102e+00
3.262361764907836914e+00
3.670140027999877930e+00
3.719044923782348633e+00
3.298772096633911133e+00
3.078176021575927734e+00
2.964189052581787109e+00
4.770948886871337891e+00
3.590644121170043945e+00
4.563774108886718750e+00
3.024819135665893555e+00
3.647243022918701172e+00
2.818530797958374023e+00
2.985446929931640625e+00
3.278746128082275391e+00
3.304316997528076172e+00
3.924599885940551758e+00
3.248219966888427734e+00
3.390738010406494141e+00
3.333415746688842773e+00
2.637989997863769531e+00
2.330697059631347656e+00
3.001021862030029297e+00
3.229230165481567383e+00
3.048629999160766602e+00
3.631924152374267578e+00
3.321178913116455078e+00
3.175951242446899414e+00
3.901188135147094727e+00
3.930227994918823242e+00
4.164868116378784180e+00
3.414609193801879883e+00
3.886017084121704102e+00
3.166411876678466797e+00
3.012186765670776367e+00
2.890572071075439453e+00
3.347017765045166016e+00
2.754442930221557617e+00
3.186337709426879883e+00
3.450417995452880859e+00
3.141395807266235352e+00
3.260602951049804688e+00
3.491072893142700195e+00
3.572124958038330078e+00
3.277410030364990234e+00
3.319749116897583008e+00
3.797646045684814453e+00
3.883749961853027344e+00
3.393065929412841797e+00
3.789801120758056641e+00
3.776087999343872070e+00
3.249110937118530273e+00
3.556791782379150391e+00
3.730591058731079102e+00
4.233937978744506836e+00
3.743708848953247070e+00
3.692195892333984375e+00
4.162630081176757812e+00
3.803581953048706055e+00
3.903149127960205078e+00
4.406219959259033203e+00
4.287024974822998047e+00
2.980266094207763672e+00
4.030066013336181641e+00
4.418705940246582031e+00
4.428154945373535156e+00
3.549530982971191406e+00
3.652822971343994141e+00
4.233992815017700195e+00
3.306584119796752930e+00
4.298177242279052734e+00
3.764307975769042969e+00
3.491079807281494141e+00
4.360236883163452148e+00
4.502418994903564453e+00
3.597862958908081055e+00
5.063617229461669922e+00
4.892253160476684570e+00
3.528689146041870117e+00
4.443135976791381836e+00
4.541842222213745117e+00
5.109865188598632812e+00
4.871824026107788086e+00
3.980868101119995117e+00
3.659602880477905273e+00
4.605913162231445312e+00
3.706761121749877930e+00
3.564577102661132812e+00
4.645944118499755859e+00
4.769614934921264648e+00
2.975566148757934570e+00
3.175199031829833984e+00
3.677694797515869141e+00
2.992101907730102539e+00
4.911437749862670898e+00
3.181606054306030273e+00
4.875788211822509766e+00
4.849749088287353516e+00
2.686908006668090820e+00
4.085218906402587891e+00
3.580325126647949219e+00
4.017801046371459961e+00
2.737946987152099609e+00
5.162723064422607422e+00
4.159534692764282227e+00
5.022143125534057617e+00
4.853142976760864258e+00
5.479210138320922852e+00
3.659407138824462891e+00
4.333486080169677734e+00
3.292963981628417969e+00
4.463193893432617188e+00
5.921221733093261719e+00
5.666604995727539062e+00
5.144964933395385742e+00
3.990612030029296875e+00
4.637375116348266602e+00
3.537503004074096680e+00
3.610245943069458008e+00
4.508157014846801758e+00
4.404806137084960938e+00
4.797543048858642578e+00
4.141007184982299805e+00
4.529211997985839844e+00
3.992048263549804688e+00
4.424033164978027344e+00
3.917270898818969727e+00
5.610268831253051758e+00
4.381442785263061523e+00
4.029074907302856445e+00
4.468608856201171875e+00
5.177010059356689453e+00
4.898738861083984375e+00
4.161708116531372070e+00
5.268233299255371094e+00
4.594056129455566406e+00
4.937196016311645508e+00
2.975101232528686523e+00
4.822064161300659180e+00
4.739874124526977539e+00
4.743125200271606445e+00
4.403482198715209961e+00
4.602398157119750977e+00
5.049793958663940430e+00
4.594277858734130859e+00
4.552420854568481445e+00
4.453022003173828125e+00
4.576588153839111328e+00
3.120028018951416016e+00
5.594421148300170898e+00
4.916378974914550781e+00
5.364397048950195312e+00
3.883238315582275391e+00
3.940180063247680664e+00
4.799325942993164062e+00
4.925319910049438477e+00
5.123489141464233398e+00
5.216405153274536133e+00
5.437831878662109375e+00
4.768546104431152344e+00
3.380723953247070312e+00
4.820742845535278320e+00
4.530536174774169922e+00
5.400001049041748047e+00
5.420857906341552734e+00
4.563740968704223633e+00
4.325371980667114258e+00
4.343801736831665039e+00
4.460483789443969727e+00
3.387923240661621094e+00
4.749656200408935547e+00
3.684055089950561523e+00
2.723924875259399414e+00
5.858598947525024414e+00
4.390233993530273438e+00
4.686481952667236328e+00
3.122532129287719727e+00
4.196675777435302734e+00
3.534315109252929688e+00
5.392853975296020508e+00
4.190327882766723633e+00
2.966766119003295898e+00
4.294681787490844727e+00
4.049175739288330078e+00
4.038752079010009766e+00
4.774193048477172852e+00
4.782253026962280273e+00
3.020588159561157227e+00
4.478269815444946289e+00
4.499567270278930664e+00
4.901504993438720703e+00
4.910269021987915039e+00
4.964046001434326172e+00
5.098176002502441406e+00
3.368801116943359375e+00
3.366669893264770508e+00
3.406459331512451172e+00
4.201024055480957031e+00
3.308773040771484375e+00
5.365222930908203125e+00
4.210942029953002930e+00
4.814926147460937500e+00
4.398859024047851562e+00
3.326074838638305664e+00
3.633451938629150391e+00
4.936377048492431641e+00
3.186002016067504883e+00
3.542145729064941406e+00
3.353965759277343750e+00
3.936810016632080078e+00
3.561774730682373047e+00
3.373221874237060547e+00
3.382911920547485352e+00
4.405218839645385742e+00
3.863019943237304688e+00
3.257790088653564453e+00
3.656867980957031250e+00
3.587749719619750977e+00
3.585381746292114258e+00
4.689800977706909180e+00
4.486574172973632812e+00
3.479063987731933594e+00
4.295028209686279297e+00
4.374914169311523438e+00
3.743869781494140625e+00
4.368185997009277344e+00
3.762564182281494141e+00
4.567179918289184570e+00
3.887428045272827148e+00
3.741822957992553711e+00
4.738800048828125000e+00
4.945227146148681641e+00
5.210754871368408203e+00
4.339828968048095703e+00
4.023933887481689453e+00
3.864915370941162109e+00
4.455185890197753906e+00
4.448969841003417969e+00
4.798309087753295898e+00
3.415416717529296875e+00
5.224103927612304688e+00
5.394825935363769531e+00
3.258065223693847656e+00
4.163071870803833008e+00
3.237550020217895508e+00
2.827755689620971680e+00
2.847507953643798828e+00
3.634800672531127930e+00
4.272848844528198242e+00
3.708401203155517578e+00
4.419886112213134766e+00
5.990069866180419922e+00
5.137173891067504883e+00
6.252387762069702148e+00
5.844795942306518555e+00
4.281724929809570312e+00
3.899320125579833984e+00
2.971529960632324219e+00
4.166296005249023438e+00
3.448756933212280273e+00
4.486020803451538086e+00
3.682964086532592773e+00
4.654113054275512695e+00
3.230111122131347656e+00
3.021486043930053711e+00
5.486531972885131836e+00
3.394034862518310547e+00
2.649709224700927734e+00
3.881990194320678711e+00
4.201395988464355469e+00
3.495573043823242188e+00
3.509268999099731445e+00
3.889848947525024414e+00
4.374638080596923828e+00
4.431473255157470703e+00
4.321540117263793945e+00
4.241574287414550781e+00
3.758343219757080078e+00
4.004776954650878906e+00
2.959261178970336914e+00
3.798387289047241211e+00
3.440453290939331055e+00
3.391709089279174805e+00
4.662827014923095703e+00
3.771793127059936523e+00
3.740043878555297852e+00
4.649106025695800781e+00
4.195240974426269531e+00
4.023566007614135742e+00
3.975620269775390625e+00
4.725061178207397461e+00
4.558733940124511719e+00
3.476537704467773438e+00
4.883965969085693359e+00
4.511179924011230469e+00
3.579507827758789062e+00
4.546922206878662109e+00
3.412457942962646484e+00
4.800422906875610352e+00
3.767242908477783203e+00
3.186220169067382812e+00
4.603376865386962891e+00
3.586284875869750977e+00
3.756593942642211914e+00
4.167621850967407227e+00
3.773704290390014648e+00
3.461313247680664062e+00
3.800770759582519531e+00
3.223505020141601562e+00
3.769763946533203125e+00
3.550179719924926758e+00
3.685549259185791016e+00
4.321810007095336914e+00
3.783338069915771484e+00
3.342583179473876953e+00
3.771739959716796875e+00
3.447661876678466797e+00
3.900355815887451172e+00
3.174267053604125977e+00
3.519859790802001953e+00
4.069678783416748047e+00
3.159101009368896484e+00
3.484987974166870117e+00
2.996984958648681641e+00
4.127900838851928711e+00
3.679990053176879883e+00
3.325922012329101562e+00
3.968124151229858398e+00
4.837280988693237305e+00
3.247911214828491211e+00
3.640394926071166992e+00
4.937318086624145508e+00
3.424068212509155273e+00
4.052487850189208984e+00
4.031418085098266602e+00
4.330432891845703125e+00
4.076943159103393555e+00
3.944534778594970703e+00
5.132378816604614258e+00
3.959652185440063477e+00
3.952075004577636719e+00
3.033087015151977539e+00
4.969470024108886719e+00
4.327539920806884766e+00
3.982047080993652344e+00
4.619624137878417969e+00
4.111516237258911133e+00
3.234416961669921875e+00
3.086563110351562500e+00
3.572659254074096680e+00
3.580767869949340820e+00
3.668735980987548828e+00
4.404947996139526367e+00
3.759212255477905273e+00
3.968348979949951172e+00
4.406431913375854492e+00
4.837409019470214844e+00
3.703094005584716797e+00
3.453438997268676758e+00
3.620130062103271484e+00
4.441061258316040039e+00
3.583139657974243164e+00
4.022014856338500977e+00
3.387133121490478516e+00
4.180226087570190430e+00
3.176144123077392578e+00
3.829899787902832031e+00
2.604543924331665039e+00
3.979442119598388672e+00
3.550036907196044922e+00
4.638276100158691406e+00
2.575955867767333984e+00
2.745507240295410156e+00
4.099694013595581055e+00
4.493695974349975586e+00
4.322731018066406250e+00
3.839239835739135742e+00
3.673359155654907227e+00
3.804229974746704102e+00
3.967796087265014648e+00
5.459787130355834961e+00
4.015060186386108398e+00
3.204066991806030273e+00
3.341513872146606445e+00
2.249399185180664062e+00
2.887601852416992188e+00
3.586809158325195312e+00
4.008514165878295898e+00
4.431521892547607422e+00
2.936378002166748047e+00
5.129804134368896484e+00
4.225388050079345703e+00
3.388338088989257812e+00
4.137252807617187500e+00
3.683829069137573242e+00
3.245786905288696289e+00
4.774587869644165039e+00
3.153971910476684570e+00
2.918773174285888672e+00
4.651007890701293945e+00
3.601886272430419922e+00
3.630056858062744141e+00
3.016503095626831055e+00
3.806343793869018555e+00
3.426695823669433594e+00
3.155204057693481445e+00
3.859335899353027344e+00
4.038913011550903320e+00
3.632709741592407227e+00
3.316428899765014648e+00
4.085772991180419922e+00
3.620708942413330078e+00
3.385624170303344727e+00
4.500485658645629883e+00
4.189625024795532227e+00
3.458444833755493164e+00
3.401084899902343750e+00
4.328612089157104492e+00
4.303663730621337891e+00
4.072700977325439453e+00
3.531087160110473633e+00
3.605447769165039062e+00
3.604068994522094727e+00
3.469892978668212891e+00
3.662938833236694336e+00
3.593417882919311523e+00
3.233510255813598633e+00
3.414127826690673828e+00
3.835052967071533203e+00
3.201532840728759766e+00
3.608997106552124023e+00
3.393747806549072266e+00
4.213865041732788086e+00
5.259585142135620117e+00
4.961421966552734375e+00
3.913532018661499023e+00
4.055113315582275391e+00
3.548396110534667969e+00
5.100827932357788086e+00
3.849617958068847656e+00
5.166301012039184570e+00
4.101417064666748047e+00
4.390527963638305664e+00
3.988807916641235352e+00
3.793305873870849609e+00
3.605629920959472656e+00
4.461630105972290039e+00
5.184574842453002930e+00
4.237593889236450195e+00
4.029424905776977539e+00
4.115894079208374023e+00
3.790085792541503906e+00
2.943747043609619141e+00
4.813310861587524414e+00
2.944829940795898438e+00
3.841991186141967773e+00
3.282719135284423828e+00
3.973491907119750977e+00
5.448574781417846680e+00
4.071935892105102539e+00
4.017807960510253906e+00
5.530683040618896484e+00
3.317574024200439453e+00
4.281727075576782227e+00
3.878644943237304688e+00
3.939529895782470703e+00
3.770738124847412109e+00
3.826951026916503906e+00
3.598819017410278320e+00
4.815721988677978516e+00
3.572170972824096680e+00
4.483352184295654297e+00
4.354803085327148438e+00
4.017109155654907227e+00
4.053971767425537109e+00
3.745635986328125000e+00
3.986783027648925781e+00
3.772487163543701172e+00
4.763974905014038086e+00
4.211928129196166992e+00
3.307096958160400391e+00
4.078541040420532227e+00
4.566494941711425781e+00
4.750811815261840820e+00
4.076282978057861328e+00
4.618720054626464844e+00
4.545788288116455078e+00
4.243312120437622070e+00
4.129654169082641602e+00
4.614040136337280273e+00
3.867815732955932617e+00
3.590572118759155273e+00
3.160942077636718750e+00
4.021489143371582031e+00
3.449444055557250977e+00
3.994070768356323242e+00
3.053969860076904297e+00
3.404775857925415039e+00
3.987226247787475586e+00
3.914911031723022461e+00
3.610120773315429688e+00
3.393240928649902344e+00
3.604755163192749023e+00
3.996516942977905273e+00
3.861369132995605469e+00
3.527279138565063477e+00
4.937104940414428711e+00
5.405089139938354492e+00
5.397439241409301758e+00
3.812408924102783203e+00
4.010429859161376953e+00
3.994875907897949219e+00
5.128309011459350586e+00
5.150816917419433594e+00
3.436275005340576172e+00
2.980619907379150391e+00
2.228276252746582031e+00
3.970307826995849609e+00
2.837443828582763672e+00
4.848556041717529297e+00
3.628472089767456055e+00
4.402112960815429688e+00
4.050191164016723633e+00
4.264706134796142578e+00
3.271434068679809570e+00
4.095142841339111328e+00
4.272506237030029297e+00
3.555088281631469727e+00
3.875990867614746094e+00
4.563036203384399414e+00
3.973304033279418945e+00
4.104690074920654297e+00
3.802926063537597656e+00
3.678680896759033203e+00
3.405685901641845703e+00
4.140913248062133789e+00
3.103075027465820312e+00
4.515637874603271484e+00
4.507469177246093750e+00
4.566529035568237305e+00
4.256760120391845703e+00
4.769006729125976562e+00
4.739604949951171875e+00
4.403004884719848633e+00
4.260181903839111328e+00
4.494002819061279297e+00
5.166218996047973633e+00
4.343642950057983398e+00
4.321475982666015625e+00
3.295129060745239258e+00
4.590055942535400391e+00
4.999068975448608398e+00
3.909653902053833008e+00
3.625908851623535156e+00
4.602498769760131836e+00
3.572661638259887695e+00
3.819990158081054688e+00
4.431943893432617188e+00
3.846600055694580078e+00
3.016164064407348633e+00
5.006939172744750977e+00
4.180584907531738281e+00
3.625431060791015625e+00
4.480625867843627930e+00
4.353880882263183594e+00
4.324461221694946289e+00
4.568764925003051758e+00
3.378916978836059570e+00
3.767364025115966797e+00
4.299877166748046875e+00
4.178732633590698242e+00
4.372995853424072266e+00
4.526012897491455078e+00
5.523759126663208008e+00
4.193109989166259766e+00
4.611051082611083984e+00
4.770218610763549805e+00
5.705463647842407227e+00
5.574450016021728516e+00
4.100383996963500977e+00
4.284767150878906250e+00
3.473767042160034180e+00
4.614577293395996094e+00
3.458318233489990234e+00
5.199347972869873047e+00
4.152791023254394531e+00
3.529007196426391602e+00
3.563977956771850586e+00
3.694281101226806641e+00
2.789144992828369141e+00
5.012092113494873047e+00
3.988259077072143555e+00
2.830368995666503906e+00
2.826501131057739258e+00
3.827388763427734375e+00
3.383394956588745117e+00
5.132955074310302734e+00
3.912751913070678711e+00
4.213701963424682617e+00
6.391250848770141602e+00
3.906701087951660156e+00
5.116675853729248047e+00
3.771962165832519531e+00
3.160323143005371094e+00
3.144583225250244141e+00
3.993129968643188477e+00
4.065055370330810547e+00
4.094534873962402344e+00
3.835116147994995117e+00
4.331925868988037109e+00
4.079559087753295898e+00
2.843350887298583984e+00
3.548750162124633789e+00
3.200664758682250977e+00
3.710882663726806641e+00
4.536453008651733398e+00
4.574771881103515625e+00
3.711120128631591797e+00
4.276815891265869141e+00
4.706457853317260742e+00
3.689087152481079102e+00
4.715688228607177734e+00
4.093863964080810547e+00
3.588052988052368164e+00
3.848563909530639648e+00
3.860333919525146484e+00
3.884288072586059570e+00
4.019093990325927734e+00
4.987791776657104492e+00
4.940879821777343750e+00
4.186517238616943359e+00
4.386947870254516602e+00
2.538044929504394531e+00
3.622313261032104492e+00
4.988882303237915039e+00
3.682740211486816406e+00
2.911063194274902344e+00
3.135162830352783203e+00
4.928210258483886719e+00
2.889588832855224609e+00
4.882212162017822266e+00
3.910011291503906250e+00
3.690245151519775391e+00
3.952605009078979492e+00
5.436513185501098633e+00
4.301350831985473633e+00
2.838174104690551758e+00
2.437260150909423828e+00
2.901077032089233398e+00
4.494467020034790039e+00
3.519673109054565430e+00
3.783231019973754883e+00
4.585417985916137695e+00
4.512567996978759766e+00
3.531790256500244141e+00
4.033860206604003906e+00
3.541887044906616211e+00
3.088631868362426758e+00
3.456180095672607422e+00
4.358484029769897461e+00
3.833983182907104492e+00
4.999669075012207031e+00
4.776099205017089844e+00
4.914000034332275391e+00
5.358330726623535156e+00
4.890622854232788086e+00
4.789363861083984375e+00
4.400192022323608398e+00
5.027236223220825195e+00
4.739521026611328125e+00
4.260908842086791992e+00
3.859234094619750977e+00
3.286250829696655273e+00
3.535670995712280273e+00
5.863109827041625977e+00
5.868580102920532227e+00
3.719794273376464844e+00
5.334335088729858398e+00
3.258076906204223633e+00
5.257740020751953125e+00
3.738311052322387695e+00
4.911167860031127930e+00
3.789173126220703125e+00
4.795382022857666016e+00
3.344028234481811523e+00
3.384377002716064453e+00
5.351819992065429688e+00
5.533080101013183594e+00
3.799507141113281250e+00
5.552437305450439453e+00
4.922642230987548828e+00
4.389917850494384766e+00
3.632009029388427734e+00
3.933192729949951172e+00
3.187676191329956055e+00
5.632128000259399414e+00
6.051861047744750977e+00
5.682573080062866211e+00
3.784346818923950195e+00
3.554793834686279297e+00
4.840046882629394531e+00
5.522499084472656250e+00
5.112199783325195312e+00
3.481113910675048828e+00
3.524249076843261719e+00
5.723419189453125000e+00
4.099967002868652344e+00
6.196455955505371094e+00
4.738554000854492188e+00
4.131568193435668945e+00
5.220411062240600586e+00
3.978583097457885742e+00
3.083709239959716797e+00
3.581677913665771484e+00
4.391286134719848633e+00
5.334407091140747070e+00
3.783328056335449219e+00
3.912614822387695312e+00
4.571027994155883789e+00
4.438982963562011719e+00
5.661258935928344727e+00
3.289133071899414062e+00
3.577538013458251953e+00
3.996141195297241211e+00
4.896877765655517578e+00
5.721740007400512695e+00
3.196938037872314453e+00
3.442047834396362305e+00
5.214494943618774414e+00
5.445986747741699219e+00
5.132813215255737305e+00
4.185837984085083008e+00
6.115122079849243164e+00
3.948202133178710938e+00
5.044939994812011719e+00
3.246119976043701172e+00
3.921498060226440430e+00
3.939476013183593750e+00
3.056754112243652344e+00
4.294863224029541016e+00
4.361433744430541992e+00
3.461359977722167969e+00
4.543365955352783203e+00
4.692291021347045898e+00
5.527602195739746094e+00
4.095054149627685547e+00
4.426059007644653320e+00
3.461457252502441406e+00
3.128649950027465820e+00
4.295401811599731445e+00
5.497862100601196289e+00
5.003616094589233398e+00
3.605621814727783203e+00
3.873157024383544922e+00
4.266542911529541016e+00
4.538341999053955078e+00
4.193496227264404297e+00
4.853916883468627930e+00
5.715224027633666992e+00
3.912689924240112305e+00
4.293629169464111328e+00
4.228558778762817383e+00
4.700752973556518555e+00
4.470275878906250000e+00
3.538027763366699219e+00
3.380939006805419922e+00
5.142154932022094727e+00
5.340471982955932617e+00
5.560341119766235352e+00
5.797304153442382812e+00
3.340993881225585938e+00
4.957829952239990234e+00
4.239484071731567383e+00
5.896260023117065430e+00
3.293456077575683594e+00
5.930350780487060547e+00
5.566778898239135742e+00
5.123683929443359375e+00
5.781069755554199219e+00
2.788459062576293945e+00
3.364263296127319336e+00
2.972656965255737305e+00
5.572005033493041992e+00
3.955054044723510742e+00
3.629591941833496094e+00
3.214599847793579102e+00
5.150682210922241211e+00
4.037954092025756836e+00
4.012176990509033203e+00
3.774626016616821289e+00
3.008432149887084961e+00
3.921573877334594727e+00
4.105077981948852539e+00
4.341588973999023438e+00
3.647569894790649414e+00
3.351479053497314453e+00
3.350577116012573242e+00
4.366294145584106445e+00
5.056904315948486328e+00
4.277547121047973633e+00
3.956456899642944336e+00
4.087739229202270508e+00
3.169528961181640625e+00
3.743457078933715820e+00
3.243404865264892578e+00
3.541682004928588867e+00
3.862269878387451172e+00
3.636092185974121094e+00
4.415876150131225586e+00
2.961670875549316406e+00
2.736713409423828125e+00
3.139045000076293945e+00
2.742276906967163086e+00
3.448289155960083008e+00
5.207370996475219727e+00
5.015159845352172852e+00
3.643549919128417969e+00
3.848387956619262695e+00
3.699187994003295898e+00
5.198099851608276367e+00
3.381174087524414062e+00
3.777616977691650391e+00
3.849123716354370117e+00
4.118446826934814453e+00
3.817732810974121094e+00
3.853180885314941406e+00
4.067332744598388672e+00
3.939355134963989258e+00
3.903899908065795898e+00
5.361649751663208008e+00
5.463275909423828125e+00
5.708654165267944336e+00
5.192102909088134766e+00
4.013689279556274414e+00
3.327941179275512695e+00
4.318272113800048828e+00
4.270311117172241211e+00
5.340924739837646484e+00
5.458121299743652344e+00
5.729378938674926758e+00
5.904605150222778320e+00
4.194260120391845703e+00
5.433713197708129883e+00
4.481589078903198242e+00
5.759513139724731445e+00
3.938589811325073242e+00
4.500926971435546875e+00
5.808412075042724609e+00
3.603717088699340820e+00
4.107056856155395508e+00
5.144107580184936523e+00
3.881430864334106445e+00
3.913637161254882812e+00
3.925122022628784180e+00
3.486787796020507812e+00
4.698187112808227539e+00
3.607766151428222656e+00
4.280724048614501953e+00
4.329271078109741211e+00
4.363102912902832031e+00
3.638915777206420898e+00
3.656345129013061523e+00
4.500410079956054688e+00
3.612765789031982422e+00
3.822411060333251953e+00
3.964852809906005859e+00
4.637674093246459961e+00
3.765028715133666992e+00
4.283925056457519531e+00
3.402481794357299805e+00
4.294864892959594727e+00
4.061924934387207031e+00
5.630059003829956055e+00
3.529547691345214844e+00
4.238305091857910156e+00
5.482317924499511719e+00
3.348561286926269531e+00
4.400131940841674805e+00
2.674026012420654297e+00
4.419034004211425781e+00
4.358930110931396484e+00
4.183124065399169922e+00
4.759184122085571289e+00
3.733614921569824219e+00
6.867273807525634766e+00
3.871235132217407227e+00
3.712172746658325195e+00
3.881683111190795898e+00
4.283056974411010742e+00
4.827571868896484375e+00
5.497765302658081055e+00
5.049614667892456055e+00
5.537626743316650391e+00
4.952459812164306641e+00
4.785426855087280273e+00
4.549788951873779297e+00
4.626204013824462891e+00
4.253273963928222656e+00
5.644747972488403320e+00
4.903538942337036133e+00
3.974835157394409180e+00
5.172718048095703125e+00
3.726907968521118164e+00
4.448723077774047852e+00
4.503946065902709961e+00
5.388207912445068359e+00
3.751420021057128906e+00
4.558204889297485352e+00
4.238455772399902344e+00
5.095586061477661133e+00
5.602120876312255859e+00
5.591225147247314453e+00
5.190370082855224609e+00
3.812879085540771484e+00
5.805808067321777344e+00
4.523344278335571289e+00
4.594596862792968750e+00
4.178913116455078125e+00
4.477580070495605469e+00
5.883517026901245117e+00
4.252174854278564453e+00
5.741172075271606445e+00
4.660353183746337891e+00
4.064051866531372070e+00
6.294929265975952148e+00
2.527684211730957031e+00
6.050114870071411133e+00
3.698768854141235352e+00
4.772348880767822266e+00
4.790799140930175781e+00
4.720708847045898438e+00
4.875370025634765625e+00
5.384696006774902344e+00
4.530817031860351562e+00
4.218093156814575195e+00
5.315304040908813477e+00
4.460768938064575195e+00
6.219289064407348633e+00
4.364423274993896484e+00
5.341427326202392578e+00
7.450399875640869141e+00
2.273111104965209961e+00
6.488828897476196289e+00
5.886883974075317383e+00
5.217917919158935547e+00
5.336371898651123047e+00
4.803339958190917969e+00
5.284304857254028320e+00
4.599112987518310547e+00
6.589088916778564453e+00
2.515405178070068359e+00
3.037764072418212891e+00
2.265666246414184570e+00
6.216619729995727539e+00
5.296833753585815430e+00
3.218059062957763672e+00
2.786685943603515625e+00
4.748474836349487305e+00
5.325760126113891602e+00
2.858142137527465820e+00
3.294942140579223633e+00
6.522443771362304688e+00
5.351926088333129883e+00
5.388547897338867188e+00
5.375737905502319336e+00
5.079259157180786133e+00
3.021630764007568359e+00
2.906495094299316406e+00
6.816381931304931641e+00
5.245852947235107422e+00
5.563739776611328125e+00
6.857907056808471680e+00
5.841622829437255859e+00
4.703292846679687500e+00
5.419266939163208008e+00
4.507058143615722656e+00
3.421343803405761719e+00
2.990597009658813477e+00
3.685527086257934570e+00
6.131365060806274414e+00
4.265782117843627930e+00
2.944282054901123047e+00
2.728104829788208008e+00
3.322619915008544922e+00
3.763256788253784180e+00
5.259768962860107422e+00
4.684322118759155273e+00
5.219631195068359375e+00
5.282670021057128906e+00
2.699146747589111328e+00
2.756779909133911133e+00
3.185883998870849609e+00
2.775563001632690430e+00
3.553249120712280273e+00
3.777580022811889648e+00
3.698047161102294922e+00
6.080168962478637695e+00
2.859287023544311523e+00
3.438975095748901367e+00
3.828776836395263672e+00
3.536134958267211914e+00
3.764315843582153320e+00
5.452015876770019531e+00
3.369446992874145508e+00
3.459577798843383789e+00
6.243045806884765625e+00
5.426691055297851562e+00
3.229964017868041992e+00
3.750240087509155273e+00
2.941000938415527344e+00
2.964486122131347656e+00
2.833958864212036133e+00
4.453017950057983398e+00
3.514770984649658203e+00
4.046670913696289062e+00
3.082870006561279297e+00
2.074200868606567383e+00
5.139374017715454102e+00
2.955994129180908203e+00
3.190312147140502930e+00
4.455343961715698242e+00
3.410371065139770508e+00
3.039875984191894531e+00
3.344161748886108398e+00
3.109516859054565430e+00
3.388093948364257812e+00
2.674589872360229492e+00
3.805197000503540039e+00
2.900574922561645508e+00
3.801221132278442383e+00
2.839332103729248047e+00
2.644586086273193359e+00
2.813839912414550781e+00
3.899199962615966797e+00
4.201887845993041992e+00
2.756364107131958008e+00
2.667225837707519531e+00
3.383774995803833008e+00
2.877654075622558594e+00
3.034455060958862305e+00
3.284234762191772461e+00
3.092522859573364258e+00
3.170571804046630859e+00
3.425377130508422852e+00
4.150499105453491211e+00
3.376119852066040039e+00
3.809445142745971680e+00
3.341799736022949219e+00
3.397233009338378906e+00
4.212280035018920898e+00
4.062148094177246094e+00
4.017779827117919922e+00
4.309202909469604492e+00
4.160704135894775391e+00
4.333860158920288086e+00
3.886898994445800781e+00
3.947843790054321289e+00
3.712502002716064453e+00
3.278224945068359375e+00
3.683691978454589844e+00
4.391644239425659180e+00
4.228973150253295898e+00
4.200987100601196289e+00
3.623102903366088867e+00
3.701917886734008789e+00
3.989081859588623047e+00
4.228069067001342773e+00
4.390201091766357422e+00
3.895238876342773438e+00
4.427952766418457031e+00
4.167819023132324219e+00
4.890420198440551758e+00
4.409031152725219727e+00
4.483738183975219727e+00
3.463781833648681641e+00
4.543661832809448242e+00
4.512099742889404297e+00
3.932890176773071289e+00
4.134026050567626953e+00
2.871372222900390625e+00
4.458030939102172852e+00
4.208108901977539062e+00
3.387978076934814453e+00
4.561604261398315430e+00
3.632976055145263672e+00
4.388801097869873047e+00
4.173469066619873047e+00
4.518630266189575195e+00
3.393116950988769531e+00
4.823321819305419922e+00
3.432279109954833984e+00
4.176648139953613281e+00
4.124601125717163086e+00
3.694700002670288086e+00
4.911727905273437500e+00
4.761826038360595703e+00
4.325233936309814453e+00
4.128197193145751953e+00
4.426420927047729492e+00
4.876836061477661133e+00
3.795704841613769531e+00
3.170881032943725586e+00
3.813970088958740234e+00
4.016539812088012695e+00
4.779865026473999023e+00
3.938200950622558594e+00
4.077719688415527344e+00
3.706889867782592773e+00
3.687709093093872070e+00
3.764112949371337891e+00
5.071726083755493164e+00
4.451579093933105469e+00
3.873537063598632812e+00
3.221788883209228516e+00
4.233196735382080078e+00
3.260092735290527344e+00
4.717106103897094727e+00
4.737638235092163086e+00
4.089194059371948242e+00
3.456572055816650391e+00
4.394999980926513672e+00
3.180026769638061523e+00
4.047433137893676758e+00
3.545068979263305664e+00
3.314981937408447266e+00
4.071417093276977539e+00
3.984571218490600586e+00
5.136496067047119141e+00
5.207982063293457031e+00
4.223982095718383789e+00
3.572484016418457031e+00
3.792144298553466797e+00
4.530318975448608398e+00
4.304618120193481445e+00
4.555860042572021484e+00
4.568282127380371094e+00
4.510415792465209961e+00
4.272607088088989258e+00
4.141740083694458008e+00
4.282957792282104492e+00
4.642691135406494141e+00
4.219518899917602539e+00
4.230640172958374023e+00
4.881060838699340820e+00
3.937110185623168945e+00
4.840842962265014648e+00
4.601576328277587891e+00
3.603728771209716797e+00
4.247617959976196289e+00
4.203510046005249023e+00
3.931835174560546875e+00
4.049518108367919922e+00
4.332135915756225586e+00
4.754419088363647461e+00
4.725407838821411133e+00
4.432046175003051758e+00
4.792760848999023438e+00
5.763773918151855469e+00
5.113171815872192383e+00
3.517992019653320312e+00
3.943216085433959961e+00
4.494983196258544922e+00
4.232769012451171875e+00
2.812747001647949219e+00
4.200682163238525391e+00
4.396347284317016602e+00
4.472675800323486328e+00
4.170148134231567383e+00
3.875565052032470703e+00
4.538478851318359375e+00
4.592648744583129883e+00
3.958463907241821289e+00
4.167143821716308594e+00
3.901031970977783203e+00
5.139623165130615234e+00
4.720193862915039062e+00
4.517116069793701172e+00
3.841052770614624023e+00
5.295325040817260742e+00
5.780640125274658203e+00
4.543652057647705078e+00
4.249069929122924805e+00
4.228866100311279297e+00
5.348616838455200195e+00
3.535073995590209961e+00
3.834827899932861328e+00
4.239764928817749023e+00
4.637871026992797852e+00
3.373773097991943359e+00
3.455199241638183594e+00
5.389592885971069336e+00
3.458210229873657227e+00
5.091419935226440430e+00
4.355679035186767578e+00
4.533734798431396484e+00
4.224340200424194336e+00
4.485927820205688477e+00
4.332280874252319336e+00
3.465390920639038086e+00
4.110895872116088867e+00
6.445179224014282227e+00
5.278682708740234375e+00
3.449612617492675781e+00
4.162937164306640625e+00
4.814578056335449219e+00
5.009206056594848633e+00
3.026813983917236328e+00
2.934445142745971680e+00
2.960669994354248047e+00
4.279809951782226562e+00
3.615683078765869141e+00
4.715393781661987305e+00
4.978454113006591797e+00
3.022897005081176758e+00
4.492715120315551758e+00
3.765961885452270508e+00
3.483881950378417969e+00
5.158875226974487305e+00
2.658442974090576172e+00
3.079109907150268555e+00
3.392249107360839844e+00
3.259076833724975586e+00
5.084327220916748047e+00
3.587725162506103516e+00
3.123883008956909180e+00
3.394367218017578125e+00
2.617444038391113281e+00
3.521276950836181641e+00
6.113481283187866211e+00
3.567387819290161133e+00
2.684072971343994141e+00
3.357189893722534180e+00
3.451855182647705078e+00
3.216511964797973633e+00
3.044478178024291992e+00
3.206651210784912109e+00
3.186719894409179688e+00
3.241950035095214844e+00
3.684199094772338867e+00
4.083526134490966797e+00
3.261240005493164062e+00
2.934436798095703125e+00
3.663045167922973633e+00
3.688069105148315430e+00
3.241784811019897461e+00
3.188037872314453125e+00
3.065632104873657227e+00
3.402357101440429688e+00
3.111206293106079102e+00
3.199481964111328125e+00
2.802020072937011719e+00
3.918946981430053711e+00
3.680863142013549805e+00
4.183483123779296875e+00
3.261951923370361328e+00
3.547219038009643555e+00
4.275447130203247070e+00
4.104738235473632812e+00
4.002717018127441406e+00
3.948364019393920898e+00
4.367171049118041992e+00
3.532120227813720703e+00
4.220078945159912109e+00
4.663595914840698242e+00
3.946315050125122070e+00
3.768208026885986328e+00
4.797617912292480469e+00
4.403646945953369141e+00
4.654545068740844727e+00
5.233450889587402344e+00
5.107265949249267578e+00
3.462032794952392578e+00
3.481513977050781250e+00
3.476912975311279297e+00
4.459928989410400391e+00
4.904326915740966797e+00
3.955714941024780273e+00
4.275165796279907227e+00
4.667757987976074219e+00
4.987139701843261719e+00
5.549196004867553711e+00
5.681093931198120117e+00
4.620636940002441406e+00
4.808755874633789062e+00
3.766543865203857422e+00
4.987016916275024414e+00
5.602931976318359375e+00
4.998374938964843750e+00
3.802981853485107422e+00
4.786694288253784180e+00
5.233729839324951172e+00
4.894692182540893555e+00
3.713049888610839844e+00
5.977248907089233398e+00
4.470302820205688477e+00
5.245537996292114258e+00
3.221928834915161133e+00
5.315833091735839844e+00
4.864124059677124023e+00
4.103324890136718750e+00
4.174033164978027344e+00
5.705413818359375000e+00
4.825767993927001953e+00
3.544661045074462891e+00
4.171265840530395508e+00
4.053606271743774414e+00
6.143764019012451172e+00
5.553633213043212891e+00
4.355062961578369141e+00
2.719446659088134766e+00
3.683120965957641602e+00
5.134179115295410156e+00
4.336038112640380859e+00
6.399981021881103516e+00
3.942121982574462891e+00
5.383073091506958008e+00
4.448473930358886719e+00
4.348493099212646484e+00
4.599684953689575195e+00
4.330289840698242188e+00
4.155056953430175781e+00
4.643644809722900391e+00
4.579655885696411133e+00
6.415682077407836914e+00
4.042730093002319336e+00
5.428012847900390625e+00
5.689069986343383789e+00
4.151391983032226562e+00
4.639486074447631836e+00
4.107175111770629883e+00
4.952870845794677734e+00
4.155397891998291016e+00
4.410967826843261719e+00
4.357706069946289062e+00
5.170206069946289062e+00
5.597260951995849609e+00
4.184792041778564453e+00
5.367860078811645508e+00
3.927616834640502930e+00
6.750293970108032227e+00
4.244349956512451172e+00
5.409602880477905273e+00
5.347473859786987305e+00
4.799165964126586914e+00
5.322046995162963867e+00
4.527735710144042969e+00
5.116093873977661133e+00
5.331969022750854492e+00
4.592522144317626953e+00
3.592808961868286133e+00
5.039908885955810547e+00
5.867795228958129883e+00
5.053002119064331055e+00
3.954450845718383789e+00
4.801352977752685547e+00
4.215523004531860352e+00
4.539457082748413086e+00
3.905001163482666016e+00
3.938265800476074219e+00
3.620228767395019531e+00
4.632204055786132812e+00
4.347470998764038086e+00
2.955351829528808594e+00
4.844694137573242188e+00
4.763096094131469727e+00
3.937330007553100586e+00
3.317794084548950195e+00
4.469492912292480469e+00
5.094019889831542969e+00
4.630744218826293945e+00
3.672177791595458984e+00
4.922226905822753906e+00
3.812015056610107422e+00
3.191193103790283203e+00
4.615522861480712891e+00
4.934803962707519531e+00
5.650617837905883789e+00
4.643169879913330078e+00
3.066726207733154297e+00
3.788108825683593750e+00
5.109189987182617188e+00
4.085278034210205078e+00
3.893668174743652344e+00
5.196942806243896484e+00
5.084439992904663086e+00
5.116729736328125000e+00
3.384674072265625000e+00
4.826311111450195312e+00
5.052752733230590820e+00
5.098642110824584961e+00
4.733409881591796875e+00
4.766611099243164062e+00
4.742850065231323242e+00
4.799359798431396484e+00
4.646182775497436523e+00
2.560518741607666016e+00
3.021450996398925781e+00
4.003407001495361328e+00
5.546586990356445312e+00
4.783778190612792969e+00
4.162520170211791992e+00
5.358245134353637695e+00
5.359977006912231445e+00
5.439842939376831055e+00
5.552967071533203125e+00
4.130349159240722656e+00
4.007407903671264648e+00
4.640486240386962891e+00
3.883514881134033203e+00
3.944185018539428711e+00
3.853261232376098633e+00
3.023314952850341797e+00
4.053219795227050781e+00
3.017458915710449219e+00
5.714082956314086914e+00
5.985746145248413086e+00
3.950482368469238281e+00
4.643256902694702148e+00
3.699254989624023438e+00
5.167321920394897461e+00
4.413967847824096680e+00
3.781952142715454102e+00
4.583875179290771484e+00
3.210249900817871094e+00
3.810733079910278320e+00
5.544707775115966797e+00
3.099831104278564453e+00
4.548764944076538086e+00
3.642544984817504883e+00
3.379800081253051758e+00
4.589202165603637695e+00
6.064242124557495117e+00
3.249976873397827148e+00
5.023540019989013672e+00
5.808816194534301758e+00
3.243009090423583984e+00
5.835852622985839844e+00
4.768794059753417969e+00
5.781592130661010742e+00
2.994971990585327148e+00
3.049941062927246094e+00
3.540132761001586914e+00
2.928266048431396484e+00
2.939630985260009766e+00
3.067552089691162109e+00
2.909883975982666016e+00
4.876982927322387695e+00
2.902097225189208984e+00
3.639698982238769531e+00
3.010757923126220703e+00
3.500213146209716797e+00
4.630357980728149414e+00
3.195178985595703125e+00
3.113716125488281250e+00
4.945286750793457031e+00
3.563320159912109375e+00
5.601116180419921875e+00
3.546245098114013672e+00
3.495735883712768555e+00
4.623114109039306641e+00
3.447666168212890625e+00
3.578608036041259766e+00
5.829149961471557617e+00
6.311902284622192383e+00
3.138906955718994141e+00
3.341341018676757812e+00
5.702605962753295898e+00
3.538161277770996094e+00
3.832098960876464844e+00
5.093120813369750977e+00
3.625094890594482422e+00
3.754787921905517578e+00
3.276750802993774414e+00
3.736819982528686523e+00
3.963644981384277344e+00
3.832151651382446289e+00
2.680922031402587891e+00
3.908805131912231445e+00
3.538753986358642578e+00
3.876805305480957031e+00
4.007339000701904297e+00
4.080051183700561523e+00
2.557705879211425781e+00
4.254747152328491211e+00
3.509001970291137695e+00
3.978270053863525391e+00
4.008123159408569336e+00
3.444037914276123047e+00
3.699136972427368164e+00
3.502091884613037109e+00
3.607705116271972656e+00
3.109772920608520508e+00
3.540083169937133789e+00
3.310087919235229492e+00
4.033052921295166016e+00
4.208442211151123047e+00
4.037031173706054688e+00
3.771730899810791016e+00
3.525785923004150391e+00
3.625441074371337891e+00
5.151512861251831055e+00
3.749600887298583984e+00
4.386372089385986328e+00
5.139177083969116211e+00
3.780827045440673828e+00
3.846990823745727539e+00
3.854614019393920898e+00
3.861263751983642578e+00
3.685187816619873047e+00
3.871531009674072266e+00
3.946215152740478516e+00
3.836189270019531250e+00
4.272753953933715820e+00
4.031090021133422852e+00
4.826915740966796875e+00
4.034514188766479492e+00
4.070788145065307617e+00
4.056155920028686523e+00
3.998841762542724609e+00
3.483777761459350586e+00
4.115718126296997070e+00
4.113013982772827148e+00
4.502676963806152344e+00
3.990285873413085938e+00
4.085506200790405273e+00
4.568399906158447266e+00
4.949192047119140625e+00
4.119863033294677734e+00
4.178981065750122070e+00
4.295624256134033203e+00
4.836859941482543945e+00
4.297203063964843750e+00
4.115244150161743164e+00
3.743543148040771484e+00
4.342659950256347656e+00
5.109533786773681641e+00
5.844273805618286133e+00
4.387043952941894531e+00
4.463452816009521484e+00
4.358479976654052734e+00
4.021088838577270508e+00
5.855520963668823242e+00
4.528158903121948242e+00
5.983040094375610352e+00
4.512927055358886719e+00
4.529680728912353516e+00
4.608639001846313477e+00
4.484127998352050781e+00
3.082228183746337891e+00
4.683301210403442383e+00
4.865400075912475586e+00
5.852643013000488281e+00
4.452559232711791992e+00
3.486185073852539062e+00
5.020893096923828125e+00
4.978713750839233398e+00
5.481690883636474609e+00
3.971456050872802734e+00
3.981888055801391602e+00
4.986752033233642578e+00
4.640630960464477539e+00
4.955045938491821289e+00
4.952128171920776367e+00
3.816657304763793945e+00
4.070104122161865234e+00
4.794423103332519531e+00
4.416154146194458008e+00
4.142626047134399414e+00
5.053285837173461914e+00
3.758517026901245117e+00
4.687160253524780273e+00
5.281548023223876953e+00
4.696102142333984375e+00
4.436758756637573242e+00
4.173368215560913086e+00
5.060864925384521484e+00
5.528890848159790039e+00
3.137516975402832031e+00
5.397686958312988281e+00
5.836804151535034180e+00
5.572512626647949219e+00
3.922345876693725586e+00
4.975114107131958008e+00
3.909836769104003906e+00
3.828570842742919922e+00
4.330538034439086914e+00
4.336606979370117188e+00
3.966377973556518555e+00
5.319426059722900391e+00
4.225907087326049805e+00
3.097863197326660156e+00
4.657878875732421875e+00
3.885924100875854492e+00
5.336766004562377930e+00
3.695371150970458984e+00
5.780087947845458984e+00
4.156885862350463867e+00
3.428704977035522461e+00
4.756364107131958008e+00
5.814939975738525391e+00
5.824754238128662109e+00
4.857419967651367188e+00
4.179297208786010742e+00
4.792237758636474609e+00
4.374034166336059570e+00
5.326307058334350586e+00
5.645694971084594727e+00
5.211421012878417969e+00
6.463179111480712891e+00
5.685539722442626953e+00
5.751318216323852539e+00
5.366412878036499023e+00
5.052966117858886719e+00
5.089618921279907227e+00
4.929149150848388672e+00
4.046546936035156250e+00
5.786954879760742188e+00
5.001763820648193359e+00
6.076331853866577148e+00
5.919671773910522461e+00
5.526921987533569336e+00
6.082475900650024414e+00
4.146186828613281250e+00
4.159848928451538086e+00
4.881022930145263672e+00
5.879402875900268555e+00
4.668763160705566406e+00
5.024242877960205078e+00
4.446583986282348633e+00
4.172343730926513672e+00
4.191855192184448242e+00
4.246793031692504883e+00
5.337387084960937500e+00
4.504621982574462891e+00
4.332042932510375977e+00
4.736660957336425781e+00
4.563601016998291016e+00
4.541186809539794922e+00
3.879859924316406250e+00
5.319811820983886719e+00
5.590780973434448242e+00
4.760753154754638672e+00
3.716992855072021484e+00
5.207231998443603516e+00
3.426792144775390625e+00
3.955046176910400391e+00
4.747436046600341797e+00
2.509217023849487305e+00
4.049462080001831055e+00
5.671442270278930664e+00
5.640248060226440430e+00
4.010507106781005859e+00
5.349046945571899414e+00
2.721014022827148438e+00
3.465770244598388672e+00
5.550519943237304688e+00
5.569444179534912109e+00
4.962011814117431641e+00
3.992192029953002930e+00
4.156873941421508789e+00
5.252526044845581055e+00
4.248372077941894531e+00
4.817477941513061523e+00
6.270086765289306641e+00
2.834254026412963867e+00
4.152300119400024414e+00
4.872846126556396484e+00
4.881107807159423828e+00
4.391356229782104492e+00
4.965763092041015625e+00
4.336676120758056641e+00
4.840901136398315430e+00
3.951022863388061523e+00
4.445904970169067383e+00
4.600173234939575195e+00
5.070843935012817383e+00
4.271850109100341797e+00
3.774405002593994141e+00
3.436092853546142578e+00
4.519943952560424805e+00
3.332516908645629883e+00
3.551755905151367188e+00
3.543811798095703125e+00
3.485554933547973633e+00
3.459724187850952148e+00
5.601068735122680664e+00
3.759048223495483398e+00
2.797864913940429688e+00
3.520246028900146484e+00
3.730328083038330078e+00
3.400321006774902344e+00
3.970249176025390625e+00
4.073133230209350586e+00
3.364871025085449219e+00
3.275770902633666992e+00
3.690974235534667969e+00
3.189171075820922852e+00
2.784530878067016602e+00
3.761569023132324219e+00
3.729158878326416016e+00
3.695599317550659180e+00
4.057281970977783203e+00
3.337033987045288086e+00
3.923069953918457031e+00
3.114089965820312500e+00
3.205396890640258789e+00
3.978343248367309570e+00
3.919154167175292969e+00
4.202661991119384766e+00
4.733212947845458984e+00
2.384526729583740234e+00
3.049530982971191406e+00
3.962174892425537109e+00
3.636655807495117188e+00
2.505203962326049805e+00
3.869127035140991211e+00
4.017805099487304688e+00
4.150445938110351562e+00
4.129199981689453125e+00
3.923503875732421875e+00
3.202661275863647461e+00
3.920718908309936523e+00
4.322529077529907227e+00
3.830935955047607422e+00
4.054811000823974609e+00
4.059691905975341797e+00
3.841358900070190430e+00
3.375094890594482422e+00
4.043998003005981445e+00
3.290468931198120117e+00
4.246023178100585938e+00
4.267142057418823242e+00
4.788030862808227539e+00
3.929133653640747070e+00
4.767174005508422852e+00
3.634013891220092773e+00
4.412110805511474609e+00
3.718955039978027344e+00
6.020385742187500000e+00
4.932611227035522461e+00
3.250694990158081055e+00
3.520805120468139648e+00
3.438378095626831055e+00
3.710904121398925781e+00
2.905862808227539062e+00
3.811684131622314453e+00
4.367556095123291016e+00
4.035319805145263672e+00
4.492938041687011719e+00
3.831679821014404297e+00
5.125982284545898438e+00
4.119681119918823242e+00
4.178761005401611328e+00
4.006420135498046875e+00
4.196769952774047852e+00
4.029806852340698242e+00
5.251566886901855469e+00
4.052242994308471680e+00
4.017110109329223633e+00
4.155777931213378906e+00
4.372411251068115234e+00
4.314233064651489258e+00
4.024328947067260742e+00
4.159594774246215820e+00
4.276205062866210938e+00
4.639808654785156250e+00
4.125987052917480469e+00
4.784379959106445312e+00
4.253903865814208984e+00
3.532529830932617188e+00
4.851224899291992188e+00
4.758651018142700195e+00
4.758579254150390625e+00
4.135813236236572266e+00
4.426105022430419922e+00
4.036134243011474609e+00
3.960803985595703125e+00
4.076745033264160156e+00
4.569626808166503906e+00
3.930965900421142578e+00
4.478231906890869141e+00
4.214447021484375000e+00
5.222497940063476562e+00
4.136200904846191406e+00
4.364923000335693359e+00
3.791525125503540039e+00
4.250733137130737305e+00
5.072253942489624023e+00
4.696527242660522461e+00
4.217200994491577148e+00
4.782197952270507812e+00
5.099179983139038086e+00
5.229327917098999023e+00
4.521199941635131836e+00
3.990571022033691406e+00
4.017355918884277344e+00
4.524677991867065430e+00
4.644542932510375977e+00
4.608189105987548828e+00
4.258035182952880859e+00
4.004485845565795898e+00
4.211647987365722656e+00
5.335801839828491211e+00
4.481240034103393555e+00
3.882437944412231445e+00
3.682193756103515625e+00
4.589864015579223633e+00
4.178267955780029297e+00
3.960762977600097656e+00
5.440741062164306641e+00
5.599128961563110352e+00
3.966250896453857422e+00
4.329721689224243164e+00
4.457876920700073242e+00
3.902574777603149414e+00
5.014261007308959961e+00
4.818676233291625977e+00
4.261497259140014648e+00
4.329772949218750000e+00
4.144688129425048828e+00
4.605539083480834961e+00
5.135241031646728516e+00
4.563540935516357422e+00
4.026889085769653320e+00
3.744698047637939453e+00
4.581251144409179688e+00
4.621010065078735352e+00
4.377858877182006836e+00
4.550931930541992188e+00
6.582337141036987305e+00
6.186180830001831055e+00
3.597262859344482422e+00
5.315715074539184570e+00
4.062449216842651367e+00
3.646173000335693359e+00
2.469854831695556641e+00
4.757961034774780273e+00
5.392706155776977539e+00
4.194968938827514648e+00
6.092370033264160156e+00
4.920911073684692383e+00
4.345256090164184570e+00
3.000763893127441406e+00
4.493840217590332031e+00
3.697878122329711914e+00
4.582171916961669922e+00
3.396290779113769531e+00
4.922357797622680664e+00
5.032864093780517578e+00
3.411695003509521484e+00
4.645039796829223633e+00
4.205642938613891602e+00
3.940614938735961914e+00
3.408714056015014648e+00
5.265888929367065430e+00
3.281036853790283203e+00
4.933367967605590820e+00
5.332130908966064453e+00
3.443445920944213867e+00
4.793367147445678711e+00
5.032289028167724609e+00
3.434330940246582031e+00
4.775373935699462891e+00
5.424996852874755859e+00
4.017108917236328125e+00
3.891502857208251953e+00
3.713600873947143555e+00
3.786171197891235352e+00
5.203443765640258789e+00
5.582288026809692383e+00
4.076224088668823242e+00
5.298180818557739258e+00
5.329911947250366211e+00
2.823032855987548828e+00
3.834819078445434570e+00
4.551768064498901367e+00
4.057034015655517578e+00
5.260008096694946289e+00
3.193506956100463867e+00
4.823056221008300781e+00
4.443851947784423828e+00
5.392359972000122070e+00
3.168391942977905273e+00
4.183181047439575195e+00
5.771260023117065430e+00
5.169222831726074219e+00
5.422618150711059570e+00
3.482217073440551758e+00
4.926470279693603516e+00
5.302573204040527344e+00
5.765079975128173828e+00
3.667734146118164062e+00
4.157864093780517578e+00
5.205013036727905273e+00
4.475126028060913086e+00
4.739341974258422852e+00
5.527630805969238281e+00
4.222134113311767578e+00
4.530934810638427734e+00
5.834328889846801758e+00
4.399407148361206055e+00
5.693976640701293945e+00
3.343408107757568359e+00
3.906677961349487305e+00
3.689436912536621094e+00
6.581709146499633789e+00
4.356614112854003906e+00
3.724417686462402344e+00
3.827658891677856445e+00
4.614039182662963867e+00
4.657461881637573242e+00
3.326929807662963867e+00
4.840930223464965820e+00
4.867841005325317383e+00
4.696403026580810547e+00
4.635184288024902344e+00
4.769131898880004883e+00
4.935729980468750000e+00
5.368786811828613281e+00
3.328740835189819336e+00
4.653559207916259766e+00
5.198117733001708984e+00
5.377409219741821289e+00
3.683439731597900391e+00
4.849149942398071289e+00
3.402670145034790039e+00
5.463555097579956055e+00
3.294262886047363281e+00
5.228110074996948242e+00
5.365396022796630859e+00
3.247440814971923828e+00
4.155374050140380859e+00
3.686461210250854492e+00
3.576645135879516602e+00
3.473207950592041016e+00
3.336262226104736328e+00
5.021326780319213867e+00
4.076878070831298828e+00
4.498141050338745117e+00
3.404187202453613281e+00
3.501281023025512695e+00
3.207351922988891602e+00
3.245589971542358398e+00
3.614225864410400391e+00
3.624110937118530273e+00
4.012390136718750000e+00
4.648193120956420898e+00
3.802467107772827148e+00
3.169272184371948242e+00
3.195151090621948242e+00
3.609014987945556641e+00
3.632955789566040039e+00
3.415133953094482422e+00
3.995157003402709961e+00
3.295330047607421875e+00
4.000373125076293945e+00
3.548771142959594727e+00
4.125525951385498047e+00
3.687685966491699219e+00
4.095280170440673828e+00
4.159884929656982422e+00
4.184777975082397461e+00
4.018104076385498047e+00
3.858633756637573242e+00
4.133219957351684570e+00
3.203807115554809570e+00
3.869830131530761719e+00
4.213749885559082031e+00
4.381597042083740234e+00
4.348756313323974609e+00
4.334246158599853516e+00
3.914746046066284180e+00
3.939110040664672852e+00
3.729122877120971680e+00
3.104813814163208008e+00
3.505152940750122070e+00
3.947474002838134766e+00
3.363879919052124023e+00
3.981144905090332031e+00
4.410610914230346680e+00
4.311527967453002930e+00
4.195362091064453125e+00
3.812703132629394531e+00
4.364994049072265625e+00
4.488272905349731445e+00
3.821361780166625977e+00
3.896898031234741211e+00
4.534009218215942383e+00
4.777514934539794922e+00
4.346258878707885742e+00
3.302871942520141602e+00
4.884351968765258789e+00
3.263342142105102539e+00
3.672800064086914062e+00
3.839056968688964844e+00
4.618429183959960938e+00
4.644788980484008789e+00
3.616712808609008789e+00
3.571491003036499023e+00
5.251528978347778320e+00
4.592530012130737305e+00
3.844964981079101562e+00
3.569746017456054688e+00
3.916676998138427734e+00
3.512164115905761719e+00
3.778497934341430664e+00
4.841499090194702148e+00
4.191746950149536133e+00
3.830533981323242188e+00
4.003888845443725586e+00
4.901969909667968750e+00
3.768491029739379883e+00
4.137199878692626953e+00
4.580468893051147461e+00
3.984343051910400391e+00
3.552642822265625000e+00
4.319165229797363281e+00
4.759370088577270508e+00
4.344869852066040039e+00
4.773041963577270508e+00
4.524072170257568359e+00
4.935031890869140625e+00
3.730520725250244141e+00
4.647043704986572266e+00
4.413287162780761719e+00
4.597095012664794922e+00
3.980931043624877930e+00
4.597754001617431641e+00
4.367363929748535156e+00
4.047482013702392578e+00
4.970824003219604492e+00
3.884136915206909180e+00
4.676968097686767578e+00
3.514885187149047852e+00
4.121909379959106445e+00
3.873095035552978516e+00
4.902337789535522461e+00
4.336314201354980469e+00
3.950481176376342773e+00
4.565946817398071289e+00
5.099179029464721680e+00
4.477523803710937500e+00
3.909337997436523438e+00
4.308991909027099609e+00
3.317920923233032227e+00
4.485869169235229492e+00
4.217424154281616211e+00
3.012296915054321289e+00
4.212408065795898438e+00
3.178800821304321289e+00
4.299063205718994141e+00
3.511041164398193359e+00
4.293596029281616211e+00
5.599695920944213867e+00
4.235032796859741211e+00
4.227241992950439453e+00
4.307173728942871094e+00
4.391342163085937500e+00
4.546591997146606445e+00
5.302648782730102539e+00
4.416703939437866211e+00
3.767389297485351562e+00
3.772294044494628906e+00
4.455745935440063477e+00
4.965980768203735352e+00
3.827784061431884766e+00
4.927424907684326172e+00
5.213052034378051758e+00
3.800489902496337891e+00
5.772942304611206055e+00
4.085032939910888672e+00
3.426194906234741211e+00
5.976409673690795898e+00
4.556951761245727539e+00
4.844540834426879883e+00
5.095643997192382812e+00
4.653222799301147461e+00
4.839760065078735352e+00
3.893792152404785156e+00
4.438046216964721680e+00
5.799736976623535156e+00
5.779035329818725586e+00
5.504944086074829102e+00
4.690447092056274414e+00
4.871194124221801758e+00
4.751879930496215820e+00
4.239463806152343750e+00
4.865002155303955078e+00
4.006095170974731445e+00
4.290755033493041992e+00
4.713557004928588867e+00
2.688333034515380859e+00
3.988978147506713867e+00
4.743400096893310547e+00
5.048008203506469727e+00
3.882143020629882812e+00
3.575414896011352539e+00
5.051603078842163086e+00
3.138020038604736328e+00
5.424992084503173828e+00
3.417146682739257812e+00
6.860369920730590820e+00
3.166599035263061523e+00
5.972354173660278320e+00
3.324308156967163086e+00
4.405176162719726562e+00
3.859351158142089844e+00
4.750185012817382812e+00
4.191492080688476562e+00
4.254524946212768555e+00
5.437322854995727539e+00
2.733710050582885742e+00
4.921865940093994141e+00
3.569504737854003906e+00
5.404008150100708008e+00
4.565198659896850586e+00
4.509001970291137695e+00
4.079802989959716797e+00
3.441667795181274414e+00
4.674529075622558594e+00
3.572237968444824219e+00
3.408027887344360352e+00
4.784657716751098633e+00
4.814727783203125000e+00
3.946729183197021484e+00
4.005483865737915039e+00
3.331273078918457031e+00
4.123206853866577148e+00
3.725435256958007812e+00
3.780025959014892578e+00
4.456662893295288086e+00
4.839748859405517578e+00
3.567203998565673828e+00
4.140905141830444336e+00
4.269789934158325195e+00
3.933559179306030273e+00
5.076452255249023438e+00
4.228099822998046875e+00
4.947821140289306641e+00
3.867130041122436523e+00
5.946383237838745117e+00
5.206991195678710938e+00
3.883052825927734375e+00
4.821432113647460938e+00
2.753154993057250977e+00
3.871447086334228516e+00
3.159121990203857422e+00
3.915724992752075195e+00
5.889008045196533203e+00
6.692409992218017578e+00
3.908621072769165039e+00
6.046698093414306641e+00
3.157910108566284180e+00
5.709353923797607422e+00
5.156394958496093750e+00
3.694605827331542969e+00
4.230887174606323242e+00
4.953871011734008789e+00
4.192299127578735352e+00
7.909528017044067383e+00
3.894732952117919922e+00
4.607028007507324219e+00
4.792924165725708008e+00
3.427801132202148438e+00
4.636070251464843750e+00
5.426216840744018555e+00
4.850281000137329102e+00
4.324887037277221680e+00
3.801958799362182617e+00
3.574805021286010742e+00
3.985753297805786133e+00
4.352382898330688477e+00
2.890211105346679688e+00
3.654780864715576172e+00
5.570620298385620117e+00
3.715110063552856445e+00
5.574417114257812500e+00
4.592812776565551758e+00
4.443173885345458984e+00
4.238406896591186523e+00
4.868528842926025391e+00
4.409690141677856445e+00
6.349399805068969727e+00
3.597858190536499023e+00
4.906530857086181641e+00
3.803890943527221680e+00
4.283411026000976562e+00
4.944782018661499023e+00
4.084687709808349609e+00
3.446046113967895508e+00
5.411437034606933594e+00
2.964680910110473633e+00
3.610333919525146484e+00
3.620128870010375977e+00
3.589054107666015625e+00
4.151178121566772461e+00
4.003713846206665039e+00
3.837378978729248047e+00
7.695936203002929688e+00
4.824423789978027344e+00
4.115219116210937500e+00
4.190215826034545898e+00
4.216536998748779297e+00
4.209525823593139648e+00
4.281360864639282227e+00
4.307302236557006836e+00
3.794807195663452148e+00
3.327241897583007812e+00
3.435521841049194336e+00
3.384716033935546875e+00
4.287370920181274414e+00
4.208480119705200195e+00
4.025561809539794922e+00
4.389168262481689453e+00
5.084550857543945312e+00
5.128215074539184570e+00
5.322118997573852539e+00
4.166767120361328125e+00
4.293336868286132812e+00
4.426096916198730469e+00
4.781365156173706055e+00
4.816138982772827148e+00
3.975787162780761719e+00
3.378336191177368164e+00
5.465651035308837891e+00
4.257682085037231445e+00
4.431528091430664062e+00
3.815667152404785156e+00
4.707843780517578125e+00
4.866629838943481445e+00
5.833460330963134766e+00
3.964886903762817383e+00
3.761924982070922852e+00
3.132532119750976562e+00
3.527632236480712891e+00
4.985797166824340820e+00
3.244635820388793945e+00
3.789129972457885742e+00
3.867433786392211914e+00
4.314368009567260742e+00
4.705120086669921875e+00
4.883539915084838867e+00
4.434347152709960938e+00
3.106785058975219727e+00
3.829789161682128906e+00
4.075296878814697266e+00
4.109436035156250000e+00
4.467546939849853516e+00
4.134390830993652344e+00
5.148715019226074219e+00
4.995668888092041016e+00
4.246960163116455078e+00
4.710702896118164062e+00
4.599913120269775391e+00
6.081036090850830078e+00
4.884440898895263672e+00
4.461570978164672852e+00
3.101179122924804688e+00
4.212348937988281250e+00
4.037177085876464844e+00
5.035847902297973633e+00
4.392053127288818359e+00
3.500040054321289062e+00
4.094188928604125977e+00
4.465587139129638672e+00
4.525650262832641602e+00
3.606478214263916016e+00
4.016948938369750977e+00
3.570260047912597656e+00
4.264299154281616211e+00
4.847500085830688477e+00
3.353996992111206055e+00
3.962825059890747070e+00
4.640740156173706055e+00
4.655999898910522461e+00
4.144686698913574219e+00
3.700288057327270508e+00
3.853411912918090820e+00
3.726806879043579102e+00
4.289692878723144531e+00
3.861356019973754883e+00
3.609653949737548828e+00
3.786995887756347656e+00
4.229595899581909180e+00
3.904644966125488281e+00
4.702574014663696289e+00
3.648999929428100586e+00
3.906276226043701172e+00
4.991155147552490234e+00
3.991605043411254883e+00
4.014049053192138672e+00
5.213528156280517578e+00
3.710759401321411133e+00
5.283462285995483398e+00
4.922425985336303711e+00
3.379771709442138672e+00
4.152891159057617188e+00
5.647689104080200195e+00
5.106652736663818359e+00
3.954860925674438477e+00
5.144150018692016602e+00
5.374369859695434570e+00
5.531830787658691406e+00
4.140244007110595703e+00
4.406323909759521484e+00
4.193974733352661133e+00
5.218662977218627930e+00
3.846965074539184570e+00
3.325324058532714844e+00
4.144213914871215820e+00
5.243484735488891602e+00
3.630892038345336914e+00
5.609335899353027344e+00
4.293038129806518555e+00
4.439256191253662109e+00
3.992069244384765625e+00
4.387352705001831055e+00
4.250955820083618164e+00
4.050981044769287109e+00
4.301860809326171875e+00
3.803740978240966797e+00
4.222586154937744141e+00
4.797371864318847656e+00
5.081427812576293945e+00
5.480005979537963867e+00
4.797839879989624023e+00
4.319969892501831055e+00
6.461858034133911133e+00
4.720448017120361328e+00
5.539042949676513672e+00
5.425851821899414062e+00
3.873514890670776367e+00
4.425528049468994141e+00
3.955034971237182617e+00
5.624687910079956055e+00
5.545514822006225586e+00
3.850396156311035156e+00
3.988782882690429688e+00
5.296745061874389648e+00
4.150458097457885742e+00
4.138957023620605469e+00
4.718261957168579102e+00
5.872209787368774414e+00
5.529368877410888672e+00
6.269565820693969727e+00
4.500082015991210938e+00
5.590004920959472656e+00
5.915319919586181641e+00
5.440641880035400391e+00
5.917476177215576172e+00
5.512452840805053711e+00
4.715156078338623047e+00
4.190627813339233398e+00
5.109213829040527344e+00
4.463407754898071289e+00
3.843899250030517578e+00
4.339989185333251953e+00
5.528506994247436523e+00
4.344529867172241211e+00
3.320379018783569336e+00
4.885105848312377930e+00
4.300258874893188477e+00
3.886959075927734375e+00
3.958941221237182617e+00
5.207983732223510742e+00
3.477006196975708008e+00
4.440473794937133789e+00
4.962929964065551758e+00
6.556751012802124023e+00
4.589786052703857422e+00
5.293284893035888672e+00
3.802522897720336914e+00
4.537542104721069336e+00
4.829277038574218750e+00
4.598388910293579102e+00
4.595696210861206055e+00
3.623340129852294922e+00
5.306076049804687500e+00
3.347746610641479492e+00
5.284456253051757812e+00
4.744262218475341797e+00
4.690073013305664062e+00
5.443840026855468750e+00
3.298279285430908203e+00
3.221142053604125977e+00
4.765824794769287109e+00
3.239311218261718750e+00
4.923294782638549805e+00
3.659701824188232422e+00
4.773676872253417969e+00
3.097291946411132812e+00
4.421398162841796875e+00
4.724637269973754883e+00
4.507972955703735352e+00
4.117886304855346680e+00
3.458346128463745117e+00
4.307096004486083984e+00
3.662838697433471680e+00
4.112969160079956055e+00
3.327723026275634766e+00
3.013301134109497070e+00
3.813063144683837891e+00
3.302408933639526367e+00
3.149729013442993164e+00
5.243349075317382812e+00
3.383280992507934570e+00
2.970061779022216797e+00
3.191131830215454102e+00
3.492806911468505859e+00
5.132595062255859375e+00
3.584602832794189453e+00
4.830919981002807617e+00
3.082913875579833984e+00
5.373601913452148438e+00
3.700036048889160156e+00
5.644134044647216797e+00
5.409102201461791992e+00
3.360082864761352539e+00
3.749474048614501953e+00
3.736504077911376953e+00
6.479436159133911133e+00
4.147260904312133789e+00
4.370289325714111328e+00
5.185096979141235352e+00
2.781851768493652344e+00
3.425075054168701172e+00
3.866596221923828125e+00
5.616709232330322266e+00
3.671241998672485352e+00
4.709654092788696289e+00
3.779569864273071289e+00
3.755132913589477539e+00
3.197530984878540039e+00
4.354036808013916016e+00
3.361562967300415039e+00
3.328174829483032227e+00
5.968623876571655273e+00
3.214370727539062500e+00
2.959469079971313477e+00
3.461999893188476562e+00
3.317954063415527344e+00
3.781635761260986328e+00
4.159754991531372070e+00
3.357870817184448242e+00
3.812377691268920898e+00
3.704796075820922852e+00
3.659816026687622070e+00
3.885103225708007812e+00
3.641237974166870117e+00
4.529400110244750977e+00
4.762964963912963867e+00
3.685101032257080078e+00
3.784996032714843750e+00
3.340583801269531250e+00
3.783823966979980469e+00
4.366855859756469727e+00
3.673267841339111328e+00
2.881618022918701172e+00
4.794757843017578125e+00
3.791916847229003906e+00
4.278486728668212891e+00
3.098956108093261719e+00
3.606155872344970703e+00
3.307690858840942383e+00
3.075917959213256836e+00
3.852231025695800781e+00
4.019118070602416992e+00
3.639188051223754883e+00
3.601971864700317383e+00
4.241353034973144531e+00
3.526989698410034180e+00
3.759786844253540039e+00
4.923432826995849609e+00
4.789265871047973633e+00
3.525323867797851562e+00
3.133441925048828125e+00
3.814723014831542969e+00
4.085031986236572266e+00
3.012456893920898438e+00
3.893708705902099609e+00
2.709389209747314453e+00
4.985340118408203125e+00
3.157886028289794922e+00
4.530002832412719727e+00
3.937043905258178711e+00
3.935177087783813477e+00
2.765373945236206055e+00
3.922736167907714844e+00
3.195452928543090820e+00
3.762804269790649414e+00
3.292640924453735352e+00
4.637199878692626953e+00
4.111211776733398438e+00
3.906372070312500000e+00
4.300077915191650391e+00
4.117317914962768555e+00
3.572972774505615234e+00
3.217624187469482422e+00
5.193588972091674805e+00
4.191999912261962891e+00
4.884459972381591797e+00
4.543229103088378906e+00
4.621140956878662109e+00
4.546772003173828125e+00
4.293994903564453125e+00
3.949018239974975586e+00
3.625220060348510742e+00
4.660809040069580078e+00
3.602693796157836914e+00
4.775701999664306641e+00
5.136923789978027344e+00
4.174741983413696289e+00
2.660056829452514648e+00
3.403563022613525391e+00
4.626389980316162109e+00
3.689318895339965820e+00
4.690227031707763672e+00
4.250188112258911133e+00
3.859568119049072266e+00
4.211665153503417969e+00
4.572554111480712891e+00
4.895380020141601562e+00
3.768203020095825195e+00
4.415901899337768555e+00
4.307961940765380859e+00
5.241391897201538086e+00
4.508661985397338867e+00
5.516582250595092773e+00
4.301352024078369141e+00
4.517370939254760742e+00
4.457369089126586914e+00
4.642331123352050781e+00
4.149827957153320312e+00
4.152761936187744141e+00
4.686687946319580078e+00
3.017560958862304688e+00
5.280543088912963867e+00
3.465260744094848633e+00
4.868261098861694336e+00
4.409124851226806641e+00
4.456974029541015625e+00
4.020932912826538086e+00
4.179759025573730469e+00
4.317971229553222656e+00
4.255160093307495117e+00
4.626744031906127930e+00
2.419377803802490234e+00
4.458908081054687500e+00
2.936120033264160156e+00
3.545300006866455078e+00
3.174026012420654297e+00
4.320332050323486328e+00
4.874981164932250977e+00
3.624418735504150391e+00
4.878162145614624023e+00
4.304931879043579102e+00
4.458144187927246094e+00
4.134886026382446289e+00
3.423631191253662109e+00
3.988548040390014648e+00
5.099240779876708984e+00
4.526901960372924805e+00
4.427632093429565430e+00
4.786823034286499023e+00
4.046365737915039062e+00
4.938503026962280273e+00
4.740530967712402344e+00
3.549649000167846680e+00
3.248134136199951172e+00
4.717478036880493164e+00
4.587131261825561523e+00
3.582869052886962891e+00
3.645594120025634766e+00
3.719069957733154297e+00
4.149212360382080078e+00
4.821099996566772461e+00
4.745850086212158203e+00
3.933570146560668945e+00
4.920263051986694336e+00
4.657662868499755859e+00
4.376507759094238281e+00
4.719566106796264648e+00
4.869585037231445312e+00
5.147141933441162109e+00
6.256455898284912109e+00
3.669748067855834961e+00
3.871204853057861328e+00
4.248464822769165039e+00
4.350218057632446289e+00
5.743411064147949219e+00
4.552828073501586914e+00
5.512790918350219727e+00
4.624879837036132812e+00
5.527585029602050781e+00
5.338639974594116211e+00
5.301120996475219727e+00
4.873089790344238281e+00
4.234566211700439453e+00
5.497247934341430664e+00
5.263240337371826172e+00
4.981115818023681641e+00
3.792420148849487305e+00
5.303554773330688477e+00
3.962122917175292969e+00
5.435118198394775391e+00
4.529935121536254883e+00
4.300789117813110352e+00
4.697968959808349609e+00
4.234216928482055664e+00
4.880960941314697266e+00
4.896311759948730469e+00
4.666282892227172852e+00
3.578184843063354492e+00
5.267141819000244141e+00
2.997087001800537109e+00
3.017975091934204102e+00
5.098591089248657227e+00
4.235159635543823242e+00
4.971981048583984375e+00
3.910944938659667969e+00
4.564728975296020508e+00
4.679838895797729492e+00
5.137588977813720703e+00
5.623941659927368164e+00
5.701982259750366211e+00
6.055290222167968750e+00
6.406556844711303711e+00
3.820303916931152344e+00
5.490480184555053711e+00
5.581229209899902344e+00
3.892205953598022461e+00
4.927885055541992188e+00
6.129521846771240234e+00
3.366822004318237305e+00
5.456390857696533203e+00
5.833176136016845703e+00
3.823045969009399414e+00
4.102216958999633789e+00
5.580617904663085938e+00
6.347564697265625000e+00
4.519562959671020508e+00
4.118799924850463867e+00
4.260096073150634766e+00
5.864415884017944336e+00
6.268131017684936523e+00
3.746265888214111328e+00
4.715851068496704102e+00
4.144253969192504883e+00
5.529082059860229492e+00
4.899546861648559570e+00
4.385951042175292969e+00
3.804378271102905273e+00
4.234669208526611328e+00
2.854631185531616211e+00
2.964461088180541992e+00
5.488115787506103516e+00
3.706074953079223633e+00
3.608580112457275391e+00
4.381178140640258789e+00
6.226999044418334961e+00
4.352560043334960938e+00
3.411692142486572266e+00
7.393921852111816406e+00
3.944948911666870117e+00
4.681205034255981445e+00
4.130546331405639648e+00
4.036483049392700195e+00
3.517805814743041992e+00
3.822621107101440430e+00
4.241119861602783203e+00
4.150602817535400391e+00
3.656692028045654297e+00
4.364914894104003906e+00
4.263523101806640625e+00
4.480552911758422852e+00
4.824297904968261719e+00
3.876265048980712891e+00
4.024215221405029297e+00
3.881966114044189453e+00
4.332710266113281250e+00
3.869387865066528320e+00
4.911768913269042969e+00
6.377460956573486328e+00
4.436417102813720703e+00
5.019497871398925781e+00
6.162340164184570312e+00
4.703197002410888672e+00
5.120206117630004883e+00
5.052665710449218750e+00
5.954349994659423828e+00
4.313955068588256836e+00
4.682433843612670898e+00
8.186365842819213867e+00
5.527057170867919922e+00
4.949721813201904297e+00
4.368044137954711914e+00
4.875208377838134766e+00
4.699102878570556641e+00
4.660171985626220703e+00
4.644448041915893555e+00
3.338974952697753906e+00
4.450663805007934570e+00
4.762937784194946289e+00
6.145236015319824219e+00
4.541386842727661133e+00
5.688830852508544922e+00
5.697663307189941406e+00
6.804238080978393555e+00
3.831726074218750000e+00
4.645133972167968750e+00
4.729230165481567383e+00
4.862116098403930664e+00
3.081110239028930664e+00
5.132372140884399414e+00
5.261885881423950195e+00
5.156435966491699219e+00
4.340560913085937500e+00
5.045293092727661133e+00
5.898859024047851562e+00
6.290430307388305664e+00
3.696868181228637695e+00
3.984420061111450195e+00
5.836685895919799805e+00
5.342957735061645508e+00
4.590107917785644531e+00
3.365217924118041992e+00
5.822846174240112305e+00
5.081130027770996094e+00
5.022802829742431641e+00
3.227443218231201172e+00
4.393046140670776367e+00
3.473908901214599609e+00
4.729853868484497070e+00
4.435286045074462891e+00
4.123730897903442383e+00
5.636128902435302734e+00
8.114398002624511719e+00
4.246006965637207031e+00
5.519736766815185547e+00
4.455770730972290039e+00
5.360863924026489258e+00
4.704601764678955078e+00
5.602840185165405273e+00
5.279551982879638672e+00
5.207741022109985352e+00
5.615333080291748047e+00
4.798527002334594727e+00
3.701452970504760742e+00
5.482520103454589844e+00
5.300598144531250000e+00
6.171104192733764648e+00
5.789867639541625977e+00
6.001255989074707031e+00
5.429477214813232422e+00
3.925561189651489258e+00
4.360133171081542969e+00
5.228287935256958008e+00
4.065893888473510742e+00
4.874274015426635742e+00
5.073035955429077148e+00
4.214733600616455078e+00
4.874116897583007812e+00
3.270928859710693359e+00
3.261049985885620117e+00
4.364520072937011719e+00
3.852101802825927734e+00
3.408722877502441406e+00
4.438087940216064453e+00
4.732262134552001953e+00
4.084889173507690430e+00
4.999680995941162109e+00
3.371536016464233398e+00
8.405513048171997070e+00
3.908375978469848633e+00
3.826830148696899414e+00
4.438274145126342773e+00
3.095412254333496094e+00
4.435833215713500977e+00
4.558209896087646484e+00
4.256593227386474609e+00
8.298702001571655273e+00
4.084211111068725586e+00
4.301780939102172852e+00
4.469164848327636719e+00
5.907635211944580078e+00
3.417117118835449219e+00
4.253219127655029297e+00
4.761953830718994141e+00
4.122685909271240234e+00
6.148155212402343750e+00
5.279582977294921875e+00
4.415301084518432617e+00
4.169600963592529297e+00
4.270747900009155273e+00
3.868812084197998047e+00
3.718606948852539062e+00
3.548272132873535156e+00
4.202952861785888672e+00
4.794885158538818359e+00
5.141069889068603516e+00
3.544697999954223633e+00
4.819315910339355469e+00
3.772036075592041016e+00
2.663341760635375977e+00
3.307487010955810547e+00
4.391514062881469727e+00
4.294540882110595703e+00
5.241265773773193359e+00
6.062437057495117188e+00
3.677381753921508789e+00
3.786432981491088867e+00
3.891892910003662109e+00
4.376435995101928711e+00
4.542791843414306641e+00
4.814523935317993164e+00
3.011090040206909180e+00
5.706051826477050781e+00
4.122817039489746094e+00
6.447943925857543945e+00
4.032886981964111328e+00
4.863801717758178711e+00
4.699022769927978516e+00
4.402827978134155273e+00
3.220616817474365234e+00
4.625930070877075195e+00
4.772758007049560547e+00
4.519468069076538086e+00
5.153109073638916016e+00
3.531805753707885742e+00
3.267169952392578125e+00
3.723030090332031250e+00
4.560006856918334961e+00
3.473103046417236328e+00
3.545940876007080078e+00
5.039595127105712891e+00
3.775601863861083984e+00
3.801692962646484375e+00
4.183190584182739258e+00
4.344509840011596680e+00
4.538583993911743164e+00
6.141772985458374023e+00
4.192427158355712891e+00
3.801275968551635742e+00
5.935576915740966797e+00
5.210086107254028320e+00
3.802683830261230469e+00
5.198385000228881836e+00
4.075465917587280273e+00
3.515074968338012695e+00
4.300412893295288086e+00
4.786110877990722656e+00
4.232684135437011719e+00
3.847316980361938477e+00
4.149070262908935547e+00
4.046153783798217773e+00
3.650711059570312500e+00
3.854577779769897461e+00
3.871417045593261719e+00
3.721562147140502930e+00
4.095284938812255859e+00
4.984413862228393555e+00
4.229790925979614258e+00
2.791250944137573242e+00
3.785001277923583984e+00
3.031201124191284180e+00
4.612702131271362305e+00
3.203207015991210938e+00
3.936388969421386719e+00
4.403449058532714844e+00
2.917670011520385742e+00
4.486227989196777344e+00
3.608844041824340820e+00
2.876942157745361328e+00
3.771793127059936523e+00
4.315815925598144531e+00
3.943489074707031250e+00
4.580181121826171875e+00
4.619848012924194336e+00
4.435036897659301758e+00
4.973625183105468750e+00
2.936397075653076172e+00
4.704418897628784180e+00
3.380070924758911133e+00
4.786504030227661133e+00
5.312827825546264648e+00
3.128859758377075195e+00
4.359491109848022461e+00
3.840431213378906250e+00
4.022675991058349609e+00
2.651220083236694336e+00
5.766213178634643555e+00
3.111423969268798828e+00
4.330328702926635742e+00
5.032760143280029297e+00
3.281516075134277344e+00
2.994492292404174805e+00
4.375312805175781250e+00
2.914401054382324219e+00
3.331198930740356445e+00
5.232581138610839844e+00
2.975723981857299805e+00
2.966454029083251953e+00
3.344424247741699219e+00
3.148141860961914062e+00
3.824608087539672852e+00
3.044043064117431641e+00
3.559574127197265625e+00
2.941757917404174805e+00
5.111217260360717773e+00
3.143767118453979492e+00
3.377164125442504883e+00
3.497406959533691406e+00
3.872872352600097656e+00
3.106726169586181641e+00
3.737526178359985352e+00
4.144210815429687500e+00
3.674767732620239258e+00
3.873432874679565430e+00
2.836198091506958008e+00
2.840254068374633789e+00
3.209429025650024414e+00
3.703692197799682617e+00
3.356139898300170898e+00
3.203379154205322266e+00
4.398549079895019531e+00
3.975494861602783203e+00
3.802989006042480469e+00
3.656225919723510742e+00
3.715290069580078125e+00
4.096493005752563477e+00
3.419439792633056641e+00
4.191735029220581055e+00
3.857013940811157227e+00
4.211050987243652344e+00
3.280938863754272461e+00
4.264901876449584961e+00
3.479357957839965820e+00
4.092516899108886719e+00
3.823000907897949219e+00
4.141863107681274414e+00
4.042828083038330078e+00
4.164412975311279297e+00
4.236613988876342773e+00
4.189670085906982422e+00
4.431599855422973633e+00
4.640876054763793945e+00
3.640768051147460938e+00
4.092075109481811523e+00
4.033488988876342773e+00
4.703012228012084961e+00
4.683706283569335938e+00
4.057556152343750000e+00
4.201080083847045898e+00
4.120417833328247070e+00
4.373471975326538086e+00
4.651498794555664062e+00
4.480103015899658203e+00
4.230309009552001953e+00
4.339967012405395508e+00
3.812032938003540039e+00
4.918500900268554688e+00
3.769803047180175781e+00
5.202482938766479492e+00
4.432844161987304688e+00
4.001761913299560547e+00
4.510036230087280273e+00
4.161391019821166992e+00
4.103441953659057617e+00
3.982216119766235352e+00
5.054778099060058594e+00
4.701671123504638672e+00
4.104291200637817383e+00
4.723644256591796875e+00
4.115437030792236328e+00
4.110323905944824219e+00
5.514933109283447266e+00
4.749247789382934570e+00
4.880074024200439453e+00
5.052528142929077148e+00
3.393199205398559570e+00
4.117404937744140625e+00
4.845574855804443359e+00
4.869307994842529297e+00
4.636693000793457031e+00
4.426722049713134766e+00
4.866059780120849609e+00
4.215668916702270508e+00
3.561899900436401367e+00
4.344497919082641602e+00
4.521101951599121094e+00
4.442581892013549805e+00
4.578274011611938477e+00
4.356060981750488281e+00
4.115280151367187500e+00
4.145489931106567383e+00
3.634291887283325195e+00
4.241982221603393555e+00
5.517823934555053711e+00
4.398770093917846680e+00
4.829471826553344727e+00
5.076907157897949219e+00
4.880087852478027344e+00
5.382396936416625977e+00
3.787054061889648438e+00
4.520125865936279297e+00
5.054225921630859375e+00
4.419697999954223633e+00
4.211177110671997070e+00
5.176831007003784180e+00
4.522853851318359375e+00
5.671991109848022461e+00
5.086867809295654297e+00
4.303384780883789062e+00
4.788167953491210938e+00
4.670358657836914062e+00
5.575525045394897461e+00
5.396906852722167969e+00
4.724192857742309570e+00
4.769188880920410156e+00
5.941992998123168945e+00
3.727365016937255859e+00
4.476993083953857422e+00
4.564557790756225586e+00
4.684865951538085938e+00
3.847613096237182617e+00
3.780799150466918945e+00
4.575740098953247070e+00
4.486928224563598633e+00
3.850068807601928711e+00
5.425484895706176758e+00
4.366840839385986328e+00
4.848434209823608398e+00
3.664174079895019531e+00
3.685129880905151367e+00
5.609034299850463867e+00
5.175576686859130859e+00
3.945811271667480469e+00
5.620260000228881836e+00
4.724911928176879883e+00
5.633678197860717773e+00
5.332668304443359375e+00
4.249549150466918945e+00
4.753321886062622070e+00
2.570317029953002930e+00
4.903938770294189453e+00
3.895043134689331055e+00
3.964252948760986328e+00
4.933957099914550781e+00
4.545195102691650391e+00
4.640435934066772461e+00
5.929979801177978516e+00
5.519476890563964844e+00
5.144066095352172852e+00
4.378221035003662109e+00
4.604646921157836914e+00
5.481588125228881836e+00
3.603870153427124023e+00
5.684104919433593750e+00
4.831758975982666016e+00
4.449100017547607422e+00
4.499074220657348633e+00
3.435244798660278320e+00
4.454944133758544922e+00
5.869377851486206055e+00
5.553442955017089844e+00
4.103930950164794922e+00
5.439741134643554688e+00
5.523118257522583008e+00
3.601137876510620117e+00
6.176208972930908203e+00
5.879677057266235352e+00
5.519912004470825195e+00
6.001627922058105469e+00
5.027010917663574219e+00
6.559950828552246094e+00
5.430408954620361328e+00
5.238733053207397461e+00
5.487652063369750977e+00
6.108824014663696289e+00
4.666077852249145508e+00
3.949482917785644531e+00
6.020225048065185547e+00
6.358441114425659180e+00
5.988356113433837891e+00
5.968112945556640625e+00
3.362076044082641602e+00
4.718866109848022461e+00
4.889770030975341797e+00
4.857179880142211914e+00
4.659361124038696289e+00
3.072640180587768555e+00
5.128787994384765625e+00
4.753130912780761719e+00
5.242872953414916992e+00
4.184774875640869141e+00
6.716645956039428711e+00
5.096250772476196289e+00
6.478406906127929688e+00
3.237721920013427734e+00
6.521369934082031250e+00
4.276039838790893555e+00
5.168112754821777344e+00
5.135126829147338867e+00
6.775457143783569336e+00
4.594492197036743164e+00
5.729742765426635742e+00
6.575371742248535156e+00
6.877664089202880859e+00
5.288847208023071289e+00
4.573657989501953125e+00
5.824616909027099609e+00
6.501222133636474609e+00
6.876481056213378906e+00
5.624087810516357422e+00
6.936912059783935547e+00
4.633117914199829102e+00
6.619204998016357422e+00
4.725332975387573242e+00
4.301545143127441406e+00
4.408790826797485352e+00
5.676468133926391602e+00
5.446425914764404297e+00
5.475086927413940430e+00
7.027002096176147461e+00
7.056229114532470703e+00
6.742624044418334961e+00
3.968423843383789062e+00
3.342738151550292969e+00
5.636449098587036133e+00
4.104747056961059570e+00
4.305397987365722656e+00
7.234937667846679688e+00
3.897995948791503906e+00
4.452633857727050781e+00
7.257811307907104492e+00
4.816417932510375977e+00
6.438583850860595703e+00
5.742157697677612305e+00
5.629558801651000977e+00
4.689859867095947266e+00
7.088481903076171875e+00
7.101684808731079102e+00
4.034252166748046875e+00
7.166620969772338867e+00
4.831845760345458984e+00
4.272658109664916992e+00
4.981015205383300781e+00
4.240601062774658203e+00
6.833160161972045898e+00
5.224775314331054688e+00
4.052350997924804688e+00
6.655833959579467773e+00
4.348208904266357422e+00
7.562273979187011719e+00
2.885724067687988281e+00
4.999992132186889648e+00
4.492715120315551758e+00
5.370044231414794922e+00
3.923794984817504883e+00
4.427568197250366211e+00
3.160116910934448242e+00
6.401034116744995117e+00
3.973998069763183594e+00
4.765085220336914062e+00
4.395756006240844727e+00
4.504780769348144531e+00
4.571321010589599609e+00
3.774271011352539062e+00
3.890496015548706055e+00
3.882256746292114258e+00
4.223435163497924805e+00
3.068622112274169922e+00
5.448832988739013672e+00
5.018431901931762695e+00
3.901788949966430664e+00
5.004721164703369141e+00
4.372081756591796875e+00
4.590795993804931641e+00
5.398866891860961914e+00
4.634159326553344727e+00
5.667143106460571289e+00
4.890095710754394531e+00
5.643311023712158203e+00
5.093626976013183594e+00
4.964438199996948242e+00
4.332583904266357422e+00
4.295421838760375977e+00
5.112737655639648438e+00
7.401773214340209961e+00
5.000347137451171875e+00
4.106479883193969727e+00
4.177151918411254883e+00
6.099640130996704102e+00
5.422393083572387695e+00
5.200067996978759766e+00
4.820329904556274414e+00
5.873106956481933594e+00
7.540974140167236328e+00
4.347939014434814453e+00
4.963140010833740234e+00
5.983926057815551758e+00
4.106997966766357422e+00
8.978241920471191406e+00
5.985551118850708008e+00
3.399127006530761719e+00
5.107848882675170898e+00
5.281425952911376953e+00
5.944377899169921875e+00
3.328172922134399414e+00
3.200241327285766602e+00
5.393922805786132812e+00
4.234173059463500977e+00
3.327210187911987305e+00
4.239059925079345703e+00
4.932966947555541992e+00
4.813149213790893555e+00
4.907121896743774414e+00
3.923943996429443359e+00
5.104554891586303711e+00
5.427860021591186523e+00
5.837816238403320312e+00
4.135764837265014648e+00
3.875105857849121094e+00
4.801490783691406250e+00
5.470806837081909180e+00
6.391818046569824219e+00
4.505608797073364258e+00
3.983089923858642578e+00
5.089160919189453125e+00
6.199236154556274414e+00
5.940163135528564453e+00
4.470782995223999023e+00
4.611186742782592773e+00
4.450411081314086914e+00
5.022879838943481445e+00
5.202079057693481445e+00
6.269958972930908203e+00
6.314578056335449219e+00
4.508103132247924805e+00
5.907410860061645508e+00
5.323581933975219727e+00
6.400706768035888672e+00
4.417299985885620117e+00
4.614813089370727539e+00
3.830668210983276367e+00
4.672041893005371094e+00
5.420166730880737305e+00
5.422591209411621094e+00
6.506790876388549805e+00
5.998841047286987305e+00
5.323262929916381836e+00
4.875158071517944336e+00
5.139423131942749023e+00
3.154797792434692383e+00
3.895061016082763672e+00
5.144368886947631836e+00
4.726207017898559570e+00
5.083400964736938477e+00
4.373310327529907227e+00
4.873421907424926758e+00
3.983402967453002930e+00
4.945560216903686523e+00
4.149392127990722656e+00
3.954461812973022461e+00
2.603999853134155273e+00
5.191660881042480469e+00
5.125214099884033203e+00
5.173712968826293945e+00
4.494358062744140625e+00
4.827289104461669922e+00
5.831907033920288086e+00
2.673470973968505859e+00
5.278401851654052734e+00
4.618127107620239258e+00
4.763589859008789062e+00
4.231466293334960938e+00
4.884096145629882812e+00
3.892574787139892578e+00
3.480654239654541016e+00
4.505883932113647461e+00
4.101236820220947266e+00
4.469695329666137695e+00
4.462927818298339844e+00
5.075406074523925781e+00
3.474719047546386719e+00
2.811188936233520508e+00
5.432762145996093750e+00
5.143720865249633789e+00
4.551826000213623047e+00
4.780598878860473633e+00
6.476090908050537109e+00
5.663872957229614258e+00
5.035387039184570312e+00
3.738287210464477539e+00
3.716317892074584961e+00
4.066117763519287109e+00
5.629020929336547852e+00
7.373569965362548828e+00
5.042848110198974609e+00
3.902776002883911133e+00
3.819076061248779297e+00
4.182038068771362305e+00
6.020848274230957031e+00
4.142442941665649414e+00
4.298259973526000977e+00
5.873401641845703125e+00
4.123187065124511719e+00
3.825225114822387695e+00
4.504544734954833984e+00
4.967518091201782227e+00
3.596735000610351562e+00
3.484812021255493164e+00
3.595512866973876953e+00
4.517852783203125000e+00
4.570615053176879883e+00
4.567551851272583008e+00
3.994661092758178711e+00
3.719110965728759766e+00
4.380121707916259766e+00
5.473428964614868164e+00
4.926786899566650391e+00
4.301582098007202148e+00
4.285863876342773438e+00
3.877882242202758789e+00
3.843272924423217773e+00
4.623172044754028320e+00
4.111068010330200195e+00
3.551506280899047852e+00
3.829830169677734375e+00
2.544040918350219727e+00
3.918273687362670898e+00
3.533750057220458984e+00
4.753540992736816406e+00
4.166020870208740234e+00
4.200677156448364258e+00
4.921093702316284180e+00
4.019643068313598633e+00
4.953016996383666992e+00
3.294748067855834961e+00
4.964113235473632812e+00
4.984685182571411133e+00
5.651432991027832031e+00
4.508558034896850586e+00
4.383254051208496094e+00
4.382963895797729492e+00
4.670812129974365234e+00
5.510491847991943359e+00
3.792264223098754883e+00
4.318217992782592773e+00
5.155511140823364258e+00
3.318876981735229492e+00
3.591512918472290039e+00
3.348842144012451172e+00
5.303826808929443359e+00
3.347296953201293945e+00
4.196928024291992188e+00
5.419260025024414062e+00
4.568614959716796875e+00
4.988312959671020508e+00
3.776417732238769531e+00
3.118383884429931641e+00
3.437288045883178711e+00
4.476707935333251953e+00
4.710530042648315430e+00
4.647107124328613281e+00
3.862210750579833984e+00
5.375612020492553711e+00
4.828855991363525391e+00
5.728012084960937500e+00
4.653017759323120117e+00
4.646661043167114258e+00
5.654850959777832031e+00
4.264113903045654297e+00
2.783564090728759766e+00
5.337029933929443359e+00
2.764305830001831055e+00
3.408511161804199219e+00
5.587695121765136719e+00
5.012017250061035156e+00
5.758052825927734375e+00
3.392037153244018555e+00
2.883424043655395508e+00
3.367111921310424805e+00
5.062406778335571289e+00
5.690299987792968750e+00
5.905650854110717773e+00
4.131531953811645508e+00
5.668427944183349609e+00
3.002798795700073242e+00
5.041471004486083984e+00
5.600705146789550781e+00
4.041671991348266602e+00
3.723500013351440430e+00
4.700504779815673828e+00
4.934430122375488281e+00
2.959710836410522461e+00
5.380812168121337891e+00
3.931717872619628906e+00
2.900122165679931641e+00
3.623782873153686523e+00
3.537161111831665039e+00
5.478202819824218750e+00
5.278980255126953125e+00
4.015966176986694336e+00
3.678812026977539062e+00
5.980530977249145508e+00
3.562057971954345703e+00
3.898411989212036133e+00
3.730165004730224609e+00
3.653739929199218750e+00
4.044526100158691406e+00
3.646754026412963867e+00
4.281707048416137695e+00
3.394867897033691406e+00
2.684089899063110352e+00
4.290884256362915039e+00
5.429104089736938477e+00
5.130715131759643555e+00
5.670797109603881836e+00
3.965306758880615234e+00
3.185464143753051758e+00
2.912174940109252930e+00
2.791272878646850586e+00
4.478837966918945312e+00
3.670536279678344727e+00
3.730507135391235352e+00
5.044945001602172852e+00
4.236173868179321289e+00
4.878936052322387695e+00
3.278160810470581055e+00
3.385519742965698242e+00
4.506561040878295898e+00
3.757511854171752930e+00
3.996587038040161133e+00
3.785380125045776367e+00
3.303002119064331055e+00
4.794774055480957031e+00
4.776966094970703125e+00
3.382224082946777344e+00
3.366916179656982422e+00
4.460761070251464844e+00
3.405247926712036133e+00
4.902532100677490234e+00
4.814000844955444336e+00
3.829391002655029297e+00
4.176993846893310547e+00
3.457539796829223633e+00
4.105525016784667969e+00
4.814640998840332031e+00
2.924835681915283203e+00
3.250924110412597656e+00
3.999635934829711914e+00
4.713663816452026367e+00
5.356297016143798828e+00
5.073204040527343750e+00
5.240274906158447266e+00
4.567376852035522461e+00
4.374183893203735352e+00
3.821392059326171875e+00
5.296350240707397461e+00
5.181565999984741211e+00
4.413201093673706055e+00
5.540482997894287109e+00
3.812906980514526367e+00
4.270679950714111328e+00
4.224973201751708984e+00
4.539256095886230469e+00
4.206776857376098633e+00
4.174741268157958984e+00
4.971852064132690430e+00
3.855604887008666992e+00
3.820422887802124023e+00
3.789392948150634766e+00
4.928829193115234375e+00
4.874194860458374023e+00
4.685280799865722656e+00
4.296222925186157227e+00
4.109912157058715820e+00
5.522832870483398438e+00
5.649257183074951172e+00
4.185123920440673828e+00
3.978294134140014648e+00
4.403167009353637695e+00
4.994480848312377930e+00
4.697594881057739258e+00
4.362617015838623047e+00
5.022825002670288086e+00
5.729183912277221680e+00
4.750084161758422852e+00
3.974554777145385742e+00
4.915911912918090820e+00
4.153735876083374023e+00
5.100368022918701172e+00
3.627372980117797852e+00
5.780394077301025391e+00
3.605619907379150391e+00
4.597483873367309570e+00
4.631093025207519531e+00
4.346297025680541992e+00
3.990392923355102539e+00
4.694194793701171875e+00
4.393397092819213867e+00
3.429186105728149414e+00
4.262434005737304688e+00
5.282971143722534180e+00
5.442718029022216797e+00
3.964153051376342773e+00
4.546996116638183594e+00
4.228065729141235352e+00
4.459993124008178711e+00
3.684394121170043945e+00
4.403923034667968750e+00
4.509696006774902344e+00
4.437846183776855469e+00
4.602853059768676758e+00
4.541603088378906250e+00
4.769839286804199219e+00
4.984381914138793945e+00
4.802667140960693359e+00
4.692778825759887695e+00
3.791453123092651367e+00
4.683953046798706055e+00
4.339883089065551758e+00
5.066935777664184570e+00
4.407742023468017578e+00
4.946241855621337891e+00
4.906690120697021484e+00
4.587095975875854492e+00
4.294038057327270508e+00
4.825681924819946289e+00
5.013912677764892578e+00
5.007229089736938477e+00
5.795929908752441406e+00
5.275617122650146484e+00
4.778800010681152344e+00
4.794303894042968750e+00
5.073088169097900391e+00
5.134944915771484375e+00
5.170265913009643555e+00
5.036000013351440430e+00
3.900949954986572266e+00
5.473166227340698242e+00
3.991239070892333984e+00
4.941313982009887695e+00
4.826018095016479492e+00
5.191689968109130859e+00
5.204504013061523438e+00
4.880793094635009766e+00
4.981969118118286133e+00
5.467714071273803711e+00
4.911890268325805664e+00
4.792691946029663086e+00
4.853621006011962891e+00
4.982277154922485352e+00
5.196635007858276367e+00
5.648164033889770508e+00
4.326519012451171875e+00
5.197880029678344727e+00
5.669288396835327148e+00
5.729429006576538086e+00
4.667377233505249023e+00
4.042830944061279297e+00
5.669604778289794922e+00
4.299086093902587891e+00
5.561710119247436523e+00
5.342417955398559570e+00
5.225120067596435547e+00
6.022353172302246094e+00
4.326918840408325195e+00
4.053683996200561523e+00
4.260850191116333008e+00
4.405728816986083984e+00
5.543434858322143555e+00
4.214453935623168945e+00
4.217119932174682617e+00
5.858225107192993164e+00
6.198704957962036133e+00
4.048763990402221680e+00
5.941596031188964844e+00
4.176535129547119141e+00
4.337371826171875000e+00
5.676258802413940430e+00
5.860476732254028320e+00
4.347455978393554688e+00
3.967179059982299805e+00
5.995126008987426758e+00
4.685213804244995117e+00
4.302394151687622070e+00
4.428347826004028320e+00
3.879477977752685547e+00
4.449308872222900391e+00
4.549814701080322266e+00
4.606085777282714844e+00
3.406083106994628906e+00
3.463218927383422852e+00
4.538259983062744141e+00
4.622442960739135742e+00
5.742372035980224609e+00
4.746957063674926758e+00
5.751767158508300781e+00
4.119789838790893555e+00
7.975733995437622070e+00
3.707928180694580078e+00
4.430328130722045898e+00
5.073191881179809570e+00
4.607004880905151367e+00
4.792257785797119141e+00
4.884202957153320312e+00
4.630060195922851562e+00
4.887897968292236328e+00
4.735780715942382812e+00
4.933936119079589844e+00
6.022372961044311523e+00
3.745652914047241211e+00
4.165488958358764648e+00
3.897572278976440430e+00
4.324159145355224609e+00
5.034689903259277344e+00
5.981674432754516602e+00
4.350685119628906250e+00
5.006048917770385742e+00
5.257321834564208984e+00
4.933659076690673828e+00
5.267128705978393555e+00
4.415884971618652344e+00
4.439830064773559570e+00
4.008157014846801758e+00
4.068515062332153320e+00
3.930458307266235352e+00
4.472275018692016602e+00
3.369270086288452148e+00
4.521891117095947266e+00
4.744859218597412109e+00
5.558849096298217773e+00
4.749030351638793945e+00
4.264281749725341797e+00
4.322247028350830078e+00
4.862930059432983398e+00
4.745312929153442383e+00
4.823765754699707031e+00
5.327116250991821289e+00
4.939888000488281250e+00
5.651266813278198242e+00
3.675918817520141602e+00
4.514472246170043945e+00
4.952240943908691406e+00
3.378350257873535156e+00
4.580123901367187500e+00
6.847119808197021484e+00
4.275629997253417969e+00
4.702906847000122070e+00
4.811258077621459961e+00
3.448125123977661133e+00
4.749488830566406250e+00
3.817172050476074219e+00
3.237036705017089844e+00
4.002463102340698242e+00
3.884601116180419922e+00
3.831114053726196289e+00
4.017121076583862305e+00
4.858353137969970703e+00
4.780558109283447266e+00
5.342710018157958984e+00
3.366082191467285156e+00
5.404521942138671875e+00
5.136590242385864258e+00
4.011084079742431641e+00
4.603078842163085938e+00
5.199269771575927734e+00
5.437377214431762695e+00
5.459574222564697266e+00
4.675333976745605469e+00
4.266909837722778320e+00
4.145533800125122070e+00
4.244342088699340820e+00
4.593381166458129883e+00
4.963082075119018555e+00
5.119647979736328125e+00
5.125968694686889648e+00
3.432235956192016602e+00
4.310420989990234375e+00
5.139525890350341797e+00
4.284076213836669922e+00
3.065480947494506836e+00
5.399226903915405273e+00
4.262697935104370117e+00
5.568150043487548828e+00
4.425143718719482422e+00
3.802268981933593750e+00
6.605339050292968750e+00
4.556128978729248047e+00
4.654716968536376953e+00
4.597355127334594727e+00
6.476641178131103516e+00
6.213001966476440430e+00
5.369207143783569336e+00
4.634674787521362305e+00
5.410680055618286133e+00
4.689875364303588867e+00
4.722627162933349609e+00
5.596261262893676758e+00
5.854832887649536133e+00
4.889080762863159180e+00
4.548483848571777344e+00
6.653450012207031250e+00
5.559840917587280273e+00
4.449224948883056641e+00
5.732859134674072266e+00
5.735265970230102539e+00
5.809948205947875977e+00
5.752069234848022461e+00
5.427835941314697266e+00
4.617238998413085938e+00
4.121452093124389648e+00
5.292362928390502930e+00
4.967417716979980469e+00
5.081658840179443359e+00
4.838017225265502930e+00
3.795824766159057617e+00
5.854816198348999023e+00
4.045068740844726562e+00
5.197916984558105469e+00
4.461932897567749023e+00
4.792356014251708984e+00
4.968621015548706055e+00
5.630781173706054688e+00
3.336860895156860352e+00
4.818522930145263672e+00
5.435654878616333008e+00
4.307251930236816406e+00
4.868656158447265625e+00
4.673597097396850586e+00
3.590773820877075195e+00
4.832654237747192383e+00
5.115208148956298828e+00
5.693497896194458008e+00
6.248883008956909180e+00
4.163967132568359375e+00
5.006884098052978516e+00
5.628883361816406250e+00
4.192698240280151367e+00
6.148545026779174805e+00
4.846207141876220703e+00
3.929826021194458008e+00
3.674065113067626953e+00
6.156230926513671875e+00
5.257366180419921875e+00
3.626514911651611328e+00
5.300074338912963867e+00
5.221588850021362305e+00
4.164897918701171875e+00
4.320239067077636719e+00
3.517693996429443359e+00
4.082775831222534180e+00
4.705899000167846680e+00
5.407939910888671875e+00
4.545746088027954102e+00
4.639306068420410156e+00
5.045696973800659180e+00
6.093979120254516602e+00
3.528052091598510742e+00
4.215478181838989258e+00
4.425878763198852539e+00
3.862797975540161133e+00
4.794803142547607422e+00
4.464070081710815430e+00
4.443143129348754883e+00
4.368448972702026367e+00
4.208398103713989258e+00
5.089622020721435547e+00
4.426246166229248047e+00
5.341351985931396484e+00
3.665741920471191406e+00
5.584766864776611328e+00
6.069195985794067383e+00
4.141278982162475586e+00
5.215285062789916992e+00
4.737401962280273438e+00
4.696255922317504883e+00
4.082786798477172852e+00
3.221293210983276367e+00
5.159761190414428711e+00
6.078271150588989258e+00
3.967756986618041992e+00
2.876647949218750000e+00
3.954117059707641602e+00
4.234414815902709961e+00
4.879153966903686523e+00
5.663243770599365234e+00
4.952614068984985352e+00
4.529955863952636719e+00
5.487927198410034180e+00
4.737787961959838867e+00
5.716865062713623047e+00
5.450896024703979492e+00
4.170618772506713867e+00
4.413128852844238281e+00
3.241137027740478516e+00
4.532140731811523438e+00
6.209625959396362305e+00
4.530340909957885742e+00
4.575592994689941406e+00
4.588854789733886719e+00
6.211099863052368164e+00
5.950094938278198242e+00
4.593299150466918945e+00
3.734297037124633789e+00
5.315699815750122070e+00
5.616555929183959961e+00
3.969460248947143555e+00
4.803851842880249023e+00
4.733496189117431641e+00
3.621565103530883789e+00
5.049437046051025391e+00
4.749259948730468750e+00
4.323658943176269531e+00
4.569584846496582031e+00
7.580705165863037109e+00
5.914994955062866211e+00
3.332633733749389648e+00
4.712429046630859375e+00
4.559315204620361328e+00
6.392224073410034180e+00
5.705628871917724609e+00
4.594661235809326172e+00
6.523443222045898438e+00
4.755254983901977539e+00
4.454057931900024414e+00
3.407557010650634766e+00
5.179610013961791992e+00
5.745674848556518555e+00
4.907845973968505859e+00
4.784792900085449219e+00
5.105691909790039062e+00
4.072134971618652344e+00
3.382055044174194336e+00
5.504483938217163086e+00
5.183620929718017578e+00
3.825237751007080078e+00
6.535733938217163086e+00
4.387475013732910156e+00
3.949106216430664062e+00
5.939028978347778320e+00
5.248513936996459961e+00
5.578830242156982422e+00
5.105561256408691406e+00
4.572790145874023438e+00
7.014899015426635742e+00
4.642265796661376953e+00
5.564368009567260742e+00
4.078952074050903320e+00
4.918745040893554688e+00
6.115271091461181641e+00
5.345953941345214844e+00
6.624452114105224609e+00
5.075911045074462891e+00
3.971076011657714844e+00
6.208857059478759766e+00
4.010444164276123047e+00
4.703759193420410156e+00
4.449131011962890625e+00
4.070153951644897461e+00
4.362260103225708008e+00
3.677860021591186523e+00
4.551594257354736328e+00
5.828065872192382812e+00
4.569014787673950195e+00
4.032614946365356445e+00
4.561786174774169922e+00
5.135957956314086914e+00
3.921202898025512695e+00
4.069938898086547852e+00
4.799601793289184570e+00
5.868418693542480469e+00
5.440879106521606445e+00
4.804487943649291992e+00
4.469211101531982422e+00
5.387716770172119141e+00
3.570139169692993164e+00
5.929686069488525391e+00
4.163151264190673828e+00
4.441609859466552734e+00
6.021250963211059570e+00
6.049459934234619141e+00
7.050180196762084961e+00
4.329519033432006836e+00
8.169515132904052734e+00
7.169604063034057617e+00
3.980598926544189453e+00
4.370660066604614258e+00
4.444967031478881836e+00
6.477171182632446289e+00
4.368919134140014648e+00
5.651839017868041992e+00
4.329915761947631836e+00
5.272252082824707031e+00
2.910724163055419922e+00
4.399692058563232422e+00
3.573981285095214844e+00
4.486905813217163086e+00
4.114089012145996094e+00
4.526768207550048828e+00
4.762586116790771484e+00
3.003481149673461914e+00
5.433920145034790039e+00
5.353401899337768555e+00
6.450196981430053711e+00
5.003558874130249023e+00
6.632966041564941406e+00
2.831176996231079102e+00
5.002750158309936523e+00
5.044533014297485352e+00
5.525225877761840820e+00
7.030003786087036133e+00
4.519037008285522461e+00
8.470319032669067383e+00
4.041043758392333984e+00
4.380525112152099609e+00
7.100445032119750977e+00
4.826011896133422852e+00
4.285254716873168945e+00
5.106814861297607422e+00
4.828666925430297852e+00
5.235418081283569336e+00
7.062008142471313477e+00
4.973237991333007812e+00
4.886359691619873047e+00
4.141073942184448242e+00
5.139623165130615234e+00
4.659459829330444336e+00
5.899546146392822266e+00
4.072397708892822266e+00
3.799679994583129883e+00
3.748633861541748047e+00
4.527198076248168945e+00
3.710918903350830078e+00
5.009484052658081055e+00
5.174488782882690430e+00
3.884749174118041992e+00
4.408071994781494141e+00
4.657809019088745117e+00
3.947948217391967773e+00
6.070216894149780273e+00
4.013291120529174805e+00
3.577178716659545898e+00
5.545035123825073242e+00
2.941909790039062500e+00
2.942994117736816406e+00
5.014458656311035156e+00
3.746693849563598633e+00
4.362632036209106445e+00
3.741791009902954102e+00
4.867308139801025391e+00
4.257281064987182617e+00
3.202703237533569336e+00
3.444019079208374023e+00
4.526026964187622070e+00
4.508277654647827148e+00
3.967828989028930664e+00
5.417283773422241211e+00
4.187109231948852539e+00
2.891664028167724609e+00
2.798954010009765625e+00
4.528668880462646484e+00
5.483518838882446289e+00
5.269917011260986328e+00
4.703816413879394531e+00
4.136775970458984375e+00
5.432277917861938477e+00
4.352624893188476562e+00
5.257687807083129883e+00
4.254578113555908203e+00
5.335876226425170898e+00
4.785638093948364258e+00
5.576471805572509766e+00
4.793056964874267578e+00
5.527625083923339844e+00
4.271724224090576172e+00
3.801023006439208984e+00
5.499296903610229492e+00
5.501998662948608398e+00
5.051444053649902344e+00
5.948875188827514648e+00
5.763194084167480469e+00
5.088339090347290039e+00
4.325293064117431641e+00
4.583048105239868164e+00
4.710739135742187500e+00
5.889867067337036133e+00
5.839494228363037109e+00
3.192886829376220703e+00
5.131404876708984375e+00
3.523954153060913086e+00
5.832455158233642578e+00
6.035044908523559570e+00
5.742238998413085938e+00
4.341973066329956055e+00
5.910921812057495117e+00
6.015791177749633789e+00
4.164505243301391602e+00
3.546925067901611328e+00
3.749272108078002930e+00
6.073097944259643555e+00
4.051737785339355469e+00
5.391138076782226562e+00
4.210880041122436523e+00
5.047133922576904297e+00
4.369279146194458008e+00
4.702273130416870117e+00
4.739412784576416016e+00
4.645171165466308594e+00
6.022763013839721680e+00
5.153648138046264648e+00
4.752254009246826172e+00
5.292091131210327148e+00
5.969979047775268555e+00
2.999172925949096680e+00
4.146780252456665039e+00
4.267415046691894531e+00
3.932424306869506836e+00
4.492060899734497070e+00
4.853143930435180664e+00
3.736053943634033203e+00
4.849277973175048828e+00
4.847114086151123047e+00
4.680296182632446289e+00
4.634255170822143555e+00
3.720265865325927734e+00
5.160894870758056641e+00
4.870543003082275391e+00
4.825620889663696289e+00
5.222222089767456055e+00
4.823958635330200195e+00
4.809442996978759766e+00
4.807381868362426758e+00
4.394417285919189453e+00
4.653861045837402344e+00
5.065798044204711914e+00
4.590570926666259766e+00
4.092767953872680664e+00
3.666550159454345703e+00
4.079658746719360352e+00
5.882553100585937500e+00
3.762686967849731445e+00
4.162149190902709961e+00
5.558712959289550781e+00
4.282294034957885742e+00
4.078493118286132812e+00
3.904398679733276367e+00
4.238961935043334961e+00
3.701967954635620117e+00
3.624544143676757812e+00
3.903534173965454102e+00
3.832185983657836914e+00
3.669162273406982422e+00
3.911396026611328125e+00
4.571795940399169922e+00
3.862469911575317383e+00
4.726784944534301758e+00
4.818294048309326172e+00
4.310778856277465820e+00
4.900666236877441406e+00
4.922983884811401367e+00
4.845188856124877930e+00
3.748108863830566406e+00
4.471284151077270508e+00
3.945913791656494141e+00
4.075007915496826172e+00
4.463042736053466797e+00
5.488058090209960938e+00
4.021538734436035156e+00
4.907688140869140625e+00
4.136208295822143555e+00
3.627491712570190430e+00
4.776912212371826172e+00
4.780606269836425781e+00
4.652716159820556641e+00
4.301355838775634766e+00
4.735503911972045898e+00
5.505764961242675781e+00
5.104276895523071289e+00
5.090622901916503906e+00
4.653214931488037109e+00
5.712203025817871094e+00
4.298370838165283203e+00
3.754987001419067383e+00
5.313726902008056641e+00
3.589730739593505859e+00
3.793159008026123047e+00
3.630789041519165039e+00
4.843033075332641602e+00
5.177387237548828125e+00
4.645478725433349609e+00
3.907608032226562500e+00
4.559972047805786133e+00
4.409989118576049805e+00
4.145526170730590820e+00
4.400698184967041016e+00
5.714167833328247070e+00
4.096308946609497070e+00
4.723104953765869141e+00
4.441740989685058594e+00
3.911540985107421875e+00
4.758114814758300781e+00
5.082430124282836914e+00
5.131162166595458984e+00
4.654909849166870117e+00
4.158238887786865234e+00
4.567957162857055664e+00
5.066118717193603516e+00
4.839122056961059570e+00
4.842456102371215820e+00
5.324903964996337891e+00
4.559412002563476562e+00
3.923950195312500000e+00
4.511195182800292969e+00
4.232079744338989258e+00
3.100710153579711914e+00
5.927815914154052734e+00
4.472787141799926758e+00
4.598250389099121094e+00
3.718557834625244141e+00
4.575622797012329102e+00
6.006640195846557617e+00
5.146000146865844727e+00
5.578937053680419922e+00
3.366719961166381836e+00
4.573354959487915039e+00
4.846672058105468750e+00
5.528529882431030273e+00
4.728099822998046875e+00
5.433821201324462891e+00
4.012586832046508789e+00
4.797569990158081055e+00
4.224372148513793945e+00
3.578638076782226562e+00
5.090316057205200195e+00
5.747952938079833984e+00
4.152020931243896484e+00
5.528123140335083008e+00
5.573681831359863281e+00
5.579287052154541016e+00
4.764358043670654297e+00
5.766619920730590820e+00
5.787240982055664062e+00
4.395976066589355469e+00
5.116158962249755859e+00
5.715615987777709961e+00
4.807027101516723633e+00
3.436709880828857422e+00
5.938380002975463867e+00
5.127925157546997070e+00
3.968090295791625977e+00
4.358580827713012695e+00
5.986171960830688477e+00
4.361798286437988281e+00
5.706898927688598633e+00
4.720406055450439453e+00
5.067923069000244141e+00
4.595358133316040039e+00
4.599279880523681641e+00
6.150249004364013672e+00
5.826719999313354492e+00
5.770325899124145508e+00
4.752372264862060547e+00
3.483423948287963867e+00
5.194113016128540039e+00
3.379484891891479492e+00
4.425457000732421875e+00
3.643517255783081055e+00
4.032906055450439453e+00
3.516746044158935547e+00
4.925071716308593750e+00
4.193794012069702148e+00
5.505838155746459961e+00
4.124950885772705078e+00
4.303211927413940430e+00
4.309216737747192383e+00
3.498396873474121094e+00
3.899628162384033203e+00
3.659782171249389648e+00
3.841359138488769531e+00
6.088503122329711914e+00
4.381361961364746094e+00
5.181233167648315430e+00
4.178773880004882812e+00
6.115880012512207031e+00
4.631416797637939453e+00
6.371966123580932617e+00
6.161819934844970703e+00
3.256998777389526367e+00
5.919687986373901367e+00
4.015114068984985352e+00
6.341776132583618164e+00
6.167340993881225586e+00
6.739395141601562500e+00
5.302623033523559570e+00
5.180322885513305664e+00
5.070331096649169922e+00
3.470142841339111328e+00
5.837296009063720703e+00
4.921949386596679688e+00
5.840264081954956055e+00
5.562934875488281250e+00
4.678653955459594727e+00
5.407947063446044922e+00
5.160815000534057617e+00
5.215176105499267578e+00
6.977887153625488281e+00
5.692327260971069336e+00
5.161535978317260742e+00
3.882417201995849609e+00
4.531286001205444336e+00
7.563921213150024414e+00
4.212428092956542969e+00
5.303175210952758789e+00
7.149947881698608398e+00
5.569811105728149414e+00
5.758913040161132812e+00
4.215986967086791992e+00
2.528802156448364258e+00
3.345217943191528320e+00
5.138329029083251953e+00
5.264936923980712891e+00
5.480398893356323242e+00
4.428470849990844727e+00
5.966922044754028320e+00
4.629096031188964844e+00
5.087604999542236328e+00
3.882389068603515625e+00
4.626147985458374023e+00
4.168382883071899414e+00
3.699604988098144531e+00
4.005325078964233398e+00
5.233992099761962891e+00
4.301043987274169922e+00
3.673988103866577148e+00
5.280741214752197266e+00
4.692689180374145508e+00
4.630424976348876953e+00
5.800436973571777344e+00
4.838461160659790039e+00
4.538683176040649414e+00
4.638484954833984375e+00
3.774800062179565430e+00
3.991003990173339844e+00
4.521138906478881836e+00
4.020071983337402344e+00
6.950510263442993164e+00
4.882450819015502930e+00
4.952358722686767578e+00
4.255334854125976562e+00
4.107768058776855469e+00
4.252031803131103516e+00
6.005944967269897461e+00
5.158566951751708984e+00
4.221412181854248047e+00
3.394033908843994141e+00
4.417041778564453125e+00
5.632776021957397461e+00
4.147876977920532227e+00
5.047391891479492188e+00
4.409707069396972656e+00
5.260979890823364258e+00
3.562946081161499023e+00
5.319112062454223633e+00
4.322523117065429688e+00
3.553421020507812500e+00
6.172150135040283203e+00
4.485491037368774414e+00
5.236521959304809570e+00
3.238841056823730469e+00
5.619342803955078125e+00
4.615859031677246094e+00
5.240319967269897461e+00
6.300111293792724609e+00
4.400574922561645508e+00
5.953764200210571289e+00
5.666700601577758789e+00
6.016262292861938477e+00
5.118693113327026367e+00
6.064478874206542969e+00
6.057961940765380859e+00
6.124938011169433594e+00
4.698493957519531250e+00
4.910123109817504883e+00
4.643935918807983398e+00
4.279044866561889648e+00
7.939360141754150391e+00
4.314003944396972656e+00
6.055387973785400391e+00
7.493439912796020508e+00
4.292747974395751953e+00
5.676928043365478516e+00
6.689496994018554688e+00
5.238574743270874023e+00
4.805051803588867188e+00
6.016030073165893555e+00
3.550323963165283203e+00
4.012639999389648438e+00
3.630437135696411133e+00
3.978986024856567383e+00
6.768934249877929688e+00
4.565978050231933594e+00
4.359692096710205078e+00
4.377879142761230469e+00
4.944391012191772461e+00
6.055382966995239258e+00
4.038987159729003906e+00
4.359288930892944336e+00
4.364957809448242188e+00
5.153575897216796875e+00
4.419178962707519531e+00
4.817566156387329102e+00
5.067680120468139648e+00
3.802818059921264648e+00
4.554807901382446289e+00
5.129803895950317383e+00
4.393023014068603516e+00
4.044365167617797852e+00
4.161712169647216797e+00
5.334644079208374023e+00
5.908912181854248047e+00
4.327249288558959961e+00
4.541019916534423828e+00
4.844620227813720703e+00
5.136011123657226562e+00
3.944020986557006836e+00
4.460776805877685547e+00
6.907534837722778320e+00
4.026024818420410156e+00
4.722440958023071289e+00
4.589289903640747070e+00
4.374798297882080078e+00
4.030303239822387695e+00
4.905136823654174805e+00
4.973758935928344727e+00
4.624634981155395508e+00
4.972314119338989258e+00
4.563079833984375000e+00
4.315146207809448242e+00
4.588303804397583008e+00
4.514261007308959961e+00
5.445322036743164062e+00
4.116286754608154297e+00
4.087340116500854492e+00
4.190522193908691406e+00
6.695940971374511719e+00
5.766959905624389648e+00
4.004786968231201172e+00
3.812125921249389648e+00
4.721969127655029297e+00
4.896478414535522461e+00
4.809379816055297852e+00
4.383080244064331055e+00
3.560136795043945312e+00
5.284210920333862305e+00
6.009793043136596680e+00
5.689841985702514648e+00
4.518186092376708984e+00
4.543612957000732422e+00
3.440896987915039062e+00
4.738408803939819336e+00
5.808964014053344727e+00
4.350131273269653320e+00
4.695698738098144531e+00
3.482253074645996094e+00
3.875938653945922852e+00
3.713348865509033203e+00
4.763401031494140625e+00
4.648222923278808594e+00
4.748929977416992188e+00
5.552869081497192383e+00
4.594173908233642578e+00
5.953011035919189453e+00
5.581772804260253906e+00
2.877926826477050781e+00
4.816516876220703125e+00
4.608630180358886719e+00
6.295721769332885742e+00
4.466392993927001953e+00
3.480298042297363281e+00
4.843835115432739258e+00
3.591901779174804688e+00
4.696483135223388672e+00
5.133399248123168945e+00
4.294188022613525391e+00
3.713130950927734375e+00
4.199383258819580078e+00
4.420821905136108398e+00
3.829355001449584961e+00
6.148565053939819336e+00
3.793291091918945312e+00
3.969475030899047852e+00
6.164148807525634766e+00
3.526019096374511719e+00
4.814656972885131836e+00
6.550740957260131836e+00
4.177526950836181641e+00
3.938037872314453125e+00
4.670105934143066406e+00
3.876375198364257812e+00
3.923847913742065430e+00
4.612256050109863281e+00
4.564786195755004883e+00
4.813721179962158203e+00
4.751637935638427734e+00
4.404796838760375977e+00
5.245558023452758789e+00
5.539714813232421875e+00
4.548897027969360352e+00
4.294618129730224609e+00
5.083788871765136719e+00
5.558544874191284180e+00
5.660471916198730469e+00
5.350586891174316406e+00
5.096722126007080078e+00
4.746352195739746094e+00
4.123308897018432617e+00
3.856884241104125977e+00
4.161196947097778320e+00
5.320448160171508789e+00
4.904404878616333008e+00
3.873881101608276367e+00
2.844535112380981445e+00
4.543065071105957031e+00
4.954535961151123047e+00
3.147517919540405273e+00
3.029889106750488281e+00
4.022421836853027344e+00
4.244846105575561523e+00
4.149579048156738281e+00
5.730151176452636719e+00
4.089464187622070312e+00
3.586526155471801758e+00
3.320240736007690430e+00
3.622671127319335938e+00
3.815651655197143555e+00
5.093489885330200195e+00
3.650085210800170898e+00
3.142887830734252930e+00
4.238903999328613281e+00
3.786070108413696289e+00
3.895526885986328125e+00
4.066565036773681641e+00
4.116994142532348633e+00
5.216013908386230469e+00
4.099031925201416016e+00
4.313248634338378906e+00
3.787869930267333984e+00
3.396276950836181641e+00
4.266997098922729492e+00
3.845373868942260742e+00
3.540512084960937500e+00
3.626600980758666992e+00
3.684360027313232422e+00
4.521700859069824219e+00
4.025566101074218750e+00
3.677803039550781250e+00
4.187334775924682617e+00
4.638941287994384766e+00
4.142644166946411133e+00
3.778616189956665039e+00
3.413432121276855469e+00
2.905454158782958984e+00
3.941527128219604492e+00
4.029308795928955078e+00
4.650225162506103516e+00
3.884581804275512695e+00
4.447474002838134766e+00
4.436096191406250000e+00
4.526402711868286133e+00
5.031723022460937500e+00
5.125492811203002930e+00
4.537724971771240234e+00
4.268026113510131836e+00
4.142954111099243164e+00
4.927788019180297852e+00
3.551571846008300781e+00
5.086158037185668945e+00
3.682946205139160156e+00
4.535201072692871094e+00
3.630674839019775391e+00
4.270246028900146484e+00
4.335522174835205078e+00
3.340646743774414062e+00
4.119466781616210938e+00
4.539511919021606445e+00
4.819584131240844727e+00
2.955456972122192383e+00
3.122406959533691406e+00
4.657371997833251953e+00
3.580841064453125000e+00
3.168162107467651367e+00
4.329782009124755859e+00
3.497344017028808594e+00
3.555852651596069336e+00
4.952075958251953125e+00
3.589209794998168945e+00
4.382746219635009766e+00
3.603698968887329102e+00
5.715025186538696289e+00
4.408316850662231445e+00
4.009962081909179688e+00
3.808699131011962891e+00
4.287732362747192383e+00
3.788637876510620117e+00
4.243101119995117188e+00
4.175493955612182617e+00
3.447166204452514648e+00
4.573434829711914062e+00
3.665565013885498047e+00
3.237318038940429688e+00
4.092926979064941406e+00
5.338150978088378906e+00
4.861138820648193359e+00
4.822328805923461914e+00
3.843029022216796875e+00
4.537966728210449219e+00
4.552381038665771484e+00
4.876498937606811523e+00
4.407541990280151367e+00
3.512145996093750000e+00
3.703514814376831055e+00
4.491318941116333008e+00
4.341213941574096680e+00
4.315350055694580078e+00
4.434900999069213867e+00
3.670614957809448242e+00
4.561614751815795898e+00
5.378583192825317383e+00
3.183144092559814453e+00
4.101971149444580078e+00
5.145963907241821289e+00
5.052594900131225586e+00
5.286067962646484375e+00
3.980139017105102539e+00
4.137720108032226562e+00
5.149240016937255859e+00
4.130066156387329102e+00
5.005506992340087891e+00
4.304903984069824219e+00
3.354670047760009766e+00
4.647238969802856445e+00
4.759810924530029297e+00
4.186274051666259766e+00
3.991559982299804688e+00
3.685286760330200195e+00
5.598567962646484375e+00
5.545640945434570312e+00
4.137886047363281250e+00
5.248404026031494141e+00
5.269343852996826172e+00
3.384825944900512695e+00
5.553869962692260742e+00
4.007912158966064453e+00
5.003566026687622070e+00
5.956807851791381836e+00
5.736421823501586914e+00
4.392159938812255859e+00
5.353962898254394531e+00
5.301412105560302734e+00
5.025161981582641602e+00
4.722024917602539062e+00
3.880135059356689453e+00
4.962557315826416016e+00
5.450216054916381836e+00
4.184757947921752930e+00
5.176784753799438477e+00
5.134999036788940430e+00
5.327839612960815430e+00
5.177682876586914062e+00
5.153450965881347656e+00
3.675494194030761719e+00
5.780882120132446289e+00
3.956260681152343750e+00
4.338743925094604492e+00
5.779310941696166992e+00
4.475751161575317383e+00
5.073115110397338867e+00
3.750946998596191406e+00
4.882757902145385742e+00
3.594450235366821289e+00
5.676990032196044922e+00
4.415300130844116211e+00
4.113795995712280273e+00
4.248757123947143555e+00
5.456053972244262695e+00
4.468047857284545898e+00
4.029970884323120117e+00
3.200943946838378906e+00
4.299010992050170898e+00
4.887104988098144531e+00
4.072801113128662109e+00
3.454949140548706055e+00
4.284101724624633789e+00
5.203551054000854492e+00
4.437556028366088867e+00
4.911960124969482422e+00
4.638703107833862305e+00
5.046499967575073242e+00
4.136696100234985352e+00
4.314410924911499023e+00
4.999950170516967773e+00
4.314115047454833984e+00
3.086158990859985352e+00
2.723438739776611328e+00
4.366157054901123047e+00
4.620325088500976562e+00
5.435694217681884766e+00
3.727458953857421875e+00
5.003837108612060547e+00
4.490826606750488281e+00
4.830888986587524414e+00
4.089782238006591797e+00
4.972398996353149414e+00
3.760889053344726562e+00
4.769787073135375977e+00
5.340212821960449219e+00
4.812675952911376953e+00
6.082625150680541992e+00
4.826586961746215820e+00
5.322632074356079102e+00
6.152331113815307617e+00
2.996528148651123047e+00
4.328166007995605469e+00
5.466760158538818359e+00
5.621514081954956055e+00
3.781526088714599609e+00
4.892458915710449219e+00
5.402422189712524414e+00
3.755908966064453125e+00
4.357065916061401367e+00
4.609750032424926758e+00
4.044302225112915039e+00
4.988914966583251953e+00
5.000397920608520508e+00
4.958146810531616211e+00
6.141314983367919922e+00
4.612281084060668945e+00
6.272412300109863281e+00
6.395343065261840820e+00
6.354973793029785156e+00
4.543320655822753906e+00
4.800708055496215820e+00
4.790378808975219727e+00
4.713633060455322266e+00
5.785641908645629883e+00
4.866142034530639648e+00
5.167243957519531250e+00
6.134573936462402344e+00
4.564213991165161133e+00
6.476688861846923828e+00
4.867326259613037109e+00
2.601573705673217773e+00
5.243589878082275391e+00
5.346465826034545898e+00
6.565243721008300781e+00
5.533084869384765625e+00
6.532451152801513672e+00
4.267614841461181641e+00
6.014625072479248047e+00
4.860347270965576172e+00
4.643146991729736328e+00
3.866783380508422852e+00
4.287496089935302734e+00
4.403256893157958984e+00
3.770770788192749023e+00
3.477452039718627930e+00
4.313108921051025391e+00
6.028853178024291992e+00
4.840389966964721680e+00
5.329459905624389648e+00
5.932620048522949219e+00
5.628319978713989258e+00
4.676968812942504883e+00
5.558012247085571289e+00
5.431205034255981445e+00
3.952265977859497070e+00
4.563884735107421875e+00
5.365927219390869141e+00
4.813033819198608398e+00
4.057723760604858398e+00
5.333276033401489258e+00
4.246912002563476562e+00
4.065516948699951172e+00
4.730618953704833984e+00
4.515446901321411133e+00
5.239866733551025391e+00
3.531108140945434570e+00
5.305701255798339844e+00
3.793886899948120117e+00
5.276510238647460938e+00
4.657736301422119141e+00
4.733969926834106445e+00
4.747570991516113281e+00
3.484200000762939453e+00
4.834909915924072266e+00
4.776732921600341797e+00
4.063969612121582031e+00
4.857789278030395508e+00
3.758653879165649414e+00
4.844197988510131836e+00
4.645408868789672852e+00
5.032622098922729492e+00
3.735196828842163086e+00
4.983138084411621094e+00
4.496903896331787109e+00
3.259904146194458008e+00
3.315476894378662109e+00
3.401204109191894531e+00
4.459444999694824219e+00
4.490895032882690430e+00
3.979509353637695312e+00
6.291812181472778320e+00
3.708441734313964844e+00
4.009751796722412109e+00
5.349590063095092773e+00
5.504548072814941406e+00
4.043823242187500000e+00
4.335592985153198242e+00
3.589389801025390625e+00
4.093968868255615234e+00
4.387658119201660156e+00
4.364089965820312500e+00
6.153589963912963867e+00
3.106434822082519531e+00
5.247812986373901367e+00
3.954170942306518555e+00
4.391562938690185547e+00
5.819513082504272461e+00
4.204782962799072266e+00
4.462081909179687500e+00
3.246887922286987305e+00
3.622571945190429688e+00
3.533087015151977539e+00
5.225752830505371094e+00
4.206345081329345703e+00
4.056881189346313477e+00
3.864975214004516602e+00
3.353792667388916016e+00
3.425438165664672852e+00
3.302467823028564453e+00
3.487104177474975586e+00
3.670408010482788086e+00
3.493892908096313477e+00
3.622411966323852539e+00
5.170235157012939453e+00
4.185965061187744141e+00
3.425441980361938477e+00
4.681896924972534180e+00
3.901933670043945312e+00
3.923273086547851562e+00
4.705775976181030273e+00
6.647601842880249023e+00
4.276049137115478516e+00
4.469543933868408203e+00
3.149039268493652344e+00
3.996201276779174805e+00
6.423087120056152344e+00
4.880234003067016602e+00
4.467187166213989258e+00
5.886095046997070312e+00
4.910897970199584961e+00
3.465206861495971680e+00
3.637266874313354492e+00
2.923491001129150391e+00
3.384393215179443359e+00
3.922660112380981445e+00
3.304254055023193359e+00
4.859328031539916992e+00
4.621011018753051758e+00
3.024776935577392578e+00
2.998769283294677734e+00
3.101302146911621094e+00
2.839251995086669922e+00
3.409035205841064453e+00
6.222213745117187500e+00
5.395423889160156250e+00
3.717842817306518555e+00
2.638523817062377930e+00
3.813503026962280273e+00
3.896686077117919922e+00
4.114075183868408203e+00
3.955837965011596680e+00
3.913123846054077148e+00
4.109441995620727539e+00
3.856404066085815430e+00
4.024268627166748047e+00
3.476956844329833984e+00
3.041605949401855469e+00
4.087255001068115234e+00
4.975775241851806641e+00
4.015818119049072266e+00
5.437680959701538086e+00
2.971484899520874023e+00
3.850645065307617188e+00
4.128659009933471680e+00
4.275948047637939453e+00
4.059637069702148438e+00
4.113131046295166016e+00
4.210239887237548828e+00
3.126456975936889648e+00
4.018391132354736328e+00
4.497607946395874023e+00
4.313303947448730469e+00
4.215115785598754883e+00
3.822945117950439453e+00
4.377040863037109375e+00
4.493314027786254883e+00
4.543606996536254883e+00
4.143377065658569336e+00
4.949978828430175781e+00
3.549765348434448242e+00
4.382292985916137695e+00
3.437615156173706055e+00
4.472619771957397461e+00
4.729908943176269531e+00
4.466483116149902344e+00
4.663559913635253906e+00
4.133981943130493164e+00
4.546856164932250977e+00
5.408231019973754883e+00
5.458957910537719727e+00
4.511923789978027344e+00
4.524920225143432617e+00
4.733075857162475586e+00
4.517923116683959961e+00
4.189240932464599609e+00
4.701514005661010742e+00
5.401644945144653320e+00
4.139657974243164062e+00
6.305870056152343750e+00
4.625346899032592773e+00
3.779775857925415039e+00
4.516557216644287109e+00
5.717699766159057617e+00
3.906772851943969727e+00
3.889701128005981445e+00
3.995678901672363281e+00
4.312415122985839844e+00
4.491914987564086914e+00
4.520689964294433594e+00
4.465753078460693359e+00
4.584070205688476562e+00
3.985750913619995117e+00
3.723697900772094727e+00
3.683155059814453125e+00
5.112056732177734375e+00
4.184407234191894531e+00
5.028774023056030273e+00
6.090988874435424805e+00
4.166350841522216797e+00
3.057115077972412109e+00
3.708687782287597656e+00
4.768486738204956055e+00
5.188965082168579102e+00
4.190845966339111328e+00
3.775513172149658203e+00
3.492659091949462891e+00
3.128597021102905273e+00
4.062203168869018555e+00
4.440762042999267578e+00
4.103882074356079102e+00
4.058299064636230469e+00
4.330769777297973633e+00
5.467636108398437500e+00
3.342046976089477539e+00
4.301120996475219727e+00
4.508530139923095703e+00
4.205545902252197266e+00
4.831617116928100586e+00
5.958013057708740234e+00
4.454251050949096680e+00
4.492081880569458008e+00
3.939289093017578125e+00
5.406610250473022461e+00
3.873120069503784180e+00
4.910035133361816406e+00
4.404074907302856445e+00
4.161514997482299805e+00
3.728992938995361328e+00
5.966569900512695312e+00
4.592389106750488281e+00
4.775090217590332031e+00
3.836463212966918945e+00
3.819963932037353516e+00
4.882562875747680664e+00
4.897743940353393555e+00
5.136595964431762695e+00
4.900041818618774414e+00
5.050353765487670898e+00
4.035156011581420898e+00
4.621609926223754883e+00
3.544403314590454102e+00
5.636596918106079102e+00
3.802827119827270508e+00
4.659258127212524414e+00
3.813486814498901367e+00
4.945221900939941406e+00
6.038482189178466797e+00
4.707724094390869141e+00
4.181365966796875000e+00
4.684943199157714844e+00
4.416483879089355469e+00
5.816555976867675781e+00
5.387167930603027344e+00
5.346408128738403320e+00
4.727901935577392578e+00
4.989673852920532227e+00
5.464030981063842773e+00
4.473747968673706055e+00
3.612699747085571289e+00
5.012033939361572266e+00
5.008939027786254883e+00
4.635669946670532227e+00
4.390983819961547852e+00
3.978521108627319336e+00
4.196521997451782227e+00
5.974554777145385742e+00
3.750841140747070312e+00
4.934958934783935547e+00
5.733741044998168945e+00
4.905198812484741211e+00
4.117396831512451172e+00
5.081328153610229492e+00
3.918008089065551758e+00
4.549837112426757812e+00
4.412135124206542969e+00
3.918323040008544922e+00
3.826830863952636719e+00
5.208943843841552734e+00
5.310963392257690430e+00
4.354874849319458008e+00
5.413185834884643555e+00
5.378314018249511719e+00
5.512474060058593750e+00
5.899024724960327148e+00
4.412260770797729492e+00
5.350499868392944336e+00
4.410610198974609375e+00
4.551366806030273438e+00
5.090640783309936523e+00
6.465207099914550781e+00
6.043555021286010742e+00
5.510940313339233398e+00
5.043210983276367188e+00
4.368959188461303711e+00
4.948949098587036133e+00
5.400036096572875977e+00
6.151341915130615234e+00
5.368399143218994141e+00
5.359768867492675781e+00
6.193422079086303711e+00
6.049523115158081055e+00
5.755798101425170898e+00
4.138775825500488281e+00
4.917628049850463867e+00
4.926407814025878906e+00
5.932371377944946289e+00
5.892482042312622070e+00
4.738260984420776367e+00
4.327681064605712891e+00
4.481047868728637695e+00
4.179346799850463867e+00
6.419402837753295898e+00
5.201313734054565430e+00
5.891713142395019531e+00
5.745389938354492188e+00
5.780035972595214844e+00
5.680938005447387695e+00
5.624624967575073242e+00
5.023432970046997070e+00
4.935494184494018555e+00
6.185880899429321289e+00
4.964398145675659180e+00
5.329964160919189453e+00
4.916876077651977539e+00
4.016402959823608398e+00
5.504050254821777344e+00
5.639241933822631836e+00
5.837120056152343750e+00
5.098879098892211914e+00
4.777316093444824219e+00
6.873038053512573242e+00
5.901704072952270508e+00
6.239554166793823242e+00
5.304876089096069336e+00
4.281448364257812500e+00
5.021774053573608398e+00
6.515655755996704102e+00
5.989925861358642578e+00
6.267061710357666016e+00
4.742559909820556641e+00
4.688862085342407227e+00
4.812452793121337891e+00
3.992104053497314453e+00
6.206835031509399414e+00
3.982387304306030273e+00
5.168588876724243164e+00
4.159427881240844727e+00
7.389724969863891602e+00
3.912301063537597656e+00
5.239154100418090820e+00
5.599608898162841797e+00
3.901223182678222656e+00
4.874307155609130859e+00
4.865787267684936523e+00
3.952230215072631836e+00
5.729926824569702148e+00
3.552999258041381836e+00
5.376755952835083008e+00
4.004421710968017578e+00
3.862926244735717773e+00
4.844206094741821289e+00
4.053130149841308594e+00
5.486865043640136719e+00
4.007545948028564453e+00
5.077999830245971680e+00
5.010030984878540039e+00
5.445778846740722656e+00
5.611246824264526367e+00
4.898318052291870117e+00
3.497676134109497070e+00
6.521695137023925781e+00
4.130046129226684570e+00
4.314339876174926758e+00
5.291968107223510742e+00
4.657079935073852539e+00
5.409045696258544922e+00
6.140816926956176758e+00
4.809129953384399414e+00
3.666898012161254883e+00
4.554085016250610352e+00
3.585811138153076172e+00
5.147315979003906250e+00
4.989856004714965820e+00
3.435863018035888672e+00
3.750725984573364258e+00
3.916716575622558594e+00
6.656188964843750000e+00
4.747289896011352539e+00
4.811966180801391602e+00
4.162358760833740234e+00
3.452215909957885742e+00
4.222404718399047852e+00
5.463731050491333008e+00
5.601881742477416992e+00
4.747056245803833008e+00
5.693365812301635742e+00
3.134081125259399414e+00
6.045527935028076172e+00
4.645274877548217773e+00
4.314543962478637695e+00
5.084117650985717773e+00
4.777780055999755859e+00
4.382723808288574219e+00
5.580283880233764648e+00
4.815948963165283203e+00
5.025681972503662109e+00
4.501760005950927734e+00
4.399923801422119141e+00
6.241604089736938477e+00
4.820188999176025391e+00
5.903301715850830078e+00
2.790672063827514648e+00
5.585880041122436523e+00
6.093173980712890625e+00
3.924440145492553711e+00
4.554209947586059570e+00
3.714939832687377930e+00
3.297683000564575195e+00
3.725711822509765625e+00
4.568572282791137695e+00
4.959855079650878906e+00
3.624240159988403320e+00
4.961831808090209961e+00
6.313513994216918945e+00
3.924840927124023438e+00
4.290108203887939453e+00
5.604360103607177734e+00
4.398341894149780273e+00
3.656296968460083008e+00
5.368736028671264648e+00
3.710835933685302734e+00
4.031483888626098633e+00
4.950180768966674805e+00
4.378753900527954102e+00
4.004249095916748047e+00
5.388850927352905273e+00
3.790394067764282227e+00
5.162515878677368164e+00
4.461114168167114258e+00
5.107614994049072266e+00
4.728446006774902344e+00
3.779952764511108398e+00
5.176348924636840820e+00
3.659549951553344727e+00
4.764326333999633789e+00
7.081118822097778320e+00
4.647466182708740234e+00
5.183711051940917969e+00
5.090295791625976562e+00
4.582208871841430664e+00
3.142200946807861328e+00
6.600018978118896484e+00
4.588265895843505859e+00
3.930335998535156250e+00
5.264147996902465820e+00
3.499093770980834961e+00
5.460857868194580078e+00
5.292822122573852539e+00
3.199898004531860352e+00
5.311691045761108398e+00
5.503140687942504883e+00
3.291954994201660156e+00
4.147655010223388672e+00
3.049457311630249023e+00
3.995219945907592773e+00
5.586691141128540039e+00
5.316059112548828125e+00
2.950421094894409180e+00
5.849121093750000000e+00
3.323033809661865234e+00
4.579747200012207031e+00
3.031594991683959961e+00
4.729634761810302734e+00
4.635148048400878906e+00
4.097669839859008789e+00
4.326419115066528320e+00
3.005930185317993164e+00
4.343222141265869141e+00
5.761546850204467773e+00
4.308856248855590820e+00
4.215838909149169922e+00
5.674245119094848633e+00
3.061683893203735352e+00
3.815252065658569336e+00
4.535432100296020508e+00
3.847387075424194336e+00
3.937520265579223633e+00
5.255218982696533203e+00
5.896286964416503906e+00
5.206210851669311523e+00
3.999069213867187500e+00
5.319153070449829102e+00
3.847509145736694336e+00
3.504885911941528320e+00
4.202435255050659180e+00
4.639025926589965820e+00
5.083451032638549805e+00
6.326884984970092773e+00
6.068876981735229492e+00
4.728356122970581055e+00
4.572628974914550781e+00
4.465777873992919922e+00
3.927300930023193359e+00
4.769191980361938477e+00
3.325321912765502930e+00
3.813683986663818359e+00
4.114589214324951172e+00
3.430419921875000000e+00
4.599592924118041992e+00
3.344686031341552734e+00
4.385905027389526367e+00
4.731215000152587891e+00
4.816044807434082031e+00
5.368221759796142578e+00
5.249905824661254883e+00
4.794911146163940430e+00
4.516015768051147461e+00
5.630619764328002930e+00
3.387794017791748047e+00
3.386801958084106445e+00
3.574106693267822266e+00
4.627949953079223633e+00
5.180577754974365234e+00
3.637771844863891602e+00
4.742023944854736328e+00
4.265303134918212891e+00
4.207084894180297852e+00
4.706720113754272461e+00
4.815791845321655273e+00
4.344623804092407227e+00
3.559740066528320312e+00
4.762025833129882812e+00
3.613758087158203125e+00
5.693358182907104492e+00
4.980017185211181641e+00
5.738559007644653320e+00
3.000264883041381836e+00
5.586989164352416992e+00
3.751100778579711914e+00
4.305351018905639648e+00
4.961049795150756836e+00
4.981343984603881836e+00
5.867955923080444336e+00
4.347216844558715820e+00
5.549536943435668945e+00
4.356227159500122070e+00
4.954760074615478516e+00
4.062489748001098633e+00
4.978375911712646484e+00
3.694352149963378906e+00
6.303313016891479492e+00
3.594701766967773438e+00
8.108325004577636719e+00
4.135962009429931641e+00
4.298865795135498047e+00
4.306230783462524414e+00
3.317053794860839844e+00
2.997794151306152344e+00
4.292835712432861328e+00
4.475569248199462891e+00
4.669610023498535156e+00
5.682626008987426758e+00
4.278072834014892578e+00
4.742251873016357422e+00
5.343211889266967773e+00
4.704451084136962891e+00
6.177744865417480469e+00
4.092162132263183594e+00
5.323971986770629883e+00
4.463698148727416992e+00
5.282645940780639648e+00
4.576735019683837891e+00
7.152101993560791016e+00
4.081557989120483398e+00
3.413660049438476562e+00
3.603988885879516602e+00
6.668382883071899414e+00
4.100564956665039062e+00
4.445605278015136719e+00
3.577242851257324219e+00
4.465826749801635742e+00
3.632745981216430664e+00
5.039541959762573242e+00
4.834518909454345703e+00
3.860033035278320312e+00
5.789764881134033203e+00
6.822352886199951172e+00
4.433837652206420898e+00
4.106017112731933594e+00
4.508651971817016602e+00
4.984272003173828125e+00
4.414426803588867188e+00
3.604455947875976562e+00
3.641057014465332031e+00
4.330399990081787109e+00
4.818479299545288086e+00
3.556782007217407227e+00
4.345524072647094727e+00
2.693735122680664062e+00
4.348173856735229492e+00
3.916997909545898438e+00
3.615381002426147461e+00
4.426772117614746094e+00
4.561938047409057617e+00
4.586752176284790039e+00
4.087095022201538086e+00
4.901706933975219727e+00
2.455466032028198242e+00
3.739202022552490234e+00
4.740772008895874023e+00
4.362417221069335938e+00
4.744278907775878906e+00
5.679123163223266602e+00
3.284959077835083008e+00
4.902781963348388672e+00
4.551645040512084961e+00
4.021251916885375977e+00
4.853778839111328125e+00
4.294184923171997070e+00
4.949622869491577148e+00
5.300010919570922852e+00
4.075767040252685547e+00
5.928460121154785156e+00
3.748821973800659180e+00
3.296362876892089844e+00
6.273216962814331055e+00
3.880960941314697266e+00
4.873889207839965820e+00
5.037369012832641602e+00
4.967475891113281250e+00
4.796784162521362305e+00
2.920354843139648438e+00
4.830199003219604492e+00
4.836898088455200195e+00
5.067896127700805664e+00
5.208676099777221680e+00
5.612766265869140625e+00
3.631618022918701172e+00
3.047143936157226562e+00
4.060379266738891602e+00
3.037810087203979492e+00
2.987534999847412109e+00
2.884127855300903320e+00
3.412449121475219727e+00
5.470560073852539062e+00
5.152367830276489258e+00
4.848914146423339844e+00
3.529539108276367188e+00
4.402577877044677734e+00
4.380963802337646484e+00
3.187647104263305664e+00
3.346428871154785156e+00
4.291481971740722656e+00
5.218926906585693359e+00
4.323797941207885742e+00
4.797898054122924805e+00
3.955974102020263672e+00
5.353962898254394531e+00
3.348404884338378906e+00
5.103754043579101562e+00
4.294560194015502930e+00
4.313037872314453125e+00
4.666360855102539062e+00
4.163053035736083984e+00
4.319848775863647461e+00
5.030137062072753906e+00
4.978838205337524414e+00
4.251380920410156250e+00
4.504746913909912109e+00
3.333480834960937500e+00
3.991075992584228516e+00
5.732363939285278320e+00
5.211096048355102539e+00
4.381336688995361328e+00
3.135032176971435547e+00
3.440139055252075195e+00
3.627617597579956055e+00
3.481854200363159180e+00
4.712351083755493164e+00
4.679639101028442383e+00
3.462023019790649414e+00
4.773862838745117188e+00
5.257330894470214844e+00
5.172840118408203125e+00
5.283281803131103516e+00
3.583041191101074219e+00
4.620709657669067383e+00
4.856949090957641602e+00
4.484558105468750000e+00
3.719862937927246094e+00
3.732820034027099609e+00
3.744300127029418945e+00
5.442020654678344727e+00
3.856058835983276367e+00
4.886436939239501953e+00
4.584726095199584961e+00
3.197641849517822266e+00
3.405924081802368164e+00
3.155522108078002930e+00
3.341089010238647461e+00
3.197778940200805664e+00
3.040244102478027344e+00
2.844810009002685547e+00
3.135274887084960938e+00
3.696834087371826172e+00
4.023256063461303711e+00
4.576185226440429688e+00
4.717119932174682617e+00
3.193331956863403320e+00
4.208066701889038086e+00
2.962561845779418945e+00
3.994511127471923828e+00
3.657725095748901367e+00
3.773083925247192383e+00
3.221147298812866211e+00
4.282789945602416992e+00
3.903681993484497070e+00
3.929607152938842773e+00
3.953841924667358398e+00
4.008101940155029297e+00
3.975910902023315430e+00
4.353249073028564453e+00
3.360671997070312500e+00
4.381368875503540039e+00
4.382311105728149414e+00
3.847989082336425781e+00
4.104893922805786133e+00
4.487812995910644531e+00
3.583714008331298828e+00
3.569993972778320312e+00
3.895775079727172852e+00
5.897840738296508789e+00
4.653981208801269531e+00
3.523690938949584961e+00
4.137191295623779297e+00
3.389631032943725586e+00
4.119035959243774414e+00
5.073877096176147461e+00
4.215984106063842773e+00
4.144668102264404297e+00
4.504150867462158203e+00
3.096184730529785156e+00
3.168606042861938477e+00
3.687417030334472656e+00
5.995230913162231445e+00
3.728127002716064453e+00
4.952204942703247070e+00
4.282591104507446289e+00
4.053803920745849609e+00
6.472413778305053711e+00
4.232178926467895508e+00
4.662081003189086914e+00
2.460183143615722656e+00
3.791584014892578125e+00
3.778210163116455078e+00
3.899939775466918945e+00
2.583724975585937500e+00
4.474621057510375977e+00
3.693509101867675781e+00
4.176925897598266602e+00
2.430766820907592773e+00
3.832142114639282227e+00
4.610099792480468750e+00
4.189300060272216797e+00
4.016172885894775391e+00
3.590329170227050781e+00
5.233391046524047852e+00
4.578928232192993164e+00
2.928934097290039062e+00
3.145750045776367188e+00
3.413491964340209961e+00
3.780951023101806641e+00
3.799716234207153320e+00
4.620504856109619141e+00
3.327621221542358398e+00
2.988460779190063477e+00
3.345823049545288086e+00
3.703416824340820312e+00
4.612162113189697266e+00
3.838346004486083984e+00
4.296451091766357422e+00
4.368835926055908203e+00
3.225672245025634766e+00
4.137122869491577148e+00
4.748532056808471680e+00
4.431051015853881836e+00
3.577377080917358398e+00
3.506198883056640625e+00
4.090438127517700195e+00
3.522601127624511719e+00
3.354761838912963867e+00
3.918045997619628906e+00
3.813318252563476562e+00
2.947917222976684570e+00
5.197669744491577148e+00
5.072782039642333984e+00
3.959264993667602539e+00
3.941972017288208008e+00
3.133289098739624023e+00
3.537894964218139648e+00
2.980616092681884766e+00
4.826262950897216797e+00
3.901458024978637695e+00
3.845258951187133789e+00
3.632503032684326172e+00
4.086511135101318359e+00
3.730216979980468750e+00
3.418251037597656250e+00
3.458399057388305664e+00
3.404174089431762695e+00
3.797989845275878906e+00
4.528343200683593750e+00
4.235925197601318359e+00
3.740168809890747070e+00
4.063209056854248047e+00
4.206966161727905273e+00
3.179862022399902344e+00
3.900331020355224609e+00
3.444660186767578125e+00
5.450631141662597656e+00
2.990715026855468750e+00
5.218106985092163086e+00
5.057044029235839844e+00
5.256424903869628906e+00
3.780815839767456055e+00
4.408837080001831055e+00
4.325529813766479492e+00
4.320740222930908203e+00
3.524554014205932617e+00
5.511620998382568359e+00
4.324342966079711914e+00
4.634020090103149414e+00
4.855931043624877930e+00
4.101961135864257812e+00
4.529754877090454102e+00
4.090849161148071289e+00
3.542062282562255859e+00
4.643265008926391602e+00
4.380550146102905273e+00
3.571684122085571289e+00
3.824408054351806641e+00
5.234986066818237305e+00
4.862476825714111328e+00
4.762943029403686523e+00
4.728209257125854492e+00
4.647505760192871094e+00
4.695028781890869141e+00
4.515342950820922852e+00
4.314090967178344727e+00
3.905170917510986328e+00
3.617729187011718750e+00
4.332487821578979492e+00
4.896163940429687500e+00
4.170006990432739258e+00
3.950335979461669922e+00
4.313926935195922852e+00
4.772130012512207031e+00
4.812630891799926758e+00
4.312492847442626953e+00
4.363224983215332031e+00
4.061785936355590820e+00
4.432406902313232422e+00
4.165631055831909180e+00
3.900010824203491211e+00
4.067787885665893555e+00
3.713895320892333984e+00
3.268277883529663086e+00
4.088321924209594727e+00
3.918226957321166992e+00
4.261281013488769531e+00
4.188616991043090820e+00
3.809862136840820312e+00
4.634577035903930664e+00
3.385056972503662109e+00
5.181483030319213867e+00
3.950294971466064453e+00
4.093120098114013672e+00
3.975749969482421875e+00
4.594017028808593750e+00
4.358571052551269531e+00
4.951323032379150391e+00
4.748604297637939453e+00
4.173387050628662109e+00
4.179997920989990234e+00
3.741177082061767578e+00
3.834412097930908203e+00
6.233916044235229492e+00
4.184847116470336914e+00
3.949999809265136719e+00
4.655810832977294922e+00
4.245995044708251953e+00
4.678516864776611328e+00
4.809726953506469727e+00
3.829828262329101562e+00
3.844550132751464844e+00
4.849622011184692383e+00
4.231343269348144531e+00
4.164046049118041992e+00
4.422713041305541992e+00
4.263141155242919922e+00
3.121350765228271484e+00
3.354310274124145508e+00
4.226250886917114258e+00
5.323397874832153320e+00
4.679272890090942383e+00
4.649572134017944336e+00
4.915485143661499023e+00
4.148064136505126953e+00
4.742371082305908203e+00
3.319537878036499023e+00
4.610589027404785156e+00
4.367725849151611328e+00
4.127103090286254883e+00
4.879837036132812500e+00
4.380997896194458008e+00
3.499278068542480469e+00
3.653006076812744141e+00
3.515889883041381836e+00
3.678070783615112305e+00
4.374144077301025391e+00
4.279469966888427734e+00
5.031900167465209961e+00
5.228721857070922852e+00
4.427453994750976562e+00
3.743980169296264648e+00
4.343782186508178711e+00
4.959870100021362305e+00
5.094715118408203125e+00
5.055830001831054688e+00
5.303212881088256836e+00
5.102746009826660156e+00
3.546293973922729492e+00
4.861212253570556641e+00
4.600909233093261719e+00
4.277370214462280273e+00
4.800347089767456055e+00
5.008264064788818359e+00
4.271266937255859375e+00
4.899613857269287109e+00
4.975003242492675781e+00
4.198630094528198242e+00
3.348189115524291992e+00
3.937253952026367188e+00
5.316756010055541992e+00
4.370275020599365234e+00
5.222447872161865234e+00
4.580912828445434570e+00
4.112633943557739258e+00
3.396011114120483398e+00
5.145978927612304688e+00
3.929599046707153320e+00
5.078178167343139648e+00
3.660330057144165039e+00
5.170638084411621094e+00
4.959169149398803711e+00
3.734032154083251953e+00
5.363295078277587891e+00
4.723049879074096680e+00
4.965709209442138672e+00
3.955406904220581055e+00
3.895785808563232422e+00
4.968422889709472656e+00
4.494580984115600586e+00
4.552626132965087891e+00
5.216251134872436523e+00
4.642002820968627930e+00
5.228736162185668945e+00
4.291881084442138672e+00
4.601304769515991211e+00
4.300119638442993164e+00
5.158179998397827148e+00
5.044538974761962891e+00
4.937848806381225586e+00
5.340720891952514648e+00
4.617892026901245117e+00
3.964117050170898438e+00
5.523811101913452148e+00
4.757685899734497070e+00
4.117041826248168945e+00
5.301317930221557617e+00
4.996652126312255859e+00
4.309936046600341797e+00
4.302909135818481445e+00
4.306288957595825195e+00
5.485872030258178711e+00
4.856475114822387695e+00
4.082988023757934570e+00
4.881656646728515625e+00
4.282972812652587891e+00
3.496255874633789062e+00
4.344493865966796875e+00
4.543781042098999023e+00
4.105099678039550781e+00
4.336242914199829102e+00
4.421544075012207031e+00
2.851261854171752930e+00
4.413750648498535156e+00
4.334430217742919922e+00
4.325492858886718750e+00
5.438524246215820312e+00
4.207497358322143555e+00
4.788647890090942383e+00
4.642299175262451172e+00
4.329877138137817383e+00
6.325091123580932617e+00
4.979513883590698242e+00
5.311472177505493164e+00
3.731374025344848633e+00
4.483769178390502930e+00
4.622976779937744141e+00
4.397958993911743164e+00
2.823024034500122070e+00
3.089766979217529297e+00
4.123644828796386719e+00
4.503933906555175781e+00
3.872620105743408203e+00
4.065711021423339844e+00
4.763567686080932617e+00
4.476536989212036133e+00
3.255506038665771484e+00
3.148806095123291016e+00
3.331740856170654297e+00
3.257171154022216797e+00
3.584303140640258789e+00
4.689187049865722656e+00
3.306863307952880859e+00
3.369568824768066406e+00
4.327342748641967773e+00
2.617887973785400391e+00
2.949166774749755859e+00
4.195562839508056641e+00
4.729842185974121094e+00
4.319423198699951172e+00
3.631690979003906250e+00
3.625689744949340820e+00
5.212970972061157227e+00
4.383656978607177734e+00
4.070919036865234375e+00
3.160701990127563477e+00
4.465652942657470703e+00
3.785077810287475586e+00
4.048356056213378906e+00
4.600365161895751953e+00
3.448128938674926758e+00
3.882885217666625977e+00
5.090669155120849609e+00
4.715165138244628906e+00
4.335161924362182617e+00
5.235666036605834961e+00
4.297872066497802734e+00
3.978971242904663086e+00
3.883375883102416992e+00
4.218483924865722656e+00
4.680097818374633789e+00
4.094627141952514648e+00
3.932019948959350586e+00
4.934002876281738281e+00
4.044195890426635742e+00
4.062026023864746094e+00
3.405573129653930664e+00
4.067584037780761719e+00
3.714207172393798828e+00
3.624029874801635742e+00
4.963495254516601562e+00
4.571159839630126953e+00
3.834225177764892578e+00
4.646843910217285156e+00
4.124050855636596680e+00
4.177296161651611328e+00
5.142824888229370117e+00
4.264203071594238281e+00
5.459611892700195312e+00
4.144217967987060547e+00
4.393569946289062500e+00
4.388131141662597656e+00
4.135901212692260742e+00
5.039347171783447266e+00
4.501338720321655273e+00
3.091478109359741211e+00
4.945722818374633789e+00
4.445676088333129883e+00
3.107051849365234375e+00
3.930434226989746094e+00
3.203233003616333008e+00
3.044873952865600586e+00
5.416512966156005859e+00
5.725600957870483398e+00
3.753668069839477539e+00
4.945749998092651367e+00
5.286785602569580078e+00
3.763418197631835938e+00
3.005380868911743164e+00
5.905233144760131836e+00
4.728513002395629883e+00
3.860863924026489258e+00
4.692470073699951172e+00
5.677838087081909180e+00
4.843485832214355469e+00
4.934051990509033203e+00
5.969235897064208984e+00
4.223025083541870117e+00
5.700084924697875977e+00
5.708340883255004883e+00
4.758090019226074219e+00
5.772234201431274414e+00
6.339657068252563477e+00
6.147295951843261719e+00
3.828136920928955078e+00
5.035814762115478516e+00
4.005023956298828125e+00
4.425513029098510742e+00
4.604325294494628906e+00
4.557603120803833008e+00
6.085454940795898438e+00
3.704018115997314453e+00
6.210052251815795898e+00
3.910658121109008789e+00
5.760777950286865234e+00
4.149059057235717773e+00
5.126140117645263672e+00
4.363991022109985352e+00
5.208625078201293945e+00
4.414533853530883789e+00
4.239227771759033203e+00
5.183295011520385742e+00
4.122594833374023438e+00
4.098654985427856445e+00
4.438631057739257812e+00
4.658105134963989258e+00
5.202912092208862305e+00
5.878332138061523438e+00
5.436748743057250977e+00
4.940247058868408203e+00
5.105626106262207031e+00
7.124785900115966797e+00
5.597797155380249023e+00
6.789281845092773438e+00
5.577221155166625977e+00
5.669772148132324219e+00
7.259456157684326172e+00
5.384427070617675781e+00
3.761689662933349609e+00
4.908066034317016602e+00
6.323529005050659180e+00
3.789038181304931641e+00
7.999377250671386719e+00
5.635658979415893555e+00
4.576170921325683594e+00
4.093235969543457031e+00
5.192873954772949219e+00
3.675736904144287109e+00
5.420089960098266602e+00
3.505728006362915039e+00
4.397961854934692383e+00
5.707828283309936523e+00
4.776071071624755859e+00
6.544066190719604492e+00
3.747591018676757812e+00
5.851305007934570312e+00
8.209537982940673828e+00
4.391714811325073242e+00
3.860480785369873047e+00
3.942636728286743164e+00
5.143836975097656250e+00
4.002633094787597656e+00
5.039205312728881836e+00
4.712398767471313477e+00
6.007007122039794922e+00
2.663100957870483398e+00
4.907240867614746094e+00
3.664973258972167969e+00
4.117141008377075195e+00
5.311156988143920898e+00
6.863103866577148438e+00
5.243997097015380859e+00
4.216681241989135742e+00
5.832124948501586914e+00
2.700653076171875000e+00
3.763594150543212891e+00
4.404754877090454102e+00
4.058117151260375977e+00
4.190576076507568359e+00
4.877513885498046875e+00
6.303339004516601562e+00
3.796348094940185547e+00
4.139052867889404297e+00
3.958173990249633789e+00
4.075869083404541016e+00
2.830420970916748047e+00
4.498600959777832031e+00
4.066024065017700195e+00
3.927498102188110352e+00
4.094791173934936523e+00
4.731948852539062500e+00
5.242022275924682617e+00
6.281176090240478516e+00
3.889842033386230469e+00
6.626407146453857422e+00
4.204616069793701172e+00
4.735222578048706055e+00
6.433896064758300781e+00
4.476448774337768555e+00
5.339620113372802734e+00
5.453140974044799805e+00
4.914326190948486328e+00
5.191526889801025391e+00
6.420785903930664062e+00
4.552329063415527344e+00
4.900714635848999023e+00
3.997852087020874023e+00
6.694546937942504883e+00
7.136402845382690430e+00
5.450109958648681641e+00
5.983335018157958984e+00
5.542015075683593750e+00
5.020165920257568359e+00
2.863578081130981445e+00
4.817080736160278320e+00
5.024422883987426758e+00
4.464844942092895508e+00
5.736897945404052734e+00
6.129208087921142578e+00
6.716928005218505859e+00
3.321552276611328125e+00
6.805293083190917969e+00
8.173690795898437500e+00
6.864706039428710938e+00
5.975043058395385742e+00
5.624445915222167969e+00
4.979102134704589844e+00
5.911258220672607422e+00
3.012394905090332031e+00
6.675233840942382812e+00
4.937705039978027344e+00
5.163398027420043945e+00
4.658212900161743164e+00
3.832622051239013672e+00
5.312077045440673828e+00
6.292903184890747070e+00
5.134517908096313477e+00
6.777467012405395508e+00
5.218002080917358398e+00
7.872369766235351562e+00
5.820907831192016602e+00
5.847973823547363281e+00
5.874697923660278320e+00
8.163304090499877930e+00
4.082468032836914062e+00
5.180354118347167969e+00
5.942764043807983398e+00
4.340709924697875977e+00
5.266630172729492188e+00
7.284606933593750000e+00
6.376677274703979492e+00
3.800175189971923828e+00
4.838162899017333984e+00
5.940819025039672852e+00
6.967896938323974609e+00
5.746174812316894531e+00
6.124737024307250977e+00
5.059804916381835938e+00
5.284200906753540039e+00
5.705620050430297852e+00
4.999347925186157227e+00
5.419139146804809570e+00
4.073691129684448242e+00
5.732096910476684570e+00
4.936942100524902344e+00
4.272716045379638672e+00
6.319449901580810547e+00
5.263741016387939453e+00
4.653675794601440430e+00
5.868990182876586914e+00
4.253250122070312500e+00
5.793479204177856445e+00
4.241533041000366211e+00
5.111567974090576172e+00
6.339052677154541016e+00
3.592381954193115234e+00
4.405368804931640625e+00
5.878598213195800781e+00
5.716339826583862305e+00
6.687290906906127930e+00
4.332727909088134766e+00
6.238903045654296875e+00
4.999475955963134766e+00
5.178806066513061523e+00
6.154387950897216797e+00
6.369105815887451172e+00
5.008954763412475586e+00
6.392965078353881836e+00
5.806253910064697266e+00
4.400942087173461914e+00
4.189750194549560547e+00
4.515486001968383789e+00
5.062913179397583008e+00
4.883041620254516602e+00
4.543009757995605469e+00
5.596829891204833984e+00
5.154520988464355469e+00
5.860796928405761719e+00
4.581362009048461914e+00
6.137470006942749023e+00
6.753884792327880859e+00
3.621270179748535156e+00
3.941812992095947266e+00
4.382136106491088867e+00
4.919788122177124023e+00
4.518218040466308594e+00
5.077746152877807617e+00
5.040592908859252930e+00
4.489509105682373047e+00
3.835703134536743164e+00
5.364894866943359375e+00
5.471975088119506836e+00
4.078356027603149414e+00
5.492549180984497070e+00
6.096659898757934570e+00
3.467590808868408203e+00
3.497200012207031250e+00
6.251769065856933594e+00
5.707371234893798828e+00
6.165529012680053711e+00
4.299304962158203125e+00
7.989279985427856445e+00
6.389767885208129883e+00
3.898136138916015625e+00
4.295948028564453125e+00
5.479201793670654297e+00
6.195991039276123047e+00
3.972175836563110352e+00
3.842607021331787109e+00
5.145622014999389648e+00
4.808088779449462891e+00
6.254626750946044922e+00
3.006765127182006836e+00
4.175091981887817383e+00
4.378422975540161133e+00
4.371792078018188477e+00
4.399250984191894531e+00
4.463479042053222656e+00
3.132496118545532227e+00
3.813751220703125000e+00
5.965572118759155273e+00
3.919981718063354492e+00
3.194694995880126953e+00
4.373367071151733398e+00
5.573290109634399414e+00
5.975032091140747070e+00
4.809643983840942383e+00
5.245260953903198242e+00
3.126643896102905273e+00
4.517552852630615234e+00
6.223669052124023438e+00
4.616711854934692383e+00
3.343849897384643555e+00
5.928414106369018555e+00
4.609266042709350586e+00
4.795579910278320312e+00
4.639282941818237305e+00
3.662433147430419922e+00
4.810517072677612305e+00
4.229274034500122070e+00
3.533164739608764648e+00
5.111189365386962891e+00
5.876443862915039062e+00
2.895740032196044922e+00
5.328069210052490234e+00
5.152014017105102539e+00
4.844046831130981445e+00
3.958753824234008789e+00
3.899754047393798828e+00
4.914523839950561523e+00
4.849787950515747070e+00
4.116822004318237305e+00
4.470640659332275391e+00
5.212723970413208008e+00
5.624679088592529297e+00
3.553140163421630859e+00
5.193498134613037109e+00
4.556020021438598633e+00
3.693415164947509766e+00
3.348472833633422852e+00
6.013401031494140625e+00
1.009198999404907227e+01
4.295885086059570312e+00
5.073794126510620117e+00
3.864526748657226562e+00
5.302048921585083008e+00
5.248497962951660156e+00
3.931772232055664062e+00
4.654699802398681641e+00
2.838027000427246094e+00
3.786931991577148438e+00
3.659051895141601562e+00
3.837038755416870117e+00
3.927585124969482422e+00
3.987894058227539062e+00
4.209645032882690430e+00
3.443325996398925781e+00
2.863913774490356445e+00
3.860538959503173828e+00
5.099719762802124023e+00
3.313825130462646484e+00
2.991153240203857422e+00
4.087443828582763672e+00
5.063354253768920898e+00
3.771342992782592773e+00
3.355396032333374023e+00
2.958565950393676758e+00
3.246904850006103516e+00
2.857620000839233398e+00
3.576348781585693359e+00
3.739367008209228516e+00
3.346807003021240234e+00
3.374005079269409180e+00
3.655268192291259766e+00
3.634867906570434570e+00
3.754168033599853516e+00
3.507696151733398438e+00
3.868576049804687500e+00
3.606287956237792969e+00
3.495196104049682617e+00
4.048087120056152344e+00
3.905368089675903320e+00
4.076986789703369141e+00
2.990664958953857422e+00
3.235025882720947266e+00
3.588803052902221680e+00
3.745824098587036133e+00
3.039244890213012695e+00
4.139006853103637695e+00
3.827841758728027344e+00
2.807466030120849609e+00
3.771787881851196289e+00
4.798794031143188477e+00
2.866402149200439453e+00
3.381664037704467773e+00
4.638641119003295898e+00
4.200009107589721680e+00
3.755136966705322266e+00
3.006103038787841797e+00
3.819236993789672852e+00
4.372358083724975586e+00
4.169770956039428711e+00
3.281304836273193359e+00
3.676210880279541016e+00
3.452805757522583008e+00
3.851386070251464844e+00
3.613651037216186523e+00
3.514225721359252930e+00
4.054486989974975586e+00
3.060764312744140625e+00
4.101895332336425781e+00
4.112364053726196289e+00
4.116363048553466797e+00
3.622069120407104492e+00
4.170142173767089844e+00
3.592881917953491211e+00
3.459347009658813477e+00
5.216897964477539062e+00
4.125560998916625977e+00
4.238477945327758789e+00
3.742702722549438477e+00
3.077465057373046875e+00
4.232878923416137695e+00
3.766448974609375000e+00
4.260366201400756836e+00
4.291290998458862305e+00
4.300308942794799805e+00
3.999329090118408203e+00
3.731390237808227539e+00
3.189340829849243164e+00
3.627943038940429688e+00
2.969252109527587891e+00
3.723968029022216797e+00
4.300881862640380859e+00
3.302432060241699219e+00
3.359750032424926758e+00
4.307717084884643555e+00
4.287619113922119141e+00
3.894155025482177734e+00
3.698762893676757812e+00
3.642488002777099609e+00
3.255054950714111328e+00
3.841506719589233398e+00
4.092186927795410156e+00
3.286532163619995117e+00
4.542448997497558594e+00
3.725168228149414062e+00
3.359080076217651367e+00
4.949884891510009766e+00
4.173794984817504883e+00
3.956669807434082031e+00
5.041457891464233398e+00
4.282649040222167969e+00
4.675128936767578125e+00
4.105545997619628906e+00
4.631210088729858398e+00
4.695873975753784180e+00
4.198451995849609375e+00
3.479399919509887695e+00
4.608561992645263672e+00
4.475228071212768555e+00
3.442965984344482422e+00
4.732223987579345703e+00
4.106784105300903320e+00
4.844539880752563477e+00
3.664090871810913086e+00
4.311503887176513672e+00
4.404706239700317383e+00
3.799849987030029297e+00
3.807969093322753906e+00
3.178830862045288086e+00
3.322969198226928711e+00
4.167594909667968750e+00
4.009199142456054688e+00
4.373357057571411133e+00
4.274521112442016602e+00
5.274337053298950195e+00
3.518923044204711914e+00
3.847357988357543945e+00
4.320436000823974609e+00
4.023894786834716797e+00
4.344995737075805664e+00
4.445585250854492188e+00
4.690263986587524414e+00
4.556379318237304688e+00
3.595476865768432617e+00
4.083689928054809570e+00
3.115600824356079102e+00
3.391668319702148438e+00
4.775292158126831055e+00
4.018474102020263672e+00
5.467803955078125000e+00
4.138808012008666992e+00
4.162306785583496094e+00
3.337444305419921875e+00
3.803158044815063477e+00
4.134671211242675781e+00
4.704336881637573242e+00
4.219367742538452148e+00
4.181540727615356445e+00
3.532549858093261719e+00
4.812396049499511719e+00
4.543333053588867188e+00
4.542733907699584961e+00
3.708149909973144531e+00
4.267359018325805664e+00
3.414263963699340820e+00
5.197989940643310547e+00
4.014370918273925781e+00
3.541682958602905273e+00
3.413470983505249023e+00
4.020460844039916992e+00
4.749626874923706055e+00
4.151710987091064453e+00
4.023547887802124023e+00
3.128669977188110352e+00
4.181417942047119141e+00
4.173460960388183594e+00
4.377663850784301758e+00
4.494962930679321289e+00
3.533776044845581055e+00
4.507395982742309570e+00
4.805840730667114258e+00
3.908751249313354492e+00
3.351597070693969727e+00
5.110222101211547852e+00
3.518774986267089844e+00
4.522568225860595703e+00
3.507693767547607422e+00
4.307591915130615234e+00
4.459903001785278320e+00
3.112225770950317383e+00
4.299372196197509766e+00
4.124691009521484375e+00
4.271975994110107422e+00
4.140676736831665039e+00
4.599303007125854492e+00
3.662267684936523438e+00
4.331764221191406250e+00
3.751047134399414062e+00
3.585303068161010742e+00
4.135715007781982422e+00
4.608818054199218750e+00
4.642801761627197266e+00
4.650784969329833984e+00
4.927640914916992188e+00
3.886813879013061523e+00
3.914375066757202148e+00
4.286915063858032227e+00
4.558696031570434570e+00
4.522709846496582031e+00
4.565113067626953125e+00
4.660860776901245117e+00
3.640020132064819336e+00
3.888573169708251953e+00
3.377585887908935547e+00
3.543089866638183594e+00
4.836615324020385742e+00
3.868972063064575195e+00
3.538189172744750977e+00
3.860579729080200195e+00
3.779635190963745117e+00
4.783479213714599609e+00
4.876635074615478516e+00
4.539417028427124023e+00
3.271198987960815430e+00
3.912369966506958008e+00
4.490463972091674805e+00
3.976679086685180664e+00
3.823020696640014648e+00
3.358909368515014648e+00
4.611289024353027344e+00
3.369668245315551758e+00
4.447374105453491211e+00
3.609622001647949219e+00
3.881788969039916992e+00
4.477181911468505859e+00
4.054125070571899414e+00
4.765548944473266602e+00
3.428511142730712891e+00
4.773028135299682617e+00
4.571050167083740234e+00
4.799276828765869141e+00
5.128296852111816406e+00
2.980478048324584961e+00
3.168298006057739258e+00
4.592267990112304688e+00
3.444117069244384766e+00
4.990526914596557617e+00
4.666495084762573242e+00
4.059546232223510742e+00
4.694800138473510742e+00
3.288251876831054688e+00
4.323664188385009766e+00
5.060714960098266602e+00
4.575728893280029297e+00
3.055569887161254883e+00
3.265054941177368164e+00
4.811478137969970703e+00
5.629003047943115234e+00
4.807868003845214844e+00
4.991261243820190430e+00
3.516790866851806641e+00
4.178453922271728516e+00
4.626512050628662109e+00
3.100166082382202148e+00
4.206798791885375977e+00
4.605330944061279297e+00
4.536346912384033203e+00
4.371529817581176758e+00
4.677348136901855469e+00
3.726714134216308594e+00
4.214532136917114258e+00
3.409792900085449219e+00
4.957885980606079102e+00
4.377817153930664062e+00
3.173931121826171875e+00
3.200258970260620117e+00
2.977500200271606445e+00
5.174202919006347656e+00
5.024549961090087891e+00
4.663154840469360352e+00
4.336034059524536133e+00
4.941334962844848633e+00
4.312061309814453125e+00
3.456681966781616211e+00
3.088215112686157227e+00
5.321661949157714844e+00
5.156481027603149414e+00
3.626948833465576172e+00
5.668848037719726562e+00
3.307955265045166016e+00
3.608442783355712891e+00
3.669853210449218750e+00
4.368206977844238281e+00
4.634401082992553711e+00
5.595151185989379883e+00
4.153748989105224609e+00
4.777042865753173828e+00
4.022998094558715820e+00
5.339221954345703125e+00
4.786594152450561523e+00
4.892020940780639648e+00
5.468565940856933594e+00
3.537274122238159180e+00
3.711637973785400391e+00
4.104098796844482422e+00
5.508744001388549805e+00
4.094994306564331055e+00
5.122420072555541992e+00
6.045570135116577148e+00
3.739465951919555664e+00
4.274913072586059570e+00
3.240936994552612305e+00
3.262581110000610352e+00
5.179340839385986328e+00
4.778687000274658203e+00
3.507801294326782227e+00
4.559656143188476562e+00
3.953983068466186523e+00
5.705416202545166016e+00
3.976624727249145508e+00
3.483478069305419922e+00
4.357506990432739258e+00
4.830981254577636719e+00
4.173468112945556641e+00
5.767354011535644531e+00
4.471368312835693359e+00
5.951254129409790039e+00
4.106718778610229492e+00
5.505737781524658203e+00
4.296389102935791016e+00
4.198034048080444336e+00
3.804049253463745117e+00
4.982767105102539062e+00
3.716398000717163086e+00
3.693950891494750977e+00
4.096264839172363281e+00
4.723252058029174805e+00
4.614984035491943359e+00
3.123628139495849609e+00
3.398877859115600586e+00
3.841032981872558594e+00
3.468207836151123047e+00
4.317517995834350586e+00
4.345983028411865234e+00
4.043438196182250977e+00
3.331835031509399414e+00
4.276479005813598633e+00
3.368590116500854492e+00
4.373821973800659180e+00
2.708614826202392578e+00
4.101689100265502930e+00
4.786272048950195312e+00
3.386586189270019531e+00
4.430590152740478516e+00
3.370764970779418945e+00
4.423609018325805664e+00
4.905276775360107422e+00
3.130306243896484375e+00
3.481338262557983398e+00
4.623327970504760742e+00
3.339591026306152344e+00
5.043218851089477539e+00
3.060815095901489258e+00
3.307782888412475586e+00
4.681936979293823242e+00
4.637878894805908203e+00
5.113698959350585938e+00
4.156734228134155273e+00
4.655464887619018555e+00
4.323407888412475586e+00
4.682967185974121094e+00
4.410712003707885742e+00
4.806844949722290039e+00
3.522655963897705078e+00
3.153892993927001953e+00
5.111883163452148438e+00
3.760623931884765625e+00
4.830281019210815430e+00
4.560036182403564453e+00
3.809315681457519531e+00
4.916518926620483398e+00
4.343068122863769531e+00
6.592987060546875000e+00
3.753615856170654297e+00
3.129070043563842773e+00
4.130375862121582031e+00
4.188338994979858398e+00
4.597110986709594727e+00
4.045345067977905273e+00
5.080449104309082031e+00
5.098967075347900391e+00
5.745901823043823242e+00
4.199542045593261719e+00
4.363758802413940430e+00
4.881515026092529297e+00
4.737315893173217773e+00
3.800384998321533203e+00
4.004268169403076172e+00
3.727140903472900391e+00
4.557551860809326172e+00
3.590080022811889648e+00
3.574815034866333008e+00
4.829658985137939453e+00
3.470571041107177734e+00
4.066484928131103516e+00
4.618931055068969727e+00
3.038787126541137695e+00
2.941859960556030273e+00
4.440345287322998047e+00
3.604835033416748047e+00
4.412776947021484375e+00
4.976372003555297852e+00
3.758158683776855469e+00
2.866687297821044922e+00
5.251396179199218750e+00
4.278694868087768555e+00
4.133878946304321289e+00
3.778177022933959961e+00
5.946684360504150391e+00
3.741379976272583008e+00
4.181936740875244141e+00
3.891352653503417969e+00
3.855606794357299805e+00
3.923615932464599609e+00
5.610357999801635742e+00
3.969524860382080078e+00
3.941007137298583984e+00
3.109774112701416016e+00
4.324536085128784180e+00
5.710680961608886719e+00
3.924495697021484375e+00
3.988682270050048828e+00
3.822309732437133789e+00
5.358147144317626953e+00
3.281628847122192383e+00
4.194154024124145508e+00
4.753519773483276367e+00
4.560332059860229492e+00
4.637659072875976562e+00
4.334736108779907227e+00
4.115906000137329102e+00
4.622427940368652344e+00
4.153780221939086914e+00
5.150581121444702148e+00
4.940518856048583984e+00
4.364587068557739258e+00
4.406342983245849609e+00
4.776810169219970703e+00
3.418586254119873047e+00
2.821274757385253906e+00
4.436667919158935547e+00
4.468054056167602539e+00
3.684370756149291992e+00
3.883218765258789062e+00
4.356731176376342773e+00
4.023415803909301758e+00
4.570455074310302734e+00
4.155026912689208984e+00
3.786492824554443359e+00
3.266866922378540039e+00
4.657984972000122070e+00
2.880459785461425781e+00
3.020702838897705078e+00
3.393939018249511719e+00
2.909137964248657227e+00
5.129520893096923828e+00
3.743242979049682617e+00
2.895081996917724609e+00
4.384213924407958984e+00
3.755600929260253906e+00
4.313226938247680664e+00
3.743983745574951172e+00
5.553483009338378906e+00
4.097390890121459961e+00
4.235490083694458008e+00
5.321696043014526367e+00
5.361029148101806641e+00
4.256464242935180664e+00
4.630985975265502930e+00
4.580967903137207031e+00
2.864627122879028320e+00
4.515599012374877930e+00
4.280175209045410156e+00
4.492635250091552734e+00
6.424137830734252930e+00
4.672424316406250000e+00
4.422500848770141602e+00
4.008992195129394531e+00
5.441224813461303711e+00
4.556495904922485352e+00
4.397134065628051758e+00
5.506366014480590820e+00
3.249650955200195312e+00
4.495061159133911133e+00
4.704514265060424805e+00
5.469649076461791992e+00
4.777070999145507812e+00
4.417328119277954102e+00
4.764718055725097656e+00
6.456488847732543945e+00
4.687515020370483398e+00
5.682042121887207031e+00
4.698815822601318359e+00
4.297601222991943359e+00
5.711068868637084961e+00
5.769894123077392578e+00
4.086768865585327148e+00
4.825744152069091797e+00
4.276229143142700195e+00
4.250119924545288086e+00
3.183501958847045898e+00
5.099031925201416016e+00
5.028773069381713867e+00
4.329559087753295898e+00
4.355890989303588867e+00
4.687099933624267578e+00
5.032559156417846680e+00
5.953875064849853516e+00
4.582576990127563477e+00
3.733150959014892578e+00
6.329014062881469727e+00
3.447148799896240234e+00
5.227334260940551758e+00
3.878441095352172852e+00
3.439612150192260742e+00
5.652148008346557617e+00
3.464441776275634766e+00
3.483973979949951172e+00
3.753219842910766602e+00
5.171087980270385742e+00
3.869454860687255859e+00
4.190944910049438477e+00
4.765258073806762695e+00
5.889801979064941406e+00
4.623126745223999023e+00
5.580780029296875000e+00
4.682170867919921875e+00
4.494385957717895508e+00
5.761070728302001953e+00
5.606063127517700195e+00
5.369127273559570312e+00
4.786535978317260742e+00
4.608656883239746094e+00
4.526983261108398438e+00
4.709072828292846680e+00
4.750695943832397461e+00
4.496541023254394531e+00
5.863056898117065430e+00
5.906985998153686523e+00
3.655699968338012695e+00
5.205205917358398438e+00
4.197463750839233398e+00
4.539351940155029297e+00
4.189468860626220703e+00
6.036059141159057617e+00
4.033186912536621094e+00
4.047951221466064453e+00
5.027367115020751953e+00
5.153114080429077148e+00
5.959789991378784180e+00
3.492553949356079102e+00
4.142944097518920898e+00
5.100492954254150391e+00
6.011360883712768555e+00
3.516160964965820312e+00
4.205291986465454102e+00
6.540946960449218750e+00
3.783918142318725586e+00
5.191654920578002930e+00
4.019836187362670898e+00
4.288972854614257812e+00
4.338221073150634766e+00
3.977035045623779297e+00
3.697867155075073242e+00
3.640417814254760742e+00
3.614681005477905273e+00
6.599242210388183594e+00
3.092846155166625977e+00
3.699375867843627930e+00
4.156155109405517578e+00
3.626132965087890625e+00
5.663045883178710938e+00
3.414995908737182617e+00
4.130218982696533203e+00
5.243493080139160156e+00
4.244357824325561523e+00
3.849619865417480469e+00
3.816972255706787109e+00
4.347749948501586914e+00
3.762495994567871094e+00
4.245501995086669922e+00
4.320236921310424805e+00
3.601443767547607422e+00
4.265510082244873047e+00
4.404663085937500000e+00
5.444445848464965820e+00
5.540315151214599609e+00
3.683890342712402344e+00
5.570614099502563477e+00
5.520391225814819336e+00
4.823801755905151367e+00
4.418161869049072266e+00
2.341265201568603516e+00
4.781102180480957031e+00
4.309438943862915039e+00
4.047721862792968750e+00
7.519923925399780273e+00
4.476160764694213867e+00
4.902096986770629883e+00
5.618036031723022461e+00
6.289037942886352539e+00
4.228965759277343750e+00
4.582606077194213867e+00
6.265617847442626953e+00
4.806095838546752930e+00
4.666790962219238281e+00
4.743562221527099609e+00
3.748411178588867188e+00
3.898324966430664062e+00
4.425897359848022461e+00
4.578654050827026367e+00
5.714766025543212891e+00
4.429861307144165039e+00
4.114374876022338867e+00
5.037999153137207031e+00
4.215689897537231445e+00
3.749629020690917969e+00
4.367951154708862305e+00
3.740251064300537109e+00
3.450067996978759766e+00
4.628293275833129883e+00
3.723052024841308594e+00
4.391849994659423828e+00
4.148808002471923828e+00
4.717771053314208984e+00
4.595849037170410156e+00
5.301411628723144531e+00
4.607579946517944336e+00
4.426491022109985352e+00
5.590841054916381836e+00
3.434420108795166016e+00
4.769838094711303711e+00
4.355673074722290039e+00
4.251516103744506836e+00
4.295017957687377930e+00
4.178511857986450195e+00
4.460271120071411133e+00
2.400190114974975586e+00
4.675230026245117188e+00
4.478395700454711914e+00
4.627297878265380859e+00
5.847769021987915039e+00
4.655556678771972656e+00
4.471785068511962891e+00
4.656589984893798828e+00
6.300544023513793945e+00
5.801193237304687500e+00
4.227269887924194336e+00
4.057647943496704102e+00
4.830982923507690430e+00
4.237993001937866211e+00
4.271981954574584961e+00
5.044766902923583984e+00
4.274897098541259766e+00
4.016635179519653320e+00
4.539085149765014648e+00
4.732344865798950195e+00
4.582979917526245117e+00
2.797884941101074219e+00
4.350975990295410156e+00
5.046604871749877930e+00
4.503423929214477539e+00
3.266834020614624023e+00
3.866340875625610352e+00
3.665493011474609375e+00
4.430789947509765625e+00
2.962980270385742188e+00
2.891384124755859375e+00
4.199675083160400391e+00
8.238990068435668945e+00
3.930201768875122070e+00
6.050232172012329102e+00
4.037158966064453125e+00
4.839417219161987305e+00
3.812510967254638672e+00
4.465799093246459961e+00
4.738811969757080078e+00
4.043357372283935547e+00
4.009037971496582031e+00
4.819008111953735352e+00
5.151058912277221680e+00
3.213637113571166992e+00
4.142501115798950195e+00
4.036693811416625977e+00
4.572520017623901367e+00
3.276330947875976562e+00
3.172929048538208008e+00
5.148628950119018555e+00
4.054195880889892578e+00
3.285722255706787109e+00
4.039042949676513672e+00
4.566677093505859375e+00
4.118873119354248047e+00
4.980345964431762695e+00
2.876993179321289062e+00
3.084739923477172852e+00
4.263607025146484375e+00
4.926533222198486328e+00
3.598887205123901367e+00
4.249720811843872070e+00
5.138150930404663086e+00
5.342078208923339844e+00
4.498494863510131836e+00
4.622653245925903320e+00
3.761126041412353516e+00
4.888047933578491211e+00
4.205506086349487305e+00
2.280360937118530273e+00
3.406862020492553711e+00
4.648000001907348633e+00
4.379222631454467773e+00
3.711616992950439453e+00
6.103656053543090820e+00
2.847043275833129883e+00
4.888231754302978516e+00
3.609456062316894531e+00
6.219824075698852539e+00
5.248203039169311523e+00
2.893939018249511719e+00
3.061286211013793945e+00
3.577412843704223633e+00
4.556326866149902344e+00
4.323620080947875977e+00
4.176949024200439453e+00
4.749588966369628906e+00
3.774810075759887695e+00
3.114120960235595703e+00
3.643074989318847656e+00
3.341214895248413086e+00
4.727306127548217773e+00
3.196518898010253906e+00
3.541522026062011719e+00
3.852153062820434570e+00
3.497976064682006836e+00
3.827156066894531250e+00
3.716312170028686523e+00
3.062526941299438477e+00
4.574956178665161133e+00
3.869771003723144531e+00
4.849854946136474609e+00
3.743277072906494141e+00
3.911556243896484375e+00
3.783329963684082031e+00
3.777012109756469727e+00
3.298486709594726562e+00
3.783617019653320312e+00
3.404187917709350586e+00
3.975675821304321289e+00
3.846423149108886719e+00
3.356131076812744141e+00
3.900674104690551758e+00
3.609600067138671875e+00
3.288772821426391602e+00
2.697562932968139648e+00
3.837062120437622070e+00
2.924288988113403320e+00
3.422101020812988281e+00
3.307697057723999023e+00
3.348954916000366211e+00
5.111210823059082031e+00
3.583022117614746094e+00
3.467836141586303711e+00
3.549173116683959961e+00
3.950244188308715820e+00
4.198004961013793945e+00
3.959285020828247070e+00
3.655076026916503906e+00
3.401918888092041016e+00
3.713807106018066406e+00
3.798022747039794922e+00
4.021575927734375000e+00
5.736037015914916992e+00
3.631489992141723633e+00
3.131721973419189453e+00
4.325191974639892578e+00
3.685229063034057617e+00
4.076042175292968750e+00
3.942237854003906250e+00
3.182796955108642578e+00
4.057902097702026367e+00
3.468764305114746094e+00
4.492091894149780273e+00
3.751781225204467773e+00
3.302415847778320312e+00
4.193362951278686523e+00
4.285240650177001953e+00
4.496744155883789062e+00
3.769773960113525391e+00
3.691127061843872070e+00
4.219126224517822266e+00
3.485239982604980469e+00
3.525149106979370117e+00
3.110213994979858398e+00
3.917506933212280273e+00
4.424133062362670898e+00
3.681766986846923828e+00
4.624699115753173828e+00
3.817291021347045898e+00
4.431824207305908203e+00
5.415410041809082031e+00
4.577444791793823242e+00
4.726495265960693359e+00
4.625895977020263672e+00
4.468842029571533203e+00
4.646755695343017578e+00
3.906144142150878906e+00
4.647488117218017578e+00
4.740808010101318359e+00
4.730047941207885742e+00
3.982073783874511719e+00
4.652230978012084961e+00
4.708315849304199219e+00
3.999382019042968750e+00
4.647664308547973633e+00
3.722408771514892578e+00
4.285281896591186523e+00
3.041616916656494141e+00
4.239702939987182617e+00
5.078108787536621094e+00
4.785516977310180664e+00
5.644302129745483398e+00
5.167772769927978516e+00
4.269019365310668945e+00
4.259373903274536133e+00
4.249181985855102539e+00
4.244562149047851562e+00
4.364689350128173828e+00
4.386386156082153320e+00
4.335897684097290039e+00
5.261971950531005859e+00
5.163942098617553711e+00
3.947133779525756836e+00
5.418218851089477539e+00
4.168401956558227539e+00
3.367129087448120117e+00
4.435304880142211914e+00
4.014572143554687500e+00
4.489977121353149414e+00
4.548368930816650391e+00
5.189635992050170898e+00
4.126317262649536133e+00
3.200218200683593750e+00
4.606224060058593750e+00
4.503046035766601562e+00
3.883095979690551758e+00
5.191546916961669922e+00
4.772106170654296875e+00
4.149424791336059570e+00
4.830000162124633789e+00
4.155720949172973633e+00
2.910035848617553711e+00
4.027925014495849609e+00
4.051335811614990234e+00
4.024236917495727539e+00
4.107127904891967773e+00
4.592589139938354492e+00
4.434993982315063477e+00
4.066619157791137695e+00
5.026755094528198242e+00
3.823576927185058594e+00
3.443184137344360352e+00
5.164354085922241211e+00
4.232777118682861328e+00
3.989624977111816406e+00
4.144619941711425781e+00
4.176862955093383789e+00
3.873487234115600586e+00
4.151126861572265625e+00
4.113145112991333008e+00
3.869304180145263672e+00
3.376482009887695312e+00
4.075201988220214844e+00
4.387707948684692383e+00
4.133569955825805664e+00
4.390898942947387695e+00
5.926657915115356445e+00
4.178875207901000977e+00
3.925606966018676758e+00
5.286528110504150391e+00
4.620016813278198242e+00
4.557170867919921875e+00
3.442099809646606445e+00
4.012313127517700195e+00
4.954377174377441406e+00
3.982125043869018555e+00
4.648130893707275391e+00
5.016136884689331055e+00
5.407620906829833984e+00
5.277565002441406250e+00
4.107676982879638672e+00
3.576322078704833984e+00
3.666033029556274414e+00
4.374242067337036133e+00
4.971758842468261719e+00
4.789678812026977539e+00
5.395646095275878906e+00
4.063046932220458984e+00
3.716777086257934570e+00
4.385663986206054688e+00
5.554254293441772461e+00
3.754679203033447266e+00
3.058007717132568359e+00
4.197946786880493164e+00
3.835520982742309570e+00
3.789611816406250000e+00
3.446587324142456055e+00
4.562863111495971680e+00
3.614768743515014648e+00
5.686058998107910156e+00
4.288078784942626953e+00
4.804206132888793945e+00
4.251293897628784180e+00
4.532917976379394531e+00
3.368061780929565430e+00
4.037820339202880859e+00
4.706310749053955078e+00
4.654062032699584961e+00
5.921921968460083008e+00
4.273983955383300781e+00
5.692515850067138672e+00
4.309936761856079102e+00
4.815235137939453125e+00
4.371438980102539062e+00
4.832857847213745117e+00
4.702347993850708008e+00
3.547852754592895508e+00
3.446277141571044922e+00
4.799976825714111328e+00
4.132128000259399414e+00
3.572320938110351562e+00
5.002460718154907227e+00
4.099277019500732422e+00
3.854748964309692383e+00
4.872498750686645508e+00
5.502301931381225586e+00
3.649734973907470703e+00
4.860334157943725586e+00
4.058737754821777344e+00
5.183526992797851562e+00
3.063612937927246094e+00
4.964687108993530273e+00
5.261367082595825195e+00
4.850934743881225586e+00
3.483144283294677734e+00
3.127386093139648438e+00
5.544526100158691406e+00
4.478270769119262695e+00
4.824507951736450195e+00
5.046631097793579102e+00
5.295282840728759766e+00
5.035350084304809570e+00
5.543364048004150391e+00
4.240871906280517578e+00
7.190552949905395508e+00
4.266578912734985352e+00
4.568372964859008789e+00
3.882624864578247070e+00
4.010207176208496094e+00
4.566854953765869141e+00
5.338687896728515625e+00
4.503381967544555664e+00
5.783217191696166992e+00
5.111108064651489258e+00
5.205514907836914062e+00
4.405484676361083984e+00
4.739255666732788086e+00
5.800295114517211914e+00
5.424205064773559570e+00
4.185400962829589844e+00
5.767833232879638672e+00
3.844945192337036133e+00
4.485260963439941406e+00
5.768924951553344727e+00
4.297083139419555664e+00
5.469241142272949219e+00
5.224496841430664062e+00
3.874730110168457031e+00
4.729310035705566406e+00
4.517730951309204102e+00
4.576167821884155273e+00
3.948725938796997070e+00
4.763411998748779297e+00
4.167918920516967773e+00
4.707597732543945312e+00
6.069249153137207031e+00
5.620046854019165039e+00
3.724056005477905273e+00
5.209877967834472656e+00
5.620739936828613281e+00
5.900498867034912109e+00
4.296746015548706055e+00
4.077127933502197266e+00
4.549747943878173828e+00
3.365667104721069336e+00
4.667832136154174805e+00
4.672148942947387695e+00
4.799457073211669922e+00
4.587965965270996094e+00
3.237033128738403320e+00
6.078438758850097656e+00
4.885336160659790039e+00
4.572089910507202148e+00
4.816181898117065430e+00
4.486546039581298828e+00
3.767622232437133789e+00
4.290266036987304688e+00
4.812212944030761719e+00
3.152606964111328125e+00
3.408910036087036133e+00
3.993633031845092773e+00
4.425166845321655273e+00
4.933630943298339844e+00
4.395579814910888672e+00
3.973518133163452148e+00
3.718516111373901367e+00
4.914017915725708008e+00
4.593487024307250977e+00
4.732565879821777344e+00
5.093240976333618164e+00
5.144259691238403320e+00
5.316854953765869141e+00
5.802302837371826172e+00
5.081779003143310547e+00
3.599863767623901367e+00
3.365231037139892578e+00
3.423843145370483398e+00
5.465265989303588867e+00
5.092534065246582031e+00
5.538722991943359375e+00
3.818127155303955078e+00
5.224628925323486328e+00
3.584793090820312500e+00
5.378311872482299805e+00
3.490358114242553711e+00
3.172022104263305664e+00
3.994553804397583008e+00
3.146846055984497070e+00
3.426893949508666992e+00
5.322693824768066406e+00
3.502681016921997070e+00
3.340803623199462891e+00
3.709678173065185547e+00
3.600599050521850586e+00
3.757058858871459961e+00
3.360209941864013672e+00
2.845761060714721680e+00
3.280357122421264648e+00
3.981416940689086914e+00
3.911765098571777344e+00
3.761008262634277344e+00
3.903047800064086914e+00
4.479909181594848633e+00
3.256404876708984375e+00
5.011509895324707031e+00
3.238869667053222656e+00
4.198556900024414062e+00
4.339206933975219727e+00
3.627946853637695312e+00
3.879020929336547852e+00
5.074269771575927734e+00
3.320368766784667969e+00
5.612707138061523438e+00
4.323760032653808594e+00
4.327498912811279297e+00
5.683840751647949219e+00
3.544357299804687500e+00
5.452167272567749023e+00
3.038610219955444336e+00
4.320231914520263672e+00
3.596450805664062500e+00
3.848104000091552734e+00
2.875910758972167969e+00
3.602330923080444336e+00
4.068974971771240234e+00
5.293741941452026367e+00
3.765164136886596680e+00
3.563070297241210938e+00
3.200500011444091797e+00
3.237622976303100586e+00
3.625227928161621094e+00
4.998877763748168945e+00
3.338182210922241211e+00
3.029830217361450195e+00
3.428041934967041016e+00
4.449874877929687500e+00
3.960732936859130859e+00
4.248840093612670898e+00
3.743900775909423828e+00
3.004019975662231445e+00
3.785240650177001953e+00
3.324200868606567383e+00
3.483201026916503906e+00
4.611952066421508789e+00
3.539964914321899414e+00
3.560355186462402344e+00
3.580619096755981445e+00
3.581769943237304688e+00
4.105007171630859375e+00
3.880537033081054688e+00
3.348091125488281250e+00
4.093842983245849609e+00
4.018491268157958984e+00
4.020763158798217773e+00
3.210427284240722656e+00
4.008400917053222656e+00
3.734978914260864258e+00
3.755691766738891602e+00
2.773629903793334961e+00
4.011584997177124023e+00
3.948692083358764648e+00
3.734791040420532227e+00
4.114328861236572266e+00
3.888013124465942383e+00
3.536272048950195312e+00
2.983114957809448242e+00
4.610117197036743164e+00
3.348863124847412109e+00
3.617164611816406250e+00
3.176911115646362305e+00
3.761560201644897461e+00
3.975126743316650391e+00
4.306510210037231445e+00
3.814977169036865234e+00
4.268355846405029297e+00
4.334410905838012695e+00
3.460746288299560547e+00
3.145355939865112305e+00
3.860985040664672852e+00
3.319056987762451172e+00
3.273216009140014648e+00
4.084631919860839844e+00
3.982933998107910156e+00
3.437540769577026367e+00
4.099759817123413086e+00
3.604426145553588867e+00
4.668665170669555664e+00
4.442084074020385742e+00
3.970471143722534180e+00
3.937482118606567383e+00
3.635168075561523438e+00
3.735355854034423828e+00
3.956959009170532227e+00
4.575257062911987305e+00
4.264208078384399414e+00
4.303658008575439453e+00
4.963021993637084961e+00
4.118878841400146484e+00
4.119065761566162109e+00
4.669029235839843750e+00
4.140473127365112305e+00
4.202645063400268555e+00
3.615437269210815430e+00
4.563707828521728516e+00
4.630425691604614258e+00
4.055629014968872070e+00
4.513594865798950195e+00
4.526723146438598633e+00
3.525522232055664062e+00
3.460047006607055664e+00
4.545759916305541992e+00
4.227448701858520508e+00
3.557223081588745117e+00
4.087620019912719727e+00
3.327962875366210938e+00
4.073414802551269531e+00
3.715933799743652344e+00
4.163217067718505859e+00
5.202517986297607422e+00
3.619612932205200195e+00
4.176665067672729492e+00
4.589414834976196289e+00
3.701239109039306641e+00
4.797663927078247070e+00
3.445607900619506836e+00
4.587521076202392578e+00
3.541850090026855469e+00
3.480501890182495117e+00
4.596251010894775391e+00
4.181129932403564453e+00
4.996581315994262695e+00
4.975363016128540039e+00
4.323786973953247070e+00
3.577723026275634766e+00
4.416586875915527344e+00
4.537718057632446289e+00
3.586414098739624023e+00
3.969076871871948242e+00
5.509294986724853516e+00
3.703773975372314453e+00
3.886965036392211914e+00
3.120308160781860352e+00
3.919028997421264648e+00
4.070047140121459961e+00
2.922486066818237305e+00
4.299156427383422852e+00
4.650588035583496094e+00
3.320377826690673828e+00
3.673527002334594727e+00
5.035148620605468750e+00
4.505541801452636719e+00
5.070989847183227539e+00
4.389333009719848633e+00
4.995163917541503906e+00
3.773930072784423828e+00
3.973465919494628906e+00
4.208848953247070312e+00
5.443551063537597656e+00
4.080772161483764648e+00
5.167161941528320312e+00
5.214104652404785156e+00
3.501186847686767578e+00
4.394961118698120117e+00
4.395204782485961914e+00
3.679461717605590820e+00
4.513125896453857422e+00
3.821634054183959961e+00
4.334966897964477539e+00
3.863121032714843750e+00
4.415852069854736328e+00
4.674035787582397461e+00
5.150067329406738281e+00
3.853656053543090820e+00
3.945528030395507812e+00
3.386059999465942383e+00
4.620601177215576172e+00
5.420776844024658203e+00
4.603286027908325195e+00
4.405001878738403320e+00
4.451507806777954102e+00
5.417415142059326172e+00
5.183496952056884766e+00
3.437085866928100586e+00
4.623862981796264648e+00
4.762030839920043945e+00
4.327740907669067383e+00
4.381161928176879883e+00
4.793219089508056641e+00
4.801599979400634766e+00
4.386582136154174805e+00
4.367323875427246094e+00
4.234192132949829102e+00
4.321161270141601562e+00
3.979177951812744141e+00
4.711484193801879883e+00
3.968906164169311523e+00
3.967085123062133789e+00
4.280836105346679688e+00
3.031507968902587891e+00
4.706304073333740234e+00
4.280230045318603516e+00
4.736387968063354492e+00
4.016831874847412109e+00
5.075072050094604492e+00
5.494056940078735352e+00
4.213062763214111328e+00
4.175076007843017578e+00
4.165641069412231445e+00
4.840720176696777344e+00
4.197292089462280273e+00
4.377283096313476562e+00
5.169377088546752930e+00
4.272412061691284180e+00
4.965845108032226562e+00
3.546553850173950195e+00
4.869747161865234375e+00
4.410185098648071289e+00
5.302907228469848633e+00
5.062935113906860352e+00
5.910884141921997070e+00
3.574270009994506836e+00
4.360869884490966797e+00
4.327076196670532227e+00
3.911798954010009766e+00
4.517765045166015625e+00
4.770669937133789062e+00
3.994720935821533203e+00
4.437934160232543945e+00
4.093844890594482422e+00
3.889696836471557617e+00
6.475278139114379883e+00
4.162932872772216797e+00
4.178327083587646484e+00
4.023102045059204102e+00
3.547569751739501953e+00
3.508288145065307617e+00
4.783971786499023438e+00
4.165632963180541992e+00
4.477168798446655273e+00
4.393937110900878906e+00
4.714479684829711914e+00
2.826428890228271484e+00
3.618266105651855469e+00
3.577866077423095703e+00
3.659142971038818359e+00
5.253113269805908203e+00
3.754038810729980469e+00
6.019228935241699219e+00
4.066058874130249023e+00
4.330399036407470703e+00
4.351619005203247070e+00
3.836253881454467773e+00
4.365580797195434570e+00
4.778439044952392578e+00
5.642516851425170898e+00
3.429082155227661133e+00
4.003469228744506836e+00
4.256974935531616211e+00
3.941508769989013672e+00
4.135772943496704102e+00
4.976320028305053711e+00
3.829458951950073242e+00
4.341891765594482422e+00
4.778388023376464844e+00
4.042474985122680664e+00
4.546200037002563477e+00
4.569493055343627930e+00
2.941897869110107422e+00
2.909279823303222656e+00
4.394176006317138672e+00
4.643976926803588867e+00
2.470991134643554688e+00
3.511276721954345703e+00
4.719588041305541992e+00
2.544538259506225586e+00
5.774960994720458984e+00
5.567619085311889648e+00
3.608264923095703125e+00
4.647830963134765625e+00
4.104432106018066406e+00
4.773675203323364258e+00
4.870493412017822266e+00
4.204647779464721680e+00
3.346696853637695312e+00
3.375535011291503906e+00
6.267328977584838867e+00
4.545155048370361328e+00
3.423538923263549805e+00
3.719048023223876953e+00
4.740566968917846680e+00
4.996185064315795898e+00
4.963680267333984375e+00
4.485126972198486328e+00
3.668969154357910156e+00
4.490636825561523438e+00
4.325803756713867188e+00
5.194571018218994141e+00
4.575670003890991211e+00
2.810132980346679688e+00
2.837467908859252930e+00
4.113879919052124023e+00
3.152517795562744141e+00
2.280920743942260742e+00
4.821768045425415039e+00
3.494008064270019531e+00
3.715987920761108398e+00
2.810235023498535156e+00
3.146052122116088867e+00
4.603360891342163086e+00
2.820650100708007812e+00
4.662160158157348633e+00
4.321416139602661133e+00
3.168647050857543945e+00
3.593353986740112305e+00
3.777991771697998047e+00
3.683549880981445312e+00
4.148663759231567383e+00
3.267949104309082031e+00
4.961292982101440430e+00
3.909501314163208008e+00
4.295718908309936523e+00
5.175158977508544922e+00
5.629283189773559570e+00
6.010906219482421875e+00
4.496284961700439453e+00
4.248526096343994141e+00
3.752369880676269531e+00
5.066220045089721680e+00
5.996739864349365234e+00
4.325881004333496094e+00
4.588498115539550781e+00
3.746903181076049805e+00
3.556823968887329102e+00
3.982536792755126953e+00
6.101926803588867188e+00
3.392421960830688477e+00
3.371584177017211914e+00
3.307018041610717773e+00
4.835726976394653320e+00
3.278789043426513672e+00
4.020596981048583984e+00
5.414654970169067383e+00
3.615445137023925781e+00
2.877834081649780273e+00
3.608301162719726562e+00
2.643066883087158203e+00
4.017965078353881836e+00
4.280837059020996094e+00
4.823249101638793945e+00
2.993285894393920898e+00
4.240060806274414062e+00
4.779464960098266602e+00
5.665252208709716797e+00
3.871762990951538086e+00
3.037280082702636719e+00
2.999137878417968750e+00
4.308875083923339844e+00
3.023020029067993164e+00
4.215596199035644531e+00
3.907179594039916992e+00
2.931058168411254883e+00
4.498985052108764648e+00
3.870034933090209961e+00
4.071389913558959961e+00
4.407291173934936523e+00
4.394111871719360352e+00
2.861660957336425781e+00
4.081554889678955078e+00
3.063609838485717773e+00
3.160175800323486328e+00
3.722411155700683594e+00
3.521198034286499023e+00
4.119685888290405273e+00
3.275588989257812500e+00
4.348927021026611328e+00
4.434437036514282227e+00
3.259840011596679688e+00
4.223556280136108398e+00
3.635880231857299805e+00
3.527916193008422852e+00
6.416418075561523438e+00
4.585535049438476562e+00
5.483500003814697266e+00
4.430046319961547852e+00
4.436604022979736328e+00
4.405550956726074219e+00
3.115793943405151367e+00
3.331111192703247070e+00
4.084141731262207031e+00
4.526949882507324219e+00
3.422174930572509766e+00
3.686093091964721680e+00
3.615118741989135742e+00
4.411280155181884766e+00
5.385123968124389648e+00
4.155146121978759766e+00
3.369532108306884766e+00
3.918172836303710938e+00
5.529036045074462891e+00
3.624478101730346680e+00
3.610978126525878906e+00
4.315767049789428711e+00
3.444566965103149414e+00
3.542664051055908203e+00
3.140166282653808594e+00
3.205511093139648438e+00
3.953265190124511719e+00
4.730286836624145508e+00
5.509191036224365234e+00
3.450900793075561523e+00
3.429893255233764648e+00
4.026795864105224609e+00
3.244170904159545898e+00
3.503257274627685547e+00
3.220087051391601562e+00
6.934459209442138672e+00
4.071754932403564453e+00
3.547213077545166016e+00
3.527926921844482422e+00
3.693856954574584961e+00
3.655251979827880859e+00
3.941483020782470703e+00
3.979481935501098633e+00
3.009023189544677734e+00
3.420527219772338867e+00
4.744161844253540039e+00
4.419667959213256836e+00
4.717190980911254883e+00
4.012679100036621094e+00
4.035979032516479492e+00
3.494027137756347656e+00
3.173219919204711914e+00
4.371522903442382812e+00
4.290276288986206055e+00
4.068588018417358398e+00
4.113263845443725586e+00
3.757412195205688477e+00
3.841258049011230469e+00
3.686012983322143555e+00
3.319257020950317383e+00
5.291807889938354492e+00
3.364526033401489258e+00
3.989096879959106445e+00
3.350113153457641602e+00
4.019462108612060547e+00
3.488307952880859375e+00
4.620853185653686523e+00
3.861581087112426758e+00
4.228724002838134766e+00
5.034608840942382812e+00
3.845631837844848633e+00
4.133320808410644531e+00
3.438120126724243164e+00
3.778337001800537109e+00
4.198817014694213867e+00
4.000574827194213867e+00
3.404012203216552734e+00
4.270703077316284180e+00
2.967581987380981445e+00
4.307547092437744141e+00
3.758537292480468750e+00
4.413973093032836914e+00
3.182202816009521484e+00
3.962146997451782227e+00
3.048509836196899414e+00
4.275418758392333984e+00
3.798824787139892578e+00
4.196518898010253906e+00
4.366642951965332031e+00
4.350082635879516602e+00
4.268123149871826172e+00
3.902496099472045898e+00
3.366770029067993164e+00
5.079960107803344727e+00
4.111971855163574219e+00
3.645369291305541992e+00
3.976067066192626953e+00
3.532810926437377930e+00
4.241612911224365234e+00
5.049107074737548828e+00
3.934909105300903320e+00
3.744186878204345703e+00
3.732706785202026367e+00
4.290348052978515625e+00
3.563311100006103516e+00
3.501268863677978516e+00
4.105610847473144531e+00
4.233922958374023438e+00
4.595287084579467773e+00
4.155993700027465820e+00
4.353523969650268555e+00
4.843080043792724609e+00
4.281136035919189453e+00
3.921730995178222656e+00
3.838083744049072266e+00
4.060782909393310547e+00
4.345313072204589844e+00
4.118186950683593750e+00
4.770618915557861328e+00
4.021785736083984375e+00
3.826253175735473633e+00
3.523725032806396484e+00
4.761034011840820312e+00
4.679569959640502930e+00
4.071181058883666992e+00
3.416274785995483398e+00
4.104187011718750000e+00
3.472377061843872070e+00
3.591145038604736328e+00
4.525965213775634766e+00
3.038341045379638672e+00
4.570063114166259766e+00
3.245943069458007812e+00
3.838572978973388672e+00
4.256720066070556641e+00
4.160300016403198242e+00
3.712085962295532227e+00
5.149417877197265625e+00
4.614937067031860352e+00
4.449703931808471680e+00
3.591426134109497070e+00
5.137655973434448242e+00
3.920677900314331055e+00
4.423074960708618164e+00
4.179172754287719727e+00
5.294384956359863281e+00
4.684952259063720703e+00
5.178457021713256836e+00
5.008780956268310547e+00
3.732400894165039062e+00
5.356950044631958008e+00
4.756354808807373047e+00
3.866291046142578125e+00
4.866580963134765625e+00
4.618589878082275391e+00
4.220251798629760742e+00
3.931173086166381836e+00
3.886406898498535156e+00
3.294169664382934570e+00
5.459769010543823242e+00
3.549413681030273438e+00
3.939944982528686523e+00
3.564134836196899414e+00
3.578424930572509766e+00
3.742146015167236328e+00
3.086782217025756836e+00
5.073438882827758789e+00
3.888615131378173828e+00
3.975700855255126953e+00
5.532370805740356445e+00
4.401018857955932617e+00
3.683998823165893555e+00
3.599540948867797852e+00
3.668140172958374023e+00
3.048470020294189453e+00
3.573997974395751953e+00
3.490255832672119141e+00
4.274245262145996094e+00
4.220712900161743164e+00
3.571740865707397461e+00
4.302170991897583008e+00
3.626428842544555664e+00
3.611562013626098633e+00
4.022837877273559570e+00
4.002089977264404297e+00
4.417908906936645508e+00
4.456984043121337891e+00
5.105642080307006836e+00
4.085832357406616211e+00
2.554477930068969727e+00
4.352277994155883789e+00
5.445879936218261719e+00
5.202010869979858398e+00
3.402151823043823242e+00
4.104061841964721680e+00
3.751502990722656250e+00
4.122988939285278320e+00
3.745952129364013672e+00
4.648055076599121094e+00
3.392484188079833984e+00
4.195423841476440430e+00
3.322385072708129883e+00
3.754684925079345703e+00
3.281368017196655273e+00
3.652046203613281250e+00
4.356883049011230469e+00
3.680580854415893555e+00
3.582058906555175781e+00
3.666236877441406250e+00
3.830570936203002930e+00
4.503339052200317383e+00
4.672670841217041016e+00
3.753293037414550781e+00
3.780898094177246094e+00
3.770612001419067383e+00
5.624668836593627930e+00
4.688126087188720703e+00
3.548662900924682617e+00
4.332222938537597656e+00
4.631031036376953125e+00
3.883687257766723633e+00
3.993425846099853516e+00
4.043036222457885742e+00
3.719841718673706055e+00
3.570760965347290039e+00
3.930444002151489258e+00
3.304764986038208008e+00
3.695143938064575195e+00
4.788022994995117188e+00
3.857773065567016602e+00
3.887942075729370117e+00
4.248469829559326172e+00
4.839624166488647461e+00
5.134845972061157227e+00
3.894488096237182617e+00
4.265480041503906250e+00
4.108363866806030273e+00
3.922505140304565430e+00
3.240927934646606445e+00
4.193670749664306641e+00
3.899905204772949219e+00
5.324810981750488281e+00
5.042962074279785156e+00
3.321530818939208984e+00
4.690520048141479492e+00
4.105818986892700195e+00
4.482488155364990234e+00
3.917626857757568359e+00
4.121381044387817383e+00
3.977364063262939453e+00
4.317090034484863281e+00
4.853427886962890625e+00
4.181148290634155273e+00
4.421878099441528320e+00
3.954039812088012695e+00
4.404650926589965820e+00
3.999790906906127930e+00
4.742727279663085938e+00
4.183063983917236328e+00
3.578085899353027344e+00
3.563683986663818359e+00
3.407890796661376953e+00
3.429832935333251953e+00
4.361746311187744141e+00
5.608855247497558594e+00
4.462790966033935547e+00
3.873096942901611328e+00
4.600144863128662109e+00
4.223225831985473633e+00
4.522245168685913086e+00
4.445966958999633789e+00
3.228404998779296875e+00
4.171026229858398438e+00
3.442229986190795898e+00
4.564179897308349609e+00
3.318856954574584961e+00
3.804320812225341797e+00
4.492650985717773438e+00
3.977679014205932617e+00
4.489747047424316406e+00
3.711120128631591797e+00
4.758012056350708008e+00
4.493901014328002930e+00
4.758913755416870117e+00
3.818915128707885742e+00
4.631686925888061523e+00
3.431939840316772461e+00
3.442053794860839844e+00
4.681386947631835938e+00
3.948598146438598633e+00
4.797175168991088867e+00
5.314696788787841797e+00
4.066118001937866211e+00
4.048653125762939453e+00
3.253342151641845703e+00
3.242987155914306641e+00
3.946913003921508789e+00
3.865939140319824219e+00
3.855998992919921875e+00
3.711497068405151367e+00
4.266485214233398438e+00
3.983344793319702148e+00
5.050965070724487305e+00
3.340641021728515625e+00
4.357152938842773438e+00
5.390734672546386719e+00
3.522663831710815430e+00
4.438790798187255859e+00
4.531216859817504883e+00
3.944878101348876953e+00
3.306845188140869141e+00
5.464934825897216797e+00
4.451768159866333008e+00
5.427271127700805664e+00
4.064219236373901367e+00
3.677670001983642578e+00
4.280270099639892578e+00
3.825894832611083984e+00
4.312643051147460938e+00
4.128172159194946289e+00
3.149505138397216797e+00
3.882668018341064453e+00
3.734891176223754883e+00
5.109615087509155273e+00
3.548398971557617188e+00
6.019419908523559570e+00
3.955321073532104492e+00
3.688035964965820312e+00
4.088757038116455078e+00
5.693185806274414062e+00
4.517261028289794922e+00
4.382312297821044922e+00
5.550791978836059570e+00
5.043900012969970703e+00
4.463011026382446289e+00
4.424994707107543945e+00
3.902641057968139648e+00
5.365585088729858398e+00
3.343859195709228516e+00
4.568186998367309570e+00
3.314600944519042969e+00
4.808406114578247070e+00
5.648643732070922852e+00
5.313539743423461914e+00
3.949592113494873047e+00
3.557710170745849609e+00
4.116452932357788086e+00
3.835318088531494141e+00
4.132761955261230469e+00
4.103987932205200195e+00
4.730234861373901367e+00
5.025586843490600586e+00
4.157537937164306641e+00
3.817235231399536133e+00
3.848087787628173828e+00
4.374408006668090820e+00
3.423694133758544922e+00
4.271994113922119141e+00
3.827616930007934570e+00
4.088101148605346680e+00
3.908586025238037109e+00
4.718846082687377930e+00
3.820278167724609375e+00
4.243138074874877930e+00
3.193171977996826172e+00
4.433036088943481445e+00
3.697561740875244141e+00
4.302999973297119141e+00
4.036757946014404297e+00
3.877969264984130859e+00
4.726722240447998047e+00
4.404072761535644531e+00
4.563738107681274414e+00
4.170725345611572266e+00
4.356007099151611328e+00
4.341840028762817383e+00
4.989891767501831055e+00
4.190313816070556641e+00
4.654548168182373047e+00
3.647623777389526367e+00
5.446380138397216797e+00
3.960808038711547852e+00
3.803058862686157227e+00
3.547482013702392578e+00
4.422863721847534180e+00
4.400886058807373047e+00
5.342365026473999023e+00
4.252894163131713867e+00
5.557713985443115234e+00
4.295071125030517578e+00
4.682307004928588867e+00
4.697043180465698242e+00
3.124559164047241211e+00
4.440672159194946289e+00
3.800757169723510742e+00
3.507033109664916992e+00
3.416758775711059570e+00
4.672572851181030273e+00
3.972471952438354492e+00
5.600581169128417969e+00
4.513909101486206055e+00
4.006786823272705078e+00
4.012860774993896484e+00
4.007470130920410156e+00
4.323933839797973633e+00
4.186977148056030273e+00
5.087428808212280273e+00
3.864257812500000000e+00
4.498097896575927734e+00
4.604658126831054688e+00
3.444422006607055664e+00
4.622292041778564453e+00
2.726501226425170898e+00
4.974972009658813477e+00
3.227597951889038086e+00
4.027655839920043945e+00
3.490597248077392578e+00
4.305186033248901367e+00
3.222091913223266602e+00
4.594507932662963867e+00
3.586235761642456055e+00
3.294883012771606445e+00
2.930963993072509766e+00
6.002137184143066406e+00
3.340249061584472656e+00
3.041188240051269531e+00
2.831332921981811523e+00
2.946131229400634766e+00
3.452995061874389648e+00
3.522520780563354492e+00
3.223398685455322266e+00
3.736557960510253906e+00
3.542263031005859375e+00
3.489500045776367188e+00
3.309376001358032227e+00
4.306558847427368164e+00
3.313155174255371094e+00
3.794119358062744141e+00
3.825038194656372070e+00
4.996654033660888672e+00
3.725471973419189453e+00
3.270098924636840820e+00
3.985889911651611328e+00
4.505226135253906250e+00
3.548976182937622070e+00
4.733194112777709961e+00
4.523455858230590820e+00
5.478729009628295898e+00
3.285356044769287109e+00
4.147976875305175781e+00
3.781374931335449219e+00
3.646968126296997070e+00
3.496095180511474609e+00
3.640836954116821289e+00
4.303464889526367188e+00
4.500561237335205078e+00
4.930938720703125000e+00
3.962650299072265625e+00
3.536657094955444336e+00
4.255408048629760742e+00
3.468544006347656250e+00
6.150551080703735352e+00
3.293761968612670898e+00
4.129755258560180664e+00
4.280977964401245117e+00
4.548060178756713867e+00
4.517332792282104492e+00
3.418773889541625977e+00
3.108947992324829102e+00
3.698947906494140625e+00
4.118495941162109375e+00
4.581175088882446289e+00
5.434433698654174805e+00
3.874855041503906250e+00
4.664165735244750977e+00
3.768805980682373047e+00
4.955629110336303711e+00
4.301263809204101562e+00
3.603564977645874023e+00
4.396838903427124023e+00
3.233587026596069336e+00
3.598469018936157227e+00
4.109689950942993164e+00
4.818815946578979492e+00
4.102607011795043945e+00
4.602115869522094727e+00
4.949321031570434570e+00
3.995390892028808594e+00
4.836853027343750000e+00
5.419498920440673828e+00
4.552307128906250000e+00
3.725287199020385742e+00
3.765592098236083984e+00
3.888766050338745117e+00
5.778285264968872070e+00
3.188551187515258789e+00
6.493611097335815430e+00
4.197160005569458008e+00
2.795787096023559570e+00
3.315511941909790039e+00
4.128441095352172852e+00
3.477870941162109375e+00
3.760005950927734375e+00
3.980738162994384766e+00
3.763612270355224609e+00
6.622772932052612305e+00
4.162086248397827148e+00
4.289916276931762695e+00
5.203271150588989258e+00
6.364139795303344727e+00
3.023374795913696289e+00
3.060957193374633789e+00
4.862434864044189453e+00
4.909868717193603516e+00
3.657349109649658203e+00
3.082994937896728516e+00
4.961795091629028320e+00
5.002832174301147461e+00
2.575546741485595703e+00
3.164198875427246094e+00
4.295300245285034180e+00
3.700825929641723633e+00
3.619302272796630859e+00
4.315475940704345703e+00
3.931401014328002930e+00
3.492744922637939453e+00
5.146819114685058594e+00
3.655726194381713867e+00
3.815165996551513672e+00
4.562192916870117188e+00
3.989351987838745117e+00
3.923418998718261719e+00
4.648321866989135742e+00
3.866837739944458008e+00
2.733607053756713867e+00
5.207816362380981445e+00
4.856122970581054688e+00
3.714760065078735352e+00
5.280639886856079102e+00
4.254302978515625000e+00
4.582527160644531250e+00
4.409904003143310547e+00
5.640912055969238281e+00
3.873241901397705078e+00
5.106138229370117188e+00
3.480120897293090820e+00
3.494277000427246094e+00
5.010307073593139648e+00
3.494817972183227539e+00
3.900315999984741211e+00
3.660720825195312500e+00
3.110923051834106445e+00
6.565329074859619141e+00
3.715425968170166016e+00
2.664222955703735352e+00
2.783609867095947266e+00
3.994571924209594727e+00
5.196942806243896484e+00
3.455706119537353516e+00
4.035012006759643555e+00
4.077827930450439453e+00
3.491613864898681641e+00
3.780252218246459961e+00
4.523947000503540039e+00
4.926281929016113281e+00
4.211797714233398438e+00
3.221848249435424805e+00
3.785236835479736328e+00
3.859043121337890625e+00
4.560835838317871094e+00
4.157991886138916016e+00
3.398817777633666992e+00
3.954287767410278320e+00
2.739854097366333008e+00
3.315690040588378906e+00
3.328548669815063477e+00
4.007555007934570312e+00
4.018072128295898438e+00
2.818255901336669922e+00
3.010603904724121094e+00
3.482530117034912109e+00
2.912822008132934570e+00
3.076756000518798828e+00
3.116697072982788086e+00
3.470803976058959961e+00
4.154798984527587891e+00
3.442857027053833008e+00
4.160099744796752930e+00
4.081726789474487305e+00
3.470825910568237305e+00
3.364912033081054688e+00
3.183113098144531250e+00
3.435359954833984375e+00
3.359424114227294922e+00
3.203562021255493164e+00
4.174463987350463867e+00
3.321424245834350586e+00
3.673632144927978516e+00
3.875023126602172852e+00
3.675029039382934570e+00
3.288151741027832031e+00
4.103168964385986328e+00
3.539522647857666016e+00
3.849465847015380859e+00
3.824373006820678711e+00
3.568538904190063477e+00
3.832042932510375977e+00
3.852252960205078125e+00
3.822520971298217773e+00
3.832816123962402344e+00
4.587853908538818359e+00
3.926006078720092773e+00
3.266636133193969727e+00
3.302335977554321289e+00
4.126363039016723633e+00
3.440208911895751953e+00
3.076967954635620117e+00
3.732250928878784180e+00
4.112426996231079102e+00
4.478800058364868164e+00
4.624654769897460938e+00
4.652156114578247070e+00
4.517848014831542969e+00
4.656553983688354492e+00
4.096138000488281250e+00
4.505429983139038086e+00
4.178558826446533203e+00
4.358953952789306641e+00
4.772093772888183594e+00
4.273957014083862305e+00
4.804812908172607422e+00
4.352113246917724609e+00
5.959462165832519531e+00
5.460281848907470703e+00
4.771581888198852539e+00
5.348181009292602539e+00
4.819961786270141602e+00
4.510511875152587891e+00
4.619210004806518555e+00
4.723045110702514648e+00
6.068059921264648438e+00
4.232509136199951172e+00
4.286227226257324219e+00
5.709349870681762695e+00
3.486204862594604492e+00
5.058301925659179688e+00
4.429996013641357422e+00
3.725228071212768555e+00
3.803811788558959961e+00
4.819059371948242188e+00
3.992810249328613281e+00
4.761118173599243164e+00
3.851856946945190430e+00
5.329102277755737305e+00
5.515383720397949219e+00
5.346954107284545898e+00
6.183340072631835938e+00
5.148555994033813477e+00
4.282263994216918945e+00
4.329624176025390625e+00
5.864213943481445312e+00
5.860799074172973633e+00
5.806411981582641602e+00
3.107073783874511719e+00
5.328801155090332031e+00
3.889349699020385742e+00
5.718758106231689453e+00
4.451897859573364258e+00
5.635545969009399414e+00
5.551625967025756836e+00
3.646794080734252930e+00
5.182737112045288086e+00
4.284454822540283203e+00
5.316056013107299805e+00
5.026638031005859375e+00
4.583237886428833008e+00
4.338876247406005859e+00
5.805412054061889648e+00
4.029433012008666992e+00
5.919519901275634766e+00
3.874929904937744141e+00
4.251409292221069336e+00
5.215734004974365234e+00
4.631994009017944336e+00
3.485223770141601562e+00
4.718019723892211914e+00
3.721863985061645508e+00
5.203543186187744141e+00
4.191886186599731445e+00
4.305177211761474609e+00
4.455982923507690430e+00
4.793121099472045898e+00
4.210748910903930664e+00
4.338206291198730469e+00
4.520380258560180664e+00
4.516651153564453125e+00
4.381031036376953125e+00
4.657458782196044922e+00
4.583357095718383789e+00
5.543843269348144531e+00
4.311456918716430664e+00
3.919759988784790039e+00
4.586650848388671875e+00
4.534461259841918945e+00
4.496726036071777344e+00
3.682001113891601562e+00
4.707381010055541992e+00
4.199684143066406250e+00
5.530271053314208984e+00
4.247557878494262695e+00
5.536180973052978516e+00
3.442804098129272461e+00
4.271049976348876953e+00
4.524545192718505859e+00
6.039986848831176758e+00
5.395622968673706055e+00
5.987270116806030273e+00
6.129957199096679688e+00
4.458273887634277344e+00
5.195986986160278320e+00
3.906497716903686523e+00
3.764655113220214844e+00
4.657839298248291016e+00
4.058300018310546875e+00
5.838660955429077148e+00
4.864729881286621094e+00
4.347193002700805664e+00
4.667823076248168945e+00
4.403759956359863281e+00
5.833662033081054688e+00
3.301081180572509766e+00
4.739308118820190430e+00
4.938661813735961914e+00
4.905038118362426758e+00
4.467265129089355469e+00
3.867478132247924805e+00
6.222559928894042969e+00
4.636494874954223633e+00
6.412173032760620117e+00
6.409441947937011719e+00
4.365139961242675781e+00
4.920639991760253906e+00
4.645174026489257812e+00
6.180367946624755859e+00
3.846405267715454102e+00
4.430499076843261719e+00
5.739246129989624023e+00
4.939799070358276367e+00
5.076216936111450195e+00
4.335437059402465820e+00
4.150088071823120117e+00
4.892819881439208984e+00
3.463591814041137695e+00
6.210088253021240234e+00
3.831925153732299805e+00
5.514384031295776367e+00
4.730249881744384766e+00
3.482780933380126953e+00
4.850163936614990234e+00
4.417634963989257812e+00
4.185287952423095703e+00
5.249328851699829102e+00
6.324025630950927734e+00
6.916369915008544922e+00
6.357832908630371094e+00
5.020702838897705078e+00
4.992083072662353516e+00
7.004188060760498047e+00
5.032405138015747070e+00
2.845442056655883789e+00
5.137749910354614258e+00
6.191431999206542969e+00
4.592483758926391602e+00
3.773679256439208984e+00
6.581161260604858398e+00
4.253175973892211914e+00
5.605594873428344727e+00
5.496593952178955078e+00
5.011652708053588867e+00
5.209880113601684570e+00
6.185643196105957031e+00
6.701170921325683594e+00
2.945193052291870117e+00
4.281267881393432617e+00
3.283552885055541992e+00
5.082073211669921875e+00
5.080536127090454102e+00
6.415652990341186523e+00
6.349479913711547852e+00
6.474808216094970703e+00
4.810097932815551758e+00
4.256388902664184570e+00
5.335035800933837891e+00
3.018568754196166992e+00
7.877246856689453125e+00
5.482569932937622070e+00
4.142287969589233398e+00
4.430136919021606445e+00
6.583775997161865234e+00
4.725424766540527344e+00
6.631653785705566406e+00
4.565109014511108398e+00
3.037970781326293945e+00
4.823894023895263672e+00
4.696293830871582031e+00
5.802772998809814453e+00
6.110826015472412109e+00
5.083014011383056641e+00
5.370183944702148438e+00
3.079855918884277344e+00
5.126103639602661133e+00
4.850275754928588867e+00
3.402745962142944336e+00
3.464793920516967773e+00
5.250604152679443359e+00
5.642408132553100586e+00
3.173013210296630859e+00
5.658096075057983398e+00
6.912776947021484375e+00
6.089355945587158203e+00
4.305140972137451172e+00
6.454102039337158203e+00
6.847598075866699219e+00
4.875972986221313477e+00
5.208217144012451172e+00
3.448647022247314453e+00
4.983185768127441406e+00
5.257524967193603516e+00
5.393887042999267578e+00
7.113604068756103516e+00
4.534829854965209961e+00
5.222455024719238281e+00
4.875333070755004883e+00
5.087234020233154297e+00
3.087207794189453125e+00
5.223902225494384766e+00
6.628605842590332031e+00
5.624839782714843750e+00
3.244222164154052734e+00
2.670068979263305664e+00
5.051698923110961914e+00
5.311620712280273438e+00
3.332348823547363281e+00
3.275172948837280273e+00
5.044701337814331055e+00
5.826488018035888672e+00
3.628614187240600586e+00
5.360594987869262695e+00
5.665139198303222656e+00
2.904312849044799805e+00
3.664315223693847656e+00
5.116378784179687500e+00
3.005276918411254883e+00
2.914877891540527344e+00
5.584903955459594727e+00
5.743849039077758789e+00
3.058557987213134766e+00
5.338329076766967773e+00
6.499993085861206055e+00
4.266453027725219727e+00
3.164679288864135742e+00
3.492805719375610352e+00
5.960792779922485352e+00
2.863641023635864258e+00
3.569545030593872070e+00
3.240542173385620117e+00
3.383565902709960938e+00
2.912118911743164062e+00
4.524171113967895508e+00
3.408692836761474609e+00
3.347234010696411133e+00
3.412086963653564453e+00
3.160126209259033203e+00
3.614443063735961914e+00
3.853436946868896484e+00
4.271817207336425781e+00
5.745012998580932617e+00
3.230051994323730469e+00
4.145937919616699219e+00
6.257339954376220703e+00
3.427813768386840820e+00
3.441501855850219727e+00
3.185856103897094727e+00
4.640352964401245117e+00
3.185276031494140625e+00
3.263431310653686523e+00
4.037590026855468750e+00
6.327883005142211914e+00
3.663070917129516602e+00
3.287200927734375000e+00
3.838522195816040039e+00
3.114099979400634766e+00
3.199519872665405273e+00
3.943496227264404297e+00
3.541352033615112305e+00
6.203665256500244141e+00
3.889514207839965820e+00
3.317729949951171875e+00
3.448035001754760742e+00
3.397084951400756836e+00
4.786634922027587891e+00
3.466116189956665039e+00
3.599106073379516602e+00
4.992302894592285156e+00
3.813694953918457031e+00
2.846132993698120117e+00
3.871816158294677734e+00
5.297445058822631836e+00
4.288757085800170898e+00
4.751886844635009766e+00
4.104233980178833008e+00
3.799989700317382812e+00
3.759674072265625000e+00
3.847841024398803711e+00
4.592522144317626953e+00
4.017982244491577148e+00
5.082230091094970703e+00
3.473526000976562500e+00
3.735981941223144531e+00
4.705314159393310547e+00
3.978941202163696289e+00
3.509603738784790039e+00
3.559653282165527344e+00
3.596710920333862305e+00
4.061038970947265625e+00
5.457740783691406250e+00
3.829252004623413086e+00
4.480500936508178711e+00
3.777560710906982422e+00
4.028549909591674805e+00
4.135472297668457031e+00
4.029978752136230469e+00
4.069329261779785156e+00
3.477719068527221680e+00
3.024585008621215820e+00
3.660696029663085938e+00
4.090183973312377930e+00
3.639400959014892578e+00
3.501302003860473633e+00
4.107969999313354492e+00
3.994090080261230469e+00
3.667474031448364258e+00
4.274137973785400391e+00
4.093146324157714844e+00
4.065836906433105469e+00
4.108725070953369141e+00
4.169734954833984375e+00
3.850016117095947266e+00
4.389369964599609375e+00
4.180938005447387695e+00
4.240140914916992188e+00
4.144713878631591797e+00
4.228934764862060547e+00
3.402471780776977539e+00
4.149533033370971680e+00
4.068837881088256836e+00
3.747941970825195312e+00
2.363123178482055664e+00
3.630174875259399414e+00
3.482183933258056641e+00
3.938622951507568359e+00
4.070007085800170898e+00
3.077362298965454102e+00
3.210093021392822266e+00
3.253117799758911133e+00
3.200931072235107422e+00
3.212278127670288086e+00
4.312520980834960938e+00
3.893856048583984375e+00
4.584339857101440430e+00
4.296483755111694336e+00
4.325868129730224609e+00
3.807685852050781250e+00
4.205080986022949219e+00
3.415622949600219727e+00
3.395529985427856445e+00
4.548480033874511719e+00
3.411192893981933594e+00
3.367332935333251953e+00
4.229686021804809570e+00
4.557212114334106445e+00
4.128430128097534180e+00
3.518472909927368164e+00
4.425140857696533203e+00
3.468355894088745117e+00
3.738898754119873047e+00
4.476747035980224609e+00
4.516723871231079102e+00
4.128297805786132812e+00
4.480012178421020508e+00
4.443120002746582031e+00
4.641700983047485352e+00
3.613112926483154297e+00
3.529318094253540039e+00
4.596266984939575195e+00
4.295688867568969727e+00
4.129006147384643555e+00
4.583406209945678711e+00
3.278074979782104492e+00
4.093703031539916992e+00
4.878074169158935547e+00
4.970514059066772461e+00
3.759300947189331055e+00
4.907155275344848633e+00
4.860456228256225586e+00
3.892188787460327148e+00
3.065107107162475586e+00
4.403959989547729492e+00
4.206365108489990234e+00
4.867193698883056641e+00
4.516497135162353516e+00
4.533318042755126953e+00
3.731495857238769531e+00
3.805032968521118164e+00
4.543380975723266602e+00
4.465666770935058594e+00
2.724136114120483398e+00
4.647560834884643555e+00
4.367389917373657227e+00
3.973862886428833008e+00
5.136491775512695312e+00
4.290421009063720703e+00
4.687709808349609375e+00
3.579558134078979492e+00
4.217550992965698242e+00
3.896263122558593750e+00
4.446009159088134766e+00
5.012234210968017578e+00
4.969885110855102539e+00
4.209393262863159180e+00
5.055756092071533203e+00
5.263440847396850586e+00
4.320365905761718750e+00
4.209348917007446289e+00
4.520740270614624023e+00
3.804681777954101562e+00
4.075726032257080078e+00
4.124088048934936523e+00
4.543779134750366211e+00
2.928138017654418945e+00
4.336363792419433594e+00
4.404289960861206055e+00
3.397030115127563477e+00
4.770712137222290039e+00
3.768980979919433594e+00
3.713160037994384766e+00
4.715562105178833008e+00
4.462902784347534180e+00
4.751808881759643555e+00
4.223603963851928711e+00
4.475153923034667969e+00
4.197548151016235352e+00
4.246195793151855469e+00
4.516909122467041016e+00
4.441854953765869141e+00
3.698260068893432617e+00
2.652780055999755859e+00
3.412687063217163086e+00
4.278380155563354492e+00
3.412621974945068359e+00
3.556870222091674805e+00
2.350916862487792969e+00
3.723748207092285156e+00
4.238830804824829102e+00
2.995263814926147461e+00
3.748891830444335938e+00
4.030959844589233398e+00
3.646684885025024414e+00
3.628262042999267578e+00
5.736769199371337891e+00
4.263484001159667969e+00
4.158679008483886719e+00
4.873075008392333984e+00
4.426646709442138672e+00
5.413868188858032227e+00
5.307140827178955078e+00
4.822804927825927734e+00
3.723253965377807617e+00
2.966637849807739258e+00
4.517049074172973633e+00
5.464436054229736328e+00
3.163264989852905273e+00
3.881604909896850586e+00
4.077906847000122070e+00
4.160197257995605469e+00
5.320520162582397461e+00
3.840551853179931641e+00
4.032232999801635742e+00
3.953855037689208984e+00
3.179404973983764648e+00
4.583100795745849609e+00
3.392719030380249023e+00
5.491415977478027344e+00
3.992775917053222656e+00
4.978444814682006836e+00
3.133389234542846680e+00
4.578262090682983398e+00
4.702787876129150391e+00
3.898195028305053711e+00
3.516443014144897461e+00
4.197788238525390625e+00
2.058625936508178711e+00
4.160763263702392578e+00
3.784358263015747070e+00
4.216010093688964844e+00
4.743505954742431641e+00
3.916154146194458008e+00
4.170021057128906250e+00
4.140771150588989258e+00
4.402321815490722656e+00
5.130322933197021484e+00
5.610476016998291016e+00
2.972481966018676758e+00
3.271281242370605469e+00
4.684088945388793945e+00
3.560224056243896484e+00
3.705561161041259766e+00
3.682006120681762695e+00
4.103605985641479492e+00
5.307682037353515625e+00
4.444675922393798828e+00
3.388524055480957031e+00
3.349507808685302734e+00
3.935551881790161133e+00
3.437737941741943359e+00
4.007674932479858398e+00
4.322128772735595703e+00
3.490567922592163086e+00
3.745983123779296875e+00
3.767596960067749023e+00
4.213004112243652344e+00
4.686041831970214844e+00
3.529309034347534180e+00
4.017717123031616211e+00
3.113701820373535156e+00
4.667950153350830078e+00
3.721464633941650391e+00
4.988019943237304688e+00
5.120755910873413086e+00
4.084646940231323242e+00
4.528292179107666016e+00
4.046621799468994141e+00
3.654990196228027344e+00
4.593252897262573242e+00
3.781921148300170898e+00
4.866690158843994141e+00
5.327193260192871094e+00
3.878416299819946289e+00
3.968975782394409180e+00
3.893597841262817383e+00
3.860974073410034180e+00
4.034060001373291016e+00
4.058107852935791016e+00
4.066657066345214844e+00
3.129292964935302734e+00
4.611887693405151367e+00
2.590426921844482422e+00
4.299957036972045898e+00
4.198487043380737305e+00
3.668962001800537109e+00
4.853879928588867188e+00
3.303108930587768555e+00
2.844650268554687500e+00
3.317334175109863281e+00
4.422725200653076172e+00
4.966923236846923828e+00
4.055860042572021484e+00
3.565656185150146484e+00
5.209399938583374023e+00
4.202701807022094727e+00
3.986542224884033203e+00
3.171705961227416992e+00
3.472968816757202148e+00
5.096436023712158203e+00
3.239623069763183594e+00
4.997776746749877930e+00
3.757162094116210938e+00
3.949680089950561523e+00
3.928702116012573242e+00
3.275361061096191406e+00
4.993929862976074219e+00
4.019981145858764648e+00
4.005110979080200195e+00
4.171784162521362305e+00
4.131684064865112305e+00
3.682579994201660156e+00
4.235277891159057617e+00
5.579168081283569336e+00
4.070439100265502930e+00
7.590581178665161133e+00
4.133098840713500977e+00
4.217664957046508789e+00
4.199138879776000977e+00
3.709665775299072266e+00
3.733006000518798828e+00
3.841856002807617188e+00
4.275948047637939453e+00
5.077041864395141602e+00
4.227618217468261719e+00
4.228026151657104492e+00
4.297421932220458984e+00
3.188831090927124023e+00
4.340466022491455078e+00
3.832206964492797852e+00
3.975853204727172852e+00
6.555455207824707031e+00
4.328788042068481445e+00
3.989455223083496094e+00
4.034222841262817383e+00
3.501359701156616211e+00
4.514081001281738281e+00
4.213448047637939453e+00
3.629371881484985352e+00
4.107876062393188477e+00
3.945919036865234375e+00
4.156033039093017578e+00
4.822397232055664062e+00
3.906430959701538086e+00
4.114682674407958984e+00
5.486760139465332031e+00
3.356125116348266602e+00
4.637361049652099609e+00
4.305511713027954102e+00
4.284090995788574219e+00
4.424132108688354492e+00
3.989484071731567383e+00
3.861140966415405273e+00
4.245144128799438477e+00
3.490429878234863281e+00
3.147524118423461914e+00
2.657931089401245117e+00
5.611684083938598633e+00
4.285747766494750977e+00
3.078257799148559570e+00
3.607078790664672852e+00
5.934632062911987305e+00
6.562800884246826172e+00
3.277473926544189453e+00
6.091915130615234375e+00
4.532339096069335938e+00
4.181108951568603516e+00
3.433876037597656250e+00
3.645581007003784180e+00
3.697220325469970703e+00
3.338711977005004883e+00
4.794728040695190430e+00
4.439003944396972656e+00
6.718364715576171875e+00
5.096844911575317383e+00
3.368376731872558594e+00
4.009036064147949219e+00
5.170041084289550781e+00
4.495807170867919922e+00
4.697849988937377930e+00
4.202636003494262695e+00
4.743616580963134766e+00
4.861853837966918945e+00
4.312935829162597656e+00
5.183573007583618164e+00
4.825085878372192383e+00
4.789876937866210938e+00
4.539458990097045898e+00
5.172208309173583984e+00
3.758507728576660156e+00
4.941640853881835938e+00
4.704448938369750977e+00
4.272063970565795898e+00
3.701521158218383789e+00
4.349091053009033203e+00
4.180749893188476562e+00
4.977297067642211914e+00
3.112014770507812500e+00
3.886863231658935547e+00
3.617903947830200195e+00
2.456282854080200195e+00
4.000692844390869141e+00
4.525099992752075195e+00
4.649343013763427734e+00
4.038007736206054688e+00
3.671916246414184570e+00
4.641586065292358398e+00
3.708745002746582031e+00
4.247046947479248047e+00
3.696737051010131836e+00
6.106595039367675781e+00
5.186313867568969727e+00
4.103693008422851562e+00
4.787339925765991211e+00
4.076399087905883789e+00
4.989994049072265625e+00
3.848297357559204102e+00
5.035464048385620117e+00
4.004459857940673828e+00
4.747860908508300781e+00
3.777066946029663086e+00
4.086543083190917969e+00
4.685861825942993164e+00
4.096235036849975586e+00
4.586345195770263672e+00
5.969239234924316406e+00
4.623237133026123047e+00
3.537492036819458008e+00
3.325087070465087891e+00
3.327001810073852539e+00
4.125734090805053711e+00
2.743952989578247070e+00
3.775597810745239258e+00
3.099128961563110352e+00
4.785892963409423828e+00
4.481609106063842773e+00
3.390798807144165039e+00
3.683842182159423828e+00
4.390240907669067383e+00
3.403494834899902344e+00
5.084109067916870117e+00
3.448220252990722656e+00
4.584730863571166992e+00
3.552072048187255859e+00
3.909904718399047852e+00
3.830342769622802734e+00
3.969974994659423828e+00
4.001485109329223633e+00
4.033757925033569336e+00
4.926586151123046875e+00
5.229681253433227539e+00
3.532367706298828125e+00
4.302771806716918945e+00
5.012969970703125000e+00
3.221268892288208008e+00
4.699118137359619141e+00
4.717616081237792969e+00
5.093546867370605469e+00
5.614579916000366211e+00
6.127187013626098633e+00
4.227597236633300781e+00
3.739632129669189453e+00
4.762044906616210938e+00
4.523324251174926758e+00
4.597220182418823242e+00
4.372985124588012695e+00
3.856494903564453125e+00
4.219781160354614258e+00
3.649327993392944336e+00
3.143270015716552734e+00
4.955668926239013672e+00
3.176231145858764648e+00
4.501706123352050781e+00
3.605816125869750977e+00
5.231106042861938477e+00
4.077252864837646484e+00
3.624162912368774414e+00
4.363003015518188477e+00
3.172821760177612305e+00
5.169664144515991211e+00
2.468883037567138672e+00
4.182013988494873047e+00
5.464470148086547852e+00
3.963646888732910156e+00
4.520063161849975586e+00
3.371052980422973633e+00
3.594313144683837891e+00
4.888311862945556641e+00
3.376600742340087891e+00
3.657630920410156250e+00
5.385045051574707031e+00
4.018927812576293945e+00
6.104105949401855469e+00
4.944828987121582031e+00
2.938267946243286133e+00
3.245936870574951172e+00
3.481273174285888672e+00
5.264681100845336914e+00
5.955761194229125977e+00
4.445051908493041992e+00
5.321995019912719727e+00
2.923644065856933594e+00
3.005610942840576172e+00
3.832466840744018555e+00
2.917885065078735352e+00
3.704081058502197266e+00
4.211689949035644531e+00
3.082296133041381836e+00
4.480401992797851562e+00
4.909744977951049805e+00
3.155369043350219727e+00
3.217964172363281250e+00
3.165268898010253906e+00
2.855877161026000977e+00
3.232749938964843750e+00
3.663652896881103516e+00
3.223921060562133789e+00
3.283087730407714844e+00
3.247628211975097656e+00
3.265643835067749023e+00
3.290296077728271484e+00
4.963654041290283203e+00
3.383234024047851562e+00
2.764493227005004883e+00
5.081619977951049805e+00
3.844328880310058594e+00
5.149981975555419922e+00
2.871629953384399414e+00
4.774618864059448242e+00
4.981220960617065430e+00
3.628098011016845703e+00
4.037411212921142578e+00
3.998608350753784180e+00
3.691094875335693359e+00
2.779408931732177734e+00
3.388000011444091797e+00
4.663200378417968750e+00
2.873091936111450195e+00
3.749435901641845703e+00
8.024722814559936523e+00
3.275740146636962891e+00
3.558928966522216797e+00
2.888126134872436523e+00
3.559972047805786133e+00
3.676731824874877930e+00
3.218943119049072266e+00
3.516582250595092773e+00
3.589252948760986328e+00
3.726867914199829102e+00
3.486772060394287109e+00
3.102652788162231445e+00
4.412601709365844727e+00
3.765554904937744141e+00
3.817626953125000000e+00
4.683811902999877930e+00
3.774134874343872070e+00
4.094217061996459961e+00
4.738552093505859375e+00
4.324706792831420898e+00
4.176829814910888672e+00
3.704221963882446289e+00
4.901084899902343750e+00
4.998594999313354492e+00
4.399461030960083008e+00
3.886102914810180664e+00
4.126893997192382812e+00
3.616110086441040039e+00
4.308513641357421875e+00
3.554897069931030273e+00
3.829516887664794922e+00
3.644698858261108398e+00
3.588259696960449219e+00
3.145399093627929688e+00
3.611613988876342773e+00
3.790179252624511719e+00
3.398274183273315430e+00
4.474317073822021484e+00
3.902492046356201172e+00
3.341670751571655273e+00
3.806102037429809570e+00
2.944447994232177734e+00
3.835798978805541992e+00
3.375169038772583008e+00
3.658241033554077148e+00
3.946033954620361328e+00
3.848614931106567383e+00
3.207099914550781250e+00
3.437230110168457031e+00
3.820055007934570312e+00
4.379176855087280273e+00
3.367538213729858398e+00
4.201419115066528320e+00
4.132644176483154297e+00
3.514499187469482422e+00
4.457224845886230469e+00
3.598848104476928711e+00
3.321277856826782227e+00
4.444190025329589844e+00
3.350162982940673828e+00
3.456263780593872070e+00
3.995380878448486328e+00
3.560700178146362305e+00
3.076193809509277344e+00
4.012060880661010742e+00
4.081402063369750977e+00
3.751231908798217773e+00
4.224269151687622070e+00
4.217473745346069336e+00
3.265556097030639648e+00
3.756043910980224609e+00
3.837862968444824219e+00
3.981172084808349609e+00
4.408006906509399414e+00
3.739777088165283203e+00
4.353032350540161133e+00
3.656153678894042969e+00
2.758929967880249023e+00
5.177378177642822266e+00
3.440549850463867188e+00
3.025895118713378906e+00
3.180051088333129883e+00
4.457703828811645508e+00
3.552608013153076172e+00
3.390023946762084961e+00
3.301359653472900391e+00
4.903913974761962891e+00
3.809143066406250000e+00
4.400202274322509766e+00
4.127510070800781250e+00
4.422420978546142578e+00
3.927686929702758789e+00
3.333388090133666992e+00
3.264326333999633789e+00
3.345627069473266602e+00
3.523067951202392578e+00
4.637255907058715820e+00
3.712352037429809570e+00
4.493499279022216797e+00
3.938282012939453125e+00
3.039318084716796875e+00
3.727796077728271484e+00
4.238708019256591797e+00
3.492702960968017578e+00
4.007321834564208984e+00
4.294061899185180664e+00
4.197991132736206055e+00
3.725415945053100586e+00
3.038953304290771484e+00
4.106636762619018555e+00
3.613221168518066406e+00
4.633633136749267578e+00
4.909947156906127930e+00
3.932204008102416992e+00
4.206564903259277344e+00
4.257246017456054688e+00
4.038482189178466797e+00
3.995386123657226562e+00
3.932618141174316406e+00
3.737132072448730469e+00
4.583247661590576172e+00
4.047356128692626953e+00
4.865815162658691406e+00
3.248703956604003906e+00
3.932939052581787109e+00
4.149960994720458984e+00
3.616329908370971680e+00
5.135367870330810547e+00
3.429059028625488281e+00
3.813301086425781250e+00
4.425480842590332031e+00
4.075382947921752930e+00
3.577314853668212891e+00
3.142654180526733398e+00
4.421705961227416992e+00
3.572583913803100586e+00
4.151942968368530273e+00
4.957916259765625000e+00
4.381640911102294922e+00
4.019641876220703125e+00
3.218265056610107422e+00
3.104608058929443359e+00
4.210647106170654297e+00
3.711588144302368164e+00
3.785218715667724609e+00
3.341017723083496094e+00
3.840456962585449219e+00
3.348129987716674805e+00
3.796498060226440430e+00
3.048653125762939453e+00
3.811911106109619141e+00
2.747340202331542969e+00
3.797839879989624023e+00
3.578521013259887695e+00
4.353881120681762695e+00
4.243374109268188477e+00
4.754608869552612305e+00
2.830280780792236328e+00
3.241205930709838867e+00
3.659927129745483398e+00
3.722145080566406250e+00
2.822543859481811523e+00
3.387367010116577148e+00
3.744461059570312500e+00
4.331905126571655273e+00
3.951503038406372070e+00
3.773773670196533203e+00
4.192178964614868164e+00
4.355249881744384766e+00
4.622892856597900391e+00
3.828057765960693359e+00
2.758969068527221680e+00
4.364965200424194336e+00
4.495924949645996094e+00
4.424293041229248047e+00
3.646647930145263672e+00
4.315345048904418945e+00
5.051876068115234375e+00
3.948409080505371094e+00
4.114162921905517578e+00
4.500791072845458984e+00
4.542865276336669922e+00
4.508674621582031250e+00
5.117410659790039062e+00
3.692322015762329102e+00
3.863824129104614258e+00
5.323681116104125977e+00
4.531032800674438477e+00
5.096199035644531250e+00
3.006633043289184570e+00
3.393812894821166992e+00
3.237786054611206055e+00
3.880918025970458984e+00
5.457352876663208008e+00
4.656968116760253906e+00
3.273802042007446289e+00
5.311356782913208008e+00
3.623711109161376953e+00
5.000887155532836914e+00
5.035788059234619141e+00
4.061242103576660156e+00
4.019639015197753906e+00
4.512466192245483398e+00
4.852288007736206055e+00
4.870586872100830078e+00
4.500707149505615234e+00
2.899497985839843750e+00
3.751011848449707031e+00
4.855937004089355469e+00
2.885534286499023438e+00
4.306950092315673828e+00
4.206470012664794922e+00
3.305201053619384766e+00
4.514788866043090820e+00
3.932766914367675781e+00
3.843543767929077148e+00
2.831243038177490234e+00
4.070233106613159180e+00
3.489174604415893555e+00
2.392673969268798828e+00
2.384629726409912109e+00
4.057409048080444336e+00
4.052936077117919922e+00
4.791656255722045898e+00
3.297937154769897461e+00
4.412320852279663086e+00
3.362513065338134766e+00
4.179895877838134766e+00
3.799221992492675781e+00
3.191489219665527344e+00
3.362692117691040039e+00
5.614726305007934570e+00
3.444436073303222656e+00
4.038347244262695312e+00
4.241914033889770508e+00
3.458797693252563477e+00
5.019537210464477539e+00
3.939205884933471680e+00
2.572320699691772461e+00
3.136624813079833984e+00
3.543161153793334961e+00
3.338320016860961914e+00
3.951735019683837891e+00
4.945773124694824219e+00
3.628889083862304688e+00
3.733057737350463867e+00
5.151232004165649414e+00
3.603401899337768555e+00
3.224066019058227539e+00
3.768539905548095703e+00
3.541028022766113281e+00
4.929091691970825195e+00
3.312836885452270508e+00
3.368625879287719727e+00
3.772355079650878906e+00
4.072168350219726562e+00
3.599911212921142578e+00
3.582757711410522461e+00
4.245564222335815430e+00
6.174786090850830078e+00
3.136416912078857422e+00
3.619449853897094727e+00
3.657025098800659180e+00
3.657829761505126953e+00
3.786714076995849609e+00
4.261339187622070312e+00
3.852684974670410156e+00
4.380126953125000000e+00
3.413651943206787109e+00
3.062636137008666992e+00
3.724745035171508789e+00
3.270724058151245117e+00
3.050287723541259766e+00
2.918421030044555664e+00
3.911669969558715820e+00
4.102576017379760742e+00
3.326264142990112305e+00
4.241600036621093750e+00
3.606035947799682617e+00
3.156543970108032227e+00
3.468772172927856445e+00
3.811067819595336914e+00
2.882535934448242188e+00
4.365548133850097656e+00
3.942419767379760742e+00
4.058016061782836914e+00
3.184137821197509766e+00
4.390877962112426758e+00
3.299649953842163086e+00
4.285343885421752930e+00
4.117017030715942383e+00
4.313340902328491211e+00
3.798404932022094727e+00
4.068128108978271484e+00
3.972532033920288086e+00
3.869199037551879883e+00
4.131241083145141602e+00
4.923747777938842773e+00
3.472723960876464844e+00
4.539198875427246094e+00
3.661776065826416016e+00
4.350872039794921875e+00
3.392550945281982422e+00
3.566769123077392578e+00
3.383929014205932617e+00
3.282738208770751953e+00
4.563308000564575195e+00
2.989866971969604492e+00
4.173141002655029297e+00
2.646211624145507812e+00
3.494529008865356445e+00
3.574958801269531250e+00
3.510445117950439453e+00
3.894714117050170898e+00
4.111500978469848633e+00
4.448158025741577148e+00
3.735736846923828125e+00
5.026322841644287109e+00
4.654416799545288086e+00
5.236049175262451172e+00
4.023133754730224609e+00
2.588300704956054688e+00
4.445564985275268555e+00
2.969326019287109375e+00
4.101262092590332031e+00
4.036189079284667969e+00
4.314473867416381836e+00
3.824883937835693359e+00
3.572359085083007812e+00
2.824841022491455078e+00
3.485817909240722656e+00
3.867528915405273438e+00
3.282793045043945312e+00
3.576560258865356445e+00
3.238259077072143555e+00
3.997979164123535156e+00
4.946181774139404297e+00
3.323096990585327148e+00
3.974153041839599609e+00
3.257400035858154297e+00
4.115252017974853516e+00
3.779206275939941406e+00
3.484900951385498047e+00
4.078798770904541016e+00
4.455237865447998047e+00
3.276964187622070312e+00
3.859544038772583008e+00
3.481966972351074219e+00
3.453217029571533203e+00
3.644409656524658203e+00
3.530039072036743164e+00
3.111841201782226562e+00
4.800980091094970703e+00
3.198481798171997070e+00
4.823098897933959961e+00
4.329241037368774414e+00
3.588226079940795898e+00
4.536387205123901367e+00
4.885839939117431641e+00
3.962589979171752930e+00
4.081040143966674805e+00
5.329396963119506836e+00
3.550275087356567383e+00
3.545980215072631836e+00
4.211292266845703125e+00
4.335452079772949219e+00
3.564314842224121094e+00
3.791856288909912109e+00
3.877650022506713867e+00
3.363567829132080078e+00
3.813282966613769531e+00
2.805022001266479492e+00
4.046231985092163086e+00
5.201828956604003906e+00
3.524653196334838867e+00
3.546775817871093750e+00
3.496949195861816406e+00
4.354768991470336914e+00
3.912027120590209961e+00
3.783871889114379883e+00
3.629716396331787109e+00
5.492594242095947266e+00
2.335611104965209961e+00
3.006639719009399414e+00
5.214841842651367188e+00
4.252059936523437500e+00
5.915224075317382812e+00
5.182187080383300781e+00
5.756983041763305664e+00
3.610234022140502930e+00
4.425505161285400391e+00
4.038501977920532227e+00
6.163074970245361328e+00
5.711458206176757812e+00
4.050362110137939453e+00
4.052039146423339844e+00
4.654153823852539062e+00
5.361661911010742188e+00
4.445895910263061523e+00
4.056865215301513672e+00
4.879870891571044922e+00
3.792226791381835938e+00
4.102119922637939453e+00
3.980484962463378906e+00
6.155093193054199219e+00
4.176716804504394531e+00
4.572638988494873047e+00
4.524366140365600586e+00
6.006438016891479492e+00
4.479963064193725586e+00
4.528018236160278320e+00
4.403110742568969727e+00
3.578027963638305664e+00
4.041842937469482422e+00
3.311341762542724609e+00
3.220314979553222656e+00
3.928915977478027344e+00
4.548103094100952148e+00
5.813488721847534180e+00
4.806275129318237305e+00
2.985446929931640625e+00
6.519538879394531250e+00
3.417860746383666992e+00
3.699476957321166992e+00
3.307359933853149414e+00
4.084192037582397461e+00
3.351515054702758789e+00
4.462265253067016602e+00
3.324138879776000977e+00
3.820969104766845703e+00
3.763368844985961914e+00
3.709703922271728516e+00
3.480269193649291992e+00
3.025999069213867188e+00
4.499724149703979492e+00
3.208173036575317383e+00
4.345942020416259766e+00
3.499095678329467773e+00
5.038447141647338867e+00
3.292693853378295898e+00
4.228795766830444336e+00
5.945603132247924805e+00
3.264958858489990234e+00
4.235206127166748047e+00
3.247039079666137695e+00
3.885957956314086914e+00
6.282647848129272461e+00
4.244313955307006836e+00
3.490905046463012695e+00
3.674407958984375000e+00
3.880281209945678711e+00
4.437350988388061523e+00
3.339398145675659180e+00
4.776030063629150391e+00
3.537985801696777344e+00
4.107258081436157227e+00
3.727917909622192383e+00
4.039398908615112305e+00
4.034000158309936523e+00
2.811805963516235352e+00
3.089076995849609375e+00
3.828598976135253906e+00
4.309359073638916016e+00
3.852025032043457031e+00
3.595999956130981445e+00
3.402740001678466797e+00
4.299557924270629883e+00
5.453352928161621094e+00
4.151311874389648438e+00
5.067698001861572266e+00
6.984874010086059570e+00
3.828320026397705078e+00
4.334468126296997070e+00
7.162108182907104492e+00
4.387763023376464844e+00
3.898669004440307617e+00
4.162988185882568359e+00
4.151858806610107422e+00
4.010503053665161133e+00
3.362068891525268555e+00
4.390094041824340820e+00
4.228644847869873047e+00
4.005537033081054688e+00
4.531613349914550781e+00
5.150362014770507812e+00
4.480901718139648438e+00
4.144795894622802734e+00
3.329557895660400391e+00
4.140979051589965820e+00
2.848001718521118164e+00
4.579102993011474609e+00
4.254324913024902344e+00
3.876340150833129883e+00
3.933535814285278320e+00
3.794541120529174805e+00
2.259502887725830078e+00
4.540730237960815430e+00
4.645175933837890625e+00
2.803699970245361328e+00
4.301363945007324219e+00
4.387038946151733398e+00
4.903825759887695312e+00
4.155070066452026367e+00
3.036637783050537109e+00
3.935250282287597656e+00
4.622598886489868164e+00
3.080339908599853516e+00
2.558535814285278320e+00
4.313030958175659180e+00
3.254867076873779297e+00
3.924161911010742188e+00
5.242337942123413086e+00
4.457873821258544922e+00
4.294009208679199219e+00
3.836931228637695312e+00
4.387861967086791992e+00
3.263779163360595703e+00
4.869740724563598633e+00
2.673152923583984375e+00
3.188980817794799805e+00
4.589378118515014648e+00
4.343005895614624023e+00
3.554554939270019531e+00
3.219278812408447266e+00
3.357944011688232422e+00
4.635567188262939453e+00
3.568923950195312500e+00
4.670846223831176758e+00
4.567666053771972656e+00
4.641289949417114258e+00
4.623740911483764648e+00
4.475563049316406250e+00
3.398152828216552734e+00
3.359379768371582031e+00
3.284064054489135742e+00
5.219331026077270508e+00
4.443531990051269531e+00
3.298801183700561523e+00
4.537981986999511719e+00
5.235432147979736328e+00
3.429972887039184570e+00
3.505796670913696289e+00
3.838494062423706055e+00
2.868959188461303711e+00
3.875910997390747070e+00
2.823591947555541992e+00
4.758674860000610352e+00
4.953150272369384766e+00
3.310008049011230469e+00
3.338222980499267578e+00
4.421211004257202148e+00
4.504476308822631836e+00
4.934784889221191406e+00
3.554370880126953125e+00
3.956429004669189453e+00
3.820114850997924805e+00
3.903711080551147461e+00
5.141695022583007812e+00
3.655240058898925781e+00
3.787494897842407227e+00
4.220429182052612305e+00
3.328906059265136719e+00
4.368863105773925781e+00
4.040160179138183594e+00
5.801620006561279297e+00
3.398102998733520508e+00
4.201802968978881836e+00
4.125569820404052734e+00
4.949435949325561523e+00
3.708830356597900391e+00
4.848925828933715820e+00
4.688630819320678711e+00
3.271842002868652344e+00
3.781363964080810547e+00
4.082200050354003906e+00
4.779397010803222656e+00
4.134288787841796875e+00
3.812601804733276367e+00
4.063820123672485352e+00
3.895493268966674805e+00
3.340808153152465820e+00
3.277434110641479492e+00
4.878533840179443359e+00
3.650480985641479492e+00
4.849431991577148438e+00
3.865373373031616211e+00
4.167198181152343750e+00
4.228116989135742188e+00
4.429056882858276367e+00
5.150953054428100586e+00
3.674190998077392578e+00
4.494949817657470703e+00
4.289463043212890625e+00
3.792032003402709961e+00
4.478940010070800781e+00
4.228440046310424805e+00
4.562447071075439453e+00
3.869385957717895508e+00
3.919188022613525391e+00
4.058455228805541992e+00
3.492574930191040039e+00
4.232589244842529297e+00
5.181943178176879883e+00
4.495978116989135742e+00
4.551552057266235352e+00
5.206431865692138672e+00
4.675862073898315430e+00
4.933786869049072266e+00
4.818134784698486328e+00
5.258345842361450195e+00
4.772828817367553711e+00
4.040388822555541992e+00
3.985894918441772461e+00
2.986312866210937500e+00
2.832903146743774414e+00
4.797028064727783203e+00
4.189593076705932617e+00
4.877353191375732422e+00
4.771465778350830078e+00
5.678863763809204102e+00
5.774417161941528320e+00
4.831899881362915039e+00
5.163382053375244141e+00
3.974778890609741211e+00
5.305663824081420898e+00
4.787253856658935547e+00
2.815699815750122070e+00
4.750118017196655273e+00
5.341896295547485352e+00
4.441156864166259766e+00
5.079885244369506836e+00
5.166201114654541016e+00
5.180661201477050781e+00
5.406488180160522461e+00
6.512959003448486328e+00
3.873953104019165039e+00
5.137752771377563477e+00
4.484260082244873047e+00
4.603066921234130859e+00
5.199287891387939453e+00
3.139727830886840820e+00
4.528551101684570312e+00
3.587719917297363281e+00
5.263607978820800781e+00
4.640304803848266602e+00
3.605914831161499023e+00
4.961585283279418945e+00
4.930293083190917969e+00
3.431870937347412109e+00
4.633480072021484375e+00
4.970543146133422852e+00
3.357810020446777344e+00
4.764335155487060547e+00
6.448842048645019531e+00
3.218183040618896484e+00
4.841134071350097656e+00
3.130355119705200195e+00
5.975473165512084961e+00
2.756601095199584961e+00
5.119285106658935547e+00
3.275069952011108398e+00
6.083869218826293945e+00
3.262392997741699219e+00
5.308250188827514648e+00
4.802493095397949219e+00
2.547104120254516602e+00
5.221385002136230469e+00
4.286478996276855469e+00
5.320523977279663086e+00
5.083643198013305664e+00
5.338798284530639648e+00
4.680032014846801758e+00
2.808941125869750977e+00
4.995685100555419922e+00
4.806338071823120117e+00
4.991385936737060547e+00
5.385812044143676758e+00
5.013601064682006836e+00
4.826969861984252930e+00
6.034815073013305664e+00
3.715132236480712891e+00
4.919997215270996094e+00
3.869829893112182617e+00
3.934255838394165039e+00
5.776276111602783203e+00
5.607156991958618164e+00
5.640487909317016602e+00
4.978893041610717773e+00
4.976789951324462891e+00
5.217562913894653320e+00
4.561100959777832031e+00
5.028921127319335938e+00
3.193754196166992188e+00
5.099336862564086914e+00
5.563280820846557617e+00
5.061137914657592773e+00
5.449580669403076172e+00
4.262035131454467773e+00
5.035501956939697266e+00
5.635023832321166992e+00
5.047357320785522461e+00
5.357090950012207031e+00
5.703597784042358398e+00
4.450230121612548828e+00
4.597364902496337891e+00
5.038915157318115234e+00
2.945947170257568359e+00
3.466360092163085938e+00
5.098556756973266602e+00
4.263266801834106445e+00
4.098562955856323242e+00
5.501320838928222656e+00
5.962253808975219727e+00
2.665295124053955078e+00
5.250296831130981445e+00
4.331349134445190430e+00
4.606165885925292969e+00
4.623365879058837891e+00
3.696245908737182617e+00
3.087644100189208984e+00
4.121330976486206055e+00
4.108539819717407227e+00
4.153588056564331055e+00
5.491424083709716797e+00
5.253834962844848633e+00
3.118364810943603516e+00
4.425653934478759766e+00
6.425753116607666016e+00
3.163753271102905273e+00
4.927580833435058594e+00
4.181303739547729492e+00
6.078931808471679688e+00
2.793903827667236328e+00
3.144076824188232422e+00
4.586577177047729492e+00
3.230775833129882812e+00
5.239420890808105469e+00
3.725198030471801758e+00
4.881547927856445312e+00
3.229743719100952148e+00
4.938164949417114258e+00
3.242852926254272461e+00
2.891016006469726562e+00
3.404961824417114258e+00
3.779946088790893555e+00
4.497277975082397461e+00
4.582986831665039062e+00
4.793042182922363281e+00
3.023569107055664062e+00
5.393299102783203125e+00
4.694274187088012695e+00
2.981302022933959961e+00
4.500263929367065430e+00
5.415030956268310547e+00
5.011396884918212891e+00
3.780709743499755859e+00
5.325093030929565430e+00
5.609333992004394531e+00
3.648500919342041016e+00
6.718441963195800781e+00
5.137464046478271484e+00
3.532354116439819336e+00
3.812186956405639648e+00
3.223978042602539062e+00
5.182536840438842773e+00
5.391473054885864258e+00
6.769495010375976562e+00
4.563444137573242188e+00
4.621932744979858398e+00
2.886889934539794922e+00
4.499115705490112305e+00
5.344830989837646484e+00
3.421064853668212891e+00
5.287414073944091797e+00
2.502926826477050781e+00
5.747327327728271484e+00
6.421821117401123047e+00
5.439784288406372070e+00
5.832539081573486328e+00
6.491935968399047852e+00
4.345506906509399414e+00
3.235162973403930664e+00
3.899118900299072266e+00
3.219684123992919922e+00
2.421531915664672852e+00
2.830829858779907227e+00
2.676083087921142578e+00
6.695177316665649414e+00
3.556325912475585938e+00
3.630795001983642578e+00
2.691331863403320312e+00
4.097908020019531250e+00
3.460697174072265625e+00
3.833317041397094727e+00
3.706140041351318359e+00
2.807506084442138672e+00
2.829266786575317383e+00
3.488259792327880859e+00
4.214022159576416016e+00
4.734407186508178711e+00
3.848559141159057617e+00
3.480946063995361328e+00
3.755251169204711914e+00
4.100511074066162109e+00
2.942563056945800781e+00
3.869279861450195312e+00
4.257667064666748047e+00
2.924618005752563477e+00
3.343024015426635742e+00
4.302770137786865234e+00
2.779263973236083984e+00
3.650809049606323242e+00
3.716832876205444336e+00
3.051198005676269531e+00
3.161350727081298828e+00
2.942573785781860352e+00
3.216056108474731445e+00
4.053637981414794922e+00
3.052336931228637695e+00
2.444162845611572266e+00
2.927224874496459961e+00
3.180714845657348633e+00
3.320166110992431641e+00
2.881088018417358398e+00
2.622254848480224609e+00
3.023761749267578125e+00
2.479900121688842773e+00
2.741946935653686523e+00
3.318032264709472656e+00
2.670894145965576172e+00
3.066813230514526367e+00
3.092563867568969727e+00
3.962997913360595703e+00
3.020027875900268555e+00
3.029030799865722656e+00
3.237200975418090820e+00
2.583400964736938477e+00
2.770649194717407227e+00
2.939282894134521484e+00
3.466905832290649414e+00
2.962791204452514648e+00
3.088814735412597656e+00
3.630949020385742188e+00
3.693228006362915039e+00
3.155529022216796875e+00
3.238413095474243164e+00
3.199073076248168945e+00
3.487005233764648438e+00
3.270954370498657227e+00
3.511982202529907227e+00
3.520875930786132812e+00
3.604523897171020508e+00
3.452934980392456055e+00
3.317266941070556641e+00
3.838576078414916992e+00
3.395788192749023438e+00
3.748310089111328125e+00
2.856990814208984375e+00
4.067114114761352539e+00
3.649375915527343750e+00
3.109493732452392578e+00
4.675225019454956055e+00
4.415757179260253906e+00
3.167210817337036133e+00
3.869184017181396484e+00
3.676777839660644531e+00
3.903954744338989258e+00
3.645155906677246094e+00
4.211434125900268555e+00
3.160176753997802734e+00
3.962384223937988281e+00
3.670335054397583008e+00
3.929793119430541992e+00
3.484964847564697266e+00
4.001648187637329102e+00
3.754055976867675781e+00
3.568268060684204102e+00
3.614184141159057617e+00
2.746466159820556641e+00
4.692102193832397461e+00
4.081529855728149414e+00
3.793506860733032227e+00
3.485239744186401367e+00
4.339831113815307617e+00
4.871259927749633789e+00
4.165339946746826172e+00
4.985999107360839844e+00
3.148747682571411133e+00
4.292325019836425781e+00
4.190746307373046875e+00
3.069557905197143555e+00
4.295444965362548828e+00
4.652850866317749023e+00
4.594270944595336914e+00
4.461745977401733398e+00
3.824790000915527344e+00
4.139400959014892578e+00
4.721201896667480469e+00
3.773952007293701172e+00
3.169311285018920898e+00
4.892973184585571289e+00
4.873360157012939453e+00
4.075877904891967773e+00
4.775220155715942383e+00
3.810055971145629883e+00
4.738209962844848633e+00
3.639317035675048828e+00
3.826801776885986328e+00
3.609988927841186523e+00
4.356029033660888672e+00
4.497329711914062500e+00
4.789574146270751953e+00
4.889903783798217773e+00
4.756397724151611328e+00
4.903710365295410156e+00
3.724762201309204102e+00
4.372980117797851562e+00
4.079293251037597656e+00
3.054116010665893555e+00
3.817196130752563477e+00
3.816117048263549805e+00
3.729379892349243164e+00
5.287462949752807617e+00
3.502454042434692383e+00
3.336157321929931641e+00
3.858350038528442383e+00
4.028275012969970703e+00
3.242804050445556641e+00
4.185513973236083984e+00
4.955168008804321289e+00
4.572709083557128906e+00
4.644320011138916016e+00
4.158279180526733398e+00
3.171845674514770508e+00
4.606194972991943359e+00
3.863482713699340820e+00
5.290858030319213867e+00
3.380702972412109375e+00
5.347139120101928711e+00
4.190916061401367188e+00
3.579222917556762695e+00
3.612861871719360352e+00
3.900426864624023438e+00
4.290526151657104492e+00
4.339065790176391602e+00
4.181288957595825195e+00
3.484305143356323242e+00
4.021004915237426758e+00
4.439244985580444336e+00
3.258740901947021484e+00
4.687642097473144531e+00
4.133350849151611328e+00
4.304028987884521484e+00
4.563006401062011719e+00
4.490551948547363281e+00
4.263870954513549805e+00
3.573074817657470703e+00
5.051522731781005859e+00
5.581465005874633789e+00
5.084349870681762695e+00
4.655764818191528320e+00
3.835427761077880859e+00
3.237307071685791016e+00
5.675908803939819336e+00
3.664392948150634766e+00
3.383301973342895508e+00
4.367517948150634766e+00
5.806636095046997070e+00
4.210373878479003906e+00
4.602092027664184570e+00
3.427060127258300781e+00
4.537775039672851562e+00
4.895159244537353516e+00
3.519644975662231445e+00
4.928978919982910156e+00
4.857197999954223633e+00
4.286712884902954102e+00
4.473772048950195312e+00
4.239949226379394531e+00
4.806560039520263672e+00
3.877104997634887695e+00
4.389946699142456055e+00
5.509362936019897461e+00
3.884881258010864258e+00
4.078457832336425781e+00
4.526098012924194336e+00
4.623255968093872070e+00
4.627347946166992188e+00
3.891108989715576172e+00
4.612644910812377930e+00
4.624089002609252930e+00
3.930471181869506836e+00
3.936262130737304688e+00
3.652005195617675781e+00
3.126268148422241211e+00
2.866771221160888672e+00
4.039438962936401367e+00
4.974133968353271484e+00
4.285135269165039062e+00
4.038853168487548828e+00
5.045314788818359375e+00
4.285528182983398438e+00
4.223770856857299805e+00
5.753572225570678711e+00
3.941263914108276367e+00
3.718060970306396484e+00
3.429620981216430664e+00
4.860532045364379883e+00
3.986078023910522461e+00
5.108083963394165039e+00
2.541249990463256836e+00
4.367564916610717773e+00
4.206075906753540039e+00
3.771636009216308594e+00
4.437068939208984375e+00
3.824202060699462891e+00
4.599582910537719727e+00
4.286670923233032227e+00
4.120756149291992188e+00
4.584531784057617188e+00
4.333148241043090820e+00
4.830276012420654297e+00
3.500540733337402344e+00
4.876415967941284180e+00
3.789648771286010742e+00
3.591124057769775391e+00
4.253774881362915039e+00
3.996529817581176758e+00
4.160300016403198242e+00
4.179244995117187500e+00
3.616714000701904297e+00
3.393170118331909180e+00
3.819544792175292969e+00
2.838731050491333008e+00
5.117845058441162109e+00
3.472483158111572266e+00
3.887934923171997070e+00
3.692499876022338867e+00
4.926005125045776367e+00
3.115722179412841797e+00
3.950457096099853516e+00
3.425244092941284180e+00
4.214289188385009766e+00
3.514603137969970703e+00
4.387328147888183594e+00
3.548449039459228516e+00
5.227165937423706055e+00
3.638506174087524414e+00
4.760447978973388672e+00
5.113513946533203125e+00
2.735426187515258789e+00
3.816507816314697266e+00
2.818888902664184570e+00
3.543951034545898438e+00
4.784440755844116211e+00
4.055207252502441406e+00
4.076678991317749023e+00
4.108120203018188477e+00
4.056536197662353516e+00
3.618225097656250000e+00
3.424115180969238281e+00
4.142315149307250977e+00
3.139278173446655273e+00
4.159303903579711914e+00
3.098272800445556641e+00
3.150478124618530273e+00
3.314946889877319336e+00
3.092462062835693359e+00
4.973462104797363281e+00
2.854394912719726562e+00
4.327625036239624023e+00
4.337921142578125000e+00
3.223229169845581055e+00
3.409381866455078125e+00
5.262811899185180664e+00
3.523113965988159180e+00
4.015990018844604492e+00
6.149308919906616211e+00
4.868496179580688477e+00
4.323769807815551758e+00
3.513803005218505859e+00
4.405722141265869141e+00
3.376426935195922852e+00
3.721579790115356445e+00
3.974394798278808594e+00
3.668491125106811523e+00
3.661227226257324219e+00
3.725174665451049805e+00
4.571412086486816406e+00
3.480659008026123047e+00
3.714015007019042969e+00
3.175334930419921875e+00
3.794878959655761719e+00
3.212410926818847656e+00
3.318155050277709961e+00
5.165114164352416992e+00
3.262400865554809570e+00
4.011023998260498047e+00
3.432479143142700195e+00
4.856153726577758789e+00
3.847035884857177734e+00
3.283457040786743164e+00
3.424863100051879883e+00
3.769973993301391602e+00
4.010046958923339844e+00
3.112109661102294922e+00
4.071311235427856445e+00
2.989814043045043945e+00
3.774314880371093750e+00
3.727714061737060547e+00
3.828385114669799805e+00
5.276518106460571289e+00
3.708607912063598633e+00
3.727593898773193359e+00
3.641885995864868164e+00
4.475138187408447266e+00
3.787853717803955078e+00
3.823588848114013672e+00
3.603369951248168945e+00
3.952080965042114258e+00
3.804702997207641602e+00
4.728901147842407227e+00
3.732097148895263672e+00
4.223911285400390625e+00
4.121669054031372070e+00
4.183847904205322266e+00
5.018417119979858398e+00
4.297191858291625977e+00
3.681104898452758789e+00
4.420664072036743164e+00
4.422760009765625000e+00
3.520935058593750000e+00
4.306144952774047852e+00
4.548040866851806641e+00
3.785521030426025391e+00
3.678096294403076172e+00
2.517987728118896484e+00
4.765102148056030273e+00
4.570080041885375977e+00
4.700588703155517578e+00
4.028638839721679688e+00
3.909597158432006836e+00
3.846822977066040039e+00
4.627007961273193359e+00
4.573359012603759766e+00
4.193865060806274414e+00
3.860209941864013672e+00
3.945383787155151367e+00
4.310312986373901367e+00
4.482064247131347656e+00
3.548059940338134766e+00
4.193876981735229492e+00
3.924908161163330078e+00
4.196329832077026367e+00
4.870167970657348633e+00
4.083147048950195312e+00
4.713515996932983398e+00
4.255491018295288086e+00
4.197223901748657227e+00
4.058193922042846680e+00
3.048594951629638672e+00
4.774591922760009766e+00
4.420783042907714844e+00
4.758313894271850586e+00
3.440333127975463867e+00
3.436923027038574219e+00
4.087793827056884766e+00
5.523562908172607422e+00
4.481030225753784180e+00
4.050086975097656250e+00
4.232355117797851562e+00
4.381806135177612305e+00
2.805350065231323242e+00
5.525157928466796875e+00
4.144462108612060547e+00
4.307267189025878906e+00
4.325999975204467773e+00
3.865200042724609375e+00
4.672150135040283203e+00
3.141765117645263672e+00
5.178375244140625000e+00
4.675832986831665039e+00
5.403374910354614258e+00
3.711696147918701172e+00
4.568883895874023438e+00
3.061151981353759766e+00
4.582031965255737305e+00
3.743188858032226562e+00
5.020464897155761719e+00
3.790085792541503906e+00
2.730880022048950195e+00
4.459104061126708984e+00
2.576225042343139648e+00
4.423322200775146484e+00
3.845940113067626953e+00
4.292612075805664062e+00
4.660699129104614258e+00
4.517719030380249023e+00
3.470314025878906250e+00
4.506008148193359375e+00
4.785959959030151367e+00
3.972954988479614258e+00
4.743928909301757812e+00
4.930124998092651367e+00
4.265382051467895508e+00
4.691312074661254883e+00
4.422130823135375977e+00
4.337811946868896484e+00
3.991577863693237305e+00
4.080133914947509766e+00
4.726850986480712891e+00
4.447492122650146484e+00
4.495033025741577148e+00
5.435389280319213867e+00
5.628737926483154297e+00
3.582007884979248047e+00
4.468502998352050781e+00
4.109446763992309570e+00
4.472109079360961914e+00
3.153296947479248047e+00
4.503504276275634766e+00
5.146709918975830078e+00
3.875985860824584961e+00
5.669442892074584961e+00
4.438277959823608398e+00
3.173856019973754883e+00
5.402822732925415039e+00
3.224512100219726562e+00
2.959435939788818359e+00
3.210441112518310547e+00
4.565717935562133789e+00
3.170241594314575195e+00
4.662110090255737305e+00
5.301952123641967773e+00
3.202735900878906250e+00
3.207262992858886719e+00
5.974318981170654297e+00
5.166952848434448242e+00
3.141349315643310547e+00
3.217736005783081055e+00
3.292963266372680664e+00
3.554834842681884766e+00
5.826585054397583008e+00
4.804244995117187500e+00
4.530743122100830078e+00
3.668336868286132812e+00
4.951270103454589844e+00
4.686749935150146484e+00
3.239497900009155273e+00
3.491252183914184570e+00
3.410840034484863281e+00
3.678126096725463867e+00
3.460823059082031250e+00
3.799643278121948242e+00
3.407587051391601562e+00
3.850903034210205078e+00
4.153985023498535156e+00
3.099347829818725586e+00
3.273483991622924805e+00
3.691363096237182617e+00
3.362963199615478516e+00
3.816180229187011719e+00
3.926923036575317383e+00
4.187843084335327148e+00
2.830602884292602539e+00
4.041987895965576172e+00
5.249339103698730469e+00
3.270016193389892578e+00
3.269228219985961914e+00
5.689365863800048828e+00
3.328699111938476562e+00
3.593270063400268555e+00
3.184647083282470703e+00
3.613500833511352539e+00
3.863065719604492188e+00
3.586193084716796875e+00
3.569798946380615234e+00
3.622372150421142578e+00
4.160883903503417969e+00
4.441853046417236328e+00
4.855472803115844727e+00
4.264682054519653320e+00
3.330784797668457031e+00
3.244492053985595703e+00
4.037705898284912109e+00
3.255120992660522461e+00
4.433557033538818359e+00
3.628046035766601562e+00
3.923264741897583008e+00
3.138556957244873047e+00
3.976935863494873047e+00
4.434768199920654297e+00
3.414405822753906250e+00
3.505610942840576172e+00
2.993792057037353516e+00
3.230974912643432617e+00
4.424474954605102539e+00
3.649896860122680664e+00
3.160197019577026367e+00
3.787600994110107422e+00
3.687214136123657227e+00
3.228705883026123047e+00
4.251300811767578125e+00
3.573574304580688477e+00
3.400475978851318359e+00
4.713863134384155273e+00
2.830513954162597656e+00
3.247252941131591797e+00
2.747220039367675781e+00
4.135147809982299805e+00
3.572389841079711914e+00
3.900487899780273438e+00
3.486557006835937500e+00
2.597015142440795898e+00
2.557351827621459961e+00
2.887878894805908203e+00
2.830830097198486328e+00
2.935782909393310547e+00
3.228971004486083984e+00
2.853059053421020508e+00
3.067940235137939453e+00
3.133079051971435547e+00
3.426918029785156250e+00
3.651571989059448242e+00
3.294439315795898438e+00
3.564794063568115234e+00
4.370339870452880859e+00
3.619123935699462891e+00
3.297646999359130859e+00
3.764855146408081055e+00
4.134748935699462891e+00
4.179870128631591797e+00
4.459101915359497070e+00
3.250414133071899414e+00
3.808965206146240234e+00
4.238855123519897461e+00
3.669728040695190430e+00
3.840689897537231445e+00
5.253884077072143555e+00
4.180483818054199219e+00
4.778191804885864258e+00
4.536397695541381836e+00
4.831449747085571289e+00
5.187930107116699219e+00
3.851458787918090820e+00
4.398632049560546875e+00
3.996207714080810547e+00
4.060870885848999023e+00
3.968758106231689453e+00
3.975619792938232422e+00
4.055618047714233398e+00
4.374825000762939453e+00
4.017222881317138672e+00
4.214164018630981445e+00
3.863639831542968750e+00
4.586765050888061523e+00
5.332103013992309570e+00
5.196158170700073242e+00
4.892553806304931641e+00
4.623167037963867188e+00
4.290987014770507812e+00
4.579874038696289062e+00
5.279329061508178711e+00
5.175568103790283203e+00
5.353857994079589844e+00
5.475420951843261719e+00
5.114300251007080078e+00
5.506435155868530273e+00
5.110051870346069336e+00
5.167279958724975586e+00
5.702260971069335938e+00
5.465084791183471680e+00
6.359923362731933594e+00
4.066466093063354492e+00
4.806937694549560547e+00
5.466623067855834961e+00
3.918643951416015625e+00
5.045558691024780273e+00
5.083290100097656250e+00
3.109294176101684570e+00
4.183990001678466797e+00
4.591471910476684570e+00
5.851734876632690430e+00
5.493465185165405273e+00
3.643092155456542969e+00
4.571135044097900391e+00
6.887341260910034180e+00
5.252985000610351562e+00
4.703562021255493164e+00
5.605427026748657227e+00
5.275424957275390625e+00
5.596223831176757812e+00
5.280416965484619141e+00
4.250935792922973633e+00
4.518150091171264648e+00
5.582789182662963867e+00
5.333768129348754883e+00
4.895293235778808594e+00
3.852064847946166992e+00
4.925915241241455078e+00
5.251992940902709961e+00
2.683707714080810547e+00
3.829927921295166016e+00
5.331660032272338867e+00
4.836912870407104492e+00
4.563973903656005859e+00
4.350660085678100586e+00
3.068176031112670898e+00
3.934405803680419922e+00
3.978393793106079102e+00
4.188693046569824219e+00
3.544910192489624023e+00
5.551344871520996094e+00
3.997521162033081055e+00
4.195873975753784180e+00
4.291761159896850586e+00
4.951285839080810547e+00
4.623836040496826172e+00
4.367745161056518555e+00
4.410115957260131836e+00
6.238445043563842773e+00
3.444358110427856445e+00
3.658051967620849609e+00
6.091939210891723633e+00
5.408201932907104492e+00
4.509418010711669922e+00
6.351231098175048828e+00
6.037919998168945312e+00
6.351454019546508789e+00
5.407565832138061523e+00
3.771061182022094727e+00
3.888311147689819336e+00
3.022538423538208008e+00
5.429495811462402344e+00
5.152629852294921875e+00
4.848801136016845703e+00
4.660950899124145508e+00
4.784785270690917969e+00
4.057513952255249023e+00
3.816288948059082031e+00
3.821715116500854492e+00
5.296787977218627930e+00
4.177381038665771484e+00
2.454338788986206055e+00
4.688501119613647461e+00
4.878381252288818359e+00
6.130110263824462891e+00
4.548114776611328125e+00
4.892132759094238281e+00
4.263306140899658203e+00
6.432951927185058594e+00
4.824785232543945312e+00
4.683022260665893555e+00
4.186964988708496094e+00
5.201042175292968750e+00
4.376573801040649414e+00
4.007424831390380859e+00
2.368406057357788086e+00
2.471224069595336914e+00
5.558084011077880859e+00
4.112745046615600586e+00
3.913312911987304688e+00
4.161461830139160156e+00
4.789665699005126953e+00
3.399936199188232422e+00
3.399815082550048828e+00
6.035606145858764648e+00
4.449267864227294922e+00
3.383590936660766602e+00
4.068327903747558594e+00
5.619343996047973633e+00
6.107253074645996094e+00
5.330597877502441406e+00
4.239562988281250000e+00
4.632262706756591797e+00
2.423156023025512695e+00
6.144157171249389648e+00
2.839498996734619141e+00
4.283616065979003906e+00
5.565281867980957031e+00
3.909802913665771484e+00
3.591478109359741211e+00
3.375319004058837891e+00
4.888478994369506836e+00
4.264315843582153320e+00
4.275619029998779297e+00
5.011399030685424805e+00
5.276796817779541016e+00
2.966267108917236328e+00
5.493733882904052734e+00
4.137620925903320312e+00
2.714672088623046875e+00
2.722296953201293945e+00
4.913485050201416016e+00
2.917572736740112305e+00
3.703357219696044922e+00
2.707142829895019531e+00
3.150543928146362305e+00
2.058377981185913086e+00
3.951240301132202148e+00
3.390556812286376953e+00
4.293324708938598633e+00
2.680490970611572266e+00
3.439780950546264648e+00
5.539925098419189453e+00
3.128605842590332031e+00
2.106891870498657227e+00
5.549905776977539062e+00
6.966601133346557617e+00
2.721447229385375977e+00
3.275356292724609375e+00
3.669141054153442383e+00
5.645678758621215820e+00
3.678086042404174805e+00
4.528523206710815430e+00
2.764704942703247070e+00
3.108675003051757812e+00
2.532991886138916016e+00
4.050760984420776367e+00
2.759208917617797852e+00
2.817074775695800781e+00
2.307280063629150391e+00
3.022987842559814453e+00
2.461955785751342773e+00
2.908829927444458008e+00
2.513288974761962891e+00
2.563161849975585938e+00
2.518600940704345703e+00
3.153919935226440430e+00
3.142517089843750000e+00
3.947570323944091797e+00
2.806988954544067383e+00
2.790373802185058594e+00
3.543350934982299805e+00
2.864533901214599609e+00
2.858722925186157227e+00
2.854563713073730469e+00
2.962913036346435547e+00
3.080449104309082031e+00
3.233376026153564453e+00
3.498358964920043945e+00
3.613195896148681641e+00
3.656289100646972656e+00
3.025849819183349609e+00
3.296977996826171875e+00
2.809129953384399414e+00
3.283867120742797852e+00
3.542058944702148438e+00
2.831920146942138672e+00
2.387865066528320312e+00
3.986161231994628906e+00
3.116833209991455078e+00
3.205204010009765625e+00
3.386212825775146484e+00
3.884094953536987305e+00
4.231993198394775391e+00
3.843745946884155273e+00
2.750386953353881836e+00
2.922802209854125977e+00
3.031628847122192383e+00
3.739055871963500977e+00
2.673184156417846680e+00
3.102191925048828125e+00
2.974956989288330078e+00
3.294332027435302734e+00
3.624458074569702148e+00
2.980531930923461914e+00
2.853653907775878906e+00
3.534618854522705078e+00
3.919615030288696289e+00
3.989497184753417969e+00
3.751354932785034180e+00
3.618141889572143555e+00
3.949061155319213867e+00
4.173960924148559570e+00
2.892955064773559570e+00
3.933459997177124023e+00
3.753756999969482422e+00
3.848416090011596680e+00
2.943387031555175781e+00
3.549460172653198242e+00
3.483027935028076172e+00
4.226871967315673828e+00
3.291605710983276367e+00
3.572273015975952148e+00
3.914453983306884766e+00
3.053312063217163086e+00
4.146507024765014648e+00
3.777435064315795898e+00
3.342395067214965820e+00
4.109683990478515625e+00
3.602620124816894531e+00
4.085315227508544922e+00
4.113519906997680664e+00
4.460779905319213867e+00
4.126032114028930664e+00
4.735841035842895508e+00
4.616580247879028320e+00
3.844640016555786133e+00
4.039023876190185547e+00
4.778280973434448242e+00
2.969282865524291992e+00
4.684421062469482422e+00
5.002689123153686523e+00
4.765973091125488281e+00
4.821237802505493164e+00
3.850764036178588867e+00
3.358633995056152344e+00
4.762444972991943359e+00
3.416171073913574219e+00
3.797374010086059570e+00
2.987195968627929688e+00
4.290354967117309570e+00
3.857504844665527344e+00
4.782495975494384766e+00
3.923680067062377930e+00
3.835894107818603516e+00
4.771794795989990234e+00
3.965478181838989258e+00
4.975792884826660156e+00
3.800838947296142578e+00
4.212162971496582031e+00
3.804584980010986328e+00
4.367191076278686523e+00
3.546896934509277344e+00
4.013483047485351562e+00
3.916901111602783203e+00
4.470443010330200195e+00
3.831124067306518555e+00
3.841017961502075195e+00
3.146352052688598633e+00
3.798862695693969727e+00
3.842661857604980469e+00
4.899580955505371094e+00
5.069073200225830078e+00
3.805579185485839844e+00
3.371984004974365234e+00
4.416214942932128906e+00
3.527571916580200195e+00
3.885875940322875977e+00
2.634362220764160156e+00
4.685523748397827148e+00
3.931078910827636719e+00
3.633190870285034180e+00
4.939923048019409180e+00
4.507403135299682617e+00
4.246055841445922852e+00
3.889489889144897461e+00
3.801396846771240234e+00
4.984471082687377930e+00
3.427458047866821289e+00
3.394028902053833008e+00
3.698658704757690430e+00
5.159136056900024414e+00
4.854856014251708984e+00
3.412940025329589844e+00
4.409811019897460938e+00
2.976337194442749023e+00
4.149628877639770508e+00
4.803238868713378906e+00
2.952137947082519531e+00
3.655630111694335938e+00
4.009069204330444336e+00
3.673905849456787109e+00
3.383360147476196289e+00
4.478657007217407227e+00
4.107350826263427734e+00
4.005110740661621094e+00
3.816669940948486328e+00
3.923475980758666992e+00
3.906670093536376953e+00
3.999076128005981445e+00
2.664873838424682617e+00
3.699132919311523438e+00
4.318899869918823242e+00
3.007376194000244141e+00
4.602535247802734375e+00
3.190264225006103516e+00
3.162340164184570312e+00
4.170200824737548828e+00
2.811586141586303711e+00
4.111095905303955078e+00
2.938084125518798828e+00
4.484527111053466797e+00
3.261646032333374023e+00
3.224031925201416016e+00
4.089337110519409180e+00
3.896971940994262695e+00
4.393404006958007812e+00
3.596428155899047852e+00
2.810985326766967773e+00
3.952102899551391602e+00
4.083297967910766602e+00
4.070091962814331055e+00
4.081268787384033203e+00
4.521981954574584961e+00
4.374429941177368164e+00
3.516014099121093750e+00
3.540226697921752930e+00
4.575512170791625977e+00
3.280956029891967773e+00
4.472917795181274414e+00
4.891664981842041016e+00
4.495770215988159180e+00
4.963363885879516602e+00
5.525538921356201172e+00
2.837683916091918945e+00
4.197872161865234375e+00
4.882527112960815430e+00
3.970645904541015625e+00
4.165982961654663086e+00
3.335385799407958984e+00
2.848890066146850586e+00
3.423804998397827148e+00
3.374670982360839844e+00
3.528649091720581055e+00
2.822306871414184570e+00
4.754671096801757812e+00
2.868511915206909180e+00
2.949434041976928711e+00
2.617587089538574219e+00
3.519417047500610352e+00
5.069716930389404297e+00
2.827817201614379883e+00
4.205547094345092773e+00
3.243514776229858398e+00
2.679966926574707031e+00
3.141628980636596680e+00
3.392343044281005859e+00
5.055562973022460938e+00
3.453683137893676758e+00
3.689693927764892578e+00
4.875638008117675781e+00
5.941743850708007812e+00
2.900435924530029297e+00
3.880282163619995117e+00
3.605754137039184570e+00
3.954268932342529297e+00
3.610290765762329102e+00
3.453026771545410156e+00
4.089097976684570312e+00
4.013037204742431641e+00
3.468096971511840820e+00
2.600592851638793945e+00
4.071843147277832031e+00
3.359896898269653320e+00
4.432851076126098633e+00
3.038352727890014648e+00
3.309443712234497070e+00
4.110362052917480469e+00
4.317265987396240234e+00
4.318588018417358398e+00
2.864181995391845703e+00
2.855265140533447266e+00
2.960062980651855469e+00
3.179181098937988281e+00
3.222259998321533203e+00
3.058896064758300781e+00
3.405714035034179688e+00
3.139880180358886719e+00
3.005989789962768555e+00
3.120834827423095703e+00
4.746567249298095703e+00
3.376137971878051758e+00
3.139554977416992188e+00
4.895604133605957031e+00
3.414460182189941406e+00
3.452633857727050781e+00
3.388458967208862305e+00
3.630486011505126953e+00
2.670383930206298828e+00
3.480232238769531250e+00
4.371978998184204102e+00
2.896195650100708008e+00
3.409446954727172852e+00
5.340718984603881836e+00
4.270861864089965820e+00
3.002900123596191406e+00
4.480212926864624023e+00
3.132560729980468750e+00
3.789767265319824219e+00
3.720175027847290039e+00
3.567482948303222656e+00
3.815770864486694336e+00
2.696934223175048828e+00
3.609408855438232422e+00
3.108016967773437500e+00
4.643150806427001953e+00
3.302561044692993164e+00
3.549651145935058594e+00
3.499411106109619141e+00
4.885338068008422852e+00
4.026127815246582031e+00
3.721060752868652344e+00
4.326351165771484375e+00
3.790654897689819336e+00
3.907983064651489258e+00
3.865220785140991211e+00
3.998924732208251953e+00
2.861351966857910156e+00
3.918149948120117188e+00
4.457046031951904297e+00
4.021344184875488281e+00
3.337563037872314453e+00
3.422739028930664062e+00
3.973642826080322266e+00
3.068642139434814453e+00
5.090566158294677734e+00
2.772943019866943359e+00
3.975022077560424805e+00
4.111052989959716797e+00
5.907912015914916992e+00
4.238163948059082031e+00
3.853482007980346680e+00
3.441278219223022461e+00
4.825692892074584961e+00
4.255375146865844727e+00
3.422498226165771484e+00
4.215711116790771484e+00
4.993903875350952148e+00
3.349888086318969727e+00
4.459271907806396484e+00
3.353785037994384766e+00
4.164409875869750977e+00
3.377274990081787109e+00
4.306744098663330078e+00
5.246916770935058594e+00
3.753568172454833984e+00
4.385708093643188477e+00
3.973538160324096680e+00
4.543068885803222656e+00
4.585335969924926758e+00
4.793090105056762695e+00
3.820416927337646484e+00
4.459949731826782227e+00
3.501065969467163086e+00
3.782685041427612305e+00
2.710264205932617188e+00
4.548602104187011719e+00
4.497912645339965820e+00
3.306396007537841797e+00
3.921254158020019531e+00
4.631165981292724609e+00
2.722573041915893555e+00
3.151391983032226562e+00
3.685982942581176758e+00
4.282857179641723633e+00
4.027775049209594727e+00
3.776787281036376953e+00
4.018608093261718750e+00
3.871289968490600586e+00
2.960781812667846680e+00
4.949179887771606445e+00
3.290465116500854492e+00
2.894768953323364258e+00
5.183763027191162109e+00
4.444075107574462891e+00
3.664113998413085938e+00
3.762179136276245117e+00
4.571348905563354492e+00
4.954344987869262695e+00
3.370316743850708008e+00
3.114562988281250000e+00
3.605396986007690430e+00
4.192330837249755859e+00
3.398977994918823242e+00
3.716212987899780273e+00
3.663953304290771484e+00
4.208981037139892578e+00
4.549652099609375000e+00
2.890025854110717773e+00
4.096235036849975586e+00
5.076317071914672852e+00
3.976757049560546875e+00
3.340600967407226562e+00
5.368297100067138672e+00
3.493144989013671875e+00
3.654422998428344727e+00
5.328766107559204102e+00
3.655124902725219727e+00
5.504642009735107422e+00
3.851700067520141602e+00
4.103471040725708008e+00
3.893149852752685547e+00
3.488320112228393555e+00
3.197872877120971680e+00
3.623805999755859375e+00
3.954285144805908203e+00
4.435765027999877930e+00
3.823531866073608398e+00
5.436926841735839844e+00
3.648139715194702148e+00
4.735864877700805664e+00
5.855047941207885742e+00
2.609255790710449219e+00
3.469052314758300781e+00
2.867979049682617188e+00
4.177147150039672852e+00
4.747689008712768555e+00
4.721402883529663086e+00
4.547046899795532227e+00
3.903352022171020508e+00
3.622581958770751953e+00
3.533772706985473633e+00
4.438628911972045898e+00
3.521850824356079102e+00
3.099673032760620117e+00
4.237494707107543945e+00
4.250671863555908203e+00
3.537173986434936523e+00
3.562666893005371094e+00
3.340887069702148438e+00
3.722614049911499023e+00
4.237382173538208008e+00
4.512857913970947266e+00
3.550619125366210938e+00
3.965859174728393555e+00
3.318415880203247070e+00
3.561511993408203125e+00
3.986154079437255859e+00
4.773904800415039062e+00
4.792234182357788086e+00
3.707065820693969727e+00
3.400616884231567383e+00
3.574534893035888672e+00
3.975476980209350586e+00
4.862995862960815430e+00
5.204210281372070312e+00
4.566581010818481445e+00
4.626213788986206055e+00
4.973881959915161133e+00
4.645499944686889648e+00
4.133697032928466797e+00
3.359162092208862305e+00
4.638154983520507812e+00
3.955218076705932617e+00
4.913125038146972656e+00
4.053518056869506836e+00
3.863775968551635742e+00
4.490842103958129883e+00
4.539259195327758789e+00
3.399285078048706055e+00
2.817868232727050781e+00
3.714941024780273438e+00
2.973283052444458008e+00
2.973846197128295898e+00
4.203700065612792969e+00
3.026379108428955078e+00
5.153270959854125977e+00
3.373641014099121094e+00
4.221136808395385742e+00
3.986168146133422852e+00
2.600863933563232422e+00
3.224987983703613281e+00
3.985138177871704102e+00
3.158533811569213867e+00
3.542844057083129883e+00
2.945671081542968750e+00
3.041710853576660156e+00
2.340126037597656250e+00
5.593014001846313477e+00
3.462229013442993164e+00
3.546319961547851562e+00
3.094736099243164062e+00
3.498145103454589844e+00
3.546078920364379883e+00
3.754886150360107422e+00
3.587031841278076172e+00
2.721819162368774414e+00
2.073062896728515625e+00
7.305835008621215820e+00
5.037454128265380859e+00
4.026357173919677734e+00
3.347220897674560547e+00
3.600506305694580078e+00
3.416147947311401367e+00
3.634300947189331055e+00
3.361485004425048828e+00
3.760006904602050781e+00
3.652287006378173828e+00
3.766951084136962891e+00
4.080302953720092773e+00
4.399743080139160156e+00
4.530392169952392578e+00
3.836910009384155273e+00
3.842427015304565430e+00
3.436153173446655273e+00
4.007794857025146484e+00
3.315709829330444336e+00
4.578084945678710938e+00
4.497879981994628906e+00
4.285862207412719727e+00
4.358284235000610352e+00
3.638520956039428711e+00
3.082348108291625977e+00
2.822842121124267578e+00
3.760696172714233398e+00
3.316827058792114258e+00
3.274274826049804688e+00
3.647028923034667969e+00
3.501485109329223633e+00
3.616170883178710938e+00
3.411412954330444336e+00
3.884889125823974609e+00
3.826286792755126953e+00
4.036112785339355469e+00
3.642431020736694336e+00
3.706104755401611328e+00
4.007006883621215820e+00
3.720121145248413086e+00
3.871718883514404297e+00
5.026892185211181641e+00
4.013421058654785156e+00
2.889415025711059570e+00
4.864710092544555664e+00
5.069295883178710938e+00
3.141710996627807617e+00
3.414780855178833008e+00
4.943826913833618164e+00
3.700820922851562500e+00
3.812623977661132812e+00
3.851940870285034180e+00
4.019202947616577148e+00
2.408097982406616211e+00
4.328297138214111328e+00
4.435457944869995117e+00
3.644307851791381836e+00
4.038810253143310547e+00
4.427034139633178711e+00
3.711316108703613281e+00
3.842815160751342773e+00
4.106892108917236328e+00
4.263133049011230469e+00
4.379526138305664062e+00
3.820883274078369141e+00
4.446627140045166016e+00
3.340517044067382812e+00
3.668069839477539062e+00
2.150871753692626953e+00
3.812695980072021484e+00
4.856877803802490234e+00
3.703088760375976562e+00
3.716097116470336914e+00
3.787348985671997070e+00
3.266882896423339844e+00
2.971438884735107422e+00
2.572215795516967773e+00
2.944350004196166992e+00
5.085303068161010742e+00
3.880208730697631836e+00
3.925279140472412109e+00
2.736596107482910156e+00
2.205168962478637695e+00
3.791013002395629883e+00
3.796952009201049805e+00
4.473057031631469727e+00
4.084956169128417969e+00
4.759263992309570312e+00
3.268513917922973633e+00
4.519867897033691406e+00
2.954519987106323242e+00
4.899151086807250977e+00
2.964622974395751953e+00
2.841164112091064453e+00
2.925184011459350586e+00
3.542751073837280273e+00
2.894435882568359375e+00
2.892363071441650391e+00
2.805505037307739258e+00
4.039649963378906250e+00
2.910776853561401367e+00
4.405468225479125977e+00
4.595248699188232422e+00
4.898213148117065430e+00
2.852169990539550781e+00
4.324607133865356445e+00
4.748980045318603516e+00
4.757822036743164062e+00
4.426750898361206055e+00
3.695576906204223633e+00
4.497045040130615234e+00
3.534242153167724609e+00
3.360206127166748047e+00
2.680709123611450195e+00
2.666867017745971680e+00
3.659635066986083984e+00
3.629622936248779297e+00
3.034142255783081055e+00
4.476797819137573242e+00
3.008861780166625977e+00
4.991470813751220703e+00
4.372572898864746094e+00
3.724785089492797852e+00
2.560560941696166992e+00
3.067136049270629883e+00
3.283507108688354492e+00
3.192351818084716797e+00
4.512543916702270508e+00
3.496606826782226562e+00
4.433453798294067383e+00
3.311922073364257812e+00
3.015000104904174805e+00
2.971306085586547852e+00
3.258299112319946289e+00
3.418416976928710938e+00
3.302697896957397461e+00
4.084310054779052734e+00
4.751206874847412109e+00
2.850243091583251953e+00
3.150948762893676758e+00
3.086956977844238281e+00
3.619872093200683594e+00
3.632122993469238281e+00
3.228433847427368164e+00
2.572758913040161133e+00
2.349894762039184570e+00
3.285808086395263672e+00
3.023770093917846680e+00
1.793141126632690430e+00
3.261920928955078125e+00
3.783890008926391602e+00
3.762274980545043945e+00
3.485413789749145508e+00
3.177811861038208008e+00
2.639425039291381836e+00
2.637764215469360352e+00
2.479060173034667969e+00
3.210986852645874023e+00
3.397116184234619141e+00
2.622283935546875000e+00
2.581202983856201172e+00
2.839493989944458008e+00
3.626096010208129883e+00
2.649894952774047852e+00
3.353940010070800781e+00
3.085994005203247070e+00
3.788881063461303711e+00
3.177528142929077148e+00
2.442786216735839844e+00
3.602525949478149414e+00
3.299448013305664062e+00
3.484332084655761719e+00
3.156556844711303711e+00
2.694982290267944336e+00
3.331977128982543945e+00
2.480602979660034180e+00
2.982567787170410156e+00
3.508776903152465820e+00
3.820238113403320312e+00
3.532119989395141602e+00
4.028483152389526367e+00
3.624898910522460938e+00
3.959230899810791016e+00
2.997058153152465820e+00
3.414070129394531250e+00
2.989989995956420898e+00
4.095988035202026367e+00
3.544968843460083008e+00
4.230939865112304688e+00
3.659002065658569336e+00
3.204657316207885742e+00
3.673970937728881836e+00
4.035832166671752930e+00
3.983204126358032227e+00
4.090475082397460938e+00
4.072580099105834961e+00
3.490471124649047852e+00
4.160432100296020508e+00
4.138653993606567383e+00
2.570494890213012695e+00
3.785591125488281250e+00
3.884488105773925781e+00
4.213445186614990234e+00
4.758178949356079102e+00
3.682322025299072266e+00
2.570116043090820312e+00
2.949877023696899414e+00
3.831967115402221680e+00
4.402000904083251953e+00
3.807738304138183594e+00
3.287549972534179688e+00
4.586148023605346680e+00
3.301188945770263672e+00
3.687678337097167969e+00
2.974256038665771484e+00
3.549214124679565430e+00
2.388032913208007812e+00
4.382802009582519531e+00
3.305488824844360352e+00
2.722957849502563477e+00
3.055493831634521484e+00
3.465492963790893555e+00
2.827466726303100586e+00
4.024215936660766602e+00
2.376065015792846680e+00
2.930700063705444336e+00
3.620989799499511719e+00
3.249264240264892578e+00
2.881176233291625977e+00
3.378716945648193359e+00
2.703891992568969727e+00
2.440443038940429688e+00
3.926724910736083984e+00
3.037651777267456055e+00
3.589637041091918945e+00
2.827533960342407227e+00
4.050283193588256836e+00
2.694304943084716797e+00
3.531413078308105469e+00
3.167499065399169922e+00
2.958432197570800781e+00
4.091490030288696289e+00
2.693545103073120117e+00
3.631725072860717773e+00
3.815343141555786133e+00
3.083532094955444336e+00
2.833560943603515625e+00
3.266332864761352539e+00
3.381841897964477539e+00
2.948668956756591797e+00
3.008770704269409180e+00
2.677741050720214844e+00
2.702916145324707031e+00
3.612146854400634766e+00
2.980827093124389648e+00
4.093442916870117188e+00
3.608207941055297852e+00
3.558466911315917969e+00
3.610962867736816406e+00
4.178960084915161133e+00
3.228297948837280273e+00
3.221148729324340820e+00
3.237345933914184570e+00
3.821560144424438477e+00
3.539044141769409180e+00
3.680518150329589844e+00
3.162794113159179688e+00
3.737736225128173828e+00
3.500604867935180664e+00
3.630220174789428711e+00
3.261086940765380859e+00
3.432110786437988281e+00
3.752846240997314453e+00
3.461479902267456055e+00
2.661886930465698242e+00
2.826622962951660156e+00
2.414352893829345703e+00
3.974376916885375977e+00
2.289528131484985352e+00
2.852108240127563477e+00
3.916543960571289062e+00
3.837612152099609375e+00
2.898422002792358398e+00
4.042182922363281250e+00
2.842098951339721680e+00
3.812882900238037109e+00
3.912976980209350586e+00
4.064148902893066406e+00
3.291671991348266602e+00
2.985714197158813477e+00
3.904670953750610352e+00
4.091205120086669922e+00
3.715600967407226562e+00
3.529456853866577148e+00
3.405431032180786133e+00
4.152721881866455078e+00
3.412328243255615234e+00
3.435025930404663086e+00
4.079075813293457031e+00
3.360101938247680664e+00
3.343399047851562500e+00
3.404639959335327148e+00
3.145012140274047852e+00
4.048351049423217773e+00
3.264346122741699219e+00
3.573124170303344727e+00
3.285926103591918945e+00
3.876147270202636719e+00
4.130305051803588867e+00
4.444660902023315430e+00
2.776961803436279297e+00
2.832347154617309570e+00
4.570518016815185547e+00
3.333333015441894531e+00
2.970250129699707031e+00
3.406854152679443359e+00
3.169083833694458008e+00
3.487035036087036133e+00
3.394078016281127930e+00
2.980331897735595703e+00
2.948501110076904297e+00
4.441256999969482422e+00
3.062087059020996094e+00
2.902944087982177734e+00
3.911560297012329102e+00
3.689771175384521484e+00
3.640287876129150391e+00
4.184551000595092773e+00
3.216644048690795898e+00
4.220192909240722656e+00
3.292809009552001953e+00
4.285599946975708008e+00
3.507489681243896484e+00
3.271889209747314453e+00
3.006144046783447266e+00
2.503971099853515625e+00
4.387138843536376953e+00
4.856544971466064453e+00
3.222523212432861328e+00
2.563141107559204102e+00
4.339514970779418945e+00
3.381963968276977539e+00
2.085465908050537109e+00
2.428116083145141602e+00
3.498886108398437500e+00
3.445863008499145508e+00
2.668143987655639648e+00
3.309845924377441406e+00
3.526893138885498047e+00
3.534993886947631836e+00
3.322769165039062500e+00
3.682799816131591797e+00
3.411756038665771484e+00
3.379968881607055664e+00
2.622831106185913086e+00
2.659961938858032227e+00
5.251235961914062500e+00
3.095879316329956055e+00
5.138941049575805664e+00
4.813175916671752930e+00
3.316940069198608398e+00
4.950893640518188477e+00
4.794907093048095703e+00
4.288432121276855469e+00
4.631408214569091797e+00
3.841643095016479492e+00
3.752991914749145508e+00
3.776532888412475586e+00
3.423781871795654297e+00
4.808655977249145508e+00
3.411630153656005859e+00
3.849511861801147461e+00
3.884994029998779297e+00
2.512098073959350586e+00
2.775978088378906250e+00
2.658622980117797852e+00
3.331036329269409180e+00
3.217061042785644531e+00
4.122632741928100586e+00
2.859445095062255859e+00
4.170111894607543945e+00
3.358746290206909180e+00
3.158800125122070312e+00
4.743626832962036133e+00
2.829979896545410156e+00
3.939945220947265625e+00
3.415790796279907227e+00
3.919126749038696289e+00
2.994967699050903320e+00
3.854245901107788086e+00
3.544336795806884766e+00
4.948974847793579102e+00
2.242675304412841797e+00
3.249885082244873047e+00
3.434979915618896484e+00
2.282599210739135742e+00
3.773998737335205078e+00
3.957684993743896484e+00
3.417749881744384766e+00
4.926346778869628906e+00
4.300440788269042969e+00
4.225037097930908203e+00
3.532861948013305664e+00
3.971879005432128906e+00
4.045396804809570312e+00
4.310208082199096680e+00
3.746186017990112305e+00
4.533042192459106445e+00
4.190040111541748047e+00
3.839376211166381836e+00
2.181799888610839844e+00
3.238690853118896484e+00
2.794113159179687500e+00
2.375255107879638672e+00
2.856011867523193359e+00
2.292006969451904297e+00
3.055068969726562500e+00
3.826485872268676758e+00
4.260447025299072266e+00
3.205471277236938477e+00
3.877153158187866211e+00
3.387675285339355469e+00
1.965127944946289062e+00
3.208153009414672852e+00
3.427619934082031250e+00
3.196192026138305664e+00
3.422398090362548828e+00
2.965366125106811523e+00
3.045397043228149414e+00
2.711545228958129883e+00
2.630650281906127930e+00
2.831042051315307617e+00
2.604313135147094727e+00
3.048053979873657227e+00
2.757348060607910156e+00
2.687206745147705078e+00
2.769480943679809570e+00
2.755520105361938477e+00
2.718692779541015625e+00
2.800300121307373047e+00
2.730686902999877930e+00
2.758718013763427734e+00
3.134041070938110352e+00
3.105028867721557617e+00
2.903522968292236328e+00
2.656875848770141602e+00
2.634423971176147461e+00
4.089371204376220703e+00
3.445530891418457031e+00
3.066078901290893555e+00
3.288092851638793945e+00
2.795010089874267578e+00
2.881426095962524414e+00
3.315714836120605469e+00
2.864837884902954102e+00
3.167616128921508789e+00
3.371407270431518555e+00
2.689844846725463867e+00
3.570687055587768555e+00
3.642649888992309570e+00
3.565571069717407227e+00
3.119050979614257812e+00
3.604821205139160156e+00
3.370491266250610352e+00
3.505029916763305664e+00
3.078187942504882812e+00
3.143945932388305664e+00
3.564661026000976562e+00
3.429192066192626953e+00
3.127837896347045898e+00
3.321067094802856445e+00
3.425884962081909180e+00
3.859502792358398438e+00
3.033633947372436523e+00
2.791484832763671875e+00
3.342979907989501953e+00
3.035122156143188477e+00
3.799688100814819336e+00
3.002728939056396484e+00
3.076498031616210938e+00
3.296722173690795898e+00
3.953668832778930664e+00
3.017740011215209961e+00
3.238205909729003906e+00
3.921344995498657227e+00
3.324665784835815430e+00
3.151137113571166992e+00
3.060237169265747070e+00
3.492060899734497070e+00
2.599627017974853516e+00
2.356336832046508789e+00
2.843695163726806641e+00
4.046222686767578125e+00
4.269405126571655273e+00
3.423708915710449219e+00
3.884377956390380859e+00
2.389907121658325195e+00
3.598554849624633789e+00
3.779285907745361328e+00
3.296720981597900391e+00
4.144614219665527344e+00
3.024406909942626953e+00
3.630412101745605469e+00
2.952364921569824219e+00
3.372373342514038086e+00
3.965058088302612305e+00
4.041367053985595703e+00
3.680840969085693359e+00
3.733392000198364258e+00
4.035915851593017578e+00
2.679849147796630859e+00
3.812768936157226562e+00
4.424728870391845703e+00
3.423266887664794922e+00
3.306230068206787109e+00
4.058760166168212891e+00
3.326637983322143555e+00
3.314682006835937500e+00
4.186278104782104492e+00
3.845304965972900391e+00
3.629196166992187500e+00
3.690524101257324219e+00
3.567580938339233398e+00
3.875815153121948242e+00
3.264880180358886719e+00
3.500858783721923828e+00
3.528648853302001953e+00
3.285155057907104492e+00
2.621570825576782227e+00
3.866985082626342773e+00
4.092955827713012695e+00
3.338281393051147461e+00
4.568873882293701172e+00
3.503112792968750000e+00
3.704155206680297852e+00
3.417929172515869141e+00
2.879359006881713867e+00
2.949393987655639648e+00
3.462851762771606445e+00
3.824464082717895508e+00
3.046776056289672852e+00
4.279541015625000000e+00
3.583425045013427734e+00
4.112811088562011719e+00
3.941211938858032227e+00
4.306083202362060547e+00
3.690405130386352539e+00
4.660706996917724609e+00
3.324655294418334961e+00
3.693598985671997070e+00
4.388241052627563477e+00
3.577075004577636719e+00
3.589395999908447266e+00
4.499023914337158203e+00
3.649074077606201172e+00
3.940562009811401367e+00
3.682092905044555664e+00
4.043290138244628906e+00
4.087766170501708984e+00
3.296360969543457031e+00
4.111390829086303711e+00
4.980155706405639648e+00
4.166290998458862305e+00
3.918800830841064453e+00
4.081186056137084961e+00
4.039426088333129883e+00
4.198986053466796875e+00
4.104170799255371094e+00
3.349739074707031250e+00
3.530792951583862305e+00
3.609176874160766602e+00
3.148522853851318359e+00
3.039942264556884766e+00
3.175704956054687500e+00
3.885822296142578125e+00
3.547974109649658203e+00
4.623849868774414062e+00
3.588991880416870117e+00
3.678442001342773438e+00
4.314111948013305664e+00
3.215309858322143555e+00
4.160418748855590820e+00
2.680244922637939453e+00
3.447553634643554688e+00
3.892751932144165039e+00
3.641759872436523438e+00
3.611669063568115234e+00
3.824857950210571289e+00
3.432035207748413086e+00
2.617980718612670898e+00
3.496979951858520508e+00
3.825116872787475586e+00
3.812328100204467773e+00
4.009727001190185547e+00
2.590414762496948242e+00
4.727799177169799805e+00
3.269960165023803711e+00
3.549225807189941406e+00
3.531896114349365234e+00
4.528049945831298828e+00
3.288123846054077148e+00
4.059028863906860352e+00
3.014539003372192383e+00
3.662736177444458008e+00
4.503793001174926758e+00
3.375611066818237305e+00
3.057184696197509766e+00
2.338265895843505859e+00
3.282348155975341797e+00
2.617202043533325195e+00
3.804839134216308594e+00
2.542115688323974609e+00
4.202640056610107422e+00
2.636452913284301758e+00
3.344264984130859375e+00
3.438280820846557617e+00
2.753900051116943359e+00
4.204112052917480469e+00
3.776447296142578125e+00
2.797680854797363281e+00
4.367506980895996094e+00
2.890384197235107422e+00
3.226989030838012695e+00
2.939506053924560547e+00
3.929711818695068359e+00
3.459310770034790039e+00
3.227126121520996094e+00
5.241278886795043945e+00
3.255859851837158203e+00
3.013148069381713867e+00
3.915460109710693359e+00
3.992373943328857422e+00
4.251533985137939453e+00
3.560304164886474609e+00
4.018864154815673828e+00
4.463840961456298828e+00
3.780690908432006836e+00
3.125958919525146484e+00
3.909777879714965820e+00
3.048110008239746094e+00
3.935333728790283203e+00
3.920842170715332031e+00
4.684424877166748047e+00
4.028911113739013672e+00
4.165358066558837891e+00
3.141018867492675781e+00
3.034097909927368164e+00
3.088003873825073242e+00
4.378571748733520508e+00
2.890218973159790039e+00
2.752780914306640625e+00
5.157047033309936523e+00
3.166871070861816406e+00
4.176891088485717773e+00
3.970199108123779297e+00
2.961059808731079102e+00
5.371988773345947266e+00
3.006431818008422852e+00
2.932908058166503906e+00
3.737374067306518555e+00
2.989849090576171875e+00
3.942970752716064453e+00
3.015614032745361328e+00
3.635682106018066406e+00
4.590196847915649414e+00
3.115141153335571289e+00
3.161020040512084961e+00
4.344778060913085938e+00
3.899019002914428711e+00
3.381222963333129883e+00
3.309020042419433594e+00
3.316427946090698242e+00
2.983094930648803711e+00
3.715101957321166992e+00
3.818408012390136719e+00
2.885165214538574219e+00
4.817489147186279297e+00
2.989472150802612305e+00
3.715631008148193359e+00
2.828392028808593750e+00
3.915921211242675781e+00
3.955974102020263672e+00
2.594436883926391602e+00
2.319665908813476562e+00
2.453872919082641602e+00
3.239556789398193359e+00
3.455738067626953125e+00
3.692898035049438477e+00
3.453763008117675781e+00
3.153169155120849609e+00
3.093865871429443359e+00
2.996454238891601562e+00
5.387319087982177734e+00
3.105177164077758789e+00
3.307132959365844727e+00
3.368563890457153320e+00
4.259484291076660156e+00
3.354654073715209961e+00
3.395804882049560547e+00
3.699472904205322266e+00
3.689501047134399414e+00
3.496431112289428711e+00
3.490852117538452148e+00
3.293850898742675781e+00
2.632633209228515625e+00
3.565242767333984375e+00
3.677031993865966797e+00
3.519394636154174805e+00
3.913630962371826172e+00
3.390895128250122070e+00
4.226501941680908203e+00
3.583048105239868164e+00
4.197062969207763672e+00
4.053307294845581055e+00
2.965954780578613281e+00
2.908776044845581055e+00
4.059538841247558594e+00
3.798328876495361328e+00
4.181636095046997070e+00
2.351173162460327148e+00
3.909970045089721680e+00
4.027048110961914062e+00
3.947565793991088867e+00
4.193056821823120117e+00
4.214046001434326172e+00
4.560456275939941406e+00
3.215181112289428711e+00
3.244878768920898438e+00
3.593456983566284180e+00
4.480882167816162109e+00
3.550457000732421875e+00
4.172776937484741211e+00
4.217689752578735352e+00
3.572523117065429688e+00
3.731806039810180664e+00
4.328089714050292969e+00
3.691530942916870117e+00
3.008023023605346680e+00
4.537210226058959961e+00
3.362994909286499023e+00
3.430839061737060547e+00
3.684680938720703125e+00
4.169746160507202148e+00
3.111306190490722656e+00
2.435295104980468750e+00
4.757696866989135742e+00
4.533904075622558594e+00
5.054502964019775391e+00
4.180307865142822266e+00
3.032494068145751953e+00
4.392954826354980469e+00
3.668782949447631836e+00
4.968417882919311523e+00
3.887886047363281250e+00
3.508107900619506836e+00
3.349588871002197266e+00
3.679172039031982422e+00
3.453758955001831055e+00
5.780667066574096680e+00
2.287688016891479492e+00
3.537147998809814453e+00
4.035515069961547852e+00
4.499673843383789062e+00
2.983217954635620117e+00
5.140421867370605469e+00
3.592992067337036133e+00
2.325505971908569336e+00
3.684323787689208984e+00
3.581690311431884766e+00
4.849021196365356445e+00
3.286342859268188477e+00
3.673339128494262695e+00
3.471709966659545898e+00
2.282658815383911133e+00
3.389465093612670898e+00
3.182448863983154297e+00
3.173092126846313477e+00
3.505388021469116211e+00
2.991008996963500977e+00
2.909808158874511719e+00
3.616788864135742188e+00
2.824869155883789062e+00
3.436975002288818359e+00
3.660281896591186523e+00
3.911089181900024414e+00
3.623717784881591797e+00
4.013397932052612305e+00
3.182920932769775391e+00
3.118988990783691406e+00
2.686340093612670898e+00
4.159789085388183594e+00
3.323901891708374023e+00
3.319651842117309570e+00
2.497214317321777344e+00
2.899433374404907227e+00
3.602754116058349609e+00
3.795140981674194336e+00
3.144745111465454102e+00
3.539935111999511719e+00
3.573292016983032227e+00
2.772954225540161133e+00
3.465619802474975586e+00
3.484202146530151367e+00
3.503159999847412109e+00
3.518063783645629883e+00
3.472393035888671875e+00
3.292079210281372070e+00
2.190856933593750000e+00
3.599811077117919922e+00
3.428878068923950195e+00
2.838764905929565430e+00
3.294754743576049805e+00
4.187930107116699219e+00
3.923762083053588867e+00
4.000293970108032227e+00
3.680271863937377930e+00
3.813221216201782227e+00
4.040170907974243164e+00
4.030375003814697266e+00
2.997823953628540039e+00
3.817101001739501953e+00
3.490294218063354492e+00
4.333508968353271484e+00
4.340955972671508789e+00
2.925396919250488281e+00
4.197145938873291016e+00
4.371526956558227539e+00
3.351771116256713867e+00
2.904752731323242188e+00
3.180921077728271484e+00
3.041077852249145508e+00
2.937782049179077148e+00
3.104356050491333008e+00
2.898747205734252930e+00
3.079936027526855469e+00
2.723060846328735352e+00
3.065851211547851562e+00
3.285047054290771484e+00
2.998993873596191406e+00
3.968532085418701172e+00
2.921699047088623047e+00
2.854341983795166016e+00
3.437419891357421875e+00
3.158443927764892578e+00
2.990358114242553711e+00
3.298475980758666992e+00
2.458060026168823242e+00
3.318404912948608398e+00
3.313239812850952148e+00
3.319622755050659180e+00
3.059899806976318359e+00
3.687015771865844727e+00
4.092835903167724609e+00
3.349767923355102539e+00
3.411406755447387695e+00
3.517734766006469727e+00
3.407309055328369141e+00
2.722537994384765625e+00
3.500087738037109375e+00
3.614471197128295898e+00
2.865720033645629883e+00
2.858989238739013672e+00
2.526072025299072266e+00
2.559957981109619141e+00
2.946209907531738281e+00
3.491563081741333008e+00
2.843005895614624023e+00
3.070944070816040039e+00
2.874763965606689453e+00
3.333641052246093750e+00
3.312587022781372070e+00
2.949123859405517578e+00
3.138122081756591797e+00
2.808041095733642578e+00
3.075899839401245117e+00
3.156828880310058594e+00
2.897840976715087891e+00
2.027009010314941406e+00
2.687878131866455078e+00
3.318320989608764648e+00
2.895123004913330078e+00
2.990720033645629883e+00
2.898155927658081055e+00
2.970917940139770508e+00
3.020675182342529297e+00
2.917851924896240234e+00
2.777378082275390625e+00
3.104987144470214844e+00
2.940724849700927734e+00
2.992029905319213867e+00
3.519575119018554688e+00
3.511713981628417969e+00
3.541305065155029297e+00
3.443150043487548828e+00
3.462552070617675781e+00
3.023140907287597656e+00
3.526061058044433594e+00
3.732971906661987305e+00
3.356559038162231445e+00
2.895248174667358398e+00
3.239680051803588867e+00
2.988047838211059570e+00
3.136789083480834961e+00
3.559543132781982422e+00
3.303098917007446289e+00
3.469654798507690430e+00
2.543340682983398438e+00
3.201113939285278320e+00
2.756198883056640625e+00
3.116410732269287109e+00
3.198189735412597656e+00
3.803026914596557617e+00
3.378804922103881836e+00
3.686970233917236328e+00
2.993993282318115234e+00
4.050826072692871094e+00
3.607123851776123047e+00
3.446780204772949219e+00
3.608731985092163086e+00
3.884066104888916016e+00
3.134656906127929688e+00
4.074207067489624023e+00
4.198563098907470703e+00
4.468941688537597656e+00
3.203387260437011719e+00
3.440917968750000000e+00
4.005054950714111328e+00
4.705590009689331055e+00
4.542033195495605469e+00
4.327760934829711914e+00
2.933834791183471680e+00
3.360664129257202148e+00
4.372844696044921875e+00
3.261509895324707031e+00
3.468979835510253906e+00
3.827765703201293945e+00
4.219171047210693359e+00
2.792695045471191406e+00
2.858562946319580078e+00
3.384902000427246094e+00
3.655681133270263672e+00
3.400223970413208008e+00
2.962394952774047852e+00
3.940690040588378906e+00
3.802202939987182617e+00
3.798557281494140625e+00
3.892107963562011719e+00
4.091696262359619141e+00
3.338844776153564453e+00
4.692644119262695312e+00
3.743534088134765625e+00
4.249190807342529297e+00
4.530847072601318359e+00
4.519155979156494141e+00
3.763399839401245117e+00
3.912446022033691406e+00
2.972949981689453125e+00
3.656787157058715820e+00
4.067147016525268555e+00
3.186469078063964844e+00
4.774746894836425781e+00
4.135563135147094727e+00
3.909591913223266602e+00
4.155507326126098633e+00
3.912226915359497070e+00
3.472381830215454102e+00
3.580648899078369141e+00
3.880776882171630859e+00
4.353257894515991211e+00
3.705543041229248047e+00
3.974436759948730469e+00
3.318896293640136719e+00
2.893388032913208008e+00
2.836580753326416016e+00
2.530838966369628906e+00
4.104393959045410156e+00
3.107979059219360352e+00
3.168298006057739258e+00
2.907577991485595703e+00
3.577106952667236328e+00
4.863108158111572266e+00
4.489093065261840820e+00
3.312277078628540039e+00
3.217434167861938477e+00
3.497884988784790039e+00
3.380761861801147461e+00
3.438858985900878906e+00
3.462711095809936523e+00
3.425357103347778320e+00
3.603506803512573242e+00
3.120777130126953125e+00
4.286090135574340820e+00
3.694500207901000977e+00
3.586355924606323242e+00
4.974748849868774414e+00
3.761959791183471680e+00
3.722021818161010742e+00
3.413830995559692383e+00
3.361351966857910156e+00
4.332422256469726562e+00
4.634053230285644531e+00
4.603459835052490234e+00
3.533241033554077148e+00
3.725610971450805664e+00
4.454084873199462891e+00
5.016871929168701172e+00
2.656982660293579102e+00
3.140831947326660156e+00
3.249866008758544922e+00
4.463519096374511719e+00
3.885460138320922852e+00
4.095922946929931641e+00
2.733208894729614258e+00
3.331887006759643555e+00
3.240941047668457031e+00
3.944882154464721680e+00
3.707398891448974609e+00
2.854218959808349609e+00
3.165493965148925781e+00
3.251288175582885742e+00
3.594048976898193359e+00
3.419221878051757812e+00
3.787350893020629883e+00
2.408885002136230469e+00
3.360234975814819336e+00
2.788616180419921875e+00
3.820589065551757812e+00
3.333768367767333984e+00
3.446819067001342773e+00
3.205204963684082031e+00
3.855450153350830078e+00
3.467802047729492188e+00
2.590323925018310547e+00
2.595246076583862305e+00
3.934034347534179688e+00
4.708539962768554688e+00
1.988202095031738281e+00
2.989216089248657227e+00
3.630502939224243164e+00
4.050210952758789062e+00
2.621850967407226562e+00
2.910578012466430664e+00
2.888763904571533203e+00
3.232780933380126953e+00
2.245150327682495117e+00
2.619321823120117188e+00
2.958865165710449219e+00
2.186865806579589844e+00
3.476007223129272461e+00
2.874443054199218750e+00
1.883562088012695312e+00
3.596371889114379883e+00
3.002672195434570312e+00
3.151570081710815430e+00
2.817048072814941406e+00
2.609246969223022461e+00
2.307211160659790039e+00
3.952163934707641602e+00
3.544718027114868164e+00
2.414556980133056641e+00
2.842928886413574219e+00
3.257217884063720703e+00
3.368444919586181641e+00
2.774287700653076172e+00
2.820930957794189453e+00
3.081943988800048828e+00
2.734055995941162109e+00
3.300694942474365234e+00
3.076673030853271484e+00
3.638142108917236328e+00
4.276085138320922852e+00
3.962190866470336914e+00
3.330029010772705078e+00
2.230733871459960938e+00
3.696959018707275391e+00
3.718303918838500977e+00
2.728942155838012695e+00
3.109583139419555664e+00
3.713474035263061523e+00
3.145835876464843750e+00
3.749184131622314453e+00
3.196999788284301758e+00
3.348808050155639648e+00
3.080855846405029297e+00
3.200003147125244141e+00
3.236526727676391602e+00
3.555900812149047852e+00
2.960570096969604492e+00
4.050039052963256836e+00
4.039485931396484375e+00
2.590566873550415039e+00
3.117367029190063477e+00
3.438868999481201172e+00
3.391893863677978516e+00
3.634352207183837891e+00
2.371021032333374023e+00
3.825230121612548828e+00
3.696875095367431641e+00
3.445057153701782227e+00
3.096832036972045898e+00
3.861280679702758789e+00
3.500325202941894531e+00
4.182142972946166992e+00
3.805410861968994141e+00
2.845468997955322266e+00
4.239804267883300781e+00
3.225287199020385742e+00
3.358724117279052734e+00
3.695403814315795898e+00
2.640799999237060547e+00
3.489671945571899414e+00
3.747020959854125977e+00
3.713581085205078125e+00
2.929508686065673828e+00
3.066612005233764648e+00
3.497545003890991211e+00
4.407723903656005859e+00
2.868982076644897461e+00
3.281823873519897461e+00
3.479454040527343750e+00
3.024395942687988281e+00
4.103704214096069336e+00
3.827163934707641602e+00
3.825815916061401367e+00
3.091724872589111328e+00
4.565916776657104492e+00
3.134999990463256836e+00
2.723678112030029297e+00
3.722183704376220703e+00
2.676583051681518555e+00
4.062974929809570312e+00
3.884240865707397461e+00
3.936764001846313477e+00
2.925020933151245117e+00
2.489646196365356445e+00
3.752028703689575195e+00
4.015832901000976562e+00
3.191439151763916016e+00
3.313290119171142578e+00
3.817493200302124023e+00
3.305003881454467773e+00
2.845416069030761719e+00
3.276557683944702148e+00
3.048046827316284180e+00
3.344310760498046875e+00
3.943204164505004883e+00
3.527040958404541016e+00
3.866595983505249023e+00
3.994626998901367188e+00
3.397765159606933594e+00
2.105435848236083984e+00
3.290574789047241211e+00
3.589159011840820312e+00
3.261213779449462891e+00
4.479736804962158203e+00
3.223361968994140625e+00
3.755712985992431641e+00
3.440598726272583008e+00
4.521019935607910156e+00
3.597042798995971680e+00
3.818142890930175781e+00
3.707787990570068359e+00
3.159422159194946289e+00
3.683535099029541016e+00
2.416361808776855469e+00
3.823781013488769531e+00
3.057126045227050781e+00
2.989600896835327148e+00
3.364041090011596680e+00
3.570647954940795898e+00
3.442120313644409180e+00
3.954171895980834961e+00
3.918108940124511719e+00
2.957058191299438477e+00
3.291795253753662109e+00
3.610280036926269531e+00
3.930876255035400391e+00
3.212407827377319336e+00
2.443438053131103516e+00
3.958805084228515625e+00
4.186190843582153320e+00
3.772438049316406250e+00
3.214657068252563477e+00
3.392673969268798828e+00
2.266438961029052734e+00
2.942703723907470703e+00
3.873938083648681641e+00
4.168395042419433594e+00
3.735045671463012695e+00
3.737512826919555664e+00
2.588349819183349609e+00
4.251191139221191406e+00
3.118289232254028320e+00
2.728960990905761719e+00
3.105756282806396484e+00
2.934858083724975586e+00
3.762337923049926758e+00
4.365912199020385742e+00
2.726387977600097656e+00
5.270678997039794922e+00
2.750029087066650391e+00
3.214944124221801758e+00
3.725582122802734375e+00
2.206582069396972656e+00
2.623132228851318359e+00
3.259217262268066406e+00
3.746644020080566406e+00
2.032585859298706055e+00
2.973780870437622070e+00
3.057934999465942383e+00
5.818198204040527344e+00
2.743278741836547852e+00
2.840717077255249023e+00
2.774142265319824219e+00
2.754406929016113281e+00
2.405870914459228516e+00
2.848798990249633789e+00
2.640921115875244141e+00
2.909621000289916992e+00
2.908689737319946289e+00
2.916675806045532227e+00
2.213384866714477539e+00
2.550194978713989258e+00
2.843190193176269531e+00
2.911328077316284180e+00
2.160851001739501953e+00
2.418236017227172852e+00
2.908475160598754883e+00
2.305215835571289062e+00
3.263033866882324219e+00
2.929301023483276367e+00
2.877297163009643555e+00
2.722587108612060547e+00
2.630804061889648438e+00
3.295351028442382812e+00
3.271001100540161133e+00
3.327681064605712891e+00
2.006210088729858398e+00
3.389984846115112305e+00
2.669909000396728516e+00
2.707770109176635742e+00
2.556914091110229492e+00
2.530032873153686523e+00
3.132156848907470703e+00
3.183516025543212891e+00
2.489262819290161133e+00
3.259814977645874023e+00
2.849570274353027344e+00
2.951961755752563477e+00
2.934491157531738281e+00
3.268311262130737305e+00
3.024241924285888672e+00
3.031574964523315430e+00
3.393362998962402344e+00
3.380954980850219727e+00
2.275873899459838867e+00
2.951830148696899414e+00
3.164502859115600586e+00
2.944928169250488281e+00
3.656452894210815430e+00
4.362627983093261719e+00
3.750651836395263672e+00
3.488976716995239258e+00
3.781057834625244141e+00
2.757622003555297852e+00
2.852751255035400391e+00
3.437113046646118164e+00
2.975252866744995117e+00
3.629029989242553711e+00
3.341905832290649414e+00
3.164094924926757812e+00
3.387610197067260742e+00
3.794700145721435547e+00
3.268774986267089844e+00
3.813136816024780273e+00
3.082362890243530273e+00
3.099188089370727539e+00
3.444972753524780273e+00
2.917347192764282227e+00
3.873899936676025391e+00
3.833432912826538086e+00
3.650795936584472656e+00
3.554492950439453125e+00
3.170311927795410156e+00
3.177275896072387695e+00
3.739755153656005859e+00
3.252175092697143555e+00
3.819051980972290039e+00
3.822052955627441406e+00
4.003974914550781250e+00
4.405920028686523438e+00
3.782565832138061523e+00
3.268751859664916992e+00
3.646193027496337891e+00
3.208787918090820312e+00
4.153848886489868164e+00
3.516999959945678711e+00
3.608050823211669922e+00
3.904818296432495117e+00
4.183787107467651367e+00
3.451519966125488281e+00
4.329388141632080078e+00
3.985996961593627930e+00
3.678891658782958984e+00
3.965476036071777344e+00
3.120273828506469727e+00
3.191406965255737305e+00
3.255009889602661133e+00
3.397401094436645508e+00
3.572156906127929688e+00
3.653995037078857422e+00
3.273276329040527344e+00
3.111120939254760742e+00
3.367377281188964844e+00
3.562793016433715820e+00
3.377007961273193359e+00
3.826289176940917969e+00
3.626864910125732422e+00
3.042536020278930664e+00
2.515420913696289062e+00
3.002828121185302734e+00
4.221701860427856445e+00
3.027662038803100586e+00
3.079144954681396484e+00
2.818468809127807617e+00
4.358567953109741211e+00
3.673261165618896484e+00
3.204749107360839844e+00
3.168579816818237305e+00
3.332046270370483398e+00
4.460472106933593750e+00
4.631013870239257812e+00
3.974565029144287109e+00
2.892644166946411133e+00
2.670067310333251953e+00
4.006643056869506836e+00
3.498432874679565430e+00
3.835641145706176758e+00
2.987791776657104492e+00
3.374346017837524414e+00
3.422226905822753906e+00
4.802706241607666016e+00
4.841598987579345703e+00
3.665739059448242188e+00
3.120339870452880859e+00
2.939164876937866211e+00
3.819282054901123047e+00
4.505743265151977539e+00
4.943807840347290039e+00
3.487193107604980469e+00
4.792196750640869141e+00
2.763611078262329102e+00
3.092583179473876953e+00
2.917016267776489258e+00
3.160374879837036133e+00
3.162178039550781250e+00
4.060326814651489258e+00
3.746865987777709961e+00
4.094375133514404297e+00
3.095524311065673828e+00
3.718842029571533203e+00
3.390825033187866211e+00
4.164957761764526367e+00
4.157904148101806641e+00
3.393514156341552734e+00
2.998555183410644531e+00
3.028378248214721680e+00
3.415693044662475586e+00
3.898359775543212891e+00
4.746264934539794922e+00
4.044753789901733398e+00
3.972956895828247070e+00
3.099097967147827148e+00
2.966550827026367188e+00
5.068377971649169922e+00
2.336187839508056641e+00
3.475489854812622070e+00
3.070775747299194336e+00
3.046499967575073242e+00
3.270305871963500977e+00
4.720752000808715820e+00
3.613536596298217773e+00
4.616794824600219727e+00
3.129726886749267578e+00
4.243209838867187500e+00
4.606156110763549805e+00
3.690042734146118164e+00
3.180176973342895508e+00
2.719273328781127930e+00
4.775242090225219727e+00
5.002947092056274414e+00
3.179468154907226562e+00
2.766811847686767578e+00
2.570158004760742188e+00
1.985030174255371094e+00
2.859510898590087891e+00
2.957534790039062500e+00
3.217635869979858398e+00
3.686434984207153320e+00
3.288230895996093750e+00
2.953970909118652344e+00
3.289695024490356445e+00
3.049405097961425781e+00
3.690825939178466797e+00
2.649948120117187500e+00
3.218396902084350586e+00
3.819975852966308594e+00
3.199224948883056641e+00
3.489363908767700195e+00
4.223084211349487305e+00
3.854803800582885742e+00
3.764250993728637695e+00
3.897515058517456055e+00
3.515532970428466797e+00
3.823753833770751953e+00
4.009175777435302734e+00
2.706670045852661133e+00
3.299647092819213867e+00
2.431162118911743164e+00
4.193944931030273438e+00
3.844385862350463867e+00
2.826457977294921875e+00
4.004696846008300781e+00
3.678458929061889648e+00
2.509996175765991211e+00
3.654772996902465820e+00
4.739593982696533203e+00
2.812777996063232422e+00
3.096091985702514648e+00
3.378399133682250977e+00
3.791357040405273438e+00
3.559846162796020508e+00
3.182966947555541992e+00
3.400820970535278320e+00
2.642864942550659180e+00
3.864889144897460938e+00
3.441516160964965820e+00
3.719179868698120117e+00
2.858967781066894531e+00
2.854704856872558594e+00
2.794704198837280273e+00
4.242362976074218750e+00
2.553250074386596680e+00
3.502137184143066406e+00
2.666923046112060547e+00
2.714865207672119141e+00
2.657600879669189453e+00
3.066874742507934570e+00
3.026741743087768555e+00
2.995923042297363281e+00
3.191065788269042969e+00
2.650537014007568359e+00
2.536079168319702148e+00
3.894360065460205078e+00
2.966757774353027344e+00
2.478258132934570312e+00
2.709928750991821289e+00
2.674776077270507812e+00
2.860483169555664062e+00
2.703038930892944336e+00
3.266679048538208008e+00
2.585167884826660156e+00
3.091744184494018555e+00
3.010270833969116211e+00
2.909960031509399414e+00
3.331974983215332031e+00
3.454382181167602539e+00
3.156669855117797852e+00
2.845429182052612305e+00
4.588877201080322266e+00
2.620050191879272461e+00
3.427176237106323242e+00
3.138162136077880859e+00
3.218061208724975586e+00
2.859230995178222656e+00
3.812320947647094727e+00
3.076246738433837891e+00
2.553651332855224609e+00
3.619305133819580078e+00
3.948387145996093750e+00
3.632708787918090820e+00
3.820948123931884766e+00
3.713293075561523438e+00
4.387251853942871094e+00
3.647211074829101562e+00
3.275274991989135742e+00
3.922843217849731445e+00
3.266075134277343750e+00
3.548814058303833008e+00
3.450918912887573242e+00
3.835550785064697266e+00
3.460569143295288086e+00
3.730489969253540039e+00
3.523564100265502930e+00
3.657130002975463867e+00
2.966271877288818359e+00
3.483520030975341797e+00
4.475134849548339844e+00
3.405114889144897461e+00
3.442862987518310547e+00
3.787386178970336914e+00
3.106961965560913086e+00
3.901149988174438477e+00
4.065297842025756836e+00
3.681513071060180664e+00
3.870310306549072266e+00
3.601629972457885742e+00
3.556381940841674805e+00
4.050728797912597656e+00
3.504728078842163086e+00
3.590663909912109375e+00
3.921724081039428711e+00
2.733346939086914062e+00
3.992350101470947266e+00
4.254495859146118164e+00
3.467235088348388672e+00
4.044842004776000977e+00
2.821517944335937500e+00
3.711683034896850586e+00
3.066650152206420898e+00
3.841297864913940430e+00
3.950727224349975586e+00
2.892389059066772461e+00
3.776320934295654297e+00
2.480445384979248047e+00
3.914582967758178711e+00
2.458604812622070312e+00
2.919915914535522461e+00
3.733721971511840820e+00
3.041034698486328125e+00
3.610742092132568359e+00
2.222196817398071289e+00
3.305523872375488281e+00
3.814421892166137695e+00
4.410612106323242188e+00
3.174786806106567383e+00
2.683656215667724609e+00
2.983876943588256836e+00
3.036621093750000000e+00
3.665032863616943359e+00
2.696492195129394531e+00
3.189157962799072266e+00
3.197921991348266602e+00
2.813261032104492188e+00
2.816447019577026367e+00
3.206353902816772461e+00
3.298723220825195312e+00
3.216798067092895508e+00
2.926971912384033203e+00
2.927398920059204102e+00
2.195780992507934570e+00
3.204089879989624023e+00
3.320316076278686523e+00
3.440024852752685547e+00
3.007965803146362305e+00
3.021353960037231445e+00
2.732873916625976562e+00
3.261866092681884766e+00
3.273361921310424805e+00
3.225635051727294922e+00
3.280390024185180664e+00
3.315695047378540039e+00
3.741093158721923828e+00
3.663714885711669922e+00
3.354923009872436523e+00
3.214295864105224609e+00
3.551424026489257812e+00
3.631271839141845703e+00
3.604172945022583008e+00
3.628083229064941406e+00
3.642555952072143555e+00
2.593997001647949219e+00
2.673720836639404297e+00
3.698124885559082031e+00
3.549993038177490234e+00
3.024842023849487305e+00
3.567046165466308594e+00
3.854089975357055664e+00
3.198335170745849609e+00
3.238220930099487305e+00
3.857219934463500977e+00
3.241876125335693359e+00
3.589402675628662109e+00
4.444730043411254883e+00
3.539866209030151367e+00
4.015721082687377930e+00
3.645784139633178711e+00
3.143472671508789062e+00
2.650851011276245117e+00
3.093090772628784180e+00
2.420269012451171875e+00
2.366269111633300781e+00
2.996392965316772461e+00
2.964298009872436523e+00
3.600399255752563477e+00
3.022500753402709961e+00
3.382880926132202148e+00
3.120577096939086914e+00
2.482216119766235352e+00
2.474411010742187500e+00
4.013432025909423828e+00
3.862620830535888672e+00
2.639452219009399414e+00
2.726690053939819336e+00
2.563094139099121094e+00
3.302684783935546875e+00
3.475614786148071289e+00
3.259727954864501953e+00
3.716173171997070312e+00
2.784886121749877930e+00
2.709000825881958008e+00
2.760999917984008789e+00
2.901179313659667969e+00
4.867473840713500977e+00
2.715954780578613281e+00
3.066906929016113281e+00
3.746265888214111328e+00
3.070932865142822266e+00
3.212437391281127930e+00
3.983428716659545898e+00
3.105927944183349609e+00
2.927478075027465820e+00
5.274667024612426758e+00
3.460928916931152344e+00
3.533947944641113281e+00
2.612385988235473633e+00
4.954060077667236328e+00
3.266099929809570312e+00
3.556806087493896484e+00
3.607191085815429688e+00
3.478252887725830078e+00
2.783597230911254883e+00
3.659312009811401367e+00
2.756142139434814453e+00
3.298599958419799805e+00
3.576822996139526367e+00
3.022132873535156250e+00
3.026689052581787109e+00
3.581649780273437500e+00
3.287633895874023438e+00
3.784452676773071289e+00
2.899797201156616211e+00
3.688235998153686523e+00
3.891925096511840820e+00
3.110814094543457031e+00
3.535089015960693359e+00
3.690977096557617188e+00
3.328852891921997070e+00
3.975322246551513672e+00
3.433789968490600586e+00
2.558829069137573242e+00
3.510272741317749023e+00
3.976033926010131836e+00
2.936074018478393555e+00
3.210984945297241211e+00
3.134706020355224609e+00
2.641195058822631836e+00
3.958775043487548828e+00
2.818701028823852539e+00
3.239504814147949219e+00
4.156901836395263672e+00
3.513877153396606445e+00
3.158819198608398438e+00
2.607369899749755859e+00
2.672158002853393555e+00
2.928144931793212891e+00
3.323998928070068359e+00
4.169109106063842773e+00
4.134613037109375000e+00
2.713711023330688477e+00
3.724767923355102539e+00
4.045872926712036133e+00
4.641240119934082031e+00
4.773659944534301758e+00
3.104338169097900391e+00
2.539847850799560547e+00
3.925534009933471680e+00
4.458950042724609375e+00
4.121484994888305664e+00
4.568570137023925781e+00
4.031838893890380859e+00
2.620559930801391602e+00
2.958504915237426758e+00
4.693039178848266602e+00
2.868932962417602539e+00
3.205893039703369141e+00
4.157881736755371094e+00
3.312486886978149414e+00
3.715430259704589844e+00
3.255737066268920898e+00
4.078192949295043945e+00
5.149727821350097656e+00
3.531420946121215820e+00
4.961641073226928711e+00
2.963390827178955078e+00
4.107747077941894531e+00
3.132014989852905273e+00
4.622796058654785156e+00
4.119483947753906250e+00
2.773436307907104492e+00
4.926129817962646484e+00
4.605586290359497070e+00
4.686759948730468750e+00
4.692767858505249023e+00
3.170833826065063477e+00
3.899930953979492188e+00
4.187132120132446289e+00
3.269860029220581055e+00
3.667124032974243164e+00
3.202980041503906250e+00
2.741313934326171875e+00
2.817355155944824219e+00
4.980699062347412109e+00
3.711164951324462891e+00
5.399219989776611328e+00
3.155288219451904297e+00
5.044784069061279297e+00
3.368464708328247070e+00
3.248027801513671875e+00
3.337120056152343750e+00
5.888440847396850586e+00
3.776963949203491211e+00
3.133969068527221680e+00
3.466714859008789062e+00
3.322719097137451172e+00
3.812820911407470703e+00
2.190971136093139648e+00
3.377796649932861328e+00
3.877421140670776367e+00
4.330112934112548828e+00
3.483335971832275391e+00
3.354617118835449219e+00
4.509098052978515625e+00
3.282449007034301758e+00
3.721804857254028320e+00
3.184657335281372070e+00
3.720858812332153320e+00
3.434409856796264648e+00
4.018082141876220703e+00
4.053021907806396484e+00
3.822991847991943359e+00
3.476450920104980469e+00
3.237650156021118164e+00
3.124207258224487305e+00
2.381614923477172852e+00
3.771870136260986328e+00
3.128784894943237305e+00
5.056729078292846680e+00
4.469049930572509766e+00
4.216980934143066406e+00
2.635559797286987305e+00
3.951045036315917969e+00
5.609181880950927734e+00
3.503933906555175781e+00
4.547144889831542969e+00
4.568297863006591797e+00
3.694018125534057617e+00
5.122364997863769531e+00
2.635810136795043945e+00
3.879777908325195312e+00
3.113479852676391602e+00
3.777349948883056641e+00
3.482556819915771484e+00
3.042828083038330078e+00
3.374758958816528320e+00
4.134513139724731445e+00
2.845694780349731445e+00
3.810866832733154297e+00
3.910661935806274414e+00
3.615749835968017578e+00
3.532496929168701172e+00
2.671536922454833984e+00
2.881098031997680664e+00
3.995272159576416016e+00
3.926183938980102539e+00
3.894655942916870117e+00
3.886964082717895508e+00
3.014836072921752930e+00
3.011258125305175781e+00
3.195123910903930664e+00
3.307909011840820312e+00
3.061602115631103516e+00
3.678487062454223633e+00
3.779293060302734375e+00
2.730052947998046875e+00
3.980238199234008789e+00
3.425240039825439453e+00
4.148307800292968750e+00
3.499525070190429688e+00
3.384439945220947266e+00
3.247736930847167969e+00
3.128051996231079102e+00
3.741270065307617188e+00
3.581830978393554688e+00
2.889996767044067383e+00
3.374221086502075195e+00
3.395233869552612305e+00
3.021492004394531250e+00
3.102952241897583008e+00
4.452688932418823242e+00
3.619696855545043945e+00
3.057811021804809570e+00
4.496364831924438477e+00
4.097457170486450195e+00
2.998007059097290039e+00
3.623166084289550781e+00
3.009124040603637695e+00
3.494421005249023438e+00
2.863506078720092773e+00
3.490071058273315430e+00
3.817975044250488281e+00
2.575870037078857422e+00
3.296772718429565430e+00
3.104478120803833008e+00
3.338009119033813477e+00
3.912996292114257812e+00
3.380959987640380859e+00
3.295550823211669922e+00
3.708867788314819336e+00
3.547148942947387695e+00
3.368450880050659180e+00
2.272394895553588867e+00
3.067951917648315430e+00
3.401521205902099609e+00
3.054681301116943359e+00
3.452881097793579102e+00
2.431143999099731445e+00
2.179142951965332031e+00
3.732540130615234375e+00
4.216318845748901367e+00
4.105372905731201172e+00
3.362991809844970703e+00
3.898766994476318359e+00
2.515547990798950195e+00
2.840006828308105469e+00
3.587974309921264648e+00
3.885895252227783203e+00
3.986479759216308594e+00
4.202399015426635742e+00
4.373249769210815430e+00
4.034785032272338867e+00
3.974246978759765625e+00
4.035228013992309570e+00
4.213044166564941406e+00
3.027019023895263672e+00
2.852553844451904297e+00
2.984636783599853516e+00
2.607484817504882812e+00
2.908920764923095703e+00
3.425684928894042969e+00
2.995468854904174805e+00
3.486186981201171875e+00
3.534074068069458008e+00
3.176562786102294922e+00
4.564163923263549805e+00
2.356671810150146484e+00
3.575066804885864258e+00
3.282458066940307617e+00
3.280641078948974609e+00
3.280448913574218750e+00
3.684787988662719727e+00
3.578361988067626953e+00
3.588500976562500000e+00
3.591510057449340820e+00
3.529992818832397461e+00
4.128895044326782227e+00
3.510052204132080078e+00
3.258162975311279297e+00
3.212434768676757812e+00
2.964593887329101562e+00
2.973212003707885742e+00
3.775490760803222656e+00
3.437058925628662109e+00
2.864809989929199219e+00
3.800576925277709961e+00
3.487656354904174805e+00
3.961337089538574219e+00
2.064869165420532227e+00
2.724941015243530273e+00
3.118163347244262695e+00
3.513032913208007812e+00
3.156329870223999023e+00
3.210201025009155273e+00
3.251299142837524414e+00
3.228226184844970703e+00
2.971779108047485352e+00
3.244075059890747070e+00
2.947128057479858398e+00
3.361434698104858398e+00
3.079435110092163086e+00
3.771866083145141602e+00
4.484060764312744141e+00
4.774751663208007812e+00
2.958644866943359375e+00
3.004112958908081055e+00
2.816240787506103516e+00
2.975629091262817383e+00
2.842573165893554688e+00
2.866761922836303711e+00
3.113411903381347656e+00
2.900421857833862305e+00
3.541245937347412109e+00
3.213859081268310547e+00
3.287863254547119141e+00
4.127298831939697266e+00
3.608750820159912109e+00
3.620950937271118164e+00
3.717782974243164062e+00
3.142222166061401367e+00
3.589275121688842773e+00
3.614088058471679688e+00
3.141528129577636719e+00
4.500375032424926758e+00
4.363696098327636719e+00
3.631160736083984375e+00
3.305027008056640625e+00
3.427187919616699219e+00
3.900549888610839844e+00
4.006757020950317383e+00
3.173151016235351562e+00
3.469053030014038086e+00
3.903553009033203125e+00
3.191860914230346680e+00
3.325721740722656250e+00
3.755054950714111328e+00
4.151969194412231445e+00
3.600304841995239258e+00
4.105662822723388672e+00
2.997634649276733398e+00
4.169879198074340820e+00
3.424955129623413086e+00
4.334209918975830078e+00
4.171231985092163086e+00
2.882320165634155273e+00
3.962922334671020508e+00
2.967838048934936523e+00
4.580708980560302734e+00
3.953876018524169922e+00
2.675644874572753906e+00
4.598809242248535156e+00
3.758658885955810547e+00
3.372497081756591797e+00
3.506430149078369141e+00
3.397758007049560547e+00
4.022012948989868164e+00
3.948359012603759766e+00
3.375925779342651367e+00
3.466160297393798828e+00
3.450212717056274414e+00
4.078294992446899414e+00
3.212680816650390625e+00
3.092210054397583008e+00
3.413173198699951172e+00
2.621149778366088867e+00
3.119045019149780273e+00
3.001494884490966797e+00
3.562822103500366211e+00
3.080673217773437500e+00
3.317519187927246094e+00
3.205418825149536133e+00
3.086418151855468750e+00
4.444618940353393555e+00
4.316581964492797852e+00
3.435482978820800781e+00
5.106606960296630859e+00
3.893444776535034180e+00
3.803308010101318359e+00
4.399938821792602539e+00
4.420813083648681641e+00
3.429276943206787109e+00
3.361169815063476562e+00
4.020203113555908203e+00
4.055299997329711914e+00
3.551136016845703125e+00
2.891566038131713867e+00
4.490597963333129883e+00
2.754846096038818359e+00
4.928787231445312500e+00
2.665146112442016602e+00
3.123965978622436523e+00
2.977316141128540039e+00
3.662796020507812500e+00
2.571382999420166016e+00
1.947131156921386719e+00
2.893299818038940430e+00
2.372337102890014648e+00
3.448469161987304688e+00
5.335480213165283203e+00
2.238178014755249023e+00
3.327829122543334961e+00
3.110213756561279297e+00
3.129575014114379883e+00
3.349802970886230469e+00
3.080809354782104492e+00
3.273331880569458008e+00
2.631922245025634766e+00
3.417211055755615234e+00
2.308578014373779297e+00
3.351716995239257812e+00
2.559948921203613281e+00
3.884508848190307617e+00
3.081856012344360352e+00
2.889822244644165039e+00
2.844871044158935547e+00
2.884703159332275391e+00
2.952584981918334961e+00
2.316666841506958008e+00
2.722977876663208008e+00
3.146020889282226562e+00
3.305207967758178711e+00
2.965816974639892578e+00
3.036709785461425781e+00
2.559548377990722656e+00
2.978547334671020508e+00
3.349015951156616211e+00
3.401111841201782227e+00
3.058085918426513672e+00
3.046833038330078125e+00
3.090552091598510742e+00
3.619153738021850586e+00
3.639836788177490234e+00
3.155896902084350586e+00
2.800307989120483398e+00
3.141385078430175781e+00
3.363201618194580078e+00
3.358127117156982422e+00
2.961537837982177734e+00
3.111665010452270508e+00
3.431044101715087891e+00
3.888096094131469727e+00
3.786329269409179688e+00
3.533782005310058594e+00
3.393027067184448242e+00
3.821816205978393555e+00
2.811453104019165039e+00
3.453352928161621094e+00
3.861765861511230469e+00
2.698226213455200195e+00
3.214100360870361328e+00
3.360608100891113281e+00
2.960715770721435547e+00
2.928849697113037109e+00
3.671535968780517578e+00
2.837985992431640625e+00
2.903176069259643555e+00
3.032637119293212891e+00
2.876989841461181641e+00
3.810130119323730469e+00
2.694407939910888672e+00
3.587975025177001953e+00
3.383643865585327148e+00
3.648978948593139648e+00
3.357277870178222656e+00
3.283404111862182617e+00
4.161935806274414062e+00
3.665348768234252930e+00
2.809834957122802734e+00
2.717949867248535156e+00
3.923484325408935547e+00
3.926491975784301758e+00
3.147683858871459961e+00
3.603610992431640625e+00
4.023527145385742188e+00
3.355630636215209961e+00
2.653916120529174805e+00
3.100519180297851562e+00
3.464562177658081055e+00
3.568597793579101562e+00
3.263697147369384766e+00
3.621717929840087891e+00
3.679612159729003906e+00
3.258250951766967773e+00
3.596598148345947266e+00
3.666390895843505859e+00
3.135398864746093750e+00
3.699463844299316406e+00
3.706172943115234375e+00
3.743078947067260742e+00
2.943546056747436523e+00
3.169500827789306641e+00
3.064888954162597656e+00
3.283945798873901367e+00
3.359595060348510742e+00
3.507174253463745117e+00
3.750513792037963867e+00
3.425003767013549805e+00
3.546729087829589844e+00
3.411246776580810547e+00
3.043067216873168945e+00
2.675227165222167969e+00
3.790746927261352539e+00
3.272969245910644531e+00
3.535012960433959961e+00
3.284967184066772461e+00
2.723414897918701172e+00
3.370668888092041016e+00
3.146348237991333008e+00
2.886702060699462891e+00
3.624063014984130859e+00
4.035615921020507812e+00
3.558671951293945312e+00
3.238943099975585938e+00
3.313499927520751953e+00
3.776031970977783203e+00
4.057145118713378906e+00
4.169309139251708984e+00
4.230659008026123047e+00
2.461663961410522461e+00
3.315351963043212891e+00
3.512805223464965820e+00
3.743285179138183594e+00
3.763755083084106445e+00
2.301337957382202148e+00
3.089770078659057617e+00
3.821460962295532227e+00
3.247008085250854492e+00
3.379050970077514648e+00
3.636827230453491211e+00
3.014788150787353516e+00
3.919816970825195312e+00
3.760029077529907227e+00
3.963120937347412109e+00
2.983836889266967773e+00
2.505816936492919922e+00
3.925579071044921875e+00
2.823587656021118164e+00
4.056427001953125000e+00
3.354871988296508789e+00
4.596022129058837891e+00
3.505177736282348633e+00
3.451145172119140625e+00
2.898651123046875000e+00
4.223153829574584961e+00
2.273177146911621094e+00
3.210977077484130859e+00
3.500565052032470703e+00
2.953442096710205078e+00
2.591428041458129883e+00
3.697904109954833984e+00
2.702569007873535156e+00
4.740259885787963867e+00
4.436314821243286133e+00
2.972641944885253906e+00
2.199723005294799805e+00
4.328532934188842773e+00
3.568115949630737305e+00
3.591897964477539062e+00
4.509045124053955078e+00
3.281690835952758789e+00
3.638865947723388672e+00
3.885735034942626953e+00
2.802895069122314453e+00
3.587841033935546875e+00
3.752515077590942383e+00
3.545737981796264648e+00
3.257566928863525391e+00
3.880650997161865234e+00
3.997431039810180664e+00
3.113759994506835938e+00
3.492852926254272461e+00
3.754909992218017578e+00
3.433528900146484375e+00
2.791129827499389648e+00
3.278105020523071289e+00
3.222175121307373047e+00
2.953480005264282227e+00
2.732960939407348633e+00
3.631167888641357422e+00
2.657473087310791016e+00
3.350267887115478516e+00
3.000760793685913086e+00
3.860635042190551758e+00
2.699504852294921875e+00
4.134731054306030273e+00
4.190673828125000000e+00
4.126705169677734375e+00
2.501023054122924805e+00
2.353280067443847656e+00
4.163027048110961914e+00
2.955454826354980469e+00
2.689619302749633789e+00
2.762597799301147461e+00
4.550112009048461914e+00
2.576261281967163086e+00
3.239612102508544922e+00
3.814391136169433594e+00
3.280300855636596680e+00
4.558723926544189453e+00
3.641713857650756836e+00
3.381039857864379883e+00
2.761691808700561523e+00
3.094942808151245117e+00
3.181547164916992188e+00
3.447833776473999023e+00
2.652748107910156250e+00
3.113640308380126953e+00
3.163087129592895508e+00
2.902446031570434570e+00
3.183698177337646484e+00
3.685060024261474609e+00
3.622712850570678711e+00
3.551750898361206055e+00
3.259449243545532227e+00
3.256888151168823242e+00
3.137160062789916992e+00
3.258189201354980469e+00
2.905720233917236328e+00
3.678173065185546875e+00
3.857247829437255859e+00
3.495302915573120117e+00
2.489293098449707031e+00
3.840741872787475586e+00
3.903902769088745117e+00
3.052008867263793945e+00
2.428874969482421875e+00
2.877791881561279297e+00
3.121471881866455078e+00
3.232589006423950195e+00
3.566007852554321289e+00
2.810407876968383789e+00
3.588398933410644531e+00
3.579452037811279297e+00
3.746500968933105469e+00
2.172833919525146484e+00
3.886719942092895508e+00
3.779678344726562500e+00
2.967632055282592773e+00
3.034724712371826172e+00
3.100824117660522461e+00
2.837383985519409180e+00
2.782272100448608398e+00
2.830272912979125977e+00
3.413435220718383789e+00
3.869324207305908203e+00
2.790268898010253906e+00
3.607872962951660156e+00
3.674787044525146484e+00
2.826886892318725586e+00
2.877940893173217773e+00
2.600250959396362305e+00
3.655238151550292969e+00
3.533981084823608398e+00
3.707970857620239258e+00
3.192850112915039062e+00
3.069163084030151367e+00
3.348134994506835938e+00
4.209436893463134766e+00
3.513632059097290039e+00
3.505563020706176758e+00
3.673403024673461914e+00
3.347508907318115234e+00
3.374530076980590820e+00
2.789999961853027344e+00
4.963586091995239258e+00
3.063293933868408203e+00
3.135629653930664062e+00
3.536815166473388672e+00
4.336019992828369141e+00
3.816891193389892578e+00
3.447388887405395508e+00
3.646594047546386719e+00
4.970448017120361328e+00
3.804810047149658203e+00
3.429948091506958008e+00
4.260583877563476562e+00
3.641144990921020508e+00
4.676237821578979492e+00
3.480819225311279297e+00
3.859694004058837891e+00
5.803263902664184570e+00
4.995701074600219727e+00
4.745074033737182617e+00
3.493113040924072266e+00
2.928239107131958008e+00
3.981954813003540039e+00
5.589912176132202148e+00
5.562349081039428711e+00
3.710307121276855469e+00
3.115218162536621094e+00
3.188807725906372070e+00
2.784220933914184570e+00
4.720480918884277344e+00
3.122628211975097656e+00
4.357634782791137695e+00
4.441151142120361328e+00
5.170953035354614258e+00
2.629638910293579102e+00
3.465594053268432617e+00
4.042840957641601562e+00
4.013281822204589844e+00
3.314704179763793945e+00
4.096282005310058594e+00
3.100894927978515625e+00
3.136956930160522461e+00
3.668622016906738281e+00
3.026653766632080078e+00
3.325639247894287109e+00
3.872097015380859375e+00
3.646460056304931641e+00
3.984189987182617188e+00
3.402626752853393555e+00
3.654545783996582031e+00
3.641209840774536133e+00
3.621361017227172852e+00
3.574344873428344727e+00
3.511111259460449219e+00
3.563643217086791992e+00
3.204618930816650391e+00
4.843808650970458984e+00
4.333151102066040039e+00
3.388604164123535156e+00
2.937202930450439453e+00
3.358130931854248047e+00
3.107202053070068359e+00
5.108650922775268555e+00
3.188375711441040039e+00
5.019129753112792969e+00
3.457529783248901367e+00
3.837409019470214844e+00
3.588999032974243164e+00
4.205893039703369141e+00
2.808167934417724609e+00
5.221518039703369141e+00
6.039083003997802734e+00
5.024438142776489258e+00
4.909691810607910156e+00
2.787814140319824219e+00
7.087319850921630859e+00
6.533361911773681641e+00
3.080764770507812500e+00
5.901295900344848633e+00
7.166188716888427734e+00
4.265156984329223633e+00
6.991122007369995117e+00
3.871670007705688477e+00
5.891724109649658203e+00
4.057642936706542969e+00
3.311236858367919922e+00
6.604531049728393555e+00
3.311160087585449219e+00
3.998275041580200195e+00
4.276318788528442383e+00
5.711991786956787109e+00
6.267746925354003906e+00
6.175121068954467773e+00
3.338693141937255859e+00
3.478887081146240234e+00
4.700728893280029297e+00
3.954173326492309570e+00
5.709775924682617188e+00
4.576097965240478516e+00
5.358524084091186523e+00
5.345643997192382812e+00
5.472636938095092773e+00
6.388046741485595703e+00
2.755960941314697266e+00
3.773072719573974609e+00
6.671340703964233398e+00
5.040857076644897461e+00
3.379141092300415039e+00
4.091228723526000977e+00
5.942674875259399414e+00
6.012586116790771484e+00
4.149208068847656250e+00
2.671010017395019531e+00
6.308206081390380859e+00
4.000304937362670898e+00
4.289899110794067383e+00
3.888362884521484375e+00
3.766968011856079102e+00
4.034509897232055664e+00
4.697403192520141602e+00
3.298117876052856445e+00
4.372936248779296875e+00
5.104313135147094727e+00
4.297510862350463867e+00
5.838397026062011719e+00
3.227719068527221680e+00
3.322687864303588867e+00
3.682112932205200195e+00
3.766352891921997070e+00
4.029092788696289062e+00
3.110464811325073242e+00
4.078950881958007812e+00
3.592642068862915039e+00
4.004009008407592773e+00
4.029607772827148438e+00
4.007380008697509766e+00
2.928884029388427734e+00
3.307067871093750000e+00
3.615828037261962891e+00
3.874094009399414062e+00
3.619027137756347656e+00
3.718390941619873047e+00
4.265302658081054688e+00
3.044209003448486328e+00
7.917760133743286133e+00
3.547973155975341797e+00
4.347634315490722656e+00
3.723883152008056641e+00
4.558410882949829102e+00
4.466134071350097656e+00
4.166798114776611328e+00
3.186499118804931641e+00
4.651935100555419922e+00
3.575967311859130859e+00
2.340358972549438477e+00
1.846930980682373047e+00
3.642524957656860352e+00
2.859400987625122070e+00
3.433367013931274414e+00
2.452261924743652344e+00
2.306900978088378906e+00
3.844695091247558594e+00
3.915268898010253906e+00
3.433191061019897461e+00
1.881146907806396484e+00
2.102441072463989258e+00
4.293520212173461914e+00
2.095572948455810547e+00
4.156240224838256836e+00
2.721757888793945312e+00
2.735852003097534180e+00
2.826155185699462891e+00
2.456321001052856445e+00
2.733343124389648438e+00
2.629824161529541016e+00
2.515761852264404297e+00
2.397979974746704102e+00
2.969727039337158203e+00
2.767035007476806641e+00
2.536921977996826172e+00
3.333190202713012695e+00
2.683465003967285156e+00
3.620881795883178711e+00
3.553838014602661133e+00
3.528368234634399414e+00
3.767342090606689453e+00
3.453288316726684570e+00
3.219099760055541992e+00
3.548722982406616211e+00
3.734580039978027344e+00
3.494579076766967773e+00
3.888400077819824219e+00
3.681087970733642578e+00
3.551383018493652344e+00
3.565983057022094727e+00
2.488952159881591797e+00
3.958035945892333984e+00
4.012443065643310547e+00
4.046952009201049805e+00
3.670800209045410156e+00
4.378470897674560547e+00
4.202679157257080078e+00
3.914402008056640625e+00
4.663470983505249023e+00
3.739627122879028320e+00
4.540812015533447266e+00
3.976456165313720703e+00
4.016563177108764648e+00
3.812375068664550781e+00
4.193969964981079102e+00
4.270751953125000000e+00
4.320852994918823242e+00
4.818591833114624023e+00
4.525176048278808594e+00
4.649298191070556641e+00
4.374199151992797852e+00
4.702015876770019531e+00
4.908198833465576172e+00
4.964962005615234375e+00
4.162677049636840820e+00
4.959780931472778320e+00
5.053635120391845703e+00
4.529631853103637695e+00
3.035349130630493164e+00
4.866968154907226562e+00
4.894746065139770508e+00
4.415181875228881836e+00
4.734232664108276367e+00
5.014090299606323242e+00
4.766159057617187500e+00
5.142712831497192383e+00
3.791399955749511719e+00
3.725778818130493164e+00
4.077414274215698242e+00
4.426261901855468750e+00
5.045082807540893555e+00
4.167637348175048828e+00
5.341837882995605469e+00
5.208546161651611328e+00
5.476057767868041992e+00
5.270716905593872070e+00
4.691809177398681641e+00
4.739522933959960938e+00
5.128740787506103516e+00
4.747735738754272461e+00
5.118309736251831055e+00
4.937510251998901367e+00
3.843194723129272461e+00
4.101443052291870117e+00
3.936835050582885742e+00
4.498675107955932617e+00
3.560849905014038086e+00
4.141638040542602539e+00
3.518500089645385742e+00
3.315099000930786133e+00
4.493427038192749023e+00
2.954514980316162109e+00
4.131187200546264648e+00
4.511742353439331055e+00
5.608718872070312500e+00
5.046591997146606445e+00
4.325495958328247070e+00
4.118844985961914062e+00
4.679704189300537109e+00
2.532655954360961914e+00
5.450353860855102539e+00
5.802093982696533203e+00
2.347866773605346680e+00
5.438899040222167969e+00
5.351588010787963867e+00
4.840312719345092773e+00
3.547852039337158203e+00
2.458729982376098633e+00
3.854028940200805664e+00
5.602586030960083008e+00
1.950033903121948242e+00
2.939164161682128906e+00
2.815812110900878906e+00
4.043065071105957031e+00
4.260146141052246094e+00
3.058436155319213867e+00
4.210886716842651367e+00
2.349771022796630859e+00
2.303413867950439453e+00
3.165652990341186523e+00
2.173721075057983398e+00
4.218983888626098633e+00
2.502264022827148438e+00
3.384067058563232422e+00
2.834939002990722656e+00
2.710433006286621094e+00
3.351322174072265625e+00
2.582925081253051758e+00
4.306843757629394531e+00
3.323115110397338867e+00
4.887743949890136719e+00
2.887755870819091797e+00
3.834048986434936523e+00
2.600179195404052734e+00
3.930505037307739258e+00
5.304622888565063477e+00
2.847616910934448242e+00
3.015815258026123047e+00
3.084949016571044922e+00
3.681467056274414062e+00
2.435221910476684570e+00
3.241199731826782227e+00
3.324075937271118164e+00
2.975887060165405273e+00
3.328240871429443359e+00
2.717103004455566406e+00
3.477001190185546875e+00
2.957410097122192383e+00
2.628723144531250000e+00
3.045645713806152344e+00
3.414641857147216797e+00
3.335736751556396484e+00
3.259971141815185547e+00
3.154462099075317383e+00
3.588469028472900391e+00
3.726291894912719727e+00
3.353194952011108398e+00
3.956494808197021484e+00
3.539296150207519531e+00
3.512379884719848633e+00
3.820791006088256836e+00
3.341387987136840820e+00
3.458381175994873047e+00
4.004374980926513672e+00
4.289328813552856445e+00
3.759413957595825195e+00
4.126742839813232422e+00
3.404967784881591797e+00
4.180419921875000000e+00
3.585361957550048828e+00
4.220888853073120117e+00
4.181926012039184570e+00
4.237812995910644531e+00
3.870866775512695312e+00
2.411492109298706055e+00
4.373715162277221680e+00
4.324500083923339844e+00
3.767168045043945312e+00
3.656838178634643555e+00
3.857670068740844727e+00
2.829035997390747070e+00
4.456605195999145508e+00
4.326430082321166992e+00
3.842290878295898438e+00
4.468299150466918945e+00
3.378461837768554688e+00
4.718607187271118164e+00
3.994792938232421875e+00
2.893292665481567383e+00
3.376780986785888672e+00
4.203928947448730469e+00
3.464757919311523438e+00
4.156708002090454102e+00
4.115782976150512695e+00
4.169272899627685547e+00
4.581630945205688477e+00
4.165404796600341797e+00
3.714488029479980469e+00
4.403928041458129883e+00
4.497099876403808594e+00
3.016327857971191406e+00
4.374556303024291992e+00
2.850431919097900391e+00
2.782351016998291016e+00
4.211117267608642578e+00
3.054046869277954102e+00
3.100320100784301758e+00
4.231031179428100586e+00
3.453454017639160156e+00
3.260686874389648438e+00
3.715549945831298828e+00
4.460883855819702148e+00
4.643457651138305664e+00
3.371999979019165039e+00
2.864150047302246094e+00
3.197525024414062500e+00
4.852442979812622070e+00
4.409851312637329102e+00
3.687565088272094727e+00
5.502008199691772461e+00
5.568143844604492188e+00
6.356046915054321289e+00
2.756304979324340820e+00
4.123728990554809570e+00
2.974533319473266602e+00
2.334950208663940430e+00
4.143424034118652344e+00
4.201211929321289062e+00
3.515593290328979492e+00
3.083254814147949219e+00
3.710588932037353516e+00
3.434239149093627930e+00
3.943876743316650391e+00
5.820729017257690430e+00
2.937980890274047852e+00
3.729819059371948242e+00
2.409586906433105469e+00
3.640446901321411133e+00
3.928542852401733398e+00
4.873506069183349609e+00
2.934134960174560547e+00
3.694355964660644531e+00
3.325520753860473633e+00
4.195664882659912109e+00
3.330278873443603516e+00
5.894007921218872070e+00
4.355771064758300781e+00
4.051363945007324219e+00
4.398126125335693359e+00
2.792488098144531250e+00
3.540874004364013672e+00
2.868468761444091797e+00
3.113150835037231445e+00
2.849332809448242188e+00
3.193543910980224609e+00
2.935590028762817383e+00
2.836065053939819336e+00
3.429828166961669922e+00
2.970659732818603516e+00
3.429701089859008789e+00
2.791756153106689453e+00
2.897096872329711914e+00
2.606769323348999023e+00
3.378932952880859375e+00
2.884997844696044922e+00
3.346044063568115234e+00
3.312759160995483398e+00
2.689575195312500000e+00
3.534435987472534180e+00
2.910871744155883789e+00
4.078345060348510742e+00
2.940140008926391602e+00
2.889570236206054688e+00
3.149378061294555664e+00
3.461360216140747070e+00
3.775123834609985352e+00
4.349980831146240234e+00
4.098868846893310547e+00
4.169231176376342773e+00
3.639437675476074219e+00
3.777541160583496094e+00
4.055557966232299805e+00
4.168385028839111328e+00
4.205029249191284180e+00
4.169047117233276367e+00
4.240492820739746094e+00
4.260768175125122070e+00
3.762072086334228516e+00
4.341148138046264648e+00
3.939282178878784180e+00
3.549846172332763672e+00
2.493268966674804688e+00
3.907693862915039062e+00
3.883295059204101562e+00
4.335751056671142578e+00
3.249891757965087891e+00
2.333159208297729492e+00
4.404476165771484375e+00
4.703850030899047852e+00
2.205209970474243164e+00
2.607285976409912109e+00
3.788985252380371094e+00
3.071685791015625000e+00
3.432236671447753906e+00
4.365906953811645508e+00
3.703860998153686523e+00
4.335191726684570312e+00
3.516738176345825195e+00
2.847749948501586914e+00
4.107199907302856445e+00
3.008194208145141602e+00
3.780162096023559570e+00
3.395226716995239258e+00
3.924374103546142578e+00
3.203788042068481445e+00
2.982947111129760742e+00
3.461879730224609375e+00
4.363299131393432617e+00
1.901484012603759766e+00
4.401384115219116211e+00
3.443969964981079102e+00
4.736730813980102539e+00
2.832726001739501953e+00
2.560575962066650391e+00
4.669127941131591797e+00
5.227622747421264648e+00
3.603490829467773438e+00
3.020622014999389648e+00
3.425037860870361328e+00
3.721888065338134766e+00
2.048588991165161133e+00
3.215403079986572266e+00
4.271175861358642578e+00
2.995916604995727539e+00
5.211805105209350586e+00
3.801165103912353516e+00
3.112105131149291992e+00
4.710613012313842773e+00
5.042068004608154297e+00
4.061846017837524414e+00
3.410336017608642578e+00
2.668250322341918945e+00
4.711970090866088867e+00
4.843390941619873047e+00
3.540585279464721680e+00
5.259506940841674805e+00
3.486788034439086914e+00
4.544875144958496094e+00
4.252019166946411133e+00
3.267972230911254883e+00
3.177691936492919922e+00
4.953926086425781250e+00
2.452098846435546875e+00
3.673401117324829102e+00
3.614543914794921875e+00
3.823554992675781250e+00
3.872145175933837891e+00
4.485158920288085938e+00
3.150444746017456055e+00
3.451873779296875000e+00
5.635303974151611328e+00
2.702639102935791016e+00
2.810449838638305664e+00
2.660178899765014648e+00
2.900188922882080078e+00
5.048170089721679688e+00
3.819242954254150391e+00
3.054408073425292969e+00
3.361797809600830078e+00
2.825870990753173828e+00
3.588869094848632812e+00
3.285446882247924805e+00
3.288656949996948242e+00
3.594506025314331055e+00
3.009681224822998047e+00
2.926574945449829102e+00
3.500568866729736328e+00
2.854262113571166992e+00
3.170439958572387695e+00
3.517706871032714844e+00
3.511856079101562500e+00
2.936872959136962891e+00
2.202040672302246094e+00
2.511238813400268555e+00
3.190006017684936523e+00
2.931078910827636719e+00
3.992126941680908203e+00
4.093386888504028320e+00
3.464962959289550781e+00
3.527296066284179688e+00
3.894838094711303711e+00
2.892252206802368164e+00
2.372201204299926758e+00
3.644571781158447266e+00
4.118046998977661133e+00
3.637006044387817383e+00
2.789986133575439453e+00
3.583004951477050781e+00
4.328975200653076172e+00
2.428239107131958008e+00
4.550619125366210938e+00
4.703312873840332031e+00
4.595099925994873047e+00
4.363983869552612305e+00
3.265980005264282227e+00
3.378486871719360352e+00
3.067808866500854492e+00
4.813688755035400391e+00
4.141146183013916016e+00
4.943315029144287109e+00
3.906318187713623047e+00
3.181012868881225586e+00
4.875692844390869141e+00
3.012954235076904297e+00
3.788523912429809570e+00
4.936172008514404297e+00
3.608340978622436523e+00
3.392570018768310547e+00
3.491538763046264648e+00
3.491667985916137695e+00
3.526323080062866211e+00
4.941644906997680664e+00
4.207149744033813477e+00
2.653650999069213867e+00
3.484904050827026367e+00
3.274038791656494141e+00
5.734604120254516602e+00
3.246026992797851562e+00
3.289440155029296875e+00
3.603682041168212891e+00
4.419497013092041016e+00
4.322759151458740234e+00
4.396879911422729492e+00
3.183689117431640625e+00
4.302874803543090820e+00
4.406561136245727539e+00
4.131466865539550781e+00
2.841059923171997070e+00
4.479097127914428711e+00
2.929492950439453125e+00
5.018370151519775391e+00
3.466582775115966797e+00
3.464699983596801758e+00
3.063650131225585938e+00
4.562375068664550781e+00
2.738712787628173828e+00
2.657236099243164062e+00
4.012953758239746094e+00
4.798722028732299805e+00
3.175454854965209961e+00
5.228578805923461914e+00
3.726295948028564453e+00
4.688943862915039062e+00
4.519824266433715820e+00
5.420700788497924805e+00
3.818292856216430664e+00
5.375370979309082031e+00
3.851122140884399414e+00
3.277928829193115234e+00
4.894006013870239258e+00
4.720499038696289062e+00
5.063071012496948242e+00
5.177639245986938477e+00
3.479120254516601562e+00
4.714308738708496094e+00
3.569498777389526367e+00
5.185605049133300781e+00
3.625713109970092773e+00
4.439116954803466797e+00
3.029733180999755859e+00
3.132185935974121094e+00
4.198513746261596680e+00
5.938818931579589844e+00
3.514061927795410156e+00
5.789122819900512695e+00
5.019762754440307617e+00
6.060871839523315430e+00
3.243685960769653320e+00
3.342602729797363281e+00
3.270591974258422852e+00
3.641695022583007812e+00
5.519614934921264648e+00
3.222047805786132812e+00
4.906464099884033203e+00
3.561922073364257812e+00
5.430515050888061523e+00
3.708429098129272461e+00
3.804826021194458008e+00
3.357606887817382812e+00
4.430542230606079102e+00
2.363093137741088867e+00
3.645135879516601562e+00
3.400625944137573242e+00
3.511940002441406250e+00
5.539442062377929688e+00
4.898089408874511719e+00
5.306977033615112305e+00
3.531929016113281250e+00
5.225276231765747070e+00
4.423244953155517578e+00
4.110572099685668945e+00
4.243280887603759766e+00
4.518238067626953125e+00
3.935730218887329102e+00
4.433602094650268555e+00
5.002300024032592773e+00
3.963958024978637695e+00
4.572772026062011719e+00
5.181408882141113281e+00
3.005643129348754883e+00
3.008802175521850586e+00
4.729398012161254883e+00
4.541851997375488281e+00
3.330071210861206055e+00
2.700612068176269531e+00
3.369694948196411133e+00
2.931989908218383789e+00
2.409330368041992188e+00
2.959919929504394531e+00
3.411955833435058594e+00
3.237203121185302734e+00
3.073312997817993164e+00
3.896885871887207031e+00
3.326436996459960938e+00
5.001397848129272461e+00
5.546338081359863281e+00
4.028247117996215820e+00
4.145028114318847656e+00
3.368328809738159180e+00
3.161054849624633789e+00
3.373337030410766602e+00
3.230843782424926758e+00
3.461956977844238281e+00
3.419048070907592773e+00
4.678936004638671875e+00
4.160449028015136719e+00
3.554039955139160156e+00
4.102303981781005859e+00
4.386159896850585938e+00
3.261498928070068359e+00
4.535365104675292969e+00
4.611639022827148438e+00
3.709421157836914062e+00
4.685267925262451172e+00
2.773118972778320312e+00
4.227767944335937500e+00
4.516216993331909180e+00
3.244818925857543945e+00
3.508807182312011719e+00
4.146341800689697266e+00
4.392926931381225586e+00
2.418306112289428711e+00
3.362215042114257812e+00
4.841613054275512695e+00
4.538774967193603516e+00
4.850211858749389648e+00
3.106779813766479492e+00
4.676259040832519531e+00
4.909500122070312500e+00
4.091637134552001953e+00
2.931325912475585938e+00
3.936350822448730469e+00
3.788887739181518555e+00
3.168349981307983398e+00
4.796833038330078125e+00
3.449402093887329102e+00
3.571031808853149414e+00
3.205302715301513672e+00
3.861078977584838867e+00
3.205055952072143555e+00
4.275707960128784180e+00
3.046630859375000000e+00
2.990850925445556641e+00
3.022384166717529297e+00
2.757276058197021484e+00
2.588302850723266602e+00
3.498877048492431641e+00
4.063289165496826172e+00
4.258778810501098633e+00
3.291855096817016602e+00
3.830906867980957031e+00
3.370018959045410156e+00
2.638705968856811523e+00
5.414062023162841797e+00
3.045198917388916016e+00
3.485001087188720703e+00
3.066147089004516602e+00
2.491522073745727539e+00
2.886632204055786133e+00
2.835538148880004883e+00
3.354450941085815430e+00
4.014176130294799805e+00
2.699528932571411133e+00
3.225628137588500977e+00
3.860508203506469727e+00
4.077065944671630859e+00
3.762311220169067383e+00
3.739201068878173828e+00
3.682214975357055664e+00
3.504108905792236328e+00
2.925777912139892578e+00
2.619466066360473633e+00
2.320396184921264648e+00
2.602266073226928711e+00
3.471991062164306641e+00
3.569895982742309570e+00
3.573279857635498047e+00
2.465069770812988281e+00
3.125100135803222656e+00
3.516084909439086914e+00
3.695485115051269531e+00
3.625751972198486328e+00
3.614593982696533203e+00
3.879270076751708984e+00
3.959149122238159180e+00
3.704794883728027344e+00
4.061098098754882812e+00
3.788765907287597656e+00
4.179450273513793945e+00
3.550114154815673828e+00
3.932924985885620117e+00
4.328729152679443359e+00
3.797639131546020508e+00
4.115595102310180664e+00
3.270265102386474609e+00
4.212769985198974609e+00
4.371425628662109375e+00
4.068910121917724609e+00
2.830693006515502930e+00
3.848444938659667969e+00
4.077915906906127930e+00
3.949139118194580078e+00
4.347594976425170898e+00
4.245682239532470703e+00
2.885076045989990234e+00
3.789564132690429688e+00
4.421586990356445312e+00
4.252256155014038086e+00
3.162552118301391602e+00
4.649772882461547852e+00
2.813644170761108398e+00
4.133315801620483398e+00
3.315358877182006836e+00
3.311078310012817383e+00
2.788285017013549805e+00
3.927881956100463867e+00
3.480541944503784180e+00
3.773406982421875000e+00
3.320263862609863281e+00
3.607751131057739258e+00
3.638686895370483398e+00
3.608639955520629883e+00
4.237330913543701172e+00
4.992817878723144531e+00
4.607234001159667969e+00
3.097445964813232422e+00
4.607614994049072266e+00
4.868993997573852539e+00
4.119884967803955078e+00
3.378320932388305664e+00
2.708404064178466797e+00
3.949703931808471680e+00
5.080811977386474609e+00
3.777162075042724609e+00
3.694642066955566406e+00
3.719393968582153320e+00
4.823585033416748047e+00
5.023629903793334961e+00
2.479288101196289062e+00
4.829182147979736328e+00
4.458873033523559570e+00
3.577073812484741211e+00
2.122336149215698242e+00
3.201251029968261719e+00
1.864938259124755859e+00
2.812855005264282227e+00
4.002770900726318359e+00
2.364740133285522461e+00
2.451457023620605469e+00
3.207020044326782227e+00
5.550919055938720703e+00
3.074882984161376953e+00
2.509158134460449219e+00
3.352957010269165039e+00
2.425796031951904297e+00
2.661707639694213867e+00
3.477479934692382812e+00
2.651080131530761719e+00
3.273118019104003906e+00
2.823646068572998047e+00
2.932363033294677734e+00
3.471305131912231445e+00
2.917292118072509766e+00
4.084305047988891602e+00
3.565576076507568359e+00
3.139279127120971680e+00
3.035716772079467773e+00
2.902766942977905273e+00
3.252916097640991211e+00
3.734395980834960938e+00
3.121932029724121094e+00
3.239085912704467773e+00
3.963388204574584961e+00
3.881907939910888672e+00
4.612089872360229492e+00
4.068679809570312500e+00
4.538668155670166016e+00
2.906192064285278320e+00
4.199617862701416016e+00
3.657536029815673828e+00
3.468861341476440430e+00
4.048882007598876953e+00
3.865087985992431641e+00
3.224375963211059570e+00
4.582478046417236328e+00
4.771485090255737305e+00
3.629451990127563477e+00
3.829015970230102539e+00
3.601495742797851562e+00
2.989555835723876953e+00
3.320427179336547852e+00
3.312988042831420898e+00
4.428801059722900391e+00
3.240098714828491211e+00
4.212355852127075195e+00
3.924680948257446289e+00
4.532936096191406250e+00
3.509530067443847656e+00
3.415306568145751953e+00
3.564332962036132812e+00
4.616646051406860352e+00
2.179428815841674805e+00
3.702164888381958008e+00
4.149451017379760742e+00
3.677990913391113281e+00
3.464231729507446289e+00
2.626899957656860352e+00
3.766741275787353516e+00
2.270437240600585938e+00
4.463418245315551758e+00
4.299221038818359375e+00
5.018281936645507812e+00
3.022348880767822266e+00
3.985874891281127930e+00
3.687999963760375977e+00
4.158899307250976562e+00
4.728844881057739258e+00
4.589175939559936523e+00
4.165144205093383789e+00
3.903244018554687500e+00
3.813997983932495117e+00
2.381884336471557617e+00
1.757575988769531250e+00
3.116853952407836914e+00
3.679092884063720703e+00
2.816997289657592773e+00
2.187055826187133789e+00
3.019005775451660156e+00
2.596905946731567383e+00
2.054177761077880859e+00
3.540354967117309570e+00
2.251698017120361328e+00
2.200454950332641602e+00
2.639610052108764648e+00
2.100124120712280273e+00
2.408699274063110352e+00
2.868107080459594727e+00
3.396602869033813477e+00
2.947371006011962891e+00
2.709652900695800781e+00
2.906877994537353516e+00
2.710790157318115234e+00
2.777215957641601562e+00
2.755051136016845703e+00
2.766857147216796875e+00
2.580715179443359375e+00
2.495769023895263672e+00
2.525375127792358398e+00
3.853846549987792969e+00
3.351819038391113281e+00
3.083951950073242188e+00
3.396360874176025391e+00
2.134000778198242188e+00
3.601281166076660156e+00
3.316604137420654297e+00
3.254800796508789062e+00
2.643074989318847656e+00
3.490476846694946289e+00
3.938109874725341797e+00
3.395949125289916992e+00
4.154686927795410156e+00
3.241815090179443359e+00
3.532494068145751953e+00
3.238202095031738281e+00
3.573503971099853516e+00
4.273418903350830078e+00
3.662873029708862305e+00
2.491687059402465820e+00
3.770523786544799805e+00
4.234880924224853516e+00
4.376055717468261719e+00
4.143537044525146484e+00
3.424043893814086914e+00
4.231155872344970703e+00
3.332765817642211914e+00
4.375770092010498047e+00
3.414823293685913086e+00
4.226738929748535156e+00
3.671441316604614258e+00
3.574195146560668945e+00
3.918874025344848633e+00
2.471591234207153320e+00
3.745370864868164062e+00
3.668303251266479492e+00
4.798853158950805664e+00
3.769173860549926758e+00
2.489481925964355469e+00
3.536543846130371094e+00
3.659847974777221680e+00
2.548465967178344727e+00
3.646679162979125977e+00
2.835731029510498047e+00
4.950055122375488281e+00
4.386864900588989258e+00
4.518256902694702148e+00
4.643137216567993164e+00
4.422425985336303711e+00
4.008349895477294922e+00
4.120095014572143555e+00
3.081830978393554688e+00
4.647386789321899414e+00
3.818665266036987305e+00
5.025111913681030273e+00
2.817580938339233398e+00
2.494604110717773438e+00
4.405584335327148438e+00
3.395061016082763672e+00
3.693058013916015625e+00
2.870282888412475586e+00
5.261578321456909180e+00
3.511274099349975586e+00
2.909440040588378906e+00
3.953965187072753906e+00
4.043797969818115234e+00
4.035794973373413086e+00
4.545186042785644531e+00
4.028607130050659180e+00
3.811005830764770508e+00
3.100467205047607422e+00
3.868923902511596680e+00
3.515601873397827148e+00
4.082890987396240234e+00
3.547976970672607422e+00
2.202208995819091797e+00
3.390083074569702148e+00
4.045678853988647461e+00
3.676822900772094727e+00
4.003413200378417969e+00
2.588093280792236328e+00
3.767375230789184570e+00
3.929869174957275391e+00
4.001415967941284180e+00
3.139660120010375977e+00
3.453955173492431641e+00
3.934029102325439453e+00
3.277541160583496094e+00
3.189993858337402344e+00
3.026515007019042969e+00
4.090023994445800781e+00
5.354337692260742188e+00
4.950441837310791016e+00
5.401993989944458008e+00
2.583094120025634766e+00
6.482560157775878906e+00
3.701380014419555664e+00
2.678755044937133789e+00
3.527227878570556641e+00
4.334794044494628906e+00
3.233082056045532227e+00
7.100782155990600586e+00
7.141941070556640625e+00
7.233914852142333984e+00
3.762670040130615234e+00
7.198522806167602539e+00
7.030824899673461914e+00
5.604236125946044922e+00
3.199867010116577148e+00
3.714339017868041992e+00
3.823197841644287109e+00
5.001337051391601562e+00
6.062163114547729492e+00
4.129878044128417969e+00
6.002460956573486328e+00
3.694139957427978516e+00
7.244842052459716797e+00
6.157713174819946289e+00
6.700950622558593750e+00
7.518298149108886719e+00
7.421967983245849609e+00
5.218765020370483398e+00
4.233062744140625000e+00
7.416265010833740234e+00
7.317444086074829102e+00
4.579422950744628906e+00
7.734675884246826172e+00
5.618606090545654297e+00
6.118945121765136719e+00
6.185822963714599609e+00
5.957983016967773438e+00
6.418095827102661133e+00
8.042906761169433594e+00
5.064109086990356445e+00
7.739685058593750000e+00
5.412546157836914062e+00
6.741383075714111328e+00
2.081162929534912109e+00
8.111212015151977539e+00
5.234411716461181641e+00
4.298511266708374023e+00
7.428627014160156250e+00
4.046068906784057617e+00
6.490031242370605469e+00
4.442477941513061523e+00
4.820858955383300781e+00
2.160302877426147461e+00
6.596387147903442383e+00
4.553515911102294922e+00
5.136774063110351562e+00
1.840338945388793945e+00
2.030336856842041016e+00
2.734198093414306641e+00
1.918175935745239258e+00
2.220355749130249023e+00
2.276250123977661133e+00
2.099638938903808594e+00
2.759675264358520508e+00
2.093296766281127930e+00
2.622374057769775391e+00
2.664084911346435547e+00
2.735862970352172852e+00
3.340641736984252930e+00
2.983677864074707031e+00
3.391032218933105469e+00
2.824946880340576172e+00
2.838235139846801758e+00
3.146382093429565430e+00
3.208189964294433594e+00
3.276925325393676758e+00
3.558078050613403320e+00
3.182812213897705078e+00
3.713311195373535156e+00
3.417983770370483398e+00
3.804482698440551758e+00
3.784330129623413086e+00
3.518978118896484375e+00
4.206130027770996094e+00
4.330489158630371094e+00
4.804981946945190430e+00
4.016391277313232422e+00
5.016225099563598633e+00
4.794974088668823242e+00
4.173312902450561523e+00
4.065977096557617188e+00
4.468254089355468750e+00
4.256813049316406250e+00
2.839956045150756836e+00
4.105296134948730469e+00
4.659160852432250977e+00
2.637179851531982422e+00
4.152558088302612305e+00
4.146700143814086914e+00
4.174437046051025391e+00
3.857533931732177734e+00
4.862056970596313477e+00
4.823267936706542969e+00
4.589449882507324219e+00
2.239032030105590820e+00
4.459747076034545898e+00
2.747958898544311523e+00
5.023777961730957031e+00
2.586295127868652344e+00
3.427957057952880859e+00
5.308911800384521484e+00
4.588901758193969727e+00
3.254775047302246094e+00
5.353825092315673828e+00
2.097457885742187500e+00
2.879843950271606445e+00
4.283482313156127930e+00
5.461673259735107422e+00
3.071475028991699219e+00
5.083537101745605469e+00
4.019634008407592773e+00
2.520717144012451172e+00
2.056806802749633789e+00
3.173671960830688477e+00
5.496733903884887695e+00
2.068035840988159180e+00
3.439869165420532227e+00
3.402299165725708008e+00
5.157139062881469727e+00
2.060630083084106445e+00
2.475674152374267578e+00
3.274966001510620117e+00
2.722861051559448242e+00
3.387912750244140625e+00
2.156049013137817383e+00
3.722640752792358398e+00
1.912780046463012695e+00
2.041643857955932617e+00
2.677461147308349609e+00
2.329905748367309570e+00
2.873404264450073242e+00
2.264008998870849609e+00
2.353308200836181641e+00
2.640187263488769531e+00
2.509710788726806641e+00
2.474685907363891602e+00
1.998803138732910156e+00
3.000481128692626953e+00
2.931905031204223633e+00
2.948523998260498047e+00
3.001992940902709961e+00
2.810384035110473633e+00
3.428038120269775391e+00
2.564180135726928711e+00
3.246295213699340820e+00
2.615503311157226562e+00
3.106262922286987305e+00
2.072290182113647461e+00
2.480484962463378906e+00
2.902382135391235352e+00
3.770232200622558594e+00
2.380751132965087891e+00
3.872003793716430664e+00
2.545727968215942383e+00
2.364937067031860352e+00
2.546246051788330078e+00
3.595776081085205078e+00
2.341283082962036133e+00
3.671919822692871094e+00
2.572422742843627930e+00
2.744241952896118164e+00
2.381923198699951172e+00
2.892626762390136719e+00
3.050858736038208008e+00
2.376894950866699219e+00
2.299974918365478516e+00
3.386232137680053711e+00
3.348536014556884766e+00
3.659001827239990234e+00
2.576709032058715820e+00
3.568001031875610352e+00
3.912976264953613281e+00
2.799676895141601562e+00
3.144222974777221680e+00
2.569766998291015625e+00
3.482343912124633789e+00
3.836833000183105469e+00
4.976191043853759766e+00
4.627213716506958008e+00
2.706008672714233398e+00
3.009787082672119141e+00
2.766326904296875000e+00
3.675114154815673828e+00
3.426672935485839844e+00
2.869572162628173828e+00
3.216034173965454102e+00
3.020592689514160156e+00
3.653125762939453125e+00
3.429970026016235352e+00
4.152150869369506836e+00
3.234966039657592773e+00
3.105054855346679688e+00
3.667552947998046875e+00
3.319257259368896484e+00
3.933358907699584961e+00
3.498270988464355469e+00
3.859834194183349609e+00
3.666656017303466797e+00
3.405433893203735352e+00
4.040725946426391602e+00
3.480445861816406250e+00
4.234851121902465820e+00
4.064252853393554688e+00
4.127038955688476562e+00
4.249931097030639648e+00
4.073123216629028320e+00
3.622395992279052734e+00
3.549039125442504883e+00
2.377515792846679688e+00
4.102471113204956055e+00
3.720628976821899414e+00
3.323107242584228516e+00
3.190372943878173828e+00
2.039446115493774414e+00
2.833607912063598633e+00
5.172369241714477539e+00
3.802386045455932617e+00
3.579544067382812500e+00
2.377506971359252930e+00
2.029179096221923828e+00
2.914216995239257812e+00
5.324455738067626953e+00
3.344938993453979492e+00
2.525887012481689453e+00
3.866574048995971680e+00
4.893123865127563477e+00
2.249864816665649414e+00
2.375756025314331055e+00
2.515494823455810547e+00
2.150696992874145508e+00
3.230348110198974609e+00
2.888739109039306641e+00
3.436403036117553711e+00
3.036635160446166992e+00
2.993262052536010742e+00
2.192276239395141602e+00
2.891965866088867188e+00
1.962207317352294922e+00
2.215431928634643555e+00
3.870177984237670898e+00
3.953507184982299805e+00
3.159446716308593750e+00
3.154371023178100586e+00
2.757161855697631836e+00
2.244900941848754883e+00
2.566086053848266602e+00
4.212407112121582031e+00
2.972259044647216797e+00
3.098446130752563477e+00
2.713782072067260742e+00
2.706216812133789062e+00
2.498437166213989258e+00
2.948271036148071289e+00
2.883876800537109375e+00
2.501482963562011719e+00
2.380065917968750000e+00
2.364782810211181641e+00
3.354445934295654297e+00
3.487880229949951172e+00
3.411783933639526367e+00
3.392896175384521484e+00
3.103765964508056641e+00
3.332887887954711914e+00
2.433640956878662109e+00
3.339980125427246094e+00
3.062182903289794922e+00
3.427555084228515625e+00
3.626169919967651367e+00
2.756052017211914062e+00
2.315037965774536133e+00
4.205712318420410156e+00
3.291007995605468750e+00
3.977597951889038086e+00
3.110781908035278320e+00
3.492804050445556641e+00
3.601705074310302734e+00
3.801218748092651367e+00
2.750521183013916016e+00
3.665819168090820312e+00
3.257047891616821289e+00
4.830444812774658203e+00
2.793250799179077148e+00
3.436187028884887695e+00
5.039803266525268555e+00
2.011862993240356445e+00
2.712184906005859375e+00
4.328280925750732422e+00
4.680752754211425781e+00
4.036156892776489258e+00
2.392373085021972656e+00
2.282736063003540039e+00
3.973559141159057617e+00
2.662652254104614258e+00
5.477168083190917969e+00
2.273311138153076172e+00
2.320465803146362305e+00
2.550943136215209961e+00
2.463125705718994141e+00
2.558294057846069336e+00
2.793830871582031250e+00
2.969842910766601562e+00
3.028801918029785156e+00
1.644106388092041016e+00
3.092252016067504883e+00
2.140082836151123047e+00
2.291664838790893555e+00
4.162884712219238281e+00
4.084372997283935547e+00
2.653945922851562500e+00
2.893634796142578125e+00
3.784878015518188477e+00
2.963284969329833984e+00
3.092768907546997070e+00
3.909607887268066406e+00
3.478151798248291016e+00
3.531704902648925781e+00
4.351669073104858398e+00
3.280997037887573242e+00
3.666204929351806641e+00
3.659569263458251953e+00
2.707457065582275391e+00
3.875666856765747070e+00
3.091713190078735352e+00
3.356837987899780273e+00
3.364951848983764648e+00
2.680047988891601562e+00
3.886264085769653320e+00
4.064521074295043945e+00
4.052211999893188477e+00
3.037067174911499023e+00
2.865288972854614258e+00
3.732079029083251953e+00
2.736441135406494141e+00
4.319022893905639648e+00
3.741191864013671875e+00
3.591548204421997070e+00
3.386219024658203125e+00
2.373183965682983398e+00
4.129964113235473633e+00
2.300698041915893555e+00
3.557871818542480469e+00
4.219934940338134766e+00
2.341914892196655273e+00
2.634407997131347656e+00
2.027575016021728516e+00
2.239666223526000977e+00
2.582175254821777344e+00
2.279588699340820312e+00
2.860037088394165039e+00
2.687546014785766602e+00
2.150319814682006836e+00
2.366206169128417969e+00
2.450456857681274414e+00
3.001768827438354492e+00
2.640363693237304688e+00
2.647973299026489258e+00
3.310487031936645508e+00
2.991590023040771484e+00
2.520874023437500000e+00
2.439142942428588867e+00
2.186645030975341797e+00
3.631979942321777344e+00
2.693609237670898438e+00
3.256894826889038086e+00
2.554159164428710938e+00
2.178091049194335938e+00
2.397243261337280273e+00
3.489748001098632812e+00
3.345052242279052734e+00
3.089642286300659180e+00
3.820955753326416016e+00
3.058717966079711914e+00
3.131391048431396484e+00
2.053188085556030273e+00
2.711233139038085938e+00
3.801089048385620117e+00
2.850938796997070312e+00
4.597069025039672852e+00
3.063834905624389648e+00
3.001399040222167969e+00
2.148854970932006836e+00
2.816380023956298828e+00
2.007179021835327148e+00
4.460915088653564453e+00
2.386121273040771484e+00
1.873270034790039062e+00
3.637090921401977539e+00
3.245595216751098633e+00
3.637942075729370117e+00
3.299013137817382812e+00
3.360556840896606445e+00
3.462939739227294922e+00
2.533533811569213867e+00
2.845612764358520508e+00
3.749582052230834961e+00
2.419732093811035156e+00
2.588880777359008789e+00
4.065820932388305664e+00
2.673038005828857422e+00
3.523448944091796875e+00
4.102771997451782227e+00
3.473786115646362305e+00
3.586341857910156250e+00
3.224528789520263672e+00
3.514117717742919922e+00
3.412163019180297852e+00
4.241133928298950195e+00
3.836625337600708008e+00
2.708556652069091797e+00
4.250450849533081055e+00
4.112116813659667969e+00
2.746662855148315430e+00
3.882544040679931641e+00
2.984222888946533203e+00
4.460738182067871094e+00
4.066817760467529297e+00
4.855615139007568359e+00
2.041178941726684570e+00
3.966230154037475586e+00
2.845793962478637695e+00
5.327937841415405273e+00
3.482265710830688477e+00
2.347358942031860352e+00
1.827372074127197266e+00
1.972762823104858398e+00
1.564640998840332031e+00
1.792686939239501953e+00
2.240920782089233398e+00
2.240609884262084961e+00
2.414156198501586914e+00
2.065922021865844727e+00
2.568861007690429688e+00
1.769598007202148438e+00
2.915606975555419922e+00
2.060462236404418945e+00
2.617172956466674805e+00
3.039418220520019531e+00
2.619454860687255859e+00
2.719482183456420898e+00
2.074464082717895508e+00
2.779927015304565430e+00
2.804388046264648438e+00
2.591203212738037109e+00
2.966735839843750000e+00
2.651667356491088867e+00
2.489346027374267578e+00
2.944718122482299805e+00
2.348734855651855469e+00
3.332550287246704102e+00
2.442111015319824219e+00
3.000575065612792969e+00
3.169272184371948242e+00
1.747671127319335938e+00
3.340358734130859375e+00
1.634004116058349609e+00
3.693850994110107422e+00
3.020009994506835938e+00
2.556704998016357422e+00
3.287710905075073242e+00
2.726513862609863281e+00
2.530583143234252930e+00
2.992321014404296875e+00
2.016863107681274414e+00
2.046351671218872070e+00
1.599698781967163086e+00
4.021760940551757812e+00
2.095296859741210938e+00
3.090840101242065430e+00
2.043630123138427734e+00
2.061125993728637695e+00
2.214406013488769531e+00
2.711500883102416992e+00
2.615141868591308594e+00
2.598345279693603516e+00
2.833762168884277344e+00
2.663088798522949219e+00
2.772067785263061523e+00
2.858871936798095703e+00
3.064331054687500000e+00
3.593342065811157227e+00
2.432846307754516602e+00
2.345077037811279297e+00
3.541889190673828125e+00
2.106018066406250000e+00
3.165453910827636719e+00
3.442517042160034180e+00
3.002702713012695312e+00
3.471106767654418945e+00
3.229937076568603516e+00
3.012935161590576172e+00
3.538395881652832031e+00
3.162237167358398438e+00
2.291506052017211914e+00
3.781626939773559570e+00
3.703866243362426758e+00
3.668662786483764648e+00
2.411279916763305664e+00
3.250765800476074219e+00
3.389069080352783203e+00
3.276005029678344727e+00
4.181728839874267578e+00
2.339670896530151367e+00
1.959633111953735352e+00
3.272895812988281250e+00
3.264288187026977539e+00
2.255841016769409180e+00
3.722063779830932617e+00
3.755380153656005859e+00
2.139471769332885742e+00
4.110351085662841797e+00
2.016791105270385742e+00
2.155995845794677734e+00
2.565053224563598633e+00
2.438304901123046875e+00
2.062463045120239258e+00
3.028091192245483398e+00
2.645462989807128906e+00
2.827500104904174805e+00
2.806672096252441406e+00
2.879240036010742188e+00
2.810685873031616211e+00
2.526798009872436523e+00
3.235459089279174805e+00
3.213430881500244141e+00
3.266627073287963867e+00
3.121557950973510742e+00
2.881109952926635742e+00
3.512978076934814453e+00
2.079790115356445312e+00
3.293232917785644531e+00
2.791963815689086914e+00
2.907360076904296875e+00
3.046103239059448242e+00
3.264670133590698242e+00
3.055933237075805664e+00
2.674350023269653320e+00
3.065546989440917969e+00
3.118096113204956055e+00
4.046751022338867188e+00
2.875773906707763672e+00
3.099343776702880859e+00
3.508226871490478516e+00
3.439052581787109375e+00
4.702237844467163086e+00
3.531500816345214844e+00
4.807967901229858398e+00
4.007266044616699219e+00
5.003679990768432617e+00
4.209318876266479492e+00
3.017825841903686523e+00
3.340877056121826172e+00
4.898363113403320312e+00
3.478464126586914062e+00
4.577950954437255859e+00
2.746681213378906250e+00
2.948305845260620117e+00
4.529157876968383789e+00
5.489470005035400391e+00
3.299517869949340820e+00
4.918140172958374023e+00
2.357096195220947266e+00
3.078422069549560547e+00
2.774237871170043945e+00
2.775403022766113281e+00
2.846960306167602539e+00
3.332401990890502930e+00
2.678591012954711914e+00
3.087832927703857422e+00
3.202997922897338867e+00
2.214595079421997070e+00
2.820232152938842773e+00
3.278681993484497070e+00
3.014926195144653320e+00
2.199881076812744141e+00
2.732504844665527344e+00
3.008572816848754883e+00
2.075305938720703125e+00
3.792293787002563477e+00
2.109807252883911133e+00
2.206959962844848633e+00
3.829096794128417969e+00
3.117511987686157227e+00
3.795227766036987305e+00
4.064270019531250000e+00
3.872382879257202148e+00
2.828641176223754883e+00
2.472591161727905273e+00
2.430994272232055664e+00
2.171540975570678711e+00
2.293262004852294922e+00
3.139803886413574219e+00
2.371829986572265625e+00
2.584589004516601562e+00
3.059491872787475586e+00
2.926562786102294922e+00
2.863845109939575195e+00
2.969299793243408203e+00
3.318603038787841797e+00
3.309207916259765625e+00
2.857385158538818359e+00
3.697676181793212891e+00
2.800968170166015625e+00
3.478853940963745117e+00
2.602445125579833984e+00
3.327595949172973633e+00
2.137422084808349609e+00
3.516196250915527344e+00
1.727242946624755859e+00
3.470551967620849609e+00
2.467844963073730469e+00
3.046971082687377930e+00
2.843444824218750000e+00
3.292939662933349609e+00
3.014641046524047852e+00
3.339502811431884766e+00
3.325500965118408203e+00
2.701108932495117188e+00
2.282066822052001953e+00
2.519961118698120117e+00
2.543833971023559570e+00
3.325724840164184570e+00
3.717514991760253906e+00
2.951775312423706055e+00
2.309108018875122070e+00
3.843870162963867188e+00
4.079734086990356445e+00
2.834618806838989258e+00
2.755908727645874023e+00
2.491787195205688477e+00
3.467034101486206055e+00
2.008614063262939453e+00
2.202269077301025391e+00
3.509797096252441406e+00
3.340681076049804688e+00
2.789288043975830078e+00
2.253250122070312500e+00
3.634438991546630859e+00
2.364916086196899414e+00
3.924756288528442383e+00
3.056337118148803711e+00
2.812803030014038086e+00
2.847239255905151367e+00
2.887050867080688477e+00
2.701048851013183594e+00
3.112242937088012695e+00
2.744658946990966797e+00
3.776518821716308594e+00
3.275575876235961914e+00
2.586655855178833008e+00
3.307979106903076172e+00
3.678480863571166992e+00
2.737725019454956055e+00
2.745480060577392578e+00
4.245961904525756836e+00
2.294392108917236328e+00
3.358422040939331055e+00
2.787064790725708008e+00
2.015575647354125977e+00
3.197458982467651367e+00
2.573115825653076172e+00
2.706329107284545898e+00
2.862185001373291016e+00
3.761423826217651367e+00
3.489759922027587891e+00
3.314111948013305664e+00
3.682485818862915039e+00
3.009008169174194336e+00
2.755541086196899414e+00
2.759401082992553711e+00
3.380151033401489258e+00
3.587147951126098633e+00
2.619208097457885742e+00
2.951874732971191406e+00
2.846530914306640625e+00
2.990262031555175781e+00
3.492102861404418945e+00
3.893417119979858398e+00
2.802948951721191406e+00
2.508883953094482422e+00
2.645805120468139648e+00
3.461781978607177734e+00
3.250412940979003906e+00
3.668047904968261719e+00
3.927093029022216797e+00
2.579886198043823242e+00
3.162149906158447266e+00
2.845417976379394531e+00
3.840251207351684570e+00
4.029431104660034180e+00
3.365641832351684570e+00
3.599905014038085938e+00
2.117620944976806641e+00
4.369854927062988281e+00
3.992363929748535156e+00
3.786102771759033203e+00
4.279292821884155273e+00
3.493264913558959961e+00
2.297406911849975586e+00
3.922269821166992188e+00
3.952621936798095703e+00
4.049661159515380859e+00
4.807146072387695312e+00
4.295685052871704102e+00
3.934129953384399414e+00
4.005803823471069336e+00
3.444281101226806641e+00
5.037691831588745117e+00
3.123008966445922852e+00
4.191044807434082031e+00
4.416052818298339844e+00
3.286730766296386719e+00
3.052469968795776367e+00
3.334597826004028320e+00
4.576606988906860352e+00
3.001770019531250000e+00
3.006294965744018555e+00
4.491137981414794922e+00
3.209791898727416992e+00
4.314840078353881836e+00
3.089167118072509766e+00
2.324548959732055664e+00
2.130259275436401367e+00
3.687926054000854492e+00
2.215655803680419922e+00
4.843857049942016602e+00
3.852145910263061523e+00
3.200563907623291016e+00
3.529821872711181641e+00
3.287302017211914062e+00
3.113559007644653320e+00
3.279155015945434570e+00
2.022157907485961914e+00
4.189759969711303711e+00
5.473314046859741211e+00
2.743458032608032227e+00
3.096778154373168945e+00
5.065395116806030273e+00
2.955965042114257812e+00
2.566083192825317383e+00
2.482738256454467773e+00
4.239334821701049805e+00
6.556512117385864258e+00
2.846534729003906250e+00
2.739243984222412109e+00
2.751874923706054688e+00
1.724187135696411133e+00
2.569211959838867188e+00
2.479472160339355469e+00
2.845024108886718750e+00
3.030959844589233398e+00
2.562633991241455078e+00
2.528749942779541016e+00
3.145516633987426758e+00
2.158596277236938477e+00
2.745147943496704102e+00
2.349845886230468750e+00
3.026593685150146484e+00
2.942007064819335938e+00
3.216886997222900391e+00
2.564284324645996094e+00
2.546077728271484375e+00
2.327894926071166992e+00
4.423805952072143555e+00
2.401148796081542969e+00
2.498602151870727539e+00
3.115640163421630859e+00
2.630122900009155273e+00
2.926979064941406250e+00
3.065537214279174805e+00
2.529525041580200195e+00
3.235496997833251953e+00
2.914484262466430664e+00
2.711446762084960938e+00
3.294086933135986328e+00
2.325534105300903320e+00
3.367938995361328125e+00
3.079295158386230469e+00
2.755151033401489258e+00
2.723958969116210938e+00
3.476042032241821289e+00
3.120937824249267578e+00
3.399251937866210938e+00
3.602839946746826172e+00
3.472637891769409180e+00
3.176270961761474609e+00
2.558166742324829102e+00
3.707877159118652344e+00
4.155307054519653320e+00
3.366850137710571289e+00
4.213454008102416992e+00
3.652741193771362305e+00
3.195647001266479492e+00
2.461891174316406250e+00
3.767965316772460938e+00
3.787807941436767578e+00
3.525511980056762695e+00
2.990664005279541016e+00
3.678823947906494141e+00
4.257064104080200195e+00
3.860130071640014648e+00
4.317697048187255859e+00
2.965156078338623047e+00
3.023959159851074219e+00
3.637621879577636719e+00
3.052250146865844727e+00
2.789351224899291992e+00
4.128015041351318359e+00
3.611392021179199219e+00
2.464691877365112305e+00
3.660421133041381836e+00
4.175183296203613281e+00
3.813899040222167969e+00
3.332090139389038086e+00
4.339246988296508789e+00
3.595060110092163086e+00
3.789684772491455078e+00
3.640625000000000000e+00
3.991802215576171875e+00
2.540749788284301758e+00
3.254550933837890625e+00
3.888985157012939453e+00
5.135773897171020508e+00
3.869984149932861328e+00
2.772952079772949219e+00
3.878493309020996094e+00
3.846273899078369141e+00
3.121303081512451172e+00
4.317497968673706055e+00
3.094743967056274414e+00
3.328471899032592773e+00
3.271995306015014648e+00
3.341457843780517578e+00
4.194602012634277344e+00
2.844826936721801758e+00
3.720201969146728516e+00
2.533914804458618164e+00
3.834182977676391602e+00
3.106060028076171875e+00
3.541446924209594727e+00
3.476137876510620117e+00
3.443868875503540039e+00
3.485460042953491211e+00
3.840314149856567383e+00
3.390215158462524414e+00
2.867531061172485352e+00
3.944411993026733398e+00
3.882365942001342773e+00
2.311077117919921875e+00
3.496586084365844727e+00
2.836832046508789062e+00
2.567827939987182617e+00
2.180470943450927734e+00
3.979513883590698242e+00
2.929473876953125000e+00
3.556470155715942383e+00
3.395261287689208984e+00
3.058501958847045898e+00
3.914822101593017578e+00
2.516913175582885742e+00
3.420064926147460938e+00
3.624747991561889648e+00
4.199515819549560547e+00
3.282544136047363281e+00
3.463390111923217773e+00
4.821703195571899414e+00
3.543209075927734375e+00
2.694259881973266602e+00
3.063765048980712891e+00
3.505467891693115234e+00
3.406221151351928711e+00
3.339662790298461914e+00
3.358364343643188477e+00
3.309242248535156250e+00
3.414947986602783203e+00
4.062800884246826172e+00
3.934139966964721680e+00
4.100991964340209961e+00
4.054800748825073242e+00
4.513479948043823242e+00
4.267060041427612305e+00
3.585416793823242188e+00
3.630796670913696289e+00
4.167129755020141602e+00
3.796236991882324219e+00
3.921930074691772461e+00
3.476679801940917969e+00
4.562230110168457031e+00
3.767687082290649414e+00
3.973517179489135742e+00
3.242072105407714844e+00
3.545442104339599609e+00
3.796359062194824219e+00
4.227958679199218750e+00
4.497673988342285156e+00
3.610153913497924805e+00
3.482458829879760742e+00
4.005748033523559570e+00
3.986069917678833008e+00
3.396107196807861328e+00
3.990926742553710938e+00
3.644995212554931641e+00
3.348093986511230469e+00
3.785904884338378906e+00
3.768719911575317383e+00
4.372119903564453125e+00
3.612622261047363281e+00
3.488622903823852539e+00
4.035873889923095703e+00
3.229489088058471680e+00
4.383732080459594727e+00
4.247680664062500000e+00
4.572511196136474609e+00
5.091016292572021484e+00
5.086189746856689453e+00
2.269795179367065430e+00
5.640961170196533203e+00
3.533666133880615234e+00
4.948596000671386719e+00
3.660495996475219727e+00
5.274202823638916016e+00
5.094545841217041016e+00
3.964257001876831055e+00
4.957943201065063477e+00
3.392470121383666992e+00
3.538145065307617188e+00
3.757953166961669922e+00
3.219659090042114258e+00
3.387126207351684570e+00
4.231378316879272461e+00
5.502696037292480469e+00
7.045406341552734375e+00
5.638406038284301758e+00
3.357496738433837891e+00
4.068665027618408203e+00
6.349307298660278320e+00
4.033815145492553711e+00
5.578418970108032227e+00
3.382759809494018555e+00
5.221030950546264648e+00
4.299413681030273438e+00
4.103970050811767578e+00
4.601327896118164062e+00
3.254851818084716797e+00
4.336695909500122070e+00
4.391626119613647461e+00
5.070770978927612305e+00
4.703237056732177734e+00
3.892216920852661133e+00
4.402895927429199219e+00
2.512901067733764648e+00
5.114777803421020508e+00
4.149315118789672852e+00
2.812083959579467773e+00
4.380439996719360352e+00
5.681387186050415039e+00
3.286181211471557617e+00
4.292464256286621094e+00
4.690341949462890625e+00
3.679199934005737305e+00
5.096851825714111328e+00
5.361232280731201172e+00
4.913885831832885742e+00
2.980321168899536133e+00
6.344259977340698242e+00
5.475328207015991211e+00
6.334829807281494141e+00
5.303374767303466797e+00
4.965215921401977539e+00
5.569872140884399414e+00
5.101237058639526367e+00
3.578705310821533203e+00
4.960231781005859375e+00
5.633716821670532227e+00
5.209604263305664062e+00
3.712174654006958008e+00
4.006175041198730469e+00
4.518634080886840820e+00
5.537732839584350586e+00
3.328509092330932617e+00
5.601569890975952148e+00
3.062989950180053711e+00
3.838095903396606445e+00
3.200726032257080078e+00
2.061243295669555664e+00
4.129434108734130859e+00
4.781975030899047852e+00
4.472233057022094727e+00
3.624619960784912109e+00
5.978667020797729492e+00
4.684484958648681641e+00
4.952600002288818359e+00
3.574296236038208008e+00
3.306679964065551758e+00
4.489580154418945312e+00
4.398700952529907227e+00
4.180367231369018555e+00
4.501185655593872070e+00
3.961340904235839844e+00
4.840220212936401367e+00
4.003677129745483398e+00
2.305092096328735352e+00
2.875391006469726562e+00
1.941072702407836914e+00
4.174619913101196289e+00
2.917129039764404297e+00
3.079105138778686523e+00
3.529717922210693359e+00
3.270367860794067383e+00
5.190032005310058594e+00
3.594892024993896484e+00
4.737724781036376953e+00
5.476140975952148438e+00
4.858918905258178711e+00
3.046987056732177734e+00
4.598920822143554688e+00
3.100499153137207031e+00
2.827596664428710938e+00
2.616055965423583984e+00
5.233160018920898438e+00
3.707363128662109375e+00
2.686311960220336914e+00
2.671601057052612305e+00
4.332570075988769531e+00
5.515078067779541016e+00
3.777180910110473633e+00
2.615509986877441406e+00
3.585745096206665039e+00
3.378814220428466797e+00
3.627967119216918945e+00
3.221607923507690430e+00
3.606556892395019531e+00
3.412456035614013672e+00
3.164399147033691406e+00
4.310554027557373047e+00
2.978145122528076172e+00
2.724570035934448242e+00
3.615278244018554688e+00
2.960528135299682617e+00
4.446267127990722656e+00
3.376051902770996094e+00
3.029816150665283203e+00
2.932086944580078125e+00
2.657241821289062500e+00
3.234954833984375000e+00
4.747272014617919922e+00
3.209228038787841797e+00
3.042982816696166992e+00
3.330766677856445312e+00
3.590854883193969727e+00
3.746965169906616211e+00
3.743808031082153320e+00
4.768688917160034180e+00
4.372833013534545898e+00
2.625845909118652344e+00
3.632308959960937500e+00
5.125066041946411133e+00
4.265708208084106445e+00
3.783836841583251953e+00
3.965615272521972656e+00
4.712611675262451172e+00
5.172459125518798828e+00
5.015763044357299805e+00
4.314144134521484375e+00
4.769352912902832031e+00
3.707956790924072266e+00
4.524178266525268555e+00
3.515430927276611328e+00
4.606097936630249023e+00
3.252691984176635742e+00
3.766059875488281250e+00
5.223839044570922852e+00
3.980879068374633789e+00
3.557288885116577148e+00
4.566820859909057617e+00
5.438795089721679688e+00
5.374135017395019531e+00
4.979465007781982422e+00
4.079493045806884766e+00
4.285784959793090820e+00
5.805497169494628906e+00
4.477591037750244141e+00
5.800401926040649414e+00
3.330893039703369141e+00
5.889064311981201172e+00
5.713557004928588867e+00
4.937308788299560547e+00
4.329067945480346680e+00
4.210403919219970703e+00
4.298784017562866211e+00
6.049106121063232422e+00
3.610908031463623047e+00
4.228482007980346680e+00
4.169923067092895508e+00
5.304610967636108398e+00
4.377674102783203125e+00
4.622714042663574219e+00
4.303323030471801758e+00
4.043339967727661133e+00
3.948541879653930664e+00
4.437446117401123047e+00
4.143669843673706055e+00
4.207430839538574219e+00
3.258575677871704102e+00
2.146806001663208008e+00
3.998334884643554688e+00
4.013677120208740234e+00
4.042194843292236328e+00
2.165916204452514648e+00
2.810188055038452148e+00
4.089825868606567383e+00
4.514294147491455078e+00
4.885279893875122070e+00
4.350831985473632812e+00
4.932781934738159180e+00
4.786185979843139648e+00
4.980227231979370117e+00
4.818559169769287109e+00
4.274879932403564453e+00
4.252331018447875977e+00
5.571074962615966797e+00
5.146590948104858398e+00
6.024728059768676758e+00
7.549252986907958984e+00
6.261622905731201172e+00
5.262216091156005859e+00
2.823668003082275391e+00
2.535626888275146484e+00
2.490887880325317383e+00
2.899976968765258789e+00
2.550943136215209961e+00
2.571726083755493164e+00
5.220553159713745117e+00
3.376482725143432617e+00
4.099296808242797852e+00
2.892638921737670898e+00
3.221092939376831055e+00
2.685311317443847656e+00
2.757395982742309570e+00
3.112673997879028320e+00
2.700605869293212891e+00
2.361881732940673828e+00
3.661587953567504883e+00
3.099828004837036133e+00
2.847351074218750000e+00
3.856680870056152344e+00
2.767365932464599609e+00
3.160310029983520508e+00
3.242504119873046875e+00
3.261502981185913086e+00
3.012970924377441406e+00
3.260000944137573242e+00
3.551659584045410156e+00
3.075775146484375000e+00
2.674423933029174805e+00
3.226108789443969727e+00
2.661782026290893555e+00
2.558265209197998047e+00
2.896532058715820312e+00
3.810802936553955078e+00
3.520993947982788086e+00
2.783777952194213867e+00
3.146382093429565430e+00
2.843616008758544922e+00
4.031835079193115234e+00
2.727335214614868164e+00
2.641092061996459961e+00
2.833333015441894531e+00
2.546622037887573242e+00
3.235510826110839844e+00
3.330563783645629883e+00
2.874560117721557617e+00
3.909327745437622070e+00
3.532543182373046875e+00
3.771553993225097656e+00
3.225433111190795898e+00
2.704817295074462891e+00
4.516971111297607422e+00
3.965679883956909180e+00
4.212759017944335938e+00
3.709866046905517578e+00
3.168157815933227539e+00
3.662068843841552734e+00
3.144821882247924805e+00
3.478740215301513672e+00
4.530461072921752930e+00
3.403856992721557617e+00
3.746181726455688477e+00
3.681508302688598633e+00
3.912937879562377930e+00
3.593111991882324219e+00
3.041602849960327148e+00
2.734897851943969727e+00
2.992337226867675781e+00
4.230477809906005859e+00
4.044846057891845703e+00
3.003393173217773438e+00
4.619971990585327148e+00
3.434719085693359375e+00
3.397462129592895508e+00
4.870599746704101562e+00
4.462354898452758789e+00
3.913378000259399414e+00
3.386343240737915039e+00
3.243054866790771484e+00
3.701092243194580078e+00
4.145539999008178711e+00
4.565161943435668945e+00
3.082322835922241211e+00
2.846168041229248047e+00
3.343990087509155273e+00
3.201170921325683594e+00
3.490553140640258789e+00
3.875768661499023438e+00
3.184458017349243164e+00
3.484132051467895508e+00
3.239193677902221680e+00
3.160392284393310547e+00
4.062306165695190430e+00
4.291234016418457031e+00
5.187185764312744141e+00
3.082469224929809570e+00
3.546533107757568359e+00
5.527995824813842773e+00
3.907716035842895508e+00
5.560611009597778320e+00
2.644512891769409180e+00
3.239482879638671875e+00
2.866787195205688477e+00
3.876348018646240234e+00
5.036358833312988281e+00
2.106360912322998047e+00
4.562597990036010742e+00
5.451512098312377930e+00
5.551629066467285156e+00
3.625785112380981445e+00
4.154772043228149414e+00
4.071156024932861328e+00
4.898100137710571289e+00
4.348822832107543945e+00
5.479714870452880859e+00
2.990742921829223633e+00
3.002024888992309570e+00
5.796679973602294922e+00
3.898352861404418945e+00
5.219012260437011719e+00
5.060566902160644531e+00
5.549204111099243164e+00
3.271839380264282227e+00
4.010477066040039062e+00
3.111804723739624023e+00
3.956223964691162109e+00
5.741210937500000000e+00
4.263865232467651367e+00
2.484072923660278320e+00
3.874927043914794922e+00
2.852122783660888672e+00
2.439076900482177734e+00
2.048384904861450195e+00
3.284152030944824219e+00
2.549143075942993164e+00
3.317542076110839844e+00
3.377973079681396484e+00
2.479372024536132812e+00
2.522744178771972656e+00
2.488279104232788086e+00
2.352568864822387695e+00
3.788599967956542969e+00
3.749560832977294922e+00
3.929934978485107422e+00
3.653455018997192383e+00
3.268056154251098633e+00
4.005104064941406250e+00
2.811670064926147461e+00
4.265056133270263672e+00
4.070188999176025391e+00
4.098506927490234375e+00
3.778957128524780273e+00
4.127907037734985352e+00
2.443740844726562500e+00
2.170799970626831055e+00
4.771921873092651367e+00
4.483144044876098633e+00
2.832931041717529297e+00
4.083425998687744141e+00
3.938783884048461914e+00
2.626161098480224609e+00
4.722793102264404297e+00
3.225002050399780273e+00
2.833255052566528320e+00
2.700333833694458008e+00
2.576433897018432617e+00
2.818986892700195312e+00
3.517477750778198242e+00
5.231452941894531250e+00
2.832613229751586914e+00
2.781506061553955078e+00
3.282979965209960938e+00
3.005902051925659180e+00
3.126290321350097656e+00
3.244958877563476562e+00
3.291690111160278320e+00
2.830159902572631836e+00
3.113790988922119141e+00
3.715715885162353516e+00
3.581715822219848633e+00
3.583972930908203125e+00
3.652707099914550781e+00
4.144595861434936523e+00
3.486231088638305664e+00
4.778259992599487305e+00
3.553807735443115234e+00
3.529609918594360352e+00
2.876268148422241211e+00
3.674446105957031250e+00
3.612473249435424805e+00
3.617872714996337891e+00
3.940029859542846680e+00
3.857124090194702148e+00
3.718213081359863281e+00
3.784044027328491211e+00
3.872253179550170898e+00
3.691650152206420898e+00
4.150909900665283203e+00
3.828729152679443359e+00
4.225205898284912109e+00
4.205853939056396484e+00
4.174492835998535156e+00
3.944202899932861328e+00
3.745754003524780273e+00
3.802882671356201172e+00
2.987616062164306641e+00
3.540187835693359375e+00
3.586564064025878906e+00
3.985194921493530273e+00
4.153544187545776367e+00
2.860998868942260742e+00
3.895802259445190430e+00
2.339233875274658203e+00
2.904650926589965820e+00
4.251504182815551758e+00
3.766761064529418945e+00
4.110795974731445312e+00
2.558837890625000000e+00
3.039237022399902344e+00
3.656507730484008789e+00
2.235052108764648438e+00
2.897778272628784180e+00
4.520004034042358398e+00
4.324833154678344727e+00
3.709106922149658203e+00
4.991029977798461914e+00
2.871985197067260742e+00
3.691778898239135742e+00
3.474080085754394531e+00
2.776592731475830078e+00
3.489743947982788086e+00
3.049035072326660156e+00
3.781959056854248047e+00
5.115241765975952148e+00
4.070145845413208008e+00
4.356631040573120117e+00
3.995930910110473633e+00
5.009881973266601562e+00
4.223757266998291016e+00
3.859062910079956055e+00
3.124344110488891602e+00
3.785872936248779297e+00
3.510727167129516602e+00
3.736065864562988281e+00
3.270795822143554688e+00
3.699497938156127930e+00
3.351934909820556641e+00
3.228479862213134766e+00
2.600619077682495117e+00
2.966147184371948242e+00
2.226871013641357422e+00
2.657221078872680664e+00
4.074119091033935547e+00
4.289313793182373047e+00
4.159271001815795898e+00
3.239683151245117188e+00
3.481848955154418945e+00
3.603497982025146484e+00
4.360459089279174805e+00
3.440251111984252930e+00
4.746141195297241211e+00
3.940050125122070312e+00
4.697539806365966797e+00
4.514036893844604492e+00
4.151073932647705078e+00
3.598584890365600586e+00
3.918109893798828125e+00
4.720468282699584961e+00
3.766032934188842773e+00
5.762773990631103516e+00
3.832139730453491211e+00
3.534974813461303711e+00
3.636773109436035156e+00
4.769672393798828125e+00
4.825807094573974609e+00
4.302463054656982422e+00
4.056105136871337891e+00
4.148555040359497070e+00
2.918623924255371094e+00
4.716233253479003906e+00
4.720670938491821289e+00
3.821063041687011719e+00
4.382567882537841797e+00
3.151992082595825195e+00
5.121269941329956055e+00
3.579106092453002930e+00
4.799569845199584961e+00
4.532977342605590820e+00
4.809651136398315430e+00
4.880814075469970703e+00
4.555649995803833008e+00
3.948781013488769531e+00
5.627474069595336914e+00
5.532320976257324219e+00
4.963221073150634766e+00
4.119055986404418945e+00
3.312397956848144531e+00
3.726185083389282227e+00
2.809337139129638672e+00
3.770445108413696289e+00
5.926917791366577148e+00
5.011093854904174805e+00
5.651290893554687500e+00
4.907769918441772461e+00
5.730123043060302734e+00
3.677515983581542969e+00
3.985292196273803711e+00
5.123178958892822266e+00
5.332350969314575195e+00
4.607799053192138672e+00
5.324509859085083008e+00
5.267164945602416992e+00
4.114793062210083008e+00
3.115526914596557617e+00
5.355600118637084961e+00
4.916977882385253906e+00
4.661079168319702148e+00
5.452590942382812500e+00
3.950530052185058594e+00
3.423926830291748047e+00
4.185701131820678711e+00
4.789150953292846680e+00
3.827144861221313477e+00
3.977967262268066406e+00
5.701156854629516602e+00
3.835205078125000000e+00
5.209542036056518555e+00
3.731289148330688477e+00
3.012119054794311523e+00
4.971105098724365234e+00
4.233652114868164062e+00
4.864015817642211914e+00
4.233637094497680664e+00
2.413105010986328125e+00
2.537857055664062500e+00
5.316171169281005859e+00
2.802190065383911133e+00
5.273174047470092773e+00
5.064556121826171875e+00
2.511552095413208008e+00
4.715878248214721680e+00
4.565498113632202148e+00
6.103943824768066406e+00
4.377805233001708984e+00
4.150280952453613281e+00
4.260264873504638672e+00
3.400156974792480469e+00
5.417904138565063477e+00
2.668329000473022461e+00
3.340698003768920898e+00
2.627216100692749023e+00
5.433206081390380859e+00
3.575904130935668945e+00
4.746847867965698242e+00
2.336467027664184570e+00
2.556155920028686523e+00
2.746322870254516602e+00
5.280433893203735352e+00
2.808097124099731445e+00
5.058177232742309570e+00
2.611354112625122070e+00
2.001217842102050781e+00
2.037772893905639648e+00
2.184552192687988281e+00
2.229546070098876953e+00
2.802137136459350586e+00
2.264145135879516602e+00
3.263862848281860352e+00
2.478421926498413086e+00
3.320649147033691406e+00
2.779726743698120117e+00
3.971297979354858398e+00
3.595790863037109375e+00
4.099859952926635742e+00
4.081149101257324219e+00
3.517929315567016602e+00
4.159117937088012695e+00
2.899157047271728516e+00
2.888310909271240234e+00
3.475404977798461914e+00
3.949853897094726562e+00
3.245398998260498047e+00
3.170270919799804688e+00
3.451521873474121094e+00
4.113860130310058594e+00
3.537275791168212891e+00
6.997145891189575195e+00
3.481739044189453125e+00
4.046700954437255859e+00
3.553091049194335938e+00
2.982184886932373047e+00
3.076081037521362305e+00
3.623108148574829102e+00
4.090060949325561523e+00
3.296582221984863281e+00
4.120679855346679688e+00
4.501071929931640625e+00
4.663571834564208984e+00
3.374355077743530273e+00
2.841752767562866211e+00
3.916068077087402344e+00
4.099250793457031250e+00
3.051722049713134766e+00
3.647511959075927734e+00
4.528134346008300781e+00
4.125108003616333008e+00
3.677962064743041992e+00
4.568078041076660156e+00
3.569569110870361328e+00
4.059032917022705078e+00
3.077517032623291016e+00
4.543255805969238281e+00
3.768230199813842773e+00
4.228346109390258789e+00
5.142127037048339844e+00
4.442487955093383789e+00
5.350685834884643555e+00
4.200917959213256836e+00
4.520908117294311523e+00
5.860785961151123047e+00
3.716864824295043945e+00
5.833238124847412109e+00
3.528617858886718750e+00
4.826739788055419922e+00
4.351880788803100586e+00
3.625432968139648438e+00
4.665369033813476562e+00
4.472383022308349609e+00
5.804811000823974609e+00
4.692396163940429688e+00
4.725853919982910156e+00
4.813973903656005859e+00
4.761905908584594727e+00
5.762634038925170898e+00
5.238898992538452148e+00
4.359085083007812500e+00
4.189116239547729492e+00
2.849655151367187500e+00
4.534955739974975586e+00
4.338969945907592773e+00
4.364506959915161133e+00
2.839248895645141602e+00
4.303925037384033203e+00
4.373004913330078125e+00
5.865579128265380859e+00
3.089853048324584961e+00
6.020849943161010742e+00
6.621428966522216797e+00
3.859711170196533203e+00
5.760860204696655273e+00
4.975856065750122070e+00
6.490360021591186523e+00
3.269289970397949219e+00
3.310120820999145508e+00
3.185510873794555664e+00
6.243011713027954102e+00
5.184366941452026367e+00
3.584793806076049805e+00
3.023430109024047852e+00
3.734087944030761719e+00
3.442627906799316406e+00
6.273170232772827148e+00
3.617078065872192383e+00
5.911770105361938477e+00
4.711410999298095703e+00
4.861082792282104492e+00
3.755333900451660156e+00
5.438063859939575195e+00
4.415457248687744141e+00
4.318882942199707031e+00
3.278175115585327148e+00
6.083111047744750977e+00
3.829187154769897461e+00
4.217797994613647461e+00
4.888401985168457031e+00
3.964397192001342773e+00
4.022288084030151367e+00
4.499935150146484375e+00
4.032418727874755859e+00
4.503566026687622070e+00
4.255579948425292969e+00
3.086960077285766602e+00
6.296486139297485352e+00
3.998438119888305664e+00
4.736821889877319336e+00
4.639984130859375000e+00
4.266456127166748047e+00
5.055603981018066406e+00
3.006454944610595703e+00
3.384323835372924805e+00
4.609987974166870117e+00
3.488951921463012695e+00
4.176849842071533203e+00
4.256155252456665039e+00
3.020108222961425781e+00
4.539218902587890625e+00
2.603144884109497070e+00
4.725311040878295898e+00
4.671163797378540039e+00
3.536299943923950195e+00
2.914846897125244141e+00
3.404592037200927734e+00
3.453551054000854492e+00
2.832063913345336914e+00
3.077641963958740234e+00
4.958631277084350586e+00
3.689726829528808594e+00
3.236976146697998047e+00
4.920449972152709961e+00
2.893650770187377930e+00
3.304522037506103516e+00
2.894225835800170898e+00
5.527416229248046875e+00
3.492084026336669922e+00
2.884357213973999023e+00
2.971005916595458984e+00
3.886260986328125000e+00
2.769164085388183594e+00
3.161733865737915039e+00
3.265070199966430664e+00
3.071099996566772461e+00
4.106526851654052734e+00
3.465847730636596680e+00
3.410763978958129883e+00
3.246476173400878906e+00
2.939490079879760742e+00
3.426019191741943359e+00
3.747617006301879883e+00
3.264622211456298828e+00
2.574651002883911133e+00
3.539275884628295898e+00
2.399131059646606445e+00
3.221445083618164062e+00
2.621117353439331055e+00
4.178455114364624023e+00
3.791532039642333984e+00
3.974255084991455078e+00
3.676745891571044922e+00
4.179111003875732422e+00
4.243330955505371094e+00
2.644482851028442383e+00
3.402529001235961914e+00
3.065301179885864258e+00
2.679812192916870117e+00
3.633753776550292969e+00
2.887196063995361328e+00
3.440330982208251953e+00
3.751770019531250000e+00
4.171557903289794922e+00
2.831773042678833008e+00
4.237535953521728516e+00
3.093103885650634766e+00
3.958048105239868164e+00
4.876675844192504883e+00
3.098918199539184570e+00
3.526749849319458008e+00
4.144167900085449219e+00
4.335255146026611328e+00
3.981947898864746094e+00
4.967627048492431641e+00
4.924224138259887695e+00
3.437496900558471680e+00
3.631341218948364258e+00
4.968032836914062500e+00
2.779711008071899414e+00
3.898575067520141602e+00
4.782997846603393555e+00
3.718356132507324219e+00
4.064544916152954102e+00
4.266481876373291016e+00
3.686710834503173828e+00
3.778815984725952148e+00
5.211179971694946289e+00
4.671561956405639648e+00
3.403783321380615234e+00
3.378113985061645508e+00
5.012081146240234375e+00
2.218572139739990234e+00
5.057065248489379883e+00
3.337773084640502930e+00
4.610847949981689453e+00
3.867743015289306641e+00
3.926198005676269531e+00
3.010890960693359375e+00
5.294510126113891602e+00
4.647140979766845703e+00
6.091468095779418945e+00
5.552476167678833008e+00
3.531809806823730469e+00
3.557537078857421875e+00
6.082993984222412109e+00
4.924196958541870117e+00
5.221596956253051758e+00
4.281037092208862305e+00
6.208793163299560547e+00
2.406283855438232422e+00
5.371499776840209961e+00
5.941758871078491211e+00
3.410492181777954102e+00
3.165845155715942383e+00
3.290732860565185547e+00
5.990388393402099609e+00
4.707570075988769531e+00
4.951647996902465820e+00
3.362232208251953125e+00
4.272142171859741211e+00
5.974718093872070312e+00
3.526886940002441406e+00
4.116080045700073242e+00
3.958592176437377930e+00
6.545553207397460938e+00
3.880318880081176758e+00
2.448398828506469727e+00
2.674478054046630859e+00
3.984689235687255859e+00
3.409756898880004883e+00
3.418344974517822266e+00
3.433997154235839844e+00
3.690346956253051758e+00
4.138029098510742188e+00
3.965629100799560547e+00
4.279503822326660156e+00
3.701076984405517578e+00
5.041506052017211914e+00
2.154663085937500000e+00
4.466315031051635742e+00
3.668715953826904297e+00
4.474780321121215820e+00
5.003056049346923828e+00
4.781312942504882812e+00
3.168266773223876953e+00
5.380656957626342773e+00
2.773671150207519531e+00
3.959714889526367188e+00
3.213610887527465820e+00
2.863911151885986328e+00
2.696091890335083008e+00
2.781279087066650391e+00
4.530616044998168945e+00
3.379359006881713867e+00
2.275365114212036133e+00
3.038533926010131836e+00
3.266545057296752930e+00
3.456592082977294922e+00
3.635828018188476562e+00
2.785550832748413086e+00
4.046623945236206055e+00
3.197952985763549805e+00
3.643448114395141602e+00
2.853609085083007812e+00
3.680163145065307617e+00
3.434007644653320312e+00
4.120833873748779297e+00
4.019428730010986328e+00
4.131504297256469727e+00
4.235969066619873047e+00
3.815362930297851562e+00
2.939756155014038086e+00
3.427348136901855469e+00
3.426290988922119141e+00
3.586467742919921875e+00
3.966578006744384766e+00
4.048963785171508789e+00
3.674401044845581055e+00
4.071021080017089844e+00
3.444293975830078125e+00
3.686527013778686523e+00
3.854432106018066406e+00
3.101905345916748047e+00
2.277303934097290039e+00
4.458600997924804688e+00
4.530169725418090820e+00
4.093437910079956055e+00
3.933798789978027344e+00
4.729923009872436523e+00
3.219647884368896484e+00
4.608205795288085938e+00
3.386917829513549805e+00
4.227956056594848633e+00
4.199850082397460938e+00
3.115929841995239258e+00
2.807365179061889648e+00
3.239125013351440430e+00
4.482259988784790039e+00
3.641036987304687500e+00
4.904783725738525391e+00
4.761963129043579102e+00
3.089885950088500977e+00
4.619176864624023438e+00
3.209197998046875000e+00
3.662549972534179688e+00
3.203904867172241211e+00
4.791690111160278320e+00
3.244550228118896484e+00
3.551535129547119141e+00
3.543395042419433594e+00
3.590128183364868164e+00
3.730187177658081055e+00
3.404219150543212891e+00
3.655683755874633789e+00
3.609282970428466797e+00
4.990653038024902344e+00
3.016756057739257812e+00
3.281798124313354492e+00
3.162976980209350586e+00
3.557760953903198242e+00
3.987156152725219727e+00
4.456130027770996094e+00
2.469478845596313477e+00
4.109742641448974609e+00
3.270483016967773438e+00
4.194734096527099609e+00
4.104197740554809570e+00
4.172745943069458008e+00
3.217903137207031250e+00
3.896863222122192383e+00
3.940500974655151367e+00
4.576583862304687500e+00
3.408362865447998047e+00
3.816520929336547852e+00
3.795673847198486328e+00
4.441451787948608398e+00
4.121686697006225586e+00
2.645389080047607422e+00
2.918981790542602539e+00
3.014430999755859375e+00
4.234593152999877930e+00
2.319290161132812500e+00
2.693183898925781250e+00
3.512238740921020508e+00
3.927555799484252930e+00
3.515186071395874023e+00
3.803727865219116211e+00
4.584927082061767578e+00
2.953439950942993164e+00
2.748302936553955078e+00
4.764605760574340820e+00
2.894692897796630859e+00
2.501451969146728516e+00
4.008368015289306641e+00
3.517879009246826172e+00
3.587553024291992188e+00
2.821364879608154297e+00
4.645644903182983398e+00
4.268925189971923828e+00
3.108392953872680664e+00
3.284065008163452148e+00
3.867784023284912109e+00
4.610215902328491211e+00
2.875267028808593750e+00
4.522084712982177734e+00
2.574877262115478516e+00
4.165700197219848633e+00
4.032431125640869141e+00
2.393545150756835938e+00
3.674519777297973633e+00
3.131592035293579102e+00
3.158622026443481445e+00
3.970463991165161133e+00
3.977246046066284180e+00
3.402184963226318359e+00
4.891412019729614258e+00
2.908190011978149414e+00
3.710377216339111328e+00
5.013602256774902344e+00
3.186755895614624023e+00
2.983846187591552734e+00
3.321883916854858398e+00
3.725093126296997070e+00
3.545841932296752930e+00
2.542967081069946289e+00
4.017769098281860352e+00
3.026809215545654297e+00
4.263772964477539062e+00
3.210859060287475586e+00
4.530463933944702148e+00
3.683883190155029297e+00
3.697929143905639648e+00
5.553466796875000000e+00
2.793823957443237305e+00
4.359609842300415039e+00
3.396104812622070312e+00
4.200015068054199219e+00
2.878103971481323242e+00
5.680873870849609375e+00
4.754038810729980469e+00
4.922773838043212891e+00
4.760786294937133789e+00
3.784999847412109375e+00
3.867866992950439453e+00
4.681740760803222656e+00
3.388056993484497070e+00
3.408895969390869141e+00
3.031726837158203125e+00
2.870945930480957031e+00
3.147384643554687500e+00
2.544264078140258789e+00
3.274949789047241211e+00
3.588029384613037109e+00
3.639570951461791992e+00
3.523914813995361328e+00
3.860519170761108398e+00
2.396130800247192383e+00
3.272576808929443359e+00
2.834157943725585938e+00
2.658727169036865234e+00
3.025710105895996094e+00
4.192879915237426758e+00
2.579147100448608398e+00
3.344133853912353516e+00
3.052680253982543945e+00
3.832429885864257812e+00
3.009859800338745117e+00
4.245180130004882812e+00
4.359512090682983398e+00
3.359500885009765625e+00
3.947097063064575195e+00
2.523819208145141602e+00
3.226894140243530273e+00
3.246613979339599609e+00
3.097074985504150391e+00
4.053319215774536133e+00
3.541239261627197266e+00
3.748730897903442383e+00
3.737146854400634766e+00
4.439756870269775391e+00
4.166978120803833008e+00
4.457971811294555664e+00
4.098369598388671875e+00
3.440514802932739258e+00
4.545919895172119141e+00
3.638294935226440430e+00
3.589721202850341797e+00
3.336743116378784180e+00
4.039674043655395508e+00
3.901079654693603516e+00
3.740502119064331055e+00
3.767323732376098633e+00
2.758895874023437500e+00
3.861600160598754883e+00
5.226843833923339844e+00
3.390571117401123047e+00
3.693054199218750000e+00
4.412256002426147461e+00
5.765059947967529297e+00
3.143620967864990234e+00
4.305032968521118164e+00
3.304334878921508789e+00
3.701820135116577148e+00
4.102154970169067383e+00
4.476855993270874023e+00
3.892360925674438477e+00
4.016945123672485352e+00
3.604599952697753906e+00
4.581224203109741211e+00
3.663747072219848633e+00
5.306872844696044922e+00
3.550187110900878906e+00
4.019405841827392578e+00
4.218316078186035156e+00
2.817597150802612305e+00
4.099798917770385742e+00
4.439676284790039062e+00
4.198749303817749023e+00
4.645018100738525391e+00
3.116226196289062500e+00
4.770831108093261719e+00
3.794243097305297852e+00
5.032555103302001953e+00
4.501144647598266602e+00
4.487578153610229492e+00
4.413496971130371094e+00
4.395784139633178711e+00
4.745555162429809570e+00
3.089622974395751953e+00
4.908313989639282227e+00
2.413388013839721680e+00
4.384014129638671875e+00
3.660032033920288086e+00
2.847256183624267578e+00
4.863658905029296875e+00
2.718543291091918945e+00
3.416615247726440430e+00
2.664398193359375000e+00
3.337701797485351562e+00
3.852488994598388672e+00
3.484239816665649414e+00
4.249037742614746094e+00
3.307993888854980469e+00
3.772903203964233398e+00
3.600655078887939453e+00
3.335247039794921875e+00
4.255174160003662109e+00
4.929848194122314453e+00
2.718085289001464844e+00
4.448130130767822266e+00
2.741844892501831055e+00
4.028195858001708984e+00
3.942312240600585938e+00
2.740054130554199219e+00
3.398632764816284180e+00
3.322239160537719727e+00
3.983896732330322266e+00
3.429932117462158203e+00
4.076638936996459961e+00
3.960474252700805664e+00
4.150600910186767578e+00
4.047737836837768555e+00
5.307715177536010742e+00
3.585756778717041016e+00
4.160082101821899414e+00
3.630234956741333008e+00
4.123766183853149414e+00
4.088855981826782227e+00
3.485093116760253906e+00
4.168912887573242188e+00
4.132633924484252930e+00
3.057655811309814453e+00
3.818368196487426758e+00
4.446979045867919922e+00
3.411600112915039062e+00
4.985026121139526367e+00
4.448194026947021484e+00
2.941656112670898438e+00
4.779619216918945312e+00
3.923704147338867188e+00
2.790540933609008789e+00
3.116288661956787109e+00
2.688107967376708984e+00
3.212550163269042969e+00
3.353496074676513672e+00
4.729399204254150391e+00
4.414744138717651367e+00
4.669469118118286133e+00
3.227135896682739258e+00
4.718806028366088867e+00
3.179481983184814453e+00
4.813081026077270508e+00
3.322062969207763672e+00
3.932169914245605469e+00
4.705135107040405273e+00
3.892205238342285156e+00
2.746832132339477539e+00
3.377881288528442383e+00
6.053464889526367188e+00
4.856812000274658203e+00
2.720902919769287109e+00
3.683130979537963867e+00
3.637228965759277344e+00
3.913259983062744141e+00
4.937198162078857422e+00
3.620702028274536133e+00
5.454048871994018555e+00
4.697659969329833984e+00
3.474431991577148438e+00
3.124029874801635742e+00
3.894909858703613281e+00
3.589854955673217773e+00
2.804172039031982422e+00
3.559130907058715820e+00
2.867536783218383789e+00
5.448083877563476562e+00
3.028210878372192383e+00
3.535182952880859375e+00
3.866898775100708008e+00
5.762542009353637695e+00
2.865547895431518555e+00
2.943325757980346680e+00
3.436443090438842773e+00
3.910984992980957031e+00
2.637356996536254883e+00
3.114196062088012695e+00
4.090813875198364258e+00
3.812242269515991211e+00
5.729743003845214844e+00
4.200058221817016602e+00
2.968377828598022461e+00
3.021412134170532227e+00
2.976050138473510742e+00
4.532598018646240234e+00
4.564898014068603516e+00
3.347710847854614258e+00
3.709156036376953125e+00
4.839270830154418945e+00
3.158184051513671875e+00
3.909274101257324219e+00
3.477631092071533203e+00
3.572393894195556641e+00
3.146786928176879883e+00
3.323969125747680664e+00
4.359889984130859375e+00
3.265238046646118164e+00
3.698781013488769531e+00
3.819719314575195312e+00
3.791246175765991211e+00
2.515084028244018555e+00
4.534977912902832031e+00
2.988729953765869141e+00
3.892683982849121094e+00
4.794534921646118164e+00
3.802500963211059570e+00
3.029574871063232422e+00
3.853410959243774414e+00
2.363944053649902344e+00
2.410398960113525391e+00
3.552727937698364258e+00
2.568434000015258789e+00
3.255959987640380859e+00
3.302174806594848633e+00
2.843103885650634766e+00
3.453624010086059570e+00
2.597263097763061523e+00
2.964061975479125977e+00
3.842113971710205078e+00
3.164147853851318359e+00
2.019996881484985352e+00
3.139503002166748047e+00
4.147058963775634766e+00
2.544858217239379883e+00
4.121106147766113281e+00
3.061085939407348633e+00
4.252351045608520508e+00
3.170437097549438477e+00
2.981743812561035156e+00
4.336611032485961914e+00
2.775059938430786133e+00
3.886255979537963867e+00
3.582888126373291016e+00
3.295416116714477539e+00
3.052913188934326172e+00
3.115937948226928711e+00
3.156749725341796875e+00
4.385858058929443359e+00
4.035609245300292969e+00
3.041849136352539062e+00
3.885200023651123047e+00
3.992058992385864258e+00
3.849975109100341797e+00
3.859830856323242188e+00
4.561359167098999023e+00
4.443359613418579102e+00
4.254437208175659180e+00
3.400976896286010742e+00
4.203157901763916016e+00
4.718247890472412109e+00
4.271371841430664062e+00
2.458685159683227539e+00
2.933604240417480469e+00
4.877692937850952148e+00
3.533041715621948242e+00
2.968664884567260742e+00
3.606753826141357422e+00
3.635286092758178711e+00
3.759841918945312500e+00
2.625604152679443359e+00
3.201060056686401367e+00
4.024660825729370117e+00
4.660722970962524414e+00
3.128061056137084961e+00
4.407885074615478516e+00
3.633445024490356445e+00
3.130240917205810547e+00
3.134669065475463867e+00
3.468544006347656250e+00
3.136081218719482422e+00
4.085930109024047852e+00
3.265523910522460938e+00
2.843178033828735352e+00
3.390259742736816406e+00
3.192952871322631836e+00
4.561384916305541992e+00
2.825389862060546875e+00
3.794336080551147461e+00
4.415899991989135742e+00
3.032070159912109375e+00
4.239840984344482422e+00
3.934988975524902344e+00
3.761677980422973633e+00
2.563385009765625000e+00
3.643468856811523438e+00
2.227302789688110352e+00
4.030896186828613281e+00
4.332976102828979492e+00
3.924800157546997070e+00
2.748894929885864258e+00
3.434385776519775391e+00
3.767100811004638672e+00
4.192505121231079102e+00
3.706475973129272461e+00
3.372394084930419922e+00
3.222500085830688477e+00
3.994999170303344727e+00
2.976171970367431641e+00
3.262812137603759766e+00
3.882004022598266602e+00
2.576231956481933594e+00
2.757665157318115234e+00
3.796648979187011719e+00
3.937973022460937500e+00
3.891784191131591797e+00
4.254154920578002930e+00
4.352516651153564453e+00
3.146309852600097656e+00
3.169371843338012695e+00
3.717607021331787109e+00
2.811986207962036133e+00
4.070590019226074219e+00
4.227391004562377930e+00
3.756746053695678711e+00
2.700788974761962891e+00
4.222064018249511719e+00
4.667805910110473633e+00
4.362799167633056641e+00
3.736708164215087891e+00
4.435081243515014648e+00
3.154758214950561523e+00
3.749434709548950195e+00
3.095860004425048828e+00
3.496273994445800781e+00
2.657189130783081055e+00
3.426001071929931641e+00
2.962487220764160156e+00
3.301446914672851562e+00
4.103991031646728516e+00
4.007230997085571289e+00
4.194739103317260742e+00
4.283898830413818359e+00
3.436047792434692383e+00
4.938071012496948242e+00
4.860117912292480469e+00
4.879741907119750977e+00
4.452011585235595703e+00
2.625178813934326172e+00
3.442519903182983398e+00
2.991216182708740234e+00
3.044041872024536133e+00
3.478677034378051758e+00
4.108952045440673828e+00
4.665402173995971680e+00
4.768469095230102539e+00
3.630005598068237305e+00
3.193924188613891602e+00
3.358204841613769531e+00
4.612200260162353516e+00
3.634919881820678711e+00
3.505694866180419922e+00
3.629968166351318359e+00
4.299646854400634766e+00
3.261844873428344727e+00
2.872151136398315430e+00
5.211961984634399414e+00
4.232388973236083984e+00
3.818397998809814453e+00
4.892240047454833984e+00
4.980640888214111328e+00
4.125739812850952148e+00
3.329756975173950195e+00
3.817971944808959961e+00
3.856994152069091797e+00
4.640372991561889648e+00
3.884893894195556641e+00
3.725082874298095703e+00
3.512037038803100586e+00
5.346844911575317383e+00
3.488193035125732422e+00
3.896477937698364258e+00
3.163222074508666992e+00
3.590669870376586914e+00
2.730429172515869141e+00
4.067396879196166992e+00
2.913030147552490234e+00
3.950853824615478516e+00
3.135781049728393555e+00
3.271367788314819336e+00
4.009938955307006836e+00
3.031915903091430664e+00
3.729924201965332031e+00
3.071908950805664062e+00
3.582549810409545898e+00
2.945089101791381836e+00
3.475256204605102539e+00
4.050340175628662109e+00
4.058566808700561523e+00
3.151106119155883789e+00
3.834388017654418945e+00
3.184912919998168945e+00
2.710546970367431641e+00
3.744228839874267578e+00
4.448525905609130859e+00
4.803304910659790039e+00
2.501287937164306641e+00
2.988924980163574219e+00
4.171960115432739258e+00
4.505662918090820312e+00
3.691441774368286133e+00
3.258218050003051758e+00
4.472885847091674805e+00
4.675577878952026367e+00
4.111382007598876953e+00
3.748716831207275391e+00
3.886863946914672852e+00
4.053303241729736328e+00
3.379686832427978516e+00
3.351382017135620117e+00
4.594521999359130859e+00
3.295966863632202148e+00
3.434120893478393555e+00
5.172197103500366211e+00
3.999660015106201172e+00
3.323114871978759766e+00
3.135523080825805664e+00
2.961367130279541016e+00
2.976324081420898438e+00
2.994610786437988281e+00
4.002214908599853516e+00
3.491550922393798828e+00
3.489239215850830078e+00
2.653462171554565430e+00
4.136734962463378906e+00
4.284181118011474609e+00
2.935048103332519531e+00
3.957344055175781250e+00
3.896298170089721680e+00
5.051984071731567383e+00
3.021214962005615234e+00
4.221396923065185547e+00
2.746939182281494141e+00
2.832499980926513672e+00
2.937054872512817383e+00
5.377621889114379883e+00
3.134440898895263672e+00
3.554553031921386719e+00
3.871781110763549805e+00
2.756535053253173828e+00
3.732166051864624023e+00
3.565106868743896484e+00
3.577759981155395508e+00
3.762871026992797852e+00
3.112979888916015625e+00
3.272999048233032227e+00
3.122318029403686523e+00
3.205524921417236328e+00
3.717051267623901367e+00
3.009981870651245117e+00
3.115545988082885742e+00
3.867097854614257812e+00
4.446142911911010742e+00
3.306872606277465820e+00
