1.324165582656860352e+01
1.132897520065307617e+01
5.439492940902709961e+00
6.472048282623291016e+00
2.654035329818725586e+00
1.720962047576904297e+00
4.816556930541992188e+00
1.218745899200439453e+01
1.124668097496032715e+01
1.033582806587219238e+01
9.546959877014160156e+00
2.296920061111450195e+00
5.747136831283569336e+00
1.482321715354919434e+01
2.809520244598388672e+00
2.227640151977539062e+00
2.830417156219482422e+00
2.721330881118774414e+00
2.486034870147705078e+00
2.405113220214843750e+00
2.822236776351928711e+00
1.839781999588012695e+00
3.321424007415771484e+00
2.318579912185668945e+00
2.460066080093383789e+00
2.049126863479614258e+00
1.809057712554931641e+00
2.365197896957397461e+00
2.119850873947143555e+00
1.964087247848510742e+00
2.289737939834594727e+00
2.307340145111083984e+00
2.721229076385498047e+00
3.021443128585815430e+00
3.376848220825195312e+00
1.839078903198242188e+00
2.954882860183715820e+00
2.606706142425537109e+00
1.627137899398803711e+00
1.954745769500732422e+00
2.834053277969360352e+00
1.672765016555786133e+00
1.850963115692138672e+00
2.336041927337646484e+00
1.628959178924560547e+00
2.517823934555053711e+00
2.747201919555664062e+00
2.781790018081665039e+00
2.024604082107543945e+00
2.674818277359008789e+00
2.209285020828247070e+00
2.325492858886718750e+00
2.323865175247192383e+00
2.260430097579956055e+00
2.666934967041015625e+00
2.603165864944458008e+00
2.876529932022094727e+00
2.540391921997070312e+00
2.790602445602416992e+00
2.601602077484130859e+00
2.205796003341674805e+00
3.725315809249877930e+00
2.120300054550170898e+00
3.203909158706665039e+00
2.335716724395751953e+00
2.238988876342773438e+00
2.151370048522949219e+00
2.108205080032348633e+00
2.000732898712158203e+00
1.826545715332031250e+00
2.037490844726562500e+00
2.394761800765991211e+00
1.903299808502197266e+00
2.751843929290771484e+00
2.063010931015014648e+00
2.127745866775512695e+00
2.714725732803344727e+00
2.978899955749511719e+00
2.267472982406616211e+00
2.041676044464111328e+00
2.258288145065307617e+00
2.519703865051269531e+00
3.890696287155151367e+00
2.298065900802612305e+00
2.625168800354003906e+00
2.130468845367431641e+00
2.878895998001098633e+00
2.814538002014160156e+00
3.317422151565551758e+00
2.613963127136230469e+00
3.293577909469604492e+00
2.418256759643554688e+00
2.192759037017822266e+00
2.105010986328125000e+00
2.558921098709106445e+00
2.883045196533203125e+00
1.957381010055541992e+00
2.719948053359985352e+00
2.147057771682739258e+00
2.810763120651245117e+00
2.265331983566284180e+00
2.139743328094482422e+00
2.484003067016601562e+00
2.161862850189208984e+00
2.101936101913452148e+00
1.694986820220947266e+00
3.203321933746337891e+00
2.181185007095336914e+00
1.616220235824584961e+00
2.451361894607543945e+00
2.195020198822021484e+00
1.793334007263183594e+00
1.802470922470092773e+00
1.801831245422363281e+00
2.085467100143432617e+00
1.827952861785888672e+00
1.771321058273315430e+00
1.868592023849487305e+00
2.053466796875000000e+00
2.118024826049804688e+00
2.732153892517089844e+00
2.023264169692993164e+00
2.158896207809448242e+00
2.984946012496948242e+00
2.187510967254638672e+00
2.831659078598022461e+00
3.244060039520263672e+00
3.075926065444946289e+00
2.763048887252807617e+00
2.379228830337524414e+00
2.616736888885498047e+00
2.087812185287475586e+00
2.770647048950195312e+00
2.678674936294555664e+00
3.356479167938232422e+00
2.017523050308227539e+00
1.747238874435424805e+00
2.786758184432983398e+00
2.475294828414916992e+00
2.167445182800292969e+00
2.623366832733154297e+00
2.210143089294433594e+00
2.205464839935302734e+00
2.875774860382080078e+00
3.657603025436401367e+00
3.165843963623046875e+00
1.991537094116210938e+00
2.133666753768920898e+00
2.191432952880859375e+00
1.896651029586791992e+00
2.306489944458007812e+00
2.405378103256225586e+00
2.687974929809570312e+00
2.498979091644287109e+00
2.258588790893554688e+00
2.890698909759521484e+00
2.689339876174926758e+00
2.308274030685424805e+00
3.013314008712768555e+00
2.381482839584350586e+00
2.426004171371459961e+00
2.539158105850219727e+00
2.099694967269897461e+00
1.803328037261962891e+00
2.374989032745361328e+00
1.597060203552246094e+00
2.542213916778564453e+00
2.369387865066528320e+00
1.998035192489624023e+00
2.785341978073120117e+00
1.944957017898559570e+00
2.587333917617797852e+00
2.673748254776000977e+00
1.828279018402099609e+00
2.949162721633911133e+00
2.131583929061889648e+00
1.620856761932373047e+00
2.441816091537475586e+00
3.507869958877563477e+00
2.379692077636718750e+00
1.912498235702514648e+00
2.241127729415893555e+00
2.687776803970336914e+00
1.702479839324951172e+00
1.714678764343261719e+00
1.898821830749511719e+00
1.947537183761596680e+00
2.073065042495727539e+00
2.048216819763183594e+00
2.137244939804077148e+00
2.245032072067260742e+00
2.257867097854614258e+00
2.270481824874877930e+00
2.495492935180664062e+00
3.297496080398559570e+00
2.195398092269897461e+00
2.192481040954589844e+00
2.409119844436645508e+00
2.931784868240356445e+00
2.039054155349731445e+00
1.935626983642578125e+00
2.010680913925170898e+00
2.700603961944580078e+00
2.909173965454101562e+00
2.019250869750976562e+00
2.703171968460083008e+00
2.601670742034912109e+00
2.739258766174316406e+00
3.258127927780151367e+00
2.046612024307250977e+00
2.765552759170532227e+00
1.974889993667602539e+00
2.409446239471435547e+00
2.608859777450561523e+00
3.111161231994628906e+00
3.332204818725585938e+00
2.001602172851562500e+00
2.618597745895385742e+00
2.520070791244506836e+00
3.049026012420654297e+00
2.686946868896484375e+00
2.140583992004394531e+00
2.437739849090576172e+00
1.888539075851440430e+00
2.923856019973754883e+00
2.668000936508178711e+00
2.080982208251953125e+00
2.498039960861206055e+00
2.141031980514526367e+00
2.533590078353881836e+00
2.298785686492919922e+00
2.323700904846191406e+00
2.184623241424560547e+00
2.109346151351928711e+00
2.517330169677734375e+00
2.106282949447631836e+00
3.021342992782592773e+00
2.790021181106567383e+00
2.838598966598510742e+00
2.287549972534179688e+00
1.834352016448974609e+00
2.977576017379760742e+00
3.045499801635742188e+00
2.140408992767333984e+00
2.530203819274902344e+00
2.399433135986328125e+00
2.529457807540893555e+00
2.133238792419433594e+00
2.262863874435424805e+00
1.867012262344360352e+00
1.874807119369506836e+00
2.451808929443359375e+00
3.230337858200073242e+00
2.027308940887451172e+00
2.721364974975585938e+00
2.411593914031982422e+00
2.658010959625244141e+00
2.565492868423461914e+00
2.662197828292846680e+00
2.333346843719482422e+00
1.968693971633911133e+00
2.396353006362915039e+00
2.141063928604125977e+00
2.104498863220214844e+00
2.866999864578247070e+00
3.082031011581420898e+00
1.943789958953857422e+00
2.367738962173461914e+00
2.606788873672485352e+00
2.617187976837158203e+00
2.195448875427246094e+00
2.320075988769531250e+00
2.274955987930297852e+00
2.208544969558715820e+00
1.637200117111206055e+00
1.916347742080688477e+00
2.318696975708007812e+00
1.472844123840332031e+00
2.098829984664916992e+00
2.264871835708618164e+00
2.090833187103271484e+00
1.984729766845703125e+00
2.116275072097778320e+00
2.290210962295532227e+00
2.714375019073486328e+00
2.869476079940795898e+00
3.078603029251098633e+00
2.740039825439453125e+00
2.932765960693359375e+00
2.818012952804565430e+00
2.790253877639770508e+00
2.060432910919189453e+00
3.244659185409545898e+00
1.701574087142944336e+00
2.676248073577880859e+00
2.881610155105590820e+00
2.551162242889404297e+00
1.857079029083251953e+00
3.127774000167846680e+00
2.202871799468994141e+00
2.902563095092773438e+00
2.846871137619018555e+00
2.494925975799560547e+00
2.403482198715209961e+00
2.874118089675903320e+00
2.027976989746093750e+00
2.211945056915283203e+00
3.057888984680175781e+00
2.136626005172729492e+00
2.980229854583740234e+00
1.820240259170532227e+00
2.528489112854003906e+00
2.733673095703125000e+00
2.395829916000366211e+00
3.104701042175292969e+00
3.139871358871459961e+00
2.566973209381103516e+00
4.014291048049926758e+00
3.450629949569702148e+00
3.260920047760009766e+00
2.901175022125244141e+00
3.232241868972778320e+00
2.235775947570800781e+00
2.535613775253295898e+00
2.281327962875366211e+00
5.034872055053710938e+00
2.389472246170043945e+00
2.094476222991943359e+00
2.418834209442138672e+00
3.085089206695556641e+00
2.499484777450561523e+00
2.786599159240722656e+00
1.991352081298828125e+00
3.150041103363037109e+00
2.169530868530273438e+00
3.001932144165039062e+00
2.774813890457153320e+00
2.700424909591674805e+00
2.114702939987182617e+00
2.961834192276000977e+00
2.993289947509765625e+00
2.053830862045288086e+00
2.270461082458496094e+00
3.808079004287719727e+00
3.503057241439819336e+00
1.952430009841918945e+00
3.075165033340454102e+00
2.290938854217529297e+00
2.208354949951171875e+00
2.546495914459228516e+00
2.379241943359375000e+00
2.824876070022583008e+00
2.578197002410888672e+00
2.500608921051025391e+00
2.312854766845703125e+00
2.119611978530883789e+00
2.878201961517333984e+00
1.908404111862182617e+00
1.393742084503173828e+00
2.096601009368896484e+00
2.306478977203369141e+00
2.078812837600708008e+00
2.250452041625976562e+00
1.701815128326416016e+00
2.581642150878906250e+00
2.959465026855468750e+00
3.066842794418334961e+00
3.208981037139892578e+00
3.003917932510375977e+00
2.657057046890258789e+00
3.169138908386230469e+00
2.986470937728881836e+00
3.274884223937988281e+00
2.537043809890747070e+00
3.068805932998657227e+00
2.148061990737915039e+00
2.552980899810791016e+00
3.066277027130126953e+00
2.694577932357788086e+00
2.259824275970458984e+00
2.523082971572875977e+00
2.365746974945068359e+00
2.589841127395629883e+00
2.846820116043090820e+00
2.883394002914428711e+00
2.406950235366821289e+00
2.944414138793945312e+00
2.306021928787231445e+00
1.857145071029663086e+00
2.702572107315063477e+00
2.364445924758911133e+00
3.015269756317138672e+00
3.263568162918090820e+00
2.766813993453979492e+00
3.173904895782470703e+00
3.025334119796752930e+00
3.127717018127441406e+00
3.588631868362426758e+00
2.809861183166503906e+00
3.423810958862304688e+00
2.965718030929565430e+00
1.740959882736206055e+00
3.008515119552612305e+00
3.431216716766357422e+00
3.204304933547973633e+00
2.869613170623779297e+00
3.219484090805053711e+00
2.856941699981689453e+00
3.350712060928344727e+00
3.084235906600952148e+00
2.174488067626953125e+00
2.650291919708251953e+00
2.298142910003662109e+00
2.160987138748168945e+00
2.800691127777099609e+00
2.708483934402465820e+00
2.336419105529785156e+00
2.358082056045532227e+00
2.373646020889282227e+00
2.336850881576538086e+00
2.884572982788085938e+00
2.987437009811401367e+00
2.725873231887817383e+00
3.290570974349975586e+00
2.427919864654541016e+00
3.252774000167846680e+00
2.366763114929199219e+00
3.301413774490356445e+00
2.512196063995361328e+00
2.469922065734863281e+00
2.153519153594970703e+00
3.493036985397338867e+00
2.393162012100219727e+00
2.764189958572387695e+00
3.654410839080810547e+00
2.126173973083496094e+00
1.855952739715576172e+00
3.158534049987792969e+00
2.486552715301513672e+00
2.292949914932250977e+00
2.509073019027709961e+00
2.605031967163085938e+00
2.779643297195434570e+00
2.729199886322021484e+00
2.928028106689453125e+00
2.664077043533325195e+00
3.650635957717895508e+00
2.904345989227294922e+00
2.060495138168334961e+00
2.911131143569946289e+00
2.770815134048461914e+00
2.970547914505004883e+00
2.992188930511474609e+00
2.852236986160278320e+00
3.585978984832763672e+00
2.450403928756713867e+00
1.914343357086181641e+00
3.341743230819702148e+00
2.565053224563598633e+00
3.171655178070068359e+00
3.211440086364746094e+00
1.992514133453369141e+00
3.175950765609741211e+00
2.515871047973632812e+00
2.039625883102416992e+00
3.304283857345581055e+00
2.759130239486694336e+00
2.689399957656860352e+00
2.000756025314331055e+00
2.693826198577880859e+00
2.144003868103027344e+00
1.847775936126708984e+00
2.649896144866943359e+00
2.181877136230468750e+00
3.292647123336791992e+00
2.521260976791381836e+00
2.334580898284912109e+00
2.690974950790405273e+00
2.419334173202514648e+00
2.735785961151123047e+00
2.734849929809570312e+00
2.495606184005737305e+00
1.827965974807739258e+00
2.212810039520263672e+00
2.177556037902832031e+00
2.319113016128540039e+00
2.035827159881591797e+00
2.410295963287353516e+00
2.495781183242797852e+00
2.068419933319091797e+00
2.155611276626586914e+00
2.388103961944580078e+00
2.622191190719604492e+00
3.282756805419921875e+00
3.260281801223754883e+00
1.924631118774414062e+00
3.154260873794555664e+00
2.484058856964111328e+00
2.961992025375366211e+00
2.889700889587402344e+00
2.641894817352294922e+00
2.903970003128051758e+00
2.386270046234130859e+00
2.649486064910888672e+00
2.797757863998413086e+00
2.128082036972045898e+00
2.906147956848144531e+00
2.983281850814819336e+00
2.775665283203125000e+00
2.524250030517578125e+00
2.461637258529663086e+00
3.305591106414794922e+00
2.641926050186157227e+00
3.449808120727539062e+00
3.413954019546508789e+00
3.069800853729248047e+00
2.923063039779663086e+00
3.682933092117309570e+00
3.619855165481567383e+00
3.479295253753662109e+00
3.422157049179077148e+00
3.786267042160034180e+00
2.859352827072143555e+00
3.922181844711303711e+00
3.670968770980834961e+00
3.688272237777709961e+00
3.143283128738403320e+00
2.030504941940307617e+00
2.693934202194213867e+00
2.968151092529296875e+00
2.930724859237670898e+00
1.980495214462280273e+00
3.270566940307617188e+00
2.763034820556640625e+00
3.289440870285034180e+00
2.786275148391723633e+00
3.612284898757934570e+00
2.920035123825073242e+00
3.213684797286987305e+00
2.186146736145019531e+00
2.421484947204589844e+00
3.312270164489746094e+00
2.249702215194702148e+00
2.010896921157836914e+00
3.436889886856079102e+00
2.234507799148559570e+00
3.490861177444458008e+00
2.518598079681396484e+00
2.449593067169189453e+00
2.094697952270507812e+00
2.587832927703857422e+00
2.189151048660278320e+00
1.977396249771118164e+00
2.338719129562377930e+00
2.831231832504272461e+00
2.487017154693603516e+00
2.701042175292968750e+00
2.690631866455078125e+00
2.237389802932739258e+00
2.442540168762207031e+00
2.081633090972900391e+00
2.363042116165161133e+00
2.671003818511962891e+00
2.589063882827758789e+00
2.645984172821044922e+00
2.320368051528930664e+00
2.285349845886230469e+00
2.838871002197265625e+00
2.650599956512451172e+00
2.797043800354003906e+00
2.731297254562377930e+00
2.634099006652832031e+00
3.267031192779541016e+00
2.275070905685424805e+00
2.265780925750732422e+00
3.661546945571899414e+00
2.758944034576416016e+00
3.030246973037719727e+00
2.667243003845214844e+00
2.902963876724243164e+00
2.711906909942626953e+00
2.890314817428588867e+00
3.218111038208007812e+00
2.889652013778686523e+00
3.169266939163208008e+00
2.635739088058471680e+00
2.197741746902465820e+00
2.904751062393188477e+00
3.504202127456665039e+00
1.549134969711303711e+00
3.220626831054687500e+00
2.697250843048095703e+00
2.956848859786987305e+00
2.563201189041137695e+00
3.467787027359008789e+00
3.185996055603027344e+00
3.788098096847534180e+00
3.986028671264648438e+00
3.029801845550537109e+00
4.210839986801147461e+00
3.219188928604125977e+00
2.714811086654663086e+00
3.549785852432250977e+00
3.561449050903320312e+00
4.030340194702148438e+00
3.048182964324951172e+00
2.952740192413330078e+00
3.683366775512695312e+00
2.612030982971191406e+00
2.841515064239501953e+00
3.871523857116699219e+00
2.511816978454589844e+00
4.058339118957519531e+00
2.246663808822631836e+00
4.982405900955200195e+00
2.508484125137329102e+00
2.718301057815551758e+00
3.525488853454589844e+00
2.488157987594604492e+00
2.500082015991210938e+00
3.181107282638549805e+00
3.242698907852172852e+00
3.027754068374633789e+00
1.817108869552612305e+00
2.640338897705078125e+00
2.971834897994995117e+00
2.903767108917236328e+00
3.289623975753784180e+00
3.374323129653930664e+00
2.551084756851196289e+00
2.582661867141723633e+00
3.074546813964843750e+00
3.528197050094604492e+00
2.559633016586303711e+00
2.592371940612792969e+00
3.555563926696777344e+00
2.435999870300292969e+00
3.037681102752685547e+00
2.540574789047241211e+00
3.164826154708862305e+00
2.916484117507934570e+00
2.780888080596923828e+00
2.948610067367553711e+00
3.699233770370483398e+00
2.924123764038085938e+00
2.864645957946777344e+00
3.008102893829345703e+00
3.095267057418823242e+00
2.598427295684814453e+00
2.858714818954467773e+00
4.044004678726196289e+00
2.571913957595825195e+00
2.780203104019165039e+00
2.772227048873901367e+00
2.392801046371459961e+00
3.660627841949462891e+00
3.075449943542480469e+00
2.669664859771728516e+00
3.005428791046142578e+00
2.292568922042846680e+00
2.643879175186157227e+00
2.265089035034179688e+00
2.687134981155395508e+00
2.348354101181030273e+00
2.729959011077880859e+00
3.090311288833618164e+00
3.295721054077148438e+00
3.176049947738647461e+00
3.425253152847290039e+00
3.382215023040771484e+00
2.937090873718261719e+00
2.868093967437744141e+00
2.439709186553955078e+00
2.277202367782592773e+00
3.281748056411743164e+00
3.528201103210449219e+00
3.173209190368652344e+00
3.663730859756469727e+00
2.464661121368408203e+00
2.465853214263916016e+00
3.521917819976806641e+00
2.582049131393432617e+00
3.002310991287231445e+00
3.020153045654296875e+00
2.309434890747070312e+00
2.938863992691040039e+00
2.878462076187133789e+00
3.548936843872070312e+00
2.884231090545654297e+00
2.349626064300537109e+00
3.321373939514160156e+00
2.109970092773437500e+00
2.202679872512817383e+00
2.917888879776000977e+00
2.762218952178955078e+00
2.983041048049926758e+00
2.485682964324951172e+00
3.176753044128417969e+00
3.214208126068115234e+00
2.025415897369384766e+00
3.070458889007568359e+00
2.504107713699340820e+00
3.229882001876831055e+00
2.533829689025878906e+00
2.643338918685913086e+00
2.444950103759765625e+00
2.563082933425903320e+00
2.042799949645996094e+00
3.459836006164550781e+00
2.766742944717407227e+00
3.933857917785644531e+00
2.588042974472045898e+00
2.559010028839111328e+00
2.447767972946166992e+00
2.606473922729492188e+00
3.234117031097412109e+00
2.957257986068725586e+00
2.911492109298706055e+00
2.603739261627197266e+00
1.985172033309936523e+00
2.861024141311645508e+00
2.861465930938720703e+00
2.894060134887695312e+00
3.425131082534790039e+00
2.521345615386962891e+00
2.952080011367797852e+00
1.998306035995483398e+00
2.804463148117065430e+00
2.627502918243408203e+00
2.852027177810668945e+00
2.768794059753417969e+00
2.829570055007934570e+00
3.172588825225830078e+00
3.829350709915161133e+00
3.021658897399902344e+00
2.928938865661621094e+00
4.175814867019653320e+00
2.245573043823242188e+00
3.858901023864746094e+00
2.564808845520019531e+00
2.566203117370605469e+00
3.523000001907348633e+00
2.722506046295166016e+00
2.052421092987060547e+00
2.591609954833984375e+00
3.268200874328613281e+00
2.481862068176269531e+00
2.358721017837524414e+00
3.251186132431030273e+00
3.172938346862792969e+00
2.708214759826660156e+00
2.465187788009643555e+00
2.543571949005126953e+00
2.324934959411621094e+00
2.139077901840209961e+00
2.187823772430419922e+00
2.096500873565673828e+00
2.324561834335327148e+00
2.705982923507690430e+00
2.655685901641845703e+00
2.475244998931884766e+00
2.502395153045654297e+00
2.544044017791748047e+00
2.651639938354492188e+00
2.500573873519897461e+00
2.394149065017700195e+00
2.483777761459350586e+00
2.384298086166381836e+00
2.960271835327148438e+00
2.919157981872558594e+00
3.237981081008911133e+00
3.270300149917602539e+00
2.726941823959350586e+00
3.407378911972045898e+00
2.978206396102905273e+00
2.669652938842773438e+00
3.546756267547607422e+00
3.557995796203613281e+00
3.560176134109497070e+00
2.270140171051025391e+00
3.555506944656372070e+00
4.183370113372802734e+00
4.400013208389282227e+00
3.132775783538818359e+00
2.969967126846313477e+00
3.749871969223022461e+00
2.953871011734008789e+00
2.684718132019042969e+00
2.750552654266357422e+00
2.958002090454101562e+00
3.104247093200683594e+00
3.598086833953857422e+00
2.594862222671508789e+00
2.698149204254150391e+00
3.274342775344848633e+00
2.867888927459716797e+00
3.023869037628173828e+00
2.584609031677246094e+00
2.758236885070800781e+00
3.897715091705322266e+00
3.062627077102661133e+00
3.418392896652221680e+00
2.369582891464233398e+00
2.258543014526367188e+00
3.067704677581787109e+00
3.503060102462768555e+00
2.840293169021606445e+00
3.240571022033691406e+00
3.034408330917358398e+00
2.502451896667480469e+00
3.189369678497314453e+00
3.344902992248535156e+00
2.621749162673950195e+00
3.439110279083251953e+00
3.139944076538085938e+00
3.535160064697265625e+00
3.011698007583618164e+00
3.487807035446166992e+00
2.309587955474853516e+00
3.067290067672729492e+00
3.776823043823242188e+00
2.046916961669921875e+00
3.028449058532714844e+00
3.001255989074707031e+00
4.201953172683715820e+00
3.773356914520263672e+00
2.219784975051879883e+00
3.053731918334960938e+00
3.389699935913085938e+00
4.131358861923217773e+00
3.160207986831665039e+00
2.178462982177734375e+00
3.996928930282592773e+00
3.476399898529052734e+00
4.634688854217529297e+00
3.296169996261596680e+00
4.186816930770874023e+00
2.164998054504394531e+00
2.329205989837646484e+00
2.267884969711303711e+00
3.894097805023193359e+00
4.223065853118896484e+00
4.110471010208129883e+00
2.358438968658447266e+00
2.332558155059814453e+00
4.287813901901245117e+00
2.886519670486450195e+00
2.102392911911010742e+00
2.787662029266357422e+00
2.673301935195922852e+00
2.713706970214843750e+00
2.054666042327880859e+00
2.971334218978881836e+00
2.488818168640136719e+00
2.719042062759399414e+00
2.678452014923095703e+00
3.239829063415527344e+00
2.928215980529785156e+00
2.963307142257690430e+00
3.520572900772094727e+00
1.765336036682128906e+00
3.651174783706665039e+00
3.358322858810424805e+00
2.502583742141723633e+00
3.019068956375122070e+00
3.053332090377807617e+00
3.116838932037353516e+00
3.269851922988891602e+00
3.494227170944213867e+00
2.826144933700561523e+00
3.602817058563232422e+00
3.057168960571289062e+00
3.468443870544433594e+00
3.150365829467773438e+00
3.142835855484008789e+00
2.975957155227661133e+00
3.251796007156372070e+00
3.044347047805786133e+00
3.334533214569091797e+00
3.362215995788574219e+00
3.256834983825683594e+00
2.973923921585083008e+00
3.050282955169677734e+00
3.466243267059326172e+00
2.718731880187988281e+00
2.660215139389038086e+00
2.601554155349731445e+00
2.610316038131713867e+00
2.875587224960327148e+00
3.683674097061157227e+00
3.432030200958251953e+00
2.506999015808105469e+00
4.074801921844482422e+00
2.765926837921142578e+00
2.683882951736450195e+00
2.831704139709472656e+00
2.649598836898803711e+00
2.694927930831909180e+00
2.753916978836059570e+00
2.736732959747314453e+00
2.835607051849365234e+00
2.915930747985839844e+00
3.002464056015014648e+00
3.150730848312377930e+00
3.059249877929687500e+00
3.094471931457519531e+00
2.823772907257080078e+00
3.129379034042358398e+00
2.713070869445800781e+00
3.615007877349853516e+00
2.662791252136230469e+00
2.030686855316162109e+00
3.038113117218017578e+00
3.443593025207519531e+00
2.351854085922241211e+00
3.579200029373168945e+00
4.310717105865478516e+00
3.630651950836181641e+00
1.793284177780151367e+00
3.748571872711181641e+00
2.700516939163208008e+00
3.136779546737670898e+00
3.566532850265502930e+00
3.096545934677124023e+00
2.159578084945678711e+00
3.813665866851806641e+00
2.633370161056518555e+00
3.112341880798339844e+00
3.206491947174072266e+00
3.170150995254516602e+00
2.338319778442382812e+00
2.412406206130981445e+00
2.727555036544799805e+00
4.025945901870727539e+00
2.333043098449707031e+00
2.453556299209594727e+00
4.263432025909423828e+00
4.346276044845581055e+00
2.688983917236328125e+00
4.094857931137084961e+00
2.715035915374755859e+00
2.660540342330932617e+00
2.389645099639892578e+00
2.174448013305664062e+00
3.002132177352905273e+00
2.618646144866943359e+00
2.930121183395385742e+00
2.404379129409790039e+00
2.893831968307495117e+00
2.919978857040405273e+00
2.468434810638427734e+00
2.593208074569702148e+00
2.608521223068237305e+00
2.285232067108154297e+00
3.184412956237792969e+00
2.477755069732666016e+00
2.394680023193359375e+00
2.661821842193603516e+00
2.864179372787475586e+00
3.162881612777709961e+00
2.928879022598266602e+00
4.140233039855957031e+00
2.302155971527099609e+00
3.367294073104858398e+00
3.402980089187622070e+00
2.661389827728271484e+00
2.668249845504760742e+00
1.904507160186767578e+00
2.832933902740478516e+00
3.574442148208618164e+00
2.441709756851196289e+00
3.396697998046875000e+00
3.339706897735595703e+00
2.923464059829711914e+00
3.000116109848022461e+00
2.843610048294067383e+00
3.627201080322265625e+00
3.003148078918457031e+00
2.009299755096435547e+00
2.045626878738403320e+00
2.380697965621948242e+00
1.872525215148925781e+00
2.909181833267211914e+00
2.952590942382812500e+00
2.390631914138793945e+00
2.158297777175903320e+00
2.678149938583374023e+00
3.284406661987304688e+00
3.410438060760498047e+00
3.069499969482421875e+00
2.408638954162597656e+00
2.637060880661010742e+00
2.550119876861572266e+00
2.425883769989013672e+00
2.649076223373413086e+00
2.636507749557495117e+00
1.966227054595947266e+00
2.287805318832397461e+00
2.140415191650390625e+00
2.754581212997436523e+00
2.624521970748901367e+00
2.346206903457641602e+00
2.765839099884033203e+00
2.771306037902832031e+00
2.203207254409790039e+00
2.573512792587280273e+00
2.693640947341918945e+00
2.876047849655151367e+00
1.910906076431274414e+00
3.105013132095336914e+00
3.099911212921142578e+00
1.944179058074951172e+00
1.728625297546386719e+00
2.495293140411376953e+00
2.506474971771240234e+00
1.853477954864501953e+00
2.694675922393798828e+00
3.052555084228515625e+00
3.101682901382446289e+00
2.990918874740600586e+00
2.616444110870361328e+00
3.931990623474121094e+00
3.454071760177612305e+00
3.028278112411499023e+00
3.128355264663696289e+00
3.554918050765991211e+00
3.868604183197021484e+00
2.696010828018188477e+00
3.014248132705688477e+00
3.835060358047485352e+00
3.033514261245727539e+00
2.807580947875976562e+00
3.259664058685302734e+00
3.313382148742675781e+00
3.260867834091186523e+00
2.810887098312377930e+00
3.016830921173095703e+00
2.973201990127563477e+00
2.464730024337768555e+00
2.786356925964355469e+00
3.903457164764404297e+00
2.987082958221435547e+00
2.869365930557250977e+00
2.926532030105590820e+00
2.057536125183105469e+00
3.817930221557617188e+00
3.267392635345458984e+00
2.875422954559326172e+00
3.562746047973632812e+00
3.605700016021728516e+00
3.178357124328613281e+00
2.898817062377929688e+00
3.620512008666992188e+00
3.556445837020874023e+00
3.528916120529174805e+00
3.631484746932983398e+00
3.936267137527465820e+00
3.964857101440429688e+00
4.059034109115600586e+00
4.484959125518798828e+00
3.880684852600097656e+00
3.474395036697387695e+00
3.777366161346435547e+00
4.629751920700073242e+00
4.093490123748779297e+00
2.870604038238525391e+00
3.613559961318969727e+00
3.038232088088989258e+00
3.330991029739379883e+00
3.407721042633056641e+00
3.679893016815185547e+00
2.959194898605346680e+00
4.275205850601196289e+00
3.394554138183593750e+00
3.933897018432617188e+00
3.851822137832641602e+00
2.635322093963623047e+00
3.853121042251586914e+00
3.135192871093750000e+00
3.007588148117065430e+00
1.935629129409790039e+00
3.519407987594604492e+00
3.474258899688720703e+00
4.273878097534179688e+00
2.656248807907104492e+00
4.536163091659545898e+00
4.399478673934936523e+00
3.790684938430786133e+00
2.266359090805053711e+00
3.385893106460571289e+00
3.190177202224731445e+00
2.734538078308105469e+00
3.584711074829101562e+00
4.136474847793579102e+00
3.019542932510375977e+00
2.564349889755249023e+00
4.188200950622558594e+00
3.105815887451171875e+00
2.523535013198852539e+00
3.739284038543701172e+00
4.300706863403320312e+00
3.056679010391235352e+00
3.103379964828491211e+00
2.062875747680664062e+00
4.497404813766479492e+00
3.271542072296142578e+00
4.509364843368530273e+00
2.896827936172485352e+00
3.020342826843261719e+00
2.878839015960693359e+00
3.086323261260986328e+00
3.129342079162597656e+00
4.854753971099853516e+00
3.253373384475708008e+00
3.303898096084594727e+00
2.849742889404296875e+00
2.883679151535034180e+00
4.839742898941040039e+00
3.491112947463989258e+00
3.696281671524047852e+00
5.142994880676269531e+00
2.541622161865234375e+00
3.428981781005859375e+00
3.714395999908447266e+00
3.383695125579833984e+00
3.518316030502319336e+00
2.111022949218750000e+00
2.233691215515136719e+00
3.208695888519287109e+00
2.921761035919189453e+00
3.084327936172485352e+00
2.530511856079101562e+00
2.874415159225463867e+00
2.083603143692016602e+00
2.629060983657836914e+00
3.620609998703002930e+00
2.481153964996337891e+00
2.144896984100341797e+00
4.039680004119873047e+00
2.743870973587036133e+00
2.958525896072387695e+00
3.062660932540893555e+00
2.699470043182373047e+00
3.210102081298828125e+00
2.988238811492919922e+00
3.983540296554565430e+00
2.998622179031372070e+00
2.859856843948364258e+00
3.626377105712890625e+00
2.942708015441894531e+00
3.535852909088134766e+00
2.684649944305419922e+00
3.142363786697387695e+00
3.211899995803833008e+00
2.632218837738037109e+00
3.150895118713378906e+00
3.970221042633056641e+00
3.847976922988891602e+00
2.874207019805908203e+00
2.367527961730957031e+00
3.120383977890014648e+00
2.910615205764770508e+00
2.848927021026611328e+00
3.170928955078125000e+00
2.644447326660156250e+00
3.873119115829467773e+00
3.048425912857055664e+00
2.834806203842163086e+00
3.187113285064697266e+00
2.965097904205322266e+00
3.517311096191406250e+00
2.876444339752197266e+00
3.659543037414550781e+00
3.068746089935302734e+00
2.999232053756713867e+00
2.471863985061645508e+00
3.156292200088500977e+00
4.081315755844116211e+00
2.658661842346191406e+00
3.675533056259155273e+00
2.969336986541748047e+00
3.913746833801269531e+00
3.386660814285278320e+00
3.186170101165771484e+00
3.460956335067749023e+00
3.178519964218139648e+00
3.242749214172363281e+00
3.537506103515625000e+00
3.252397060394287109e+00
2.864530086517333984e+00
3.340513944625854492e+00
3.109764814376831055e+00
3.214306831359863281e+00
3.565525054931640625e+00
3.392681121826171875e+00
3.942188024520874023e+00
3.649775743484497070e+00
3.427739858627319336e+00
3.722090959548950195e+00
2.895497083663940430e+00
2.146596908569335938e+00
3.961597919464111328e+00
3.313965797424316406e+00
4.167399168014526367e+00
3.513533830642700195e+00
3.121201038360595703e+00
3.201894044876098633e+00
3.447904109954833984e+00
3.390434026718139648e+00
2.856797933578491211e+00
4.176287174224853516e+00
3.569809913635253906e+00
4.021221876144409180e+00
4.213421106338500977e+00
3.668939113616943359e+00
3.482358932495117188e+00
3.426692724227905273e+00
3.368594884872436523e+00
2.441104888916015625e+00
4.096776962280273438e+00
2.828831911087036133e+00
2.251707792282104492e+00
3.372516870498657227e+00
2.895396947860717773e+00
2.812754869461059570e+00
3.789446830749511719e+00
2.602497100830078125e+00
3.024931907653808594e+00
3.582273960113525391e+00
3.611126899719238281e+00
2.874055147171020508e+00
3.629909038543701172e+00
2.825844049453735352e+00
2.743718862533569336e+00
3.759083032608032227e+00
2.962103128433227539e+00
2.836907148361206055e+00
2.726559877395629883e+00
2.802403211593627930e+00
4.070110082626342773e+00
2.351022005081176758e+00
3.452114343643188477e+00
2.979110240936279297e+00
3.059710025787353516e+00
2.411555051803588867e+00
2.963384151458740234e+00
3.067370891571044922e+00
2.761805057525634766e+00
2.087111949920654297e+00
2.370057821273803711e+00
3.188398122787475586e+00
3.494797945022583008e+00
2.781770944595336914e+00
3.067394018173217773e+00
2.950214147567749023e+00
2.486840009689331055e+00
3.621630191802978516e+00
3.343290805816650391e+00
2.474934101104736328e+00
3.028300046920776367e+00
3.198681116104125977e+00
2.718587160110473633e+00
2.381062030792236328e+00
2.297557115554809570e+00
3.224144220352172852e+00
3.549308061599731445e+00
2.251458883285522461e+00
3.320798158645629883e+00
4.137356042861938477e+00
2.642799139022827148e+00
3.764037847518920898e+00
4.297004938125610352e+00
3.208173036575317383e+00
4.510939121246337891e+00
3.646835088729858398e+00
2.600060939788818359e+00
2.461238622665405273e+00
3.003793001174926758e+00
3.763022899627685547e+00
2.709962129592895508e+00
3.439204216003417969e+00
3.077393054962158203e+00
3.527331829071044922e+00
2.686989068984985352e+00
2.963305950164794922e+00
2.795789718627929688e+00
2.897678852081298828e+00
3.215887784957885742e+00
3.740692853927612305e+00
3.109441757202148438e+00
2.307215213775634766e+00
3.169077873229980469e+00
2.928964138031005859e+00
2.617615938186645508e+00
3.218516826629638672e+00
2.563680887222290039e+00
2.822526931762695312e+00
3.301058053970336914e+00
2.485628843307495117e+00
2.595036029815673828e+00
2.859161853790283203e+00
3.342138767242431641e+00
3.194862127304077148e+00
3.431512117385864258e+00
3.495012998580932617e+00
3.293453931808471680e+00
3.257295131683349609e+00
3.172453165054321289e+00
3.009335756301879883e+00
2.872268199920654297e+00
2.555068254470825195e+00
3.672582864761352539e+00
3.010552883148193359e+00
3.493545055389404297e+00
3.517388105392456055e+00
3.302905082702636719e+00
3.498542070388793945e+00
2.250602960586547852e+00
3.120841979980468750e+00
3.423105001449584961e+00
3.572568655014038086e+00
3.178311824798583984e+00
3.918638944625854492e+00
3.065655231475830078e+00
3.865438222885131836e+00
2.996808290481567383e+00
3.285509824752807617e+00
2.632394790649414062e+00
2.632462978363037109e+00
3.455360174179077148e+00
3.262693166732788086e+00
3.046709060668945312e+00
2.954080104827880859e+00
2.193564176559448242e+00
2.834105730056762695e+00
2.202618837356567383e+00
3.775049209594726562e+00
3.024081945419311523e+00
2.975759983062744141e+00
3.149095773696899414e+00
3.489363908767700195e+00
4.156010150909423828e+00
2.368988037109375000e+00
2.712416887283325195e+00
3.599661827087402344e+00
3.322392225265502930e+00
2.389563798904418945e+00
2.112145900726318359e+00
2.478705167770385742e+00
2.442691087722778320e+00
4.038362741470336914e+00
2.424496889114379883e+00
2.533731937408447266e+00
2.278813123703002930e+00
2.677491903305053711e+00
2.873463153839111328e+00
2.637031078338623047e+00
2.356509208679199219e+00
2.986998081207275391e+00
2.878968000411987305e+00
2.903364181518554688e+00
3.168864011764526367e+00
3.156569719314575195e+00
2.386564016342163086e+00
3.562607765197753906e+00
3.546533346176147461e+00
3.291373014450073242e+00
3.682528972625732422e+00
2.744364023208618164e+00
3.210047006607055664e+00
2.993084907531738281e+00
3.383745670318603516e+00
3.063462018966674805e+00
3.515013694763183594e+00
2.695525884628295898e+00
2.311432123184204102e+00
2.835794925689697266e+00
3.265775203704833984e+00
3.631696939468383789e+00
3.037452936172485352e+00
3.707736968994140625e+00
3.433861732482910156e+00
3.957438945770263672e+00
3.152379035949707031e+00
2.742454051971435547e+00
4.390535831451416016e+00
4.047052145004272461e+00
3.536881923675537109e+00
4.700452089309692383e+00
3.490550994873046875e+00
2.557598114013671875e+00
3.303246974945068359e+00
3.675413846969604492e+00
3.517576932907104492e+00
4.317642927169799805e+00
3.204885959625244141e+00
3.905227899551391602e+00
4.414770841598510742e+00
3.044807195663452148e+00
3.460970163345336914e+00
3.790285110473632812e+00
2.976619958877563477e+00
3.120513200759887695e+00
3.480823040008544922e+00
4.175715684890747070e+00
3.643665075302124023e+00
3.544924020767211914e+00
3.126601934432983398e+00
3.500755071640014648e+00
3.072879076004028320e+00
3.573487281799316406e+00
3.892477989196777344e+00
4.490546941757202148e+00
3.626234054565429688e+00
3.245003938674926758e+00
3.901497840881347656e+00
3.347841739654541016e+00
4.310555934906005859e+00
3.178734302520751953e+00
2.976106882095336914e+00
2.911409139633178711e+00
3.083914279937744141e+00
3.544285774230957031e+00
2.918511867523193359e+00
4.520302057266235352e+00
3.752857208251953125e+00
2.624800920486450195e+00
4.269819259643554688e+00
3.477810144424438477e+00
3.468965768814086914e+00
3.816125869750976562e+00
3.916570901870727539e+00
2.977504968643188477e+00
2.673481941223144531e+00
2.984167098999023438e+00
3.035538911819458008e+00
4.119992971420288086e+00
3.564980983734130859e+00
2.238406181335449219e+00
2.486714839935302734e+00
3.408934116363525391e+00
2.858645915985107422e+00
3.691643953323364258e+00
3.861311912536621094e+00
5.715938091278076172e+00
3.066838979721069336e+00
2.235910892486572266e+00
4.027489185333251953e+00
3.864186763763427734e+00
2.709883213043212891e+00
1.866869926452636719e+00
2.343487977981567383e+00
2.783978939056396484e+00
2.158643007278442383e+00
2.677683115005493164e+00
2.843842744827270508e+00
2.631774187088012695e+00
2.663294792175292969e+00
2.758673191070556641e+00
2.844341993331909180e+00
2.452883005142211914e+00
2.206684827804565430e+00
2.652086973190307617e+00
5.409785747528076172e+00
2.618736028671264648e+00
2.427643775939941406e+00
2.185696125030517578e+00
2.352627038955688477e+00
3.259329080581665039e+00
2.379326820373535156e+00
3.491346120834350586e+00
2.307645082473754883e+00
2.506906986236572266e+00
2.809210777282714844e+00
2.308312177658081055e+00
2.207581043243408203e+00
2.512216091156005859e+00
2.247309684753417969e+00
2.573436021804809570e+00
2.323319911956787109e+00
2.056468963623046875e+00
2.142983913421630859e+00
2.749810934066772461e+00
2.890120983123779297e+00
3.026720046997070312e+00
3.047472953796386719e+00
2.794339895248413086e+00
2.432012081146240234e+00
2.843129158020019531e+00
2.329576015472412109e+00
3.159544944763183594e+00
3.464586973190307617e+00
2.806931018829345703e+00
2.638095140457153320e+00
2.258711099624633789e+00
2.153201341629028320e+00
2.955201148986816406e+00
3.025996923446655273e+00
2.953886985778808594e+00
2.338752985000610352e+00
3.017927885055541992e+00
2.868547677993774414e+00
2.663599967956542969e+00
2.549932003021240234e+00
2.787162065505981445e+00
3.175394058227539062e+00
3.339517831802368164e+00
3.695246934890747070e+00
3.400836706161499023e+00
2.837582111358642578e+00
3.212296247482299805e+00
2.798863887786865234e+00
2.602560043334960938e+00
3.478550195693969727e+00
3.120506048202514648e+00
2.374419212341308594e+00
2.781563758850097656e+00
2.932021856307983398e+00
3.095212936401367188e+00
2.491758823394775391e+00
3.886635065078735352e+00
3.530474901199340820e+00
3.907912969589233398e+00
3.616934299468994141e+00
3.653051853179931641e+00
3.768470764160156250e+00
3.712953805923461914e+00
3.249801158905029297e+00
3.580513954162597656e+00
3.035744905471801758e+00
3.881893873214721680e+00
2.881852149963378906e+00
3.613503932952880859e+00
4.195155143737792969e+00
3.963911771774291992e+00
4.100598096847534180e+00
2.433147192001342773e+00
3.576991081237792969e+00
3.111218929290771484e+00
3.025738954544067383e+00
4.219765186309814453e+00
3.848683118820190430e+00
3.692696094512939453e+00
3.981348752975463867e+00
3.594021081924438477e+00
2.993763923645019531e+00
3.838843107223510742e+00
3.683820009231567383e+00
2.583786010742187500e+00
4.078736782073974609e+00
4.015304803848266602e+00
4.074133872985839844e+00
3.601498126983642578e+00
3.069510936737060547e+00
3.560579061508178711e+00
2.883103847503662109e+00
2.729114770889282227e+00
3.296574354171752930e+00
2.678374052047729492e+00
3.447035789489746094e+00
2.307706832885742188e+00
2.763374805450439453e+00
3.479419231414794922e+00
4.635528802871704102e+00
4.547090053558349609e+00
2.964773893356323242e+00
3.257178306579589844e+00
5.070158004760742188e+00
3.027261018753051758e+00
3.042576074600219727e+00
3.104914188385009766e+00
3.791374683380126953e+00
3.995755910873413086e+00
3.289021968841552734e+00
4.177568912506103516e+00
4.045275926589965820e+00
3.162509918212890625e+00
3.538234710693359375e+00
2.960609912872314453e+00
4.000766277313232422e+00
2.555393934249877930e+00
2.407826900482177734e+00
5.589193105697631836e+00
3.899533987045288086e+00
2.917000055313110352e+00
2.786557912826538086e+00
2.919138908386230469e+00
5.230471849441528320e+00
2.590193033218383789e+00
4.227584123611450195e+00
2.122558116912841797e+00
2.955618858337402344e+00
2.599565029144287109e+00
4.094541788101196289e+00
3.193300962448120117e+00
2.908976078033447266e+00
3.408721208572387695e+00
3.127812862396240234e+00
2.741183996200561523e+00
2.894678115844726562e+00
3.540273904800415039e+00
3.869108915328979492e+00
2.784206151962280273e+00
2.347534179687500000e+00
3.059997081756591797e+00
3.610509157180786133e+00
2.458320140838623047e+00
3.559808015823364258e+00
2.158926010131835938e+00
2.991825819015502930e+00
2.261424779891967773e+00
3.210762023925781250e+00
2.544613838195800781e+00
3.108752965927124023e+00
2.482478141784667969e+00
2.631057739257812500e+00
2.568665266036987305e+00
2.759292125701904297e+00
2.677100896835327148e+00
3.101579904556274414e+00
2.755020141601562500e+00
2.459208965301513672e+00
2.576394081115722656e+00
2.948601722717285156e+00
2.323074102401733398e+00
2.454080104827880859e+00
1.757699728012084961e+00
2.526740074157714844e+00
3.025563240051269531e+00
2.958533048629760742e+00
2.309217214584350586e+00
3.039962768554687500e+00
2.822289943695068359e+00
2.739171981811523438e+00
2.606817007064819336e+00
3.009845018386840820e+00
2.285418033599853516e+00
2.841437101364135742e+00
2.987470149993896484e+00
3.240960121154785156e+00
2.883038997650146484e+00
3.032904863357543945e+00
3.150317192077636719e+00
3.042567253112792969e+00
1.983691930770874023e+00
2.880711078643798828e+00
2.300636291503906250e+00
3.127815008163452148e+00
2.626422166824340820e+00
3.329130887985229492e+00
2.839405059814453125e+00
3.267647027969360352e+00
2.599493026733398438e+00
2.631252765655517578e+00
3.268737077713012695e+00
2.098403692245483398e+00
3.079001188278198242e+00
2.542050838470458984e+00
2.446078300476074219e+00
2.975911140441894531e+00
2.530952930450439453e+00
2.251681089401245117e+00
2.552378892898559570e+00
3.411089897155761719e+00
3.181165933609008789e+00
3.182687044143676758e+00
2.315371990203857422e+00
2.871500015258789062e+00
3.293997049331665039e+00
2.242034196853637695e+00
2.142779350280761719e+00
3.507016897201538086e+00
2.958051204681396484e+00
3.684908151626586914e+00
3.247155904769897461e+00
3.386071920394897461e+00
3.222378015518188477e+00
2.966599225997924805e+00
2.912942647933959961e+00
2.997134208679199219e+00
3.293299913406372070e+00
3.050739765167236328e+00
3.603071928024291992e+00
3.426075935363769531e+00
2.855393171310424805e+00
3.199897766113281250e+00
2.616456270217895508e+00
3.971121788024902344e+00
2.568213939666748047e+00
2.650223016738891602e+00
2.968308925628662109e+00
3.260817766189575195e+00
2.821381807327270508e+00
3.122047901153564453e+00
3.151087045669555664e+00
3.246917009353637695e+00
2.922435045242309570e+00
3.186375141143798828e+00
2.018197059631347656e+00
3.376024961471557617e+00
3.345031976699829102e+00
3.191897153854370117e+00
2.757536172866821289e+00
2.292540788650512695e+00
2.856305837631225586e+00
2.444840908050537109e+00
3.479969024658203125e+00
3.411979913711547852e+00
3.203643083572387695e+00
2.291445970535278320e+00
3.511941909790039062e+00
3.666136741638183594e+00
2.748846054077148438e+00
3.366381883621215820e+00
3.635977029800415039e+00
2.890530109405517578e+00
3.198508977890014648e+00
3.359986305236816406e+00
3.551079034805297852e+00
2.859610795974731445e+00
2.135270833969116211e+00
2.476323843002319336e+00
3.008907079696655273e+00
2.760639905929565430e+00
2.588014841079711914e+00
2.613439083099365234e+00
2.874641180038452148e+00
2.827575922012329102e+00
4.282756090164184570e+00
2.901271104812622070e+00
2.504033088684082031e+00
3.868268966674804688e+00
3.298253059387207031e+00
2.904089689254760742e+00
3.100497007369995117e+00
3.029773950576782227e+00
2.833217859268188477e+00
2.960150003433227539e+00
3.518286228179931641e+00
2.586135149002075195e+00
2.583869218826293945e+00
2.954010009765625000e+00
3.437662839889526367e+00
3.606565237045288086e+00
2.659694194793701172e+00
3.591080188751220703e+00
2.356105804443359375e+00
2.713121175765991211e+00
2.434670209884643555e+00
3.266745805740356445e+00
2.904087066650390625e+00
2.689389944076538086e+00
2.691040039062500000e+00
2.674631834030151367e+00
2.724748134613037109e+00
3.182996034622192383e+00
2.680445909500122070e+00
3.143230915069580078e+00
3.412952899932861328e+00
4.990642070770263672e+00
3.350281953811645508e+00
3.132736921310424805e+00
3.325604915618896484e+00
3.029454231262207031e+00
4.625682353973388672e+00
2.880504131317138672e+00
3.200149059295654297e+00
3.159114122390747070e+00
3.458217382431030273e+00
2.577346086502075195e+00
3.188222885131835938e+00
2.285733938217163086e+00
3.226712942123413086e+00
2.810715913772583008e+00
3.564266920089721680e+00
3.379930973052978516e+00
2.884754896163940430e+00
2.431254148483276367e+00
2.909853935241699219e+00
3.436928033828735352e+00
3.773163080215454102e+00
3.053941965103149414e+00
3.145882129669189453e+00
2.789512872695922852e+00
3.676225900650024414e+00
3.171572923660278320e+00
3.605381965637207031e+00
2.306689023971557617e+00
3.682267904281616211e+00
3.486318111419677734e+00
3.145741224288940430e+00
3.666371822357177734e+00
3.252516984939575195e+00
2.300497055053710938e+00
4.160701036453247070e+00
2.506339073181152344e+00
2.878560781478881836e+00
3.881982088088989258e+00
4.176950931549072266e+00
2.840403079986572266e+00
3.219740152359008789e+00
4.054538965225219727e+00
4.022431135177612305e+00
2.834399938583374023e+00
3.568287849426269531e+00
4.272729158401489258e+00
4.136686086654663086e+00
3.065415859222412109e+00
3.176059007644653320e+00
2.569864988327026367e+00
3.472344160079956055e+00
2.663877248764038086e+00
3.291099071502685547e+00
2.754340887069702148e+00
3.264221906661987305e+00
3.029670953750610352e+00
3.891821861267089844e+00
3.137363910675048828e+00
3.505085945129394531e+00
2.999861955642700195e+00
2.647274732589721680e+00
2.734816789627075195e+00
2.688264131546020508e+00
3.090203762054443359e+00
3.207974195480346680e+00
3.356992959976196289e+00
3.107641935348510742e+00
2.657698869705200195e+00
3.130476951599121094e+00
3.426544904708862305e+00
3.153061151504516602e+00
3.583897829055786133e+00
2.950943946838378906e+00
2.860984802246093750e+00
3.046103715896606445e+00
2.561589002609252930e+00
2.097350835800170898e+00
3.457311868667602539e+00
3.765119075775146484e+00
4.113230943679809570e+00
2.449934005737304688e+00
4.121586084365844727e+00
3.516839027404785156e+00
4.428458213806152344e+00
3.064066171646118164e+00
3.779363870620727539e+00
2.480504989624023438e+00
3.425138950347900391e+00
3.163094997406005859e+00
2.308376789093017578e+00
3.410439729690551758e+00
2.903400897979736328e+00
2.869693994522094727e+00
2.750903129577636719e+00
3.426595926284790039e+00
3.945456981658935547e+00
3.021409034729003906e+00
4.064776897430419922e+00
2.300252914428710938e+00
2.915025949478149414e+00
4.061572074890136719e+00
3.341064929962158203e+00
3.079720258712768555e+00
3.130357027053833008e+00
2.826529979705810547e+00
2.307661056518554688e+00
3.533951997756958008e+00
2.558067798614501953e+00
3.127254962921142578e+00
3.027814149856567383e+00
3.010400056838989258e+00
3.922301054000854492e+00
4.000772953033447266e+00
2.869206190109252930e+00
3.442861080169677734e+00
2.987998962402343750e+00
3.018471240997314453e+00
2.860140085220336914e+00
3.694796085357666016e+00
3.190695762634277344e+00
3.399015188217163086e+00
3.264547109603881836e+00
2.432525873184204102e+00
3.097254991531372070e+00
2.653058052062988281e+00
2.991640090942382812e+00
3.426415205001831055e+00
3.426223278045654297e+00
3.604365110397338867e+00
2.909923076629638672e+00
2.932634830474853516e+00
2.944733858108520508e+00
3.642294168472290039e+00
3.609045028686523438e+00
2.918823242187500000e+00
2.544457197189331055e+00
2.829312086105346680e+00
3.518133163452148438e+00
2.775738954544067383e+00
3.653733968734741211e+00
3.822437763214111328e+00
2.941336154937744141e+00
3.256803035736083984e+00
2.405935764312744141e+00
2.661077976226806641e+00
4.012331008911132812e+00
3.631124973297119141e+00
2.756701946258544922e+00
3.933933973312377930e+00
1.783673763275146484e+00
2.626730918884277344e+00
2.855443000793457031e+00
3.074760913848876953e+00
3.197657108306884766e+00
2.286037921905517578e+00
3.051783084869384766e+00
2.888204813003540039e+00
3.101074218750000000e+00
3.651495933532714844e+00
3.832679986953735352e+00
3.237649917602539062e+00
3.615591049194335938e+00
2.478998899459838867e+00
3.760487794876098633e+00
2.401057958602905273e+00
3.041252851486206055e+00
3.213693857192993164e+00
2.937191963195800781e+00
4.078708171844482422e+00
2.447931051254272461e+00
3.230367898941040039e+00
3.141563177108764648e+00
3.311717987060546875e+00
3.885795116424560547e+00
2.735340118408203125e+00
2.936528921127319336e+00
2.642112016677856445e+00
2.226311922073364258e+00
3.898411035537719727e+00
3.179525852203369141e+00
3.342794179916381836e+00
2.270904779434204102e+00
2.327252149581909180e+00
2.228956937789916992e+00
2.615103006362915039e+00
4.195274114608764648e+00
4.429190874099731445e+00
2.564112901687622070e+00
2.904847145080566406e+00
2.749376058578491211e+00
3.284862995147705078e+00
4.043682813644409180e+00
2.822264194488525391e+00
2.748757839202880859e+00
2.851641178131103516e+00
3.502792835235595703e+00
3.667702913284301758e+00
2.814351797103881836e+00
3.075481891632080078e+00
3.741887092590332031e+00
2.769507884979248047e+00
3.038496017456054688e+00
3.427533149719238281e+00
3.520519971847534180e+00
3.204169988632202148e+00
2.785115242004394531e+00
3.418511867523193359e+00
3.474122047424316406e+00
3.454639911651611328e+00
3.104261875152587891e+00
3.470973968505859375e+00
2.274753570556640625e+00
3.004475831985473633e+00
3.176567792892456055e+00
3.336073875427246094e+00
3.841473102569580078e+00
3.628801107406616211e+00
2.699990034103393555e+00
3.264404058456420898e+00
2.769877910614013672e+00
3.297914981842041016e+00
2.992569684982299805e+00
3.268296003341674805e+00
2.896477937698364258e+00
3.039794921875000000e+00
4.483870983123779297e+00
3.355107069015502930e+00
3.089750051498413086e+00
3.602128028869628906e+00
3.152652025222778320e+00
3.156279087066650391e+00
2.700044155120849609e+00
3.104696035385131836e+00
4.206337690353393555e+00
3.809692144393920898e+00
3.314204216003417969e+00
3.396930932998657227e+00
3.448384046554565430e+00
2.841862916946411133e+00
3.490497827529907227e+00
2.668264865875244141e+00
3.449350118637084961e+00
2.742465972900390625e+00
2.431612968444824219e+00
3.090964078903198242e+00
3.667398214340209961e+00
3.032305955886840820e+00
2.899896144866943359e+00
2.661512851715087891e+00
3.150165081024169922e+00
3.540630102157592773e+00
2.921043872833251953e+00
3.856357097625732422e+00
3.330338716506958008e+00
2.791518926620483398e+00
2.956005811691284180e+00
2.803239822387695312e+00
2.919695138931274414e+00
3.507343292236328125e+00
3.055694103240966797e+00
3.435137987136840820e+00
3.021317243576049805e+00
3.548042058944702148e+00
3.603849172592163086e+00
3.334811925888061523e+00
3.618633031845092773e+00
3.646077156066894531e+00
3.410477876663208008e+00
4.595155954360961914e+00
3.794152975082397461e+00
3.112066030502319336e+00
2.839790821075439453e+00
3.860881090164184570e+00
3.891620159149169922e+00
3.521340847015380859e+00
4.557034015655517578e+00
2.782788038253784180e+00
4.306463956832885742e+00
3.494408130645751953e+00
3.726828098297119141e+00
3.706235170364379883e+00
3.442898750305175781e+00
3.668803215026855469e+00
2.734274864196777344e+00
4.006476163864135742e+00
3.341393947601318359e+00
3.724028110504150391e+00
4.385921955108642578e+00
2.712637186050415039e+00
3.502653121948242188e+00
4.339593172073364258e+00
2.771139144897460938e+00
3.045734882354736328e+00
4.059135913848876953e+00
3.595522880554199219e+00
4.611653804779052734e+00
3.844252109527587891e+00
3.248835086822509766e+00
3.290151834487915039e+00
3.400825023651123047e+00
2.601601839065551758e+00
3.931785821914672852e+00
3.060863018035888672e+00
3.127923250198364258e+00
2.725716829299926758e+00
2.712014198303222656e+00
2.550606012344360352e+00
2.777091026306152344e+00
3.006283998489379883e+00
3.491194963455200195e+00
3.146791934967041016e+00
2.945496082305908203e+00
2.703652143478393555e+00
3.232800960540771484e+00
3.280551910400390625e+00
3.002363920211791992e+00
3.159415006637573242e+00
2.878407955169677734e+00
3.314819812774658203e+00
3.365163087844848633e+00
3.531904935836791992e+00
3.575891017913818359e+00
3.306567907333374023e+00
3.157096862792968750e+00
3.722476005554199219e+00
3.380316257476806641e+00
3.801496982574462891e+00
3.351458072662353516e+00
3.552115917205810547e+00
3.177212238311767578e+00
3.951966047286987305e+00
2.976643085479736328e+00
3.275853633880615234e+00
3.237806081771850586e+00
3.930279970169067383e+00
2.822003126144409180e+00
3.078633069992065430e+00
3.696154117584228516e+00
4.041886329650878906e+00
3.308447122573852539e+00
3.325311899185180664e+00
2.824788808822631836e+00
4.128894090652465820e+00
2.714171886444091797e+00
4.231531858444213867e+00
3.418802976608276367e+00
3.396360874176025391e+00
3.732719898223876953e+00
3.678270101547241211e+00
3.547429084777832031e+00
2.358891010284423828e+00
2.976109743118286133e+00
2.742768764495849609e+00
3.347724914550781250e+00
3.717786788940429688e+00
2.902395009994506836e+00
2.194412946701049805e+00
3.206443071365356445e+00
2.879304885864257812e+00
3.527897119522094727e+00
3.048010110855102539e+00
2.973674058914184570e+00
3.717633008956909180e+00
4.287503957748413086e+00
2.901009082794189453e+00
2.647245168685913086e+00
3.122983217239379883e+00
2.900358915328979492e+00
3.079342842102050781e+00
3.561804056167602539e+00
2.572674989700317383e+00
2.897097826004028320e+00
3.309992790222167969e+00
3.369110107421875000e+00
3.438871860504150391e+00
3.229870080947875977e+00
2.676229000091552734e+00
3.067530155181884766e+00
3.067896127700805664e+00
2.985281944274902344e+00
3.319684028625488281e+00
3.135680198669433594e+00
3.012562036514282227e+00
4.471272230148315430e+00
3.838558912277221680e+00
3.830919027328491211e+00
3.047446012496948242e+00
2.756226062774658203e+00
3.237654924392700195e+00
3.898148059844970703e+00
3.133249998092651367e+00
2.462188720703125000e+00
2.496353864669799805e+00
3.950355052947998047e+00
2.886720180511474609e+00
3.251371145248413086e+00
3.741081237792968750e+00
3.438595771789550781e+00
2.859751939773559570e+00
3.372345209121704102e+00
3.812670946121215820e+00
2.949716091156005859e+00
2.867986202239990234e+00
2.802300214767456055e+00
3.020020961761474609e+00
3.574675798416137695e+00
3.663475990295410156e+00
2.383919954299926758e+00
3.691601991653442383e+00
3.796041965484619141e+00
4.182617187500000000e+00
2.592617034912109375e+00
2.766290903091430664e+00
4.514660835266113281e+00
4.334883928298950195e+00
4.281080961227416992e+00
2.864656209945678711e+00
2.704982042312622070e+00
4.120675802230834961e+00
3.131146907806396484e+00
4.223757028579711914e+00
4.366431236267089844e+00
2.996026039123535156e+00
2.884238243103027344e+00
3.954017877578735352e+00
3.646437883377075195e+00
3.466341018676757812e+00
3.545501947402954102e+00
3.592005014419555664e+00
3.818157911300659180e+00
3.281255960464477539e+00
5.134939193725585938e+00
3.492374658584594727e+00
5.068923950195312500e+00
3.698765039443969727e+00
3.411881923675537109e+00
3.669979810714721680e+00
5.586535930633544922e+00
4.537269592285156250e+00
5.395171165466308594e+00
3.469670772552490234e+00
4.138559103012084961e+00
5.354403972625732422e+00
2.948086977005004883e+00
4.005887031555175781e+00
3.821141242980957031e+00
3.348540782928466797e+00
3.588885784149169922e+00
4.298255681991577148e+00
3.275405883789062500e+00
2.807244062423706055e+00
4.678513050079345703e+00
3.844681978225708008e+00
2.457477807998657227e+00
5.174882173538208008e+00
4.015973806381225586e+00
5.697836160659790039e+00
3.717028856277465820e+00
3.613381862640380859e+00
2.627172946929931641e+00
3.155420780181884766e+00
3.414704084396362305e+00
3.133535146713256836e+00
3.837548971176147461e+00
5.524966955184936523e+00
4.006989955902099609e+00
3.961134195327758789e+00
2.537880897521972656e+00
3.449424982070922852e+00
2.719675064086914062e+00
3.639620065689086914e+00
4.110191106796264648e+00
3.146468162536621094e+00
3.298860073089599609e+00
3.644390821456909180e+00
2.510388851165771484e+00
5.287198066711425781e+00
4.452930212020874023e+00
3.098530054092407227e+00
3.862545251846313477e+00
4.503411769866943359e+00
3.707185983657836914e+00
4.109798908233642578e+00
3.494014024734497070e+00
3.901221990585327148e+00
4.081398725509643555e+00
3.819001197814941406e+00
3.836566925048828125e+00
4.696127891540527344e+00
4.583434820175170898e+00
3.795490980148315430e+00
2.584435939788818359e+00
4.236648082733154297e+00
2.535589933395385742e+00
1.991204977035522461e+00
3.536413908004760742e+00
3.294706821441650391e+00
3.809124231338500977e+00
2.529527664184570312e+00
3.595284938812255859e+00
3.387487888336181641e+00
3.276367902755737305e+00
2.856842279434204102e+00
3.498213052749633789e+00
4.201617956161499023e+00
2.687484979629516602e+00
4.344687223434448242e+00
3.454345941543579102e+00
3.726119995117187500e+00
3.186272144317626953e+00
2.041699171066284180e+00
4.996294975280761719e+00
2.985653877258300781e+00
3.412096023559570312e+00
3.364220142364501953e+00
3.328382968902587891e+00
2.983747005462646484e+00
3.665245056152343750e+00
3.524585962295532227e+00
3.601324796676635742e+00
4.102050065994262695e+00
4.066244125366210938e+00
3.783864736557006836e+00
3.379922866821289062e+00
2.942346334457397461e+00
3.597590208053588867e+00
3.178666114807128906e+00
4.759629964828491211e+00
2.945742130279541016e+00
5.201191186904907227e+00
2.931750774383544922e+00
4.732248067855834961e+00
2.416776895523071289e+00
2.522943973541259766e+00
5.404729843139648438e+00
2.983952283859252930e+00
2.712085962295532227e+00
4.750329256057739258e+00
2.510284185409545898e+00
2.854753017425537109e+00
3.657980918884277344e+00
3.591631174087524414e+00
2.913254022598266602e+00
3.060190916061401367e+00
3.149945974349975586e+00
2.613714933395385742e+00
2.494458913803100586e+00
2.429436922073364258e+00
4.089874744415283203e+00
3.359858989715576172e+00
3.041502952575683594e+00
3.226472854614257812e+00
3.372951030731201172e+00
3.530646800994873047e+00
2.814702033996582031e+00
3.121417999267578125e+00
3.328742980957031250e+00
3.554160833358764648e+00
3.647786855697631836e+00
3.057028770446777344e+00
2.995470762252807617e+00
3.616346836090087891e+00
3.311326026916503906e+00
3.536412954330444336e+00
3.121599197387695312e+00
3.191778182983398438e+00
3.438644170761108398e+00
3.747298002243041992e+00
4.162034034729003906e+00
3.955116033554077148e+00
4.338502168655395508e+00
3.158272981643676758e+00
4.401005983352661133e+00
3.819083690643310547e+00
4.341140985488891602e+00
4.173327207565307617e+00
4.251230955123901367e+00
4.073870182037353516e+00
3.964993953704833984e+00
4.339362144470214844e+00
4.527307033538818359e+00
4.257770776748657227e+00
3.835065126419067383e+00
4.419628858566284180e+00
4.116668939590454102e+00
4.257905960083007812e+00
4.565086126327514648e+00
3.554699182510375977e+00
3.813326835632324219e+00
3.108653068542480469e+00
3.102538108825683594e+00
4.497698783874511719e+00
3.913663864135742188e+00
3.047754049301147461e+00
3.701689004898071289e+00
3.999347925186157227e+00
3.506578922271728516e+00
2.998063802719116211e+00
3.029492855072021484e+00
4.854466915130615234e+00
4.848386049270629883e+00
3.057774782180786133e+00
3.498773097991943359e+00
3.398969888687133789e+00
4.492826700210571289e+00
3.103788137435913086e+00
4.001940965652465820e+00
4.436383962631225586e+00
4.751105070114135742e+00
4.982002973556518555e+00
3.586421966552734375e+00
3.383546113967895508e+00
4.103403091430664062e+00
4.245540142059326172e+00
3.696243047714233398e+00
4.862670183181762695e+00
2.440519094467163086e+00
3.342234134674072266e+00
3.771412849426269531e+00
3.913928985595703125e+00
3.734817028045654297e+00
5.740159034729003906e+00
4.390599250793457031e+00
3.626241922378540039e+00
3.359322309494018555e+00
3.641521930694580078e+00
3.452334165573120117e+00
3.950146913528442383e+00
3.844710350036621094e+00
3.762511253356933594e+00
3.760104894638061523e+00
3.722473859786987305e+00
3.724756956100463867e+00
3.872227191925048828e+00
4.089142084121704102e+00
4.142148733139038086e+00
3.892063856124877930e+00
3.950723886489868164e+00
3.553315162658691406e+00
3.816753864288330078e+00
4.529874801635742188e+00
4.124564170837402344e+00
4.363857984542846680e+00
4.118829727172851562e+00
2.089026212692260742e+00
3.426051855087280273e+00
4.310107231140136719e+00
3.653866052627563477e+00
3.398216962814331055e+00
3.912914991378784180e+00
4.107681035995483398e+00
3.853434801101684570e+00
5.120945215225219727e+00
2.816657781600952148e+00
4.104591131210327148e+00
3.550130128860473633e+00
4.585413932800292969e+00
4.544516801834106445e+00
4.521809816360473633e+00
3.828747034072875977e+00
3.113168716430664062e+00
2.697433233261108398e+00
4.597075939178466797e+00
2.953146696090698242e+00
3.746732950210571289e+00
2.515252828598022461e+00
2.368493795394897461e+00
3.031794071197509766e+00
3.355110883712768555e+00
2.728655099868774414e+00
2.739430904388427734e+00
3.049746036529541016e+00
3.425761938095092773e+00
2.827641010284423828e+00
2.686250209808349609e+00
4.497413873672485352e+00
2.647601842880249023e+00
2.718868017196655273e+00
3.621924161911010742e+00
2.939679861068725586e+00
2.168261051177978516e+00
2.878544092178344727e+00
2.382764101028442383e+00
3.605953693389892578e+00
2.707628250122070312e+00
4.096805095672607422e+00
4.056123256683349609e+00
2.909150838851928711e+00
3.517112016677856445e+00
2.789350986480712891e+00
2.177149772644042969e+00
1.712222099304199219e+00
2.860396623611450195e+00
2.755212068557739258e+00
4.839239835739135742e+00
2.737526178359985352e+00
2.823140144348144531e+00
3.529897928237915039e+00
2.719444990158081055e+00
2.964175939559936523e+00
4.046353101730346680e+00
3.779625892639160156e+00
2.506767988204956055e+00
4.271572113037109375e+00
5.354240894317626953e+00
3.395600080490112305e+00
3.024769067764282227e+00
3.116267919540405273e+00
2.827101230621337891e+00
2.736913919448852539e+00
2.997683048248291016e+00
3.391613006591796875e+00
3.344520807266235352e+00
2.845939159393310547e+00
3.456548929214477539e+00
2.515632867813110352e+00
3.221827268600463867e+00
3.208674669265747070e+00
3.296697854995727539e+00
3.433106184005737305e+00
3.522948026657104492e+00
2.286437273025512695e+00
3.233908176422119141e+00
3.543501138687133789e+00
3.155900955200195312e+00
3.378122806549072266e+00
4.088671922683715820e+00
3.876145124435424805e+00
2.814788103103637695e+00
2.893926143646240234e+00
3.714675903320312500e+00
2.616906881332397461e+00
2.887742280960083008e+00
2.716207981109619141e+00
3.801342964172363281e+00
3.844548225402832031e+00
3.830862760543823242e+00
3.845072984695434570e+00
3.855611085891723633e+00
3.788303136825561523e+00
2.801835060119628906e+00
4.397727012634277344e+00
2.741623640060424805e+00
4.065774679183959961e+00
3.309645175933837891e+00
3.856763124465942383e+00
3.187813758850097656e+00
3.244567155838012695e+00
3.007210016250610352e+00
3.328369855880737305e+00
3.159428834915161133e+00
2.816624164581298828e+00
3.132623910903930664e+00
3.455664873123168945e+00
3.655900955200195312e+00
2.864443302154541016e+00
3.788015127182006836e+00
3.826677083969116211e+00
2.898678064346313477e+00
3.033468246459960938e+00
2.747689962387084961e+00
2.852986097335815430e+00
3.824592828750610352e+00
3.097585916519165039e+00
2.861701011657714844e+00
3.600913047790527344e+00
3.166059732437133789e+00
4.061477899551391602e+00
3.235697269439697266e+00
3.491609096527099609e+00
3.077926158905029297e+00
3.059949636459350586e+00
3.512742996215820312e+00
3.511677026748657227e+00
3.414911031723022461e+00
3.333451032638549805e+00
3.984409093856811523e+00
4.343863964080810547e+00
2.780860900878906250e+00
3.064172029495239258e+00
4.352469921112060547e+00
3.377655982971191406e+00
3.717015027999877930e+00
3.776901960372924805e+00
3.281899213790893555e+00
3.566657066345214844e+00
4.810993909835815430e+00
4.460799932479858398e+00
3.436795711517333984e+00
3.455379247665405273e+00
3.523363113403320312e+00
3.576450824737548828e+00
3.534026145935058594e+00
2.852912187576293945e+00
2.821789979934692383e+00
3.373801946640014648e+00
3.417025089263916016e+00
4.141126871109008789e+00
3.854686975479125977e+00
3.021430015563964844e+00
3.488574981689453125e+00
3.870722055435180664e+00
3.994852304458618164e+00
4.233271121978759766e+00
3.835384845733642578e+00
3.780189990997314453e+00
3.501699924468994141e+00
3.788739919662475586e+00
3.925138950347900391e+00
3.585924148559570312e+00
3.916790008544921875e+00
2.514541149139404297e+00
3.358045101165771484e+00
2.810693264007568359e+00
3.769397020339965820e+00
4.075462102890014648e+00
2.838384866714477539e+00
4.118975162506103516e+00
4.147722959518432617e+00
4.127999067306518555e+00
3.287180185317993164e+00
4.481660842895507812e+00
3.369621992111206055e+00
5.170718908309936523e+00
2.925779104232788086e+00
4.561269998550415039e+00
3.973028659820556641e+00
3.785801887512207031e+00
3.914180994033813477e+00
3.095165014266967773e+00
3.604856729507446289e+00
3.028627872467041016e+00
3.749083757400512695e+00
3.381078004837036133e+00
3.350613117218017578e+00
4.099973917007446289e+00
3.886529922485351562e+00
3.672499895095825195e+00
3.369872808456420898e+00
3.242422103881835938e+00
4.391358852386474609e+00
3.335566759109497070e+00
3.833101034164428711e+00
4.899127244949340820e+00
3.415420055389404297e+00
3.552556037902832031e+00
3.448433876037597656e+00
3.091444015502929688e+00
3.401339769363403320e+00
3.873144865036010742e+00
4.748203992843627930e+00
3.577610969543457031e+00
3.525186061859130859e+00
2.748562335968017578e+00
3.828326940536499023e+00
3.834012031555175781e+00
3.524461984634399414e+00
3.802276849746704102e+00
3.004299163818359375e+00
3.996820926666259766e+00
4.178137063980102539e+00
3.479845046997070312e+00
3.691879749298095703e+00
3.170515060424804688e+00
4.099997043609619141e+00
3.386010885238647461e+00
4.103393077850341797e+00
3.756965875625610352e+00
2.607320070266723633e+00
3.926169157028198242e+00
3.329895973205566406e+00
3.394792079925537109e+00
3.549676895141601562e+00
4.488476991653442383e+00
4.060972929000854492e+00
3.099964857101440430e+00
3.247835874557495117e+00
3.127689123153686523e+00
3.793516159057617188e+00
4.205247879028320312e+00
4.712546825408935547e+00
3.952123880386352539e+00
3.857141971588134766e+00
4.649823904037475586e+00
3.703138113021850586e+00
2.874933004379272461e+00
3.884552955627441406e+00
4.143005847930908203e+00
2.831355094909667969e+00
3.874246835708618164e+00
4.743096828460693359e+00
3.453343152999877930e+00
3.966372013092041016e+00
3.696328878402709961e+00
3.027330875396728516e+00
4.949653863906860352e+00
2.749522924423217773e+00
3.704722881317138672e+00
4.518476009368896484e+00
2.979824781417846680e+00
2.891984701156616211e+00
3.358517885208129883e+00
2.974503040313720703e+00
2.238173961639404297e+00
3.084512948989868164e+00
3.652292966842651367e+00
4.092332839965820312e+00
3.531539916992187500e+00
2.345468044281005859e+00
3.212035894393920898e+00
3.281805038452148438e+00
3.290396928787231445e+00
3.220452070236206055e+00
3.098706007003784180e+00
3.673181056976318359e+00
3.444725990295410156e+00
3.187338113784790039e+00
3.410993814468383789e+00
3.695531606674194336e+00
3.863656997680664062e+00
3.948332071304321289e+00
3.207010030746459961e+00
3.762633800506591797e+00
3.681746959686279297e+00
3.297347068786621094e+00
3.573328733444213867e+00
3.371977090835571289e+00
3.927651882171630859e+00
4.082013845443725586e+00
3.016897916793823242e+00
2.423988819122314453e+00
4.127559900283813477e+00
2.659511089324951172e+00
3.790808916091918945e+00
2.529191255569458008e+00
3.705013990402221680e+00
4.829066038131713867e+00
3.460607051849365234e+00
4.263009071350097656e+00
3.542891025543212891e+00
2.813126802444458008e+00
1.957406997680664062e+00
2.651699066162109375e+00
3.340681076049804688e+00
2.945627927780151367e+00
3.940694808959960938e+00
3.253270149230957031e+00
3.571710824966430664e+00
3.300431013107299805e+00
3.975105047225952148e+00
2.921614885330200195e+00
3.320408821105957031e+00
2.821282148361206055e+00
2.739423036575317383e+00
3.700001716613769531e+00
2.902287244796752930e+00
2.687933921813964844e+00
2.134251117706298828e+00
3.416898012161254883e+00
3.372861862182617188e+00
2.751496076583862305e+00
3.145480394363403320e+00
2.292275905609130859e+00
3.537672996520996094e+00
3.293808698654174805e+00
3.108477115631103516e+00
3.005053997039794922e+00
2.188014745712280273e+00
3.389194011688232422e+00
3.519919157028198242e+00
3.331870794296264648e+00
2.288371086120605469e+00
3.387225866317749023e+00
2.857592821121215820e+00
3.680360794067382812e+00
3.490908861160278320e+00
3.619056940078735352e+00
3.777491092681884766e+00
3.801455259323120117e+00
2.680036783218383789e+00
4.070651054382324219e+00
3.637937784194946289e+00
2.439286231994628906e+00
2.851461887359619141e+00
2.738139152526855469e+00
3.248537063598632812e+00
3.393461942672729492e+00
3.818637132644653320e+00
2.117293119430541992e+00
2.574371099472045898e+00
2.384638071060180664e+00
2.820156097412109375e+00
3.113039970397949219e+00
3.006607055664062500e+00
3.690876007080078125e+00
3.421376943588256836e+00
2.517704010009765625e+00
3.411899805068969727e+00
3.198859930038452148e+00
3.071409940719604492e+00
3.049696922302246094e+00
2.496213912963867188e+00
2.444406986236572266e+00
2.305573940277099609e+00
2.329843997955322266e+00
3.788718938827514648e+00
3.260832071304321289e+00
3.114764928817749023e+00
2.970037937164306641e+00
2.548640012741088867e+00
4.001507282257080078e+00
2.768611192703247070e+00
3.200344085693359375e+00
2.761550188064575195e+00
3.324313879013061523e+00
2.532577991485595703e+00
2.687821865081787109e+00
2.707306861877441406e+00
2.609947204589843750e+00
3.122629880905151367e+00
3.221256971359252930e+00
3.537000179290771484e+00
3.718754053115844727e+00
2.955003261566162109e+00
2.940795898437500000e+00
3.593327045440673828e+00
3.506803035736083984e+00
3.331100940704345703e+00
3.420897960662841797e+00
3.935145854949951172e+00
3.709206104278564453e+00
3.458107233047485352e+00
3.135214805603027344e+00
3.793497800827026367e+00
3.334677934646606445e+00
4.027106046676635742e+00
3.452692985534667969e+00
2.896794795989990234e+00
3.448225021362304688e+00
3.920495033264160156e+00
4.004082202911376953e+00
2.512521982192993164e+00
3.537525892257690430e+00
2.958858966827392578e+00
4.011985063552856445e+00
4.118427038192749023e+00
3.183834314346313477e+00
3.920186758041381836e+00
3.358949184417724609e+00
2.418853998184204102e+00
3.679887771606445312e+00
3.601781845092773438e+00
4.632526874542236328e+00
3.779042959213256836e+00
3.470422983169555664e+00
3.859086751937866211e+00
3.905737876892089844e+00
3.819416761398315430e+00
3.924822092056274414e+00
3.723169803619384766e+00
4.001228809356689453e+00
3.007369279861450195e+00
2.936310052871704102e+00
4.361785173416137695e+00
4.120787858963012695e+00
3.025207042694091797e+00
4.578714847564697266e+00
4.474883794784545898e+00
2.633309841156005859e+00
4.145412206649780273e+00
4.330011844635009766e+00
4.652002096176147461e+00
4.282551765441894531e+00
3.226790904998779297e+00
3.779071092605590820e+00
3.877171039581298828e+00
3.007239103317260742e+00
4.201453924179077148e+00
4.615473747253417969e+00
3.991045713424682617e+00
4.824388980865478516e+00
1.879764080047607422e+00
3.524593114852905273e+00
3.488487243652343750e+00
3.253603219985961914e+00
3.669880867004394531e+00
4.351455688476562500e+00
4.301131010055541992e+00
4.411513090133666992e+00
3.740867137908935547e+00
4.860776901245117188e+00
3.882575750350952148e+00
2.733878135681152344e+00
3.888029813766479492e+00
3.332438945770263672e+00
3.457203865051269531e+00
3.285235166549682617e+00
2.734434127807617188e+00
4.996148109436035156e+00
2.518874168395996094e+00
3.836856126785278320e+00
4.504375934600830078e+00
3.864607095718383789e+00
3.536494970321655273e+00
3.335401058197021484e+00
3.199692726135253906e+00
3.827578067779541016e+00
2.593205928802490234e+00
4.913948297500610352e+00
4.588356018066406250e+00
4.439420938491821289e+00
3.558928012847900391e+00
3.278533935546875000e+00
3.942106246948242188e+00
4.830535888671875000e+00
2.679967164993286133e+00
3.485648870468139648e+00
4.849287033081054688e+00
3.756389856338500977e+00
4.878136157989501953e+00
4.234551191329956055e+00
3.123625040054321289e+00
4.457864999771118164e+00
3.442097187042236328e+00
3.510097742080688477e+00
2.863759994506835938e+00
3.822190999984741211e+00
2.985064983367919922e+00
3.812166929244995117e+00
3.835093975067138672e+00
3.901645898818969727e+00
2.800220727920532227e+00
3.822840929031372070e+00
3.088145256042480469e+00
2.436740875244140625e+00
2.891784906387329102e+00
2.860823154449462891e+00
3.102690696716308594e+00
2.921063899993896484e+00
2.889981985092163086e+00
5.421203136444091797e+00
3.205754756927490234e+00
3.019809007644653320e+00
3.238822937011718750e+00
3.008134841918945312e+00
2.726184844970703125e+00
3.490737915039062500e+00
3.251726865768432617e+00
3.877047061920166016e+00
5.307044982910156250e+00
3.425603151321411133e+00
3.997499227523803711e+00
2.710255861282348633e+00
3.743563890457153320e+00
3.438188076019287109e+00
3.286427974700927734e+00
2.815299034118652344e+00
3.103162288665771484e+00
2.750760793685913086e+00
4.086546182632446289e+00
3.242954969406127930e+00
3.429059028625488281e+00
4.308075904846191406e+00
3.506967067718505859e+00
3.678831100463867188e+00
3.627290010452270508e+00
3.716665029525756836e+00
3.603421926498413086e+00
3.917705774307250977e+00
3.298667907714843750e+00
2.688259124755859375e+00
4.779194831848144531e+00
3.903617858886718750e+00
2.971229076385498047e+00
3.430965900421142578e+00
2.940548896789550781e+00
4.634575128555297852e+00
3.793344974517822266e+00
4.158689022064208984e+00
3.789791822433471680e+00
3.514968633651733398e+00
4.902994871139526367e+00
3.363176345825195312e+00
3.201781034469604492e+00
3.486820220947265625e+00
3.484339237213134766e+00
2.382560968399047852e+00
4.001355171203613281e+00
2.934847116470336914e+00
2.903967380523681641e+00
2.388725042343139648e+00
3.088629961013793945e+00
3.514858007431030273e+00
3.677886009216308594e+00
3.156259059906005859e+00
3.266684770584106445e+00
4.622809171676635742e+00
4.185219764709472656e+00
3.217195987701416016e+00
3.291394948959350586e+00
2.533431768417358398e+00
3.296000003814697266e+00
3.351918220520019531e+00
4.261187076568603516e+00
3.938635110855102539e+00
3.344347715377807617e+00
4.755054950714111328e+00
3.021929979324340820e+00
3.034273147583007812e+00
4.060295104980468750e+00
4.068030834197998047e+00
3.537374973297119141e+00
3.902934074401855469e+00
3.286763191223144531e+00
3.473352909088134766e+00
3.596051931381225586e+00
3.991611003875732422e+00
4.327905893325805664e+00
3.973795175552368164e+00
3.454349040985107422e+00
4.112514257431030273e+00
2.919592142105102539e+00
3.014501094818115234e+00
3.710883140563964844e+00
4.872040987014770508e+00
4.417281150817871094e+00
3.494246006011962891e+00
3.910168886184692383e+00
4.154363155364990234e+00
4.507951974868774414e+00
4.315344810485839844e+00
4.300227880477905273e+00
4.616261243820190430e+00
3.601597785949707031e+00
3.834864139556884766e+00
3.366227865219116211e+00
4.370759963989257812e+00
3.176228046417236328e+00
4.415354967117309570e+00
4.819851875305175781e+00
4.732664108276367188e+00
3.817352056503295898e+00
4.679098844528198242e+00
4.741732835769653320e+00
4.396804809570312500e+00
4.491143941879272461e+00
4.750983238220214844e+00
3.856366157531738281e+00
4.828595876693725586e+00
4.473145723342895508e+00
4.656780004501342773e+00
4.745198726654052734e+00
5.013902902603149414e+00
5.025539875030517578e+00
3.947489738464355469e+00
3.324620008468627930e+00
4.638387918472290039e+00
3.707300901412963867e+00
4.000630855560302734e+00
5.262296915054321289e+00
4.822124719619750977e+00
4.766507863998413086e+00
5.037221193313598633e+00
5.166467189788818359e+00
3.329374074935913086e+00
5.448048830032348633e+00
2.793374776840209961e+00
5.279258966445922852e+00
5.872521877288818359e+00
4.502059221267700195e+00
4.803469181060791016e+00
2.976013898849487305e+00
4.778503894805908203e+00
4.246106147766113281e+00
2.750886201858520508e+00
2.905147790908813477e+00
3.138422012329101562e+00
4.711255073547363281e+00
3.983994007110595703e+00
4.810674905776977539e+00
4.402128696441650391e+00
5.602532148361206055e+00
4.519544839859008789e+00
3.823616027832031250e+00
4.981427907943725586e+00
5.103989839553833008e+00
4.422055959701538086e+00
6.149224996566772461e+00
3.239166975021362305e+00
5.282559871673583984e+00
3.784169912338256836e+00
2.988327980041503906e+00
4.604567050933837891e+00
3.421276330947875977e+00
3.846904993057250977e+00
2.962041854858398438e+00
3.541273832321166992e+00
5.053855895996093750e+00
3.485848188400268555e+00
3.698986053466796875e+00
4.644007921218872070e+00
3.733499765396118164e+00
4.657258272171020508e+00
3.499383926391601562e+00
3.208768129348754883e+00
3.354514360427856445e+00
3.658512115478515625e+00
3.438849210739135742e+00
2.884608030319213867e+00
5.812058925628662109e+00
3.803754091262817383e+00
5.040703058242797852e+00
3.753072738647460938e+00
3.864625215530395508e+00
3.238950967788696289e+00
4.084511995315551758e+00
3.836181163787841797e+00
4.023359060287475586e+00
3.743854999542236328e+00
3.922269105911254883e+00
3.730308294296264648e+00
3.879019021987915039e+00
3.801892042160034180e+00
3.916336774826049805e+00
4.112930774688720703e+00
3.974593162536621094e+00
2.326370954513549805e+00
4.342211246490478516e+00
3.937651157379150391e+00
3.463653802871704102e+00
5.709320068359375000e+00
3.615526914596557617e+00
4.972343683242797852e+00
3.948534965515136719e+00
4.068763256072998047e+00
3.248049974441528320e+00
4.026081085205078125e+00
3.004109144210815430e+00
4.200348854064941406e+00
3.917614936828613281e+00
4.002523899078369141e+00
4.268515110015869141e+00
3.386080026626586914e+00
3.371572256088256836e+00
3.138807058334350586e+00
4.063363075256347656e+00
2.689220905303955078e+00
3.383244752883911133e+00
4.735130071640014648e+00
2.501615285873413086e+00
2.307335138320922852e+00
3.430325984954833984e+00
3.472049951553344727e+00
3.348981857299804688e+00
3.510960102081298828e+00
4.107169151306152344e+00
2.695767879486083984e+00
3.347198009490966797e+00
4.285749912261962891e+00
3.494155168533325195e+00
4.465795040130615234e+00
2.449770927429199219e+00
2.325727939605712891e+00
2.399045228958129883e+00
2.840929031372070312e+00
2.328128814697265625e+00
2.943710088729858398e+00
2.792568922042846680e+00
2.609916210174560547e+00
2.576710939407348633e+00
3.480715036392211914e+00
2.228198766708374023e+00
2.755537033081054688e+00
2.897809982299804688e+00
2.441802024841308594e+00
2.911356925964355469e+00
2.836666107177734375e+00
3.582625150680541992e+00
3.038572072982788086e+00
2.893288850784301758e+00
2.962672233581542969e+00
2.541414022445678711e+00
3.090008974075317383e+00
2.635357856750488281e+00
2.680230855941772461e+00
3.179012775421142578e+00
2.902250051498413086e+00
3.167984008789062500e+00
2.891864061355590820e+00
3.269256830215454102e+00
3.215961933135986328e+00
3.198519229888916016e+00
3.166767120361328125e+00
3.309668064117431641e+00
3.384928941726684570e+00
3.025536060333251953e+00
3.369341135025024414e+00
3.400855064392089844e+00
3.359390974044799805e+00
3.003328084945678711e+00
3.241785287857055664e+00
2.679120063781738281e+00
3.365927934646606445e+00
3.436145782470703125e+00
2.823887109756469727e+00
3.729547023773193359e+00
3.397097110748291016e+00
3.803573131561279297e+00
3.199367046356201172e+00
3.398391008377075195e+00
3.548284769058227539e+00
2.638757228851318359e+00
3.201100111007690430e+00
3.132786989212036133e+00
3.643887042999267578e+00
3.689756870269775391e+00
3.629667997360229492e+00
3.586111068725585938e+00
3.269296169281005859e+00
2.530989170074462891e+00
2.507531881332397461e+00
4.083966016769409180e+00
2.565557956695556641e+00
3.446346998214721680e+00
3.469218254089355469e+00
3.884895086288452148e+00
2.533138751983642578e+00
3.277087926864624023e+00
3.661662101745605469e+00
3.925906896591186523e+00
3.600121259689331055e+00
3.366024971008300781e+00
3.551503896713256836e+00
3.242643117904663086e+00
3.566581010818481445e+00
3.309437036514282227e+00
3.073149919509887695e+00
3.662186145782470703e+00
3.553836107254028320e+00
3.302511930465698242e+00
3.618982791900634766e+00
3.611425161361694336e+00
3.137730836868286133e+00
3.898902177810668945e+00
4.468405961990356445e+00
3.092124938964843750e+00
3.297194957733154297e+00
2.692595958709716797e+00
2.674720048904418945e+00
3.767820119857788086e+00
4.008823156356811523e+00
3.491626977920532227e+00
2.584048748016357422e+00
2.795419692993164062e+00
3.636662006378173828e+00
3.566648960113525391e+00
3.377422094345092773e+00
4.194201946258544922e+00
4.319920063018798828e+00
3.270814895629882812e+00
3.597929000854492188e+00
2.962585926055908203e+00
2.928050994873046875e+00
2.486429929733276367e+00
3.069294214248657227e+00
3.216302156448364258e+00
2.566525936126708984e+00
3.317200899124145508e+00
3.825061082839965820e+00
3.484008312225341797e+00
2.976129055023193359e+00
3.605898857116699219e+00
3.177607774734497070e+00
2.929766178131103516e+00
3.483916997909545898e+00
3.622991800308227539e+00
3.127338886260986328e+00
2.728188037872314453e+00
3.080162048339843750e+00
3.113374948501586914e+00
2.822643041610717773e+00
3.103505134582519531e+00
3.918533086776733398e+00
2.468573093414306641e+00
2.881015062332153320e+00
3.272603034973144531e+00
3.256656885147094727e+00
3.659855127334594727e+00
3.327346801757812500e+00
3.734124183654785156e+00
3.626864194869995117e+00
3.089028120040893555e+00
5.306635141372680664e+00
3.058260202407836914e+00
3.472440958023071289e+00
3.532115936279296875e+00
2.756830930709838867e+00
2.688689947128295898e+00
3.151136875152587891e+00
3.197346925735473633e+00
3.706670045852661133e+00
3.406702995300292969e+00
2.849138975143432617e+00
3.132053852081298828e+00
3.355530023574829102e+00
4.489450931549072266e+00
3.540811061859130859e+00
3.278272151947021484e+00
2.928819179534912109e+00
3.827635049819946289e+00
3.781296253204345703e+00
3.487978935241699219e+00
3.414860010147094727e+00
3.963213920593261719e+00
3.700688838958740234e+00
4.473993062973022461e+00
3.738989830017089844e+00
5.164716005325317383e+00
4.116621732711791992e+00
3.739988088607788086e+00
2.373367071151733398e+00
2.484637975692749023e+00
4.590746879577636719e+00
3.265119075775146484e+00
3.613766908645629883e+00
2.774223804473876953e+00
3.752374172210693359e+00
3.746999025344848633e+00
4.136926174163818359e+00
3.591489076614379883e+00
3.090701103210449219e+00
2.964205741882324219e+00
2.918601989746093750e+00
3.089548110961914062e+00
2.297480106353759766e+00
3.898601293563842773e+00
3.861598968505859375e+00
2.314627170562744141e+00
3.708710908889770508e+00
4.400243759155273438e+00
3.448657989501953125e+00
3.948396921157836914e+00
3.234096765518188477e+00
4.102893114089965820e+00
3.362868070602416992e+00
3.938838958740234375e+00
3.518892049789428711e+00
3.869416952133178711e+00
2.986074924468994141e+00
3.921233892440795898e+00
3.511539936065673828e+00
3.782137155532836914e+00
3.270172119140625000e+00
3.561781883239746094e+00
4.552450895309448242e+00
3.481760978698730469e+00
3.824070215225219727e+00
4.064316749572753906e+00
2.615494966506958008e+00
2.627742052078247070e+00
3.095144987106323242e+00
3.368685007095336914e+00
2.948399782180786133e+00
3.437928915023803711e+00
2.201639890670776367e+00
3.048404932022094727e+00
2.764256954193115234e+00
3.101642131805419922e+00
3.769820928573608398e+00
2.601004123687744141e+00
3.321808099746704102e+00
2.540350914001464844e+00
3.287206888198852539e+00
4.014985084533691406e+00
4.183198928833007812e+00
3.516029119491577148e+00
3.992106914520263672e+00
3.057700157165527344e+00
2.974907159805297852e+00
3.444636106491088867e+00
2.933523893356323242e+00
2.712049245834350586e+00
3.300596952438354492e+00
2.745138883590698242e+00
3.614817142486572266e+00
3.368495225906372070e+00
2.626732826232910156e+00
3.238037109375000000e+00
2.771619081497192383e+00
2.901476860046386719e+00
2.311431884765625000e+00
3.900022029876708984e+00
2.321461915969848633e+00
2.743048906326293945e+00
4.074770927429199219e+00
2.507913351058959961e+00
2.867729187011718750e+00
2.903392791748046875e+00
2.509061813354492188e+00
2.823915958404541016e+00
3.409965038299560547e+00
2.517061233520507812e+00
2.740862846374511719e+00
3.453957796096801758e+00
3.015630245208740234e+00
3.630666017532348633e+00
2.654616832733154297e+00
4.153672933578491211e+00
3.541882038116455078e+00
4.177711963653564453e+00
3.081106901168823242e+00
4.263285875320434570e+00
2.547270059585571289e+00
3.225685358047485352e+00
3.234432935714721680e+00
3.526103973388671875e+00
3.000387907028198242e+00
3.065010070800781250e+00
2.797111034393310547e+00
4.716382980346679688e+00
3.657042264938354492e+00
2.623569965362548828e+00
3.653477907180786133e+00
2.298746824264526367e+00
2.599081039428710938e+00
3.037039041519165039e+00
3.337788820266723633e+00
3.691051959991455078e+00
2.909492969512939453e+00
3.644454717636108398e+00
3.150811910629272461e+00
3.349783897399902344e+00
2.037563323974609375e+00
3.346796989440917969e+00
2.609169244766235352e+00
3.859740972518920898e+00
3.847507953643798828e+00
3.030466794967651367e+00
3.416756868362426758e+00
2.950925111770629883e+00
3.179580926895141602e+00
3.416092872619628906e+00
3.479959011077880859e+00
2.555970907211303711e+00
3.427985906600952148e+00
3.971996307373046875e+00
2.831980943679809570e+00
3.062505960464477539e+00
3.654110908508300781e+00
2.323439836502075195e+00
3.531047105789184570e+00
3.755385160446166992e+00
3.285869121551513672e+00
2.657849073410034180e+00
3.079254150390625000e+00
2.830250978469848633e+00
3.179706811904907227e+00
2.717179775238037109e+00
3.132445096969604492e+00
3.206565141677856445e+00
3.065987110137939453e+00
3.057316780090332031e+00
2.365198850631713867e+00
3.105387926101684570e+00
3.321220159530639648e+00
3.145425796508789062e+00
2.403274059295654297e+00
2.921955823898315430e+00
3.440252780914306641e+00
2.572448015213012695e+00
4.088518857955932617e+00
2.820800065994262695e+00
2.834223985671997070e+00
2.852486133575439453e+00
2.618206977844238281e+00
2.349101781845092773e+00
2.709868192672729492e+00
2.598317861557006836e+00
2.769760131835937500e+00
2.886593103408813477e+00
2.558331012725830078e+00
2.805646181106567383e+00
3.076015949249267578e+00
2.912293195724487305e+00
2.892129182815551758e+00
2.678437948226928711e+00
3.429605245590209961e+00
3.354075193405151367e+00
3.078211069107055664e+00
3.087893009185791016e+00
3.156843662261962891e+00
3.201802015304565430e+00
3.019486904144287109e+00
3.393456935882568359e+00
3.196480035781860352e+00
2.806062698364257812e+00
3.213855981826782227e+00
3.039288997650146484e+00
3.558437108993530273e+00
2.989802837371826172e+00
3.517776012420654297e+00
3.585211038589477539e+00
3.834168910980224609e+00
3.169233083724975586e+00
3.714214801788330078e+00
2.767735958099365234e+00
3.357988834381103516e+00
3.315307140350341797e+00
3.966477632522583008e+00
3.521291017532348633e+00
2.873597145080566406e+00
3.175452947616577148e+00
3.360347270965576172e+00
3.900610208511352539e+00
3.637393236160278320e+00
3.653272867202758789e+00
3.488527774810791016e+00
3.706758260726928711e+00
3.905946969985961914e+00
2.810399055480957031e+00
3.101456880569458008e+00
4.034306764602661133e+00
2.654218912124633789e+00
3.289895057678222656e+00
3.313730001449584961e+00
3.163896799087524414e+00
4.023164033889770508e+00
3.264019966125488281e+00
3.371297121047973633e+00
2.519351005554199219e+00
3.458682775497436523e+00
3.273962020874023438e+00
3.757883310317993164e+00
3.215402841567993164e+00
4.354223012924194336e+00
3.167720079421997070e+00
3.303630828857421875e+00
4.194283008575439453e+00
3.305701017379760742e+00
3.238692998886108398e+00
3.225685834884643555e+00
3.348169088363647461e+00
4.091057777404785156e+00
3.812138080596923828e+00
3.711097240447998047e+00
3.951723098754882812e+00
3.763507127761840820e+00
3.257789373397827148e+00
4.085051774978637695e+00
3.447117090225219727e+00
3.513454675674438477e+00
3.934062957763671875e+00
3.832953691482543945e+00
3.399260997772216797e+00
3.152917146682739258e+00
3.546291112899780273e+00
4.000435829162597656e+00
3.514091968536376953e+00
4.308156967163085938e+00
3.670804977416992188e+00
4.079523086547851562e+00
3.344864845275878906e+00
3.539000988006591797e+00
4.105500936508178711e+00
3.626754999160766602e+00
2.994403123855590820e+00
3.642385005950927734e+00
3.078481912612915039e+00
3.866765260696411133e+00
3.211080789566040039e+00
3.816545009613037109e+00
3.566675901412963867e+00
3.840459823608398438e+00
3.061120033264160156e+00
4.347154140472412109e+00
3.871797084808349609e+00
3.429926156997680664e+00
3.984881877899169922e+00
2.802423238754272461e+00
3.952648878097534180e+00
3.190160989761352539e+00
3.747143268585205078e+00
4.076704978942871094e+00
3.364804029464721680e+00
4.301898002624511719e+00
4.167633771896362305e+00
3.447344779968261719e+00
4.021188974380493164e+00
3.305832147598266602e+00
4.274725914001464844e+00
4.390285253524780273e+00
3.629237890243530273e+00
4.305228710174560547e+00
4.289802074432373047e+00
3.444549083709716797e+00
3.596928119659423828e+00
4.474622011184692383e+00
4.562733173370361328e+00
3.674664974212646484e+00
3.907735109329223633e+00
3.557706117630004883e+00
4.579543113708496094e+00
4.837175130844116211e+00
2.581740856170654297e+00
4.948140144348144531e+00
4.105682134628295898e+00
4.217393875122070312e+00
3.721343994140625000e+00
4.722622156143188477e+00
3.965430021286010742e+00
4.350541114807128906e+00
3.316479921340942383e+00
2.976149082183837891e+00
4.235960245132446289e+00
4.346544981002807617e+00
4.383114099502563477e+00
2.467649936676025391e+00
2.263746976852416992e+00
3.965465784072875977e+00
3.755273103713989258e+00
4.287827968597412109e+00
4.107380867004394531e+00
3.952432870864868164e+00
3.149957180023193359e+00
3.806023836135864258e+00
4.585415124893188477e+00
4.054276227951049805e+00
4.242296218872070312e+00
4.283347129821777344e+00
2.927985191345214844e+00
3.477911949157714844e+00
2.806487798690795898e+00
3.999685049057006836e+00
2.956864118576049805e+00
3.131749153137207031e+00
3.228155136108398438e+00
5.174669981002807617e+00
2.448255062103271484e+00
3.203103065490722656e+00
3.275689840316772461e+00
3.119273900985717773e+00
4.073534965515136719e+00
4.226179122924804688e+00
3.574346065521240234e+00
2.879539966583251953e+00
3.075217962265014648e+00
2.548241138458251953e+00
2.566134691238403320e+00
4.954002857208251953e+00
3.712002992630004883e+00
2.740931272506713867e+00
3.276839971542358398e+00
2.851047992706298828e+00
3.461309194564819336e+00
4.519099235534667969e+00
2.841689109802246094e+00
2.659922838211059570e+00
3.210394144058227539e+00
2.642234086990356445e+00
3.325028181076049805e+00
1.994162082672119141e+00
2.700046777725219727e+00
2.819942235946655273e+00
3.964060068130493164e+00
2.528992176055908203e+00
4.650768756866455078e+00
2.904026269912719727e+00
2.660565853118896484e+00
2.993717908859252930e+00
3.432610034942626953e+00
3.274405002593994141e+00
2.388206243515014648e+00
3.314165115356445312e+00
4.985468149185180664e+00
4.354007005691528320e+00
3.136572837829589844e+00
4.333394765853881836e+00
3.336632251739501953e+00
3.665204048156738281e+00
3.872798919677734375e+00
4.369739055633544922e+00
2.706470012664794922e+00
3.109589099884033203e+00
3.956579208374023438e+00
3.826712131500244141e+00
2.869928836822509766e+00
6.128726005554199219e+00
3.691519021987915039e+00
3.222006082534790039e+00
2.808769702911376953e+00
4.492219209671020508e+00
2.974292039871215820e+00
4.502366065979003906e+00
4.544896841049194336e+00
3.552956104278564453e+00
3.067022085189819336e+00
2.933563232421875000e+00
3.437900066375732422e+00
3.696103334426879883e+00
3.812309026718139648e+00
3.104269981384277344e+00
3.211777687072753906e+00
3.556244850158691406e+00
3.586597919464111328e+00
3.400504112243652344e+00
3.555994987487792969e+00
3.267559051513671875e+00
3.523097038269042969e+00
3.319833755493164062e+00
2.554396867752075195e+00
2.981029033660888672e+00
3.022012233734130859e+00
4.179155111312866211e+00
3.128063917160034180e+00
3.335471153259277344e+00
3.372599124908447266e+00
2.994220972061157227e+00
4.020565986633300781e+00
4.323916912078857422e+00
3.469791173934936523e+00
4.008708000183105469e+00
3.907783031463623047e+00
3.894443988800048828e+00
3.441748142242431641e+00
3.962190866470336914e+00
3.050440311431884766e+00
2.461531877517700195e+00
4.251026868820190430e+00
4.127502202987670898e+00
4.098978042602539062e+00
4.134040117263793945e+00
3.859025001525878906e+00
3.899013042449951172e+00
3.856482982635498047e+00
2.366601943969726562e+00
3.620008945465087891e+00
3.546545982360839844e+00
3.846819877624511719e+00
4.045289993286132812e+00
2.789698123931884766e+00
3.622123956680297852e+00
2.722456216812133789e+00
2.805454254150390625e+00
3.257787227630615234e+00
3.435791969299316406e+00
3.298851013183593750e+00
3.876230955123901367e+00
3.677246809005737305e+00
3.430601119995117188e+00
3.735558271408081055e+00
4.421931982040405273e+00
3.066411018371582031e+00
4.789129972457885742e+00
4.577377080917358398e+00
3.547589063644409180e+00
4.379408121109008789e+00
3.511171817779541016e+00
3.657964944839477539e+00
4.660505056381225586e+00
3.182352066040039062e+00
3.081578969955444336e+00
3.769779205322265625e+00
4.244298934936523438e+00
2.967909812927246094e+00
4.817071914672851562e+00
4.618244886398315430e+00
4.009838104248046875e+00
3.076237916946411133e+00
4.463984966278076172e+00
4.954482078552246094e+00
3.970718860626220703e+00
4.573779106140136719e+00
3.069124937057495117e+00
4.043123960494995117e+00
3.796365022659301758e+00
4.008345127105712891e+00
3.408526897430419922e+00
3.681266784667968750e+00
4.489528656005859375e+00
4.810928106307983398e+00
3.694836139678955078e+00
3.334022045135498047e+00
3.809250116348266602e+00
3.550475120544433594e+00
3.159777164459228516e+00
3.390077352523803711e+00
4.049063205718994141e+00
3.243545770645141602e+00
4.015223979949951172e+00
3.150633096694946289e+00
3.331283807754516602e+00
3.412720203399658203e+00
3.157611131668090820e+00
3.530556201934814453e+00
3.552338838577270508e+00
4.136743783950805664e+00
2.906821012496948242e+00
3.778686046600341797e+00
3.659341096878051758e+00
2.847826957702636719e+00
2.989658832550048828e+00
3.881106853485107422e+00
3.297590970993041992e+00
3.975811004638671875e+00
3.038625955581665039e+00
2.729734182357788086e+00
2.507968902587890625e+00
3.007635116577148438e+00
3.998285055160522461e+00
2.437060832977294922e+00
4.046738862991333008e+00
3.179315090179443359e+00
3.275439023971557617e+00
2.412987947463989258e+00
3.243263006210327148e+00
3.149773120880126953e+00
3.652753114700317383e+00
4.483139753341674805e+00
3.722846031188964844e+00
3.284358739852905273e+00
4.057318210601806641e+00
4.139591932296752930e+00
3.346594095230102539e+00
4.815595149993896484e+00
3.325054883956909180e+00
3.921790361404418945e+00
3.348579168319702148e+00
3.667201042175292969e+00
3.403247833251953125e+00
4.120365142822265625e+00
3.786180019378662109e+00
4.098963022232055664e+00
4.821350097656250000e+00
3.853533029556274414e+00
3.930979013442993164e+00
3.388382911682128906e+00
3.656872034072875977e+00
2.536399126052856445e+00
2.967667818069458008e+00
3.699703931808471680e+00
2.910319089889526367e+00
2.918232202529907227e+00
3.407264947891235352e+00
3.441511154174804688e+00
2.870861768722534180e+00
4.468846082687377930e+00
3.373186111450195312e+00
4.214227199554443359e+00
3.073052883148193359e+00
3.056154012680053711e+00
2.825551986694335938e+00
4.279443979263305664e+00
3.627281904220581055e+00
3.967415094375610352e+00
5.122158050537109375e+00
2.749200105667114258e+00
2.807378053665161133e+00
3.407703876495361328e+00
2.878544807434082031e+00
2.298611879348754883e+00
3.905833005905151367e+00
3.930541992187500000e+00
3.124841928482055664e+00
2.685245275497436523e+00
4.134114742279052734e+00
3.323680639266967773e+00
3.366299867630004883e+00
3.155561208724975586e+00
2.911975860595703125e+00
2.579802989959716797e+00
3.006214141845703125e+00
3.168619155883789062e+00
4.050533056259155273e+00
3.219924926757812500e+00
2.689269065856933594e+00
2.349571704864501953e+00
3.306591987609863281e+00
3.354945898056030273e+00
3.322279930114746094e+00
2.967818021774291992e+00
4.832947015762329102e+00
3.368330001831054688e+00
3.484228849411010742e+00
3.944011211395263672e+00
2.780297994613647461e+00
2.362369060516357422e+00
3.357104063034057617e+00
3.259097099304199219e+00
2.959466934204101562e+00
2.549594879150390625e+00
3.298959016799926758e+00
4.005088090896606445e+00
2.357668876647949219e+00
4.254474878311157227e+00
2.920894861221313477e+00
3.149271965026855469e+00
3.980736017227172852e+00
3.660229921340942383e+00
2.897460937500000000e+00
2.788107156753540039e+00
2.759346008300781250e+00
2.654747247695922852e+00
3.298733949661254883e+00
2.854450941085815430e+00
2.848802089691162109e+00
3.382250070571899414e+00
3.190313100814819336e+00
2.969113111495971680e+00
3.221985101699829102e+00
2.502837181091308594e+00
3.112692832946777344e+00
3.099540948867797852e+00
3.025631904602050781e+00
2.935300111770629883e+00
3.011008024215698242e+00
2.938293695449829102e+00
3.040524959564208984e+00
3.240059852600097656e+00
3.228790998458862305e+00
3.202155113220214844e+00
3.260708808898925781e+00
2.274574756622314453e+00
3.035298109054565430e+00
3.462121248245239258e+00
2.698046922683715820e+00
3.108446359634399414e+00
3.260071039199829102e+00
2.780188322067260742e+00
3.268481016159057617e+00
4.140760183334350586e+00
3.392653703689575195e+00
3.380276918411254883e+00
3.610320091247558594e+00
3.442583084106445312e+00
3.537854909896850586e+00
2.659746885299682617e+00
3.453399896621704102e+00
3.490351676940917969e+00
3.433471918106079102e+00
3.860225200653076172e+00
3.532716989517211914e+00
3.598536968231201172e+00
3.273042917251586914e+00
2.826171875000000000e+00
3.075399875640869141e+00
3.371100902557373047e+00
4.023827075958251953e+00
3.326576948165893555e+00
2.821204900741577148e+00
3.710416793823242188e+00
3.064637899398803711e+00
4.449111938476562500e+00
4.256827831268310547e+00
3.595321893692016602e+00
3.689830303192138672e+00
4.033731698989868164e+00
3.810145854949951172e+00
3.697340011596679688e+00
3.239327192306518555e+00
3.678451061248779297e+00
3.436960935592651367e+00
3.325027227401733398e+00
3.420135974884033203e+00
3.128695011138916016e+00
3.971263170242309570e+00
3.531936883926391602e+00
3.675953149795532227e+00
3.683420896530151367e+00
3.571405172348022461e+00
3.603957891464233398e+00
3.699161052703857422e+00
4.733132839202880859e+00
2.801054954528808594e+00
3.865839242935180664e+00
3.471318960189819336e+00
4.113059282302856445e+00
3.381986141204833984e+00
3.775757074356079102e+00
3.638644933700561523e+00
3.395318984985351562e+00
3.961694955825805664e+00
3.627670049667358398e+00
3.049292087554931641e+00
3.426521778106689453e+00
2.827026128768920898e+00
3.941139936447143555e+00
3.701550960540771484e+00
3.949399948120117188e+00
4.130217075347900391e+00
4.881803035736083984e+00
3.895116806030273438e+00
2.845749616622924805e+00
2.809886932373046875e+00
4.302300214767456055e+00
4.150564193725585938e+00
3.779486179351806641e+00
3.548857212066650391e+00
3.266616106033325195e+00
2.742010831832885742e+00
4.278438806533813477e+00
4.487814188003540039e+00
4.316579818725585938e+00
3.684198141098022461e+00
3.964623928070068359e+00
3.992285013198852539e+00
4.393536090850830078e+00
4.467844724655151367e+00
4.632342100143432617e+00
3.813895225524902344e+00
4.598860979080200195e+00
4.821993112564086914e+00
4.077825784683227539e+00
5.046215772628784180e+00
4.562890052795410156e+00
4.726510047912597656e+00
4.019859075546264648e+00
4.443764925003051758e+00
3.661098003387451172e+00
3.540001869201660156e+00
4.515773057937622070e+00
4.191668987274169922e+00
4.259844779968261719e+00
3.447144985198974609e+00
4.234730005264282227e+00
4.119925975799560547e+00
4.632369756698608398e+00
5.079244852066040039e+00
4.601474046707153320e+00
4.552003145217895508e+00
4.168912172317504883e+00
2.695920228958129883e+00
3.656141042709350586e+00
4.156355857849121094e+00
5.102521896362304688e+00
3.316597938537597656e+00
4.249455213546752930e+00
5.187659025192260742e+00
2.767110824584960938e+00
4.773700714111328125e+00
4.465167045593261719e+00
4.072305917739868164e+00
4.362953901290893555e+00
4.818782806396484375e+00
3.987668991088867188e+00
3.773109912872314453e+00
3.943068981170654297e+00
3.504507780075073242e+00
4.122077941894531250e+00
4.013314723968505859e+00
3.181638240814208984e+00
3.172859191894531250e+00
3.644464969635009766e+00
3.779294967651367188e+00
3.232832908630371094e+00
3.840434074401855469e+00
4.012501001358032227e+00
3.080056905746459961e+00
3.862966060638427734e+00
3.117169141769409180e+00
3.164751291275024414e+00
4.084422349929809570e+00
4.800943136215209961e+00
3.580862760543823242e+00
3.302929878234863281e+00
3.597100019454956055e+00
4.238784074783325195e+00
3.520739078521728516e+00
3.643478870391845703e+00
5.244148015975952148e+00
3.702681064605712891e+00
4.143367052078247070e+00
3.413323163986206055e+00
4.095731258392333984e+00
3.821435928344726562e+00
3.235293865203857422e+00
4.179995775222778320e+00
4.286746025085449219e+00
3.852537870407104492e+00
3.731818914413452148e+00
5.085066080093383789e+00
4.177066326141357422e+00
3.871537208557128906e+00
3.760596990585327148e+00
3.936022043228149414e+00
3.930393934249877930e+00
2.975666999816894531e+00
3.098870038986206055e+00
3.256103992462158203e+00
2.896607160568237305e+00
3.472441196441650391e+00
2.975116014480590820e+00
3.017514944076538086e+00
2.965446949005126953e+00
2.637647151947021484e+00
2.862282991409301758e+00
3.070971965789794922e+00
3.754327058792114258e+00
4.180337190628051758e+00
4.192271709442138672e+00
3.115741968154907227e+00
3.780514001846313477e+00
3.696423053741455078e+00
3.283019065856933594e+00
3.779237747192382812e+00
3.886951208114624023e+00
2.402677059173583984e+00
3.426459789276123047e+00
4.103070259094238281e+00
3.305224895477294922e+00
3.656779050827026367e+00
2.908125162124633789e+00
3.842401027679443359e+00
4.084123134613037109e+00
3.675833940505981445e+00
4.148169994354248047e+00
3.091996908187866211e+00
3.170793294906616211e+00
4.596714019775390625e+00
3.116204023361206055e+00
4.177048921585083008e+00
2.390368938446044922e+00
3.718131065368652344e+00
2.493244886398315430e+00
3.042304039001464844e+00
4.087476968765258789e+00
3.785394191741943359e+00
3.561340808868408203e+00
3.946427822113037109e+00
3.018580913543701172e+00
3.884428977966308594e+00
4.647002220153808594e+00
2.696763992309570312e+00
6.435381889343261719e+00
3.896262884140014648e+00
4.312780857086181641e+00
4.591497898101806641e+00
2.473122119903564453e+00
2.604011058807373047e+00
3.102849006652832031e+00
3.230930805206298828e+00
3.875486850738525391e+00
3.679976224899291992e+00
3.179901838302612305e+00
3.362396955490112305e+00
3.264699935913085938e+00
3.851158857345581055e+00
2.503024816513061523e+00
3.420989990234375000e+00
3.831247091293334961e+00
4.415313005447387695e+00
3.918299913406372070e+00
3.698130130767822266e+00
4.471565008163452148e+00
4.959836959838867188e+00
4.497961044311523438e+00
3.252043008804321289e+00
2.798763036727905273e+00
2.928519964218139648e+00
4.299639940261840820e+00
3.331378936767578125e+00
2.955941677093505859e+00
3.364460945129394531e+00
3.843514919281005859e+00
4.948840379714965820e+00
4.541043043136596680e+00
3.266164064407348633e+00
3.257168769836425781e+00
3.401486873626708984e+00
2.897522211074829102e+00
5.793415069580078125e+00
4.413038969039916992e+00
3.751531124114990234e+00
6.185018301010131836e+00
3.779432773590087891e+00
3.744573116302490234e+00
4.103815078735351562e+00
4.206001043319702148e+00
4.231123924255371094e+00
4.243044137954711914e+00
4.247062206268310547e+00
3.918875932693481445e+00
4.287467002868652344e+00
4.821810960769653320e+00
4.357852935791015625e+00
4.143067121505737305e+00
4.087628841400146484e+00
3.891124010086059570e+00
4.190529108047485352e+00
4.142732143402099609e+00
3.928128957748413086e+00
4.435969829559326172e+00
4.211729049682617188e+00
3.324012041091918945e+00
3.840065002441406250e+00
3.326778173446655273e+00
4.130454063415527344e+00
4.334865808486938477e+00
4.035968065261840820e+00
3.902014017105102539e+00
4.641715288162231445e+00
4.698128938674926758e+00
2.628465890884399414e+00
3.115842103958129883e+00
4.660479068756103516e+00
3.396069765090942383e+00
3.241048812866210938e+00
3.438649892807006836e+00
3.458938121795654297e+00
2.299419164657592773e+00
4.905350923538208008e+00
4.910000801086425781e+00
4.203227043151855469e+00
3.780546903610229492e+00
4.000799894332885742e+00
4.511408805847167969e+00
3.996984958648681641e+00
4.267975091934204102e+00
4.931319952011108398e+00
5.286753892898559570e+00
4.448249816894531250e+00
3.537455081939697266e+00
4.258277177810668945e+00
3.777215003967285156e+00
6.344453811645507812e+00
4.752922058105468750e+00
4.165795087814331055e+00
3.498368740081787109e+00
4.328712940216064453e+00
3.829653024673461914e+00
3.714885711669921875e+00
3.765243768692016602e+00
4.329504966735839844e+00
4.123399972915649414e+00
3.810947179794311523e+00
3.922073841094970703e+00
3.541745185852050781e+00
4.615678071975708008e+00
3.916578054428100586e+00
3.898422002792358398e+00
5.131045103073120117e+00
3.738318920135498047e+00
5.098421812057495117e+00
4.013931035995483398e+00
4.048018932342529297e+00
3.532954216003417969e+00
3.910338878631591797e+00
4.213270187377929688e+00
3.848768949508666992e+00
3.898112773895263672e+00
3.222185850143432617e+00
6.209908962249755859e+00
3.407191753387451172e+00
3.326676845550537109e+00
4.385983943939208984e+00
4.179718971252441406e+00
3.215276002883911133e+00
4.983228921890258789e+00
5.375327110290527344e+00
3.152378797531127930e+00
3.298915863037109375e+00
5.469509840011596680e+00
4.412814140319824219e+00
3.562170982360839844e+00
3.547497034072875977e+00
3.374114751815795898e+00
3.505802869796752930e+00
3.156214952468872070e+00
4.054474115371704102e+00
3.907607078552246094e+00
3.630726814270019531e+00
2.316837310791015625e+00
5.629883289337158203e+00
3.954179048538208008e+00
4.102084159851074219e+00
4.479070901870727539e+00
4.765147686004638672e+00
4.673603057861328125e+00
5.723659992218017578e+00
4.269046068191528320e+00
3.821370124816894531e+00
3.882559061050415039e+00
2.434120178222656250e+00
3.823043823242187500e+00
3.126924991607666016e+00
3.310964345932006836e+00
2.812855958938598633e+00
5.132612705230712891e+00
3.126722097396850586e+00
2.778142929077148438e+00
2.731817960739135742e+00
2.350616216659545898e+00
2.637691020965576172e+00
4.473622083663940430e+00
4.160834074020385742e+00
4.933092832565307617e+00
3.803803920745849609e+00
4.672730207443237305e+00
3.918196201324462891e+00
2.828964948654174805e+00
4.124584913253784180e+00
2.831050157546997070e+00
3.052917003631591797e+00
3.670658826828002930e+00
3.897413015365600586e+00
3.488238096237182617e+00
3.661055088043212891e+00
3.573045015335083008e+00
4.612840890884399414e+00
2.798266649246215820e+00
2.815404891967773438e+00
3.577370882034301758e+00
3.057138919830322266e+00
3.647962093353271484e+00
2.939375162124633789e+00
3.283893108367919922e+00
4.359963893890380859e+00
2.854931116104125977e+00
3.162172317504882812e+00
3.140511035919189453e+00
3.590362071990966797e+00
3.933080196380615234e+00
3.721879720687866211e+00
4.449375152587890625e+00
3.721039295196533203e+00
2.369324684143066406e+00
3.280034780502319336e+00
4.765425920486450195e+00
3.842081069946289062e+00
4.048818826675415039e+00
4.534090995788574219e+00
3.470302820205688477e+00
3.411833763122558594e+00
4.756203889846801758e+00
4.950933933258056641e+00
2.737892150878906250e+00
4.191359043121337891e+00
5.997399806976318359e+00
4.609021186828613281e+00
4.085214853286743164e+00
2.478449821472167969e+00
2.343267917633056641e+00
2.959398269653320312e+00
4.054183959960937500e+00
2.739927053451538086e+00
2.785649776458740234e+00
2.888147115707397461e+00
2.779129981994628906e+00
2.558102846145629883e+00
3.040312290191650391e+00
2.760029315948486328e+00
2.774256944656372070e+00
4.914002895355224609e+00
2.693886995315551758e+00
2.656830072402954102e+00
2.948301076889038086e+00
2.850422143936157227e+00
3.199980974197387695e+00
3.064199209213256836e+00
3.104060888290405273e+00
3.162122011184692383e+00
2.577539920806884766e+00
3.321444272994995117e+00
2.695183038711547852e+00
3.248058080673217773e+00
3.382274150848388672e+00
2.475891828536987305e+00
2.672359943389892578e+00
2.809197902679443359e+00
3.269408941268920898e+00
3.177202939987182617e+00
2.600786209106445312e+00
3.284216165542602539e+00
2.504084825515747070e+00
2.822223901748657227e+00
2.693961858749389648e+00
3.219028234481811523e+00
2.690790891647338867e+00
3.103117227554321289e+00
3.012199878692626953e+00
2.568461179733276367e+00
3.183104038238525391e+00
3.055248975753784180e+00
2.843628168106079102e+00
2.546770095825195312e+00
3.023266792297363281e+00
2.884912967681884766e+00
3.693146228790283203e+00
3.743554115295410156e+00
3.117704868316650391e+00
3.280362129211425781e+00
3.226866006851196289e+00
3.572452068328857422e+00
3.468713998794555664e+00
2.956722974777221680e+00
3.680150032043457031e+00
3.744475841522216797e+00
3.434612035751342773e+00
3.133159160614013672e+00
3.149334192276000977e+00
3.838681697845458984e+00
3.003762722015380859e+00
3.063037872314453125e+00
3.714307069778442383e+00
3.827274084091186523e+00
3.450116157531738281e+00
3.483462095260620117e+00
3.224169015884399414e+00
2.744700193405151367e+00
3.535536050796508789e+00
4.824873924255371094e+00
4.163922786712646484e+00
4.318967819213867188e+00
2.700153112411499023e+00
4.237505197525024414e+00
4.405923128128051758e+00
4.227396965026855469e+00
3.970541954040527344e+00
2.841391801834106445e+00
4.510265827178955078e+00
3.173726081848144531e+00
2.990611076354980469e+00
4.107636928558349609e+00
3.800287961959838867e+00
4.528303861618041992e+00
4.165340900421142578e+00
2.635188102722167969e+00
4.031795024871826172e+00
3.881459951400756836e+00
4.152470827102661133e+00
4.677762746810913086e+00
4.162353992462158203e+00
3.160382986068725586e+00
3.576250076293945312e+00
3.454396963119506836e+00
4.023662805557250977e+00
4.754306077957153320e+00
4.753957033157348633e+00
3.609096765518188477e+00
4.964509963989257812e+00
4.284512042999267578e+00
3.584039926528930664e+00
4.247380971908569336e+00
3.431244134902954102e+00
3.642055988311767578e+00
3.653341770172119141e+00
3.675196886062622070e+00
3.463334083557128906e+00
4.537229061126708984e+00
4.459935903549194336e+00
3.483599901199340820e+00
2.599839925765991211e+00
4.410179138183593750e+00
3.183089017868041992e+00
3.557291030883789062e+00
5.004701375961303711e+00
3.944945812225341797e+00
3.814068078994750977e+00
4.520471096038818359e+00
4.180984973907470703e+00
3.939085006713867188e+00
2.716055870056152344e+00
3.395526885986328125e+00
4.704698085784912109e+00
4.281373977661132812e+00
2.696691989898681641e+00
2.987124919891357422e+00
3.144098043441772461e+00
5.271662950515747070e+00
5.271687984466552734e+00
3.471246004104614258e+00
4.582281112670898438e+00
3.868271112442016602e+00
3.728668928146362305e+00
4.703834056854248047e+00
2.945898056030273438e+00
4.847187042236328125e+00
2.960301160812377930e+00
3.623764991760253906e+00
5.242234230041503906e+00
4.893938779830932617e+00
4.184012889862060547e+00
4.253651857376098633e+00
4.166885137557983398e+00
2.952394962310791016e+00
3.769639253616333008e+00
3.636330127716064453e+00
4.263688802719116211e+00
5.546375036239624023e+00
3.414607048034667969e+00
3.671183824539184570e+00
3.831486225128173828e+00
3.005020856857299805e+00
2.805312156677246094e+00
3.480221986770629883e+00
3.511778831481933594e+00
5.021599054336547852e+00
3.374873876571655273e+00
2.239658832550048828e+00
3.999190092086791992e+00
3.927511692047119141e+00
3.706809043884277344e+00
3.551498889923095703e+00
3.683336973190307617e+00
4.116050958633422852e+00
3.808895826339721680e+00
5.598339080810546875e+00
4.144141197204589844e+00
4.311786174774169922e+00
3.753235101699829102e+00
4.266260862350463867e+00
3.309211730957031250e+00
3.657419919967651367e+00
4.269756793975830078e+00
3.563962221145629883e+00
4.507146358489990234e+00
3.566263198852539062e+00
4.163586854934692383e+00
4.806640863418579102e+00
3.498575210571289062e+00
3.319446086883544922e+00
4.668294906616210938e+00
3.267148971557617188e+00
3.531947135925292969e+00
4.504460096359252930e+00
3.968189954757690430e+00
3.780262231826782227e+00
3.922804117202758789e+00
3.764215946197509766e+00
3.318022012710571289e+00
3.714226961135864258e+00
3.874264001846313477e+00
3.687649965286254883e+00
3.504277944564819336e+00
3.326929092407226562e+00
3.726634025573730469e+00
4.310681819915771484e+00
4.111325025558471680e+00
2.579308986663818359e+00
4.429754972457885742e+00
4.359885931015014648e+00
3.990494012832641602e+00
4.761892795562744141e+00
2.464632987976074219e+00
4.965745210647583008e+00
3.008846044540405273e+00
4.865839004516601562e+00
2.962299108505249023e+00
5.052324056625366211e+00
4.190243244171142578e+00
4.168521881103515625e+00
4.020130872726440430e+00
4.873033046722412109e+00
3.235745906829833984e+00
4.462360143661499023e+00
2.483917951583862305e+00
2.169806003570556641e+00
2.684342861175537109e+00
2.607198953628540039e+00
4.805319786071777344e+00
2.631139993667602539e+00
2.747128009796142578e+00
2.696178197860717773e+00
2.751299858093261719e+00
3.001488208770751953e+00
2.724097728729248047e+00
2.656985044479370117e+00
2.705265283584594727e+00
2.492200851440429688e+00
3.769297122955322266e+00
2.906994819641113281e+00
2.843802928924560547e+00
3.190246820449829102e+00
2.829241991043090820e+00
3.548597812652587891e+00
3.612935781478881836e+00
3.807903051376342773e+00
3.026934146881103516e+00
2.887511014938354492e+00
3.060229778289794922e+00
2.645248174667358398e+00
4.034912109375000000e+00
4.525605201721191406e+00
4.970759153366088867e+00
4.008276939392089844e+00
3.575126886367797852e+00
3.860630989074707031e+00
4.842088937759399414e+00
4.893745183944702148e+00
3.332734823226928711e+00
3.958577871322631836e+00
3.334278821945190430e+00
4.639574050903320312e+00
4.380792856216430664e+00
3.333920001983642578e+00
3.422201871871948242e+00
4.213018655776977539e+00
4.309667825698852539e+00
4.829351902008056641e+00
3.843523740768432617e+00
4.030236005783081055e+00
3.820909023284912109e+00
3.846064090728759766e+00
3.777345180511474609e+00
4.621140956878662109e+00
3.490256071090698242e+00
3.652604818344116211e+00
3.373651981353759766e+00
3.709274053573608398e+00
2.950140953063964844e+00
3.672535181045532227e+00
3.683794260025024414e+00
3.438284158706665039e+00
3.926950931549072266e+00
3.827693700790405273e+00
3.326988935470581055e+00
3.194235086441040039e+00
3.027613162994384766e+00
3.465504884719848633e+00
3.537460327148437500e+00
3.396014690399169922e+00
3.331562995910644531e+00
4.825739860534667969e+00
4.009583234786987305e+00
3.860555887222290039e+00
3.976539134979248047e+00
3.907435178756713867e+00
4.050674200057983398e+00
3.115948677062988281e+00
4.978377342224121094e+00
3.661714792251586914e+00
3.571261882781982422e+00
3.902488946914672852e+00
4.086916923522949219e+00
4.125705003738403320e+00
3.943529129028320312e+00
5.175975084304809570e+00
2.795948028564453125e+00
2.487631797790527344e+00
4.357831954956054688e+00
3.793962955474853516e+00
4.486094236373901367e+00
3.554694175720214844e+00
3.478020906448364258e+00
3.780637025833129883e+00
3.779446125030517578e+00
2.620442152023315430e+00
3.361266136169433594e+00
4.428882837295532227e+00
5.801911115646362305e+00
4.251928806304931641e+00
4.129284858703613281e+00
3.209383010864257812e+00
3.663019180297851562e+00
2.943706274032592773e+00
4.190587043762207031e+00
4.060560226440429688e+00
4.244251728057861328e+00
2.911411046981811523e+00
5.582520008087158203e+00
3.969316244125366211e+00
3.945791006088256836e+00
4.186101913452148438e+00
4.643101930618286133e+00
2.965348720550537109e+00
3.415785074234008789e+00
2.951619148254394531e+00
2.658991098403930664e+00
4.418411731719970703e+00
4.003092050552368164e+00
2.822844982147216797e+00
3.554469108581542969e+00
4.480765104293823242e+00
4.252138853073120117e+00
2.329128026962280273e+00
3.749603986740112305e+00
3.730612993240356445e+00
4.417063951492309570e+00
4.278805971145629883e+00
2.433063745498657227e+00
3.484067916870117188e+00
4.384562969207763672e+00
3.023185014724731445e+00
3.949531793594360352e+00
6.142410039901733398e+00
4.075286865234375000e+00
3.917017936706542969e+00
4.709193944931030273e+00
3.178608894348144531e+00
2.544401884078979492e+00
3.440886974334716797e+00
3.455699205398559570e+00
4.753205060958862305e+00
3.388329982757568359e+00
3.750765085220336914e+00
4.552617073059082031e+00
3.088789939880371094e+00
4.627127647399902344e+00
4.066175937652587891e+00
6.378360033035278320e+00
3.433419942855834961e+00
3.689661026000976562e+00
3.238925218582153320e+00
3.554144859313964844e+00
3.533531904220581055e+00
3.503736972808837891e+00
3.778429269790649414e+00
3.979831218719482422e+00
3.339840173721313477e+00
3.941431760787963867e+00
4.696001052856445312e+00
2.828430175781250000e+00
4.013566017150878906e+00
2.548190116882324219e+00
2.826895236968994141e+00
2.691746234893798828e+00
5.076967000961303711e+00
2.365188121795654297e+00
4.698763132095336914e+00
3.348502874374389648e+00
3.023622035980224609e+00
1.993667125701904297e+00
3.314754009246826172e+00
2.446458101272583008e+00
2.433066844940185547e+00
3.303089857101440430e+00
3.525848150253295898e+00
4.908007860183715820e+00
4.850794076919555664e+00
3.549067020416259766e+00
3.633112907409667969e+00
2.411497354507446289e+00
2.982182741165161133e+00
3.678415060043334961e+00
3.900670051574707031e+00
5.204076766967773438e+00
4.362900972366333008e+00
3.020566940307617188e+00
4.092256069183349609e+00
4.545413017272949219e+00
4.482134103775024414e+00
3.504782915115356445e+00
3.571885824203491211e+00
2.738872051239013672e+00
2.730561971664428711e+00
3.320533990859985352e+00
3.971498012542724609e+00
3.384801149368286133e+00
3.786297082901000977e+00
2.373311996459960938e+00
4.195285797119140625e+00
3.284572124481201172e+00
3.063720941543579102e+00
2.721644163131713867e+00
3.370029926300048828e+00
3.416992187500000000e+00
4.024853944778442383e+00
2.651213169097900391e+00
3.349468946456909180e+00
3.810910940170288086e+00
3.528456211090087891e+00
3.712216138839721680e+00
2.678941965103149414e+00
3.494661808013916016e+00
3.485660314559936523e+00
2.320699691772460938e+00
2.675495147705078125e+00
3.500905990600585938e+00
3.847577095031738281e+00
2.584043025970458984e+00
2.603477001190185547e+00
2.618604898452758789e+00
3.827482938766479492e+00
3.535573005676269531e+00
2.805334091186523438e+00
3.897176265716552734e+00
3.702919960021972656e+00
3.240173101425170898e+00
3.063827037811279297e+00
3.446460247039794922e+00
2.524315118789672852e+00
3.015846967697143555e+00
2.970814943313598633e+00
3.498435020446777344e+00
3.272855997085571289e+00
2.440883874893188477e+00
3.273981094360351562e+00
3.354985952377319336e+00
2.791198968887329102e+00
2.539896726608276367e+00
2.515329837799072266e+00
2.901186943054199219e+00
3.265872001647949219e+00
2.890093088150024414e+00
2.677106857299804688e+00
2.836463212966918945e+00
2.794955968856811523e+00
2.482021808624267578e+00
2.992476224899291992e+00
2.778931856155395508e+00
2.997397184371948242e+00
3.132648229598999023e+00
3.927850961685180664e+00
3.222095251083374023e+00
3.289716005325317383e+00
3.740323066711425781e+00
2.954015016555786133e+00
3.738521099090576172e+00
3.571405172348022461e+00
2.773930072784423828e+00
3.898955106735229492e+00
3.024583101272583008e+00
2.710819244384765625e+00
3.119194984436035156e+00
3.061947107315063477e+00
3.118630886077880859e+00
2.734810829162597656e+00
3.125038146972656250e+00
2.884799003601074219e+00
2.677248001098632812e+00
3.092177152633666992e+00
2.887630939483642578e+00
2.955692768096923828e+00
3.168327808380126953e+00
1.884057283401489258e+00
3.181970119476318359e+00
2.774268150329589844e+00
2.779291868209838867e+00
3.633763790130615234e+00
2.966383218765258789e+00
2.972814083099365234e+00
3.039577960968017578e+00
3.378311872482299805e+00
3.030155897140502930e+00
3.409639120101928711e+00
3.119800806045532227e+00
3.324585199356079102e+00
3.335721015930175781e+00
3.287035942077636719e+00
3.004566192626953125e+00
2.365179777145385742e+00
3.074257850646972656e+00
3.245599031448364258e+00
2.808122873306274414e+00
2.777978897094726562e+00
3.177310943603515625e+00
3.380403995513916016e+00
3.311020135879516602e+00
3.198172092437744141e+00
3.931528806686401367e+00
3.328006982803344727e+00
3.413830280303955078e+00
2.840763807296752930e+00
2.697758913040161133e+00
3.455099105834960938e+00
3.262576103210449219e+00
3.619846105575561523e+00
3.216607093811035156e+00
3.132246017456054688e+00
2.924645185470581055e+00
3.493184089660644531e+00
3.170576810836791992e+00
3.567507028579711914e+00
2.753935813903808594e+00
3.543783187866210938e+00
4.591015100479125977e+00
2.728197813034057617e+00
3.663458824157714844e+00
2.364074945449829102e+00
2.878930807113647461e+00
3.170975923538208008e+00
3.191436052322387695e+00
3.991757869720458984e+00
3.329730987548828125e+00
3.691077232360839844e+00
2.903810024261474609e+00
3.387747764587402344e+00
2.973306894302368164e+00
3.005489110946655273e+00
3.171448945999145508e+00
3.261758804321289062e+00
3.516072988510131836e+00
3.842704296112060547e+00
4.050804138183593750e+00
2.626948118209838867e+00
2.968446969985961914e+00
3.922773122787475586e+00
3.697058916091918945e+00
2.697612047195434570e+00
2.878839969635009766e+00
2.777867078781127930e+00
2.776325225830078125e+00
2.759097099304199219e+00
2.877528905868530273e+00
3.065671920776367188e+00
3.673496007919311523e+00
3.298422098159790039e+00
4.158777713775634766e+00
3.017101049423217773e+00
2.881122112274169922e+00
3.072613954544067383e+00
3.869333028793334961e+00
3.115265846252441406e+00
3.230918884277343750e+00
3.782137870788574219e+00
3.498087882995605469e+00
3.957633733749389648e+00
3.750100135803222656e+00
3.755990028381347656e+00
4.027642726898193359e+00
3.171104669570922852e+00
3.381047010421752930e+00
1.976511001586914062e+00
4.053838014602661133e+00
3.378571033477783203e+00
3.234845876693725586e+00
3.681416988372802734e+00
3.159701108932495117e+00
3.500504255294799805e+00
3.480807304382324219e+00
3.271656036376953125e+00
3.810400009155273438e+00
2.260528326034545898e+00
3.363355159759521484e+00
3.734007835388183594e+00
3.580107927322387695e+00
4.533710718154907227e+00
3.061995983123779297e+00
3.679656982421875000e+00
3.589624166488647461e+00
2.978342771530151367e+00
4.012086153030395508e+00
3.362015962600708008e+00
3.752194643020629883e+00
3.834005117416381836e+00
3.925665140151977539e+00
4.640691041946411133e+00
3.982204914093017578e+00
2.889351129531860352e+00
2.779026031494140625e+00
2.958440065383911133e+00
2.587311983108520508e+00
3.925105810165405273e+00
2.586938142776489258e+00
3.987034082412719727e+00
3.657208919525146484e+00
3.843625307083129883e+00
3.945173978805541992e+00
2.981134891510009766e+00
3.395195960998535156e+00
4.417963981628417969e+00
3.835232973098754883e+00
3.049628019332885742e+00
2.838902950286865234e+00
3.837954998016357422e+00
3.885134220123291016e+00
3.411930799484252930e+00
3.504443883895874023e+00
2.784341096878051758e+00
3.404844045639038086e+00
4.117406845092773438e+00
4.327316999435424805e+00
4.235125064849853516e+00
4.033074855804443359e+00
3.930648803710937500e+00
3.372385978698730469e+00
3.444574117660522461e+00
3.271095037460327148e+00
3.551985025405883789e+00
3.385664939880371094e+00
3.332940101623535156e+00
3.617751121520996094e+00
4.058335065841674805e+00
3.060431718826293945e+00
4.486620903015136719e+00
4.166251897811889648e+00
2.495275974273681641e+00
3.993818759918212891e+00
4.949301719665527344e+00
3.162374973297119141e+00
3.316537857055664062e+00
3.132970094680786133e+00
3.271432876586914062e+00
4.734188079833984375e+00
3.317848920822143555e+00
3.227324962615966797e+00
3.402260065078735352e+00
3.264902830123901367e+00
3.035525798797607422e+00
3.264601230621337891e+00
3.265360832214355469e+00
3.438809633255004883e+00
3.452181100845336914e+00
4.062155961990356445e+00
3.383931159973144531e+00
3.470452070236206055e+00
3.940564155578613281e+00
3.706109046936035156e+00
2.744163036346435547e+00
4.896333217620849609e+00
3.297444105148315430e+00
3.506765842437744141e+00
4.443374156951904297e+00
4.436357021331787109e+00
3.129583120346069336e+00
4.070398330688476562e+00
3.599261045455932617e+00
3.243916988372802734e+00
3.179503917694091797e+00
3.216233968734741211e+00
4.896310091018676758e+00
3.862040996551513672e+00
3.304073810577392578e+00
3.260268926620483398e+00
3.471176147460937500e+00
4.072843790054321289e+00
3.152631998062133789e+00
3.374076843261718750e+00
3.222859144210815430e+00
3.358720064163208008e+00
3.758417129516601562e+00
3.365624189376831055e+00
2.992321014404296875e+00
3.622521162033081055e+00
3.343991041183471680e+00
3.327445983886718750e+00
3.259414911270141602e+00
4.445446968078613281e+00
3.430419921875000000e+00
4.333194971084594727e+00
3.371860027313232422e+00
3.590527772903442383e+00
3.415276050567626953e+00
3.496659994125366211e+00
3.411228895187377930e+00
4.121350049972534180e+00
3.528300046920776367e+00
3.716887235641479492e+00
3.465711116790771484e+00
4.286434888839721680e+00
2.742220163345336914e+00
3.985401153564453125e+00
3.527734994888305664e+00
3.927813768386840820e+00
3.360700845718383789e+00
3.291321039199829102e+00
2.785012960433959961e+00
3.398329973220825195e+00
3.535269021987915039e+00
4.291771888732910156e+00
2.514183998107910156e+00
4.348796129226684570e+00
3.842485189437866211e+00
3.512019395828247070e+00
3.748937368392944336e+00
4.461368083953857422e+00
3.094859123229980469e+00
2.671361923217773438e+00
3.652131795883178711e+00
2.827332258224487305e+00
3.535216808319091797e+00
3.258014917373657227e+00
3.625308990478515625e+00
3.565157175064086914e+00
3.684926033020019531e+00
3.120349884033203125e+00
4.795215845108032227e+00
3.995985031127929688e+00
3.022470951080322266e+00
3.652774333953857422e+00
3.334278821945190430e+00
4.201566934585571289e+00
3.730573177337646484e+00
3.364624738693237305e+00
3.152325153350830078e+00
3.928609848022460938e+00
4.193543195724487305e+00
2.712193965911865234e+00
4.319269180297851562e+00
3.022370815277099609e+00
4.281625986099243164e+00
3.350568056106567383e+00
3.247767686843872070e+00
2.826977014541625977e+00
4.889408826828002930e+00
4.261693000793457031e+00
3.592342138290405273e+00
4.339227914810180664e+00
4.012368917465209961e+00
3.195620059967041016e+00
4.071714878082275391e+00
4.015177965164184570e+00
4.277858018875122070e+00
3.476994037628173828e+00
3.206335067749023438e+00
3.430444002151489258e+00
4.107963085174560547e+00
3.160832881927490234e+00
4.160263061523437500e+00
3.546793222427368164e+00
4.788699865341186523e+00
3.648635864257812500e+00
3.880336046218872070e+00
3.614142894744873047e+00
4.485796213150024414e+00
2.764537811279296875e+00
2.821519851684570312e+00
3.131407260894775391e+00
4.159308910369873047e+00
3.102920770645141602e+00
2.823474168777465820e+00
3.432200193405151367e+00
2.652356863021850586e+00
3.459199905395507812e+00
3.293220996856689453e+00
3.094585895538330078e+00
3.516986131668090820e+00
3.224313735961914062e+00
4.048704862594604492e+00
3.988268136978149414e+00
3.500055789947509766e+00
3.648926973342895508e+00
3.126834154129028320e+00
3.383198976516723633e+00
3.689034938812255859e+00
3.262398004531860352e+00
5.398317098617553711e+00
3.746694803237915039e+00
2.696122884750366211e+00
2.968607902526855469e+00
4.043741226196289062e+00
3.626870870590209961e+00
3.200381040573120117e+00
3.781617879867553711e+00
3.796835660934448242e+00
3.653649806976318359e+00
3.480983972549438477e+00
3.803592920303344727e+00
4.191178083419799805e+00
3.765100002288818359e+00
3.236695051193237305e+00
3.927246093750000000e+00
3.243364095687866211e+00
3.503608942031860352e+00
3.994899034500122070e+00
3.324758052825927734e+00
3.579996109008789062e+00
3.260809898376464844e+00
3.646905899047851562e+00
3.539703130722045898e+00
3.209232091903686523e+00
3.847155094146728516e+00
3.972145795822143555e+00
4.355200052261352539e+00
3.914681911468505859e+00
3.804123163223266602e+00
3.170794010162353516e+00
3.984546899795532227e+00
4.221550941467285156e+00
3.066709995269775391e+00
3.246703147888183594e+00
3.879481077194213867e+00
3.067494869232177734e+00
3.482658147811889648e+00
3.407194137573242188e+00
3.143157005310058594e+00
3.744295835494995117e+00
3.721322059631347656e+00
4.441968917846679688e+00
3.840417861938476562e+00
3.526402950286865234e+00
3.724656105041503906e+00
3.339751958847045898e+00
3.845684051513671875e+00
3.473001956939697266e+00
3.984902143478393555e+00
3.024235725402832031e+00
3.636973142623901367e+00
3.532453060150146484e+00
4.357218027114868164e+00
3.193349838256835938e+00
3.503965139389038086e+00
4.022495985031127930e+00
4.059457063674926758e+00
3.792209148406982422e+00
4.643644094467163086e+00
4.710757017135620117e+00
3.563572168350219727e+00
2.736236095428466797e+00
2.700896739959716797e+00
3.509060859680175781e+00
4.589654684066772461e+00
3.723303794860839844e+00
4.238849163055419922e+00
3.704242944717407227e+00
4.089816093444824219e+00
3.680186033248901367e+00
3.788182735443115234e+00
3.506290912628173828e+00
2.523041963577270508e+00
3.861662149429321289e+00
3.709883689880371094e+00
3.225956916809082031e+00
4.058815002441406250e+00
3.942878246307373047e+00
4.503570795059204102e+00
4.446332931518554688e+00
3.777708053588867188e+00
4.111624956130981445e+00
2.959829092025756836e+00
3.060646772384643555e+00
3.924190998077392578e+00
3.549975872039794922e+00
2.911527872085571289e+00
4.464442014694213867e+00
3.230502843856811523e+00
4.418010234832763672e+00
2.339346170425415039e+00
3.470480203628540039e+00
4.382636070251464844e+00
2.986314058303833008e+00
4.732980251312255859e+00
4.175177097320556641e+00
4.431120872497558594e+00
3.207569360733032227e+00
3.370980024337768555e+00
3.502487182617187500e+00
4.101313591003417969e+00
2.856050014495849609e+00
5.480930805206298828e+00
3.292774915695190430e+00
3.669282913208007812e+00
4.463155031204223633e+00
3.319087743759155273e+00
2.876760005950927734e+00
3.690877199172973633e+00
4.275752782821655273e+00
3.272660970687866211e+00
4.462975263595581055e+00
3.258649110794067383e+00
3.051600933074951172e+00
3.928420782089233398e+00
2.891392946243286133e+00
2.989662170410156250e+00
4.766422033309936523e+00
4.578444004058837891e+00
3.133090019226074219e+00
3.198433160781860352e+00
4.386373043060302734e+00
3.282861709594726562e+00
3.611858844757080078e+00
3.869306087493896484e+00
3.571796894073486328e+00
4.006402015686035156e+00
4.466165065765380859e+00
3.705162048339843750e+00
3.363407850265502930e+00
4.349459171295166016e+00
3.850311994552612305e+00
3.585872173309326172e+00
3.064036846160888672e+00
4.042214155197143555e+00
3.864556074142456055e+00
3.681126832962036133e+00
4.286529064178466797e+00
3.786796092987060547e+00
3.203349113464355469e+00
4.019391059875488281e+00
4.007241249084472656e+00
4.655020952224731445e+00
4.860844135284423828e+00
3.904903888702392578e+00
3.497363805770874023e+00
4.091641664505004883e+00
3.537326097488403320e+00
3.803270101547241211e+00
3.696933269500732422e+00
3.388045787811279297e+00
4.011505842208862305e+00
3.930392026901245117e+00
3.804723978042602539e+00
4.568912267684936523e+00
5.215568780899047852e+00
4.099904060363769531e+00
3.471223115921020508e+00
4.583719015121459961e+00
4.430288791656494141e+00
4.366795063018798828e+00
5.284468889236450195e+00
4.322413682937622070e+00
4.449717044830322266e+00
3.965828180313110352e+00
4.430880784988403320e+00
4.483976840972900391e+00
3.339407205581665039e+00
4.043173313140869141e+00
4.060575962066650391e+00
4.350234031677246094e+00
2.751577854156494141e+00
4.410659074783325195e+00
4.079642057418823242e+00
4.388173103332519531e+00
3.522977113723754883e+00
3.114908933639526367e+00
3.278593063354492188e+00
3.805614948272705078e+00
4.521696090698242188e+00
4.040699005126953125e+00
3.596154928207397461e+00
5.184106111526489258e+00
2.689949750900268555e+00
3.033022165298461914e+00
3.066048860549926758e+00
3.166154861450195312e+00
4.093098402023315430e+00
4.274914741516113281e+00
3.045539140701293945e+00
3.490889787673950195e+00
3.295970916748046875e+00
4.126643419265747070e+00
3.243600130081176758e+00
3.191349983215332031e+00
4.336381912231445312e+00
3.709601879119873047e+00
4.970986127853393555e+00
3.764260292053222656e+00
4.412294149398803711e+00
4.350907802581787109e+00
4.213830232620239258e+00
3.640902280807495117e+00
5.160910844802856445e+00
4.021684885025024414e+00
4.010501146316528320e+00
4.393441200256347656e+00
4.477717161178588867e+00
3.230462074279785156e+00
3.580616235733032227e+00
3.978977918624877930e+00
5.734620809555053711e+00
3.127902030944824219e+00
3.081299066543579102e+00
4.520051002502441406e+00
4.297237873077392578e+00
4.037591934204101562e+00
2.675213813781738281e+00
3.543454885482788086e+00
5.306076288223266602e+00
4.372097015380859375e+00
5.774179697036743164e+00
3.028027057647705078e+00
4.043218851089477539e+00
4.532476186752319336e+00
3.360081195831298828e+00
3.607150077819824219e+00
2.543632745742797852e+00
4.475106954574584961e+00
3.216234922409057617e+00
5.342809915542602539e+00
5.210704326629638672e+00
3.637367725372314453e+00
3.551580905914306641e+00
4.695512056350708008e+00
3.340830802917480469e+00
3.503614902496337891e+00
4.991880893707275391e+00
6.432989358901977539e+00
5.229960203170776367e+00
3.457236051559448242e+00
3.784362077713012695e+00
3.740701913833618164e+00
5.140121936798095703e+00
3.911037921905517578e+00
3.168502807617187500e+00
3.456253051757812500e+00
4.257488012313842773e+00
4.557038068771362305e+00
4.442984104156494141e+00
4.565247774124145508e+00
3.826771974563598633e+00
3.348758220672607422e+00
5.280029773712158203e+00
4.830846071243286133e+00
5.113824129104614258e+00
3.353161096572875977e+00
5.528074026107788086e+00
3.965171813964843750e+00
4.046285152435302734e+00
2.969445943832397461e+00
4.052870750427246094e+00
3.493426322937011719e+00
3.949716806411743164e+00
4.027262926101684570e+00
3.851691961288452148e+00
4.082345962524414062e+00
2.806342124938964844e+00
4.050239801406860352e+00
3.050915718078613281e+00
3.811398029327392578e+00
3.942795991897583008e+00
5.573801040649414062e+00
3.316450119018554688e+00
3.875531673431396484e+00
2.988204240798950195e+00
4.641122102737426758e+00
3.913076877593994141e+00
2.640348911285400391e+00
3.467986345291137695e+00
3.140372037887573242e+00
3.250293016433715820e+00
3.490645885467529297e+00
4.470437049865722656e+00
3.484865903854370117e+00
4.288106918334960938e+00
3.632758140563964844e+00
3.924563884735107422e+00
3.023063182830810547e+00
5.241674900054931641e+00
4.083264112472534180e+00
3.347618103027343750e+00
3.183790206909179688e+00
3.191559314727783203e+00
2.718240976333618164e+00
3.172368049621582031e+00
2.325407981872558594e+00
4.114897251129150391e+00
2.561638116836547852e+00
3.789915084838867188e+00
4.100650072097778320e+00
3.378417015075683594e+00
3.377221822738647461e+00
3.829500913619995117e+00
3.848799228668212891e+00
3.356485843658447266e+00
3.357089996337890625e+00
3.379418849945068359e+00
2.964310169219970703e+00
4.087414741516113281e+00
3.256586790084838867e+00
3.590218782424926758e+00
3.560753822326660156e+00
3.356443166732788086e+00
4.263092994689941406e+00
2.494191884994506836e+00
3.664207935333251953e+00
3.438113927841186523e+00
4.042699813842773438e+00
2.927396774291992188e+00
3.450872182846069336e+00
3.485297918319702148e+00
2.550715684890747070e+00
3.048675060272216797e+00
2.460953712463378906e+00
3.421312093734741211e+00
4.302738904953002930e+00
2.789310216903686523e+00
3.189386129379272461e+00
3.503784894943237305e+00
3.485608816146850586e+00
3.996266126632690430e+00
4.001253843307495117e+00
3.154713869094848633e+00
4.027947902679443359e+00
2.788254022598266602e+00
3.457997083663940430e+00
3.406182050704956055e+00
3.830013990402221680e+00
3.216475248336791992e+00
3.444874048233032227e+00
4.162991285324096680e+00
3.128671169281005859e+00
3.040475130081176758e+00
3.465236902236938477e+00
2.381106853485107422e+00
3.516851902008056641e+00
3.462176322937011719e+00
3.386842966079711914e+00
2.565989017486572266e+00
3.546934843063354492e+00
3.567639112472534180e+00
4.136826038360595703e+00
3.407100915908813477e+00
3.404752016067504883e+00
3.607440710067749023e+00
2.523119926452636719e+00
3.746784925460815430e+00
3.218424081802368164e+00
2.506046056747436523e+00
3.525760889053344727e+00
2.188368320465087891e+00
3.604366064071655273e+00
2.792072772979736328e+00
2.873999118804931641e+00
3.539943933486938477e+00
3.448664188385009766e+00
3.719955205917358398e+00
3.053633213043212891e+00
3.754384040832519531e+00
2.353531122207641602e+00
3.167907714843750000e+00
2.295875072479248047e+00
3.115449905395507812e+00
2.638841152191162109e+00
3.191956043243408203e+00
3.751470088958740234e+00
2.877005815505981445e+00
3.152326107025146484e+00
2.882045030593872070e+00
2.896955728530883789e+00
2.914449930191040039e+00
2.853652000427246094e+00
3.026258945465087891e+00
3.072004079818725586e+00
3.031605005264282227e+00
3.229260921478271484e+00
2.924972057342529297e+00
3.463503122329711914e+00
2.533475160598754883e+00
3.437397003173828125e+00
3.172144174575805664e+00
2.888833761215209961e+00
3.185996055603027344e+00
3.458767890930175781e+00
2.637868881225585938e+00
3.309314012527465820e+00
3.028146982192993164e+00
3.398998022079467773e+00
3.142215013504028320e+00
3.722371816635131836e+00
3.431131839752197266e+00
3.674709081649780273e+00
2.730566740036010742e+00
3.181148052215576172e+00
2.752236843109130859e+00
3.564139604568481445e+00
3.136087179183959961e+00
3.268494129180908203e+00
2.903048992156982422e+00
3.500904321670532227e+00
2.917841911315917969e+00
3.567912101745605469e+00
3.831982135772705078e+00
3.360138893127441406e+00
3.438233852386474609e+00
3.395098924636840820e+00
3.026747941970825195e+00
2.479188919067382812e+00
3.019250869750976562e+00
2.940195083618164062e+00
3.588879823684692383e+00
2.337614059448242188e+00
3.306776285171508789e+00
3.441367149353027344e+00
4.074728012084960938e+00
3.472581148147583008e+00
3.858671188354492188e+00
2.980516195297241211e+00
3.533515691757202148e+00
3.238879919052124023e+00
3.274218320846557617e+00
4.210404157638549805e+00
4.400945186614990234e+00
4.199139118194580078e+00
4.234116077423095703e+00
3.269202947616577148e+00
2.871473789215087891e+00
2.775382995605468750e+00
4.077572107315063477e+00
3.541910886764526367e+00
3.881360054016113281e+00
3.850411891937255859e+00
3.463131904602050781e+00
4.337857007980346680e+00
3.883816003799438477e+00
4.958222866058349609e+00
3.524413824081420898e+00
4.019244909286499023e+00
4.359313964843750000e+00
2.961112022399902344e+00
3.735098838806152344e+00
4.081607818603515625e+00
4.019260883331298828e+00
3.720049858093261719e+00
4.004504919052124023e+00
4.470254898071289062e+00
4.029224872589111328e+00
4.177018880844116211e+00
2.925290107727050781e+00
3.929361104965209961e+00
4.205378055572509766e+00
5.083586931228637695e+00
3.059732437133789062e+00
4.189465045928955078e+00
4.487888336181640625e+00
5.410267829895019531e+00
4.284259080886840820e+00
4.424408912658691406e+00
4.258374691009521484e+00
3.116221189498901367e+00
4.535659074783325195e+00
4.472402334213256836e+00
4.463714838027954102e+00
4.434430837631225586e+00
3.960144996643066406e+00
4.277180194854736328e+00
4.244711875915527344e+00
4.531175851821899414e+00
4.617978811264038086e+00
4.216909885406494141e+00
3.568080902099609375e+00
3.790719985961914062e+00
5.625031948089599609e+00
4.050791978836059570e+00
4.333147764205932617e+00
4.088058710098266602e+00
4.738385915756225586e+00
4.075501203536987305e+00
4.339809179306030273e+00
3.463021755218505859e+00
4.788811922073364258e+00
3.674905300140380859e+00
4.514518737792968750e+00
3.677319049835205078e+00
4.203180074691772461e+00
3.286015033721923828e+00
3.216767072677612305e+00
3.800345897674560547e+00
3.505839824676513672e+00
4.700652122497558594e+00
5.435010910034179688e+00
4.565966129302978516e+00
4.775936126708984375e+00
4.796395063400268555e+00
3.455329656600952148e+00
4.696949005126953125e+00
5.039602756500244141e+00
3.779045104980468750e+00
4.309275865554809570e+00
4.050658702850341797e+00
3.795614004135131836e+00
3.471358060836791992e+00
4.182749986648559570e+00
4.635403871536254883e+00
4.889605760574340820e+00
3.686990261077880859e+00
5.282799243927001953e+00
3.893008232116699219e+00
3.503616094589233398e+00
3.476137161254882812e+00
5.074923038482666016e+00
5.048272132873535156e+00
3.876873016357421875e+00
5.450567007064819336e+00
3.602170228958129883e+00
3.373665094375610352e+00
5.137868881225585938e+00
2.684218168258666992e+00
4.737788915634155273e+00
4.780240058898925781e+00
4.260569810867309570e+00
4.290184974670410156e+00
4.714332818984985352e+00
5.608272790908813477e+00
4.199648141860961914e+00
4.040534973144531250e+00
4.555706739425659180e+00
3.228241920471191406e+00
4.852161169052124023e+00
3.452429056167602539e+00
4.859488010406494141e+00
3.795541048049926758e+00
4.766665935516357422e+00
3.488394975662231445e+00
4.808907985687255859e+00
3.404289007186889648e+00
3.180115938186645508e+00
4.362607717514038086e+00
3.372738122940063477e+00
4.142137050628662109e+00
3.882637023925781250e+00
5.139049768447875977e+00
3.303805351257324219e+00
5.582777976989746094e+00
4.371758937835693359e+00
4.447010040283203125e+00
4.990399122238159180e+00
3.283983945846557617e+00
4.605139017105102539e+00
4.096837043762207031e+00
4.386394977569580078e+00
3.138967752456665039e+00
5.327044725418090820e+00
3.955609798431396484e+00
2.330385684967041016e+00
5.879592895507812500e+00
2.980330944061279297e+00
4.551358938217163086e+00
4.669708728790283203e+00
3.027013063430786133e+00
3.324720859527587891e+00
2.225710153579711914e+00
2.740307331085205078e+00
4.236172914505004883e+00
3.872631072998046875e+00
2.841385126113891602e+00
2.529917240142822266e+00
2.693030118942260742e+00
3.115422010421752930e+00
3.630610227584838867e+00
3.433959007263183594e+00
4.601756811141967773e+00
3.468019247055053711e+00
3.451727867126464844e+00
2.775237083435058594e+00
3.561681032180786133e+00
3.063468933105468750e+00
4.327370166778564453e+00
3.523770809173583984e+00
4.939463138580322266e+00
3.706305027008056641e+00
3.379641056060791016e+00
5.158587932586669922e+00
3.652158021926879883e+00
3.642367124557495117e+00
4.520712852478027344e+00
3.898415088653564453e+00
6.305680036544799805e+00
2.669945240020751953e+00
2.979640007019042969e+00
3.465221881866455078e+00
3.912425994873046875e+00
4.010362863540649414e+00
3.005151987075805664e+00
5.210454702377319336e+00
2.677243947982788086e+00
2.461298942565917969e+00
3.851736068725585938e+00
2.910922050476074219e+00
3.438429832458496094e+00
4.678653001785278320e+00
2.489849090576171875e+00
3.139902830123901367e+00
4.632344007492065430e+00
3.518850803375244141e+00
3.949773073196411133e+00
4.547255039215087891e+00
3.756050825119018555e+00
5.447748184204101562e+00
4.252372026443481445e+00
3.826414108276367188e+00
4.179568052291870117e+00
2.840688228607177734e+00
4.432012081146240234e+00
3.863203048706054688e+00
3.967119216918945312e+00
2.709838151931762695e+00
2.312315940856933594e+00
2.898862123489379883e+00
2.799174308776855469e+00
2.710870027542114258e+00
2.027596235275268555e+00
4.075473308563232422e+00
4.122992753982543945e+00
2.620376110076904297e+00
2.848033905029296875e+00
2.856450080871582031e+00
3.001503944396972656e+00
6.535157918930053711e+00
3.027355909347534180e+00
2.993339776992797852e+00
4.035336971282958984e+00
2.363800048828125000e+00
2.558142900466918945e+00
3.265859127044677734e+00
2.917049169540405273e+00
3.206298112869262695e+00
2.434191226959228516e+00
2.531684875488281250e+00
2.197535037994384766e+00
2.385370969772338867e+00
2.712421894073486328e+00
2.800349950790405273e+00
3.148766994476318359e+00
3.155286073684692383e+00
2.746111869812011719e+00
2.820324897766113281e+00
2.673518896102905273e+00
2.897224903106689453e+00
3.532750844955444336e+00
2.841036081314086914e+00
3.288928031921386719e+00
2.737584114074707031e+00
2.778946876525878906e+00
3.395862102508544922e+00
3.326771974563598633e+00
2.541611194610595703e+00
3.045552730560302734e+00
2.382593154907226562e+00
2.928614139556884766e+00
3.672089099884033203e+00
3.673023939132690430e+00
3.584726095199584961e+00
2.451814174652099609e+00
2.664438962936401367e+00
2.673356056213378906e+00
3.090159177780151367e+00
2.510670185089111328e+00
2.983554840087890625e+00
2.526524305343627930e+00
2.891200065612792969e+00
3.153056144714355469e+00
3.649531126022338867e+00
3.158895015716552734e+00
3.016291141510009766e+00
3.248955011367797852e+00
2.935655832290649414e+00
3.300284147262573242e+00
3.208831787109375000e+00
2.791368007659912109e+00
3.262007713317871094e+00
2.606897115707397461e+00
2.613238096237182617e+00
2.431669950485229492e+00
2.268316984176635742e+00
4.148931026458740234e+00
3.201838970184326172e+00
3.198106288909912109e+00
2.836491823196411133e+00
2.766398906707763672e+00
3.111076831817626953e+00
3.038763999938964844e+00
3.290794849395751953e+00
3.084045171737670898e+00
2.807330131530761719e+00
3.235708236694335938e+00
3.765736103057861328e+00
4.042648792266845703e+00
3.001518011093139648e+00
3.387278079986572266e+00
2.903699159622192383e+00
3.076267957687377930e+00
3.126153230667114258e+00
3.819411993026733398e+00
2.946755170822143555e+00
3.453877687454223633e+00
2.606750965118408203e+00
3.194450855255126953e+00
3.118365764617919922e+00
3.128350973129272461e+00
3.936245918273925781e+00
4.220158815383911133e+00
3.993609905242919922e+00
3.106791973114013672e+00
3.157803773880004883e+00
3.181052923202514648e+00
3.792772054672241211e+00
3.216512918472290039e+00
3.276236057281494141e+00
4.047827243804931641e+00
3.070120811462402344e+00
3.154482841491699219e+00
4.169521093368530273e+00
3.246547937393188477e+00
3.335925817489624023e+00
2.895277023315429688e+00
3.239146947860717773e+00
3.718999862670898438e+00
3.741503000259399414e+00
3.486384153366088867e+00
3.168347835540771484e+00
3.328786134719848633e+00
3.338937759399414062e+00
3.242398977279663086e+00
3.458252906799316406e+00
3.069591045379638672e+00
3.075473070144653320e+00
3.462414979934692383e+00
3.195618152618408203e+00
3.625416040420532227e+00
3.076833009719848633e+00
3.201295137405395508e+00
3.717065095901489258e+00
3.812637090682983398e+00
3.129240274429321289e+00
3.647943973541259766e+00
3.346275806427001953e+00
3.333675861358642578e+00
3.261267900466918945e+00
2.686794996261596680e+00
3.855368137359619141e+00
3.635571241378784180e+00
2.578065872192382812e+00
2.935765027999877930e+00
3.857259988784790039e+00
3.335170030593872070e+00
3.576606988906860352e+00
4.280587911605834961e+00
3.500381946563720703e+00
3.556490898132324219e+00
2.917985916137695312e+00
3.785135030746459961e+00
2.867929220199584961e+00
3.199655771255493164e+00
3.553486824035644531e+00
3.785810947418212891e+00
2.832674026489257812e+00
3.033679962158203125e+00
3.812417984008789062e+00
3.698469877243041992e+00
3.730781078338623047e+00
3.069184064865112305e+00
3.434525012969970703e+00
3.742292881011962891e+00
3.956071853637695312e+00
2.719726800918579102e+00
4.176728963851928711e+00
3.315216779708862305e+00
2.844005107879638672e+00
4.089826107025146484e+00
2.590410947799682617e+00
2.922064781188964844e+00
4.062676906585693359e+00
2.620753049850463867e+00
3.790513992309570312e+00
3.615657091140747070e+00
3.501980304718017578e+00
3.289049148559570312e+00
3.262115001678466797e+00
3.725265979766845703e+00
3.691653966903686523e+00
3.792583942413330078e+00
3.362063169479370117e+00
3.571821928024291992e+00
3.005769252777099609e+00
3.638125658035278320e+00
3.798681020736694336e+00
3.759800195693969727e+00
4.605994939804077148e+00
3.302171945571899414e+00
3.654366016387939453e+00
2.798349618911743164e+00
3.871593952178955078e+00
3.848291158676147461e+00
3.962311983108520508e+00
3.793323993682861328e+00
3.207008123397827148e+00
4.021788835525512695e+00
3.046411991119384766e+00
3.457869052886962891e+00
3.626180887222290039e+00
3.164275884628295898e+00
4.028206825256347656e+00
3.697417974472045898e+00
4.962778091430664062e+00
4.781692981719970703e+00
4.179593086242675781e+00
3.104543924331665039e+00
3.704864025115966797e+00
3.855527162551879883e+00
2.337007045745849609e+00
2.990394830703735352e+00
3.250345945358276367e+00
2.349775075912475586e+00
3.269625186920166016e+00
2.375266790390014648e+00
3.244968175888061523e+00
4.492048978805541992e+00
3.637676000595092773e+00
3.586691856384277344e+00
3.499367237091064453e+00
4.371180772781372070e+00
4.475748777389526367e+00
4.240453004837036133e+00
3.523769140243530273e+00
4.229109287261962891e+00
4.676378965377807617e+00
2.678666114807128906e+00
4.060526847839355469e+00
3.476082086563110352e+00
3.472945928573608398e+00
4.064094781875610352e+00
4.399115800857543945e+00
2.684690952301025391e+00
4.848212957382202148e+00
3.361166000366210938e+00
4.425615072250366211e+00
3.002164840698242188e+00
4.083764076232910156e+00
4.533686161041259766e+00
3.795017957687377930e+00
4.612269163131713867e+00
3.327986001968383789e+00
3.605231046676635742e+00
4.821324825286865234e+00
4.749526977539062500e+00
3.139805078506469727e+00
3.664182662963867188e+00
4.497374057769775391e+00
4.951451301574707031e+00
3.854490041732788086e+00
4.545186758041381836e+00
4.787805080413818359e+00
4.508684873580932617e+00
3.761734008789062500e+00
3.894318103790283203e+00
3.782913923263549805e+00
3.709151983261108398e+00
4.577144861221313477e+00
4.227706193923950195e+00
4.141596078872680664e+00
3.879998207092285156e+00
3.774265766143798828e+00
2.655239105224609375e+00
4.782735824584960938e+00
4.976536035537719727e+00
3.679193973541259766e+00
3.889341115951538086e+00
2.933163881301879883e+00
2.542276144027709961e+00
3.980678319931030273e+00
4.898691177368164062e+00
3.859167337417602539e+00
3.123241901397705078e+00
2.623245000839233398e+00
3.159586906433105469e+00
2.949337959289550781e+00
4.519432067871093750e+00
4.144846916198730469e+00
3.406039714813232422e+00
3.317899942398071289e+00
4.507513999938964844e+00
2.740800142288208008e+00
4.327140808105468750e+00
4.067642211914062500e+00
3.937335968017578125e+00
2.864357948303222656e+00
3.163054943084716797e+00
3.176079273223876953e+00
3.206570863723754883e+00
3.192407846450805664e+00
4.101469993591308594e+00
2.928771972656250000e+00
2.935515165328979492e+00
4.216387987136840820e+00
3.053094148635864258e+00
2.873296260833740234e+00
2.813948154449462891e+00
3.166133880615234375e+00
4.119148969650268555e+00
3.079797983169555664e+00
4.085139989852905273e+00
4.417869091033935547e+00
2.883470058441162109e+00
3.135066986083984375e+00
2.707309007644653320e+00
3.225392103195190430e+00
3.068738937377929688e+00
3.220977067947387695e+00
3.262002944946289062e+00
4.562632322311401367e+00
3.281213998794555664e+00
4.923581123352050781e+00
3.537843227386474609e+00
3.535522937774658203e+00
3.457187891006469727e+00
2.779789924621582031e+00
2.720436096191406250e+00
3.550755739212036133e+00
2.827240228652954102e+00
3.105547904968261719e+00
4.715479135513305664e+00
3.124180078506469727e+00
2.771319150924682617e+00
2.895924091339111328e+00
3.469021081924438477e+00
3.764140129089355469e+00
3.163730144500732422e+00
3.215889215469360352e+00
2.594201803207397461e+00
2.967473268508911133e+00
3.029553890228271484e+00
2.569046974182128906e+00
3.466557025909423828e+00
2.497655153274536133e+00
3.293320894241333008e+00
3.187973022460937500e+00
3.966783046722412109e+00
2.831610918045043945e+00
2.841063976287841797e+00
3.281463146209716797e+00
2.941651821136474609e+00
2.709040164947509766e+00
2.830688953399658203e+00
2.834814786911010742e+00
4.017944097518920898e+00
2.425019741058349609e+00
2.886753082275390625e+00
2.967651128768920898e+00
2.927735090255737305e+00
2.932177066802978516e+00
3.302452087402343750e+00
3.652347087860107422e+00
2.506067276000976562e+00
2.665721893310546875e+00
2.986031055450439453e+00
3.121243238449096680e+00
3.386973381042480469e+00
2.848315000534057617e+00
2.897034883499145508e+00
3.224375009536743164e+00
3.326899766921997070e+00
3.859065055847167969e+00
3.713297128677368164e+00
3.287782907485961914e+00
3.232171058654785156e+00
3.022466897964477539e+00
2.975299835205078125e+00
3.441876173019409180e+00
3.541700124740600586e+00
3.257583856582641602e+00
3.199783802032470703e+00
3.296733856201171875e+00
3.290443181991577148e+00
3.364825725555419922e+00
3.138772010803222656e+00
3.840626955032348633e+00
2.984020948410034180e+00
2.861061096191406250e+00
3.917015075683593750e+00
3.187649011611938477e+00
3.888327121734619141e+00
3.398486137390136719e+00
3.594444036483764648e+00
3.184972047805786133e+00
3.207023143768310547e+00
3.529753923416137695e+00
3.515666246414184570e+00
3.741828203201293945e+00
3.577903747558593750e+00
3.463338136672973633e+00
3.034826040267944336e+00
2.311792850494384766e+00
3.505667209625244141e+00
2.701886177062988281e+00
3.409225940704345703e+00
3.717112064361572266e+00
3.223618030548095703e+00
3.882820844650268555e+00
4.198213100433349609e+00
3.333721876144409180e+00
4.230962038040161133e+00
3.622618913650512695e+00
2.679054021835327148e+00
2.735975265502929688e+00
2.918360233306884766e+00
3.854579925537109375e+00
3.169278860092163086e+00
3.160834074020385742e+00
2.931523084640502930e+00
3.198783159255981445e+00
3.259444952011108398e+00
3.903738737106323242e+00
2.889899015426635742e+00
3.407035112380981445e+00
3.801761150360107422e+00
4.606746673583984375e+00
2.353100061416625977e+00
2.887698888778686523e+00
2.511725187301635742e+00
3.796828746795654297e+00
3.591202020645141602e+00
3.146899223327636719e+00
3.131024122238159180e+00
3.117398977279663086e+00
2.989262104034423828e+00
2.839437007904052734e+00
3.089699029922485352e+00
3.331629753112792969e+00
3.450187206268310547e+00
2.682554006576538086e+00
3.232447147369384766e+00
3.337572813034057617e+00
2.381812095642089844e+00
3.176651000976562500e+00
2.931204080581665039e+00
3.078768253326416016e+00
2.431714057922363281e+00
3.244562864303588867e+00
4.647671937942504883e+00
2.742465734481811523e+00
3.510581970214843750e+00
3.702178239822387695e+00
3.520763158798217773e+00
3.996492862701416016e+00
3.658963203430175781e+00
3.681321859359741211e+00
3.785954952239990234e+00
3.538692951202392578e+00
2.912795305252075195e+00
3.334436893463134766e+00
3.732812166213989258e+00
3.065519332885742188e+00
3.245493888854980469e+00
3.841567516326904297e+00
4.613791942596435547e+00
4.116941928863525391e+00
4.027070999145507812e+00
2.891098260879516602e+00
3.452569723129272461e+00
3.613534927368164062e+00
4.059794187545776367e+00
3.655709266662597656e+00
3.926595211029052734e+00
4.124705076217651367e+00
4.011975765228271484e+00
3.617620944976806641e+00
4.019200086593627930e+00
3.366420984268188477e+00
3.803151130676269531e+00
3.495013952255249023e+00
2.787021875381469727e+00
3.596280097961425781e+00
4.458016872406005859e+00
4.120357990264892578e+00
4.281100988388061523e+00
4.144819021224975586e+00
3.640633821487426758e+00
4.553603887557983398e+00
3.697531700134277344e+00
4.359936952590942383e+00
4.396770954132080078e+00
3.838945150375366211e+00
3.857077121734619141e+00
4.484917163848876953e+00
4.193652153015136719e+00
3.980299949645996094e+00
3.856045961380004883e+00
4.827860832214355469e+00
4.426884174346923828e+00
3.966496944427490234e+00
3.890491247177124023e+00
4.485052824020385742e+00
4.374402999877929688e+00
4.115301847457885742e+00
4.887068271636962891e+00
4.113502025604248047e+00
4.611059904098510742e+00
4.046565055847167969e+00
3.752000093460083008e+00
4.537835121154785156e+00
4.786890983581542969e+00
2.975154161453247070e+00
4.081375122070312500e+00
3.718693733215332031e+00
3.133841276168823242e+00
4.771158933639526367e+00
4.210698843002319336e+00
4.812895059585571289e+00
2.780465126037597656e+00
4.176996707916259766e+00
3.898359060287475586e+00
4.236643075942993164e+00
4.688991069793701172e+00
4.207421302795410156e+00
3.848723888397216797e+00
3.143979072570800781e+00
4.118648052215576172e+00
4.682702779769897461e+00
4.294729948043823242e+00
3.952989101409912109e+00
3.887318134307861328e+00
3.356455087661743164e+00
4.992990970611572266e+00
4.290456056594848633e+00
4.086790084838867188e+00
3.747637987136840820e+00
5.070858955383300781e+00
4.299469709396362305e+00
5.138046026229858398e+00
3.628032922744750977e+00
3.591704130172729492e+00
4.177589893341064453e+00
3.693612098693847656e+00
3.680101156234741211e+00
3.585606098175048828e+00
4.326196908950805664e+00
3.888718843460083008e+00
3.856210947036743164e+00
4.369026184082031250e+00
4.095391988754272461e+00
3.636463880538940430e+00
3.497076034545898438e+00
4.605390787124633789e+00
3.950568914413452148e+00
3.950759887695312500e+00
4.388247013092041016e+00
3.672783136367797852e+00
3.978528976440429688e+00
3.946454048156738281e+00
3.327038288116455078e+00
4.038419961929321289e+00
4.015778779983520508e+00
4.761509180068969727e+00
3.259157896041870117e+00
4.170907258987426758e+00
3.318526268005371094e+00
3.883816242218017578e+00
2.671781778335571289e+00
4.588975906372070312e+00
4.230679035186767578e+00
4.562381982803344727e+00
4.162775039672851562e+00
3.650389909744262695e+00
3.572869777679443359e+00
3.779796123504638672e+00
4.351413011550903320e+00
3.998565912246704102e+00
3.502023220062255859e+00
2.828886032104492188e+00
3.608952045440673828e+00
3.818870067596435547e+00
4.167162179946899414e+00
3.847048044204711914e+00
3.654119968414306641e+00
3.654611110687255859e+00
4.707771062850952148e+00
4.606270790100097656e+00
4.460905075073242188e+00
2.513098239898681641e+00
4.298245191574096680e+00
3.993500947952270508e+00
2.945389986038208008e+00
2.522665262222290039e+00
3.022639036178588867e+00
4.252155303955078125e+00
3.458039045333862305e+00
4.052128076553344727e+00
3.624273061752319336e+00
3.394942998886108398e+00
3.956589937210083008e+00
4.784031391143798828e+00
4.474325895309448242e+00
2.917716979980468750e+00
3.216681957244873047e+00
2.722336053848266602e+00
3.112629890441894531e+00
4.183948993682861328e+00
4.188214778900146484e+00
4.045196056365966797e+00
5.248280048370361328e+00
4.171877145767211914e+00
3.335009813308715820e+00
3.353038072586059570e+00
3.015058040618896484e+00
3.282560825347900391e+00
3.852780818939208984e+00
3.553447008132934570e+00
2.909909963607788086e+00
3.648653268814086914e+00
3.246119022369384766e+00
3.345316648483276367e+00
2.847512960433959961e+00
3.114089965820312500e+00
4.383060932159423828e+00
3.273129224777221680e+00
2.472941160202026367e+00
3.962798833847045898e+00
4.219357013702392578e+00
3.554919004440307617e+00
4.318677902221679688e+00
3.390306949615478516e+00
3.710297107696533203e+00
3.282195806503295898e+00
4.455912113189697266e+00
3.437345981597900391e+00
3.354855060577392578e+00
3.031442165374755859e+00
3.021803855895996094e+00
3.065975904464721680e+00
3.419937849044799805e+00
3.042010068893432617e+00
3.269101858139038086e+00
3.396471023559570312e+00
3.430239915847778320e+00
5.290117979049682617e+00
5.216128110885620117e+00
4.271979093551635742e+00
3.185785055160522461e+00
3.468568086624145508e+00
2.984146833419799805e+00
3.243783950805664062e+00
3.824770927429199219e+00
3.144457101821899414e+00
4.968051910400390625e+00
5.542120933532714844e+00
3.054285049438476562e+00
5.110799789428710938e+00
4.930954933166503906e+00
3.992535829544067383e+00
3.812402963638305664e+00
3.529890775680541992e+00
3.228379249572753906e+00
4.384496688842773438e+00
3.258300304412841797e+00
3.081332921981811523e+00
3.740513801574707031e+00
4.994630098342895508e+00
3.245151758193969727e+00
4.807163000106811523e+00
3.712661027908325195e+00
5.616080045700073242e+00
4.333580732345581055e+00
6.443002223968505859e+00
3.638747930526733398e+00
4.994386911392211914e+00
5.210540056228637695e+00
3.883758068084716797e+00
4.164892196655273438e+00
4.817655801773071289e+00
3.815475225448608398e+00
3.738293170928955078e+00
3.676702976226806641e+00
4.010684967041015625e+00
4.368045806884765625e+00
3.678935050964355469e+00
4.427884101867675781e+00
5.835563182830810547e+00
4.335676908493041992e+00
3.932477951049804688e+00
4.048909902572631836e+00
3.937679052352905273e+00
3.469133853912353516e+00
4.341456890106201172e+00
3.536175012588500977e+00
3.532435894012451172e+00
3.976118087768554688e+00
3.947128772735595703e+00
3.804279088973999023e+00
3.126663208007812500e+00
3.702875137329101562e+00
3.726393938064575195e+00
4.141216993331909180e+00
3.862759828567504883e+00
3.784486055374145508e+00
3.575225114822387695e+00
3.624250173568725586e+00
3.413738965988159180e+00
3.435857057571411133e+00
2.661895990371704102e+00
3.673011302947998047e+00
2.893943071365356445e+00
3.397324085235595703e+00
3.488217115402221680e+00
2.418804883956909180e+00
2.543745040893554688e+00
3.718208789825439453e+00
3.773410081863403320e+00
2.885081291198730469e+00
3.880529880523681641e+00
3.767011165618896484e+00
4.302915096282958984e+00
3.483843088150024414e+00
3.562696933746337891e+00
3.058347940444946289e+00
2.559040784835815430e+00
4.084195137023925781e+00
3.587699890136718750e+00
4.081133842468261719e+00
3.215592861175537109e+00
3.029411077499389648e+00
4.360185146331787109e+00
3.715420246124267578e+00
2.986783981323242188e+00
4.137232780456542969e+00
3.520495176315307617e+00
3.827500820159912109e+00
3.496003150939941406e+00
3.963314771652221680e+00
3.713124752044677734e+00
3.719249725341796875e+00
3.653583049774169922e+00
4.514053821563720703e+00
2.677303791046142578e+00
2.746793985366821289e+00
3.957539081573486328e+00
3.528988838195800781e+00
4.225503921508789062e+00
3.782145023345947266e+00
3.222316741943359375e+00
3.816929817199707031e+00
3.533168792724609375e+00
3.152126312255859375e+00
4.877074003219604492e+00
3.324474811553955078e+00
3.279689788818359375e+00
3.124607086181640625e+00
3.126446008682250977e+00
4.090981245040893555e+00
4.201946020126342773e+00
3.963270902633666992e+00
4.603438138961791992e+00
4.060804843902587891e+00
3.742728948593139648e+00
4.054174900054931641e+00
3.784852027893066406e+00
2.762038946151733398e+00
4.395543098449707031e+00
3.326340675354003906e+00
3.384060144424438477e+00
3.305280923843383789e+00
3.817001104354858398e+00
2.939299106597900391e+00
3.245075941085815430e+00
3.218786716461181641e+00
3.662648916244506836e+00
4.312035083770751953e+00
2.983720064163208008e+00
3.754678010940551758e+00
4.643268108367919922e+00
2.857411146163940430e+00
2.792511940002441406e+00
3.938995361328125000e+00
2.981903791427612305e+00
3.971390008926391602e+00
3.531199932098388672e+00
4.228473901748657227e+00
3.799760818481445312e+00
2.399158954620361328e+00
2.801606893539428711e+00
4.256551980972290039e+00
3.190102100372314453e+00
4.051266908645629883e+00
3.060450077056884766e+00
3.131130933761596680e+00
2.815330028533935547e+00
4.463171005249023438e+00
2.947849988937377930e+00
2.955219030380249023e+00
4.570394992828369141e+00
2.881578922271728516e+00
2.990114927291870117e+00
3.638281822204589844e+00
3.798870086669921875e+00
3.142147779464721680e+00
3.666815996170043945e+00
3.644155979156494141e+00
3.546640872955322266e+00
4.021667718887329102e+00
3.074681997299194336e+00
3.547654867172241211e+00
3.347288131713867188e+00
3.539349079132080078e+00
2.682592868804931641e+00
2.192540168762207031e+00
2.936056137084960938e+00
2.547244071960449219e+00
3.984268188476562500e+00
3.348829984664916992e+00
3.689801931381225586e+00
4.011470079421997070e+00
2.984117031097412109e+00
3.561569690704345703e+00
3.699445009231567383e+00
2.287055015563964844e+00
3.163960933685302734e+00
3.208593130111694336e+00
3.145655155181884766e+00
3.833899021148681641e+00
2.402752161026000977e+00
4.175262928009033203e+00
2.995278120040893555e+00
3.044079065322875977e+00
3.748999834060668945e+00
3.268196105957031250e+00
3.729529142379760742e+00
2.917859077453613281e+00
3.279222965240478516e+00
3.133177995681762695e+00
3.168461084365844727e+00
3.662291049957275391e+00
2.145156145095825195e+00
3.690901041030883789e+00
3.224454879760742188e+00
3.054602861404418945e+00
3.363456964492797852e+00
4.099816083908081055e+00
3.506023168563842773e+00
3.606739044189453125e+00
2.217406988143920898e+00
2.617162227630615234e+00
3.362917184829711914e+00
2.098388910293579102e+00
3.173071146011352539e+00
3.415228843688964844e+00
2.750235080718994141e+00
2.571060895919799805e+00
2.567500829696655273e+00
3.575829267501831055e+00
3.604413986206054688e+00
3.347743988037109375e+00
2.468181848526000977e+00
2.748345851898193359e+00
2.840745925903320312e+00
3.475195884704589844e+00
2.880594968795776367e+00
2.620892763137817383e+00
3.539230108261108398e+00
2.824974060058593750e+00
2.396934032440185547e+00
2.872144699096679688e+00
3.080365180969238281e+00
3.001589059829711914e+00
2.508399963378906250e+00
4.067432165145874023e+00
3.963158130645751953e+00
3.099219083786010742e+00
2.849570989608764648e+00
2.710296869277954102e+00
3.283415794372558594e+00
2.841413021087646484e+00
3.307225942611694336e+00
2.770175933837890625e+00
2.903874158859252930e+00
2.918407201766967773e+00
3.292019128799438477e+00
3.025447845458984375e+00
2.950753927230834961e+00
3.160722970962524414e+00
2.599008083343505859e+00
3.063467025756835938e+00
2.769171237945556641e+00
3.410850048065185547e+00
3.412544012069702148e+00
3.605558872222900391e+00
2.876631736755371094e+00
3.598883152008056641e+00
3.053698778152465820e+00
3.744515657424926758e+00
3.579348087310791016e+00
3.159400939941406250e+00
3.144125938415527344e+00
3.854546308517456055e+00
3.728305101394653320e+00
2.788197278976440430e+00
3.877676010131835938e+00
3.363672256469726562e+00
3.125824928283691406e+00
3.430356025695800781e+00
3.968557119369506836e+00
3.240646839141845703e+00
3.115033864974975586e+00
2.939421892166137695e+00
3.476960182189941406e+00
4.116193056106567383e+00
4.110265731811523438e+00
3.388033151626586914e+00
3.673377990722656250e+00
3.623816251754760742e+00
3.209598064422607422e+00
4.200972080230712891e+00
3.571203708648681641e+00
3.427310705184936523e+00
3.298900127410888672e+00
3.196563005447387695e+00
4.167532920837402344e+00
4.106287717819213867e+00
3.087778091430664062e+00
3.587437868118286133e+00
3.475796937942504883e+00
3.555884838104248047e+00
3.389635086059570312e+00
4.158053159713745117e+00
3.233905792236328125e+00
3.598834991455078125e+00
3.294339179992675781e+00
3.427465915679931641e+00
3.653105974197387695e+00
3.554971933364868164e+00
3.515254020690917969e+00
4.402437925338745117e+00
3.463087081909179688e+00
3.755856990814208984e+00
3.378862142562866211e+00
3.272930145263671875e+00
3.704389095306396484e+00
3.337999105453491211e+00
3.552752017974853516e+00
3.501065969467163086e+00
3.525408029556274414e+00
4.006973981857299805e+00
3.452554941177368164e+00
3.640056848526000977e+00
3.043040037155151367e+00
3.772653102874755859e+00
3.577151060104370117e+00
3.591538190841674805e+00
3.891314029693603516e+00
3.037914037704467773e+00
4.507300853729248047e+00
3.619436979293823242e+00
4.596929788589477539e+00
2.980363130569458008e+00
3.440614938735961914e+00
3.486459016799926758e+00
4.073272943496704102e+00
3.719320058822631836e+00
3.942275285720825195e+00
3.372864961624145508e+00
4.107671737670898438e+00
3.630393981933593750e+00
4.047495126724243164e+00
3.851955413818359375e+00
3.690786123275756836e+00
3.599059104919433594e+00
3.989400863647460938e+00
3.548622846603393555e+00
3.854288101196289062e+00
3.539111137390136719e+00
3.837161064147949219e+00
2.854937791824340820e+00
4.081696033477783203e+00
3.132425069808959961e+00
3.478084802627563477e+00
3.954729795455932617e+00
3.378690004348754883e+00
2.791110038757324219e+00
3.175546884536743164e+00
4.217447996139526367e+00
4.005385875701904297e+00
4.411930084228515625e+00
4.287111997604370117e+00
3.042373180389404297e+00
4.024229049682617188e+00
3.572988986968994141e+00
2.557547092437744141e+00
4.058231115341186523e+00
3.096959829330444336e+00
3.968060016632080078e+00
3.553580045700073242e+00
2.332908153533935547e+00
3.950299978256225586e+00
3.494989871978759766e+00
3.387322187423706055e+00
4.209429025650024414e+00
4.378240108489990234e+00
3.544415950775146484e+00
3.490872144699096680e+00
4.235525131225585938e+00
3.527693986892700195e+00
4.295872926712036133e+00
3.401690244674682617e+00
3.390234708786010742e+00
4.280295848846435547e+00
4.027678012847900391e+00
3.247404098510742188e+00
3.333774805068969727e+00
4.161599874496459961e+00
4.420947790145874023e+00
3.731396913528442383e+00
3.460517883300781250e+00
3.688146114349365234e+00
3.319617986679077148e+00
4.270570993423461914e+00
4.455495834350585938e+00
4.110501050949096680e+00
3.837195158004760742e+00
4.436162233352661133e+00
4.073779821395874023e+00
4.135871887207031250e+00
4.020653963088989258e+00
3.938891887664794922e+00
3.557397842407226562e+00
4.408451080322265625e+00
3.470291137695312500e+00
3.028084993362426758e+00
3.725006818771362305e+00
4.752020835876464844e+00
3.637920856475830078e+00
4.439770936965942383e+00
4.987303972244262695e+00
3.615871191024780273e+00
3.844531059265136719e+00
3.844248771667480469e+00
3.752122879028320312e+00
4.055209875106811523e+00
3.623331785202026367e+00
4.012240171432495117e+00
3.874038934707641602e+00
2.895195722579956055e+00
3.534038066864013672e+00
2.207160234451293945e+00
3.402544260025024414e+00
3.019406080245971680e+00
3.506166934967041016e+00
3.813704967498779297e+00
3.799894094467163086e+00
4.722796678543090820e+00
3.806075334548950195e+00
4.640908956527709961e+00
4.928103208541870117e+00
4.793541908264160156e+00
3.454879045486450195e+00
4.129374980926513672e+00
3.321799039840698242e+00
3.714615106582641602e+00
3.004403114318847656e+00
3.144809961318969727e+00
4.036130189895629883e+00
3.188694000244140625e+00
3.232006788253784180e+00
3.054250955581665039e+00
3.004530191421508789e+00
2.932483196258544922e+00
3.720518112182617188e+00
4.128237724304199219e+00
4.252591133117675781e+00
3.744692325592041016e+00
5.131424188613891602e+00
4.345287799835205078e+00
3.951756000518798828e+00
3.580635070800781250e+00
5.198814392089843750e+00
4.063013076782226562e+00
3.330960988998413086e+00
5.309372901916503906e+00
4.450802087783813477e+00
4.547870874404907227e+00
3.814121007919311523e+00
4.860924005508422852e+00
3.216402053833007812e+00
2.126150846481323242e+00
4.312175989151000977e+00
4.187492847442626953e+00
3.829761028289794922e+00
2.670320034027099609e+00
3.064728975296020508e+00
3.325236320495605469e+00
4.288979053497314453e+00
2.705461025238037109e+00
3.455501079559326172e+00
4.540441989898681641e+00
4.110495090484619141e+00
4.386963844299316406e+00
2.910341978073120117e+00
2.569271802902221680e+00
3.943231344223022461e+00
3.956989049911499023e+00
4.880894899368286133e+00
3.039734840393066406e+00
2.511469841003417969e+00
3.151372194290161133e+00
3.147254943847656250e+00
2.791676998138427734e+00
2.747771978378295898e+00
3.881258010864257812e+00
3.893154144287109375e+00
3.964848756790161133e+00
2.848727941513061523e+00
3.148585796356201172e+00
3.009006977081298828e+00
3.261127948760986328e+00
2.767343044281005859e+00
3.541243076324462891e+00
2.797885179519653320e+00
3.231917142868041992e+00
2.788605928421020508e+00
3.237064123153686523e+00
3.188570022583007812e+00
2.986183881759643555e+00
3.314819812774658203e+00
2.760886192321777344e+00
3.499914884567260742e+00
2.759469032287597656e+00
3.235218048095703125e+00
2.982919931411743164e+00
3.320127010345458984e+00
3.275438785552978516e+00
3.016498088836669922e+00
3.144575119018554688e+00
3.495478153228759766e+00
2.881816148757934570e+00
3.175417661666870117e+00
3.181095123291015625e+00
3.140821218490600586e+00
3.242283821105957031e+00
3.381561040878295898e+00
3.114442825317382812e+00
3.237127065658569336e+00
3.316430807113647461e+00
3.161029338836669922e+00
3.262538909912109375e+00
2.687841892242431641e+00
3.544193983078002930e+00
3.077388048171997070e+00
3.367097139358520508e+00
3.230152845382690430e+00
3.542084217071533203e+00
2.919033050537109375e+00
3.131586074829101562e+00
3.605370044708251953e+00
3.389752864837646484e+00
3.569436073303222656e+00
3.366799116134643555e+00
3.429797172546386719e+00
2.439774990081787109e+00
3.539747953414916992e+00
3.547444820404052734e+00
2.998652935028076172e+00
3.547709226608276367e+00
3.213441133499145508e+00
3.413468837738037109e+00
3.503791093826293945e+00
3.628382921218872070e+00
3.350940942764282227e+00
3.761875867843627930e+00
3.543224811553955078e+00
2.841784954071044922e+00
3.787904977798461914e+00
3.678091049194335938e+00
3.859330177307128906e+00
3.534716367721557617e+00
3.465393781661987305e+00
3.562012195587158203e+00
4.070860147476196289e+00
3.864129066467285156e+00
3.276801824569702148e+00
4.166929244995117188e+00
3.980758905410766602e+00
3.582018852233886719e+00
3.277220010757446289e+00
2.755292177200317383e+00
4.027029037475585938e+00
3.547033786773681641e+00
3.305277109146118164e+00
3.738941192626953125e+00
4.051162958145141602e+00
3.949975967407226562e+00
4.110255002975463867e+00
2.892728090286254883e+00
3.082824945449829102e+00
3.882923126220703125e+00
3.896476984024047852e+00
3.984984159469604492e+00
3.731545925140380859e+00
3.439162015914916992e+00
4.342879056930541992e+00
4.245810985565185547e+00
3.808680057525634766e+00
3.303503751754760742e+00
4.230647087097167969e+00
4.076117992401123047e+00
3.971776962280273438e+00
3.912379264831542969e+00
3.677658081054687500e+00
3.663564682006835938e+00
3.600184917449951172e+00
4.036103963851928711e+00
2.591542005538940430e+00
4.279129981994628906e+00
3.622081995010375977e+00
4.316157102584838867e+00
4.542192220687866211e+00
3.161732673645019531e+00
3.617873907089233398e+00
4.226773977279663086e+00
4.155483007431030273e+00
3.113022089004516602e+00
4.113199710845947266e+00
4.273005962371826172e+00
2.898886919021606445e+00
4.398211002349853516e+00
4.750264883041381836e+00
4.309275865554809570e+00
4.320904970169067383e+00
3.859846830368041992e+00
3.410161018371582031e+00
4.411710262298583984e+00
4.042685985565185547e+00
3.347392797470092773e+00
4.470980882644653320e+00
3.552217960357666016e+00
4.201266288757324219e+00
4.383869886398315430e+00
4.540689229965209961e+00
5.075196027755737305e+00
3.521328926086425781e+00
4.615367889404296875e+00
4.449034929275512695e+00
4.019061088562011719e+00
4.483307838439941406e+00
4.006170988082885742e+00
3.469072818756103516e+00
3.973426103591918945e+00
4.809146165847778320e+00
3.841126918792724609e+00
3.571316957473754883e+00
3.817412137985229492e+00
3.311268091201782227e+00
4.297165632247924805e+00
3.491073846817016602e+00
3.590894937515258789e+00
3.981173753738403320e+00
4.587136030197143555e+00
4.343519926071166992e+00
3.515751838684082031e+00
4.308259010314941406e+00
4.337517023086547852e+00
4.275924921035766602e+00
4.042409896850585938e+00
3.310962915420532227e+00
3.185806035995483398e+00
3.601859807968139648e+00
3.978754043579101562e+00
4.084416866302490234e+00
4.143522024154663086e+00
3.880605220794677734e+00
4.058755874633789062e+00
4.643655061721801758e+00
4.726259946823120117e+00
4.168746948242187500e+00
4.119963169097900391e+00
4.070262670516967773e+00
4.174306154251098633e+00
4.040521860122680664e+00
4.846894979476928711e+00
4.407091856002807617e+00
4.973106861114501953e+00
4.155791997909545898e+00
4.157613039016723633e+00
3.854903936386108398e+00
4.355634927749633789e+00
4.882909059524536133e+00
3.787632942199707031e+00
3.313176155090332031e+00
3.727820634841918945e+00
3.098912954330444336e+00
3.539894819259643555e+00
4.253560781478881836e+00
3.268552064895629883e+00
3.291901111602783203e+00
3.644664049148559570e+00
3.507814884185791016e+00
3.978167057037353516e+00
4.395236253738403320e+00
3.687396049499511719e+00
3.593105792999267578e+00
2.296417951583862305e+00
3.957669973373413086e+00
3.453865051269531250e+00
3.233291149139404297e+00
3.364972114562988281e+00
3.567176818847656250e+00
3.569797039031982422e+00
3.316265821456909180e+00
4.347999095916748047e+00
4.016702890396118164e+00
5.011893033981323242e+00
3.409414052963256836e+00
4.339327096939086914e+00
4.012305974960327148e+00
3.890603065490722656e+00
3.825367927551269531e+00
4.146469116210937500e+00
3.040955066680908203e+00
4.326549053192138672e+00
4.364919900894165039e+00
3.617891073226928711e+00
3.920975208282470703e+00
3.567904949188232422e+00
3.851684093475341797e+00
4.017970800399780273e+00
3.369493961334228516e+00
4.778701782226562500e+00
3.389932155609130859e+00
4.614232063293457031e+00
4.479242086410522461e+00
2.966644048690795898e+00
2.810065984725952148e+00
4.456984043121337891e+00
3.679100990295410156e+00
4.304807901382446289e+00
4.421420097351074219e+00
4.149806022644042969e+00
3.411473035812377930e+00
4.082903146743774414e+00
2.766557216644287109e+00
4.068237066268920898e+00
4.597092866897583008e+00
4.297549962997436523e+00
4.229457139968872070e+00
3.624311923980712891e+00
4.050652027130126953e+00
2.953948259353637695e+00
4.441039085388183594e+00
2.491356849670410156e+00
3.147808074951171875e+00
4.292669296264648438e+00
2.602729797363281250e+00
3.079945802688598633e+00
3.239573717117309570e+00
2.583325147628784180e+00
3.257683038711547852e+00
4.663707256317138672e+00
3.565958976745605469e+00
3.171481132507324219e+00
3.192429780960083008e+00
3.104238748550415039e+00
3.155251979827880859e+00
4.206841945648193359e+00
4.397381782531738281e+00
3.382069826126098633e+00
3.560206890106201172e+00
4.406900882720947266e+00
3.252329349517822266e+00
4.206229925155639648e+00
3.320255994796752930e+00
4.373229980468750000e+00
3.340120077133178711e+00
4.824740171432495117e+00
2.810766220092773438e+00
3.648169040679931641e+00
4.858720064163208008e+00
4.335665941238403320e+00
2.709292650222778320e+00
2.932865142822265625e+00
3.176847934722900391e+00
4.142228126525878906e+00
4.253934144973754883e+00
4.143503189086914062e+00
3.956028223037719727e+00
3.948370933532714844e+00
2.741996049880981445e+00
4.233984947204589844e+00
2.896007061004638672e+00
4.683500051498413086e+00
4.306435823440551758e+00
3.347913265228271484e+00
3.819145917892456055e+00
3.018869876861572266e+00
4.105513095855712891e+00
3.098658084869384766e+00
3.882836818695068359e+00
3.115019083023071289e+00
3.617065906524658203e+00
3.683363199234008789e+00
3.751343011856079102e+00
3.003039121627807617e+00
3.822234869003295898e+00
3.328782081604003906e+00
2.693762063980102539e+00
3.538791179656982422e+00
2.758064031600952148e+00
2.890116691589355469e+00
3.824012994766235352e+00
2.285845041275024414e+00
3.793354988098144531e+00
3.844269990921020508e+00
3.419009923934936523e+00
3.924315929412841797e+00
3.444311857223510742e+00
2.788362979888916016e+00
2.984280824661254883e+00
3.593756198883056641e+00
3.217513084411621094e+00
3.050696849822998047e+00
3.707449913024902344e+00
2.836504697799682617e+00
4.802248001098632812e+00
3.673996925354003906e+00
3.373351335525512695e+00
3.134282827377319336e+00
3.539587974548339844e+00
3.793571710586547852e+00
3.456870317459106445e+00
2.699519872665405273e+00
3.153451919555664062e+00
4.064928054809570312e+00
4.840161800384521484e+00
2.876458883285522461e+00
3.653515100479125977e+00
2.757556438446044922e+00
2.924970865249633789e+00
3.341440677642822266e+00
2.668057918548583984e+00
2.868942022323608398e+00
3.438393115997314453e+00
2.926656007766723633e+00
3.783274173736572266e+00
2.733362913131713867e+00
3.155417919158935547e+00
2.906880855560302734e+00
3.686172008514404297e+00
2.910012960433959961e+00
2.251138210296630859e+00
3.865850687026977539e+00
3.507453918457031250e+00
3.932745933532714844e+00
4.180280923843383789e+00
4.216557025909423828e+00
2.763079881668090820e+00
2.926177740097045898e+00
3.020359754562377930e+00
3.492305994033813477e+00
3.611078262329101562e+00
3.107400417327880859e+00
2.458149909973144531e+00
3.245819091796875000e+00
3.680564880371093750e+00
3.227502107620239258e+00
3.222519159317016602e+00
3.066809177398681641e+00
2.922421932220458984e+00
3.271715164184570312e+00
3.277897119522094727e+00
4.233703851699829102e+00
2.875190973281860352e+00
2.746289014816284180e+00
4.106647014617919922e+00
3.295636892318725586e+00
3.322242021560668945e+00
2.832607030868530273e+00
3.133754968643188477e+00
3.411084890365600586e+00
3.448213338851928711e+00
3.400176048278808594e+00
3.387986183166503906e+00
2.725347995758056641e+00
3.064248800277709961e+00
3.318201065063476562e+00
3.358700037002563477e+00
3.483342170715332031e+00
4.100545883178710938e+00
3.068196058273315430e+00
2.616595983505249023e+00
3.165885925292968750e+00
2.965723991394042969e+00
3.190342187881469727e+00
3.597555875778198242e+00
3.015709877014160156e+00
3.050297737121582031e+00
3.070734739303588867e+00
3.192384004592895508e+00
3.887202024459838867e+00
3.202159881591796875e+00
3.843036890029907227e+00
3.764380931854248047e+00
4.011674880981445312e+00
3.347306966781616211e+00
3.526381969451904297e+00
3.435916185379028320e+00
2.744406938552856445e+00
2.718971252441406250e+00
4.091961860656738281e+00
3.855594158172607422e+00
3.055656909942626953e+00
3.609575033187866211e+00
2.924443006515502930e+00
2.796828031539916992e+00
3.412451028823852539e+00
4.136182069778442383e+00
3.818250179290771484e+00
3.120296955108642578e+00
3.961004734039306641e+00
2.968829393386840820e+00
4.322532176971435547e+00
3.511681795120239258e+00
3.764201164245605469e+00
4.398741006851196289e+00
3.399080038070678711e+00
3.378866910934448242e+00
4.350208997726440430e+00
4.169737815856933594e+00
4.013114690780639648e+00
2.908952951431274414e+00
2.719216108322143555e+00
3.791085958480834961e+00
2.989708185195922852e+00
2.500943183898925781e+00
3.583829879760742188e+00
2.757200956344604492e+00
3.171434879302978516e+00
3.386435031890869141e+00
3.723534822463989258e+00
4.064980030059814453e+00
3.838349103927612305e+00
4.458133935928344727e+00
3.552125215530395508e+00
2.937941074371337891e+00
3.556862831115722656e+00
4.262336015701293945e+00
3.978067159652709961e+00
3.187147855758666992e+00
3.508275985717773438e+00
3.614711046218872070e+00
3.906741857528686523e+00
3.521622896194458008e+00
3.621862173080444336e+00
3.247153282165527344e+00
3.589456796646118164e+00
3.739961862564086914e+00
3.234663963317871094e+00
3.756469011306762695e+00
3.719913005828857422e+00
4.697144031524658203e+00
3.021213054656982422e+00
4.081542968750000000e+00
4.545598983764648438e+00
3.789234161376953125e+00
2.516898155212402344e+00
3.949194192886352539e+00
3.967425823211669922e+00
3.883413076400756836e+00
4.517234086990356445e+00
2.881116151809692383e+00
3.888536691665649414e+00
3.037532806396484375e+00
2.574826955795288086e+00
4.550924062728881836e+00
4.542140960693359375e+00
3.222728967666625977e+00
3.802253007888793945e+00
3.982330799102783203e+00
3.512449026107788086e+00
4.805998086929321289e+00
3.052625894546508789e+00
2.966202974319458008e+00
3.500519037246704102e+00
3.835166931152343750e+00
3.529611110687255859e+00
3.383565902709960938e+00
3.618169784545898438e+00
3.629961967468261719e+00
2.616775751113891602e+00
4.450364112854003906e+00
3.823212862014770508e+00
3.287929058074951172e+00
3.324988842010498047e+00
3.499671936035156250e+00
4.438697814941406250e+00
4.060458898544311523e+00
3.128845930099487305e+00
3.406569004058837891e+00
3.599708080291748047e+00
3.371510028839111328e+00
2.986174106597900391e+00
3.284876108169555664e+00
3.523193120956420898e+00
2.534307956695556641e+00
4.142002344131469727e+00
3.951957702636718750e+00
2.878289937973022461e+00
4.071172952651977539e+00
3.005094766616821289e+00
2.777543783187866211e+00
2.910670042037963867e+00
3.680655002593994141e+00
3.490978002548217773e+00
3.320271968841552734e+00
4.117109060287475586e+00
3.254188776016235352e+00
3.653527736663818359e+00
3.055366039276123047e+00
3.000870943069458008e+00
2.854210138320922852e+00
3.813100099563598633e+00
3.716726064682006836e+00
2.587244033813476562e+00
4.318186044692993164e+00
3.887401819229125977e+00
3.729290008544921875e+00
3.767365932464599609e+00
3.857900142669677734e+00
3.272487878799438477e+00
4.026838064193725586e+00
3.024780988693237305e+00
3.086041927337646484e+00
3.332297801971435547e+00
2.731383800506591797e+00
4.174521923065185547e+00
3.287132978439331055e+00
3.323953866958618164e+00
2.946948051452636719e+00
4.027064085006713867e+00
2.628699302673339844e+00
3.553760051727294922e+00
3.308841943740844727e+00
3.594266176223754883e+00
3.603797912597656250e+00
3.491419076919555664e+00
3.822622060775756836e+00
4.132405042648315430e+00
3.795099020004272461e+00
4.130055189132690430e+00
3.954697847366333008e+00
3.017211198806762695e+00
4.080459117889404297e+00
3.894470930099487305e+00
3.508161067962646484e+00
3.858010053634643555e+00
2.768562078475952148e+00
3.546411752700805664e+00
3.774852037429809570e+00
2.714950799942016602e+00
4.242297887802124023e+00
3.492424011230468750e+00
3.283091783523559570e+00
4.134747982025146484e+00
4.127163887023925781e+00
3.997097015380859375e+00
3.482931852340698242e+00
4.067667007446289062e+00
3.239518165588378906e+00
4.450482845306396484e+00
3.048658847808837891e+00
3.379918098449707031e+00
4.592501163482666016e+00
3.908928155899047852e+00
3.186907768249511719e+00
4.060479879379272461e+00
3.397635221481323242e+00
3.071787118911743164e+00
3.316381216049194336e+00
4.680751085281372070e+00
3.984106063842773438e+00
4.025661945343017578e+00
3.623859882354736328e+00
3.160642862319946289e+00
2.894557237625122070e+00
2.648159980773925781e+00
3.804432153701782227e+00
3.788844108581542969e+00
3.982721090316772461e+00
4.151697874069213867e+00
3.608682155609130859e+00
3.347310781478881836e+00
3.295733928680419922e+00
3.687298059463500977e+00
4.385331869125366211e+00
3.496256113052368164e+00
3.818284749984741211e+00
4.244509220123291016e+00
3.518710136413574219e+00
4.686378955841064453e+00
3.901312828063964844e+00
3.771470308303833008e+00
3.715269088745117188e+00
3.554202795028686523e+00
3.831893920898437500e+00
3.750648021697998047e+00
2.625064849853515625e+00
3.746809005737304688e+00
3.459173917770385742e+00
4.155165910720825195e+00
3.608801841735839844e+00
3.464473962783813477e+00
2.801180124282836914e+00
3.228344917297363281e+00
3.592157125473022461e+00
4.017723798751831055e+00
4.313421010971069336e+00
3.130483150482177734e+00
3.252458810806274414e+00
2.956942081451416016e+00
4.431819915771484375e+00
2.886089086532592773e+00
2.887599706649780273e+00
3.686713218688964844e+00
3.091162204742431641e+00
3.205296754837036133e+00
3.255845785140991211e+00
3.087635993957519531e+00
4.105549812316894531e+00
3.595846891403198242e+00
3.558757781982421875e+00
4.223587751388549805e+00
2.976237058639526367e+00
4.217540979385375977e+00
3.222638845443725586e+00
2.874004125595092773e+00
3.989215850830078125e+00
3.073534965515136719e+00
3.344923973083496094e+00
4.774302959442138672e+00
4.487802028656005859e+00
3.084135770797729492e+00
2.689521789550781250e+00
3.617738008499145508e+00
3.151120185852050781e+00
3.083550930023193359e+00
3.119436025619506836e+00
3.252301931381225586e+00
3.598724126815795898e+00
4.273597955703735352e+00
2.849696874618530273e+00
3.435237884521484375e+00
3.470814943313598633e+00
3.249356031417846680e+00
3.482212781906127930e+00
2.989849090576171875e+00
3.520108938217163086e+00
3.714743852615356445e+00
3.289661884307861328e+00
3.856968879699707031e+00
3.211228132247924805e+00
3.302944898605346680e+00
3.163400888442993164e+00
3.447798013687133789e+00
3.177040815353393555e+00
3.409156084060668945e+00
3.540043115615844727e+00
4.271767139434814453e+00
4.067220211029052734e+00
3.804862976074218750e+00
4.105458974838256836e+00
3.520382881164550781e+00
3.831001043319702148e+00
4.158496141433715820e+00
4.143548011779785156e+00
3.814503192901611328e+00
3.568686008453369141e+00
3.833926200866699219e+00
3.562537908554077148e+00
3.756784915924072266e+00
4.189957141876220703e+00
3.784768819808959961e+00
3.432679891586303711e+00
4.026381015777587891e+00
3.577853918075561523e+00
2.411477088928222656e+00
3.795823812484741211e+00
4.104142904281616211e+00
4.313181877136230469e+00
4.090983152389526367e+00
3.591583967208862305e+00
4.057250022888183594e+00
3.526431322097778320e+00
3.790932178497314453e+00
3.716812849044799805e+00
3.433383941650390625e+00
3.867822885513305664e+00
3.529664039611816406e+00
3.042352199554443359e+00
4.265191316604614258e+00
3.507235050201416016e+00
2.507642984390258789e+00
3.585761785507202148e+00
3.411929845809936523e+00
3.541786670684814453e+00
3.549083232879638672e+00
3.701125860214233398e+00
4.491864204406738281e+00
3.779721975326538086e+00
3.746721982955932617e+00
3.061136007308959961e+00
3.424637794494628906e+00
3.564682960510253906e+00
3.222157001495361328e+00
3.622960805892944336e+00
3.740117073059082031e+00
4.253862142562866211e+00
2.629014968872070312e+00
3.688899993896484375e+00
4.066025018692016602e+00
3.696252822875976562e+00
3.779532194137573242e+00
3.679421901702880859e+00
3.995456933975219727e+00
3.988447904586791992e+00
3.901467084884643555e+00
3.459182024002075195e+00
4.203787803649902344e+00
3.490540027618408203e+00
4.790636062622070312e+00
4.606821298599243164e+00
4.466079235076904297e+00
3.945353031158447266e+00
4.012755870819091797e+00
4.270009040832519531e+00
4.312407255172729492e+00
4.031074047088623047e+00
4.411964178085327148e+00
3.384039878845214844e+00
2.609409809112548828e+00
3.595444202423095703e+00
3.713155984878540039e+00
3.857270956039428711e+00
3.852365970611572266e+00
2.695333957672119141e+00
3.845570087432861328e+00
3.729272842407226562e+00
3.721265077590942383e+00
3.663086175918579102e+00
3.719295024871826172e+00
3.556942939758300781e+00
3.332833051681518555e+00
3.306878805160522461e+00
3.408253908157348633e+00
3.962552070617675781e+00
3.103124856948852539e+00
3.953275680541992188e+00
3.985225200653076172e+00
3.796836137771606445e+00
3.928290128707885742e+00
3.465962886810302734e+00
3.503849029541015625e+00
4.137601137161254883e+00
3.960301876068115234e+00
3.937619209289550781e+00
3.732547760009765625e+00
3.169435739517211914e+00
3.475134849548339844e+00
2.961927890777587891e+00
3.137353897094726562e+00
3.010720014572143555e+00
3.342884063720703125e+00
3.825154066085815430e+00
4.027008056640625000e+00
4.157090902328491211e+00
3.312070846557617188e+00
4.601349115371704102e+00
3.786632061004638672e+00
3.180927038192749023e+00
3.555007934570312500e+00
3.314321041107177734e+00
3.755681991577148438e+00
3.066868066787719727e+00
3.338004350662231445e+00
3.638065814971923828e+00
3.641866922378540039e+00
3.436336040496826172e+00
2.994982004165649414e+00
3.574909925460815430e+00
3.218313932418823242e+00
4.039370059967041016e+00
3.132434844970703125e+00
3.157988786697387695e+00
3.580603122711181641e+00
3.449425220489501953e+00
3.460648059844970703e+00
4.311917066574096680e+00
4.110961198806762695e+00
3.877678155899047852e+00
2.417675971984863281e+00
3.260412931442260742e+00
3.503798007965087891e+00
3.740952014923095703e+00
2.901118040084838867e+00
3.240526199340820312e+00
2.664126873016357422e+00
3.170178174972534180e+00
3.271127939224243164e+00
3.687277078628540039e+00
2.342331886291503906e+00
3.993459939956665039e+00
3.268035888671875000e+00
4.254588842391967773e+00
4.323135137557983398e+00
3.293163061141967773e+00
3.590189933776855469e+00
4.455182075500488281e+00
2.702038764953613281e+00
3.689797163009643555e+00
4.206500768661499023e+00
4.291091918945312500e+00
4.814707994461059570e+00
4.449292182922363281e+00
2.370981216430664062e+00
3.927222013473510742e+00
2.819220781326293945e+00
2.762498140335083008e+00
2.639887809753417969e+00
3.672340869903564453e+00
3.107227087020874023e+00
4.065968990325927734e+00
2.621479988098144531e+00
4.121060132980346680e+00
3.129213809967041016e+00
3.985958099365234375e+00
2.992464065551757812e+00
3.218822956085205078e+00
2.468312025070190430e+00
3.584584951400756836e+00
2.915534257888793945e+00
2.894196987152099609e+00
3.365361928939819336e+00
3.170351982116699219e+00
3.338343143463134766e+00
3.129633665084838867e+00
3.033486127853393555e+00
3.800410032272338867e+00
3.313100814819335938e+00
4.171415090560913086e+00
2.930435895919799805e+00
4.075111865997314453e+00
3.347960710525512695e+00
3.714751005172729492e+00
4.314824104309082031e+00
3.334055185317993164e+00
3.386665821075439453e+00
4.250742912292480469e+00
4.227854251861572266e+00
2.712462186813354492e+00
3.811409950256347656e+00
3.452427148818969727e+00
3.802800893783569336e+00
4.384387254714965820e+00
4.311824798583984375e+00
3.146885871887207031e+00
4.101657152175903320e+00
4.118737936019897461e+00
3.802577972412109375e+00
4.377918004989624023e+00
4.050451993942260742e+00
3.699962854385375977e+00
2.389307260513305664e+00
4.251669883728027344e+00
3.736846208572387695e+00
3.763188123703002930e+00
3.664535045623779297e+00
4.355155944824218750e+00
4.499125003814697266e+00
2.851165294647216797e+00
2.710124015808105469e+00
3.283133983612060547e+00
3.522467851638793945e+00
3.111103057861328125e+00
4.320717096328735352e+00
3.672449111938476562e+00
3.302251100540161133e+00
3.957062005996704102e+00
3.725610971450805664e+00
3.328306913375854492e+00
3.266793012619018555e+00
3.070236206054687500e+00
2.908539295196533203e+00
3.039407253265380859e+00
3.276380777359008789e+00
2.683096885681152344e+00
3.057380914688110352e+00
4.921056032180786133e+00
3.071600914001464844e+00
3.978683233261108398e+00
3.798341035842895508e+00
3.286743879318237305e+00
3.556092977523803711e+00
3.328656911849975586e+00
4.004358053207397461e+00
3.384510278701782227e+00
2.997478723526000977e+00
2.892606019973754883e+00
3.182353734970092773e+00
3.634460926055908203e+00
3.365918159484863281e+00
3.630754947662353516e+00
2.909331321716308594e+00
4.763684034347534180e+00
3.328770160675048828e+00
3.391922235488891602e+00
4.548388004302978516e+00
3.470170021057128906e+00
3.982190132141113281e+00
3.577821016311645508e+00
3.310542106628417969e+00
3.218841075897216797e+00
4.094239950180053711e+00
4.056849002838134766e+00
3.577568054199218750e+00
5.185154914855957031e+00
3.671932220458984375e+00
3.160596847534179688e+00
3.529332399368286133e+00
3.961493015289306641e+00
3.491066932678222656e+00
3.531224012374877930e+00
3.043568134307861328e+00
3.833583116531372070e+00
3.810195922851562500e+00
2.849416255950927734e+00
4.157156229019165039e+00
2.772927999496459961e+00
3.537052869796752930e+00
2.514621019363403320e+00
3.562623023986816406e+00
3.086863040924072266e+00
2.868586063385009766e+00
4.054103136062622070e+00
3.869340896606445312e+00
4.139117956161499023e+00
3.339561939239501953e+00
3.577702999114990234e+00
2.875216960906982422e+00
3.370715141296386719e+00
3.063326358795166016e+00
2.902368068695068359e+00
3.049938201904296875e+00
3.679895162582397461e+00
3.891542673110961914e+00
3.829365968704223633e+00
3.753684043884277344e+00
3.640847206115722656e+00
3.588572263717651367e+00
4.178192853927612305e+00
3.950803995132446289e+00
3.115360736846923828e+00
2.861535072326660156e+00
3.556611776351928711e+00
3.399506807327270508e+00
4.283224105834960938e+00
2.819287776947021484e+00
2.491445064544677734e+00
3.858822345733642578e+00
3.165570020675659180e+00
3.487257003784179688e+00
3.254333972930908203e+00
4.258581161499023438e+00
2.954256057739257812e+00
3.215020895004272461e+00
2.619325876235961914e+00
2.817616701126098633e+00
2.699833154678344727e+00
3.565114021301269531e+00
2.573827981948852539e+00
3.285179853439331055e+00
5.016987800598144531e+00
3.078593969345092773e+00
2.875413179397583008e+00
3.282258272171020508e+00
3.006619215011596680e+00
3.099578142166137695e+00
3.309046030044555664e+00
3.590029954910278320e+00
3.069229841232299805e+00
3.213634967803955078e+00
3.422136068344116211e+00
2.908569097518920898e+00
3.252944946289062500e+00
3.397904157638549805e+00
3.029406785964965820e+00
2.994103908538818359e+00
2.800446987152099609e+00
3.428591728210449219e+00
3.410073041915893555e+00
3.704919099807739258e+00
4.097128868103027344e+00
4.066608190536499023e+00
3.369150876998901367e+00
3.519182682037353516e+00
2.919201135635375977e+00
3.338562011718750000e+00
3.387206077575683594e+00
3.053550004959106445e+00
4.557564973831176758e+00
3.549110889434814453e+00
3.372957229614257812e+00
3.456504106521606445e+00
2.810866355895996094e+00
2.500764131546020508e+00
3.504942178726196289e+00
4.334151983261108398e+00
3.693446159362792969e+00
3.926464080810546875e+00
3.856251001358032227e+00
3.235531091690063477e+00
3.443543195724487305e+00
2.825680971145629883e+00
2.891573905944824219e+00
2.903824090957641602e+00
4.402661800384521484e+00
2.668733835220336914e+00
4.436064004898071289e+00
3.830990791320800781e+00
4.306962966918945312e+00
3.460953950881958008e+00
4.395150899887084961e+00
3.620332241058349609e+00
2.417370080947875977e+00
3.481151103973388672e+00
3.266546010971069336e+00
2.612022876739501953e+00
4.604329824447631836e+00
3.821992158889770508e+00
4.248664140701293945e+00
3.463122129440307617e+00
3.742396831512451172e+00
3.792330026626586914e+00
2.919425964355468750e+00
3.510972023010253906e+00
3.535015106201171875e+00
3.192086935043334961e+00
2.624097824096679688e+00
2.625751018524169922e+00
3.242020845413208008e+00
2.419621229171752930e+00
2.623500823974609375e+00
4.039732933044433594e+00
5.021694183349609375e+00
4.395287036895751953e+00
2.621047019958496094e+00
3.185364007949829102e+00
3.264992952346801758e+00
3.526086807250976562e+00
3.507923841476440430e+00
3.732259273529052734e+00
3.676638841629028320e+00
4.028578042984008789e+00
2.393746852874755859e+00
3.883728981018066406e+00
3.438490867614746094e+00
2.818312883377075195e+00
2.786574125289916992e+00
3.980954170227050781e+00
3.475871086120605469e+00
3.384557723999023438e+00
3.867651224136352539e+00
4.005666017532348633e+00
3.650402784347534180e+00
2.895723104476928711e+00
2.780608892440795898e+00
2.260008811950683594e+00
2.512966156005859375e+00
3.605479240417480469e+00
2.552747011184692383e+00
2.779911994934082031e+00
3.600217819213867188e+00
3.235300064086914062e+00
3.787199974060058594e+00
4.628201961517333984e+00
3.314867973327636719e+00
3.565571069717407227e+00
2.382507801055908203e+00
3.222859144210815430e+00
3.756851911544799805e+00
4.277825117111206055e+00
2.693028926849365234e+00
3.715722084045410156e+00
3.313475131988525391e+00
3.917809009552001953e+00
4.192486763000488281e+00
3.740020990371704102e+00
3.077682018280029297e+00
3.902731895446777344e+00
4.152344703674316406e+00
2.993880271911621094e+00
3.083554029464721680e+00
4.112773895263671875e+00
3.885067939758300781e+00
4.643469095230102539e+00
3.729480028152465820e+00
3.387035131454467773e+00
3.571220874786376953e+00
3.636996269226074219e+00
3.376703977584838867e+00
3.159626007080078125e+00
4.023182153701782227e+00
3.584577798843383789e+00
3.127975940704345703e+00
3.597621917724609375e+00
3.746679782867431641e+00
4.582412958145141602e+00
3.406505107879638672e+00
4.007545709609985352e+00
4.001359224319458008e+00
3.692616939544677734e+00
3.377644062042236328e+00
3.651478052139282227e+00
3.049736976623535156e+00
3.028334140777587891e+00
3.454995155334472656e+00
4.369984149932861328e+00
3.491952896118164062e+00
3.476276874542236328e+00
4.835330963134765625e+00
3.964341878890991211e+00
3.863333940505981445e+00
3.604459047317504883e+00
3.754410028457641602e+00
3.920320034027099609e+00
3.251210212707519531e+00
2.927729845046997070e+00
4.111762046813964844e+00
3.571827888488769531e+00
3.892239093780517578e+00
3.401014089584350586e+00
3.561978340148925781e+00
2.820667743682861328e+00
3.223628997802734375e+00
3.064059734344482422e+00
3.617985725402832031e+00
3.416227102279663086e+00
3.712806224822998047e+00
3.106544971466064453e+00
3.369040966033935547e+00
4.117110729217529297e+00
4.248480081558227539e+00
3.777530908584594727e+00
4.031145095825195312e+00
3.164031982421875000e+00
3.497807979583740234e+00
3.185419082641601562e+00
3.187725067138671875e+00
3.098613023757934570e+00
3.944543123245239258e+00
4.107362985610961914e+00
4.112443923950195312e+00
4.083126068115234375e+00
2.729236841201782227e+00
4.016036033630371094e+00
4.326344966888427734e+00
3.873475074768066406e+00
3.405622959136962891e+00
3.878282070159912109e+00
4.476425170898437500e+00
2.822299003601074219e+00
4.151304960250854492e+00
4.034013986587524414e+00
3.683048009872436523e+00
2.455348014831542969e+00
2.959124803543090820e+00
3.561668157577514648e+00
4.655014038085937500e+00
3.725340843200683594e+00
4.073836088180541992e+00
4.351835966110229492e+00
2.987191915512084961e+00
3.742381095886230469e+00
3.950060129165649414e+00
4.035936117172241211e+00
4.365810871124267578e+00
4.067321777343750000e+00
3.711451292037963867e+00
3.795660257339477539e+00
3.506935834884643555e+00
3.097177982330322266e+00
4.100152015686035156e+00
2.895586013793945312e+00
2.907100915908813477e+00
4.068001031875610352e+00
4.262512922286987305e+00
3.724316835403442383e+00
3.668280124664306641e+00
4.271136760711669922e+00
4.091750144958496094e+00
3.144593954086303711e+00
3.240082979202270508e+00
3.066923856735229492e+00
3.113282918930053711e+00
3.715056180953979492e+00
2.687050104141235352e+00
3.238159179687500000e+00
5.150070905685424805e+00
4.380311012268066406e+00
4.718962907791137695e+00
3.626980066299438477e+00
3.421780109405517578e+00
4.326283931732177734e+00
4.300565004348754883e+00
2.878859043121337891e+00
3.532590150833129883e+00
3.171425104141235352e+00
3.524996995925903320e+00
4.856992721557617188e+00
4.668546915054321289e+00
3.942740917205810547e+00
3.756686925888061523e+00
4.048399925231933594e+00
4.118506908416748047e+00
4.039319038391113281e+00
4.083514213562011719e+00
3.281991958618164062e+00
4.409549951553344727e+00
4.150022983551025391e+00
4.228607177734375000e+00
3.220510005950927734e+00
3.604996919631958008e+00
3.130109071731567383e+00
4.230503082275390625e+00
4.419803142547607422e+00
3.846477031707763672e+00
3.254598140716552734e+00
3.474128007888793945e+00
2.736726999282836914e+00
3.396522045135498047e+00
3.631625413894653320e+00
3.768003225326538086e+00
5.107807874679565430e+00
3.751936912536621094e+00
4.295715808868408203e+00
3.142162799835205078e+00
4.032080173492431641e+00
3.159849882125854492e+00
3.818285942077636719e+00
3.455663919448852539e+00
4.377218008041381836e+00
4.536988019943237305e+00
4.852815151214599609e+00
4.185240983963012695e+00
3.403055906295776367e+00
4.840835094451904297e+00
3.864176273345947266e+00
4.711570978164672852e+00
3.645172834396362305e+00
3.974855184555053711e+00
3.516158103942871094e+00
4.571886062622070312e+00
4.057411193847656250e+00
4.745829820632934570e+00
3.294760227203369141e+00
3.512632131576538086e+00
4.036944150924682617e+00
3.631840944290161133e+00
4.567980766296386719e+00
4.564879894256591797e+00
3.960545063018798828e+00
3.010327100753784180e+00
3.611952781677246094e+00
4.382611989974975586e+00
3.332604169845581055e+00
3.998128890991210938e+00
3.305579900741577148e+00
3.677125930786132812e+00
4.282331705093383789e+00
3.991819143295288086e+00
3.724839210510253906e+00
3.741095781326293945e+00
3.253818988800048828e+00
3.230304956436157227e+00
4.600203990936279297e+00
4.409570217132568359e+00
3.828567981719970703e+00
2.969589948654174805e+00
4.225788116455078125e+00
4.426211833953857422e+00
2.951057910919189453e+00
4.366714000701904297e+00
4.583713054656982422e+00
4.011229276657104492e+00
4.483723163604736328e+00
4.552555084228515625e+00
3.935156106948852539e+00
3.513807296752929688e+00
2.571421146392822266e+00
2.807157993316650391e+00
3.977075099945068359e+00
3.663968086242675781e+00
3.969235897064208984e+00
4.455422401428222656e+00
3.986951351165771484e+00
2.765101909637451172e+00
2.898646116256713867e+00
4.148715019226074219e+00
3.656870126724243164e+00
3.578353166580200195e+00
3.753682136535644531e+00
3.690735816955566406e+00
3.651697158813476562e+00
4.222269058227539062e+00
3.959920167922973633e+00
2.928246021270751953e+00
3.661307096481323242e+00
4.509277820587158203e+00
2.939500093460083008e+00
4.205775260925292969e+00
2.961595058441162109e+00
3.625596761703491211e+00
3.583104133605957031e+00
3.124365091323852539e+00
2.700696229934692383e+00
3.801918029785156250e+00
3.860954046249389648e+00
2.938046216964721680e+00
4.695000648498535156e+00
3.001070022583007812e+00
3.719139099121093750e+00
2.977561950683593750e+00
3.026988267898559570e+00
3.026665925979614258e+00
3.103749752044677734e+00
4.044204950332641602e+00
4.481272220611572266e+00
4.099575042724609375e+00
2.747797966003417969e+00
3.036233901977539062e+00
3.125028848648071289e+00
2.491902828216552734e+00
2.439779996871948242e+00
3.963971614837646484e+00
2.546919107437133789e+00
3.866159915924072266e+00
5.150989770889282227e+00
2.791159152984619141e+00
3.682764053344726562e+00
4.542957067489624023e+00
4.372268676757812500e+00
3.151796102523803711e+00
4.453615903854370117e+00
4.228518962860107422e+00
2.548208236694335938e+00
3.424447059631347656e+00
4.779977798461914062e+00
2.762362003326416016e+00
3.549737215042114258e+00
4.356943845748901367e+00
2.899531841278076172e+00
3.424198865890502930e+00
3.551758050918579102e+00
3.257872343063354492e+00
3.212901830673217773e+00
2.732286214828491211e+00
3.421138048171997070e+00
3.006196975708007812e+00
3.297143220901489258e+00
3.485771179199218750e+00
3.265376091003417969e+00
3.761050939559936523e+00
3.123589038848876953e+00
3.032330989837646484e+00
3.504987955093383789e+00
2.963254690170288086e+00
3.272374153137207031e+00
5.227761030197143555e+00
3.209419965744018555e+00
3.577791929244995117e+00
3.436563014984130859e+00
3.257626771926879883e+00
4.999084949493408203e+00
2.901242971420288086e+00
4.071611166000366211e+00
3.605936050415039062e+00
3.407675981521606445e+00
3.486414194107055664e+00
3.381788015365600586e+00
3.462712764739990234e+00
3.287619829177856445e+00
4.049629211425781250e+00
3.620110273361206055e+00
2.442767143249511719e+00
3.398785829544067383e+00
3.535234212875366211e+00
3.244914770126342773e+00
3.431271791458129883e+00
3.391950130462646484e+00
3.464586973190307617e+00
3.776952028274536133e+00
2.918164968490600586e+00
3.289696931838989258e+00
3.532619237899780273e+00
3.843031167984008789e+00
3.019737720489501953e+00
4.224643707275390625e+00
4.015309810638427734e+00
4.157810926437377930e+00
4.103525161743164062e+00
4.264892816543579102e+00
2.897324085235595703e+00
2.921921014785766602e+00
2.955911874771118164e+00
4.064038038253784180e+00
3.698614835739135742e+00
4.018414258956909180e+00
4.202211141586303711e+00
3.275721073150634766e+00
3.890284061431884766e+00
4.120538949966430664e+00
3.395606756210327148e+00
4.544877052307128906e+00
3.171710252761840820e+00
3.363920211791992188e+00
4.017569065093994141e+00
3.265725851058959961e+00
3.950908899307250977e+00
4.386111974716186523e+00
4.185641050338745117e+00
4.183598995208740234e+00
3.710034847259521484e+00
4.355456113815307617e+00
3.419733047485351562e+00
4.175546169281005859e+00
3.608588933944702148e+00
3.591660022735595703e+00
2.836722850799560547e+00
3.262511968612670898e+00
4.319664001464843750e+00
4.319897890090942383e+00
4.240406036376953125e+00
4.257553815841674805e+00
3.815423965454101562e+00
3.778424978256225586e+00
3.780386209487915039e+00
3.484952688217163086e+00
2.511635303497314453e+00
3.769712924957275391e+00
4.406602621078491211e+00
3.740972995758056641e+00
4.079791069030761719e+00
4.509037017822265625e+00
4.477795124053955078e+00
3.622025251388549805e+00
4.542573213577270508e+00
3.802386760711669922e+00
3.559460163116455078e+00
3.745120048522949219e+00
5.049756765365600586e+00
3.557971954345703125e+00
4.700484037399291992e+00
3.417945146560668945e+00
2.892616987228393555e+00
2.757502794265747070e+00
4.601130962371826172e+00
3.499392986297607422e+00
3.020465850830078125e+00
3.092828989028930664e+00
3.612011909484863281e+00
3.392209053039550781e+00
3.323621988296508789e+00
4.735167980194091797e+00
3.527539253234863281e+00
4.486900806427001953e+00
3.611486911773681641e+00
3.303353071212768555e+00
3.905903100967407227e+00
3.980982065200805664e+00
3.570953130722045898e+00
3.282811880111694336e+00
4.746826171875000000e+00
3.874450922012329102e+00
3.927145004272460938e+00
3.761337995529174805e+00
3.537171840667724609e+00
2.885784149169921875e+00
3.807827949523925781e+00
3.535988807678222656e+00
3.639080047607421875e+00
3.874793767929077148e+00
3.753591060638427734e+00
3.023709058761596680e+00
3.818304061889648438e+00
4.323779106140136719e+00
3.058094978332519531e+00
3.885548114776611328e+00
3.901947975158691406e+00
3.120478868484497070e+00
3.124603986740112305e+00
3.448347806930541992e+00
3.555397987365722656e+00
2.711491107940673828e+00
3.987553119659423828e+00
3.654113054275512695e+00
3.241487026214599609e+00
4.257663965225219727e+00
5.525347709655761719e+00
4.446006059646606445e+00
3.761558055877685547e+00
3.452276945114135742e+00
4.139792919158935547e+00
3.305855989456176758e+00
3.320135116577148438e+00
4.344429016113281250e+00
4.439399242401123047e+00
3.985310077667236328e+00
3.461410045623779297e+00
4.205903291702270508e+00
3.984405040740966797e+00
3.543640851974487305e+00
4.602218151092529297e+00
3.406157255172729492e+00
3.586647033691406250e+00
3.234803199768066406e+00
3.956635236740112305e+00
3.495851993560791016e+00
3.453011989593505859e+00
3.937753915786743164e+00
3.564902067184448242e+00
4.665966033935546875e+00
4.469398021697998047e+00
4.339104175567626953e+00
3.499294281005859375e+00
3.469588041305541992e+00
3.398996829986572266e+00
3.621797084808349609e+00
3.908007860183715820e+00
4.411343097686767578e+00
3.689762115478515625e+00
3.425829887390136719e+00
4.225594758987426758e+00
2.644626855850219727e+00
4.394051074981689453e+00
3.903942823410034180e+00
4.336421728134155273e+00
3.743744134902954102e+00
3.427831172943115234e+00
4.457030057907104492e+00
3.588093996047973633e+00
4.521873950958251953e+00
4.490161895751953125e+00
4.134718894958496094e+00
4.343780040740966797e+00
3.486443996429443359e+00
3.685058116912841797e+00
4.036533117294311523e+00
3.688693046569824219e+00
3.098838806152343750e+00
3.457727432250976562e+00
4.190781116485595703e+00
3.668514013290405273e+00
3.818917274475097656e+00
3.898943901062011719e+00
3.668041944503784180e+00
3.884305953979492188e+00
4.917041778564453125e+00
5.220759630203247070e+00
4.631366729736328125e+00
3.209122896194458008e+00
4.218097925186157227e+00
4.907731771469116211e+00
3.634002923965454102e+00
4.415925025939941406e+00
3.619486093521118164e+00
4.176870822906494141e+00
3.906201124191284180e+00
3.409071207046508789e+00
4.283946037292480469e+00
4.079422950744628906e+00
4.126024246215820312e+00
4.750495910644531250e+00
4.608547925949096680e+00
3.947514057159423828e+00
2.492099761962890625e+00
3.486199855804443359e+00
3.435186862945556641e+00
4.088552951812744141e+00
3.984835147857666016e+00
3.288452148437500000e+00
3.238571882247924805e+00
3.347195148468017578e+00
3.770969867706298828e+00
3.995094060897827148e+00
3.577897787094116211e+00
4.231850862503051758e+00
4.157386064529418945e+00
3.543498039245605469e+00
3.987123966217041016e+00
3.339823961257934570e+00
3.079180717468261719e+00
3.029252052307128906e+00
5.448173046112060547e+00
4.020510911941528320e+00
3.785537004470825195e+00
4.484557867050170898e+00
4.482200860977172852e+00
2.987828969955444336e+00
4.567809104919433594e+00
4.212870836257934570e+00
2.744859933853149414e+00
3.578927040100097656e+00
4.436313152313232422e+00
3.650996923446655273e+00
3.972251892089843750e+00
3.744044065475463867e+00
3.186151981353759766e+00
1.973701953887939453e+00
3.373135805130004883e+00
3.927761077880859375e+00
4.497223854064941406e+00
3.238329172134399414e+00
2.779760837554931641e+00
3.906862020492553711e+00
3.575849056243896484e+00
2.968688964843750000e+00
3.948849201202392578e+00
2.155326128005981445e+00
3.001746892929077148e+00
3.783644914627075195e+00
4.428659915924072266e+00
3.056547164916992188e+00
3.395922899246215820e+00
3.267764806747436523e+00
2.993916034698486328e+00
4.013077974319458008e+00
3.895530939102172852e+00
3.401600122451782227e+00
2.642112970352172852e+00
3.068336248397827148e+00
3.357146024703979492e+00
2.959161281585693359e+00
3.160050153732299805e+00
2.581324100494384766e+00
2.304617881774902344e+00
2.624820947647094727e+00
3.720995903015136719e+00
3.421501159667968750e+00
3.114346027374267578e+00
3.753813982009887695e+00
3.786872148513793945e+00
3.943138122558593750e+00
4.014571905136108398e+00
3.477843046188354492e+00
3.235398292541503906e+00
4.762777805328369141e+00
2.557512998580932617e+00
4.210210084915161133e+00
2.212803840637207031e+00
2.173352003097534180e+00
3.250519990921020508e+00
2.980298995971679688e+00
2.306873083114624023e+00
2.460554838180541992e+00
3.780897140502929688e+00
2.670917034149169922e+00
3.994350910186767578e+00
2.895454883575439453e+00
2.644198179244995117e+00
3.247275114059448242e+00
4.064617872238159180e+00
2.855035066604614258e+00
3.495627164840698242e+00
3.317986965179443359e+00
3.487045049667358398e+00
3.243283987045288086e+00
3.312922954559326172e+00
4.248155117034912109e+00
2.853126764297485352e+00
2.802644014358520508e+00
3.358917951583862305e+00
3.378347158432006836e+00
3.885949850082397461e+00
3.305240869522094727e+00
4.021496772766113281e+00
3.613210916519165039e+00
3.212051868438720703e+00
3.749397993087768555e+00
3.768239736557006836e+00
5.076452255249023438e+00
3.352519273757934570e+00
3.309017181396484375e+00
4.345736742019653320e+00
3.535278081893920898e+00
3.099430084228515625e+00
3.305120944976806641e+00
2.818232774734497070e+00
2.854462146759033203e+00
3.332937955856323242e+00
3.923933029174804688e+00
3.405917882919311523e+00
3.797510147094726562e+00
3.227203130722045898e+00
2.979972839355468750e+00
3.945451974868774414e+00
2.742261648178100586e+00
4.351655960083007812e+00
4.056934118270874023e+00
3.508045911788940430e+00
3.961852073669433594e+00
4.087568998336791992e+00
3.527800798416137695e+00
2.885708093643188477e+00
3.200654029846191406e+00
4.211256027221679688e+00
3.988804817199707031e+00
4.092133998870849609e+00
3.215990066528320312e+00
3.156327962875366211e+00
4.320502996444702148e+00
3.836604833602905273e+00
4.180921077728271484e+00
2.924026250839233398e+00
3.934369087219238281e+00
3.238204240798950195e+00
3.129698038101196289e+00
4.146401882171630859e+00
3.274225234985351562e+00
3.858004093170166016e+00
3.739218950271606445e+00
4.301742076873779297e+00
3.274747848510742188e+00
4.109106063842773438e+00
3.250715017318725586e+00
3.279863119125366211e+00
2.481034040451049805e+00
2.910118818283081055e+00
4.208394050598144531e+00
4.190233230590820312e+00
3.294029951095581055e+00
3.297982931137084961e+00
3.747547149658203125e+00
4.134296894073486328e+00
4.152209758758544922e+00
3.480855941772460938e+00
2.746791362762451172e+00
3.181229114532470703e+00
4.505419969558715820e+00
4.182811260223388672e+00
4.364312171936035156e+00
3.959672212600708008e+00
4.337789058685302734e+00
3.449043035507202148e+00
4.567760944366455078e+00
3.499140977859497070e+00
3.514596700668334961e+00
3.191972017288208008e+00
3.887685775756835938e+00
3.201051950454711914e+00
4.354897975921630859e+00
3.816837072372436523e+00
3.459413051605224609e+00
3.530041217803955078e+00
4.915786027908325195e+00
4.025787115097045898e+00
4.293709993362426758e+00
3.939556121826171875e+00
4.059189081192016602e+00
3.657835006713867188e+00
3.363313198089599609e+00
3.817164182662963867e+00
3.669419050216674805e+00
3.774735212326049805e+00
4.029551744461059570e+00
3.476816892623901367e+00
4.577826023101806641e+00
2.777799844741821289e+00
3.486459255218505859e+00
3.644908189773559570e+00
3.316878080368041992e+00
2.649785757064819336e+00
3.680738210678100586e+00
3.364448070526123047e+00
4.122270822525024414e+00
3.415707826614379883e+00
3.414602994918823242e+00
3.583633899688720703e+00
3.571420192718505859e+00
3.803411960601806641e+00
4.113849878311157227e+00
3.738246917724609375e+00
3.028537273406982422e+00
4.025822877883911133e+00
4.275442838668823242e+00
2.602908134460449219e+00
4.232309103012084961e+00
4.586760044097900391e+00
2.983196258544921875e+00
3.393335103988647461e+00
2.914494991302490234e+00
3.027271270751953125e+00
2.944425821304321289e+00
3.687489032745361328e+00
3.670564889907836914e+00
3.216130018234252930e+00
3.786116838455200195e+00
3.167952775955200195e+00
3.652658939361572266e+00
3.284202337265014648e+00
3.126920938491821289e+00
3.301678180694580078e+00
3.178016185760498047e+00
4.022614002227783203e+00
4.025280952453613281e+00
2.850692987442016602e+00
3.810781002044677734e+00
3.450284719467163086e+00
3.274055242538452148e+00
3.683153867721557617e+00
3.772700309753417969e+00
2.890419960021972656e+00
2.844835042953491211e+00
2.625038146972656250e+00
3.479355812072753906e+00
3.052659988403320312e+00
3.067184925079345703e+00
2.954748868942260742e+00
3.499958992004394531e+00
3.074150800704956055e+00
3.580672025680541992e+00
3.573058128356933594e+00
3.714326143264770508e+00
3.267728090286254883e+00
3.319516181945800781e+00
3.365522861480712891e+00
3.076744079589843750e+00
4.440256834030151367e+00
3.089456081390380859e+00
2.977234125137329102e+00
3.201920032501220703e+00
3.141928911209106445e+00
2.802202939987182617e+00
3.523532867431640625e+00
3.191535949707031250e+00
4.297676086425781250e+00
2.883323192596435547e+00
3.084441184997558594e+00
3.011405229568481445e+00
4.073496103286743164e+00
3.275334358215332031e+00
4.363411188125610352e+00
3.313112258911132812e+00
3.762784004211425781e+00
3.181972980499267578e+00
3.118666172027587891e+00
2.472773075103759766e+00
4.438530921936035156e+00
3.429219722747802734e+00
4.602794170379638672e+00
3.680675029754638672e+00
3.469727993011474609e+00
3.252750158309936523e+00
4.152183055877685547e+00
3.496823787689208984e+00
3.775218725204467773e+00
4.452310085296630859e+00
3.271589040756225586e+00
3.183995962142944336e+00
3.547722101211547852e+00
2.981506109237670898e+00
3.791309118270874023e+00
3.388448953628540039e+00
4.070805072784423828e+00
3.605520009994506836e+00
3.770847797393798828e+00
3.349995136260986328e+00
4.163702011108398438e+00
4.164552927017211914e+00
4.191277027130126953e+00
4.065077066421508789e+00
2.437367200851440430e+00
3.082952022552490234e+00
3.379979848861694336e+00
2.856333971023559570e+00
4.074682950973510742e+00
4.143600940704345703e+00
3.983522891998291016e+00
2.443191051483154297e+00
3.444805145263671875e+00
3.578145027160644531e+00
3.617819786071777344e+00
3.767558813095092773e+00
4.723701953887939453e+00
4.277521133422851562e+00
3.465677976608276367e+00
3.740387916564941406e+00
4.355597972869873047e+00
3.464591264724731445e+00
4.321311950683593750e+00
2.951873064041137695e+00
4.340784311294555664e+00
4.343420028686523438e+00
4.363512039184570312e+00
3.026143074035644531e+00
3.538094758987426758e+00
4.387437105178833008e+00
2.729049205780029297e+00
3.591793060302734375e+00
3.128499031066894531e+00
3.114997863769531250e+00
3.169462203979492188e+00
3.795969963073730469e+00
3.159976959228515625e+00
2.759818077087402344e+00
2.317483901977539062e+00
2.343077898025512695e+00
3.322957992553710938e+00
3.170640230178833008e+00
2.352301120758056641e+00
2.322088956832885742e+00
3.265700817108154297e+00
2.569243192672729492e+00
3.206520795822143555e+00
3.288177013397216797e+00
3.280689001083374023e+00
2.763398885726928711e+00
3.340754032135009766e+00
3.429985761642456055e+00
3.327835083007812500e+00
4.263848781585693359e+00
4.327346801757812500e+00
2.802882909774780273e+00
2.417500257492065430e+00
3.250845909118652344e+00
3.521075963973999023e+00
3.144068002700805664e+00
3.219013690948486328e+00
3.016097784042358398e+00
3.761330127716064453e+00
3.671500921249389648e+00
3.353703975677490234e+00
3.589715957641601562e+00
3.552367210388183594e+00
2.758722066879272461e+00
3.651335000991821289e+00
3.815302133560180664e+00
2.688480138778686523e+00
4.579530954360961914e+00
3.492112874984741211e+00
2.243454933166503906e+00
4.598213672637939453e+00
3.522501945495605469e+00
4.072610139846801758e+00
2.366666078567504883e+00
3.768463134765625000e+00
4.628850936889648438e+00
4.645730018615722656e+00
2.665352344512939453e+00
2.708563089370727539e+00
3.951686859130859375e+00
3.545795202255249023e+00
2.728894948959350586e+00
4.731714010238647461e+00
2.689640998840332031e+00
2.643228292465209961e+00
2.977201938629150391e+00
2.777021169662475586e+00
2.882635116577148438e+00
2.730727195739746094e+00
2.797050237655639648e+00
3.042239904403686523e+00
2.722491025924682617e+00
3.159618139266967773e+00
2.462921142578125000e+00
2.639575958251953125e+00
2.940859794616699219e+00
2.709460973739624023e+00
3.178202152252197266e+00
2.799656152725219727e+00
2.945616960525512695e+00
2.942631959915161133e+00
3.247445106506347656e+00
2.780478000640869141e+00
3.025619983673095703e+00
3.018805027008056641e+00
2.819808006286621094e+00
3.073476791381835938e+00
3.356270790100097656e+00
3.104946136474609375e+00
3.099636077880859375e+00
3.500463962554931641e+00
2.995705842971801758e+00
3.164317131042480469e+00
3.200940132141113281e+00
3.307529211044311523e+00
3.098528146743774414e+00
3.175339937210083008e+00
3.104440927505493164e+00
3.448511838912963867e+00
3.266504049301147461e+00
3.363994836807250977e+00
3.642078161239624023e+00
3.701333045959472656e+00
3.326014995574951172e+00
3.787413835525512695e+00
3.463244199752807617e+00
3.563899993896484375e+00
3.609366893768310547e+00
3.571471929550170898e+00
3.955856800079345703e+00
3.314193964004516602e+00
3.776468992233276367e+00
3.884633302688598633e+00
2.939208984375000000e+00
3.843536853790283203e+00
3.992155313491821289e+00
2.837384939193725586e+00
3.930722236633300781e+00
3.256469011306762695e+00
3.502753973007202148e+00
3.905719995498657227e+00
3.740965127944946289e+00
3.514853239059448242e+00
3.983672142028808594e+00
4.139900922775268555e+00
3.868788003921508789e+00
4.289796113967895508e+00
3.011780023574829102e+00
3.732861042022705078e+00
4.226491928100585938e+00
3.928961038589477539e+00
4.177165269851684570e+00
3.083019971847534180e+00
4.222742080688476562e+00
3.489410161972045898e+00
4.209346055984497070e+00
4.406398057937622070e+00
3.191704034805297852e+00
4.273799896240234375e+00
3.901515007019042969e+00
4.021574974060058594e+00
4.320868253707885742e+00
3.964525938034057617e+00
3.140069961547851562e+00
4.408975124359130859e+00
2.857039690017700195e+00
2.852205753326416016e+00
3.230438709259033203e+00
4.198483943939208984e+00
3.960514068603515625e+00
3.439792156219482422e+00
2.695111989974975586e+00
3.538651943206787109e+00
4.154545783996582031e+00
2.174437999725341797e+00
3.666523933410644531e+00
3.331442832946777344e+00
3.577183008193969727e+00
3.072922945022583008e+00
4.562654018402099609e+00
4.161947011947631836e+00
3.788107156753540039e+00
3.733756065368652344e+00
3.414766073226928711e+00
3.225941896438598633e+00
3.650258064270019531e+00
3.309357881546020508e+00
3.076236009597778320e+00
4.351167917251586914e+00
3.459782838821411133e+00
3.244343042373657227e+00
4.580168962478637695e+00
4.416500091552734375e+00
3.731058359146118164e+00
3.666349172592163086e+00
3.671195268630981445e+00
3.796513080596923828e+00
3.618803977966308594e+00
3.733374834060668945e+00
3.146341085433959961e+00
4.442591905593872070e+00
3.826162099838256836e+00
3.042232036590576172e+00
3.989562988281250000e+00
3.711635112762451172e+00
3.977296113967895508e+00
4.100729227066040039e+00
4.518002271652221680e+00
3.487533092498779297e+00
4.032067060470581055e+00
4.265140056610107422e+00
4.370808124542236328e+00
4.291487932205200195e+00
4.039313077926635742e+00
2.521090984344482422e+00
3.378468990325927734e+00
4.045920610427856445e+00
4.180825710296630859e+00
2.933243036270141602e+00
3.320119857788085938e+00
3.402530908584594727e+00
3.016560077667236328e+00
3.945117950439453125e+00
3.595943927764892578e+00
4.197224855422973633e+00
3.934432029724121094e+00
3.703177928924560547e+00
2.615766048431396484e+00
3.715661048889160156e+00
4.156421184539794922e+00
3.722851276397705078e+00
3.464414119720458984e+00
3.545333862304687500e+00
4.586779832839965820e+00
4.260384082794189453e+00
3.890971183776855469e+00
3.555162906646728516e+00
3.919705152511596680e+00
3.934139728546142578e+00
4.357702970504760742e+00
4.098239898681640625e+00
3.882169961929321289e+00
4.167894840240478516e+00
3.695449113845825195e+00
2.804203033447265625e+00
4.202990055084228516e+00
4.117722034454345703e+00
4.398434877395629883e+00
2.366909980773925781e+00
3.102444171905517578e+00
4.201416969299316406e+00
2.113577842712402344e+00
2.919395208358764648e+00
2.837471008300781250e+00
3.935879230499267578e+00
3.093416929244995117e+00
3.557127952575683594e+00
4.070812940597534180e+00
4.328354120254516602e+00
3.434303045272827148e+00
2.741689205169677734e+00
4.200051784515380859e+00
4.008415937423706055e+00
4.131881237030029297e+00
3.261207103729248047e+00
3.034780740737915039e+00
3.180686235427856445e+00
3.248008966445922852e+00
4.156255006790161133e+00
3.556846141815185547e+00
3.667155981063842773e+00
2.881207942962646484e+00
3.741101980209350586e+00
3.877145051956176758e+00
3.660589218139648438e+00
3.488872289657592773e+00
5.001025676727294922e+00
4.410828828811645508e+00
4.378403902053833008e+00
3.702901840209960938e+00
4.386646747589111328e+00
4.363005161285400391e+00
4.034944057464599609e+00
4.518860101699829102e+00
3.911922931671142578e+00
4.775071144104003906e+00
3.959999084472656250e+00
4.209836959838867188e+00
4.665456295013427734e+00
4.410499811172485352e+00
3.958377361297607422e+00
4.049290180206298828e+00
4.043353080749511719e+00
4.843029975891113281e+00
5.043018102645874023e+00
4.010101079940795898e+00
3.974684953689575195e+00
3.574356794357299805e+00
4.690626144409179688e+00
4.048166036605834961e+00
3.808356046676635742e+00
3.767067909240722656e+00
3.822193145751953125e+00
4.578167915344238281e+00
5.583007335662841797e+00
4.508500337600708008e+00
4.521202802658081055e+00
5.188762187957763672e+00
3.837845087051391602e+00
3.891072034835815430e+00
3.712728023529052734e+00
5.547524213790893555e+00
3.710897922515869141e+00
4.141257762908935547e+00
4.849800825119018555e+00
3.726330041885375977e+00
4.260670900344848633e+00
4.134190082550048828e+00
4.818124055862426758e+00
3.151806116104125977e+00
4.287135839462280273e+00
3.787159919738769531e+00
3.854990243911743164e+00
4.284255027770996094e+00
4.962975978851318359e+00
3.551356315612792969e+00
5.014270067214965820e+00
4.947172880172729492e+00
5.568470954895019531e+00
3.662559032440185547e+00
2.899084091186523438e+00
2.682675123214721680e+00
5.083037137985229492e+00
2.641032218933105469e+00
3.668860912322998047e+00
2.974308013916015625e+00
3.040041923522949219e+00
2.738847017288208008e+00
4.689775943756103516e+00
3.637772083282470703e+00
3.141505241394042969e+00
2.923033237457275391e+00
2.642255067825317383e+00
2.638391017913818359e+00
3.840265989303588867e+00
3.064588069915771484e+00
3.048119068145751953e+00
2.688263893127441406e+00
2.684651851654052734e+00
3.133108854293823242e+00
2.765429973602294922e+00
5.703046798706054688e+00
3.200044155120849609e+00
2.526422977447509766e+00
2.522097110748291016e+00
3.744730234146118164e+00
4.019582033157348633e+00
2.677701950073242188e+00
2.211112976074218750e+00
3.139749050140380859e+00
3.321974992752075195e+00
3.200140237808227539e+00
3.519322872161865234e+00
2.937646865844726562e+00
3.354273796081542969e+00
2.883933067321777344e+00
3.508739709854125977e+00
3.847815036773681641e+00
4.032466888427734375e+00
2.963912010192871094e+00
4.063512086868286133e+00
3.377228975296020508e+00
4.061599016189575195e+00
3.840893983840942383e+00
2.999397993087768555e+00
4.573649883270263672e+00
2.806291341781616211e+00
3.139605998992919922e+00
2.731158971786499023e+00
3.762206792831420898e+00
3.668936967849731445e+00
3.507256031036376953e+00
4.054274082183837891e+00
4.528810024261474609e+00
6.186680078506469727e+00
4.804893970489501953e+00
3.659570932388305664e+00
3.154576063156127930e+00
2.801841020584106445e+00
3.606782197952270508e+00
3.484730958938598633e+00
3.689796924591064453e+00
2.919485807418823242e+00
4.101418733596801758e+00
2.744214057922363281e+00
3.202684879302978516e+00
3.601585149765014648e+00
3.806706905364990234e+00
3.175328969955444336e+00
4.203801870346069336e+00
3.717401027679443359e+00
4.572405099868774414e+00
4.366385936737060547e+00
3.374542951583862305e+00
3.684851884841918945e+00
3.168838977813720703e+00
3.344955921173095703e+00
3.943814754486083984e+00
3.525815010070800781e+00
3.589244127273559570e+00
3.570858001708984375e+00
3.035872936248779297e+00
4.846237897872924805e+00
2.584943056106567383e+00
2.415333271026611328e+00
5.850642919540405273e+00
3.343119144439697266e+00
5.567930221557617188e+00
2.916487932205200195e+00
3.431602001190185547e+00
2.950422048568725586e+00
4.086366891860961914e+00
3.425066947937011719e+00
3.309792041778564453e+00
5.150870084762573242e+00
3.036181926727294922e+00
2.617902040481567383e+00
3.523753881454467773e+00
4.476950883865356445e+00
3.378270864486694336e+00
3.415436029434204102e+00
3.407652854919433594e+00
4.392735004425048828e+00
4.463782787322998047e+00
3.070698976516723633e+00
3.462879896163940430e+00
4.294517278671264648e+00
4.142624855041503906e+00
2.784636974334716797e+00
4.994004011154174805e+00
3.560168981552124023e+00
3.641617774963378906e+00
2.621547698974609375e+00
2.209291934967041016e+00
2.779939174652099609e+00
3.683191061019897461e+00
3.708505868911743164e+00
3.557371854782104492e+00
2.304744005203247070e+00
2.940045118331909180e+00
3.324679851531982422e+00
5.418861150741577148e+00
2.989564895629882812e+00
4.536661863327026367e+00
2.895534992218017578e+00
3.831795930862426758e+00
2.475057125091552734e+00
3.568377971649169922e+00
2.772025823593139648e+00
3.063359260559082031e+00
2.978476047515869141e+00
2.954638004302978516e+00
3.364065647125244141e+00
3.540631055831909180e+00
3.606410980224609375e+00
2.419121026992797852e+00
3.612172842025756836e+00
4.232398033142089844e+00
3.068197965621948242e+00
2.145717144012451172e+00
3.830522060394287109e+00
2.091614007949829102e+00
3.706061124801635742e+00
3.104114294052124023e+00
2.553731918334960938e+00
3.738145112991333008e+00
3.529832839965820312e+00
3.640888214111328125e+00
2.583429098129272461e+00
3.134083986282348633e+00
2.606813907623291016e+00
3.143675088882446289e+00
3.122381687164306641e+00
3.276439905166625977e+00
3.885212898254394531e+00
2.700906991958618164e+00
3.708732843399047852e+00
2.622953176498413086e+00
3.302647113800048828e+00
4.118398904800415039e+00
2.642273902893066406e+00
3.761041879653930664e+00
3.117361068725585938e+00
3.420896768569946289e+00
2.723290920257568359e+00
3.288988828659057617e+00
3.804068803787231445e+00
3.242440223693847656e+00
2.891304016113281250e+00
3.681607961654663086e+00
2.911268949508666992e+00
3.025660037994384766e+00
2.560942173004150391e+00
3.395132780075073242e+00
2.838917016983032227e+00
4.114609003067016602e+00
2.699713706970214844e+00
2.475272893905639648e+00
3.512927055358886719e+00
3.940692186355590820e+00
2.945146083831787109e+00
2.199736118316650391e+00
2.968443155288696289e+00
4.277076005935668945e+00
3.486773967742919922e+00
2.955752134323120117e+00
2.618434667587280273e+00
2.233921051025390625e+00
3.002525806427001953e+00
2.774806022644042969e+00
2.734431982040405273e+00
3.183092832565307617e+00
2.844608068466186523e+00
3.116137027740478516e+00
3.207566976547241211e+00
3.139504194259643555e+00
3.083477020263671875e+00
2.837533235549926758e+00
2.451117992401123047e+00
2.822250127792358398e+00
2.049418926239013672e+00
2.844781160354614258e+00
2.483993053436279297e+00
2.733082056045532227e+00
2.849199295043945312e+00
2.734582901000976562e+00
3.885377168655395508e+00
3.231747627258300781e+00
2.578484058380126953e+00
2.923928022384643555e+00
2.565593957901000977e+00
3.115602016448974609e+00
2.988902330398559570e+00
2.952287912368774414e+00
3.262783050537109375e+00
4.005410194396972656e+00
3.025440931320190430e+00
2.301240921020507812e+00
3.232175111770629883e+00
3.704339027404785156e+00
3.299055814743041992e+00
3.299956083297729492e+00
3.316776037216186523e+00
3.143857955932617188e+00
3.137615203857421875e+00
3.419022083282470703e+00
2.672712326049804688e+00
3.517132759094238281e+00
3.393411159515380859e+00
2.593559026718139648e+00
3.654755115509033203e+00
3.460674047470092773e+00
3.596584081649780273e+00
3.382057905197143555e+00
3.593156814575195312e+00
2.545584201812744141e+00
2.726856946945190430e+00
3.450095176696777344e+00
3.635447978973388672e+00
3.931715011596679688e+00
3.675919055938720703e+00
3.589838027954101562e+00
3.658567905426025391e+00
3.077562093734741211e+00
3.794580936431884766e+00
3.306596040725708008e+00
4.045495033264160156e+00
3.837954759597778320e+00
3.886680841445922852e+00
3.062705039978027344e+00
3.553140878677368164e+00
3.817803144454956055e+00
3.958966016769409180e+00
4.335451126098632812e+00
3.784328222274780273e+00
2.629705905914306641e+00
2.482676982879638672e+00
2.546926021575927734e+00
3.288727998733520508e+00
3.249800920486450195e+00
2.875407934188842773e+00
2.973843097686767578e+00
3.230953931808471680e+00
2.523009061813354492e+00
3.165677070617675781e+00
3.133323192596435547e+00
3.069243907928466797e+00
4.090122938156127930e+00
3.131278991699218750e+00
3.222066879272460938e+00
3.177268028259277344e+00
3.295481204986572266e+00
3.423198938369750977e+00
4.127097129821777344e+00
3.283370018005371094e+00
3.512787818908691406e+00
3.288549900054931641e+00
4.288209199905395508e+00
2.835389137268066406e+00
3.820948123931884766e+00
4.539623022079467773e+00
3.196836233139038086e+00
2.936899185180664062e+00
3.848719835281372070e+00
3.327498912811279297e+00
3.065225124359130859e+00
2.829571962356567383e+00
3.712081193923950195e+00
3.808333873748779297e+00
3.877619028091430664e+00
3.596773147583007812e+00
2.983316898345947266e+00
3.136575937271118164e+00
3.732869148254394531e+00
3.049758911132812500e+00
2.827558755874633789e+00
3.544968843460083008e+00
3.936239004135131836e+00
3.098710060119628906e+00
3.090433120727539062e+00
3.703836917877197266e+00
3.935560941696166992e+00
3.723564147949218750e+00
3.167879819869995117e+00
4.376518011093139648e+00
3.621994972229003906e+00
4.054182767868041992e+00
3.808792114257812500e+00
4.046894788742065430e+00
3.996196746826171875e+00
3.277445077896118164e+00
3.098155975341796875e+00
4.182543992996215820e+00
3.757856845855712891e+00
3.991986751556396484e+00
3.584707736968994141e+00
3.859007835388183594e+00
3.853816032409667969e+00
3.695432186126708984e+00
4.088219881057739258e+00
3.754754781723022461e+00
4.240601062774658203e+00
4.250907182693481445e+00
4.100255012512207031e+00
4.000697135925292969e+00
4.193172931671142578e+00
3.908024072647094727e+00
4.164445877075195312e+00
3.872414112091064453e+00
3.903363943099975586e+00
4.052697658538818359e+00
4.226050853729248047e+00
3.873708963394165039e+00
3.953469038009643555e+00
3.839097023010253906e+00
4.367503881454467773e+00
3.359632968902587891e+00
3.165579080581665039e+00
3.582647800445556641e+00
3.108227968215942383e+00
4.559186935424804688e+00
2.898777961730957031e+00
2.498422861099243164e+00
4.603061914443969727e+00
3.594742774963378906e+00
3.754087924957275391e+00
3.365802049636840820e+00
3.305818080902099609e+00
2.808480024337768555e+00
2.742969751358032227e+00
3.124542951583862305e+00
5.218928813934326172e+00
3.074635982513427734e+00
2.857395887374877930e+00
2.882793188095092773e+00
3.697672843933105469e+00
4.401567220687866211e+00
3.489155769348144531e+00
3.229395151138305664e+00
3.233685731887817383e+00
3.811080932617187500e+00
3.894926786422729492e+00
3.097223043441772461e+00
3.828872919082641602e+00
3.467288017272949219e+00
3.855619907379150391e+00
4.797269821166992188e+00
3.948019027709960938e+00
4.430773019790649414e+00
3.533398628234863281e+00
3.845550060272216797e+00
3.633406877517700195e+00
3.579205036163330078e+00
2.901770830154418945e+00
3.661887884140014648e+00
3.491305828094482422e+00
3.925636053085327148e+00
3.634371995925903320e+00
3.743601322174072266e+00
4.057031869888305664e+00
3.635102987289428711e+00
3.285210847854614258e+00
3.822521209716796875e+00
2.979481935501098633e+00
3.774128198623657227e+00
3.420409917831420898e+00
3.883491754531860352e+00
3.447529077529907227e+00
3.639379024505615234e+00
4.200601816177368164e+00
4.197607994079589844e+00
3.654510021209716797e+00
2.764427900314331055e+00
3.810472249984741211e+00
3.314755201339721680e+00
3.883814811706542969e+00
3.808567047119140625e+00
4.155030012130737305e+00
3.355784893035888672e+00
3.839142799377441406e+00
4.253280878067016602e+00
3.302696943283081055e+00
4.359230995178222656e+00
4.038469791412353516e+00
2.635591030120849609e+00
3.672374963760375977e+00
4.116766929626464844e+00
4.328413963317871094e+00
4.097310781478881836e+00
4.326303005218505859e+00
4.020385026931762695e+00
3.412148952484130859e+00
3.038075923919677734e+00
3.262887239456176758e+00
4.144614219665527344e+00
3.781131029129028320e+00
3.303639888763427734e+00
3.173137903213500977e+00
3.600676774978637695e+00
4.124083995819091797e+00
2.732162714004516602e+00
3.295928716659545898e+00
3.595804214477539062e+00
3.160345077514648438e+00
3.154917716979980469e+00
3.731356859207153320e+00
3.669965982437133789e+00
4.465415000915527344e+00
3.413857936859130859e+00
3.325505018234252930e+00
3.334636926651000977e+00
2.273155212402343750e+00
2.749651908874511719e+00
3.208460807800292969e+00
3.674762010574340820e+00
3.104732990264892578e+00
2.648641824722290039e+00
2.803609132766723633e+00
2.613582849502563477e+00
2.327244997024536133e+00
4.298673152923583984e+00
3.572927951812744141e+00
4.255528926849365234e+00
4.256291866302490234e+00
4.043285131454467773e+00
3.045969247817993164e+00
3.819864034652709961e+00
3.665467023849487305e+00
4.036020994186401367e+00
3.762623071670532227e+00
3.059811115264892578e+00
3.670666933059692383e+00
4.511062145233154297e+00
4.271448135375976562e+00
2.462160825729370117e+00
3.408050060272216797e+00
4.062026023864746094e+00
3.782757997512817383e+00
4.242927074432373047e+00
3.604372978210449219e+00
3.456722974777221680e+00
3.694633960723876953e+00
2.646497011184692383e+00
3.160452127456665039e+00
4.452733278274536133e+00
3.434640884399414062e+00
4.639448165893554688e+00
4.175064802169799805e+00
4.488766193389892578e+00
4.734544992446899414e+00
4.416632890701293945e+00
4.131017208099365234e+00
3.383275032043457031e+00
4.055601835250854492e+00
3.416236162185668945e+00
3.699688911437988281e+00
3.932305812835693359e+00
4.329115867614746094e+00
3.519432067871093750e+00
2.542766094207763672e+00
2.765175819396972656e+00
4.645180225372314453e+00
4.749807834625244141e+00
2.819217920303344727e+00
2.825410842895507812e+00
2.941841840744018555e+00
2.901391267776489258e+00
2.860697269439697266e+00
3.115443944931030273e+00
2.911761283874511719e+00
2.930783033370971680e+00
2.923129796981811523e+00
2.746390104293823242e+00
2.901744127273559570e+00
2.913051843643188477e+00
4.468137979507446289e+00
2.959241867065429688e+00
2.854697942733764648e+00
3.192708015441894531e+00
2.555122375488281250e+00
4.460125923156738281e+00
2.915700912475585938e+00
2.353771924972534180e+00
3.005672931671142578e+00
3.077058076858520508e+00
3.686046838760375977e+00
3.118541002273559570e+00
2.866764783859252930e+00
2.692502975463867188e+00
3.342334032058715820e+00
4.751872062683105469e+00
2.511129856109619141e+00
3.400520324707031250e+00
3.874479055404663086e+00
3.754374980926513672e+00
3.475491046905517578e+00
3.493331909179687500e+00
3.507929086685180664e+00
4.038054943084716797e+00
3.101648092269897461e+00
3.996382951736450195e+00
3.253408193588256836e+00
5.035013914108276367e+00
3.236436128616333008e+00
2.624466180801391602e+00
4.566864967346191406e+00
3.640700101852416992e+00
4.994998216629028320e+00
4.673548936843872070e+00
3.426578998565673828e+00
2.615144968032836914e+00
3.681872129440307617e+00
3.686916112899780273e+00
3.687225103378295898e+00
4.971258878707885742e+00
3.715626955032348633e+00
3.569404840469360352e+00
5.287222146987915039e+00
3.251843929290771484e+00
3.308100938796997070e+00
4.399710893630981445e+00
3.225255966186523438e+00
4.146733999252319336e+00
2.326868057250976562e+00
2.530362129211425781e+00
3.225059032440185547e+00
2.972182989120483398e+00
2.961578130722045898e+00
3.194040060043334961e+00
3.026942968368530273e+00
2.636968851089477539e+00
3.069937944412231445e+00
3.027738094329833984e+00
2.676120758056640625e+00
2.637046813964843750e+00
3.544850826263427734e+00
3.589698076248168945e+00
2.671536207199096680e+00
2.930145978927612305e+00
3.631011962890625000e+00
3.451163768768310547e+00
3.438930034637451172e+00
3.448104143142700195e+00
3.393095970153808594e+00
3.669353008270263672e+00
3.598059177398681641e+00
3.665734052658081055e+00
3.496848821640014648e+00
3.672407150268554688e+00
3.331063747406005859e+00
3.404142856597900391e+00
3.498375892639160156e+00
2.929275989532470703e+00
3.449554920196533203e+00
2.957642078399658203e+00
3.020511865615844727e+00
3.634743928909301758e+00
6.619176864624023438e+00
3.635362863540649414e+00
3.715214967727661133e+00
3.769103050231933594e+00
3.115955829620361328e+00
3.662398099899291992e+00
3.923889160156250000e+00
3.780333280563354492e+00
3.356894969940185547e+00
3.604853868484497070e+00
3.137070894241333008e+00
3.717328786849975586e+00
3.810793876647949219e+00
3.730214834213256836e+00
3.715972900390625000e+00
3.912488937377929688e+00
3.121079921722412109e+00
4.145987987518310547e+00
4.081234931945800781e+00
3.543227910995483398e+00
4.159309148788452148e+00
3.511582136154174805e+00
3.852351188659667969e+00
3.657917261123657227e+00
4.026685953140258789e+00
3.648380994796752930e+00
4.314482927322387695e+00
3.899675130844116211e+00
3.756241083145141602e+00
4.835237026214599609e+00
5.088412284851074219e+00
5.141823053359985352e+00
4.019087076187133789e+00
4.047414064407348633e+00
4.933812379837036133e+00
4.208608865737915039e+00
4.431982755661010742e+00
3.931549072265625000e+00
3.803910255432128906e+00
4.040455818176269531e+00
4.604793071746826172e+00
3.494999885559082031e+00
4.201048135757446289e+00
4.642128944396972656e+00
4.624411821365356445e+00
3.805423021316528320e+00
5.063269138336181641e+00
3.800804138183593750e+00
3.988341093063354492e+00
4.539689064025878906e+00
4.793432950973510742e+00
4.990685939788818359e+00
3.693653106689453125e+00
4.252556800842285156e+00
4.116616964340209961e+00
3.906903028488159180e+00
4.782927036285400391e+00
5.449092149734497070e+00
5.331480979919433594e+00
4.364791154861450195e+00
5.549373149871826172e+00
3.912621974945068359e+00
4.973866939544677734e+00
3.956159353256225586e+00
3.332264900207519531e+00
4.374604940414428711e+00
4.808765888214111328e+00
4.896929025650024414e+00
4.313023805618286133e+00
4.854514122009277344e+00
4.384824037551879883e+00
4.827522039413452148e+00
4.124348163604736328e+00
4.436474800109863281e+00
4.642004966735839844e+00
4.346265077590942383e+00
4.778747081756591797e+00
3.820852041244506836e+00
4.509505033493041992e+00
3.364500045776367188e+00
3.614000082015991211e+00
4.933856010437011719e+00
2.898333311080932617e+00
4.434036016464233398e+00
3.245333909988403320e+00
5.113572120666503906e+00
4.111520767211914062e+00
4.272166252136230469e+00
3.269041061401367188e+00
3.626471996307373047e+00
4.150015115737915039e+00
4.761399984359741211e+00
4.241496086120605469e+00
4.967425107955932617e+00
4.148441076278686523e+00
2.869348049163818359e+00
2.761452913284301758e+00
4.412363052368164062e+00
4.741178274154663086e+00
3.635016918182373047e+00
3.548677206039428711e+00
5.149062156677246094e+00
4.267869949340820312e+00
5.126463890075683594e+00
3.319516181945800781e+00
4.809520959854125977e+00
4.489778041839599609e+00
3.890315055847167969e+00
3.719041109085083008e+00
3.200419187545776367e+00
3.106056928634643555e+00
4.647083997726440430e+00
4.696448087692260742e+00
3.299426078796386719e+00
4.810962915420532227e+00
4.457870244979858398e+00
3.804842948913574219e+00
4.124125003814697266e+00
5.286017894744873047e+00
3.449519872665405273e+00
4.709616899490356445e+00
4.754910945892333984e+00
6.090198993682861328e+00
5.771621942520141602e+00
4.156644821166992188e+00
3.471410274505615234e+00
4.721113681793212891e+00
5.365369796752929688e+00
3.270184278488159180e+00
4.886647939682006836e+00
2.682144880294799805e+00
4.882209062576293945e+00
3.981560230255126953e+00
5.584966897964477539e+00
4.492188930511474609e+00
4.582297086715698242e+00
4.890722751617431641e+00
4.858797073364257812e+00
3.822818040847778320e+00
5.553648710250854492e+00
3.827450990676879883e+00
3.908796787261962891e+00
4.166318178176879883e+00
5.725637197494506836e+00
5.052353143692016602e+00
5.297665119171142578e+00
4.299974918365478516e+00
5.136525630950927734e+00
4.113554000854492188e+00
4.840903282165527344e+00
5.546498060226440430e+00
4.477828025817871094e+00
4.533223152160644531e+00
3.821465969085693359e+00
3.225533962249755859e+00
4.015497922897338867e+00
3.945438861846923828e+00
4.196067094802856445e+00
4.069130897521972656e+00
5.107018947601318359e+00
3.385835886001586914e+00
3.738891124725341797e+00
3.566556930541992188e+00
5.268171072006225586e+00
4.914827108383178711e+00
5.212999820709228516e+00
5.574368953704833984e+00
4.332427978515625000e+00
4.365892171859741211e+00
5.270531177520751953e+00
3.522716999053955078e+00
5.500307321548461914e+00
4.857105255126953125e+00
5.749896287918090820e+00
4.710272073745727539e+00
4.434141874313354492e+00
3.246562719345092773e+00
5.548931121826171875e+00
5.713245153427124023e+00
5.348999977111816406e+00
2.903229951858520508e+00
3.718622922897338867e+00
4.161269903182983398e+00
3.223567008972167969e+00
5.436129093170166016e+00
3.342665910720825195e+00
4.966038942337036133e+00
4.401743173599243164e+00
5.025369167327880859e+00
3.182421922683715820e+00
3.502393007278442383e+00
3.987894058227539062e+00
4.815768003463745117e+00
5.001026868820190430e+00
4.488230943679809570e+00
5.590387821197509766e+00
5.787201881408691406e+00
4.403254985809326172e+00
6.100677013397216797e+00
3.767512083053588867e+00
5.062720775604248047e+00
5.795356750488281250e+00
3.728534221649169922e+00
6.210966110229492188e+00
4.902436733245849609e+00
6.223914861679077148e+00
5.876124858856201172e+00
4.712493181228637695e+00
3.017362833023071289e+00
5.865576028823852539e+00
5.393624067306518555e+00
3.639665126800537109e+00
4.680450201034545898e+00
4.488269090652465820e+00
4.910718917846679688e+00
5.672725915908813477e+00
2.332387685775756836e+00
3.904721260070800781e+00
3.732792854309082031e+00
4.236739873886108398e+00
5.719585895538330078e+00
3.722076177597045898e+00
6.345787048339843750e+00
4.260798931121826172e+00
4.558058023452758789e+00
3.948702096939086914e+00
4.657631874084472656e+00
2.426918983459472656e+00
4.447728872299194336e+00
4.035064220428466797e+00
3.960902929306030273e+00
4.223516941070556641e+00
4.469543218612670898e+00
4.041478872299194336e+00
3.900250911712646484e+00
4.270358085632324219e+00
4.371933937072753906e+00
3.760559082031250000e+00
4.363742113113403320e+00
3.827453851699829102e+00
5.038367033004760742e+00
3.784693002700805664e+00
4.429107904434204102e+00
3.853007078170776367e+00
3.616956949234008789e+00
2.144491910934448242e+00
4.858627796173095703e+00
5.730751991271972656e+00
4.035323858261108398e+00
3.941136837005615234e+00
4.864630937576293945e+00
3.179837942123413086e+00
2.359162807464599609e+00
4.031130075454711914e+00
2.644222021102905273e+00
3.750215053558349609e+00
5.723503112792968750e+00
3.529000997543334961e+00
4.219606161117553711e+00
6.565232038497924805e+00
4.682281017303466797e+00
3.639026880264282227e+00
3.947082996368408203e+00
2.798259973526000977e+00
4.192089080810546875e+00
4.204607963562011719e+00
5.109928369522094727e+00
4.190749168395996094e+00
4.018415212631225586e+00
4.650955915451049805e+00
4.592025995254516602e+00
5.812828779220581055e+00
3.818168878555297852e+00
3.718441963195800781e+00
5.184597015380859375e+00
4.403427839279174805e+00
3.909074783325195312e+00
4.023835182189941406e+00
5.312932252883911133e+00
4.168080091476440430e+00
5.305762052536010742e+00
2.932082891464233398e+00
2.774246931076049805e+00
4.024408102035522461e+00
2.967411756515502930e+00
2.830774068832397461e+00
6.631244897842407227e+00
3.070265293121337891e+00
4.298886060714721680e+00
5.097617149353027344e+00
4.414979219436645508e+00
5.780513048171997070e+00
5.806506872177124023e+00
3.082077980041503906e+00
3.192757129669189453e+00
4.733369112014770508e+00
4.255012035369873047e+00
4.868423938751220703e+00
5.909310817718505859e+00
4.660748004913330078e+00
3.153801918029785156e+00
3.385493993759155273e+00
6.173671245574951172e+00
3.026003837585449219e+00
3.569539070129394531e+00
3.193650245666503906e+00
3.760709047317504883e+00
3.162572860717773438e+00
4.689195156097412109e+00
3.125585794448852539e+00
3.252278089523315430e+00
3.331643104553222656e+00
2.444752931594848633e+00
4.070162057876586914e+00
3.711688041687011719e+00
3.453845977783203125e+00
2.927115917205810547e+00
2.967997789382934570e+00
3.516021966934204102e+00
2.979254007339477539e+00
4.998797893524169922e+00
3.577883005142211914e+00
3.595788955688476562e+00
3.023927211761474609e+00
3.739012956619262695e+00
3.611603021621704102e+00
3.728029966354370117e+00
3.867954969406127930e+00
3.828163862228393555e+00
3.034278869628906250e+00
2.858265876770019531e+00
3.010832071304321289e+00
3.621066093444824219e+00
3.639259338378906250e+00
3.062160968780517578e+00
3.023901939392089844e+00
2.996215105056762695e+00
3.094682931900024414e+00
3.784025192260742188e+00
3.139123201370239258e+00
3.101960182189941406e+00
3.688951015472412109e+00
3.725591897964477539e+00
3.149498939514160156e+00
3.817875862121582031e+00
3.727488994598388672e+00
3.341758966445922852e+00
3.352992057800292969e+00
3.359822034835815430e+00
3.264971017837524414e+00
3.848614215850830078e+00
3.435890197753906250e+00
4.083279848098754883e+00
3.508932113647460938e+00
3.495637893676757812e+00
2.938061952590942383e+00
4.090983152389526367e+00
3.535559177398681641e+00
4.359439134597778320e+00
3.316124916076660156e+00
3.060685873031616211e+00
4.413013935089111328e+00
4.225810766220092773e+00
4.085358142852783203e+00
2.992425918579101562e+00
4.436767816543579102e+00
3.998322010040283203e+00
3.517344951629638672e+00
4.205484151840209961e+00
3.636107921600341797e+00
4.564718008041381836e+00
4.045403003692626953e+00
3.642721891403198242e+00
4.440223932266235352e+00
3.224651098251342773e+00
4.149693965911865234e+00
4.267717123031616211e+00
4.269767761230468750e+00
3.586029052734375000e+00
4.504122972488403320e+00
4.201122045516967773e+00
4.737063884735107422e+00
4.271943092346191406e+00
3.124846220016479492e+00
4.194166898727416992e+00
4.288914918899536133e+00
3.953635931015014648e+00
4.200431823730468750e+00
3.586122035980224609e+00
2.935405015945434570e+00
4.347766160964965820e+00
3.727179050445556641e+00
3.677699089050292969e+00
3.716379165649414062e+00
4.235845088958740234e+00
4.232264041900634766e+00
3.741930246353149414e+00
4.798188686370849609e+00
3.776823043823242188e+00
3.743296861648559570e+00
3.663174152374267578e+00
2.918928146362304688e+00
4.214861154556274414e+00
3.808477163314819336e+00
4.826766729354858398e+00
3.833366155624389648e+00
3.175682067871093750e+00
3.920643091201782227e+00
4.824963092803955078e+00
4.797739028930664062e+00
3.019108295440673828e+00
4.488151788711547852e+00
4.564994096755981445e+00
3.999362230300903320e+00
4.650516271591186523e+00
4.739068269729614258e+00
4.644474983215332031e+00
4.117230892181396484e+00
4.667289018630981445e+00
3.718577861785888672e+00
4.781760931015014648e+00
2.850558996200561523e+00
3.695585966110229492e+00
4.183773279190063477e+00
3.617801904678344727e+00
2.991270780563354492e+00
3.777564287185668945e+00
3.440500020980834961e+00
3.277204990386962891e+00
4.250906229019165039e+00
3.269505023956298828e+00
3.449100971221923828e+00
4.248378753662109375e+00
3.405413866043090820e+00
4.296151161193847656e+00
3.859824895858764648e+00
4.210869550704956055e+00
3.312092065811157227e+00
4.884869098663330078e+00
3.403949737548828125e+00
5.029330015182495117e+00
4.355181694030761719e+00
3.495016098022460938e+00
4.631524085998535156e+00
5.259154081344604492e+00
3.246160745620727539e+00
3.404575109481811523e+00
4.303990125656127930e+00
4.999812841415405273e+00
3.407812118530273438e+00
3.837372064590454102e+00
4.014973878860473633e+00
3.952231884002685547e+00
4.140898227691650391e+00
5.428235054016113281e+00
5.271894931793212891e+00
3.721132040023803711e+00
4.642753124237060547e+00
3.463451862335205078e+00
3.156177043914794922e+00
5.735840082168579102e+00
4.374819040298461914e+00
4.326733827590942383e+00
4.283593893051147461e+00
5.406623840332031250e+00
4.101382255554199219e+00
4.183518886566162109e+00
3.763227939605712891e+00
4.225727081298828125e+00
3.692003250122070312e+00
3.766697168350219727e+00
4.695212125778198242e+00
3.319073915481567383e+00
3.658445835113525391e+00
3.581905126571655273e+00
3.753467798233032227e+00
3.933071851730346680e+00
3.572352886199951172e+00
3.616938114166259766e+00
3.386121034622192383e+00
3.407473087310791016e+00
3.675241947174072266e+00
3.537802934646606445e+00
3.424661874771118164e+00
3.429957866668701172e+00
3.282538890838623047e+00
3.650507926940917969e+00
4.180763006210327148e+00
3.406098127365112305e+00
3.774132251739501953e+00
3.627583980560302734e+00
3.463269710540771484e+00
3.774698019027709961e+00
3.372322082519531250e+00
3.581953048706054688e+00
4.104248046875000000e+00
3.579779863357543945e+00
3.457783937454223633e+00
3.847470045089721680e+00
4.677668809890747070e+00
3.968461751937866211e+00
3.892035007476806641e+00
3.781295061111450195e+00
3.139019966125488281e+00
3.169475078582763672e+00
4.105355978012084961e+00
4.131278753280639648e+00
3.935300827026367188e+00
3.376973152160644531e+00
4.990066051483154297e+00
4.298668146133422852e+00
3.694668054580688477e+00
3.857660055160522461e+00
4.240713119506835938e+00
3.807183027267456055e+00
3.900639057159423828e+00
4.223033905029296875e+00
4.201091051101684570e+00
4.162747144699096680e+00
3.276778936386108398e+00
3.741382122039794922e+00
3.753779888153076172e+00
4.105376005172729492e+00
4.350911140441894531e+00
3.481450796127319336e+00
3.714057922363281250e+00
4.330272674560546875e+00
3.454359054565429688e+00
2.456079721450805664e+00
4.270441293716430664e+00
3.551704883575439453e+00
4.391448259353637695e+00
4.435726165771484375e+00
3.116477966308593750e+00
4.000803947448730469e+00
4.273625135421752930e+00
4.442301988601684570e+00
4.080377817153930664e+00
2.511203050613403320e+00
4.093528985977172852e+00
2.508621215820312500e+00
4.261394023895263672e+00
3.840136051177978516e+00
2.587668895721435547e+00
2.740198135375976562e+00
3.799443960189819336e+00
4.765854120254516602e+00
2.655272006988525391e+00
3.074152946472167969e+00
3.116647958755493164e+00
3.803289890289306641e+00
4.142199993133544922e+00
3.987838029861450195e+00
4.939870834350585938e+00
4.018828153610229492e+00
4.592278003692626953e+00
2.977310180664062500e+00
4.266870021820068359e+00
4.537873029708862305e+00
3.311939954757690430e+00
2.348430871963500977e+00
4.243633031845092773e+00
4.423403024673461914e+00
3.925587177276611328e+00
4.262370109558105469e+00
4.464783191680908203e+00
2.398893117904663086e+00
3.294728994369506836e+00
2.720705032348632812e+00
4.498748064041137695e+00
4.753096103668212891e+00
5.053934812545776367e+00
4.154258966445922852e+00
2.521585941314697266e+00
3.471389055252075195e+00
4.375362873077392578e+00
2.525534868240356445e+00
3.256011962890625000e+00
3.349775075912475586e+00
4.921825885772705078e+00
4.779883861541748047e+00
2.129145145416259766e+00
3.616371870040893555e+00
3.015902280807495117e+00
3.338467836380004883e+00
2.855736017227172852e+00
3.103144168853759766e+00
3.437723875045776367e+00
2.766570806503295898e+00
4.537425994873046875e+00
2.985313892364501953e+00
3.852451086044311523e+00
4.456397771835327148e+00
4.563370943069458008e+00
3.500977277755737305e+00
3.003559827804565430e+00
2.893912792205810547e+00
2.925745964050292969e+00
3.418648004531860352e+00
3.960260152816772461e+00
3.568768978118896484e+00
3.576327800750732422e+00
4.861110925674438477e+00
3.557623147964477539e+00
3.279581069946289062e+00
3.284322261810302734e+00
3.533692836761474609e+00
3.674522161483764648e+00
3.206942796707153320e+00
3.208272218704223633e+00
3.740267038345336914e+00
3.329874992370605469e+00
3.354068040847778320e+00
3.594229936599731445e+00
3.880846977233886719e+00
3.286977767944335938e+00
3.499939203262329102e+00
2.954252004623413086e+00
3.700325012207031250e+00
3.334130048751831055e+00
3.224316835403442383e+00
4.006824016571044922e+00
3.903887987136840820e+00
3.295987367630004883e+00
5.383105039596557617e+00
3.365780830383300781e+00
3.714486837387084961e+00
3.947465896606445312e+00
4.355303764343261719e+00
4.100113153457641602e+00
4.086669921875000000e+00
3.419491052627563477e+00
3.459500074386596680e+00
4.895581245422363281e+00
3.378162145614624023e+00
4.548811912536621094e+00
2.958042860031127930e+00
2.891398191452026367e+00
3.729475021362304688e+00
3.562898874282836914e+00
3.479212045669555664e+00
3.918404102325439453e+00
3.534458875656127930e+00
3.215494155883789062e+00
4.222285032272338867e+00
3.672883033752441406e+00
2.961907863616943359e+00
3.290166854858398438e+00
3.630555868148803711e+00
3.610436916351318359e+00
3.107107162475585938e+00
3.672707080841064453e+00
5.433322191238403320e+00
4.308697938919067383e+00
3.611967086791992188e+00
3.865070104598999023e+00
3.654894113540649414e+00
3.150548934936523438e+00
3.698570013046264648e+00
3.653481960296630859e+00
3.341882944107055664e+00
2.905306816101074219e+00
3.739699125289916992e+00
3.269912958145141602e+00
3.862229824066162109e+00
3.834255933761596680e+00
3.253878116607666016e+00
3.765629053115844727e+00
3.282120943069458008e+00
2.950728893280029297e+00
3.367408990859985352e+00
3.848091840744018555e+00
3.368131160736083984e+00
3.226358175277709961e+00
4.051061868667602539e+00
3.328861236572265625e+00
3.950110912322998047e+00
3.109758853912353516e+00
2.972822189331054688e+00
2.588715076446533203e+00
4.064871072769165039e+00
3.434332132339477539e+00
3.996506690979003906e+00
4.674649715423583984e+00
4.027996063232421875e+00
3.168458938598632812e+00
2.674107789993286133e+00
3.820839166641235352e+00
3.916994094848632812e+00
3.348630666732788086e+00
3.742685079574584961e+00
3.445202827453613281e+00
3.387459039688110352e+00
2.795543193817138672e+00
4.155879974365234375e+00
3.139559030532836914e+00
3.512179136276245117e+00
3.866463899612426758e+00
3.295924901962280273e+00
3.753206014633178711e+00
4.296777009963989258e+00
3.547083854675292969e+00
4.296027898788452148e+00
2.898668050765991211e+00
4.280493974685668945e+00
4.371341228485107422e+00
4.298486948013305664e+00
3.317736864089965820e+00
3.620297908782958984e+00
3.813628196716308594e+00
4.082649946212768555e+00
3.783439874649047852e+00
3.207025766372680664e+00
3.620627880096435547e+00
3.350543022155761719e+00
3.152967214584350586e+00
3.884847879409790039e+00
3.975378990173339844e+00
4.425512790679931641e+00
3.200385093688964844e+00
3.233370780944824219e+00
3.300356149673461914e+00
4.448229789733886719e+00
3.095706939697265625e+00
4.378034353256225586e+00
4.200761079788208008e+00
4.460968971252441406e+00
2.283168077468872070e+00
3.928470849990844727e+00
3.816531181335449219e+00
4.086067914962768555e+00
2.763406991958618164e+00
2.496729135513305664e+00
3.379517078399658203e+00
3.037065982818603516e+00
3.955327987670898438e+00
3.237975120544433594e+00
4.071311712265014648e+00
3.313464164733886719e+00
3.154752016067504883e+00
3.286240100860595703e+00
3.922199964523315430e+00
3.378721952438354492e+00
3.364435911178588867e+00
2.845168113708496094e+00
3.293365955352783203e+00
3.906604051589965820e+00
3.683939695358276367e+00
3.400956153869628906e+00
3.654601097106933594e+00
3.106614112854003906e+00
3.754853963851928711e+00
2.892478942871093750e+00
4.374577045440673828e+00
3.270947933197021484e+00
3.495182037353515625e+00
3.631877183914184570e+00
4.359275102615356445e+00
3.913150072097778320e+00
4.410451889038085938e+00
3.482764959335327148e+00
3.413259744644165039e+00
3.421677112579345703e+00
3.443866729736328125e+00
3.378530979156494141e+00
3.514989137649536133e+00
3.949702978134155273e+00
3.052459955215454102e+00
3.350909948348999023e+00
3.673274278640747070e+00
3.562990188598632812e+00
3.547466993331909180e+00
3.803778171539306641e+00
2.670211076736450195e+00
4.114256858825683594e+00
4.017937898635864258e+00
4.010450363159179688e+00
2.821262121200561523e+00
3.224364995956420898e+00
3.821093797683715820e+00
3.031405925750732422e+00
3.769431114196777344e+00
3.955847978591918945e+00
3.218172788619995117e+00
2.858731031417846680e+00
3.240465879440307617e+00
3.960733175277709961e+00
4.251030921936035156e+00
3.846143007278442383e+00
4.559934854507446289e+00
2.697468280792236328e+00
2.483927011489868164e+00
3.798811197280883789e+00
2.542021751403808594e+00
2.473929166793823242e+00
3.052631139755249023e+00
3.885396003723144531e+00
4.405433177947998047e+00
3.149752855300903320e+00
4.048949003219604492e+00
2.500203132629394531e+00
3.842700719833374023e+00
3.689933061599731445e+00
3.507069826126098633e+00
3.182224988937377930e+00
3.512175083160400391e+00
3.120394945144653320e+00
2.645341157913208008e+00
3.960049152374267578e+00
2.657785177230834961e+00
4.032191038131713867e+00
4.105467081069946289e+00
3.241349935531616211e+00
2.682424068450927734e+00
4.137264251708984375e+00
4.128313302993774414e+00
3.444311141967773438e+00
3.906646966934204102e+00
4.178772211074829102e+00
3.738808870315551758e+00
2.372197866439819336e+00
2.337702751159667969e+00
3.434585809707641602e+00
4.357332944869995117e+00
3.900681972503662109e+00
3.622957229614257812e+00
2.907454013824462891e+00
2.661476850509643555e+00
3.808845758438110352e+00
4.168303251266479492e+00
3.477360248565673828e+00
3.299720048904418945e+00
4.381076097488403320e+00
3.119772911071777344e+00
3.076157093048095703e+00
2.446373939514160156e+00
2.775578260421752930e+00
4.281697034835815430e+00
2.872635841369628906e+00
3.992547273635864258e+00
2.586553096771240234e+00
2.926666975021362305e+00
4.294226884841918945e+00
2.514197111129760742e+00
2.910266876220703125e+00
3.094116210937500000e+00
4.484231948852539062e+00
2.703576087951660156e+00
2.407931089401245117e+00
2.093353986740112305e+00
3.116235971450805664e+00
3.015467166900634766e+00
4.024374961853027344e+00
2.921711921691894531e+00
3.074425935745239258e+00
3.207428216934204102e+00
3.977622032165527344e+00
3.603822231292724609e+00
4.600089073181152344e+00
3.139789104461669922e+00
3.093433141708374023e+00
2.542840003967285156e+00
3.037055969238281250e+00
4.510028123855590820e+00
3.691658020019531250e+00
2.579890966415405273e+00
3.776795864105224609e+00
2.872109889984130859e+00
4.104774951934814453e+00
2.516495704650878906e+00
3.852989912033081055e+00
2.705407857894897461e+00
4.130021095275878906e+00
3.700395107269287109e+00
2.616591215133666992e+00
3.866806030273437500e+00
3.288774967193603516e+00
2.495032072067260742e+00
2.852677106857299805e+00
4.002547979354858398e+00
2.322727918624877930e+00
4.144264936447143555e+00
3.897205114364624023e+00
2.884877920150756836e+00
2.769672870635986328e+00
3.729639291763305664e+00
3.426784992218017578e+00
3.341830968856811523e+00
3.762401103973388672e+00
2.896031856536865234e+00
2.933146953582763672e+00
2.157056808471679688e+00
3.104511022567749023e+00
2.981482028961181641e+00
3.749297857284545898e+00
2.889448881149291992e+00
2.724792718887329102e+00
2.990254878997802734e+00
4.172962903976440430e+00
2.916742801666259766e+00
2.802194118499755859e+00
4.613286972045898438e+00
2.710455894470214844e+00
2.540857076644897461e+00
2.484663963317871094e+00
3.251323938369750977e+00
3.281018018722534180e+00
2.729221820831298828e+00
2.916790008544921875e+00
2.904340982437133789e+00
3.255923032760620117e+00
2.890229940414428711e+00
3.521961927413940430e+00
3.598651885986328125e+00
3.445978164672851562e+00
3.083102941513061523e+00
2.920051813125610352e+00
3.523095130920410156e+00
3.034625053405761719e+00
3.651553153991699219e+00
2.783589124679565430e+00
3.199958086013793945e+00
4.510998964309692383e+00
3.110892057418823242e+00
3.117600917816162109e+00
2.926220893859863281e+00
3.074171781539916992e+00
3.067337036132812500e+00
3.147497177124023438e+00
2.969859838485717773e+00
3.094237804412841797e+00
3.246033906936645508e+00
3.787173986434936523e+00
3.069685935974121094e+00
3.054813861846923828e+00
3.779719114303588867e+00
2.664603948593139648e+00
2.866386175155639648e+00
3.560873031616210938e+00
3.220881938934326172e+00
2.944326162338256836e+00
3.195456027984619141e+00
2.761137962341308594e+00
3.014594793319702148e+00
3.446038007736206055e+00
2.843356132507324219e+00
4.293390035629272461e+00
3.396802902221679688e+00
3.080258846282958984e+00
2.824608087539672852e+00
2.858876228332519531e+00
3.295071125030517578e+00
3.453511953353881836e+00
3.727658987045288086e+00
3.221632003784179688e+00
4.063004016876220703e+00
3.621780157089233398e+00
3.421726942062377930e+00
4.224625825881958008e+00
3.064385175704956055e+00
3.146347045898437500e+00
4.280777931213378906e+00
3.267380952835083008e+00
3.782155990600585938e+00
3.245641946792602539e+00
3.383905887603759766e+00
3.762591838836669922e+00
3.250062942504882812e+00
2.831908941268920898e+00
3.537354230880737305e+00
3.218500137329101562e+00
3.574228048324584961e+00
3.928730010986328125e+00
3.242527008056640625e+00
3.199728965759277344e+00
3.203837871551513672e+00
3.337633848190307617e+00
3.476119041442871094e+00
2.656425952911376953e+00
3.088540077209472656e+00
3.360998153686523438e+00
4.283884048461914062e+00
3.100611925125122070e+00
4.392194032669067383e+00
2.793868064880371094e+00
3.846278905868530273e+00
4.231596946716308594e+00
3.924681901931762695e+00
3.802891016006469727e+00
3.710165023803710938e+00
3.315602064132690430e+00
3.692397117614746094e+00
4.171041011810302734e+00
3.606307029724121094e+00
4.274943113327026367e+00
3.327078819274902344e+00
4.324400901794433594e+00
3.178046941757202148e+00
3.780370950698852539e+00
3.333110094070434570e+00
2.900262832641601562e+00
2.819788694381713867e+00
4.761687994003295898e+00
3.405414819717407227e+00
3.849833965301513672e+00
3.405462741851806641e+00
3.826967716217041016e+00
3.972241163253784180e+00
3.370668888092041016e+00
3.984179019927978516e+00
4.190520286560058594e+00
3.915039777755737305e+00
3.741878032684326172e+00
3.745793104171752930e+00
3.251783847808837891e+00
3.845989227294921875e+00
3.881974935531616211e+00
3.768706083297729492e+00
3.829216003417968750e+00
3.345432996749877930e+00
3.479389905929565430e+00
3.393071174621582031e+00
3.365727901458740234e+00
3.624160051345825195e+00
3.241723299026489258e+00
3.491186141967773438e+00
3.793282032012939453e+00
3.681884050369262695e+00
3.274381160736083984e+00
2.648014783859252930e+00
3.219183206558227539e+00
3.150259017944335938e+00
3.415024995803833008e+00
3.735615015029907227e+00
4.021346807479858398e+00
3.732619762420654297e+00
3.623883008956909180e+00
3.452533006668090820e+00
4.229375362396240234e+00
3.760320901870727539e+00
4.198965072631835938e+00
3.638276815414428711e+00
2.569179058074951172e+00
2.674939155578613281e+00
3.026623010635375977e+00
2.882584095001220703e+00
3.427118778228759766e+00
4.399483203887939453e+00
2.966268777847290039e+00
4.150146007537841797e+00
4.179257154464721680e+00
3.104503870010375977e+00
3.036159038543701172e+00
3.394902944564819336e+00
3.142987966537475586e+00
4.312803030014038086e+00
3.083884954452514648e+00
3.214993953704833984e+00
3.297025918960571289e+00
4.328222751617431641e+00
3.738838911056518555e+00
3.244238138198852539e+00
3.501575231552124023e+00
3.734824895858764648e+00
3.270646810531616211e+00
3.287973880767822266e+00
2.683397054672241211e+00
3.501081943511962891e+00
5.408755779266357422e+00
3.969470977783203125e+00
3.265056133270263672e+00
3.174697875976562500e+00
3.510377168655395508e+00
3.335602998733520508e+00
3.780861854553222656e+00
3.637806892395019531e+00
3.281840801239013672e+00
3.397624015808105469e+00
3.441202402114868164e+00
3.168282032012939453e+00
3.021492004394531250e+00
3.280846118927001953e+00
3.773275136947631836e+00
3.783604145050048828e+00
3.445621013641357422e+00
4.623563051223754883e+00
4.901085138320922852e+00
3.859520912170410156e+00
3.785549163818359375e+00
3.555484294891357422e+00
3.485297203063964844e+00
3.728534698486328125e+00
4.697470903396606445e+00
4.639221906661987305e+00
3.723632097244262695e+00
3.885725975036621094e+00
3.064971923828125000e+00
3.659975051879882812e+00
3.737643957138061523e+00
3.423478126525878906e+00
3.674947977066040039e+00
3.756286144256591797e+00
3.630958080291748047e+00
3.945107221603393555e+00
2.941200017929077148e+00
3.483380317687988281e+00
3.554049968719482422e+00
3.969924211502075195e+00
4.751602888107299805e+00
3.911278009414672852e+00
4.072159290313720703e+00
3.853420019149780273e+00
4.233712196350097656e+00
3.778792858123779297e+00
3.762841224670410156e+00
3.308190107345581055e+00
4.127293109893798828e+00
4.038443088531494141e+00
3.593720197677612305e+00
3.813394308090209961e+00
3.461539030075073242e+00
2.745234012603759766e+00
2.778213024139404297e+00
3.731168031692504883e+00
4.055824041366577148e+00
3.552196741104125977e+00
3.343572139739990234e+00
2.750679016113281250e+00
3.764931678771972656e+00
3.762246131896972656e+00
3.276937007904052734e+00
2.375750064849853516e+00
3.195832967758178711e+00
3.570657968521118164e+00
3.588693141937255859e+00
4.119512796401977539e+00
3.293205976486206055e+00
4.142678976058959961e+00
2.528106927871704102e+00
3.814388036727905273e+00
3.942533731460571289e+00
3.467162132263183594e+00
4.171692132949829102e+00
3.063147783279418945e+00
3.534853935241699219e+00
4.328551054000854492e+00
3.700903177261352539e+00
2.899484157562255859e+00
3.758261919021606445e+00
2.149689912796020508e+00
2.963449716567993164e+00
3.072940111160278320e+00
2.826987028121948242e+00
4.939960002899169922e+00
2.889702081680297852e+00
3.685721158981323242e+00
2.688378095626831055e+00
3.005188941955566406e+00
3.457333087921142578e+00
3.482275962829589844e+00
3.970191955566406250e+00
3.657546997070312500e+00
3.906734704971313477e+00
3.781131982803344727e+00
3.671522617340087891e+00
5.192845106124877930e+00
4.034039735794067383e+00
3.803545951843261719e+00
3.051390171051025391e+00
3.300154924392700195e+00
4.456722021102905273e+00
3.947529077529907227e+00
3.803112983703613281e+00
3.181823968887329102e+00
3.745249032974243164e+00
4.206676006317138672e+00
3.216880798339843750e+00
3.828633785247802734e+00
3.037872314453125000e+00
3.810309171676635742e+00
4.088203907012939453e+00
5.308526754379272461e+00
3.206176996231079102e+00
3.958410024642944336e+00
3.403501033782958984e+00
4.554340124130249023e+00
4.333798170089721680e+00
3.936772108078002930e+00
3.125072240829467773e+00
3.606441259384155273e+00
3.275756120681762695e+00
3.918009042739868164e+00
2.875158071517944336e+00
4.117394924163818359e+00
3.109178066253662109e+00
3.637653827667236328e+00
3.731983900070190430e+00
3.583281040191650391e+00
3.470492839813232422e+00
3.380181074142456055e+00
3.010255813598632812e+00
2.818808078765869141e+00
3.875611782073974609e+00
2.805654048919677734e+00
2.985491991043090820e+00
2.998359203338623047e+00
3.010258197784423828e+00
2.943838119506835938e+00
3.985796928405761719e+00
2.913605213165283203e+00
5.020689964294433594e+00
3.075811147689819336e+00
3.529241085052490234e+00
3.846246004104614258e+00
4.017684936523437500e+00
3.335387229919433594e+00
4.062231779098510742e+00
3.801478862762451172e+00
3.247885227203369141e+00
2.458460092544555664e+00
3.718144655227661133e+00
4.569305181503295898e+00
3.273312091827392578e+00
2.519062995910644531e+00
4.025000810623168945e+00
4.191060066223144531e+00
3.007405042648315430e+00
4.105697631835937500e+00
3.010264158248901367e+00
3.828344106674194336e+00
2.993262052536010742e+00
3.101637125015258789e+00
4.239118099212646484e+00
2.815530061721801758e+00
2.970405817031860352e+00
4.084665298461914062e+00
3.903306961059570312e+00
3.502829074859619141e+00
3.114259004592895508e+00
3.175025224685668945e+00
2.966329813003540039e+00
3.130398988723754883e+00
2.718763113021850586e+00
3.136927127838134766e+00
3.113302946090698242e+00
3.526628971099853516e+00
4.198855876922607422e+00
2.521941900253295898e+00
3.072882890701293945e+00
3.152589797973632812e+00
3.523451805114746094e+00
2.927922010421752930e+00
3.166891098022460938e+00
2.838318109512329102e+00
3.033035039901733398e+00
3.202403068542480469e+00
3.784543037414550781e+00
3.263016939163208008e+00
3.580923080444335938e+00
3.641556262969970703e+00
3.279160976409912109e+00
3.874003887176513672e+00
2.925415992736816406e+00
2.937138795852661133e+00
3.392384052276611328e+00
3.423991203308105469e+00
3.355912923812866211e+00
3.593271970748901367e+00
3.147621154785156250e+00
2.796988010406494141e+00
3.372421979904174805e+00
3.227875709533691406e+00
3.336135864257812500e+00
2.950922012329101562e+00
3.725638866424560547e+00
3.450706958770751953e+00
3.494635820388793945e+00
3.529295206069946289e+00
3.074671030044555664e+00
3.138134002685546875e+00
4.137321949005126953e+00
4.638291120529174805e+00
3.301029205322265625e+00
3.538502216339111328e+00
4.528630018234252930e+00
3.227740049362182617e+00
3.421808242797851562e+00
4.536875009536743164e+00
3.544992208480834961e+00
3.329456806182861328e+00
3.451451063156127930e+00
2.661273717880249023e+00
3.280741930007934570e+00
3.234084129333496094e+00
3.012392997741699219e+00
3.381987810134887695e+00
2.874174118041992188e+00
3.881612777709960938e+00
3.062180042266845703e+00
3.097940444946289062e+00
3.262342929840087891e+00
3.103415012359619141e+00
3.047129869461059570e+00
2.603927850723266602e+00
3.419489145278930664e+00
3.840013980865478516e+00
3.173333168029785156e+00
3.161274909973144531e+00
3.802628040313720703e+00
3.074489831924438477e+00
3.120725154876708984e+00
3.363065242767333984e+00
2.776132106781005859e+00
2.629280805587768555e+00
3.607714176177978516e+00
3.906196355819702148e+00
3.202597141265869141e+00
3.576802730560302734e+00
3.209344148635864258e+00
2.857314109802246094e+00
3.419749975204467773e+00
2.808104991912841797e+00
2.533922910690307617e+00
3.034866094589233398e+00
3.595640182495117188e+00
4.045017004013061523e+00
3.633346080780029297e+00
4.107970237731933594e+00
3.369294166564941406e+00
3.413800954818725586e+00
2.493490934371948242e+00
3.093287944793701172e+00
3.392898797988891602e+00
2.884780168533325195e+00
2.563821077346801758e+00
3.536844730377197266e+00
3.497363090515136719e+00
3.464236736297607422e+00
4.110526084899902344e+00
3.896050930023193359e+00
2.736945152282714844e+00
3.317242145538330078e+00
3.363017797470092773e+00
3.340816020965576172e+00
4.177979230880737305e+00
2.852340221405029297e+00
4.314536809921264648e+00
3.798848867416381836e+00
3.764665842056274414e+00
2.908104896545410156e+00
3.828386783599853516e+00
2.960827827453613281e+00
3.100066184997558594e+00
3.189773082733154297e+00
3.684180021286010742e+00
3.772850990295410156e+00
3.959864139556884766e+00
2.800899028778076172e+00
3.655766963958740234e+00
3.267407894134521484e+00
3.986048936843872070e+00
3.823922872543334961e+00
4.379069805145263672e+00
2.811490058898925781e+00
3.875823974609375000e+00
3.626736164093017578e+00
4.050448894500732422e+00
4.180899858474731445e+00
3.267664194107055664e+00
3.720519781112670898e+00
4.439089059829711914e+00
3.215871095657348633e+00
3.518275976181030273e+00
4.223412990570068359e+00
3.919023990631103516e+00
3.217042922973632812e+00
3.361081838607788086e+00
4.039759159088134766e+00
4.372446060180664062e+00
4.033079147338867188e+00
4.371118783950805664e+00
2.866786003112792969e+00
3.314078092575073242e+00
3.768441200256347656e+00
3.209241867065429688e+00
3.648064136505126953e+00
3.990231037139892578e+00
3.518234252929687500e+00
4.026624917984008789e+00
4.221788167953491211e+00
4.471733093261718750e+00
3.507547140121459961e+00
3.931888103485107422e+00
3.686236858367919922e+00
4.795831203460693359e+00
3.447343111038208008e+00
3.188596963882446289e+00
4.202400922775268555e+00
3.757318019866943359e+00
3.515922069549560547e+00
3.237072944641113281e+00
3.101798057556152344e+00
3.162908792495727539e+00
3.758042097091674805e+00
3.456215858459472656e+00
3.439854145050048828e+00
4.119719982147216797e+00
3.393159866333007812e+00
3.129206180572509766e+00
3.497264862060546875e+00
4.581713914871215820e+00
3.159281015396118164e+00
3.651285171508789062e+00
2.977994918823242188e+00
3.127500057220458984e+00
3.126152276992797852e+00
4.218125104904174805e+00
3.191460847854614258e+00
3.155080080032348633e+00
3.684554100036621094e+00
3.909964084625244141e+00
3.970196962356567383e+00
3.792829036712646484e+00
3.901654005050659180e+00
3.028993129730224609e+00
2.751983880996704102e+00
2.666904211044311523e+00
3.146089076995849609e+00
3.554732084274291992e+00
2.786370754241943359e+00
3.659897089004516602e+00
3.051057338714599609e+00
2.286640882492065430e+00
2.734079360961914062e+00
3.077080011367797852e+00
3.115961074829101562e+00
2.618053197860717773e+00
3.505283832550048828e+00
3.232028961181640625e+00
3.204813003540039062e+00
2.481101036071777344e+00
2.726392745971679688e+00
4.218745946884155273e+00
2.482226133346557617e+00
4.242590904235839844e+00
3.394366025924682617e+00
3.068762063980102539e+00
4.339843034744262695e+00
2.816093921661376953e+00
4.202027082443237305e+00
4.118761062622070312e+00
3.149013042449951172e+00
2.780602931976318359e+00
1.920516014099121094e+00
2.743726015090942383e+00
4.116791009902954102e+00
3.322016954421997070e+00
3.642489910125732422e+00
3.843254089355468750e+00
3.925271987915039062e+00
5.152065992355346680e+00
2.729411840438842773e+00
3.055359125137329102e+00
3.145572185516357422e+00
3.383269786834716797e+00
2.873264074325561523e+00
3.527478933334350586e+00
2.809774875640869141e+00
3.400671005249023438e+00
2.813138723373413086e+00
3.597980976104736328e+00
2.705246925354003906e+00
3.048544883728027344e+00
3.052843093872070312e+00
3.210205078125000000e+00
4.159510850906372070e+00
4.246356010437011719e+00
3.194670200347900391e+00
3.828438997268676758e+00
4.237374067306518555e+00
3.927013158798217773e+00
2.992563009262084961e+00
3.751840829849243164e+00
2.783427715301513672e+00
3.479441165924072266e+00
3.831868886947631836e+00
3.502807140350341797e+00
4.785274982452392578e+00
3.372731685638427734e+00
2.752195119857788086e+00
4.721288204193115234e+00
3.083220005035400391e+00
3.074070930480957031e+00
2.686686038970947266e+00
3.948350906372070312e+00
3.337149858474731445e+00
3.613389968872070312e+00
3.481769084930419922e+00
2.694157838821411133e+00
3.239198923110961914e+00
3.639616012573242188e+00
4.166006088256835938e+00
2.668391942977905273e+00
3.164950847625732422e+00
3.470915079116821289e+00
3.993160247802734375e+00
3.472008943557739258e+00
4.113831996917724609e+00
2.749845027923583984e+00
3.216974020004272461e+00
3.350530862808227539e+00
3.240500926971435547e+00
2.776710748672485352e+00
5.519522666931152344e+00
3.660995006561279297e+00
2.841843128204345703e+00
3.429244995117187500e+00
3.201126813888549805e+00
3.376929044723510742e+00
5.602282047271728516e+00
3.585005044937133789e+00
3.372687816619873047e+00
2.691591978073120117e+00
3.483943939208984375e+00
3.679991960525512695e+00
2.827955961227416992e+00
2.948734045028686523e+00
3.401232957839965820e+00
2.843020915985107422e+00
4.538287162780761719e+00
3.526987075805664062e+00
5.007282257080078125e+00
3.505899906158447266e+00
2.615431785583496094e+00
3.459958076477050781e+00
2.836943864822387695e+00
3.652822971343994141e+00
3.455379009246826172e+00
2.962291240692138672e+00
2.625980854034423828e+00
2.821430921554565430e+00
2.943967103958129883e+00
1.950752019882202148e+00
2.590343952178955078e+00
2.971458911895751953e+00
4.252253055572509766e+00
1.836433887481689453e+00
3.043671131134033203e+00
2.673109054565429688e+00
3.975616931915283203e+00
3.432832002639770508e+00
2.828008174896240234e+00
2.266987800598144531e+00
3.501297950744628906e+00
3.535269021987915039e+00
3.257656812667846680e+00
3.179692029953002930e+00
3.840090036392211914e+00
3.262358903884887695e+00
2.501508712768554688e+00
3.793721199035644531e+00
3.357239007949829102e+00
3.410794019699096680e+00
3.248599052429199219e+00
2.668624162673950195e+00
2.380597114562988281e+00
3.233630180358886719e+00
2.970321893692016602e+00
3.716058969497680664e+00
2.976994037628173828e+00
3.622665882110595703e+00
3.061496019363403320e+00
4.001990795135498047e+00
3.242733001708984375e+00
3.093710184097290039e+00
2.494580030441284180e+00
3.249122142791748047e+00
3.484352588653564453e+00
3.613640785217285156e+00
4.132692098617553711e+00
3.304178953170776367e+00
2.165797233581542969e+00
2.991332054138183594e+00
4.230123996734619141e+00
3.602718353271484375e+00
2.527553796768188477e+00
3.395550966262817383e+00
3.660691976547241211e+00
3.685360908508300781e+00
3.444790840148925781e+00
3.903854846954345703e+00
3.703065872192382812e+00
3.569750070571899414e+00
3.702676057815551758e+00
2.876378059387207031e+00
3.419826984405517578e+00
3.244848012924194336e+00
3.160233974456787109e+00
2.492869853973388672e+00
2.818650722503662109e+00
3.881401062011718750e+00
2.828054666519165039e+00
3.004168033599853516e+00
3.436611175537109375e+00
3.418076038360595703e+00
3.789341926574707031e+00
4.085237979888916016e+00
2.670729160308837891e+00
3.654150962829589844e+00
2.586935758590698242e+00
3.502846956253051758e+00
2.611951828002929688e+00
3.011804103851318359e+00
2.418980836868286133e+00
2.645112037658691406e+00
3.823355913162231445e+00
4.508193969726562500e+00
3.219074010848999023e+00
3.713341951370239258e+00
2.992123126983642578e+00
3.523736000061035156e+00
3.251221895217895508e+00
2.990058898925781250e+00
2.792276859283447266e+00
2.964820146560668945e+00
3.325515985488891602e+00
3.229449987411499023e+00
2.754915952682495117e+00
3.544401168823242188e+00
2.875069856643676758e+00
4.041286945343017578e+00
2.798557043075561523e+00
3.251375198364257812e+00
2.628821849822998047e+00
3.273453950881958008e+00
2.889212131500244141e+00
4.270650863647460938e+00
2.999291896820068359e+00
2.902320861816406250e+00
2.412477970123291016e+00
3.052520990371704102e+00
3.412628173828125000e+00
3.134989023208618164e+00
3.668000936508178711e+00
3.154489040374755859e+00
2.985549926757812500e+00
2.427495956420898438e+00
2.880120038986206055e+00
2.702446937561035156e+00
3.770748853683471680e+00
3.733359813690185547e+00
3.246499061584472656e+00
3.013760805130004883e+00
3.232233047485351562e+00
3.314264774322509766e+00
3.026874780654907227e+00
2.844953060150146484e+00
3.519856214523315430e+00
3.448368072509765625e+00
3.561603069305419922e+00
3.528445959091186523e+00
3.385492086410522461e+00
2.734544754028320312e+00
3.552080869674682617e+00
3.484020948410034180e+00
3.216332197189331055e+00
2.953693866729736328e+00
3.719414710998535156e+00
2.454693078994750977e+00
2.801037073135375977e+00
2.829576969146728516e+00
3.430516958236694336e+00
3.365005016326904297e+00
3.566447973251342773e+00
2.553109169006347656e+00
3.207239151000976562e+00
3.558694839477539062e+00
2.186686992645263672e+00
4.048747777938842773e+00
3.646635770797729492e+00
3.293244123458862305e+00
3.030665874481201172e+00
3.850048065185546875e+00
3.717648744583129883e+00
2.432021856307983398e+00
3.344537258148193359e+00
2.821671962738037109e+00
3.545728921890258789e+00
3.413986682891845703e+00
3.784857988357543945e+00
4.001110076904296875e+00
3.427613019943237305e+00
3.464579820632934570e+00
3.554119825363159180e+00
3.198394060134887695e+00
3.459608078002929688e+00
3.491175174713134766e+00
4.041086912155151367e+00
3.279726743698120117e+00
3.990581989288330078e+00
3.364724874496459961e+00
4.123913049697875977e+00
3.923432111740112305e+00
4.219949245452880859e+00
3.606369972229003906e+00
3.935253143310546875e+00
3.855664253234863281e+00
3.709600925445556641e+00
3.318512916564941406e+00
4.336658000946044922e+00
3.899528980255126953e+00
4.030956029891967773e+00
3.548649072647094727e+00
3.525392770767211914e+00
3.892186164855957031e+00
3.151023149490356445e+00
3.653682947158813477e+00
4.446157693862915039e+00
3.787413120269775391e+00
4.224108219146728516e+00
3.832268953323364258e+00
3.897755861282348633e+00
3.876370906829833984e+00
3.890053987503051758e+00
3.216480255126953125e+00
3.135944128036499023e+00
3.796501874923706055e+00
3.287078142166137695e+00
3.293978929519653320e+00
3.334149837493896484e+00
4.743973016738891602e+00
3.517862796783447266e+00
3.407236814498901367e+00
3.842464923858642578e+00
4.466100931167602539e+00
3.883926153182983398e+00
4.326188087463378906e+00
4.323682069778442383e+00
3.566854238510131836e+00
3.420927047729492188e+00
3.952519178390502930e+00
4.892426967620849609e+00
3.873866081237792969e+00
3.198212146759033203e+00
4.773671865463256836e+00
3.063861370086669922e+00
4.257920980453491211e+00
3.258464097976684570e+00
4.721921205520629883e+00
3.633643865585327148e+00
3.617830753326416016e+00
3.915932178497314453e+00
3.692679882049560547e+00
3.731408834457397461e+00
3.653151273727416992e+00
2.735471010208129883e+00
4.724525928497314453e+00
4.814432144165039062e+00
3.275765895843505859e+00
4.551038980484008789e+00
3.531118869781494141e+00
3.716830968856811523e+00
4.040067195892333984e+00
4.648406982421875000e+00
4.581809043884277344e+00
3.358549118041992188e+00
3.924911022186279297e+00
3.301361799240112305e+00
3.888224124908447266e+00
3.955657958984375000e+00
4.074057102203369141e+00
3.415544033050537109e+00
4.888241052627563477e+00
4.029677152633666992e+00
3.361316919326782227e+00
3.793365001678466797e+00
3.976766824722290039e+00
4.861014842987060547e+00
3.644390106201171875e+00
4.161196947097778320e+00
3.831386089324951172e+00
4.591330051422119141e+00
4.178192853927612305e+00
4.196722745895385742e+00
3.168455839157104492e+00
3.664624214172363281e+00
2.469244003295898438e+00
4.226129770278930664e+00
3.904887199401855469e+00
4.389245986938476562e+00
3.378057003021240234e+00
3.321547031402587891e+00
4.357692241668701172e+00
3.852706670761108398e+00
3.967886209487915039e+00
3.787948131561279297e+00
4.321027755737304688e+00
4.013729810714721680e+00
5.173180818557739258e+00
3.943409919738769531e+00
5.062078952789306641e+00
5.051190137863159180e+00
4.423253059387207031e+00
4.512789726257324219e+00
4.509453058242797852e+00
3.585618972778320312e+00
4.622438907623291016e+00
3.763113975524902344e+00
3.543139934539794922e+00
3.455868959426879883e+00
5.113324165344238281e+00
4.579931020736694336e+00
3.922086000442504883e+00
3.386641979217529297e+00
3.711698770523071289e+00
3.811797142028808594e+00
3.699645996093750000e+00
3.250112056732177734e+00
5.394521951675415039e+00
4.386649131774902344e+00
3.445934057235717773e+00
5.209481954574584961e+00
4.011856079101562500e+00
3.666292905807495117e+00
4.726289272308349609e+00
4.684280157089233398e+00
3.332468032836914062e+00
3.711609125137329102e+00
4.223799943923950195e+00
4.446301937103271484e+00
2.965541124343872070e+00
4.134650230407714844e+00
4.104328155517578125e+00
4.752701044082641602e+00
4.002679109573364258e+00
4.220600128173828125e+00
3.140923023223876953e+00
3.933717966079711914e+00
4.773540019989013672e+00
3.370819091796875000e+00
4.306869983673095703e+00
3.605378150939941406e+00
4.599109888076782227e+00
3.858033895492553711e+00
4.693110942840576172e+00
4.199242115020751953e+00
4.408307075500488281e+00
3.666861057281494141e+00
4.945549011230468750e+00
3.930820226669311523e+00
3.642957687377929688e+00
2.482645034790039062e+00
2.781558036804199219e+00
2.758213043212890625e+00
3.468569278717041016e+00
4.468838930130004883e+00
4.672304153442382812e+00
2.946254014968872070e+00
4.859780073165893555e+00
4.694273948669433594e+00
3.262807846069335938e+00
3.026192903518676758e+00
4.513185024261474609e+00
2.980166912078857422e+00
4.365296125411987305e+00
4.319848775863647461e+00
3.034312963485717773e+00
4.058340072631835938e+00
3.143783092498779297e+00
4.228802919387817383e+00
3.295963287353515625e+00
3.935163974761962891e+00
4.802685976028442383e+00
3.182048082351684570e+00
4.079832077026367188e+00
3.891167879104614258e+00
3.011693000793457031e+00
3.377196073532104492e+00
3.381929874420166016e+00
3.649600982666015625e+00
4.456885099411010742e+00
2.458814859390258789e+00
4.799459218978881836e+00
2.659872055053710938e+00
3.295695066452026367e+00
3.952190876007080078e+00
3.264139175415039062e+00
4.133038043975830078e+00
3.342031955718994141e+00
3.532881975173950195e+00
4.168978929519653320e+00
3.320027112960815430e+00
3.138425111770629883e+00
3.324751138687133789e+00
3.416489839553833008e+00
2.708828926086425781e+00
4.588153123855590820e+00
4.417501926422119141e+00
4.094979047775268555e+00
3.527951002120971680e+00
3.380505084991455078e+00
3.613407850265502930e+00
3.241110801696777344e+00
3.499545097351074219e+00
4.263324975967407227e+00
3.918148040771484375e+00
4.974243164062500000e+00
3.358783006668090820e+00
3.419442176818847656e+00
4.775786161422729492e+00
4.997358798980712891e+00
3.540940999984741211e+00
5.655231952667236328e+00
5.180207729339599609e+00
3.281147718429565430e+00
3.653315067291259766e+00
3.697980165481567383e+00
3.303337812423706055e+00
4.275864601135253906e+00
3.060424089431762695e+00
2.941730976104736328e+00
5.486128807067871094e+00
3.509536027908325195e+00
4.430724143981933594e+00
3.316961050033569336e+00
3.182987928390502930e+00
3.319046258926391602e+00
2.529053211212158203e+00
3.191339969635009766e+00
5.115459680557250977e+00
4.300784111022949219e+00
3.422567844390869141e+00
4.541739702224731445e+00
3.689804077148437500e+00
3.884830236434936523e+00
4.791662931442260742e+00
2.460256814956665039e+00
4.748339176177978516e+00
3.594343900680541992e+00
5.338896989822387695e+00
2.806933879852294922e+00
3.532664060592651367e+00
4.158376932144165039e+00
3.666544914245605469e+00
4.727933168411254883e+00
2.507659912109375000e+00
3.808518886566162109e+00
4.704499959945678711e+00
2.924334049224853516e+00
3.845098257064819336e+00
3.406279087066650391e+00
3.132246017456054688e+00
2.586493253707885742e+00
3.731110811233520508e+00
2.767637014389038086e+00
2.896055221557617188e+00
3.354420900344848633e+00
2.939817905426025391e+00
2.748765945434570312e+00
4.997045993804931641e+00
3.358507633209228516e+00
3.427563905715942383e+00
2.675357818603515625e+00
3.003092050552368164e+00
3.429847240447998047e+00
5.033295869827270508e+00
1.936826229095458984e+00
3.242784023284912109e+00
2.941555976867675781e+00
2.537016868591308594e+00
3.209565877914428711e+00
3.455580949783325195e+00
2.357661247253417969e+00
2.372126102447509766e+00
3.114749193191528320e+00
4.100257873535156250e+00
2.400677919387817383e+00
2.391290903091430664e+00
3.059158802032470703e+00
2.459375143051147461e+00
2.997007846832275391e+00
3.838361263275146484e+00
3.076268911361694336e+00
3.026978969573974609e+00
3.565696954727172852e+00
2.708981037139892578e+00
2.956736803054809570e+00
1.896103143692016602e+00
3.165663957595825195e+00
2.517422676086425781e+00
3.201375961303710938e+00
3.983659982681274414e+00
3.615023851394653320e+00
2.644955158233642578e+00
2.866493940353393555e+00
1.972229003906250000e+00
4.123398065567016602e+00
2.773224830627441406e+00
2.793763875961303711e+00
2.820750951766967773e+00
3.257752180099487305e+00
2.928346157073974609e+00
3.194000959396362305e+00
2.911561965942382812e+00
3.168191909790039062e+00
2.871647119522094727e+00
2.886732101440429688e+00
2.854143142700195312e+00
2.593549013137817383e+00
3.130898952484130859e+00
3.471397161483764648e+00
3.013703107833862305e+00
3.053737163543701172e+00
2.519815921783447266e+00
2.810247898101806641e+00
2.821713209152221680e+00
2.959674835205078125e+00
3.100798130035400391e+00
3.125405073165893555e+00
3.074850082397460938e+00
2.931034088134765625e+00
3.243896007537841797e+00
3.107611894607543945e+00
2.658807039260864258e+00
2.603028059005737305e+00
3.073293924331665039e+00
2.979246854782104492e+00
3.133611917495727539e+00
3.164131879806518555e+00
3.261633872985839844e+00
3.243987083435058594e+00
2.581217050552368164e+00
3.252942085266113281e+00
3.301759958267211914e+00
2.843971729278564453e+00
3.411870002746582031e+00
3.465718030929565430e+00
3.014489173889160156e+00
2.600085020065307617e+00
3.130081892013549805e+00
2.999906063079833984e+00
3.261800289154052734e+00
3.110482931137084961e+00
2.773494005203247070e+00
3.170048952102661133e+00
3.650812864303588867e+00
3.281685113906860352e+00
3.274889945983886719e+00
3.122292757034301758e+00
3.439548015594482422e+00
3.285931110382080078e+00
3.286406993865966797e+00
3.268995046615600586e+00
4.022257804870605469e+00
3.307550907135009766e+00
3.295108795166015625e+00
3.286120891571044922e+00
3.210543155670166016e+00
3.503490924835205078e+00
3.951416730880737305e+00
4.137609004974365234e+00
4.170130014419555664e+00
3.751109123229980469e+00
3.365118980407714844e+00
3.552412748336791992e+00
3.525993108749389648e+00
3.603681087493896484e+00
3.619510889053344727e+00
3.391007900238037109e+00
3.294012069702148438e+00
3.738332986831665039e+00
3.889356851577758789e+00
3.882702112197875977e+00
3.702702760696411133e+00
3.256924152374267578e+00
3.696142673492431641e+00
3.725199222564697266e+00
2.815624952316284180e+00
3.204553127288818359e+00
2.566725730895996094e+00
3.706961870193481445e+00
3.966191053390502930e+00
2.269876956939697266e+00
4.177608013153076172e+00
2.993117809295654297e+00
3.010539054870605469e+00
3.425302982330322266e+00
3.653727054595947266e+00
3.631891965866088867e+00
3.921780109405517578e+00
3.147239208221435547e+00
4.172850847244262695e+00
3.902062892913818359e+00
4.069406032562255859e+00
2.620377063751220703e+00
4.336837053298950195e+00
3.659939050674438477e+00
2.908914804458618164e+00
3.094352006912231445e+00
4.411211967468261719e+00
3.959609031677246094e+00
3.255377292633056641e+00
3.930242061614990234e+00
3.787808656692504883e+00
4.436304092407226562e+00
3.474061965942382812e+00
4.594595909118652344e+00
3.056812047958374023e+00
4.634613990783691406e+00
3.110051870346069336e+00
3.818561792373657227e+00
2.852629899978637695e+00
4.759407043457031250e+00
3.702707290649414062e+00
3.581397056579589844e+00
3.836185693740844727e+00
4.510129213333129883e+00
4.823060035705566406e+00
4.063765048980712891e+00
3.664625883102416992e+00
4.286041736602783203e+00
4.551698923110961914e+00
3.929949283599853516e+00
3.022902011871337891e+00
4.743787050247192383e+00
3.893898963928222656e+00
3.978734970092773438e+00
4.147670030593872070e+00
4.957096338272094727e+00
3.133495092391967773e+00
4.016994953155517578e+00
3.708297014236450195e+00
4.295354127883911133e+00
3.693132638931274414e+00
4.634538888931274414e+00
3.649132013320922852e+00
3.925997972488403320e+00
3.771269798278808594e+00
4.667437076568603516e+00
4.392260074615478516e+00
3.827427148818969727e+00
3.669532299041748047e+00
4.765898942947387695e+00
3.841171264648437500e+00
4.904100894927978516e+00
3.384428024291992188e+00
4.114928722381591797e+00
4.341908931732177734e+00
3.933645963668823242e+00
3.883447170257568359e+00
3.773458957672119141e+00
4.070766925811767578e+00
3.899852037429809570e+00
2.847283840179443359e+00
4.249274015426635742e+00
4.477629899978637695e+00
4.285671234130859375e+00
3.522543191909790039e+00
3.919265747070312500e+00
4.515100955963134766e+00
4.365026950836181641e+00
4.259715795516967773e+00
4.058982849121093750e+00
4.565778255462646484e+00
4.099703073501586914e+00
4.197149038314819336e+00
4.341373920440673828e+00
3.675631999969482422e+00
3.675620794296264648e+00
4.273559093475341797e+00
4.265891075134277344e+00
3.671882867813110352e+00
4.238481044769287109e+00
4.049201965332031250e+00
4.084421157836914062e+00
3.604892015457153320e+00
4.648895978927612305e+00
4.480257034301757812e+00
4.183827877044677734e+00
4.154685974121093750e+00
3.541733980178833008e+00
3.920545816421508789e+00
4.496916294097900391e+00
5.172504901885986328e+00
2.660727977752685547e+00
3.993942975997924805e+00
3.936640024185180664e+00
3.882185935974121094e+00
4.511786222457885742e+00
3.827249050140380859e+00
3.660757064819335938e+00
3.853950023651123047e+00
4.800107002258300781e+00
5.328277111053466797e+00
4.037336111068725586e+00
4.418679952621459961e+00
3.488662004470825195e+00
4.597954750061035156e+00
3.949492216110229492e+00
4.052467107772827148e+00
4.111590147018432617e+00
2.446907043457031250e+00
4.102929830551147461e+00
3.966859102249145508e+00
4.117163896560668945e+00
4.138051033020019531e+00
4.264705896377563477e+00
4.206076860427856445e+00
5.251184940338134766e+00
4.808344841003417969e+00
4.161453723907470703e+00
2.855142116546630859e+00
2.720757961273193359e+00
2.402991056442260742e+00
4.097922086715698242e+00
3.471863031387329102e+00
4.427147865295410156e+00
4.203841924667358398e+00
5.061869144439697266e+00
4.925834894180297852e+00
4.452445030212402344e+00
4.860364198684692383e+00
4.413622140884399414e+00
4.449823379516601562e+00
3.864210128784179688e+00
4.324272871017456055e+00
4.155040025711059570e+00
4.399877786636352539e+00
4.926614046096801758e+00
4.326539993286132812e+00
4.785883903503417969e+00
3.805558204650878906e+00
2.790102958679199219e+00
4.519464015960693359e+00
3.434587240219116211e+00
4.423233032226562500e+00
4.770660877227783203e+00
2.506884813308715820e+00
3.875674247741699219e+00
3.819053888320922852e+00
4.380386829376220703e+00
4.384002685546875000e+00
3.776666164398193359e+00
3.912739276885986328e+00
3.554496765136718750e+00
4.162904024124145508e+00
3.578308105468750000e+00
4.000628948211669922e+00
4.302131891250610352e+00
2.125331878662109375e+00
3.858021736145019531e+00
2.630219936370849609e+00
3.503818035125732422e+00
3.948642015457153320e+00
3.506737947463989258e+00
3.782665252685546875e+00
4.499394893646240234e+00
3.941766023635864258e+00
3.057384014129638672e+00
4.417072772979736328e+00
5.103657960891723633e+00
3.754118204116821289e+00
2.199578046798706055e+00
3.985918045043945312e+00
3.712628841400146484e+00
2.431425094604492188e+00
4.538981914520263672e+00
4.243718862533569336e+00
4.543512105941772461e+00
2.600135326385498047e+00
3.801040172576904297e+00
3.968989849090576172e+00
4.332179069519042969e+00
2.554437875747680664e+00
2.899616956710815430e+00
4.786309003829956055e+00
4.902299880981445312e+00
5.027981996536254883e+00
4.711241006851196289e+00
4.810265064239501953e+00
3.822206974029541016e+00
3.463566064834594727e+00
4.337913036346435547e+00
3.496837854385375977e+00
3.395002126693725586e+00
3.449637889862060547e+00
3.833730220794677734e+00
3.837568044662475586e+00
3.191954135894775391e+00
3.835568189620971680e+00
3.221848249435424805e+00
3.696754217147827148e+00
3.141692161560058594e+00
3.480319976806640625e+00
2.450689792633056641e+00
3.449318885803222656e+00
3.044196128845214844e+00
4.287214040756225586e+00
3.684226036071777344e+00
2.931072950363159180e+00
4.975572109222412109e+00
4.496246814727783203e+00
2.796517133712768555e+00
5.568702936172485352e+00
3.074810266494750977e+00
3.817811965942382812e+00
2.759980916976928711e+00
3.325355052947998047e+00
4.540583848953247070e+00
2.692895889282226562e+00
3.332080125808715820e+00
4.376266002655029297e+00
3.295969009399414062e+00
2.832202911376953125e+00
3.203099012374877930e+00
2.919102907180786133e+00
4.555210113525390625e+00
3.666157007217407227e+00
3.637407064437866211e+00
3.284985065460205078e+00
4.720782995223999023e+00
3.520655155181884766e+00
5.144634246826171875e+00
2.664739131927490234e+00
3.862511157989501953e+00
3.500211000442504883e+00
3.612122058868408203e+00
4.759927749633789062e+00
2.808042049407958984e+00
4.129564046859741211e+00
3.323250055313110352e+00
3.961808204650878906e+00
3.623613834381103516e+00
3.154300928115844727e+00
4.954421043395996094e+00
4.114959239959716797e+00
2.876356124877929688e+00
3.184647083282470703e+00
4.083819866180419922e+00
4.920691251754760742e+00
4.930142879486083984e+00
3.906580924987792969e+00
3.115571022033691406e+00
5.045190095901489258e+00
3.436913967132568359e+00
2.781036138534545898e+00
3.113915205001831055e+00
3.020128011703491211e+00
2.985675096511840820e+00
3.061136960983276367e+00
3.095276117324829102e+00
4.128353118896484375e+00
2.992995023727416992e+00
2.920990943908691406e+00
4.384794950485229492e+00
3.117650032043457031e+00
4.343157052993774414e+00
2.644607067108154297e+00
2.728726863861083984e+00
2.727616071701049805e+00
3.305370092391967773e+00
3.538018941879272461e+00
3.257194280624389648e+00
3.470481872558593750e+00
3.274084091186523438e+00
2.612325906753540039e+00
2.651927947998046875e+00
3.624121189117431641e+00
3.571672916412353516e+00
3.581953048706054688e+00
3.459337949752807617e+00
2.605556011199951172e+00
3.590518951416015625e+00
3.545428037643432617e+00
3.277605772018432617e+00
3.153099060058593750e+00
3.258189678192138672e+00
3.260829925537109375e+00
3.099133014678955078e+00
3.183752775192260742e+00
3.654973268508911133e+00
3.202743053436279297e+00
3.833396911621093750e+00
3.524963140487670898e+00
3.154461145401000977e+00
3.455727815628051758e+00
3.601416110992431641e+00
4.014460802078247070e+00
2.559278964996337891e+00
2.828006982803344727e+00
3.615056037902832031e+00
2.175153970718383789e+00
5.908888101577758789e+00
3.637277126312255859e+00
3.249759912490844727e+00
4.534312963485717773e+00
3.508483886718750000e+00
3.581596851348876953e+00
3.476195096969604492e+00
2.932836055755615234e+00
3.721605062484741211e+00
4.393898963928222656e+00
4.476264953613281250e+00
2.458447933197021484e+00
2.668482065200805664e+00
4.713342905044555664e+00
3.715858221054077148e+00
2.815393209457397461e+00
3.453930139541625977e+00
4.144869089126586914e+00
4.130577087402343750e+00
3.157918930053710938e+00
4.460081815719604492e+00
3.307074069976806641e+00
3.798057079315185547e+00
3.759912252426147461e+00
3.233443737030029297e+00
3.969300031661987305e+00
3.647010087966918945e+00
4.200861930847167969e+00
3.260956287384033203e+00
3.993934869766235352e+00
3.615240812301635742e+00
3.709512948989868164e+00
3.612221956253051758e+00
3.592785120010375977e+00
4.107072114944458008e+00
3.612473964691162109e+00
2.724808216094970703e+00
3.580591917037963867e+00
3.230442047119140625e+00
3.294500827789306641e+00
2.818061113357543945e+00
2.895192146301269531e+00
3.305097818374633789e+00
2.653515100479125977e+00
4.118443727493286133e+00
4.173245906829833984e+00
3.661711215972900391e+00
3.056283950805664062e+00
2.849860191345214844e+00
4.093387842178344727e+00
3.669479846954345703e+00
2.806776762008666992e+00
3.649824857711791992e+00
2.757830142974853516e+00
3.746284008026123047e+00
3.004536867141723633e+00
3.429799079895019531e+00
2.939201116561889648e+00
3.508223056793212891e+00
3.349850893020629883e+00
3.983119010925292969e+00
2.822502851486206055e+00
3.495156049728393555e+00
2.904956102371215820e+00
2.831822872161865234e+00
2.967283964157104492e+00
2.834403753280639648e+00
2.595471858978271484e+00
3.045500278472900391e+00
3.070029020309448242e+00
2.923455953598022461e+00
3.226324081420898438e+00
3.481853008270263672e+00
3.567219972610473633e+00
2.876798868179321289e+00
3.108236074447631836e+00
3.264832973480224609e+00
3.091910123825073242e+00
3.336810111999511719e+00
3.090763568878173828e+00
4.578772068023681641e+00
2.954730033874511719e+00
3.138210058212280273e+00
3.297563791275024414e+00
2.985975027084350586e+00
3.451376914978027344e+00
3.555281877517700195e+00
3.474097251892089844e+00
3.674613952636718750e+00
3.526401042938232422e+00
3.662599086761474609e+00
2.302921056747436523e+00
3.617818117141723633e+00
3.482008934020996094e+00
3.567363977432250977e+00
3.132099628448486328e+00
4.101095199584960938e+00
3.945482969284057617e+00
3.243450164794921875e+00
3.441908121109008789e+00
3.592134952545166016e+00
3.601508855819702148e+00
3.727084159851074219e+00
2.685508966445922852e+00
3.748442888259887695e+00
3.617203950881958008e+00
3.548464059829711914e+00
3.970731019973754883e+00
3.577743053436279297e+00
3.570055961608886719e+00
3.314548015594482422e+00
3.320106983184814453e+00
3.497986793518066406e+00
3.841080904006958008e+00
4.204028844833374023e+00
3.559932947158813477e+00
4.067709922790527344e+00
3.698716163635253906e+00
3.696105957031250000e+00
2.588133096694946289e+00
2.459002971649169922e+00
3.213251829147338867e+00
2.849777221679687500e+00
3.857703924179077148e+00
2.639379024505615234e+00
3.979063034057617188e+00
2.629012823104858398e+00
4.058674812316894531e+00
2.885947227478027344e+00
4.157095909118652344e+00
4.185226917266845703e+00
3.596598148345947266e+00
3.604243993759155273e+00
3.738736152648925781e+00
3.625730037689208984e+00
2.977612018585205078e+00
4.265252828598022461e+00
3.994426250457763672e+00
4.575348854064941406e+00
3.091768741607666016e+00
3.172585964202880859e+00
2.830061912536621094e+00
3.137882709503173828e+00
4.078902006149291992e+00
3.146859169006347656e+00
3.564315795898437500e+00
3.248573064804077148e+00
4.464618682861328125e+00
2.179405927658081055e+00
3.029503107070922852e+00
3.283640861511230469e+00
4.099629878997802734e+00
3.118390083312988281e+00
3.374564886093139648e+00
3.275154113769531250e+00
3.347769975662231445e+00
3.282499074935913086e+00
3.101475000381469727e+00
3.865177154541015625e+00
2.956161022186279297e+00
2.862149000167846680e+00
3.525905847549438477e+00
3.868071079254150391e+00
3.909049272537231445e+00
2.657001018524169922e+00
3.493793010711669922e+00
3.896611928939819336e+00
3.839548110961914062e+00
3.716823101043701172e+00
3.322085857391357422e+00
3.743012189865112305e+00
3.941895961761474609e+00
3.563676118850708008e+00
3.941852331161499023e+00
3.925129890441894531e+00
3.576411247253417969e+00
3.790702819824218750e+00
3.510776996612548828e+00
3.916653156280517578e+00
4.020959854125976562e+00
3.522036075592041016e+00
3.843306064605712891e+00
3.107448816299438477e+00
3.644039154052734375e+00
3.908780574798583984e+00
3.011405229568481445e+00
3.386424064636230469e+00
3.868103027343750000e+00
3.183185815811157227e+00
3.206987142562866211e+00
3.169136047363281250e+00
3.264313936233520508e+00
2.677160978317260742e+00
4.175710916519165039e+00
4.113847732543945312e+00
3.781407833099365234e+00
2.407444953918457031e+00
3.833981037139892578e+00
2.774026155471801758e+00
3.207923412322998047e+00
3.842875719070434570e+00
3.237892866134643555e+00
4.020581960678100586e+00
3.271316051483154297e+00
3.388009071350097656e+00
3.223935127258300781e+00
4.336917161941528320e+00
3.005548954010009766e+00
4.120718717575073242e+00
4.350003004074096680e+00
3.437485933303833008e+00
3.094503164291381836e+00
3.372120141983032227e+00
3.551728963851928711e+00
3.255523920059204102e+00
3.372927427291870117e+00
3.422707796096801758e+00
3.595544815063476562e+00
3.492504119873046875e+00
3.536452054977416992e+00
3.412984132766723633e+00
3.505902051925659180e+00
3.469129800796508789e+00
3.269691705703735352e+00
3.554338693618774414e+00
4.434210062026977539e+00
3.525091886520385742e+00
3.495303869247436523e+00
3.515918970108032227e+00
3.375065088272094727e+00
3.540817975997924805e+00
3.539566040039062500e+00
3.386845111846923828e+00
3.901968002319335938e+00
4.285676002502441406e+00
3.337627887725830078e+00
3.573937177658081055e+00
4.383224010467529297e+00
3.574926853179931641e+00
3.041749000549316406e+00
3.129854917526245117e+00
3.546391963958740234e+00
3.601169109344482422e+00
3.844460964202880859e+00
3.532404899597167969e+00
3.735660076141357422e+00
3.199907779693603516e+00
3.733602046966552734e+00
4.057914018630981445e+00
3.134728908538818359e+00
3.375993013381958008e+00
3.941524028778076172e+00
3.128775835037231445e+00
3.832050085067749023e+00
3.358853101730346680e+00
4.820358991622924805e+00
3.035822153091430664e+00
3.468897104263305664e+00
3.313482999801635742e+00
2.855421066284179688e+00
3.537619829177856445e+00
3.451206922531127930e+00
3.561956167221069336e+00
3.494789123535156250e+00
3.541250944137573242e+00
3.715767145156860352e+00
3.833583116531372070e+00
3.484356880187988281e+00
3.760391950607299805e+00
3.772035121917724609e+00
3.463565111160278320e+00
3.475193262100219727e+00
2.969608306884765625e+00
3.878971099853515625e+00
3.857430696487426758e+00
3.404872894287109375e+00
3.829441070556640625e+00
3.609211921691894531e+00
4.217517852783203125e+00
3.545038223266601562e+00
3.801451921463012695e+00
3.392959833145141602e+00
3.746484994888305664e+00
4.289702892303466797e+00
3.903512954711914062e+00
3.818591833114624023e+00
3.685267925262451172e+00
4.410807847976684570e+00
3.855097055435180664e+00
3.952440738677978516e+00
3.601544857025146484e+00
3.247720241546630859e+00
2.507506132125854492e+00
3.250265121459960938e+00
3.034726858139038086e+00
3.985296010971069336e+00
3.844806909561157227e+00
3.753283262252807617e+00
3.311754941940307617e+00
3.717287302017211914e+00
3.871440172195434570e+00
3.353464841842651367e+00
3.187654256820678711e+00
3.764353036880493164e+00
4.096492767333984375e+00
3.327811002731323242e+00
3.786160945892333984e+00
2.838999032974243164e+00
3.728935003280639648e+00
3.807543039321899414e+00
4.258101940155029297e+00
3.431692123413085938e+00
3.347577810287475586e+00
4.389492988586425781e+00
4.315495967864990234e+00
3.657339096069335938e+00
4.431950092315673828e+00
4.351918220520019531e+00
3.175742864608764648e+00
3.440321922302246094e+00
2.949057102203369141e+00
3.761901855468750000e+00
3.434761285781860352e+00
4.540446996688842773e+00
2.759895086288452148e+00
3.659425020217895508e+00
4.457411766052246094e+00
3.316965103149414062e+00
3.223789930343627930e+00
3.110080003738403320e+00
3.216154813766479492e+00
4.102946043014526367e+00
4.444733142852783203e+00
3.166363954544067383e+00
3.901737928390502930e+00
4.343184709548950195e+00
3.828351259231567383e+00
3.876161098480224609e+00
3.077037096023559570e+00
4.544756174087524414e+00
3.914342880249023438e+00
4.306997060775756836e+00
3.341257810592651367e+00
3.248828887939453125e+00
3.825848102569580078e+00
4.094976902008056641e+00
3.192973852157592773e+00
3.378834962844848633e+00
4.563749313354492188e+00
3.251799821853637695e+00
4.377404212951660156e+00
4.609803915023803711e+00
4.364768028259277344e+00
3.078259944915771484e+00
4.412148952484130859e+00
3.416148185729980469e+00
2.474411964416503906e+00
2.680923700332641602e+00
3.544610023498535156e+00
3.837915897369384766e+00
4.971208810806274414e+00
4.245368003845214844e+00
2.866209983825683594e+00
3.782218933105468750e+00
2.843105077743530273e+00
3.667325973510742188e+00
3.857267856597900391e+00
2.842517137527465820e+00
2.418809175491333008e+00
4.733793020248413086e+00
3.496837139129638672e+00
4.278069019317626953e+00
4.290902614593505859e+00
3.483241081237792969e+00
5.293847084045410156e+00
3.772265911102294922e+00
3.812726020812988281e+00
3.378723859786987305e+00
4.434467077255249023e+00
3.088595390319824219e+00
3.227871894836425781e+00
4.813452959060668945e+00
3.912987232208251953e+00
4.562922954559326172e+00
4.057507753372192383e+00
4.340135335922241211e+00
4.139781236648559570e+00
3.072048187255859375e+00
2.621913909912109375e+00
2.938187837600708008e+00
5.288859844207763672e+00
4.531840801239013672e+00
2.958315134048461914e+00
3.854245185852050781e+00
4.441598176956176758e+00
3.124152183532714844e+00
4.502016067504882812e+00
5.455958127975463867e+00
3.601755142211914062e+00
4.563251972198486328e+00
3.248273134231567383e+00
4.663228750228881836e+00
3.430479288101196289e+00
4.681685924530029297e+00
4.617257833480834961e+00
3.461765766143798828e+00
3.357526063919067383e+00
3.283205986022949219e+00
3.097167968750000000e+00
3.218209981918334961e+00
3.358907938003540039e+00
3.353020906448364258e+00
4.501838207244873047e+00
3.675639867782592773e+00
3.188455343246459961e+00
3.511126041412353516e+00
3.634060859680175781e+00
3.723460197448730469e+00
3.453413963317871094e+00
3.521457910537719727e+00
3.608345746994018555e+00
2.957411050796508789e+00
3.484681129455566406e+00
3.729185104370117188e+00
3.600383996963500977e+00
3.826101064682006836e+00
3.657678842544555664e+00
3.470967054367065430e+00
3.688621997833251953e+00
3.051931858062744141e+00
3.866147994995117188e+00
3.492633104324340820e+00
3.964367866516113281e+00
3.591701984405517578e+00
4.045545101165771484e+00
3.989147901535034180e+00
2.924852371215820312e+00
3.615318059921264648e+00
3.630440950393676758e+00
3.826551198959350586e+00
3.443010807037353516e+00
3.610692024230957031e+00
3.501050233840942383e+00
3.462801218032836914e+00
4.075612306594848633e+00
3.000030040740966797e+00
4.000009298324584961e+00
2.846109390258789062e+00
3.941243886947631836e+00
2.993128061294555664e+00
3.114769935607910156e+00
3.804110765457153320e+00
3.102552175521850586e+00
3.920545101165771484e+00
3.335350036621093750e+00
3.826672792434692383e+00
4.275337934494018555e+00
3.204433917999267578e+00
2.525274991989135742e+00
3.235150098800659180e+00
2.595596075057983398e+00
2.877170085906982422e+00
3.531012773513793945e+00
3.327383756637573242e+00
3.383841991424560547e+00
3.164422988891601562e+00
3.270478725433349609e+00
3.340415239334106445e+00
3.670706987380981445e+00
3.649629831314086914e+00
2.834188938140869141e+00
2.627549886703491211e+00
3.642676115036010742e+00
3.368867158889770508e+00
3.746441125869750977e+00
3.756403207778930664e+00
3.770454168319702148e+00
3.148888111114501953e+00
3.680499076843261719e+00
3.704685926437377930e+00
3.248425960540771484e+00
3.247092008590698242e+00
3.770761966705322266e+00
3.808706045150756836e+00
3.150304794311523438e+00
3.692208290100097656e+00
3.580964088439941406e+00
3.849762201309204102e+00
3.542668104171752930e+00
3.900807857513427734e+00
3.968582153320312500e+00
3.351577758789062500e+00
3.341181039810180664e+00
3.712879896163940430e+00
4.030162334442138672e+00
4.082865953445434570e+00
3.153056859970092773e+00
3.539024114608764648e+00
3.874874114990234375e+00
2.802170991897583008e+00
3.382529020309448242e+00
2.646421909332275391e+00
3.567559957504272461e+00
4.060389995574951172e+00
3.430705070495605469e+00
3.474924802780151367e+00
3.574337244033813477e+00
3.178647041320800781e+00
3.272215843200683594e+00
3.648395061492919922e+00
4.393025875091552734e+00
3.123398780822753906e+00
3.731590986251831055e+00
3.229990959167480469e+00
4.435807228088378906e+00
4.387901067733764648e+00
3.755204200744628906e+00
2.948007345199584961e+00
4.025076866149902344e+00
3.153084993362426758e+00
4.563732147216796875e+00
3.227673053741455078e+00
3.911717891693115234e+00
3.266571044921875000e+00
3.280441999435424805e+00
3.849209785461425781e+00
3.980897903442382812e+00
4.397757291793823242e+00
2.661079168319702148e+00
3.945420026779174805e+00
4.417364120483398438e+00
3.722649097442626953e+00
3.516991853713989258e+00
2.691859006881713867e+00
3.224305868148803711e+00
4.010398149490356445e+00
4.117253780364990234e+00
3.211590290069580078e+00
4.117171287536621094e+00
3.495059013366699219e+00
3.932100772857666016e+00
3.278875827789306641e+00
4.856331110000610352e+00
3.654945850372314453e+00
4.104187726974487305e+00
4.253093957901000977e+00
3.740844964981079102e+00
3.367616891860961914e+00
3.843862056732177734e+00
2.746848106384277344e+00
4.240975141525268555e+00
4.375143289566040039e+00
4.233647823333740234e+00
2.797045230865478516e+00
4.406081199645996094e+00
4.249733209609985352e+00
2.920809030532836914e+00
4.004214048385620117e+00
4.484013795852661133e+00
4.650827169418334961e+00
4.265343904495239258e+00
4.009407043457031250e+00
4.183619022369384766e+00
3.958070993423461914e+00
4.157938957214355469e+00
3.338478803634643555e+00
3.598529100418090820e+00
4.441662073135375977e+00
3.369754076004028320e+00
4.071025848388671875e+00
3.423007965087890625e+00
4.879888772964477539e+00
2.799038887023925781e+00
4.194346904754638672e+00
3.445032835006713867e+00
3.715723037719726562e+00
4.132491111755371094e+00
4.091014862060546875e+00
3.659489154815673828e+00
4.899949073791503906e+00
4.919059991836547852e+00
4.210863828659057617e+00
3.640363693237304688e+00
2.759362936019897461e+00
4.418794870376586914e+00
4.185663938522338867e+00
3.554602146148681641e+00
3.237059831619262695e+00
4.534945964813232422e+00
3.759563922882080078e+00
4.289933919906616211e+00
4.313944101333618164e+00
4.636386871337890625e+00
3.627134799957275391e+00
4.325227975845336914e+00
3.637794971466064453e+00
3.684424877166748047e+00
4.585068941116333008e+00
4.659767866134643555e+00
3.799042224884033203e+00
4.817509889602661133e+00
4.114078998565673828e+00
4.575238227844238281e+00
5.020290851593017578e+00
4.547942876815795898e+00
3.150642156600952148e+00
4.749909877777099609e+00
4.435956954956054688e+00
4.111141920089721680e+00
4.703726768493652344e+00
4.608128070831298828e+00
4.661134243011474609e+00
3.916327953338623047e+00
5.321117877960205078e+00
4.261967897415161133e+00
4.631794929504394531e+00
4.806739091873168945e+00
3.428970098495483398e+00
3.678719997406005859e+00
3.455749988555908203e+00
4.182628154754638672e+00
4.957009077072143555e+00
4.304535865783691406e+00
6.103605031967163086e+00
4.391302824020385742e+00
4.031672000885009766e+00
4.460805177688598633e+00
4.353550910949707031e+00
3.767398118972778320e+00
3.891489982604980469e+00
3.917131185531616211e+00
4.253984928131103516e+00
2.750620841979980469e+00
3.805968999862670898e+00
2.584543943405151367e+00
3.725791931152343750e+00
2.419476985931396484e+00
2.759580850601196289e+00
3.954971790313720703e+00
4.289532899856567383e+00
3.763039827346801758e+00
3.025279045104980469e+00
3.913223743438720703e+00
3.846880197525024414e+00
3.810193300247192383e+00
4.506921768188476562e+00
4.292104244232177734e+00
3.604194879531860352e+00
3.739787101745605469e+00
3.837468862533569336e+00
3.715563058853149414e+00
3.701814889907836914e+00
4.451642751693725586e+00
3.047846794128417969e+00
3.005933046340942383e+00
3.803989648818969727e+00
3.989781141281127930e+00
2.997261047363281250e+00
4.111620903015136719e+00
4.641721248626708984e+00
4.067947626113891602e+00
4.040211915969848633e+00
3.435661077499389648e+00
4.534901857376098633e+00
4.769114971160888672e+00
3.826472997665405273e+00
4.474551916122436523e+00
4.050508022308349609e+00
4.678040742874145508e+00
3.121188879013061523e+00
4.862770080566406250e+00
4.204767942428588867e+00
5.486364126205444336e+00
3.429868936538696289e+00
3.334745883941650391e+00
3.107144832611083984e+00
4.228584289550781250e+00
3.285778045654296875e+00
3.087295055389404297e+00
4.912168979644775391e+00
3.895554065704345703e+00
4.995967864990234375e+00
3.227304935455322266e+00
4.228392839431762695e+00
3.225891828536987305e+00
3.410598039627075195e+00
5.771020889282226562e+00
5.013951063156127930e+00
3.258674144744873047e+00
3.133270025253295898e+00
4.236531972885131836e+00
4.092304229736328125e+00
4.847431898117065430e+00
4.233088016510009766e+00
4.375663042068481445e+00
4.353212356567382812e+00
4.165898084640502930e+00
3.180649042129516602e+00
3.680828094482421875e+00
4.354430913925170898e+00
3.643724918365478516e+00
4.485367059707641602e+00
4.722265720367431641e+00
4.417796134948730469e+00
3.435304880142211914e+00
3.500842809677124023e+00
3.147588729858398438e+00
3.253037929534912109e+00
4.310862779617309570e+00
4.798793077468872070e+00
4.265172958374023438e+00
4.595345258712768555e+00
3.008894920349121094e+00
4.358087301254272461e+00
2.735394239425659180e+00
4.076506137847900391e+00
3.452227115631103516e+00
4.379136800765991211e+00
3.820099115371704102e+00
2.937817811965942383e+00
4.556316852569580078e+00
4.629345178604125977e+00
4.608967065811157227e+00
3.904890775680541992e+00
3.907989978790283203e+00
4.569592952728271484e+00
3.822519779205322266e+00
3.325583934783935547e+00
3.555778980255126953e+00
4.053724765777587891e+00
4.049405097961425781e+00
3.266628742218017578e+00
4.078506946563720703e+00
4.808007717132568359e+00
4.949615955352783203e+00
3.283943891525268555e+00
3.516685009002685547e+00
3.400027751922607422e+00
3.726511716842651367e+00
3.063476324081420898e+00
3.152951240539550781e+00
3.379067897796630859e+00
3.260546922683715820e+00
3.118196010589599609e+00
3.777053833007812500e+00
3.428937911987304688e+00
3.220754146575927734e+00
3.265331029891967773e+00
3.782482862472534180e+00
3.622226953506469727e+00
3.116607904434204102e+00
3.717806100845336914e+00
3.282621383666992188e+00
2.646377086639404297e+00
3.324695825576782227e+00
3.446648120880126953e+00
3.739826917648315430e+00
3.946391820907592773e+00
3.673395156860351562e+00
3.705888986587524414e+00
3.566146850585937500e+00
3.958735942840576172e+00
3.503721952438354492e+00
3.605788230895996094e+00
2.677342176437377930e+00
3.687665939331054688e+00
3.876783132553100586e+00
2.805643081665039062e+00
3.320262908935546875e+00
3.965056896209716797e+00
2.873249053955078125e+00
3.433186054229736328e+00
2.954817771911621094e+00
3.446239948272705078e+00
3.818017005920410156e+00
3.908164978027343750e+00
2.989301919937133789e+00
3.108735084533691406e+00
3.677922964096069336e+00
2.651330709457397461e+00
2.858339786529541016e+00
3.129379034042358398e+00
3.588926315307617188e+00
4.383953809738159180e+00
2.940764904022216797e+00
2.955853223800659180e+00
4.135862112045288086e+00
4.118721961975097656e+00
4.116335868835449219e+00
3.075465917587280273e+00
3.779949903488159180e+00
4.630848169326782227e+00
3.852320194244384766e+00
3.577160358428955078e+00
3.392532110214233398e+00
3.192265987396240234e+00
3.069838047027587891e+00
2.930371999740600586e+00
4.029883861541748047e+00
3.325470924377441406e+00
3.294410943984985352e+00
2.737510204315185547e+00
4.051439762115478516e+00
3.976086139678955078e+00
3.300806283950805664e+00
4.121861934661865234e+00
2.602926969528198242e+00
4.679845809936523438e+00
3.344702959060668945e+00
3.868671178817749023e+00
4.773996829986572266e+00
3.164801120758056641e+00
3.170370817184448242e+00
3.464995861053466797e+00
3.513689756393432617e+00
3.468415975570678711e+00
3.202642917633056641e+00
3.457064867019653320e+00
2.614075899124145508e+00
3.448809146881103516e+00
3.109059095382690430e+00
3.166729927062988281e+00
3.234881877899169922e+00
3.613658905029296875e+00
3.231516361236572266e+00
3.639120817184448242e+00
3.132153034210205078e+00
3.186517953872680664e+00
3.257166147232055664e+00
3.758537054061889648e+00
3.419940948486328125e+00
2.780339956283569336e+00
3.335946083068847656e+00
2.658266782760620117e+00
2.806491136550903320e+00
2.771719932556152344e+00
3.475903987884521484e+00
3.185281991958618164e+00
3.712329149246215820e+00
2.724311113357543945e+00
3.362045764923095703e+00
3.613034009933471680e+00
3.813448905944824219e+00
3.075731039047241211e+00
3.286648035049438477e+00
3.378377914428710938e+00
3.120244026184082031e+00
4.055304050445556641e+00
3.912842988967895508e+00
3.311262130737304688e+00
3.342411994934082031e+00
3.257667064666748047e+00
3.222292184829711914e+00
2.787164926528930664e+00
3.167186975479125977e+00
3.348516941070556641e+00
2.952706098556518555e+00
4.289717197418212891e+00
3.825723171234130859e+00
2.777064085006713867e+00
3.207751035690307617e+00
3.411957740783691406e+00
3.868338108062744141e+00
3.880146980285644531e+00
3.862971067428588867e+00
3.347112894058227539e+00
3.386457920074462891e+00
3.617446899414062500e+00
2.588745832443237305e+00
3.363952875137329102e+00
3.587248086929321289e+00
3.651728868484497070e+00
3.189525842666625977e+00
3.603352069854736328e+00
3.556169033050537109e+00
3.705403327941894531e+00
3.715425014495849609e+00
2.833961009979248047e+00
3.605334997177124023e+00
3.652339935302734375e+00
2.996631860733032227e+00
3.779256105422973633e+00
3.694718360900878906e+00
3.515056133270263672e+00
3.892085790634155273e+00
3.377182960510253906e+00
3.664980173110961914e+00
2.492989063262939453e+00
4.075753927230834961e+00
3.727069854736328125e+00
3.021538972854614258e+00
3.872436046600341797e+00
3.698876142501831055e+00
4.459851026535034180e+00
3.710866928100585938e+00
3.885585069656372070e+00
3.007730007171630859e+00
2.917072057723999023e+00
4.152148008346557617e+00
3.770431041717529297e+00
3.892566204071044922e+00
3.296859741210937500e+00
3.302854776382446289e+00
3.267160177230834961e+00
4.292756080627441406e+00
3.902423858642578125e+00
4.291575908660888672e+00
3.494620800018310547e+00
3.448443889617919922e+00
3.756756067276000977e+00
4.302449226379394531e+00
4.011162042617797852e+00
3.959522008895874023e+00
3.470199108123779297e+00
3.949111938476562500e+00
3.478693962097167969e+00
4.501642942428588867e+00
4.040901899337768555e+00
3.994170904159545898e+00
3.154738903045654297e+00
4.266945123672485352e+00
3.507754087448120117e+00
4.043109178543090820e+00
4.837931871414184570e+00
3.668499946594238281e+00
3.507957935333251953e+00
4.100113153457641602e+00
4.217849969863891602e+00
3.615767955780029297e+00
3.679277896881103516e+00
3.694617033004760742e+00
4.689642190933227539e+00
4.679067850112915039e+00
4.360769033432006836e+00
5.200392961502075195e+00
4.251573085784912109e+00
3.577770948410034180e+00
4.557286977767944336e+00
3.513104200363159180e+00
4.111865997314453125e+00
3.436620950698852539e+00
4.175033092498779297e+00
3.455121994018554688e+00
4.184160947799682617e+00
3.699625968933105469e+00
3.524670124053955078e+00
3.436530113220214844e+00
3.388025283813476562e+00
2.322947263717651367e+00
3.559230089187622070e+00
4.234325885772705078e+00
3.790188789367675781e+00
3.610749959945678711e+00
3.845409154891967773e+00
3.658320903778076172e+00
4.346829175949096680e+00
3.632150650024414062e+00
3.989021062850952148e+00
4.189242124557495117e+00
5.191166877746582031e+00
4.377790212631225586e+00
4.834329843521118164e+00
4.287389993667602539e+00
4.099843025207519531e+00
4.270356178283691406e+00
3.764463901519775391e+00
4.891173839569091797e+00
4.308415889739990234e+00
3.795638561248779297e+00
2.719640016555786133e+00
3.687361955642700195e+00
4.074854850769042969e+00
3.705930948257446289e+00
5.381641149520874023e+00
4.237408161163330078e+00
4.027268886566162109e+00
4.207844257354736328e+00
4.029445886611938477e+00
3.978934049606323242e+00
4.052052974700927734e+00
4.024304866790771484e+00
3.936966180801391602e+00
3.924573183059692383e+00
3.456258058547973633e+00
3.314717769622802734e+00
4.338973045349121094e+00
5.634061098098754883e+00
3.577253103256225586e+00
3.664534091949462891e+00
4.061328887939453125e+00
3.796758174896240234e+00
3.037925958633422852e+00
4.620383024215698242e+00
2.421224832534790039e+00
3.139932870864868164e+00
2.477480888366699219e+00
3.137947082519531250e+00
3.427958965301513672e+00
3.464715957641601562e+00
3.709049940109252930e+00
4.334734916687011719e+00
3.034353017807006836e+00
4.012835264205932617e+00
2.481440782546997070e+00
3.264424085617065430e+00
3.689370155334472656e+00
3.129260778427124023e+00
3.764839887619018555e+00
4.006707906723022461e+00
3.907943964004516602e+00
3.243167400360107422e+00
3.226457118988037109e+00
3.745607137680053711e+00
5.067121267318725586e+00
3.060779094696044922e+00
3.847587823867797852e+00
3.300704002380371094e+00
3.779372930526733398e+00
2.719909191131591797e+00
3.428768873214721680e+00
3.746060848236083984e+00
2.760972976684570312e+00
3.473941802978515625e+00
3.287339925765991211e+00
3.449747800827026367e+00
3.453517913818359375e+00
3.353987932205200195e+00
3.457535982131958008e+00
3.674287080764770508e+00
4.327949047088623047e+00
2.898012876510620117e+00
4.041735172271728516e+00
4.733335018157958984e+00
3.558614015579223633e+00
2.560960769653320312e+00
3.003239870071411133e+00
3.677969932556152344e+00
3.802908182144165039e+00
3.964290142059326172e+00
4.242583751678466797e+00
4.748045206069946289e+00
4.778174877166748047e+00
4.120486259460449219e+00
3.118362903594970703e+00
3.349986076354980469e+00
5.048378229141235352e+00
5.223695755004882812e+00
4.674746036529541016e+00
3.921223878860473633e+00
3.899057865142822266e+00
5.225207805633544922e+00
3.559432029724121094e+00
4.063215017318725586e+00
4.677417039871215820e+00
4.198402881622314453e+00
3.750436782836914062e+00
3.641493797302246094e+00
5.133531808853149414e+00
2.985079050064086914e+00
3.009105920791625977e+00
5.253313064575195312e+00
5.016804933547973633e+00
5.417368888854980469e+00
3.705994129180908203e+00
5.380216836929321289e+00
5.040033817291259766e+00
2.912043094635009766e+00
3.751913785934448242e+00
5.311692714691162109e+00
5.213609933853149414e+00
4.964138984680175781e+00
3.884573936462402344e+00
4.144050836563110352e+00
3.794111013412475586e+00
4.639300823211669922e+00
4.079666376113891602e+00
5.434577941894531250e+00
3.806095123291015625e+00
5.355355978012084961e+00
3.654979705810546875e+00
5.428889274597167969e+00
5.406774044036865234e+00
3.912888050079345703e+00
5.397574901580810547e+00
5.225245952606201172e+00
6.570250034332275391e+00
3.190369129180908203e+00
3.247216701507568359e+00
4.266863822937011719e+00
4.280581951141357422e+00
3.905062913894653320e+00
5.297870874404907227e+00
5.265866994857788086e+00
5.405835866928100586e+00
5.391311168670654297e+00
3.620043992996215820e+00
4.082217931747436523e+00
3.672334909439086914e+00
5.160905838012695312e+00
3.957148075103759766e+00
3.991640806198120117e+00
4.523380994796752930e+00
4.004969835281372070e+00
5.057544946670532227e+00
5.446310997009277344e+00
5.789073228836059570e+00
4.976942777633666992e+00
3.283731937408447266e+00
3.836261749267578125e+00
3.428808927536010742e+00
5.842170953750610352e+00
3.837110042572021484e+00
3.028833627700805664e+00
4.588145971298217773e+00
5.996102809906005859e+00
4.189565896987915039e+00
3.701976060867309570e+00
4.677227020263671875e+00
3.415139913558959961e+00
5.328103065490722656e+00
2.854121923446655273e+00
5.193675041198730469e+00
3.453235864639282227e+00
3.559026956558227539e+00
4.118041038513183594e+00
3.346988916397094727e+00
3.703652858734130859e+00
3.580289840698242188e+00
3.228406906127929688e+00
3.290248870849609375e+00
3.625833272933959961e+00
3.720333099365234375e+00
2.867897748947143555e+00
3.989413976669311523e+00
3.660170078277587891e+00
2.364942073822021484e+00
2.801403045654296875e+00
3.072753906250000000e+00
3.631901979446411133e+00
3.007717847824096680e+00
3.102078914642333984e+00
3.109362125396728516e+00
2.901821136474609375e+00
2.985748052597045898e+00
3.042700767517089844e+00
4.351399898529052734e+00
3.998087882995605469e+00
3.501897811889648438e+00
2.790261030197143555e+00
3.158468008041381836e+00
4.866317033767700195e+00
3.769916296005249023e+00
3.746968746185302734e+00
2.508655309677124023e+00
3.558656930923461914e+00
3.187603950500488281e+00
3.054404020309448242e+00
3.137410879135131836e+00
4.554172277450561523e+00
3.241005659103393555e+00
3.286432027816772461e+00
4.032515048980712891e+00
3.163938999176025391e+00
3.097790002822875977e+00
3.462227821350097656e+00
3.113070964813232422e+00
3.181031942367553711e+00
3.637099027633666992e+00
3.076493024826049805e+00
3.667502880096435547e+00
3.448575258255004883e+00
4.010797023773193359e+00
3.426652908325195312e+00
2.982357978820800781e+00
4.088927030563354492e+00
3.276528358459472656e+00
2.962924957275390625e+00
3.037006139755249023e+00
4.221289873123168945e+00
4.159759998321533203e+00
4.497557878494262695e+00
2.864054203033447266e+00
3.408929109573364258e+00
3.392814874649047852e+00
3.339301824569702148e+00
3.731869935989379883e+00
3.403306961059570312e+00
5.197824001312255859e+00
3.745432853698730469e+00
2.914386034011840820e+00
3.781081199645996094e+00
3.025272607803344727e+00
8.196525812149047852e+00
3.536876678466796875e+00
3.708899974822998047e+00
5.345092058181762695e+00
3.310515165328979492e+00
3.893168210983276367e+00
5.555948972702026367e+00
3.783988952636718750e+00
3.143601179122924805e+00
4.035999059677124023e+00
3.518939971923828125e+00
4.040425777435302734e+00
3.650362968444824219e+00
3.928457975387573242e+00
4.057979106903076172e+00
5.686198949813842773e+00
3.265759944915771484e+00
4.060572147369384766e+00
5.662917852401733398e+00
3.675063133239746094e+00
4.143244981765747070e+00
4.162260055541992188e+00
3.492307901382446289e+00
3.943718910217285156e+00
4.150702238082885742e+00
3.661816120147705078e+00
3.476991891860961914e+00
5.745496034622192383e+00
3.698137044906616211e+00
6.164674997329711914e+00
3.491997003555297852e+00
3.590996980667114258e+00
5.567277908325195312e+00
3.688891172409057617e+00
3.756256103515625000e+00
3.027601003646850586e+00
3.997591972351074219e+00
4.271322011947631836e+00
2.747667789459228516e+00
2.914896965026855469e+00
2.226440906524658203e+00
3.055114030838012695e+00
3.359308958053588867e+00
3.726822853088378906e+00
2.366179943084716797e+00
3.228893041610717773e+00
3.532641887664794922e+00
2.670549869537353516e+00
3.539793014526367188e+00
3.955477952957153320e+00
3.820148944854736328e+00
4.661913871765136719e+00
3.263130187988281250e+00
3.802922964096069336e+00
3.784565925598144531e+00
3.300108909606933594e+00
3.826052904129028320e+00
3.600773096084594727e+00
2.410988807678222656e+00
3.478749036788940430e+00
3.777525901794433594e+00
3.839977979660034180e+00
2.476383924484252930e+00
4.092076063156127930e+00
3.813868045806884766e+00
4.462201833724975586e+00
3.934826135635375977e+00
2.955227851867675781e+00
2.568401098251342773e+00
3.460557937622070312e+00
3.752601861953735352e+00
4.096936225891113281e+00
3.656348943710327148e+00
1.926530838012695312e+00
3.922346830368041992e+00
4.067737817764282227e+00
2.709136962890625000e+00
4.334488868713378906e+00
2.907629013061523438e+00
2.862948894500732422e+00
3.453463792800903320e+00
3.031042098999023438e+00
2.962619781494140625e+00
3.150090932846069336e+00
3.061406373977661133e+00
2.564948081970214844e+00
4.123937129974365234e+00
2.978509664535522461e+00
2.819110155105590820e+00
3.309079885482788086e+00
2.909245967864990234e+00
3.108581781387329102e+00
2.976330995559692383e+00
2.938479900360107422e+00
2.637764930725097656e+00
3.219244241714477539e+00
3.163887023925781250e+00
2.904275178909301758e+00
3.066298961639404297e+00
3.306636095046997070e+00
3.041805982589721680e+00
4.825924158096313477e+00
3.845784902572631836e+00
3.470433950424194336e+00
3.330275058746337891e+00
2.436815738677978516e+00
2.632410049438476562e+00
3.631437063217163086e+00
3.302578926086425781e+00
3.783001184463500977e+00
3.654320240020751953e+00
3.060487031936645508e+00
3.395784854888916016e+00
2.814636945724487305e+00
3.551013708114624023e+00
3.704267978668212891e+00
2.844581127166748047e+00
3.055172681808471680e+00
3.338260173797607422e+00
3.149131059646606445e+00
2.864654064178466797e+00
2.916765213012695312e+00
3.496289968490600586e+00
3.747165918350219727e+00
2.989389896392822266e+00
3.033378839492797852e+00
3.440460920333862305e+00
3.247277975082397461e+00
3.142920255661010742e+00
3.616245031356811523e+00
3.783783912658691406e+00
3.714853763580322266e+00
3.930445194244384766e+00
3.159396171569824219e+00
3.927011013031005859e+00
3.605213880538940430e+00
3.856038093566894531e+00
3.788895130157470703e+00
3.779012680053710938e+00
3.334743022918701172e+00
4.001080036163330078e+00
4.088863849639892578e+00
3.015882015228271484e+00
3.639539957046508789e+00
4.434936046600341797e+00
4.091325998306274414e+00
3.430471897125244141e+00
4.086585044860839844e+00
3.789237976074218750e+00
2.931349992752075195e+00
2.472193002700805664e+00
2.944149017333984375e+00
3.575778722763061523e+00
3.357804059982299805e+00
3.118029117584228516e+00
3.518389940261840820e+00
3.460600137710571289e+00
3.865868091583251953e+00
3.862379074096679688e+00
3.054502964019775391e+00
3.270898818969726562e+00
4.092400074005126953e+00
3.373395919799804688e+00
3.563831090927124023e+00
3.771275043487548828e+00
3.103967428207397461e+00
3.407109737396240234e+00
3.482076883316040039e+00
4.050838708877563477e+00
3.092112302780151367e+00
4.206305027008056641e+00
3.125647783279418945e+00
4.080621004104614258e+00
2.863619089126586914e+00
4.204191923141479492e+00
3.880207777023315430e+00
3.528900861740112305e+00
3.371865034103393555e+00
3.175371885299682617e+00
3.596673011779785156e+00
3.201027870178222656e+00
2.499606132507324219e+00
3.531207084655761719e+00
3.496827840805053711e+00
3.655693054199218750e+00
3.169692039489746094e+00
3.236514091491699219e+00
3.884525060653686523e+00
3.208703041076660156e+00
2.542219161987304688e+00
3.512248754501342773e+00
3.144261837005615234e+00
2.425807714462280273e+00
4.315153121948242188e+00
3.658102989196777344e+00
3.622968196868896484e+00
3.300222873687744141e+00
3.340774297714233398e+00
3.342211961746215820e+00
3.075709819793701172e+00
3.607353687286376953e+00
3.760059833526611328e+00
3.547625064849853516e+00
2.569543838500976562e+00
3.449358701705932617e+00
3.417119026184082031e+00
3.664466142654418945e+00
3.114830732345581055e+00
2.678232908248901367e+00
3.047278165817260742e+00
3.763172864913940430e+00
4.121603965759277344e+00
3.091123104095458984e+00
2.731105089187622070e+00
4.706753015518188477e+00
4.150400876998901367e+00
2.672981977462768555e+00
4.066558122634887695e+00
2.809385061264038086e+00
3.874794006347656250e+00
4.331336975097656250e+00
2.895862102508544922e+00
3.137688875198364258e+00
3.001488924026489258e+00
2.889600992202758789e+00
3.168581724166870117e+00
4.399638175964355469e+00
3.164728164672851562e+00
3.026349067687988281e+00
2.970705747604370117e+00
2.838384151458740234e+00
4.892553806304931641e+00
2.989715814590454102e+00
2.961887359619140625e+00
2.750668048858642578e+00
3.038621902465820312e+00
3.279581785202026367e+00
3.332880020141601562e+00
3.073925733566284180e+00
3.268751859664916992e+00
3.203726053237915039e+00
2.993064880371093750e+00
3.098391056060791016e+00
2.297970056533813477e+00
3.247850894927978516e+00
3.037678956985473633e+00
3.035812139511108398e+00
3.482115983963012695e+00
3.189622163772583008e+00
3.344105958938598633e+00
3.384246110916137695e+00
3.114516973495483398e+00
3.357319116592407227e+00
3.443798780441284180e+00
3.758826971054077148e+00
3.079172134399414062e+00
3.811961174011230469e+00
3.281433105468750000e+00
3.694067001342773438e+00
3.015683174133300781e+00
3.069041013717651367e+00
3.296205043792724609e+00
3.471975326538085938e+00
3.776392936706542969e+00
3.446851253509521484e+00
3.934663772583007812e+00
2.999596595764160156e+00
3.427747964859008789e+00
2.879874944686889648e+00
3.832271099090576172e+00
3.492099046707153320e+00
3.371878147125244141e+00
3.265733957290649414e+00
3.818019866943359375e+00
3.664168834686279297e+00
3.302733182907104492e+00
3.148603200912475586e+00
3.117666006088256836e+00
3.254272937774658203e+00
2.870563268661499023e+00
3.234813928604125977e+00
3.179218292236328125e+00
3.715817928314208984e+00
3.484514713287353516e+00
4.162368059158325195e+00
3.466181993484497070e+00
3.533905982971191406e+00
2.822109222412109375e+00
3.308605909347534180e+00
2.901859998703002930e+00
3.537087917327880859e+00
3.422971725463867188e+00
2.726593017578125000e+00
3.918128252029418945e+00
2.845097303390502930e+00
2.985453128814697266e+00
3.878048896789550781e+00
2.954695940017700195e+00
2.796053171157836914e+00
3.737758874893188477e+00
3.823279857635498047e+00
3.843791246414184570e+00
2.744409084320068359e+00
2.911149024963378906e+00
3.759822130203247070e+00
3.062459945678710938e+00
4.576662063598632812e+00
3.106272935867309570e+00
2.803853750228881836e+00
3.053373813629150391e+00
3.586043119430541992e+00
2.562513351440429688e+00
3.610304117202758789e+00
3.279680013656616211e+00
3.355453014373779297e+00
3.732009887695312500e+00
3.323117971420288086e+00
3.713151931762695312e+00
3.688400983810424805e+00
2.520817279815673828e+00
3.670688867568969727e+00
4.012124776840209961e+00
3.598349094390869141e+00
2.708095312118530273e+00
3.864577054977416992e+00
2.903287887573242188e+00
2.672452211380004883e+00
2.856376886367797852e+00
3.083784103393554688e+00
3.114744186401367188e+00
3.172131061553955078e+00
3.144294977188110352e+00
3.331681966781616211e+00
2.887076139450073242e+00
2.976984024047851562e+00
2.933362007141113281e+00
4.135331153869628906e+00
4.011488914489746094e+00
2.938658952713012695e+00
2.942728281021118164e+00
3.416185140609741211e+00
3.407462120056152344e+00
3.724270105361938477e+00
3.052625894546508789e+00
2.930994987487792969e+00
3.462428092956542969e+00
2.832304954528808594e+00
3.555546045303344727e+00
3.143438100814819336e+00
3.096417903900146484e+00
3.266973972320556641e+00
3.268404006958007812e+00
3.644096136093139648e+00
3.484218835830688477e+00
3.969064950942993164e+00
3.488909721374511719e+00
3.927171230316162109e+00
3.458096027374267578e+00
3.549392938613891602e+00
3.283142805099487305e+00
3.981488943099975586e+00
3.047938108444213867e+00
4.140642642974853516e+00
3.444089889526367188e+00
4.164659976959228516e+00
4.232033967971801758e+00
3.789041996002197266e+00
3.987484931945800781e+00
3.830469846725463867e+00
3.036079883575439453e+00
3.750016927719116211e+00
3.370204925537109375e+00
4.179749250411987305e+00
4.268857002258300781e+00
3.099002122879028320e+00
4.368392944335937500e+00
4.645858049392700195e+00
4.467837095260620117e+00
2.919601917266845703e+00
4.008688926696777344e+00
4.430183172225952148e+00
4.321736097335815430e+00
3.554993867874145508e+00
3.018771886825561523e+00
4.274866819381713867e+00
4.609358787536621094e+00
4.424708127975463867e+00
4.135571002960205078e+00
4.654997110366821289e+00
4.091308116912841797e+00
4.873378992080688477e+00
4.777559041976928711e+00
4.416675806045532227e+00
3.715532064437866211e+00
3.659978151321411133e+00
3.628184795379638672e+00
4.604184865951538086e+00
4.121232032775878906e+00
4.527531862258911133e+00
2.910052299499511719e+00
4.515766859054565430e+00
3.342994928359985352e+00
4.523359060287475586e+00
4.164078950881958008e+00
3.749494075775146484e+00
4.560425996780395508e+00
4.277034044265747070e+00
3.928460836410522461e+00
4.402897834777832031e+00
5.059019088745117188e+00
3.672332048416137695e+00
4.416714906692504883e+00
4.525383949279785156e+00
4.520660161972045898e+00
4.313401222229003906e+00
4.968285322189331055e+00
4.290007114410400391e+00
3.938285112380981445e+00
3.880326986312866211e+00
4.367001771926879883e+00
4.678406000137329102e+00
3.629662990570068359e+00
4.152603864669799805e+00
4.681167840957641602e+00
3.989549160003662109e+00
4.601577997207641602e+00
4.694003820419311523e+00
4.832288980484008789e+00
4.131869077682495117e+00
4.646883964538574219e+00
5.137215852737426758e+00
5.242850065231323242e+00
4.624092817306518555e+00
3.767938137054443359e+00
5.523563861846923828e+00
4.324225902557373047e+00
5.982109069824218750e+00
3.575129032135009766e+00
5.698105096817016602e+00
4.234676837921142578e+00
3.928525924682617188e+00
3.676619052886962891e+00
4.368496179580688477e+00
5.217109918594360352e+00
4.996690034866333008e+00
4.406086921691894531e+00
4.547133922576904297e+00
4.977981805801391602e+00
2.249356985092163086e+00
3.662615060806274414e+00
2.655480861663818359e+00
3.756300687789916992e+00
4.147415161132812500e+00
3.788841962814331055e+00
2.437610864639282227e+00
3.634538888931274414e+00
2.387135982513427734e+00
4.203285932540893555e+00
5.169323682785034180e+00
3.625251054763793945e+00
5.659167051315307617e+00
2.691450834274291992e+00
2.609498023986816406e+00
4.106262683868408203e+00
4.235277175903320312e+00
4.043441772460937500e+00
3.908813714981079102e+00
4.279474973678588867e+00
3.776184797286987305e+00
2.371449947357177734e+00
4.097899913787841797e+00
2.483949184417724609e+00
2.484848976135253906e+00
3.357811927795410156e+00
3.967014074325561523e+00
2.719319105148315430e+00
4.073010206222534180e+00
4.349498271942138672e+00
4.391750097274780273e+00
4.062649250030517578e+00
4.047341108322143555e+00
4.040418863296508789e+00
3.549052238464355469e+00
4.119322776794433594e+00
4.359431028366088867e+00
4.457393884658813477e+00
4.414831876754760742e+00
3.839628696441650391e+00
3.794332027435302734e+00
4.300456047058105469e+00
3.142681121826171875e+00
3.792815685272216797e+00
3.257749080657958984e+00
4.361010074615478516e+00
4.285105943679809570e+00
3.675270795822143555e+00
4.518409013748168945e+00
5.454096078872680664e+00
3.885991096496582031e+00
3.005002975463867188e+00
4.498360872268676758e+00
3.892452001571655273e+00
3.704116106033325195e+00
4.130550146102905273e+00
4.350002765655517578e+00
5.669016838073730469e+00
4.261616945266723633e+00
3.752993106842041016e+00
4.314342260360717773e+00
4.458644866943359375e+00
4.351991891860961914e+00
4.084527254104614258e+00
3.974948167800903320e+00
3.981479883193969727e+00
3.066744804382324219e+00
2.800406217575073242e+00
3.050804138183593750e+00
2.323503732681274414e+00
4.709911108016967773e+00
4.157467842102050781e+00
4.300080060958862305e+00
4.465664863586425781e+00
3.966470956802368164e+00
4.735057115554809570e+00
3.459558963775634766e+00
3.329130887985229492e+00
4.649809122085571289e+00
3.353905200958251953e+00
4.865597009658813477e+00
2.778883695602416992e+00
4.172921895980834961e+00
3.583008050918579102e+00
3.316321134567260742e+00
3.425981998443603516e+00
4.735424995422363281e+00
4.785161018371582031e+00
3.582688093185424805e+00
2.523675918579101562e+00
2.467190027236938477e+00
4.076411247253417969e+00
2.847957849502563477e+00
4.685298204421997070e+00
4.348775863647460938e+00
2.552142858505249023e+00
3.105392217636108398e+00
4.744225025177001953e+00
4.888250112533569336e+00
2.611310958862304688e+00
3.248626947402954102e+00
2.391407966613769531e+00
2.312042951583862305e+00
2.585160017013549805e+00
2.201316833496093750e+00
2.740436077117919922e+00
2.866647005081176758e+00
3.306947946548461914e+00
3.994756937026977539e+00
3.580599784851074219e+00
2.091820955276489258e+00
3.188797950744628906e+00
3.732321023941040039e+00
3.853393793106079102e+00
2.836935758590698242e+00
3.535975933074951172e+00
5.347872018814086914e+00
3.905149936676025391e+00
4.711836814880371094e+00
3.958403825759887695e+00
4.364074945449829102e+00
2.802644014358520508e+00
4.793875217437744141e+00
3.852084159851074219e+00
3.776525020599365234e+00
2.862656116485595703e+00
3.667034864425659180e+00
3.903896093368530273e+00
4.228189945220947266e+00
3.781417846679687500e+00
3.409074068069458008e+00
5.203526020050048828e+00
4.378381013870239258e+00
3.617820262908935547e+00
3.774549007415771484e+00
2.422983169555664062e+00
2.362610816955566406e+00
3.959410190582275391e+00
3.133510112762451172e+00
3.275790214538574219e+00
2.688159942626953125e+00
3.323776006698608398e+00
2.738485813140869141e+00
2.474180936813354492e+00
2.664703130722045898e+00
2.903172969818115234e+00
3.053207874298095703e+00
3.030592918395996094e+00
2.826447010040283203e+00
3.061147928237915039e+00
2.899083137512207031e+00
2.995965957641601562e+00
2.799342155456542969e+00
3.079542160034179688e+00
2.921335220336914062e+00
2.603320837020874023e+00
3.145723819732666016e+00
3.211292982101440430e+00
2.731993913650512695e+00
3.195317029953002930e+00
2.971441030502319336e+00
3.119969844818115234e+00
2.985148191452026367e+00
3.249408006668090820e+00
2.950971126556396484e+00
2.723603010177612305e+00
2.598932027816772461e+00
2.867241859436035156e+00
3.102614879608154297e+00
3.491771221160888672e+00
2.629514217376708984e+00
2.787424087524414062e+00
3.322744607925415039e+00
2.694813966751098633e+00
2.611278057098388672e+00
3.378960847854614258e+00
2.724516868591308594e+00
3.516535758972167969e+00
2.751384019851684570e+00
2.338116168975830078e+00
2.597294807434082031e+00
3.016674041748046875e+00
2.821022987365722656e+00
2.797584056854248047e+00
2.421190023422241211e+00
2.445430040359497070e+00
2.613501071929931641e+00
3.045381784439086914e+00
3.287334203720092773e+00
2.850436687469482422e+00
3.370101928710937500e+00
3.375282764434814453e+00
3.509960174560546875e+00
3.756047010421752930e+00
2.918809890747070312e+00
3.463537931442260742e+00
2.926027059555053711e+00
2.367910146713256836e+00
2.680480957031250000e+00
3.404201030731201172e+00
2.577945232391357422e+00
3.483331918716430664e+00
3.573180913925170898e+00
3.795691967010498047e+00
3.390110969543457031e+00
2.530365943908691406e+00
3.511641025543212891e+00
3.531261205673217773e+00
2.468861103057861328e+00
2.492476940155029297e+00
3.785674810409545898e+00
2.595491647720336914e+00
3.702789068222045898e+00
2.960853815078735352e+00
2.632503032684326172e+00
2.707079887390136719e+00
3.107068777084350586e+00
2.868876934051513672e+00
2.624752759933471680e+00
3.205029964447021484e+00
2.696560144424438477e+00
2.605812072753906250e+00
3.298053264617919922e+00
3.750262975692749023e+00
2.154076814651489258e+00
2.694700002670288086e+00
2.767318964004516602e+00
2.519363164901733398e+00
2.751154184341430664e+00
2.988499164581298828e+00
3.055202960968017578e+00
2.890007019042968750e+00
3.053143978118896484e+00
3.069157123565673828e+00
2.451627969741821289e+00
2.613522291183471680e+00
2.709743976593017578e+00
2.767910957336425781e+00
3.009037971496582031e+00
2.865352869033813477e+00
2.860790014266967773e+00
2.632273197174072266e+00
2.930650234222412109e+00
2.429582118988037109e+00
3.038054704666137695e+00
3.060830831527709961e+00
3.079208135604858398e+00
2.425521135330200195e+00
3.127525806427001953e+00
2.975461721420288086e+00
3.423011064529418945e+00
2.824594974517822266e+00
2.780071020126342773e+00
2.813462972640991211e+00
2.580173969268798828e+00
3.551513910293579102e+00
3.186730861663818359e+00
2.829811811447143555e+00
3.661965847015380859e+00
3.827893018722534180e+00
2.932959079742431641e+00
3.118813037872314453e+00
3.159825086593627930e+00
3.065999746322631836e+00
2.799915790557861328e+00
3.033266782760620117e+00
3.056741952896118164e+00
3.502757072448730469e+00
3.213477849960327148e+00
2.354109048843383789e+00
2.878397941589355469e+00
3.265346765518188477e+00
3.205052137374877930e+00
3.392862081527709961e+00
3.540476083755493164e+00
3.228258848190307617e+00
2.909693002700805664e+00
3.078156948089599609e+00
3.069675922393798828e+00
3.518924951553344727e+00
3.594484090805053711e+00
2.426930904388427734e+00
3.463341712951660156e+00
3.700520038604736328e+00
2.443648099899291992e+00
2.929383039474487305e+00
2.919012069702148438e+00
2.828675985336303711e+00
2.784729242324829102e+00
3.224370002746582031e+00
3.439086198806762695e+00
3.407096862792968750e+00
2.447032928466796875e+00
2.848523855209350586e+00
3.637275934219360352e+00
2.904839277267456055e+00
2.793565988540649414e+00
4.034747838973999023e+00
3.087429761886596680e+00
3.692189216613769531e+00
4.163514137268066406e+00
2.958095073699951172e+00
3.824097871780395508e+00
3.087681055068969727e+00
3.824832677841186523e+00
3.123232126235961914e+00
2.291627883911132812e+00
3.674113035202026367e+00
2.074028015136718750e+00
4.032073020935058594e+00
3.680627822875976562e+00
3.707246065139770508e+00
3.541154861450195312e+00
3.175792932510375977e+00
3.904083013534545898e+00
3.087386131286621094e+00
2.250856399536132812e+00
3.968245267868041992e+00
2.916345834732055664e+00
4.355459690093994141e+00
2.784839868545532227e+00
3.213461875915527344e+00
3.301905870437622070e+00
3.708630084991455078e+00
3.626328945159912109e+00
3.263843774795532227e+00
2.431736946105957031e+00
4.145831108093261719e+00
2.416676759719848633e+00
2.746086120605468750e+00
2.904294252395629883e+00
3.105195045471191406e+00
3.811684131622314453e+00
2.367630958557128906e+00
3.678404092788696289e+00
3.786590099334716797e+00
3.410052061080932617e+00
2.917269945144653320e+00
2.119210958480834961e+00
3.917210102081298828e+00
4.613231182098388672e+00
3.406124114990234375e+00
3.427545070648193359e+00
4.314902067184448242e+00
2.548951148986816406e+00
4.374895811080932617e+00
2.613943099975585938e+00
2.566091060638427734e+00
2.161730766296386719e+00
2.644715070724487305e+00
4.372733831405639648e+00
3.542458057403564453e+00
3.301061153411865234e+00
4.008021831512451172e+00
2.523529052734375000e+00
3.655884981155395508e+00
2.430609941482543945e+00
3.727521181106567383e+00
3.201681137084960938e+00
2.834581851959228516e+00
3.633440017700195312e+00
2.838698863983154297e+00
2.622354984283447266e+00
2.817293882369995117e+00
2.743312120437622070e+00
3.961602926254272461e+00
3.869669675827026367e+00
4.262050867080688477e+00
2.659383058547973633e+00
4.268271207809448242e+00
4.048940896987915039e+00
3.417916059494018555e+00
2.660591125488281250e+00
2.900957822799682617e+00
2.184067726135253906e+00
3.166309833526611328e+00
3.930906057357788086e+00
2.989973068237304688e+00
3.910258054733276367e+00
4.992339849472045898e+00
4.692873954772949219e+00
4.484167814254760742e+00
3.032677888870239258e+00
2.456998109817504883e+00
3.139448165893554688e+00
2.775285005569458008e+00
3.023952960968017578e+00
2.802380084991455078e+00
2.633133172988891602e+00
2.848520994186401367e+00
2.560231924057006836e+00
3.263490200042724609e+00
3.054628133773803711e+00
3.368605852127075195e+00
2.713628053665161133e+00
2.366644859313964844e+00
2.892586946487426758e+00
3.506897211074829102e+00
2.925163030624389648e+00
2.920196056365966797e+00
3.228483915328979492e+00
2.916041135787963867e+00
3.166273832321166992e+00
3.032359123229980469e+00
3.365555047988891602e+00
3.242770910263061523e+00
3.300536632537841797e+00
2.823340177536010742e+00
3.031598806381225586e+00
2.978224992752075195e+00
3.406649827957153320e+00
3.370863914489746094e+00
3.401038646697998047e+00
3.323080062866210938e+00
3.849481344223022461e+00
3.207720041275024414e+00
3.289364337921142578e+00
2.692038774490356445e+00
3.528491973876953125e+00
3.298316955566406250e+00
2.969919919967651367e+00
3.303077220916748047e+00
3.141397953033447266e+00
2.844985008239746094e+00
3.793238162994384766e+00
3.776898145675659180e+00
3.677444219589233398e+00
3.924856185913085938e+00
4.340095043182373047e+00
2.015771865844726562e+00
3.161273956298828125e+00
4.018471956253051758e+00
3.605906963348388672e+00
2.985464096069335938e+00
3.845057010650634766e+00
2.609166145324707031e+00
3.083149909973144531e+00
4.195482730865478516e+00
3.501761198043823242e+00
3.953470945358276367e+00
3.276139974594116211e+00
3.433182954788208008e+00
3.779929876327514648e+00
3.836838960647583008e+00
3.271337985992431641e+00
3.303694009780883789e+00
3.001187801361083984e+00
3.487058877944946289e+00
4.150601863861083984e+00
3.926068067550659180e+00
4.228353977203369141e+00
4.267439126968383789e+00
3.923879861831665039e+00
3.462121963500976562e+00
3.392445087432861328e+00
2.966113090515136719e+00
3.581538200378417969e+00
3.058278083801269531e+00
4.316893100738525391e+00
3.676448106765747070e+00
3.102040052413940430e+00
3.233573913574218750e+00
3.982476949691772461e+00
2.984890222549438477e+00
3.623445987701416016e+00
4.121716022491455078e+00
3.640025854110717773e+00
3.737131118774414062e+00
3.772522687911987305e+00
3.742973804473876953e+00
4.067653894424438477e+00
4.300616979598999023e+00
3.802021980285644531e+00
3.718856096267700195e+00
3.909694910049438477e+00
3.363185167312622070e+00
2.262237071990966797e+00
3.979552984237670898e+00
3.521202087402343750e+00
4.474881172180175781e+00
2.753575801849365234e+00
4.541688203811645508e+00
4.208760976791381836e+00
3.039541959762573242e+00
4.813154220581054688e+00
4.080947875976562500e+00
2.877151966094970703e+00
2.816461086273193359e+00
3.090588808059692383e+00
2.805790185928344727e+00
3.011739253997802734e+00
2.965070724487304688e+00
3.620350837707519531e+00
3.669391155242919922e+00
2.913409948348999023e+00
3.234755039215087891e+00
3.173881769180297852e+00
3.146915674209594727e+00
2.984488010406494141e+00
3.182538032531738281e+00
2.883650064468383789e+00
3.226600170135498047e+00
2.875832080841064453e+00
3.737910032272338867e+00
2.471422910690307617e+00
2.725111007690429688e+00
3.091905832290649414e+00
3.802237272262573242e+00
3.534742116928100586e+00
3.931286811828613281e+00
3.362065076828002930e+00
3.059849023818969727e+00
2.870052814483642578e+00
3.314023971557617188e+00
2.549508094787597656e+00
2.877469301223754883e+00
3.055001258850097656e+00
3.142160892486572266e+00
2.862675905227661133e+00
3.162801265716552734e+00
3.500048160552978516e+00
3.218800306320190430e+00
3.330910205841064453e+00
2.563097000122070312e+00
2.722054004669189453e+00
3.134754896163940430e+00
3.684951782226562500e+00
3.897610902786254883e+00
4.122819185256958008e+00
3.312353134155273438e+00
2.899740934371948242e+00
4.490177869796752930e+00
3.127151012420654297e+00
3.163309812545776367e+00
3.879750967025756836e+00
4.103119134902954102e+00
3.590126991271972656e+00
3.148314952850341797e+00
3.521465063095092773e+00
3.327238082885742188e+00
2.474147796630859375e+00
3.235963106155395508e+00
3.113969087600708008e+00
2.961663007736206055e+00
4.158410072326660156e+00
3.188167810440063477e+00
3.793401241302490234e+00
4.000452995300292969e+00
3.384568929672241211e+00
3.468883275985717773e+00
3.702837944030761719e+00
3.633152008056640625e+00
3.221333980560302734e+00
2.632800102233886719e+00
3.628341913223266602e+00
3.392103910446166992e+00
3.188367128372192383e+00
3.876955986022949219e+00
2.678769826889038086e+00
3.488297939300537109e+00
3.501625776290893555e+00
2.338186025619506836e+00
3.515635013580322266e+00
3.816205024719238281e+00
3.150714159011840820e+00
3.437189817428588867e+00
2.960118055343627930e+00
3.482551813125610352e+00
3.131465911865234375e+00
3.338662147521972656e+00
3.501901865005493164e+00
4.770538330078125000e+00
2.574610948562622070e+00
3.093612909317016602e+00
2.755675792694091797e+00
3.606242895126342773e+00
3.599571228027343750e+00
3.412351131439208984e+00
3.556874036788940430e+00
3.091427803039550781e+00
3.603664159774780273e+00
2.818094730377197266e+00
3.457422018051147461e+00
3.519446134567260742e+00
3.497677087783813477e+00
3.799861907958984375e+00
3.699942350387573242e+00
2.699449062347412109e+00
3.421267986297607422e+00
2.723162651062011719e+00
2.416557788848876953e+00
2.246575117111206055e+00
3.369055986404418945e+00
3.721754074096679688e+00
3.525475978851318359e+00
2.544829845428466797e+00
2.350126028060913086e+00
3.384660005569458008e+00
2.392063856124877930e+00
2.817755222320556641e+00
2.625597000122070312e+00
4.202605247497558594e+00
3.431787967681884766e+00
4.458499670028686523e+00
2.303848266601562500e+00
3.414319038391113281e+00
2.885150909423828125e+00
2.375020027160644531e+00
3.829098939895629883e+00
3.245401144027709961e+00
2.947983980178833008e+00
2.435856819152832031e+00
3.007987976074218750e+00
2.929572820663452148e+00
2.326553106307983398e+00
2.895550012588500977e+00
3.557882070541381836e+00
3.571043968200683594e+00
2.390776157379150391e+00
4.140703916549682617e+00
4.245829105377197266e+00
3.374068975448608398e+00
4.044873237609863281e+00
2.881927013397216797e+00
2.471289873123168945e+00
3.114520072937011719e+00
2.319701910018920898e+00
2.349889755249023438e+00
4.007963895797729492e+00
2.494982004165649414e+00
2.665926933288574219e+00
2.589215993881225586e+00
2.400176763534545898e+00
2.512985944747924805e+00
2.594984769821166992e+00
3.486616134643554688e+00
2.608370780944824219e+00
2.711765050888061523e+00
2.718111038208007812e+00
2.942510843276977539e+00
2.558300971984863281e+00
2.649872779846191406e+00
2.514827013015747070e+00
2.968764066696166992e+00
2.978225231170654297e+00
2.708914279937744141e+00
2.890027761459350586e+00
2.862739801406860352e+00
2.919028282165527344e+00
2.656503915786743164e+00
2.841379165649414062e+00
2.841271877288818359e+00
2.895177125930786133e+00
2.676264762878417969e+00
2.441823005676269531e+00
2.893328189849853516e+00
3.140985012054443359e+00
2.851376771926879883e+00
2.875733852386474609e+00
3.088154792785644531e+00
3.225397109985351562e+00
2.892111063003540039e+00
2.719115018844604492e+00
2.207842111587524414e+00
3.332581043243408203e+00
3.158425092697143555e+00
3.384409189224243164e+00
2.712706089019775391e+00
2.753252029418945312e+00
3.309303045272827148e+00
2.663752079010009766e+00
3.345552206039428711e+00
3.135703086853027344e+00
3.403179168701171875e+00
3.271759033203125000e+00
2.720603227615356445e+00
2.635638236999511719e+00
2.789133071899414062e+00
3.364228010177612305e+00
2.513483047485351562e+00
3.353223800659179688e+00
3.074895143508911133e+00
2.584328889846801758e+00
3.253114938735961914e+00
2.285036087036132812e+00
2.583823204040527344e+00
3.304576158523559570e+00
3.552044153213500977e+00
3.040405988693237305e+00
3.051497936248779297e+00
2.903437137603759766e+00
3.495818376541137695e+00
2.428586006164550781e+00
3.401458024978637695e+00
2.611723184585571289e+00
2.797595024108886719e+00
3.163971900939941406e+00
2.952221870422363281e+00
2.781095027923583984e+00
3.467532873153686523e+00
3.302078962326049805e+00
3.067747116088867188e+00
3.254166841506958008e+00
3.878906965255737305e+00
3.002900838851928711e+00
3.281799077987670898e+00
3.223692178726196289e+00
2.878635883331298828e+00
3.289017915725708008e+00
2.466670989990234375e+00
3.162188053131103516e+00
3.230646848678588867e+00
2.157770872116088867e+00
3.162551164627075195e+00
2.739606857299804688e+00
3.053024053573608398e+00
3.212516069412231445e+00
3.265798330307006836e+00
2.731651782989501953e+00
2.987962961196899414e+00
3.132173061370849609e+00
3.200530052185058594e+00
3.102446794509887695e+00
2.706508874893188477e+00
2.562017202377319336e+00
2.911814928054809570e+00
3.405055046081542969e+00
3.268423080444335938e+00
2.709173679351806641e+00
3.388825178146362305e+00
3.386007070541381836e+00
3.133455038070678711e+00
2.976506948471069336e+00
3.462183952331542969e+00
3.300032854080200195e+00
3.472259998321533203e+00
2.687654972076416016e+00
3.233499050140380859e+00
3.494842767715454102e+00
2.811045169830322266e+00
2.768480062484741211e+00
3.100707054138183594e+00
2.042972087860107422e+00
2.365280151367187500e+00
2.968410968780517578e+00
2.974143981933593750e+00
3.964382886886596680e+00
3.704608917236328125e+00
2.830602884292602539e+00
3.450892925262451172e+00
2.878431797027587891e+00
3.079895019531250000e+00
3.686053991317749023e+00
3.067717790603637695e+00
3.046244859695434570e+00
3.925730705261230469e+00
3.038023948669433594e+00
3.532382965087890625e+00
3.001116991043090820e+00
3.256278991699218750e+00
2.546521186828613281e+00
2.989228010177612305e+00
3.219290018081665039e+00
3.078397989273071289e+00
3.115387201309204102e+00
3.018886804580688477e+00
3.211682796478271484e+00
2.852949142456054688e+00
3.302876949310302734e+00
2.986535310745239258e+00
3.314370155334472656e+00
3.536934852600097656e+00
3.542623996734619141e+00
3.479032039642333984e+00
3.159568786621093750e+00
3.514401912689208984e+00
3.339789152145385742e+00
2.640256166458129883e+00
3.154121398925781250e+00
3.495479822158813477e+00
3.521816730499267578e+00
3.831264019012451172e+00
3.171824216842651367e+00
3.527057886123657227e+00
3.837149143218994141e+00
3.451375007629394531e+00
2.924280166625976562e+00
2.679737091064453125e+00
2.619454860687255859e+00
3.248966932296752930e+00
2.693220138549804688e+00
2.920857667922973633e+00
3.438272953033447266e+00
2.960892200469970703e+00
2.845581054687500000e+00
3.638158798217773438e+00
3.701581954956054688e+00
3.400334119796752930e+00
3.426805973052978516e+00
3.298472881317138672e+00
2.705291986465454102e+00
3.249521017074584961e+00
2.965658187866210938e+00
3.843689918518066406e+00
3.306418895721435547e+00
4.066283941268920898e+00
3.602189064025878906e+00
3.630072832107543945e+00
3.318200111389160156e+00
3.455930948257446289e+00
3.630210876464843750e+00
3.625771999359130859e+00
3.421403169631958008e+00
3.648431062698364258e+00
3.348711967468261719e+00
3.600012063980102539e+00
3.462565898895263672e+00
3.097388029098510742e+00
4.143702030181884766e+00
3.502355098724365234e+00
3.636039018630981445e+00
3.797072172164916992e+00
4.220266103744506836e+00
3.780906915664672852e+00
3.388323783874511719e+00
3.156174182891845703e+00
2.721949815750122070e+00
2.840569734573364258e+00
3.233840942382812500e+00
4.015117645263671875e+00
4.606165885925292969e+00
3.174003839492797852e+00
3.259188413619995117e+00
3.332173109054565430e+00
3.093719959259033203e+00
3.295419216156005859e+00
3.345169782638549805e+00
4.259834051132202148e+00
3.506885766983032227e+00
3.512046813964843750e+00
4.088693857192993164e+00
3.340687036514282227e+00
3.415908813476562500e+00
3.634791851043701172e+00
4.131739139556884766e+00
2.767620086669921875e+00
4.312331199645996094e+00
4.144936084747314453e+00
3.381167888641357422e+00
4.387948989868164062e+00
3.032901048660278320e+00
3.293161869049072266e+00
4.267190694808959961e+00
4.177838087081909180e+00
3.988497018814086914e+00
3.248316287994384766e+00
4.186532020568847656e+00
4.366265058517456055e+00
2.880375146865844727e+00
3.383611917495727539e+00
3.713042020797729492e+00
2.332874059677124023e+00
3.688354969024658203e+00
2.351149082183837891e+00
2.847426176071166992e+00
2.711267948150634766e+00
4.338480234146118164e+00
4.091288805007934570e+00
2.931969881057739258e+00
2.407315254211425781e+00
2.534922838211059570e+00
4.900486946105957031e+00
2.132551908493041992e+00
2.211227178573608398e+00
3.949116230010986328e+00
3.132487058639526367e+00
3.087486028671264648e+00
2.643524169921875000e+00
3.387240886688232422e+00
3.004353046417236328e+00
2.791882991790771484e+00
3.295464992523193359e+00
2.225257873535156250e+00
3.260360240936279297e+00
3.159908294677734375e+00
2.511481046676635742e+00
3.651423931121826172e+00
3.232007026672363281e+00
3.412646055221557617e+00
3.275250911712646484e+00
3.456411123275756836e+00
3.387035846710205078e+00
3.419501066207885742e+00
4.703283071517944336e+00
3.301578044891357422e+00
3.382241964340209961e+00
3.017506837844848633e+00
2.933180809020996094e+00
4.934050083160400391e+00
3.624758005142211914e+00
2.879956960678100586e+00
3.474749803543090820e+00
3.166774988174438477e+00
3.500982999801635742e+00
3.575759887695312500e+00
2.841479301452636719e+00
3.784322738647460938e+00
2.715539216995239258e+00
3.823312759399414062e+00
3.362250089645385742e+00
3.442595005035400391e+00
3.463746070861816406e+00
3.789564371109008789e+00
3.785475015640258789e+00
2.938817977905273438e+00
3.028352975845336914e+00
3.351787567138671875e+00
3.373167037963867188e+00
3.379467010498046875e+00
3.921264886856079102e+00
2.515666961669921875e+00
2.546847820281982422e+00
3.149890184402465820e+00
2.922024011611938477e+00
3.700975894927978516e+00
3.455771207809448242e+00
3.823171854019165039e+00
3.995301008224487305e+00
3.745842933654785156e+00
3.050808906555175781e+00
2.749449968338012695e+00
3.818401813507080078e+00
3.257035970687866211e+00
3.823277950286865234e+00
3.357347965240478516e+00
3.118849992752075195e+00
4.171433925628662109e+00
3.095304012298583984e+00
3.079280138015747070e+00
4.380727052688598633e+00
3.395526885986328125e+00
3.099531888961791992e+00
3.768940925598144531e+00
2.682798862457275391e+00
3.015912055969238281e+00
5.088829755783081055e+00
2.991075277328491211e+00
3.021639823913574219e+00
2.495450258255004883e+00
3.044240713119506836e+00
3.076056003570556641e+00
3.449264764785766602e+00
3.074388980865478516e+00
4.500950813293457031e+00
3.227223157882690430e+00
3.547683954238891602e+00
2.282436847686767578e+00
3.222939252853393555e+00
4.619067192077636719e+00
3.281850814819335938e+00
3.083445072174072266e+00
3.537603855133056641e+00
3.679998874664306641e+00
4.321927785873413086e+00
3.809731006622314453e+00
3.819272279739379883e+00
3.751037836074829102e+00
3.346791028976440430e+00
4.604796171188354492e+00
2.889323949813842773e+00
3.670441865921020508e+00
4.163577795028686523e+00
4.645359992980957031e+00
3.342907905578613281e+00
4.156751155853271484e+00
3.799681663513183594e+00
3.554502964019775391e+00
3.687076807022094727e+00
4.360545873641967773e+00
4.561818122863769531e+00
3.561135768890380859e+00
3.065158843994140625e+00
2.327617883682250977e+00
4.768095970153808594e+00
2.803344964981079102e+00
3.061675071716308594e+00
3.593660116195678711e+00
2.937765121459960938e+00
3.651501893997192383e+00
2.944245100021362305e+00
2.288427114486694336e+00
3.261785268783569336e+00
3.138231039047241211e+00
2.843486070632934570e+00
2.437716960906982422e+00
3.066563844680786133e+00
6.543144941329956055e+00
3.698944807052612305e+00
3.218627214431762695e+00
4.126256227493286133e+00
3.981097221374511719e+00
2.362485885620117188e+00
2.624304056167602539e+00
4.893197774887084961e+00
5.220434188842773438e+00
3.750372648239135742e+00
3.793909072875976562e+00
3.337913036346435547e+00
3.090279102325439453e+00
4.017037153244018555e+00
3.342773914337158203e+00
2.847944021224975586e+00
4.007102966308593750e+00
4.026299953460693359e+00
3.481102943420410156e+00
3.995748043060302734e+00
2.594760894775390625e+00
2.863106012344360352e+00
3.064339160919189453e+00
2.620768070220947266e+00
2.858382225036621094e+00
3.985368967056274414e+00
3.134499788284301758e+00
2.983165979385375977e+00
2.905808925628662109e+00
2.623744964599609375e+00
3.765996217727661133e+00
3.897475004196166992e+00
3.227808237075805664e+00
3.959064006805419922e+00
3.405027151107788086e+00
5.609684228897094727e+00
3.421591043472290039e+00
4.123734951019287109e+00
3.019733190536499023e+00
3.534176111221313477e+00
3.587658882141113281e+00
4.104721307754516602e+00
3.624678850173950195e+00
3.714407920837402344e+00
3.728951930999755859e+00
3.479956865310668945e+00
3.480889081954956055e+00
3.550975799560546875e+00
3.581497907638549805e+00
3.608502149581909180e+00
3.594038009643554688e+00
3.735356330871582031e+00
3.140836715698242188e+00
4.361510992050170898e+00
3.602530002593994141e+00
3.578445911407470703e+00
5.591839075088500977e+00
4.371083021163940430e+00
3.597702026367187500e+00
3.306462764739990234e+00
3.833585739135742188e+00
3.295284986495971680e+00
3.768832921981811523e+00
3.660641908645629883e+00
3.284776926040649414e+00
3.669052839279174805e+00
2.746864080429077148e+00
3.102061033248901367e+00
3.324131250381469727e+00
3.969688177108764648e+00
3.801580905914306641e+00
2.175645112991333008e+00
2.779738903045654297e+00
2.912075996398925781e+00
2.785269975662231445e+00
2.541988849639892578e+00
3.623956918716430664e+00
3.342063188552856445e+00
2.912929058074951172e+00
3.527948856353759766e+00
2.738775014877319336e+00
3.672411203384399414e+00
3.607125997543334961e+00
4.062094926834106445e+00
3.721877813339233398e+00
3.777360916137695312e+00
3.493605136871337891e+00
3.075237989425659180e+00
3.709810018539428711e+00
2.987598180770874023e+00
3.725166082382202148e+00
4.001385927200317383e+00
2.871138095855712891e+00
2.743876934051513672e+00
3.284878015518188477e+00
3.207959890365600586e+00
3.365777969360351562e+00
4.287866115570068359e+00
4.290331840515136719e+00
3.848046064376831055e+00
2.207085132598876953e+00
4.137158870697021484e+00
3.529533863067626953e+00
2.196864843368530273e+00
3.135215997695922852e+00
3.158699989318847656e+00
2.566799163818359375e+00
4.280699014663696289e+00
3.719857931137084961e+00
2.419743061065673828e+00
3.128705978393554688e+00
3.863018989562988281e+00
3.389050006866455078e+00
3.996562004089355469e+00
2.732498884201049805e+00
4.453485727310180664e+00
4.298247098922729492e+00
3.688779115676879883e+00
3.372256040573120117e+00
3.369359254837036133e+00
2.758985996246337891e+00
3.993760824203491211e+00
3.888319015502929688e+00
3.777490854263305664e+00
2.507120132446289062e+00
4.335186004638671875e+00
3.090614080429077148e+00
4.037992954254150391e+00
3.749228954315185547e+00
2.967892169952392578e+00
4.405216932296752930e+00
2.565522909164428711e+00
3.215514183044433594e+00
2.795654058456420898e+00
3.884180068969726562e+00
2.295367240905761719e+00
4.204447031021118164e+00
3.087502002716064453e+00
3.089348077774047852e+00
2.862900018692016602e+00
3.626892089843750000e+00
4.932447910308837891e+00
3.264722108840942383e+00
2.784815073013305664e+00
3.350859880447387695e+00
3.336454868316650391e+00
2.991258144378662109e+00
2.568590164184570312e+00
3.694488048553466797e+00
3.911194086074829102e+00
4.302867174148559570e+00
2.666600942611694336e+00
4.329822063446044922e+00
3.720056056976318359e+00
3.407850980758666992e+00
2.576111793518066406e+00
3.855496883392333984e+00
2.871376276016235352e+00
3.722460985183715820e+00
3.054839849472045898e+00
3.851083993911743164e+00
3.890634059906005859e+00
3.439965963363647461e+00
4.587235212326049805e+00
3.256920099258422852e+00
3.209055900573730469e+00
4.418716907501220703e+00
3.102817058563232422e+00
3.266170978546142578e+00
2.926144123077392578e+00
4.098373174667358398e+00
3.811129093170166016e+00
3.071824073791503906e+00
3.177608966827392578e+00
4.292448043823242188e+00
3.213299036026000977e+00
2.961790323257446289e+00
3.503816127777099609e+00
3.597734928131103516e+00
3.291508913040161133e+00
3.224442005157470703e+00
2.887685060501098633e+00
3.136751890182495117e+00
2.990618944168090820e+00
3.592697143554687500e+00
3.338304996490478516e+00
2.652924299240112305e+00
1.696922063827514648e+00
3.320703983306884766e+00
2.908427000045776367e+00
3.252146959304809570e+00
2.627017974853515625e+00
2.283203840255737305e+00
3.269513845443725586e+00
3.098562955856323242e+00
3.722852706909179688e+00
4.029506921768188477e+00
3.858994960784912109e+00
2.433412790298461914e+00
3.451478004455566406e+00
3.867360115051269531e+00
3.171481132507324219e+00
3.423015832901000977e+00
3.424538135528564453e+00
4.189467906951904297e+00
2.263622999191284180e+00
2.412832975387573242e+00
2.956514120101928711e+00
3.221766233444213867e+00
3.793616771697998047e+00
3.672173023223876953e+00
2.443936109542846680e+00
3.523717880249023438e+00
2.454338788986206055e+00
3.128393888473510742e+00
2.305872917175292969e+00
3.569624662399291992e+00
2.424137115478515625e+00
4.001765012741088867e+00
2.381531000137329102e+00
2.785841226577758789e+00
3.175932884216308594e+00
2.347396850585937500e+00
2.907203912734985352e+00
3.632014036178588867e+00
3.812443971633911133e+00
3.632510900497436523e+00
2.396770954132080078e+00
2.372761726379394531e+00
2.569059848785400391e+00
2.502177953720092773e+00
4.075205802917480469e+00
3.408500909805297852e+00
2.495348930358886719e+00
2.316202163696289062e+00
2.306573152542114258e+00
2.729305982589721680e+00
3.759541988372802734e+00
2.521578073501586914e+00
3.930457115173339844e+00
3.393053054809570312e+00
2.243054151535034180e+00
2.263731956481933594e+00
2.882331848144531250e+00
2.864414930343627930e+00
4.239737987518310547e+00
3.133801937103271484e+00
4.205315113067626953e+00
2.511921882629394531e+00
2.938164949417114258e+00
3.837620019912719727e+00
2.962718009948730469e+00
2.875246763229370117e+00
2.355810165405273438e+00
4.075809001922607422e+00
2.713420867919921875e+00
4.765258073806762695e+00
2.993120193481445312e+00
2.632080078125000000e+00
3.109299898147583008e+00
3.210036039352416992e+00
2.590565204620361328e+00
3.829146146774291992e+00
2.961086988449096680e+00
3.049687147140502930e+00
2.511488914489746094e+00
3.236601829528808594e+00
2.787246942520141602e+00
2.540515899658203125e+00
2.708410739898681641e+00
2.757539033889770508e+00
2.846454143524169922e+00
2.360895872116088867e+00
2.762115716934204102e+00
2.901868104934692383e+00
2.858946084976196289e+00
3.467689990997314453e+00
2.565296173095703125e+00
2.004504919052124023e+00
2.606047868728637695e+00
2.767592906951904297e+00
2.789699077606201172e+00
3.021083831787109375e+00
2.634362220764160156e+00
2.675384044647216797e+00
3.031358003616333008e+00
2.610969781875610352e+00
3.480602025985717773e+00
3.115967988967895508e+00
2.666064262390136719e+00
2.801747798919677734e+00
2.184931755065917969e+00
2.654114723205566406e+00
3.024538993835449219e+00
2.664514780044555664e+00
2.913288116455078125e+00
3.183288812637329102e+00
2.828502893447875977e+00
2.713587999343872070e+00
2.934391021728515625e+00
3.276118993759155273e+00
3.092640876770019531e+00
3.461776733398437500e+00
3.162679910659790039e+00
3.498160123825073242e+00
3.123177051544189453e+00
3.256801843643188477e+00
1.987828254699707031e+00
3.064036846160888672e+00
3.543467044830322266e+00
3.408867120742797852e+00
3.130854845046997070e+00
3.342002868652343750e+00
3.467614173889160156e+00
2.672693014144897461e+00
3.110548019409179688e+00
3.257056951522827148e+00
2.568508148193359375e+00
2.630285978317260742e+00
3.053097009658813477e+00
3.531884670257568359e+00
2.443836927413940430e+00
3.166256904602050781e+00
3.617635011672973633e+00
2.937916994094848633e+00
2.709248065948486328e+00
3.328742980957031250e+00
2.432305097579956055e+00
3.088454723358154297e+00
2.676187992095947266e+00
3.372514009475708008e+00
3.599075078964233398e+00
2.852731704711914062e+00
2.823676109313964844e+00
3.597118139266967773e+00
2.773068666458129883e+00
2.707756996154785156e+00
3.088104963302612305e+00
3.808760166168212891e+00
3.638982772827148438e+00
2.075421333312988281e+00
3.509315967559814453e+00
2.957052946090698242e+00
3.534144639968872070e+00
2.451576709747314453e+00
3.010287046432495117e+00
2.229898214340209961e+00
3.855447769165039062e+00
2.935940980911254883e+00
3.743680000305175781e+00
3.671618223190307617e+00
2.791355848312377930e+00
4.113062858581542969e+00
2.732917070388793945e+00
2.758705854415893555e+00
3.365190982818603516e+00
2.550012111663818359e+00
3.217630863189697266e+00
3.490135669708251953e+00
3.332264900207519531e+00
3.372568130493164062e+00
2.808381080627441406e+00
3.426004409790039062e+00
2.710213899612426758e+00
2.622016906738281250e+00
3.119544744491577148e+00
3.641166687011718750e+00
2.785089015960693359e+00
3.589488744735717773e+00
3.567366123199462891e+00
3.472036123275756836e+00
3.660547018051147461e+00
3.349710702896118164e+00
3.418589115142822266e+00
3.058523893356323242e+00
2.945137262344360352e+00
2.823158740997314453e+00
3.457923173904418945e+00
3.044114112854003906e+00
3.675894975662231445e+00
3.031138181686401367e+00
3.330663919448852539e+00
3.240321159362792969e+00
2.989143848419189453e+00
3.029553174972534180e+00
3.863122224807739258e+00
3.188475131988525391e+00
3.812064886093139648e+00
3.109477281570434570e+00
3.119933128356933594e+00
3.308100938796997070e+00
3.347588062286376953e+00
2.754791975021362305e+00
2.484635114669799805e+00
3.190436840057373047e+00
3.121196985244750977e+00
4.526919126510620117e+00
3.710083007812500000e+00
2.976653099060058594e+00
3.219651222229003906e+00
3.999109029769897461e+00
4.110800027847290039e+00
3.291222095489501953e+00
3.576495885848999023e+00
2.834215164184570312e+00
3.251029968261718750e+00
3.193313121795654297e+00
3.010313034057617188e+00
3.431684017181396484e+00
3.460322141647338867e+00
2.291888952255249023e+00
3.322163820266723633e+00
3.422802925109863281e+00
3.383027076721191406e+00
3.609535932540893555e+00
3.305796146392822266e+00
3.571027994155883789e+00
1.740636825561523438e+00
2.397325992584228516e+00
3.440451145172119141e+00
3.610103130340576172e+00
4.133031368255615234e+00
2.651923179626464844e+00
3.473780870437622070e+00
3.478124141693115234e+00
2.349094867706298828e+00
2.785186052322387695e+00
3.471601963043212891e+00
3.486680984497070312e+00
3.366105079650878906e+00
3.119192123413085938e+00
2.833136796951293945e+00
3.601689815521240234e+00
4.291675806045532227e+00
2.935804128646850586e+00
3.496730089187622070e+00
3.644754886627197266e+00
3.378674030303955078e+00
3.548214197158813477e+00
3.667661666870117188e+00
3.774813890457153320e+00
3.188632965087890625e+00
3.027859926223754883e+00
1.915703058242797852e+00
2.769223213195800781e+00
3.654604196548461914e+00
2.966948032379150391e+00
2.183332204818725586e+00
2.671250104904174805e+00
2.972079992294311523e+00
3.329572916030883789e+00
2.561509847640991211e+00
3.041656255722045898e+00
2.784933090209960938e+00
3.369608879089355469e+00
3.292187213897705078e+00
2.831094980239868164e+00
3.289865016937255859e+00
2.990546226501464844e+00
2.924032688140869141e+00
3.442898750305175781e+00
4.303673028945922852e+00
2.874454021453857422e+00
2.668766021728515625e+00
2.504812002182006836e+00
3.460879802703857422e+00
3.051247835159301758e+00
3.444597959518432617e+00
2.749555826187133789e+00
3.531403064727783203e+00
3.814733028411865234e+00
3.344746112823486328e+00
3.347229242324829102e+00
3.679142236709594727e+00
3.667995214462280273e+00
3.682703971862792969e+00
3.363365888595581055e+00
3.247176408767700195e+00
2.783925056457519531e+00
3.924927949905395508e+00
3.884324073791503906e+00
3.824566841125488281e+00
3.695596218109130859e+00
3.582829236984252930e+00
2.623769998550415039e+00
2.462244987487792969e+00
3.726279020309448242e+00
2.904430627822875977e+00
3.758613824844360352e+00
2.849968194961547852e+00
3.492111206054687500e+00
3.409045934677124023e+00
3.287023067474365234e+00
3.679798126220703125e+00
3.761836767196655273e+00
2.462025165557861328e+00
3.339725017547607422e+00
3.490761995315551758e+00
2.974591970443725586e+00
3.708655118942260742e+00
3.834567785263061523e+00
3.308610916137695312e+00
3.925312042236328125e+00
3.749236106872558594e+00
3.033998250961303711e+00
2.244012117385864258e+00
2.806482076644897461e+00
3.083299160003662109e+00
3.259375095367431641e+00
3.013157129287719727e+00
2.309915065765380859e+00
2.221240043640136719e+00
3.393441915512084961e+00
3.274481773376464844e+00
3.392744064331054688e+00
3.157331943511962891e+00
3.098567008972167969e+00
3.015601873397827148e+00
2.928342819213867188e+00
2.721596956253051758e+00
3.354650735855102539e+00
2.346338033676147461e+00
3.167698144912719727e+00
3.348267793655395508e+00
2.618479251861572266e+00
3.389271020889282227e+00
2.701588153839111328e+00
3.534596204757690430e+00
4.189048051834106445e+00
3.036093950271606445e+00
2.620132207870483398e+00
3.563354253768920898e+00
2.582584142684936523e+00
3.656142950057983398e+00
3.243481874465942383e+00
3.431482076644897461e+00
3.528077125549316406e+00
3.631669044494628906e+00
3.429517984390258789e+00
3.433238983154296875e+00
3.115694046020507812e+00
3.190320968627929688e+00
2.685069799423217773e+00
2.268142938613891602e+00
3.166069030761718750e+00
3.609675645828247070e+00
3.393758296966552734e+00
3.780535697937011719e+00
3.610547065734863281e+00
3.345989227294921875e+00
3.659950017929077148e+00
3.512065887451171875e+00
2.646630287170410156e+00
3.885262966156005859e+00
2.300606966018676758e+00
2.345129013061523438e+00
3.882816076278686523e+00
2.779814004898071289e+00
2.999377965927124023e+00
2.447207212448120117e+00
3.173440933227539062e+00
2.967949151992797852e+00
3.308880805969238281e+00
2.933581829071044922e+00
2.398733139038085938e+00
2.734505176544189453e+00
3.050943851470947266e+00
2.922327995300292969e+00
2.833214998245239258e+00
3.145059108734130859e+00
2.549039840698242188e+00
2.968369007110595703e+00
3.331084966659545898e+00
2.964936971664428711e+00
2.643981218338012695e+00
2.973186016082763672e+00
3.212882041931152344e+00
3.019847869873046875e+00
3.357410192489624023e+00
3.389145135879516602e+00
3.266292095184326172e+00
3.587546825408935547e+00
2.733561038970947266e+00
2.815441131591796875e+00
3.510188102722167969e+00
3.073763132095336914e+00
3.542773962020874023e+00
3.145754814147949219e+00
2.914448976516723633e+00
3.450068950653076172e+00
2.459766149520874023e+00
3.101110935211181641e+00
2.628463983535766602e+00
2.959595918655395508e+00
2.519096136093139648e+00
3.207400083541870117e+00
2.506630182266235352e+00
3.392614364624023438e+00
2.025742769241333008e+00
2.612064123153686523e+00
3.697999000549316406e+00
2.370228052139282227e+00
3.307934045791625977e+00
2.742514133453369141e+00
3.673264026641845703e+00
3.221953153610229492e+00
3.105337142944335938e+00
3.657595872879028320e+00
3.147165060043334961e+00
3.193512201309204102e+00
3.438157081604003906e+00
3.114769220352172852e+00
3.741441011428833008e+00
4.004134893417358398e+00
3.308126926422119141e+00
3.861316204071044922e+00
2.729560136795043945e+00
3.397207975387573242e+00
3.158982276916503906e+00
3.191482067108154297e+00
3.722093105316162109e+00
3.027063846588134766e+00
3.484077215194702148e+00
3.606956958770751953e+00
3.388199806213378906e+00
2.529382944107055664e+00
3.202485799789428711e+00
3.520733833312988281e+00
3.268465042114257812e+00
3.763668060302734375e+00
3.327603101730346680e+00
3.501301050186157227e+00
3.068782091140747070e+00
3.588022947311401367e+00
3.479643106460571289e+00
3.598782777786254883e+00
3.018543720245361328e+00
2.850772142410278320e+00
3.639178991317749023e+00
3.620027780532836914e+00
2.928513050079345703e+00
3.613766908645629883e+00
3.606472969055175781e+00
2.430193185806274414e+00
4.015666246414184570e+00
3.425657749176025391e+00
3.500185966491699219e+00
2.952529907226562500e+00
3.917961835861206055e+00
2.029141902923583984e+00
3.168571233749389648e+00
2.272350072860717773e+00
3.871409177780151367e+00
2.107599973678588867e+00
2.727038145065307617e+00
2.833720684051513672e+00
2.300720691680908203e+00
3.107823133468627930e+00
2.617084026336669922e+00
2.806029081344604492e+00
3.773591995239257812e+00
3.021916866302490234e+00
3.501635074615478516e+00
2.477436304092407227e+00
2.472569227218627930e+00
2.490527868270874023e+00
3.251554965972900391e+00
2.471160888671875000e+00
3.374055147171020508e+00
3.265803098678588867e+00
3.235960960388183594e+00
4.344367980957031250e+00
2.543359041213989258e+00
2.741752147674560547e+00
3.053282022476196289e+00
2.605522155761718750e+00
3.375098943710327148e+00
3.355248928070068359e+00
2.861202955245971680e+00
3.355872154235839844e+00
2.526406764984130859e+00
3.327526807785034180e+00
3.372485876083374023e+00
3.116737127304077148e+00
3.062517881393432617e+00
3.562948942184448242e+00
3.433874845504760742e+00
3.466891050338745117e+00
2.900126218795776367e+00
2.962876796722412109e+00
3.006918907165527344e+00
3.423460960388183594e+00
2.950316905975341797e+00
3.134543180465698242e+00
3.144681930541992188e+00
2.808443307876586914e+00
3.353937149047851562e+00
2.209610939025878906e+00
3.648423194885253906e+00
2.975190877914428711e+00
2.955595970153808594e+00
3.072898149490356445e+00
2.999309062957763672e+00
3.790990829467773438e+00
3.345038175582885742e+00
2.386893033981323242e+00
2.413427829742431641e+00
2.923990011215209961e+00
2.464353084564208984e+00
3.179623126983642578e+00
3.065255165100097656e+00
2.501227140426635742e+00
2.687746047973632812e+00
4.199162721633911133e+00
4.005604028701782227e+00
4.320648908615112305e+00
3.030292034149169922e+00
3.852420091629028320e+00
3.945729970932006836e+00
3.941103219985961914e+00
3.430938959121704102e+00
3.846671104431152344e+00
2.609207630157470703e+00
2.823011875152587891e+00
3.120012044906616211e+00
4.039402008056640625e+00
3.433689117431640625e+00
3.304159402847290039e+00
3.422343730926513672e+00
4.043230056762695312e+00
4.975965023040771484e+00
3.375992059707641602e+00
2.614766120910644531e+00
4.107298135757446289e+00
3.380206108093261719e+00
2.762019872665405273e+00
2.901883125305175781e+00
4.145890712738037109e+00
2.603976964950561523e+00
2.789000034332275391e+00
2.543895006179809570e+00
3.442317962646484375e+00
3.302320957183837891e+00
2.885679006576538086e+00
4.555366992950439453e+00
2.544062376022338867e+00
2.915772914886474609e+00
4.071848869323730469e+00
3.327855110168457031e+00
2.892381906509399414e+00
2.949799299240112305e+00
3.868633747100830078e+00
3.320436000823974609e+00
3.601981878280639648e+00
3.174648046493530273e+00
2.469850063323974609e+00
2.864931106567382812e+00
2.538172006607055664e+00
3.483449935913085938e+00
3.927151918411254883e+00
2.439946889877319336e+00
2.696344137191772461e+00
2.853443145751953125e+00
3.018315076828002930e+00
3.977023124694824219e+00
2.372212886810302734e+00
4.027158021926879883e+00
2.862597227096557617e+00
3.303511857986450195e+00
3.317150115966796875e+00
3.444901943206787109e+00
2.619096040725708008e+00
3.976889848709106445e+00
3.421004056930541992e+00
3.471199035644531250e+00
4.004409074783325195e+00
3.470377922058105469e+00
2.805623054504394531e+00
4.178005933761596680e+00
2.537030935287475586e+00
2.931343793869018555e+00
4.216404914855957031e+00
4.366523265838623047e+00
2.726638793945312500e+00
4.094239950180053711e+00
2.902180194854736328e+00
2.894065141677856445e+00
2.966791868209838867e+00
3.692902326583862305e+00
2.882074832916259766e+00
4.250832080841064453e+00
2.466478109359741211e+00
4.275591850280761719e+00
2.947202920913696289e+00
2.935701131820678711e+00
2.140640974044799805e+00
2.879794836044311523e+00
2.790078163146972656e+00
2.932052373886108398e+00
2.991401195526123047e+00
4.091448068618774414e+00
3.056910991668701172e+00
2.871912002563476562e+00
2.929877996444702148e+00
2.618051767349243164e+00
2.687782764434814453e+00
3.113942146301269531e+00
2.426456928253173828e+00
2.645526885986328125e+00
3.397977113723754883e+00
3.641366004943847656e+00
3.613704919815063477e+00
3.366142988204956055e+00
3.386882066726684570e+00
3.818571090698242188e+00
3.634803771972656250e+00
3.433610200881958008e+00
3.960182905197143555e+00
3.630073785781860352e+00
3.657737016677856445e+00
2.899621009826660156e+00
3.792124986648559570e+00
2.907938957214355469e+00
3.702234983444213867e+00
3.207244157791137695e+00
3.978677988052368164e+00
3.270081996917724609e+00
3.686781883239746094e+00
3.853190183639526367e+00
3.953191041946411133e+00
3.387921810150146484e+00
3.812281131744384766e+00
4.046745061874389648e+00
3.773451089859008789e+00
3.039402008056640625e+00
2.992173910140991211e+00
3.961257934570312500e+00
4.135025262832641602e+00
4.006762981414794922e+00
2.973531007766723633e+00
3.070363998413085938e+00
3.859583139419555664e+00
4.175695180892944336e+00
3.137552022933959961e+00
3.489904880523681641e+00
3.649138927459716797e+00
3.821355104446411133e+00
4.136965274810791016e+00
3.977346181869506836e+00
3.136680841445922852e+00
3.313111782073974609e+00
2.545325756072998047e+00
3.153394222259521484e+00
3.358366012573242188e+00
2.792143106460571289e+00
3.419981002807617188e+00
4.402937889099121094e+00
2.859267950057983398e+00
2.762512922286987305e+00
3.481375932693481445e+00
3.246248006820678711e+00
2.920886993408203125e+00
2.955893993377685547e+00
2.899284124374389648e+00
3.026087760925292969e+00
2.933463096618652344e+00
3.690644979476928711e+00
3.404521226882934570e+00
3.592440128326416016e+00
3.422489643096923828e+00
2.257112026214599609e+00
3.195420026779174805e+00
3.683950185775756836e+00
3.470993041992187500e+00
2.985254287719726562e+00
3.305405855178833008e+00
3.041127920150756836e+00
3.824664831161499023e+00
3.871618986129760742e+00
3.725582122802734375e+00
3.749797105789184570e+00
3.307207107543945312e+00
2.971141099929809570e+00
3.293303966522216797e+00
4.045292854309082031e+00
3.096441030502319336e+00
3.743333816528320312e+00
3.822583198547363281e+00
3.203849077224731445e+00
3.357819080352783203e+00
2.552715063095092773e+00
3.284585237503051758e+00
3.188311100006103516e+00
3.284576177597045898e+00
3.468126058578491211e+00
4.032356023788452148e+00
3.776376008987426758e+00
4.813570976257324219e+00
4.163203716278076172e+00
2.736370086669921875e+00
3.521381855010986328e+00
3.951076984405517578e+00
3.570123195648193359e+00
3.225366115570068359e+00
2.770480871200561523e+00
4.066091060638427734e+00
3.407210826873779297e+00
2.826143026351928711e+00
3.431434154510498047e+00
3.529366016387939453e+00
3.519065141677856445e+00
3.746268033981323242e+00
3.718127250671386719e+00
3.655493974685668945e+00
3.575000047683715820e+00
3.075807094573974609e+00
4.330645084381103516e+00
2.993512868881225586e+00
2.890779256820678711e+00
3.886021137237548828e+00
2.878223896026611328e+00
4.053794145584106445e+00
3.157441854476928711e+00
3.861366033554077148e+00
3.204673767089843750e+00
3.927980184555053711e+00
3.207350015640258789e+00
3.197983980178833008e+00
3.235704898834228516e+00
4.143435001373291016e+00
3.223463773727416992e+00
2.892590284347534180e+00
3.306487083435058594e+00
2.767343044281005859e+00
3.374934911727905273e+00
4.001874923706054688e+00
2.734749078750610352e+00
4.208020210266113281e+00
2.763288021087646484e+00
2.744817972183227539e+00
3.499005794525146484e+00
3.247812986373901367e+00
3.134557247161865234e+00
3.605896949768066406e+00
3.345121145248413086e+00
3.263371944427490234e+00
3.063884973526000977e+00
3.366075277328491211e+00
2.942785024642944336e+00
3.715300798416137695e+00
3.257715940475463867e+00
3.378695011138916016e+00
3.767743110656738281e+00
3.762482166290283203e+00
3.746227979660034180e+00
3.173068046569824219e+00
3.759449958801269531e+00
3.810184955596923828e+00
3.163758993148803711e+00
3.807283878326416016e+00
2.412666082382202148e+00
4.677375078201293945e+00
3.729724884033203125e+00
3.782107114791870117e+00
3.472911119461059570e+00
3.528641223907470703e+00
3.804993152618408203e+00
3.849876880645751953e+00
3.534500837326049805e+00
2.825282096862792969e+00
2.292840003967285156e+00
3.553933858871459961e+00
2.584348917007446289e+00
3.114249944686889648e+00
2.655356168746948242e+00
3.863023996353149414e+00
3.921903848648071289e+00
3.331551074981689453e+00
3.196868658065795898e+00
3.929944753646850586e+00
3.963770151138305664e+00
3.665274858474731445e+00
3.945288181304931641e+00
4.025276184082031250e+00
2.699506998062133789e+00
2.851142883300781250e+00
2.771492004394531250e+00
3.442676782608032227e+00
4.104101896286010742e+00
4.041532754898071289e+00
2.846036911010742188e+00
3.746774911880493164e+00
4.116153240203857422e+00
2.790792942047119141e+00
2.717599868774414062e+00
2.436872959136962891e+00
2.376002073287963867e+00
2.696807861328125000e+00
2.922915935516357422e+00
2.011177062988281250e+00
4.216336727142333984e+00
2.869539976119995117e+00
2.700816869735717773e+00
2.527740001678466797e+00
2.957499980926513672e+00
4.257741689682006836e+00
2.899655103683471680e+00
2.893967866897583008e+00
2.426950931549072266e+00
4.041073322296142578e+00
3.108812093734741211e+00
3.030367851257324219e+00
3.011200189590454102e+00
3.725915193557739258e+00
2.766741991043090820e+00
2.814682960510253906e+00
3.248973131179809570e+00
2.948954105377197266e+00
2.146319150924682617e+00
2.729650735855102539e+00
2.651035785675048828e+00
4.692698955535888672e+00
3.009677171707153320e+00
2.966895818710327148e+00
2.874818086624145508e+00
2.345145940780639648e+00
2.536587953567504883e+00
1.993073940277099609e+00
3.071267127990722656e+00
3.231991052627563477e+00
2.650981187820434570e+00
3.433414936065673828e+00
3.133903980255126953e+00
2.689720869064331055e+00
3.025183916091918945e+00
2.528776884078979492e+00
3.191524982452392578e+00
3.531455039978027344e+00
3.010596036911010742e+00
3.533036947250366211e+00
3.105042934417724609e+00
3.474332809448242188e+00
2.551801919937133789e+00
2.981077194213867188e+00
2.507021903991699219e+00
3.630897283554077148e+00
3.402549982070922852e+00
2.312116146087646484e+00
2.345043182373046875e+00
2.684732198715209961e+00
2.614809274673461914e+00
2.299460887908935547e+00
3.642670869827270508e+00
3.182569026947021484e+00
2.972112178802490234e+00
2.913603067398071289e+00
2.963049173355102539e+00
2.720401287078857422e+00
3.254429817199707031e+00
3.784679174423217773e+00
2.031937837600708008e+00
2.414545774459838867e+00
4.155590772628784180e+00
3.132340908050537109e+00
3.700911045074462891e+00
3.004385948181152344e+00
2.195987939834594727e+00
2.532310962677001953e+00
2.048986196517944336e+00
2.770645141601562500e+00
3.226569890975952148e+00
3.296446084976196289e+00
2.829142093658447266e+00
2.556463003158569336e+00
2.949450016021728516e+00
4.089463949203491211e+00
3.450238943099975586e+00
3.863672971725463867e+00
3.578196048736572266e+00
3.087209939956665039e+00
3.104187250137329102e+00
3.080117940902709961e+00
3.219384670257568359e+00
3.898968219757080078e+00
3.416379213333129883e+00
2.961416959762573242e+00
2.950391769409179688e+00
2.696251869201660156e+00
2.474831104278564453e+00
3.524763822555541992e+00
3.160198926925659180e+00
2.400426864624023438e+00
3.300387144088745117e+00
3.617422103881835938e+00
3.048155784606933594e+00
3.370945215225219727e+00
3.666105747222900391e+00
3.391772985458374023e+00
2.847703933715820312e+00
3.967612981796264648e+00
4.060066938400268555e+00
3.269887924194335938e+00
2.863082170486450195e+00
3.556339979171752930e+00
3.662569046020507812e+00
2.926831960678100586e+00
3.682287216186523438e+00
2.432239055633544922e+00
2.559926986694335938e+00
3.022027969360351562e+00
2.509894847869873047e+00
3.429740905761718750e+00
2.791403055191040039e+00
2.472052097320556641e+00
3.065121173858642578e+00
2.529855251312255859e+00
2.682565212249755859e+00
2.823480844497680664e+00
2.747556924819946289e+00
2.449769973754882812e+00
2.765406131744384766e+00
2.168782949447631836e+00
3.389214038848876953e+00
2.676005840301513672e+00
3.414062738418579102e+00
2.819952726364135742e+00
2.707342863082885742e+00
2.941324234008789062e+00
3.473685026168823242e+00
2.858073949813842773e+00
3.304612874984741211e+00
3.508008956909179688e+00
3.323602914810180664e+00
3.051967859268188477e+00
3.642010927200317383e+00
2.890738964080810547e+00
3.426061153411865234e+00
2.948414087295532227e+00
3.068306922912597656e+00
2.572003126144409180e+00
3.641008853912353516e+00
2.540093898773193359e+00
2.994966030120849609e+00
2.472392082214355469e+00
3.297734260559082031e+00
2.864228725433349609e+00
3.128918886184692383e+00
2.612210988998413086e+00
3.277681827545166016e+00
3.092057943344116211e+00
3.017799854278564453e+00
2.651422977447509766e+00
2.747012138366699219e+00
3.127412796020507812e+00
2.928216934204101562e+00
3.157965183258056641e+00
3.180624961853027344e+00
3.087272167205810547e+00
2.828285932540893555e+00
3.184485912322998047e+00
2.635398149490356445e+00
3.227369070053100586e+00
3.152038097381591797e+00
2.990300893783569336e+00
3.616971015930175781e+00
3.029254913330078125e+00
3.206568956375122070e+00
3.074040889739990234e+00
2.838325977325439453e+00
2.743293046951293945e+00
3.560708999633789062e+00
3.209647178649902344e+00
2.441344022750854492e+00
3.174376010894775391e+00
3.278393983840942383e+00
2.796406030654907227e+00
3.490325212478637695e+00
2.981369018554687500e+00
3.084080219268798828e+00
4.614026069641113281e+00
3.732228994369506836e+00
3.840607166290283203e+00
3.050886869430541992e+00
3.025996208190917969e+00
3.720788002014160156e+00
3.313979148864746094e+00
2.324183940887451172e+00
3.121657133102416992e+00
2.897417068481445312e+00
3.101413965225219727e+00
3.877550840377807617e+00
3.005459785461425781e+00
3.140877962112426758e+00
3.644572734832763672e+00
3.838801860809326172e+00
4.070205926895141602e+00
2.830234289169311523e+00
3.231728076934814453e+00
4.196382045745849609e+00
3.927014112472534180e+00
4.158963203430175781e+00
4.350907802581787109e+00
4.176290035247802734e+00
2.408603906631469727e+00
2.985349893569946289e+00
3.316374063491821289e+00
3.010642051696777344e+00
4.005401849746704102e+00
2.957075834274291992e+00
3.099001884460449219e+00
2.235433816909790039e+00
2.479100942611694336e+00
2.281834125518798828e+00
3.026782989501953125e+00
2.456927061080932617e+00
3.240488052368164062e+00
2.528682947158813477e+00
3.658679008483886719e+00
2.910991191864013672e+00
3.321334600448608398e+00
3.979532957077026367e+00
3.786895275115966797e+00
4.384386777877807617e+00
3.660821914672851562e+00
3.155814886093139648e+00
3.849271059036254883e+00
3.078373908996582031e+00
3.730181217193603516e+00
3.365573883056640625e+00
3.069671154022216797e+00
3.360356807708740234e+00
4.157750844955444336e+00
3.207900047302246094e+00
3.314174890518188477e+00
4.081578016281127930e+00
3.403715133666992188e+00
4.753534078598022461e+00
3.039429187774658203e+00
3.410694122314453125e+00
4.732997179031372070e+00
4.117787122726440430e+00
3.386922836303710938e+00
3.486058950424194336e+00
2.771983146667480469e+00
3.369161128997802734e+00
3.522860050201416016e+00
3.682184219360351562e+00
2.488886833190917969e+00
4.174342155456542969e+00
4.019162654876708984e+00
4.067934989929199219e+00
4.399378776550292969e+00
2.120832920074462891e+00
4.081780433654785156e+00
3.683057308197021484e+00
3.368156194686889648e+00
3.144757032394409180e+00
3.514822006225585938e+00
3.584364891052246094e+00
4.120344877243041992e+00
3.717242717742919922e+00
3.235378265380859375e+00
4.126494884490966797e+00
3.646420955657958984e+00
3.428658962249755859e+00
2.808550357818603516e+00
4.814889907836914062e+00
2.626856088638305664e+00
3.496222019195556641e+00
2.590267896652221680e+00
2.466264009475708008e+00
3.029399156570434570e+00
2.614137887954711914e+00
2.945446014404296875e+00
3.437057971954345703e+00
3.767915010452270508e+00
2.860312938690185547e+00
3.148517847061157227e+00
3.497257947921752930e+00
2.624372005462646484e+00
2.733654975891113281e+00
2.752281904220581055e+00
2.712163925170898438e+00
3.124025821685791016e+00
2.837110996246337891e+00
2.749807119369506836e+00
3.152444124221801758e+00
3.555649042129516602e+00
3.399896860122680664e+00
2.526026248931884766e+00
2.782251834869384766e+00
3.691641092300415039e+00
3.017401933670043945e+00
2.460283756256103516e+00
3.747433900833129883e+00
3.729680299758911133e+00
2.582426786422729492e+00
3.692691087722778320e+00
3.272093296051025391e+00
3.281371116638183594e+00
3.511427879333496094e+00
3.485530853271484375e+00
2.420777082443237305e+00
2.896607875823974609e+00
3.429994106292724609e+00
2.674165964126586914e+00
2.969520092010498047e+00
3.762801885604858398e+00
3.600929737091064453e+00
3.691453933715820312e+00
3.278470039367675781e+00
3.189651966094970703e+00
4.150766134262084961e+00
2.919584989547729492e+00
3.056534051895141602e+00
2.283823728561401367e+00
3.822077035903930664e+00
3.175308704376220703e+00
4.083448886871337891e+00
3.001133203506469727e+00
2.957281112670898438e+00
3.025539875030517578e+00
2.677423954010009766e+00
3.222644090652465820e+00
2.974482774734497070e+00
3.023762941360473633e+00
3.060854196548461914e+00
2.657407999038696289e+00
3.726577997207641602e+00
2.115802764892578125e+00
3.139487028121948242e+00
3.252748012542724609e+00
3.336944818496704102e+00
4.351096868515014648e+00
3.240617275238037109e+00
2.537111997604370117e+00
3.217334032058715820e+00
3.410449981689453125e+00
2.442299127578735352e+00
3.515497922897338867e+00
3.175931930541992188e+00
2.764792919158935547e+00
3.470839738845825195e+00
3.306596994400024414e+00
3.295737981796264648e+00
2.861776113510131836e+00
3.030852794647216797e+00
1.910243749618530273e+00
3.276684045791625977e+00
3.781216859817504883e+00
3.462047100067138672e+00
2.505357027053833008e+00
2.132043123245239258e+00
2.651247978210449219e+00
2.875922918319702148e+00
2.956881046295166016e+00
2.867181777954101562e+00
1.706868886947631836e+00
3.479453325271606445e+00
3.459338903427124023e+00
2.833625078201293945e+00
3.073556900024414062e+00
2.756812095642089844e+00
3.046514272689819336e+00
2.255033016204833984e+00
2.665462017059326172e+00
2.984349966049194336e+00
3.013514995574951172e+00
2.842666625976562500e+00
2.572152853012084961e+00
3.081747293472290039e+00
3.998831748962402344e+00
3.094855070114135742e+00
2.772430896759033203e+00
3.139972925186157227e+00
2.995579957962036133e+00
2.933415889739990234e+00
3.608933925628662109e+00
2.927959918975830078e+00
3.111646890640258789e+00
3.063688993453979492e+00
3.035944938659667969e+00
3.987033128738403320e+00
3.361548900604248047e+00
2.566528797149658203e+00
3.125891923904418945e+00
3.225258111953735352e+00
3.420724391937255859e+00
3.277518749237060547e+00
3.316766977310180664e+00
3.681281089782714844e+00
3.414741992950439453e+00
3.837546110153198242e+00
3.577665090560913086e+00
2.332925796508789062e+00
2.775849342346191406e+00
2.737532854080200195e+00
3.362596035003662109e+00
2.504890203475952148e+00
3.533144950866699219e+00
3.304134130477905273e+00
3.198713779449462891e+00
2.549358129501342773e+00
3.478899002075195312e+00
3.213752031326293945e+00
3.059568881988525391e+00
3.398097038269042969e+00
3.528815984725952148e+00
3.538512229919433594e+00
3.264765977859497070e+00
3.685706853866577148e+00
3.710367918014526367e+00
3.870241880416870117e+00
3.831994771957397461e+00
3.878627061843872070e+00
3.795892953872680664e+00
3.967544078826904297e+00
4.039447069168090820e+00
3.981051206588745117e+00
4.102221012115478516e+00
4.119399070739746094e+00
3.166919946670532227e+00
3.499613761901855469e+00
3.575787067413330078e+00
3.182330131530761719e+00
4.118341207504272461e+00
3.794821262359619141e+00
4.182983160018920898e+00
2.458850145339965820e+00
4.120272874832153320e+00
3.537209987640380859e+00
4.505911111831665039e+00
4.014683961868286133e+00
3.780830144882202148e+00
4.158669710159301758e+00
4.217176198959350586e+00
4.208023786544799805e+00
2.994416952133178711e+00
4.233012914657592773e+00
3.620712041854858398e+00
4.091565847396850586e+00
4.205438852310180664e+00
4.259893894195556641e+00
4.126237154006958008e+00
4.288718223571777344e+00
3.364651918411254883e+00
3.312821865081787109e+00
3.704188108444213867e+00
3.700055122375488281e+00
3.737856149673461914e+00
3.659024000167846680e+00
3.189712285995483398e+00
3.815123081207275391e+00
4.366714000701904297e+00
4.421924829483032227e+00
4.430764198303222656e+00
4.005131006240844727e+00
4.449001073837280273e+00
3.929808855056762695e+00
4.200101137161254883e+00
3.756470918655395508e+00
3.807643175125122070e+00
4.116287946701049805e+00
4.396531343460083008e+00
3.703962087631225586e+00
3.034439802169799805e+00
3.633450031280517578e+00
3.513235092163085938e+00
3.369862079620361328e+00
4.189194202423095703e+00
3.610823154449462891e+00
4.472530841827392578e+00
3.976122140884399414e+00
4.508153676986694336e+00
3.692251920700073242e+00
3.508550882339477539e+00
3.540754795074462891e+00
3.701699733734130859e+00
3.795758008956909180e+00
5.043140888214111328e+00
4.589671134948730469e+00
3.358246088027954102e+00
3.353730916976928711e+00
3.833858966827392578e+00
3.437868833541870117e+00
4.147764921188354492e+00
3.149513959884643555e+00
3.539871931076049805e+00
4.771616935729980469e+00
3.304895877838134766e+00
3.192459106445312500e+00
3.422041893005371094e+00
4.382621049880981445e+00
4.571361780166625977e+00
3.888157844543457031e+00
3.104235172271728516e+00
4.109191179275512695e+00
4.398391008377075195e+00
4.431966781616210938e+00
4.586867094039916992e+00
4.442390918731689453e+00
2.357676982879638672e+00
3.850543022155761719e+00
4.227765083312988281e+00
3.078817129135131836e+00
2.998386859893798828e+00
2.998148918151855469e+00
3.088216066360473633e+00
4.281382083892822266e+00
3.591410160064697266e+00
4.891926765441894531e+00
3.001011133193969727e+00
2.162176847457885742e+00
4.262371063232421875e+00
3.222662210464477539e+00
2.923990964889526367e+00
4.317777872085571289e+00
2.320401191711425781e+00
3.244344234466552734e+00
4.724264860153198242e+00
3.294519901275634766e+00
3.172705888748168945e+00
3.776966810226440430e+00
4.971160888671875000e+00
2.852411985397338867e+00
3.720425367355346680e+00
3.947395086288452148e+00
3.222710132598876953e+00
3.943829298019409180e+00
2.790112018585205078e+00
4.046640872955322266e+00
4.109987974166870117e+00
3.419583797454833984e+00
3.342128276824951172e+00
3.339829921722412109e+00
3.745467901229858398e+00
4.291485786437988281e+00
3.580732345581054688e+00
3.425029039382934570e+00
3.247828245162963867e+00
3.263016223907470703e+00
4.053864955902099609e+00
4.384064197540283203e+00
3.900382041931152344e+00
4.616280078887939453e+00
1.977979183197021484e+00
4.596350908279418945e+00
3.366550683975219727e+00
2.714934110641479492e+00
4.468394041061401367e+00
2.361562967300415039e+00
5.458614110946655273e+00
2.507555007934570312e+00
3.697739124298095703e+00
3.505682229995727539e+00
3.452404022216796875e+00
3.803794145584106445e+00
3.503772735595703125e+00
3.071547031402587891e+00
3.860699892044067383e+00
3.929188966751098633e+00
3.623823881149291992e+00
1.800877094268798828e+00
3.549560070037841797e+00
2.388411045074462891e+00
2.766920089721679688e+00
2.816502809524536133e+00
3.013143062591552734e+00
3.662601947784423828e+00
3.685140132904052734e+00
2.236674070358276367e+00
1.690255880355834961e+00
3.616487264633178711e+00
1.918408870697021484e+00
2.507477283477783203e+00
2.301202297210693359e+00
4.266772985458374023e+00
2.120347023010253906e+00
2.331346988677978516e+00
2.476233005523681641e+00
2.738538026809692383e+00
2.471391916275024414e+00
2.919108152389526367e+00
2.820731878280639648e+00
2.506472826004028320e+00
2.888545036315917969e+00
2.198640108108520508e+00
2.851114034652709961e+00
2.607957839965820312e+00
2.383780717849731445e+00
2.404998064041137695e+00
2.143656969070434570e+00
2.361312150955200195e+00
2.513427972793579102e+00
2.573002815246582031e+00
2.394706010818481445e+00
3.242684841156005859e+00
2.363366127014160156e+00
2.793231964111328125e+00
2.506350040435791016e+00
2.867341756820678711e+00
2.159726142883300781e+00
2.948614120483398438e+00
2.689877033233642578e+00
2.964455842971801758e+00
2.845040798187255859e+00
2.236886978149414062e+00
2.884904861450195312e+00
3.021218061447143555e+00
3.004220008850097656e+00
2.674548387527465820e+00
3.021016120910644531e+00
2.855520963668823242e+00
3.049653053283691406e+00
2.538292884826660156e+00
2.936290025711059570e+00
3.105721235275268555e+00
3.228109121322631836e+00
3.089710950851440430e+00
2.609328985214233398e+00
3.049860239028930664e+00
2.029502868652343750e+00
3.379667043685913086e+00
3.505098104476928711e+00
2.866091012954711914e+00
2.931177854537963867e+00
3.221690177917480469e+00
2.976974964141845703e+00
2.984628915786743164e+00
3.369286775588989258e+00
3.346807718276977539e+00
3.109103918075561523e+00
2.861338138580322266e+00
3.634809017181396484e+00
3.792053937911987305e+00
3.816932201385498047e+00
3.762452363967895508e+00
3.652112960815429688e+00
3.516968011856079102e+00
3.969441890716552734e+00
3.427547216415405273e+00
4.040718793869018555e+00
3.450305938720703125e+00
3.330687999725341797e+00
3.596765279769897461e+00
3.878950834274291992e+00
3.921868085861206055e+00
3.572664022445678711e+00
3.786518812179565430e+00
3.577389001846313477e+00
3.373091936111450195e+00
3.369775772094726562e+00
3.841307878494262695e+00
3.605577945709228516e+00
3.886421203613281250e+00
3.534063100814819336e+00
3.522824287414550781e+00
3.852653026580810547e+00
3.868992090225219727e+00
3.903343915939331055e+00
3.639374017715454102e+00
2.839990139007568359e+00
4.372170925140380859e+00
4.199162006378173828e+00
3.438173294067382812e+00
3.936173915863037109e+00
3.745255947113037109e+00
3.745491266250610352e+00
3.996537685394287109e+00
3.282192230224609375e+00
2.943691015243530273e+00
3.677154779434204102e+00
4.446682214736938477e+00
3.726896047592163086e+00
4.241352796554565430e+00
3.828020095825195312e+00
3.786947727203369141e+00
4.533960342407226562e+00
2.828203916549682617e+00
3.821074008941650391e+00
4.513255357742309570e+00
3.995549917221069336e+00
3.197085380554199219e+00
3.177432775497436523e+00
4.637693881988525391e+00
4.167356014251708984e+00
3.581021785736083984e+00
3.218034982681274414e+00
3.284183025360107422e+00
3.341450929641723633e+00
3.906580924987792969e+00
3.393805027008056641e+00
3.299206256866455078e+00
3.657030820846557617e+00
3.691881895065307617e+00
4.091308832168579102e+00
4.062521219253540039e+00
4.096267938613891602e+00
3.405833959579467773e+00
3.976388931274414062e+00
4.537774801254272461e+00
3.901278018951416016e+00
4.088897943496704102e+00
3.221852302551269531e+00
3.713010072708129883e+00
3.479138851165771484e+00
3.489454030990600586e+00
3.760962963104248047e+00
2.878285884857177734e+00
2.885323047637939453e+00
3.973115921020507812e+00
4.331117153167724609e+00
3.875817775726318359e+00
4.387323856353759766e+00
3.900505065917968750e+00
4.557661056518554688e+00
4.474189043045043945e+00
3.039998054504394531e+00
3.682366847991943359e+00
4.489805936813354492e+00
4.041932106018066406e+00
3.373656034469604492e+00
4.520957946777343750e+00
4.966278314590454102e+00
3.716659784317016602e+00
4.444615125656127930e+00
5.242022037506103516e+00
3.845470190048217773e+00
4.326722145080566406e+00
4.230814218521118164e+00
2.370494842529296875e+00
3.173399925231933594e+00
3.870881080627441406e+00
4.817664146423339844e+00
2.967296123504638672e+00
3.970506906509399414e+00
2.999161005020141602e+00
2.661500215530395508e+00
4.001642942428588867e+00
2.524224758148193359e+00
3.586993217468261719e+00
3.296540737152099609e+00
4.072615861892700195e+00
2.278235912322998047e+00
4.288029909133911133e+00
2.426844835281372070e+00
3.180783033370971680e+00
4.496265888214111328e+00
3.034101009368896484e+00
4.439252138137817383e+00
3.033485889434814453e+00
3.419119834899902344e+00
2.304854869842529297e+00
2.894460916519165039e+00
4.364491939544677734e+00
5.470890045166015625e+00
4.468965053558349609e+00
3.180400133132934570e+00
5.023075103759765625e+00
3.741495847702026367e+00
4.379852056503295898e+00
3.036509990692138672e+00
3.044917106628417969e+00
3.431950092315673828e+00
4.188155889511108398e+00
2.467519044876098633e+00
3.816521883010864258e+00
3.764464139938354492e+00
3.956598043441772461e+00
3.242882013320922852e+00
2.562036991119384766e+00
3.215397119522094727e+00
3.242353916168212891e+00
3.046970844268798828e+00
3.257117033004760742e+00
3.185425996780395508e+00
2.993127107620239258e+00
3.345778942108154297e+00
2.767875909805297852e+00
2.787234783172607422e+00
4.141009092330932617e+00
3.130963087081909180e+00
4.133741855621337891e+00
4.069355010986328125e+00
2.783346176147460938e+00
2.116974115371704102e+00
3.337909936904907227e+00
4.849985122680664062e+00
3.703416109085083008e+00
3.922891139984130859e+00
3.060019016265869141e+00
3.525986194610595703e+00
3.211873054504394531e+00
2.435649156570434570e+00
3.009688138961791992e+00
3.097449064254760742e+00
3.081831932067871094e+00
2.539680004119873047e+00
3.805051088333129883e+00
2.455097913742065430e+00
3.247578144073486328e+00
3.195251941680908203e+00
2.467581987380981445e+00
2.722724914550781250e+00
2.636367082595825195e+00
2.442578077316284180e+00
2.739008188247680664e+00
2.557915925979614258e+00
2.880391120910644531e+00
2.820936918258666992e+00
3.151122093200683594e+00
3.308063983917236328e+00
3.585041999816894531e+00
2.760073900222778320e+00
2.741858005523681641e+00
2.758696794509887695e+00
2.668097734451293945e+00
3.115556955337524414e+00
3.020864963531494141e+00
2.350632905960083008e+00
2.888104915618896484e+00
2.999000787734985352e+00
3.010123014450073242e+00
3.219156980514526367e+00
3.415643215179443359e+00
3.097029209136962891e+00
3.422724008560180664e+00
3.497051715850830078e+00
3.604376077651977539e+00
3.388703107833862305e+00
3.010553121566772461e+00
3.482669115066528320e+00
3.102719068527221680e+00
1.777151107788085938e+00
3.453751802444458008e+00
3.570363044738769531e+00
3.124608039855957031e+00
3.631053924560546875e+00
3.632886886596679688e+00
3.714086771011352539e+00
3.626328229904174805e+00
3.742831230163574219e+00
3.023287057876586914e+00
3.338522195816040039e+00
3.499790191650390625e+00
2.812332868576049805e+00
3.122814893722534180e+00
3.687103033065795898e+00
3.096755981445312500e+00
2.874673843383789062e+00
2.721370935440063477e+00
3.183550119400024414e+00
3.361661195755004883e+00
3.449873924255371094e+00
3.493580102920532227e+00
3.490261793136596680e+00
2.800572156906127930e+00
3.686923027038574219e+00
2.215837001800537109e+00
2.733422040939331055e+00
2.050894737243652344e+00
2.880948066711425781e+00
2.450946092605590820e+00
2.829136133193969727e+00
3.394145011901855469e+00
2.938050746917724609e+00
4.033161878585815430e+00
3.510655879974365234e+00
2.250118255615234375e+00
2.638435125350952148e+00
3.121641874313354492e+00
3.105525970458984375e+00
3.018908977508544922e+00
3.996220350265502930e+00
2.699921131134033203e+00
1.852293968200683594e+00
3.424191951751708984e+00
2.879514932632446289e+00
2.529904842376708984e+00
2.655555248260498047e+00
2.535590171813964844e+00
3.638077020645141602e+00
2.534291028976440430e+00
3.140406131744384766e+00
3.448226928710937500e+00
2.761584758758544922e+00
3.235561132431030273e+00
3.925505876541137695e+00
3.044991016387939453e+00
3.931251049041748047e+00
3.827338933944702148e+00
2.932649135589599609e+00
3.701606273651123047e+00
2.551486968994140625e+00
3.122099876403808594e+00
3.752219200134277344e+00
4.119822025299072266e+00
3.591089963912963867e+00
3.108797311782836914e+00
3.785231113433837891e+00
3.316412210464477539e+00
3.220480918884277344e+00
3.724057912826538086e+00
4.227981090545654297e+00
4.196319103240966797e+00
3.282145023345947266e+00
4.256516695022583008e+00
2.767102003097534180e+00
2.936299085617065430e+00
3.939098834991455078e+00
2.962499856948852539e+00
3.898975849151611328e+00
2.375967979431152344e+00
2.848254919052124023e+00
3.207410097122192383e+00
2.862475156784057617e+00
3.441087007522583008e+00
2.665297985076904297e+00
2.769107341766357422e+00
2.935321092605590820e+00
3.892074108123779297e+00
3.902832984924316406e+00
3.283177137374877930e+00
3.076478958129882812e+00
4.129723072052001953e+00
3.233031988143920898e+00
4.002279043197631836e+00
3.713751077651977539e+00
2.658380746841430664e+00
2.644556045532226562e+00
2.597896099090576172e+00
3.022536039352416992e+00
3.212060928344726562e+00
3.221180915832519531e+00
2.531270980834960938e+00
2.278073787689208984e+00
2.828788995742797852e+00
2.720004796981811523e+00
3.905462026596069336e+00
3.420507907867431641e+00
3.993380784988403320e+00
3.252393960952758789e+00
4.042886018753051758e+00
2.910051822662353516e+00
4.363619804382324219e+00
2.886511802673339844e+00
2.915585994720458984e+00
2.998374223709106445e+00
2.758646965026855469e+00
3.242833137512207031e+00
3.802036046981811523e+00
3.238568067550659180e+00
3.507009744644165039e+00
4.039442062377929688e+00
4.301484107971191406e+00
4.339698076248168945e+00
2.458037853240966797e+00
4.258937120437622070e+00
2.562258005142211914e+00
2.236520290374755859e+00
2.759989976882934570e+00
4.436245918273925781e+00
2.814663171768188477e+00
2.695732116699218750e+00
3.486675024032592773e+00
2.792780876159667969e+00
3.226397991180419922e+00
3.209325075149536133e+00
4.682129859924316406e+00
3.705164909362792969e+00
3.128201961517333984e+00
3.221328020095825195e+00
2.644591808319091797e+00
3.772540092468261719e+00
2.422578334808349609e+00
2.480520009994506836e+00
3.253738164901733398e+00
2.559208869934082031e+00
2.231626987457275391e+00
2.449398756027221680e+00
2.271258115768432617e+00
3.497816085815429688e+00
3.218519926071166992e+00
3.179862022399902344e+00
4.285674095153808594e+00
2.558193922042846680e+00
2.336594104766845703e+00
2.663642168045043945e+00
3.081862926483154297e+00
2.232632160186767578e+00
3.897249937057495117e+00
3.178277015686035156e+00
2.779278039932250977e+00
2.635827064514160156e+00
2.838806152343750000e+00
2.843215942382812500e+00
2.559551000595092773e+00
2.600921869277954102e+00
2.718706846237182617e+00
3.078041076660156250e+00
2.820962667465209961e+00
2.718446016311645508e+00
2.635957956314086914e+00
2.963850021362304688e+00
3.006678104400634766e+00
2.605776071548461914e+00
3.197979927062988281e+00
2.959253072738647461e+00
2.994716167449951172e+00
2.725218057632446289e+00
2.875602006912231445e+00
3.032347917556762695e+00
2.703872919082641602e+00
3.210746049880981445e+00
3.212572813034057617e+00
3.069082260131835938e+00
2.971467971801757812e+00
2.668797016143798828e+00
2.984557151794433594e+00
2.998096942901611328e+00
2.964342832565307617e+00
3.030445814132690430e+00
2.806920051574707031e+00
2.980998992919921875e+00
2.992550134658813477e+00
2.821899890899658203e+00
3.184703111648559570e+00
2.712443828582763672e+00
2.799299240112304688e+00
2.583011150360107422e+00
3.183091163635253906e+00
2.283247947692871094e+00
2.933342218399047852e+00
3.212169885635375977e+00
2.985895156860351562e+00
2.114537954330444336e+00
2.699854135513305664e+00
2.968374013900756836e+00
3.557029962539672852e+00
2.743634223937988281e+00
3.175530910491943359e+00
1.942589998245239258e+00
2.750730037689208984e+00
3.174896955490112305e+00
2.800623893737792969e+00
2.899590015411376953e+00
2.528434038162231445e+00
2.696713924407958984e+00
3.203029155731201172e+00
2.546431064605712891e+00
3.276247978210449219e+00
2.450153350830078125e+00
2.466667890548706055e+00
2.779442310333251953e+00
2.814942121505737305e+00
2.572935104370117188e+00
3.403724908828735352e+00
3.435439825057983398e+00
3.453489780426025391e+00
2.585039854049682617e+00
2.167850017547607422e+00
3.650225877761840820e+00
3.527088880538940430e+00
3.484133005142211914e+00
3.131778955459594727e+00
3.176558017730712891e+00
2.444049119949340820e+00
2.954419851303100586e+00
3.177399158477783203e+00
2.601226091384887695e+00
2.586114168167114258e+00
2.713475942611694336e+00
2.701333999633789062e+00
3.263006925582885742e+00
2.809379816055297852e+00
2.399219751358032227e+00
2.406958103179931641e+00
3.369685888290405273e+00
2.478232145309448242e+00
3.895159721374511719e+00
2.782754182815551758e+00
2.712003946304321289e+00
3.450218915939331055e+00
2.929255962371826172e+00
2.487577199935913086e+00
2.856947898864746094e+00
3.467761039733886719e+00
3.404407024383544922e+00
2.463867902755737305e+00
3.032157182693481445e+00
3.537473917007446289e+00
2.821040153503417969e+00
3.562402009963989258e+00
2.991563081741333008e+00
3.119611740112304688e+00
3.100793838500976562e+00
3.023580074310302734e+00
2.354759216308593750e+00
2.506406068801879883e+00
3.196835994720458984e+00
2.921272039413452148e+00
2.385685205459594727e+00
2.911962985992431641e+00
2.488909006118774414e+00
3.043308019638061523e+00
3.228797912597656250e+00
2.438037157058715820e+00
2.445471048355102539e+00
2.362568140029907227e+00
3.122333765029907227e+00
2.562413692474365234e+00
3.006803989410400391e+00
3.041011810302734375e+00
3.046589136123657227e+00
3.236804723739624023e+00
2.351186037063598633e+00
2.626542091369628906e+00
2.622956037521362305e+00
3.105362176895141602e+00
3.334252119064331055e+00
2.814393758773803711e+00
3.592920064926147461e+00
3.160359144210815430e+00
3.308540821075439453e+00
2.262334346771240234e+00
2.916043996810913086e+00
4.104372978210449219e+00
2.902941942214965820e+00
2.888738155364990234e+00
2.403617143630981445e+00
3.061788797378540039e+00
2.388948917388916016e+00
2.736127853393554688e+00
3.233301877975463867e+00
3.580101251602172852e+00
3.522553205490112305e+00
2.829594135284423828e+00
3.653944015502929688e+00
2.418763160705566406e+00
2.806707859039306641e+00
2.824025154113769531e+00
3.610293865203857422e+00
2.544551134109497070e+00
2.625478029251098633e+00
2.081827163696289062e+00
2.577809333801269531e+00
2.617723941802978516e+00
2.721570014953613281e+00
2.260729074478149414e+00
2.588294982910156250e+00
2.684285163879394531e+00
2.882177829742431641e+00
3.209935903549194336e+00
3.216523170471191406e+00
3.337558984756469727e+00
2.379436969757080078e+00
2.645342826843261719e+00
2.839709043502807617e+00
2.567545890808105469e+00
2.671648979187011719e+00
2.412334203720092773e+00
2.547537803649902344e+00
2.918365955352783203e+00
3.052822113037109375e+00
3.210193157196044922e+00
2.900537014007568359e+00
2.489081144332885742e+00
3.108694791793823242e+00
2.623747110366821289e+00
2.605489253997802734e+00
2.871756792068481445e+00
2.932657957077026367e+00
2.676152944564819336e+00
2.991791963577270508e+00
4.204323053359985352e+00
3.458403110504150391e+00
2.943492174148559570e+00
3.127270221710205078e+00
3.089288949966430664e+00
3.161463975906372070e+00
3.104566812515258789e+00
2.480787038803100586e+00
2.690106868743896484e+00
3.173837661743164062e+00
2.621553897857666016e+00
2.159199953079223633e+00
2.943710803985595703e+00
2.802096843719482422e+00
2.756876707077026367e+00
3.902848005294799805e+00
2.801048994064331055e+00
3.103128910064697266e+00
3.102108240127563477e+00
3.180227756500244141e+00
3.799837350845336914e+00
3.848383188247680664e+00
3.489467859268188477e+00
3.855489015579223633e+00
3.511308908462524414e+00
3.500633001327514648e+00
4.161802291870117188e+00
3.400308847427368164e+00
3.599004983901977539e+00
3.022337913513183594e+00
3.111088991165161133e+00
4.174164772033691406e+00
3.264560222625732422e+00
3.163111925125122070e+00
3.872456073760986328e+00
2.953141212463378906e+00
2.936451911926269531e+00
2.568087100982666016e+00
3.095171213150024414e+00
3.350146055221557617e+00
3.849055290222167969e+00
3.411812782287597656e+00
3.604363918304443359e+00
3.216129064559936523e+00
2.983652114868164062e+00
4.205326795578002930e+00
2.898738145828247070e+00
2.975805997848510742e+00
3.201556205749511719e+00
3.125895023345947266e+00
2.908622741699218750e+00
3.055573940277099609e+00
2.374607801437377930e+00
2.726351976394653320e+00
5.250765800476074219e+00
2.807420253753662109e+00
2.559921026229858398e+00
3.245788812637329102e+00
3.165727138519287109e+00
3.601681947708129883e+00
3.231935977935791016e+00
2.541252136230468750e+00
2.753102064132690430e+00
3.395748853683471680e+00
3.191673994064331055e+00
3.453418970108032227e+00
3.099333763122558594e+00
3.876613855361938477e+00
2.707543134689331055e+00
2.595420360565185547e+00
3.113762140274047852e+00
4.010592937469482422e+00
3.439734697341918945e+00
3.236129045486450195e+00
3.010995864868164062e+00
4.425652980804443359e+00
3.576194047927856445e+00
3.494817018508911133e+00
4.223286151885986328e+00
3.407713890075683594e+00
3.343442916870117188e+00
2.883184194564819336e+00
3.203210115432739258e+00
3.301659822463989258e+00
3.059301853179931641e+00
3.055414199829101562e+00
3.673120737075805664e+00
3.347814798355102539e+00
3.356175899505615234e+00
3.580235004425048828e+00
2.516002655029296875e+00
3.669543266296386719e+00
2.959369897842407227e+00
3.858878850936889648e+00
3.793443679809570312e+00
3.802560806274414062e+00
3.314462900161743164e+00
2.329585790634155273e+00
3.922673940658569336e+00
2.932440042495727539e+00
3.992372989654541016e+00
3.710850000381469727e+00
3.197875976562500000e+00
3.915591239929199219e+00
3.971389293670654297e+00
3.984691143035888672e+00
3.531681776046752930e+00
3.956521987915039062e+00
3.240971088409423828e+00
3.774133920669555664e+00
3.248301029205322266e+00
3.211685895919799805e+00
3.197083950042724609e+00
4.336507797241210938e+00
3.325373888015747070e+00
3.261497020721435547e+00
2.655817031860351562e+00
3.354012250900268555e+00
3.102817058563232422e+00
3.319284200668334961e+00
3.921205997467041016e+00
3.948915958404541016e+00
4.123266935348510742e+00
3.511624097824096680e+00
4.138272047042846680e+00
2.884191989898681641e+00
4.220559835433959961e+00
2.818594932556152344e+00
4.396309137344360352e+00
2.835984945297241211e+00
2.278264760971069336e+00
4.258459329605102539e+00
2.567398071289062500e+00
2.765661954879760742e+00
4.261836051940917969e+00
3.479181051254272461e+00
4.067674875259399414e+00
3.511207103729248047e+00
4.668226003646850586e+00
3.583248853683471680e+00
4.467315912246704102e+00
4.613869190216064453e+00
3.431912899017333984e+00
3.611566066741943359e+00
2.618670940399169922e+00
3.614376068115234375e+00
4.858474969863891602e+00
4.705426931381225586e+00
3.690262079238891602e+00
4.753775835037231445e+00
3.696099042892456055e+00
4.229424953460693359e+00
4.931415081024169922e+00
3.556312799453735352e+00
4.474211215972900391e+00
4.954581022262573242e+00
3.784495830535888672e+00
4.576271057128906250e+00
4.678394079208374023e+00
4.606046915054321289e+00
3.870564699172973633e+00
3.143431186676025391e+00
4.240734100341796875e+00
5.038124799728393555e+00
4.987503051757812500e+00
5.057278394699096680e+00
4.999947071075439453e+00
3.628988981246948242e+00
3.474174976348876953e+00
2.711334943771362305e+00
3.458135843276977539e+00
3.270862817764282227e+00
2.836037874221801758e+00
3.678661108016967773e+00
4.541981935501098633e+00
2.800786018371582031e+00
2.694814920425415039e+00
3.997453927993774414e+00
3.793895959854125977e+00
3.154506921768188477e+00
3.994448184967041016e+00
4.105515956878662109e+00
3.357082128524780273e+00
4.077279090881347656e+00
3.153761148452758789e+00
3.202584981918334961e+00
2.536875009536743164e+00
3.018755674362182617e+00
3.752770185470581055e+00
3.057498931884765625e+00
3.919700860977172852e+00
4.000260114669799805e+00
3.153342962265014648e+00
3.905464887619018555e+00
5.592036962509155273e+00
3.031868934631347656e+00
3.093904018402099609e+00
2.164069890975952148e+00
2.904917955398559570e+00
2.189908981323242188e+00
3.726236820220947266e+00
4.616101980209350586e+00
2.691305160522460938e+00
2.724607944488525391e+00
3.011002063751220703e+00
2.986582040786743164e+00
2.310501098632812500e+00
3.185677051544189453e+00
3.157840967178344727e+00
4.365633010864257812e+00
3.236843109130859375e+00
3.075483083724975586e+00
3.277728080749511719e+00
3.249331951141357422e+00
3.283405780792236328e+00
2.278730392456054688e+00
3.342845916748046875e+00
3.132326841354370117e+00
3.271483898162841797e+00
3.586699962615966797e+00
3.109308004379272461e+00
4.434803962707519531e+00
3.464640855789184570e+00
3.105512857437133789e+00
3.337969779968261719e+00
2.267119884490966797e+00
2.067656993865966797e+00
2.660985946655273438e+00
3.162062883377075195e+00
2.929688215255737305e+00
3.214174270629882812e+00
3.608275890350341797e+00
2.900415897369384766e+00
3.397737026214599609e+00
2.173682928085327148e+00
2.218266725540161133e+00
3.704730987548828125e+00
4.586890935897827148e+00
3.060963153839111328e+00
4.549332141876220703e+00
3.298388957977294922e+00
3.882090091705322266e+00
3.731109857559204102e+00
3.302809715270996094e+00
3.342456102371215820e+00
3.758295059204101562e+00
3.935852766036987305e+00
3.101713895797729492e+00
3.183248043060302734e+00
2.376672029495239258e+00
2.167773962020874023e+00
3.687526226043701172e+00
3.475364923477172852e+00
2.999624967575073242e+00
3.359205961227416992e+00
3.104598999023437500e+00
2.563177824020385742e+00
2.645880222320556641e+00
2.147292137145996094e+00
3.213824033737182617e+00
2.575190782546997070e+00
3.870769977569580078e+00
3.401440143585205078e+00
3.089548110961914062e+00
4.452411890029907227e+00
3.636780738830566406e+00
3.222368955612182617e+00
2.028850078582763672e+00
2.928199291229248047e+00
3.029170036315917969e+00
2.442399024963378906e+00
2.112684965133666992e+00
3.474949121475219727e+00
2.819676160812377930e+00
3.310385942459106445e+00
2.845070123672485352e+00
3.197941064834594727e+00
2.969124078750610352e+00
3.231953144073486328e+00
2.445241212844848633e+00
3.075268030166625977e+00
4.134134054183959961e+00
2.476680994033813477e+00
3.455401897430419922e+00
2.536231040954589844e+00
2.340968132019042969e+00
2.075260162353515625e+00
2.996923208236694336e+00
2.956847190856933594e+00
3.055851936340332031e+00
3.203517913818359375e+00
3.027972936630249023e+00
3.182576894760131836e+00
3.571548938751220703e+00
2.569995164871215820e+00
3.001686811447143555e+00
3.255069017410278320e+00
3.529175758361816406e+00
3.173347711563110352e+00
2.967296123504638672e+00
3.204762697219848633e+00
2.711293935775756836e+00
3.383139848709106445e+00
3.396801948547363281e+00
3.396008968353271484e+00
3.348847866058349609e+00
2.622720003128051758e+00
3.415363073348999023e+00
3.331222057342529297e+00
3.186208963394165039e+00
3.409493923187255859e+00
3.344285964965820312e+00
3.485625028610229492e+00
3.737954139709472656e+00
3.881084203720092773e+00
3.738528966903686523e+00
3.081927061080932617e+00
3.172201871871948242e+00
3.160977363586425781e+00
2.269774913787841797e+00
2.924642086029052734e+00
3.137342214584350586e+00
3.188392162322998047e+00
3.482522249221801758e+00
3.781376123428344727e+00
2.650142908096313477e+00
3.293638706207275391e+00
4.132284879684448242e+00
3.137985944747924805e+00
3.321081161499023438e+00
3.090160846710205078e+00
3.348432064056396484e+00
2.693970918655395508e+00
3.651974916458129883e+00
3.340234994888305664e+00
4.270108938217163086e+00
3.619669198989868164e+00
3.741472959518432617e+00
2.491837263107299805e+00
2.810856103897094727e+00
3.974457025527954102e+00
3.702549934387207031e+00
3.799612283706665039e+00
3.383951902389526367e+00
3.544718265533447266e+00
3.951874732971191406e+00
3.467021942138671875e+00
3.106295108795166016e+00
3.503993034362792969e+00
3.190507888793945312e+00
3.910528898239135742e+00
3.464177131652832031e+00
3.594598054885864258e+00
3.384666919708251953e+00
3.522984981536865234e+00
3.465611934661865234e+00
3.625411033630371094e+00
2.909792900085449219e+00
3.401026010513305664e+00
3.719437122344970703e+00
3.684417009353637695e+00
3.541295051574707031e+00
2.230319738388061523e+00
3.220517873764038086e+00
3.964509963989257812e+00
2.765641927719116211e+00
3.335613012313842773e+00
3.358272075653076172e+00
3.850698947906494141e+00
3.468952178955078125e+00
3.644265890121459961e+00
3.655147075653076172e+00
3.540756940841674805e+00
2.946361303329467773e+00
3.489318132400512695e+00
3.764477014541625977e+00
2.527750730514526367e+00
2.108234882354736328e+00
3.467294216156005859e+00
4.162056922912597656e+00
4.091278791427612305e+00
3.989640951156616211e+00
4.049558639526367188e+00
4.830974817276000977e+00
3.824688911437988281e+00
4.710823059082031250e+00
3.633995056152343750e+00
3.538165092468261719e+00
3.813241004943847656e+00
4.607486963272094727e+00
3.715766668319702148e+00
3.658550977706909180e+00
4.273297071456909180e+00
3.466572046279907227e+00
2.971997976303100586e+00
3.588062763214111328e+00
2.661842823028564453e+00
2.504647016525268555e+00
2.923757791519165039e+00
2.857342958450317383e+00
3.073549032211303711e+00
3.628494024276733398e+00
3.941840887069702148e+00
3.320794820785522461e+00
1.956545114517211914e+00
3.793880939483642578e+00
3.069486856460571289e+00
3.134140014648437500e+00
2.672152757644653320e+00
3.769741773605346680e+00
3.745504140853881836e+00
1.938958168029785156e+00
3.175965785980224609e+00
3.053570032119750977e+00
3.657197713851928711e+00
3.788669824600219727e+00
3.138490200042724609e+00
2.821863889694213867e+00
2.745786905288696289e+00
3.668978929519653320e+00
3.044394016265869141e+00
3.870607137680053711e+00
3.851957082748413086e+00
4.625654935836791992e+00
3.389765262603759766e+00
3.447138071060180664e+00
2.784485101699829102e+00
3.519128084182739258e+00
2.182923078536987305e+00
2.234672069549560547e+00
2.316679954528808594e+00
2.070286989212036133e+00
3.707363843917846680e+00
3.150157928466796875e+00
3.116987228393554688e+00
2.947277784347534180e+00
3.975490093231201172e+00
2.933387041091918945e+00
3.887306928634643555e+00
2.262297153472900391e+00
2.429078102111816406e+00
2.418157815933227539e+00
3.479938030242919922e+00
2.676002025604248047e+00
2.635338068008422852e+00
2.368409156799316406e+00
2.609090089797973633e+00
2.595215797424316406e+00
2.542237043380737305e+00
2.537364006042480469e+00
2.805853843688964844e+00
2.662567853927612305e+00
2.930136919021606445e+00
2.232141017913818359e+00
2.303214073181152344e+00
2.429399967193603516e+00
2.373488187789916992e+00
2.293925285339355469e+00
5.344867944717407227e+00
3.013142824172973633e+00
3.040767908096313477e+00
3.107694149017333984e+00
2.478082180023193359e+00
2.599558115005493164e+00
2.299965858459472656e+00
2.218827009201049805e+00
2.311257123947143555e+00
2.664625883102416992e+00
2.454102039337158203e+00
2.963615179061889648e+00
2.293155193328857422e+00
2.399806022644042969e+00
2.671118736267089844e+00
2.436226844787597656e+00
2.840491056442260742e+00
2.874757766723632812e+00
2.959505319595336914e+00
2.937633037567138672e+00
2.747664928436279297e+00
2.393401861190795898e+00
2.888317108154296875e+00
3.102126121520996094e+00
3.667049884796142578e+00
3.119723081588745117e+00
3.113477945327758789e+00
2.842643022537231445e+00
2.512114763259887695e+00
2.004742145538330078e+00
3.193989276885986328e+00
2.358048915863037109e+00
3.270276069641113281e+00
2.093767881393432617e+00
2.551933288574218750e+00
3.339715957641601562e+00
2.676715135574340820e+00
3.090448141098022461e+00
2.437316179275512695e+00
3.215980052947998047e+00
2.989504098892211914e+00
2.509348154067993164e+00
2.798808097839355469e+00
3.291440010070800781e+00
2.756359815597534180e+00
2.481636047363281250e+00
2.455110311508178711e+00
3.545855998992919922e+00
3.131270885467529297e+00
3.035665035247802734e+00
2.309514284133911133e+00
3.210515975952148438e+00
2.716728925704956055e+00
3.004928112030029297e+00
3.402973890304565430e+00
3.378426074981689453e+00
2.785034894943237305e+00
3.076323032379150391e+00
2.342923641204833984e+00
2.297794103622436523e+00
2.441132783889770508e+00
2.886261940002441406e+00
2.402643203735351562e+00
2.784075021743774414e+00
2.353223085403442383e+00
2.574193954467773438e+00
2.967602014541625977e+00
3.077979803085327148e+00
2.728275060653686523e+00
2.731175184249877930e+00
2.985058069229125977e+00
3.827160120010375977e+00
2.838133096694946289e+00
3.202719926834106445e+00
3.940660953521728516e+00
3.370393991470336914e+00
3.189800977706909180e+00
3.141686916351318359e+00
3.165918827056884766e+00
3.039116144180297852e+00
3.457622051239013672e+00
2.911460876464843750e+00
2.792435169219970703e+00
2.326840162277221680e+00
2.874176025390625000e+00
3.083180189132690430e+00
3.050326824188232422e+00
3.031039237976074219e+00
4.125408887863159180e+00
2.512415170669555664e+00
3.177354812622070312e+00
2.433582782745361328e+00
3.503725051879882812e+00
3.443894863128662109e+00
3.243889808654785156e+00
3.548316001892089844e+00
3.163568258285522461e+00
2.418679952621459961e+00
2.379556894302368164e+00
3.170408010482788086e+00
3.597333908081054688e+00
2.614853143692016602e+00
3.576105117797851562e+00
3.827049255371093750e+00
3.570324897766113281e+00
3.787839889526367188e+00
2.676208257675170898e+00
4.442502021789550781e+00
3.703016996383666992e+00
2.939827203750610352e+00
3.282450199127197266e+00
4.041069030761718750e+00
2.953050136566162109e+00
3.428781986236572266e+00
3.983587026596069336e+00
1.977753162384033203e+00
3.294781923294067383e+00
3.027338981628417969e+00
3.822885990142822266e+00
4.069124698638916016e+00
3.409180879592895508e+00
4.125064849853515625e+00
3.509298801422119141e+00
3.219988822937011719e+00
3.353576898574829102e+00
2.379009962081909180e+00
2.572114944458007812e+00
3.598315000534057617e+00
4.101042032241821289e+00
2.607259035110473633e+00
3.308282136917114258e+00
2.660512208938598633e+00
3.372579813003540039e+00
2.800346851348876953e+00
3.382764101028442383e+00
3.849663972854614258e+00
3.888184070587158203e+00
2.839211940765380859e+00
2.984861373901367188e+00
2.981399059295654297e+00
3.970252037048339844e+00
2.509808778762817383e+00
3.399755954742431641e+00
2.978050947189331055e+00
2.705083847045898438e+00
3.017879962921142578e+00
3.856560945510864258e+00
2.292917966842651367e+00
3.865685939788818359e+00
3.362719058990478516e+00
4.108196973800659180e+00
3.506760835647583008e+00
3.837635040283203125e+00
3.874920845031738281e+00
2.629188060760498047e+00
2.172677040100097656e+00
3.143354892730712891e+00
4.597912788391113281e+00
3.486801147460937500e+00
2.892511844635009766e+00
3.271136045455932617e+00
2.928174972534179688e+00
2.622303009033203125e+00
2.667652845382690430e+00
4.763672113418579102e+00
2.892454147338867188e+00
3.475706100463867188e+00
3.460668087005615234e+00
3.291996955871582031e+00
4.408465862274169922e+00
3.425419092178344727e+00
3.212902784347534180e+00
5.049207687377929688e+00
2.587446212768554688e+00
2.821897983551025391e+00
2.833106040954589844e+00
3.632436990737915039e+00
2.424118995666503906e+00
2.465998888015747070e+00
3.655703067779541016e+00
3.599083185195922852e+00
3.154129266738891602e+00
3.229579210281372070e+00
3.049440860748291016e+00
3.465283155441284180e+00
3.350401878356933594e+00
3.284925937652587891e+00
3.120061159133911133e+00
3.339590072631835938e+00
3.573632001876831055e+00
3.265192031860351562e+00
3.650573968887329102e+00
3.349948167800903320e+00
3.435832977294921875e+00
2.877903938293457031e+00
2.634984016418457031e+00
3.124512672424316406e+00
3.670433044433593750e+00
3.610978841781616211e+00
4.177278995513916016e+00
3.211739301681518555e+00
3.401955127716064453e+00
3.163443326950073242e+00
3.156044006347656250e+00
3.185982942581176758e+00
2.543205738067626953e+00
2.804477930068969727e+00
3.762587070465087891e+00
3.562063694000244141e+00
3.612083911895751953e+00
4.401847124099731445e+00
3.763657093048095703e+00
3.340753078460693359e+00
3.591516971588134766e+00
2.923123121261596680e+00
2.935526847839355469e+00
3.917740106582641602e+00
3.039947032928466797e+00
2.309973001480102539e+00
3.087769985198974609e+00
3.427933931350708008e+00
3.420870780944824219e+00
3.235949993133544922e+00
3.194519042968750000e+00
1.806331157684326172e+00
3.382380962371826172e+00
3.814739227294921875e+00
3.310777902603149414e+00
3.686902046203613281e+00
2.610063076019287109e+00
2.566289186477661133e+00
3.466378211975097656e+00
3.570543766021728516e+00
2.354914188385009766e+00
2.776525020599365234e+00
2.686105966567993164e+00
2.841667890548706055e+00
3.562026023864746094e+00
3.024478912353515625e+00
2.926174879074096680e+00
3.485191822052001953e+00
2.853322029113769531e+00
3.496838808059692383e+00
2.424261331558227539e+00
3.745728969573974609e+00
2.520340204238891602e+00
2.739403009414672852e+00
2.860213994979858398e+00
3.287200927734375000e+00
3.664535045623779297e+00
3.293019771575927734e+00
2.589052915573120117e+00
3.844856977462768555e+00
2.607923030853271484e+00
2.769316911697387695e+00
2.838614940643310547e+00
4.153019905090332031e+00
2.170316934585571289e+00
3.809542894363403320e+00
2.975346088409423828e+00
3.759191036224365234e+00
2.313578844070434570e+00
3.057811021804809570e+00
2.215837001800537109e+00
3.827319145202636719e+00
2.663312196731567383e+00
2.473655939102172852e+00
2.850809097290039062e+00
2.772700309753417969e+00
2.540255069732666016e+00
3.413444042205810547e+00
2.994819164276123047e+00
2.965744733810424805e+00
2.974858045578002930e+00
2.911824226379394531e+00
2.253240108489990234e+00
3.279745817184448242e+00
3.323755979537963867e+00
3.311383962631225586e+00
2.953518152236938477e+00
2.787364959716796875e+00
2.777395963668823242e+00
3.115071058273315430e+00
3.130472898483276367e+00
2.817966938018798828e+00
3.008616924285888672e+00
3.258726835250854492e+00
2.851699352264404297e+00
2.560409069061279297e+00
3.129419803619384766e+00
3.028424024581909180e+00
2.404911041259765625e+00
3.365028142929077148e+00
3.228882074356079102e+00
2.098215103149414062e+00
3.310554742813110352e+00
3.022186279296875000e+00
2.297057151794433594e+00
2.889159202575683594e+00
2.759142875671386719e+00
2.704111099243164062e+00
3.307652235031127930e+00
2.809380054473876953e+00
2.133118867874145508e+00
3.233551740646362305e+00
3.514387369155883789e+00
3.505331993103027344e+00
2.712574005126953125e+00
3.967952966690063477e+00
2.842788934707641602e+00
3.262009143829345703e+00
3.460707902908325195e+00
2.807007312774658203e+00
2.694101095199584961e+00
2.243087768554687500e+00
3.186130046844482422e+00
3.093234062194824219e+00
2.388379812240600586e+00
2.811881065368652344e+00
2.834002971649169922e+00
2.358320951461791992e+00
2.327272891998291016e+00
2.378132343292236328e+00
3.346909046173095703e+00
2.956828832626342773e+00
2.598584890365600586e+00
3.530416250228881836e+00
2.479815006256103516e+00
2.522860050201416016e+00
3.697911024093627930e+00
2.460797071456909180e+00
1.694129943847656250e+00
2.047302007675170898e+00
3.170393705368041992e+00
2.646185159683227539e+00
2.492007970809936523e+00
2.615867137908935547e+00
2.943193912506103516e+00
2.963009119033813477e+00
2.599502801895141602e+00
2.813776254653930664e+00
1.941316127777099609e+00
2.347511053085327148e+00
3.004049301147460938e+00
2.085052967071533203e+00
3.027206897735595703e+00
2.880365848541259766e+00
2.768530130386352539e+00
3.079591274261474609e+00
2.146538019180297852e+00
3.140624761581420898e+00
2.456096887588500977e+00
3.666663885116577148e+00
3.111878871917724609e+00
3.638255834579467773e+00
2.951627016067504883e+00
3.165733814239501953e+00
3.049410820007324219e+00
3.226643085479736328e+00
2.958713293075561523e+00
3.329849004745483398e+00
3.278548955917358398e+00
2.999554157257080078e+00
2.303145170211791992e+00
2.792752981185913086e+00
2.457871913909912109e+00
3.119297981262207031e+00
2.607515811920166016e+00
3.109642028808593750e+00
2.740493774414062500e+00
2.474862098693847656e+00
3.630353927612304688e+00
2.762449741363525391e+00
3.156969785690307617e+00
2.681060791015625000e+00
2.594024896621704102e+00
2.154532909393310547e+00
3.453996181488037109e+00
3.920171976089477539e+00
2.347365140914916992e+00
2.556663990020751953e+00
3.256563186645507812e+00
3.019258737564086914e+00
2.408038139343261719e+00
3.125560045242309570e+00
2.977640867233276367e+00
2.560793161392211914e+00
3.153632879257202148e+00
3.188649892807006836e+00
3.258507966995239258e+00
2.286923885345458984e+00
3.166254043579101562e+00
2.705188035964965820e+00
3.359551191329956055e+00
3.355340957641601562e+00
2.715994119644165039e+00
3.166748046875000000e+00
2.868753910064697266e+00
2.594029903411865234e+00
3.288537740707397461e+00
2.753494977951049805e+00
2.690384864807128906e+00
3.530729770660400391e+00
3.292020082473754883e+00
3.448751211166381836e+00
2.498265027999877930e+00
3.051364898681640625e+00
3.599464893341064453e+00
2.990581750869750977e+00
3.454954147338867188e+00
3.299801111221313477e+00
2.648820877075195312e+00
3.247154951095581055e+00
2.182308912277221680e+00
3.837917804718017578e+00
2.591492176055908203e+00
2.665282011032104492e+00
2.052247762680053711e+00
2.300688266754150391e+00
2.611892938613891602e+00
3.754163026809692383e+00
2.954033136367797852e+00
3.956204175949096680e+00
3.642272949218750000e+00
2.734006643295288086e+00
3.047341108322143555e+00
3.948792219161987305e+00
3.123801231384277344e+00
3.422024250030517578e+00
2.718652963638305664e+00
3.722601175308227539e+00
2.770288944244384766e+00
2.880965948104858398e+00
2.855727672576904297e+00
2.889688730239868164e+00
3.095493793487548828e+00
2.671509742736816406e+00
4.134266138076782227e+00
2.547639131546020508e+00
2.942608118057250977e+00
2.937448024749755859e+00
2.499259948730468750e+00
3.014420986175537109e+00
3.093894958496093750e+00
2.839565992355346680e+00
3.559442996978759766e+00
2.947270870208740234e+00
3.492861986160278320e+00
3.625807046890258789e+00
4.114807128906250000e+00
2.440931081771850586e+00
3.821653842926025391e+00
2.749421119689941406e+00
2.637202024459838867e+00
2.831544160842895508e+00
2.874084234237670898e+00
3.142217159271240234e+00
3.460098028182983398e+00
3.297561883926391602e+00
3.399831056594848633e+00
3.385159969329833984e+00
2.835541963577270508e+00
3.670152902603149414e+00
2.738217830657958984e+00
2.767568826675415039e+00
3.405138015747070312e+00
3.532949924468994141e+00
3.593000173568725586e+00
2.447396755218505859e+00
3.569522142410278320e+00
3.470351696014404297e+00
3.539970159530639648e+00
2.866854906082153320e+00
3.834524869918823242e+00
3.615248918533325195e+00
2.721127986907958984e+00
2.927752971649169922e+00
2.852352142333984375e+00
3.390577077865600586e+00
3.744111061096191406e+00
2.771247148513793945e+00
2.614284038543701172e+00
3.387575149536132812e+00
3.416336059570312500e+00
2.832041025161743164e+00
2.510760068893432617e+00
2.501574754714965820e+00
2.816698789596557617e+00
2.861836671829223633e+00
3.759041070938110352e+00
3.704111814498901367e+00
3.600813150405883789e+00
2.517058134078979492e+00
3.126706123352050781e+00
3.070719003677368164e+00
2.655701875686645508e+00
3.119096040725708008e+00
2.796569824218750000e+00
3.266206026077270508e+00
3.843734025955200195e+00
3.006126880645751953e+00
3.506577253341674805e+00
3.587185859680175781e+00
2.511016845703125000e+00
3.036619186401367188e+00
2.941886186599731445e+00
3.168983936309814453e+00
3.253239870071411133e+00
3.264749050140380859e+00
2.415628194808959961e+00
2.611430168151855469e+00
2.413817644119262695e+00
3.533123254776000977e+00
3.342748880386352539e+00
2.608037710189819336e+00
3.296757936477661133e+00
3.855283975601196289e+00
3.589962959289550781e+00
2.446418762207031250e+00
2.693238019943237305e+00
3.300138950347900391e+00
2.734156131744384766e+00
3.099865913391113281e+00
3.009171962738037109e+00
2.877474069595336914e+00
2.602502107620239258e+00
3.759341001510620117e+00
3.001441001892089844e+00
2.254507064819335938e+00
2.759197950363159180e+00
3.092395067214965820e+00
3.205202817916870117e+00
2.662558317184448242e+00
3.374515056610107422e+00
3.338641881942749023e+00
3.194377183914184570e+00
3.412576913833618164e+00
3.300382852554321289e+00
2.816806077957153320e+00
2.520868062973022461e+00
3.384063959121704102e+00
2.820599079132080078e+00
3.421144008636474609e+00
2.856678009033203125e+00
3.418287038803100586e+00
2.886555194854736328e+00
3.136230945587158203e+00
2.865761995315551758e+00
2.569632053375244141e+00
2.334393978118896484e+00
2.802283763885498047e+00
2.984368801116943359e+00
2.968211889266967773e+00
2.541718959808349609e+00
1.984755754470825195e+00
2.920217990875244141e+00
2.806236028671264648e+00
2.817311048507690430e+00
3.466756820678710938e+00
3.156008958816528320e+00
3.545625686645507812e+00
2.986271858215332031e+00
2.856147050857543945e+00
3.714061021804809570e+00
3.539804935455322266e+00
3.535132884979248047e+00
2.781186103820800781e+00
3.797164678573608398e+00
2.955209016799926758e+00
3.168672084808349609e+00
3.092449188232421875e+00
3.104112148284912109e+00
3.079577922821044922e+00
3.297281980514526367e+00
3.311780214309692383e+00
2.354864120483398438e+00
3.189717054367065430e+00
3.734153985977172852e+00
3.660356044769287109e+00
2.388875961303710938e+00
3.130885839462280273e+00
3.067110061645507812e+00
3.068011999130249023e+00
3.378538131713867188e+00
3.399718284606933594e+00
3.363261938095092773e+00
2.464385747909545898e+00
2.622242689132690430e+00
2.713325977325439453e+00
2.760368824005126953e+00
2.805414915084838867e+00
2.817396163940429688e+00
2.782373905181884766e+00
2.848897933959960938e+00
2.847939014434814453e+00
2.778342962265014648e+00
2.457487821578979492e+00
2.849452972412109375e+00
2.789451122283935547e+00
2.894124031066894531e+00
2.864755868911743164e+00
2.794156074523925781e+00
2.902622938156127930e+00
2.921635866165161133e+00
2.903463125228881836e+00
2.845550060272216797e+00
2.923609733581542969e+00
3.665904998779296875e+00
2.939964294433593750e+00
3.103899240493774414e+00
3.225903272628784180e+00
3.219552040100097656e+00
2.609690189361572266e+00
2.073265075683593750e+00
2.819158077239990234e+00
3.024456024169921875e+00
3.309308052062988281e+00
2.936312198638916016e+00
2.201443195343017578e+00
2.479233741760253906e+00
3.688990354537963867e+00
3.244976043701171875e+00
3.379768133163452148e+00
3.397449970245361328e+00
2.771292924880981445e+00
3.074465751647949219e+00
2.982484102249145508e+00
2.514014005661010742e+00
2.620315790176391602e+00
2.604575872421264648e+00
3.049061298370361328e+00
2.820740938186645508e+00
2.008685111999511719e+00
3.511372089385986328e+00
2.614271879196166992e+00
2.495952129364013672e+00
3.507671117782592773e+00
2.551169872283935547e+00
2.575388908386230469e+00
2.400154829025268555e+00
3.749209165573120117e+00
2.224223136901855469e+00
3.528331995010375977e+00
2.481900215148925781e+00
2.592427015304565430e+00
2.992646932601928711e+00
2.672654151916503906e+00
3.158875226974487305e+00
2.867770910263061523e+00
4.132352113723754883e+00
2.083498954772949219e+00
2.534819126129150391e+00
2.834393978118896484e+00
2.442330121994018555e+00
2.343654870986938477e+00
2.455816268920898438e+00
2.730096101760864258e+00
3.350650072097778320e+00
2.416192770004272461e+00
3.055380821228027344e+00
2.501641273498535156e+00
2.619087934494018555e+00
2.845239162445068359e+00
2.521811962127685547e+00
3.160133123397827148e+00
2.875332832336425781e+00
3.176481008529663086e+00
2.722494840621948242e+00
3.252867937088012695e+00
3.231935024261474609e+00
2.648748159408569336e+00
2.845232009887695312e+00
2.511205911636352539e+00
2.324023962020874023e+00
3.218970775604248047e+00
3.080324172973632812e+00
3.219539880752563477e+00
2.574512720108032227e+00
2.990495204925537109e+00
2.219039916992187500e+00
2.149281740188598633e+00
2.872709035873413086e+00
2.839394092559814453e+00
3.275067806243896484e+00
3.036784887313842773e+00
2.571455001831054688e+00
2.545859813690185547e+00
2.602601051330566406e+00
2.739246129989624023e+00
3.112586975097656250e+00
2.599158048629760742e+00
3.245150327682495117e+00
3.114804983139038086e+00
2.983220100402832031e+00
3.336178064346313477e+00
3.240552186965942383e+00
3.219718933105468750e+00
3.348689317703247070e+00
2.347760200500488281e+00
3.175377845764160156e+00
3.177613019943237305e+00
3.188259840011596680e+00
3.871514797210693359e+00
2.748933076858520508e+00
2.996484756469726562e+00
1.951227903366088867e+00
3.168122053146362305e+00
3.525535821914672852e+00
2.040446043014526367e+00
2.998139142990112305e+00
2.994027853012084961e+00
3.501348018646240234e+00
2.209809064865112305e+00
3.056106805801391602e+00
3.352986097335815430e+00
2.662078142166137695e+00
3.070625066757202148e+00
3.041005134582519531e+00
3.217094898223876953e+00
2.626040220260620117e+00
3.630452871322631836e+00
3.246939897537231445e+00
3.494837760925292969e+00
2.457081794738769531e+00
2.930706024169921875e+00
3.208387136459350586e+00
2.905530929565429688e+00
3.149055004119873047e+00
2.959514141082763672e+00
3.045633077621459961e+00
2.583661794662475586e+00
3.155642032623291016e+00
2.769963026046752930e+00
3.160309076309204102e+00
3.221881866455078125e+00
2.706798076629638672e+00
4.245406866073608398e+00
3.297067165374755859e+00
2.066249132156372070e+00
3.792895078659057617e+00
3.312144279479980469e+00
3.273635864257812500e+00
2.840307950973510742e+00
3.115962266921997070e+00
3.788771152496337891e+00
2.650498151779174805e+00
3.397004842758178711e+00
2.925200939178466797e+00
2.977217912673950195e+00
3.019091367721557617e+00
2.915983915328979492e+00
3.011030912399291992e+00
3.486810922622680664e+00
3.439143896102905273e+00
2.878403186798095703e+00
3.136896133422851562e+00
2.669627904891967773e+00
2.143724918365478516e+00
3.243499040603637695e+00
2.411098957061767578e+00
1.979655265808105469e+00
3.522354841232299805e+00
3.680733919143676758e+00
2.337327957153320312e+00
2.240657091140747070e+00
2.144670009613037109e+00
1.787978649139404297e+00
2.328208208084106445e+00
3.238741874694824219e+00
3.453341007232666016e+00
3.156861782073974609e+00
2.323694229125976562e+00
2.606796026229858398e+00
2.580805301666259766e+00
2.737296104431152344e+00
2.715569019317626953e+00
2.720921039581298828e+00
2.594974994659423828e+00
2.732488155364990234e+00
3.977236270904541016e+00
2.237073898315429688e+00
3.360116958618164062e+00
2.532029867172241211e+00
3.650246858596801758e+00
3.530834197998046875e+00
2.347950935363769531e+00
2.754247903823852539e+00
3.393409967422485352e+00
3.363358974456787109e+00
2.705509901046752930e+00
2.785821914672851562e+00
4.444197177886962891e+00
2.823498964309692383e+00
3.450229883193969727e+00
2.263097047805786133e+00
4.510067939758300781e+00
2.865294218063354492e+00
3.988706111907958984e+00
2.432390928268432617e+00
4.408901214599609375e+00
2.952919006347656250e+00
4.525478124618530273e+00
2.984626054763793945e+00
2.595852136611938477e+00
3.747115135192871094e+00
3.264816999435424805e+00
4.572644948959350586e+00
2.885865926742553711e+00
4.584694862365722656e+00
3.696807146072387695e+00
2.050698041915893555e+00
3.085209131240844727e+00
3.078973770141601562e+00
4.805877923965454102e+00
2.391682147979736328e+00
2.448709249496459961e+00
4.775407791137695312e+00
3.200423002243041992e+00
2.419515848159790039e+00
3.124133110046386719e+00
2.985763072967529297e+00
2.926707983016967773e+00
4.883114099502563477e+00
2.958300828933715820e+00
3.004107952117919922e+00
2.986358165740966797e+00
2.732459068298339844e+00
2.817416906356811523e+00
3.664670944213867188e+00
2.867473125457763672e+00
3.168627262115478516e+00
2.739130973815917969e+00
3.309697151184082031e+00
2.338987827301025391e+00
2.193209886550903320e+00
3.877012014389038086e+00
3.533855199813842773e+00
3.014984130859375000e+00
3.475707054138183594e+00
3.063696861267089844e+00
3.391292095184326172e+00
2.599521160125732422e+00
3.123548269271850586e+00
1.841058731079101562e+00
2.556017875671386719e+00
3.519483089447021484e+00
3.580352067947387695e+00
2.520438194274902344e+00
4.207025051116943359e+00
4.646576166152954102e+00
3.751056194305419922e+00
2.508456945419311523e+00
3.352780103683471680e+00
3.024649858474731445e+00
2.772261857986450195e+00
4.008504867553710938e+00
3.577287197113037109e+00
3.315579175949096680e+00
2.989819049835205078e+00
4.872198104858398438e+00
4.484977245330810547e+00
3.271682977676391602e+00
3.376415014266967773e+00
2.521609306335449219e+00
3.296858072280883789e+00
3.274000883102416992e+00
4.370299100875854492e+00
4.288228988647460938e+00
3.229001998901367188e+00
2.613736867904663086e+00
3.724752902984619141e+00
3.806986093521118164e+00
2.621495246887207031e+00
3.332282066345214844e+00
3.974047899246215820e+00
3.333410978317260742e+00
3.213865995407104492e+00
3.283972978591918945e+00
3.400080919265747070e+00
3.228728771209716797e+00
3.643945932388305664e+00
3.076677083969116211e+00
2.986226081848144531e+00
3.584774017333984375e+00
3.593329906463623047e+00
3.629296779632568359e+00
4.284955024719238281e+00
3.529456138610839844e+00
2.852042913436889648e+00
2.935167074203491211e+00
4.012511014938354492e+00
3.609139919281005859e+00
3.276476860046386719e+00
3.726644039154052734e+00
3.883306741714477539e+00
3.558471918106079102e+00
3.591742992401123047e+00
3.410742998123168945e+00
2.242522001266479492e+00
2.769300937652587891e+00
3.011187076568603516e+00
4.004346132278442383e+00
2.855062723159790039e+00
2.602811813354492188e+00
2.696137905120849609e+00
2.967509984970092773e+00
2.725008726119995117e+00
2.798211812973022461e+00
2.913623094558715820e+00
2.841636896133422852e+00
3.337116956710815430e+00
3.407410144805908203e+00
2.875809669494628906e+00
3.550250768661499023e+00
2.954051971435546875e+00
3.659633159637451172e+00
2.985799312591552734e+00
2.668895959854125977e+00
3.661342859268188477e+00
2.925090074539184570e+00
2.375355720520019531e+00
3.114278078079223633e+00
2.900754928588867188e+00
2.985047101974487305e+00
3.065748929977416992e+00
3.223333835601806641e+00
2.651849031448364258e+00
2.730796098709106445e+00
3.266834020614624023e+00
2.553155183792114258e+00
3.380563974380493164e+00
3.525637865066528320e+00
2.911790847778320312e+00
2.720967292785644531e+00
2.910020112991333008e+00
2.878468990325927734e+00
3.323948144912719727e+00
3.413615942001342773e+00
3.030377149581909180e+00
3.238776206970214844e+00
3.036896944046020508e+00
3.281538963317871094e+00
3.493816137313842773e+00
3.261040210723876953e+00
3.169433832168579102e+00
3.207852125167846680e+00
3.163709878921508789e+00
3.249027013778686523e+00
3.254043102264404297e+00
3.222619771957397461e+00
3.262284755706787109e+00
3.600476741790771484e+00
3.425950050354003906e+00
3.415675878524780273e+00
2.646182298660278320e+00
2.087902069091796875e+00
2.961951971054077148e+00
3.694017171859741211e+00
3.402438163757324219e+00
2.138927221298217773e+00
2.795708179473876953e+00
2.143705844879150391e+00
3.356372356414794922e+00
3.227370977401733398e+00
3.265769004821777344e+00
2.229058027267456055e+00
3.224586963653564453e+00
3.653080224990844727e+00
3.505384206771850586e+00
2.564325094223022461e+00
2.435024976730346680e+00
2.396914958953857422e+00
2.538211822509765625e+00
3.762497901916503906e+00
2.445009946823120117e+00
2.933114051818847656e+00
2.899573087692260742e+00
3.072422981262207031e+00
3.851247787475585938e+00
2.737793207168579102e+00
3.981667041778564453e+00
4.234622955322265625e+00
3.142326831817626953e+00
4.278469800949096680e+00
4.386990070343017578e+00
4.659218311309814453e+00
3.284957170486450195e+00
2.801862955093383789e+00
2.910885810852050781e+00
5.063053846359252930e+00
4.382502317428588867e+00
4.551892042160034180e+00
3.468356132507324219e+00
3.648422956466674805e+00
4.843204259872436523e+00
3.741185188293457031e+00
3.391759157180786133e+00
4.738049983978271484e+00
2.564782857894897461e+00
3.337937116622924805e+00
3.277769088745117188e+00
3.269052267074584961e+00
3.593955755233764648e+00
3.493251085281372070e+00
2.532364845275878906e+00
2.539440155029296875e+00
3.505372047424316406e+00
2.643168210983276367e+00
3.736844062805175781e+00
2.572337865829467773e+00
3.522645950317382812e+00
2.397646903991699219e+00
3.907600879669189453e+00
3.479791164398193359e+00
4.678124904632568359e+00
2.357555866241455078e+00
3.314653158187866211e+00
3.651561975479125977e+00
3.573239803314208984e+00
2.877105951309204102e+00
3.905587911605834961e+00
3.274423122406005859e+00
4.722428321838378906e+00
3.036652088165283203e+00
3.364275932312011719e+00
3.864845037460327148e+00
2.422904253005981445e+00
3.046095132827758789e+00
2.171572923660278320e+00
4.640761852264404297e+00
2.007659196853637695e+00
2.585873842239379883e+00
2.848537206649780273e+00
2.836838960647583008e+00
3.288456916809082031e+00
3.221497774124145508e+00
3.906316995620727539e+00
4.141626834869384766e+00
2.962874650955200195e+00
2.165269851684570312e+00
5.374109029769897461e+00
3.050251722335815430e+00
2.854410171508789062e+00
2.859676837921142578e+00
3.048933744430541992e+00
3.028808116912841797e+00
2.955370903015136719e+00
4.259579896926879883e+00
2.656397104263305664e+00
4.203148126602172852e+00
4.333443880081176758e+00
3.171282052993774414e+00
2.572992086410522461e+00
2.594314813613891602e+00
1.882512092590332031e+00
2.563944101333618164e+00
2.794255971908569336e+00
3.003485918045043945e+00
2.385711193084716797e+00
2.273129224777221680e+00
2.307533025741577148e+00
3.286879777908325195e+00
2.632313013076782227e+00
1.976604938507080078e+00
3.215994119644165039e+00
2.137804985046386719e+00
2.848585367202758789e+00
3.341675996780395508e+00
3.295250177383422852e+00
2.673943996429443359e+00
2.335380077362060547e+00
2.561527013778686523e+00
2.982676029205322266e+00
3.164761781692504883e+00
2.669542074203491211e+00
2.566130876541137695e+00
2.839352130889892578e+00
3.051334857940673828e+00
2.778506994247436523e+00
2.755038976669311523e+00
2.600928068161010742e+00
3.115723133087158203e+00
3.381229877471923828e+00
3.123089790344238281e+00
3.193144083023071289e+00
3.229376077651977539e+00
2.709885358810424805e+00
2.627763986587524414e+00
3.026557207107543945e+00
2.890511274337768555e+00
3.312521934509277344e+00
2.052832841873168945e+00
2.297673940658569336e+00
3.146687030792236328e+00
2.314206361770629883e+00
2.520440101623535156e+00
3.110049962997436523e+00
3.339709758758544922e+00
2.527722120285034180e+00
2.421520948410034180e+00
2.651684999465942383e+00
2.263676881790161133e+00
2.211529970169067383e+00
2.070243120193481445e+00
2.348217248916625977e+00
2.434467077255249023e+00
2.859323978424072266e+00
2.613909959793090820e+00
2.485766887664794922e+00
2.450675964355468750e+00
2.712482213973999023e+00
2.869732141494750977e+00
2.765470981597900391e+00
2.873457908630371094e+00
3.332016229629516602e+00
2.819885015487670898e+00
2.965970993041992188e+00
2.405937910079956055e+00
3.151757001876831055e+00
3.036565780639648438e+00
3.006436109542846680e+00
3.294835805892944336e+00
2.873935937881469727e+00
2.957424163818359375e+00
3.245958328247070312e+00
2.616464853286743164e+00
2.952518224716186523e+00
3.697624206542968750e+00
3.294269084930419922e+00
3.470534801483154297e+00
3.562041997909545898e+00
3.774345159530639648e+00
3.400940656661987305e+00
2.869773149490356445e+00
3.388881921768188477e+00
3.706984996795654297e+00
3.809262990951538086e+00
3.330517768859863281e+00
3.477326869964599609e+00
3.876335859298706055e+00
3.908996820449829102e+00
3.401952981948852539e+00
3.225099563598632812e+00
3.613154172897338867e+00
3.981997013092041016e+00
4.077974081039428711e+00
4.142796993255615234e+00
4.061763048171997070e+00
3.788965225219726562e+00
3.483441829681396484e+00
3.859650850296020508e+00
3.916887044906616211e+00
3.645647048950195312e+00
4.227264165878295898e+00
2.880465030670166016e+00
3.734872817993164062e+00
3.751858949661254883e+00
4.315213918685913086e+00
2.828031778335571289e+00
4.262520074844360352e+00
4.124418973922729492e+00
3.281662940979003906e+00
4.172927856445312500e+00
2.821234226226806641e+00
2.927983045578002930e+00
3.984174013137817383e+00
3.022345066070556641e+00
3.520350933074951172e+00
3.796159029006958008e+00
4.163467884063720703e+00
4.387433052062988281e+00
3.980756998062133789e+00
3.930267810821533203e+00
3.857410907745361328e+00
3.378860950469970703e+00
3.906975984573364258e+00
3.806239843368530273e+00
3.100034952163696289e+00
3.185920000076293945e+00
4.372804164886474609e+00
3.790949106216430664e+00
3.427464962005615234e+00
4.043055057525634766e+00
4.072034120559692383e+00
4.047059059143066406e+00
3.622697114944458008e+00
4.099269866943359375e+00
3.222684860229492188e+00
3.028157949447631836e+00
4.306260824203491211e+00
4.296005964279174805e+00
4.815909147262573242e+00
4.156867980957031250e+00
4.022957086563110352e+00
3.324001073837280273e+00
4.255771160125732422e+00
4.281579732894897461e+00
4.252954006195068359e+00
3.431379079818725586e+00
3.428225994110107422e+00
4.237086057662963867e+00
3.448991298675537109e+00
4.064870119094848633e+00
4.044317960739135742e+00
3.938844919204711914e+00
3.065642833709716797e+00
2.481173992156982422e+00
2.530545949935913086e+00
3.241116762161254883e+00
3.383609056472778320e+00
2.620040893554687500e+00
3.168236017227172852e+00
4.471101999282836914e+00
2.789260149002075195e+00
3.670196056365966797e+00
3.690471887588500977e+00
3.281980037689208984e+00
3.835816860198974609e+00
2.826938867568969727e+00
5.077315807342529297e+00
3.283528089523315430e+00
2.737806797027587891e+00
2.346684932708740234e+00
3.948830127716064453e+00
2.891211032867431641e+00
3.968196153640747070e+00
3.874804973602294922e+00
3.429890871047973633e+00
4.190539121627807617e+00
1.881864786148071289e+00
2.362675189971923828e+00
2.373947143554687500e+00
3.168661117553710938e+00
2.298386335372924805e+00
3.168702840805053711e+00
4.772016763687133789e+00
2.861863374710083008e+00
2.462042093276977539e+00
4.099596023559570312e+00
2.040675163269042969e+00
4.039909124374389648e+00
2.032649278640747070e+00
3.757775068283081055e+00
2.228510141372680664e+00
1.831118106842041016e+00
2.293896913528442383e+00
2.475691080093383789e+00
2.357867002487182617e+00
2.111860036849975586e+00
2.791174888610839844e+00
2.471429824829101562e+00
2.395909786224365234e+00
2.530792951583862305e+00
2.480523109436035156e+00
2.564184188842773438e+00
2.597416877746582031e+00
2.843012094497680664e+00
2.486454963684082031e+00
2.156505823135375977e+00
2.685031890869140625e+00
2.972058057785034180e+00
2.189057826995849609e+00
2.567101001739501953e+00
2.662404060363769531e+00
2.327860116958618164e+00
2.709458827972412109e+00
2.678337097167968750e+00
2.466349840164184570e+00
2.400398254394531250e+00
2.391451120376586914e+00
2.601554155349731445e+00
2.515122890472412109e+00
2.580592870712280273e+00
2.768393039703369141e+00
2.578827857971191406e+00
2.458428144454956055e+00
2.453886985778808594e+00
2.678220033645629883e+00
2.313257932662963867e+00
2.685979127883911133e+00
2.778915166854858398e+00
2.558655023574829102e+00
2.118222951889038086e+00
2.718779087066650391e+00
3.001075983047485352e+00
2.955709934234619141e+00
2.919976949691772461e+00
2.620007991790771484e+00
3.108247995376586914e+00
2.517569780349731445e+00
3.577507972717285156e+00
2.750354290008544922e+00
2.867219209671020508e+00
3.022578001022338867e+00
3.054962873458862305e+00
2.987747907638549805e+00
3.118600845336914062e+00
3.196098089218139648e+00
2.797413825988769531e+00
3.181554079055786133e+00
3.014791965484619141e+00
2.352551937103271484e+00
3.128964900970458984e+00
2.933516979217529297e+00
2.727747917175292969e+00
3.069169998168945312e+00
2.820891141891479492e+00
2.954288244247436523e+00
3.120311021804809570e+00
3.079310178756713867e+00
2.780461072921752930e+00
3.183269739151000977e+00
2.508355140686035156e+00
2.728782892227172852e+00
2.445213794708251953e+00
3.278806924819946289e+00
3.288740158081054688e+00
3.242628812789916992e+00
2.266667127609252930e+00
2.721399068832397461e+00
3.261420965194702148e+00
3.400115013122558594e+00
3.337761878967285156e+00
2.673674821853637695e+00
2.776871919631958008e+00
3.439831018447875977e+00
3.247012138366699219e+00
3.212863922119140625e+00
2.852165937423706055e+00
3.010760784149169922e+00
2.859930753707885742e+00
2.928462266921997070e+00
2.794625043869018555e+00
3.159276008605957031e+00
3.456546068191528320e+00
2.835835218429565430e+00
1.642904758453369141e+00
2.565022945404052734e+00
2.501896858215332031e+00
2.697860002517700195e+00
2.835990905761718750e+00
3.250738859176635742e+00
3.209836959838867188e+00
3.225638866424560547e+00
3.459527015686035156e+00
3.528789997100830078e+00
2.960004091262817383e+00
2.533926963806152344e+00
3.384172201156616211e+00
3.405725955963134766e+00
2.693394899368286133e+00
2.574395895004272461e+00
3.023910999298095703e+00
3.396558046340942383e+00
2.736160993576049805e+00
2.839436054229736328e+00
2.327713012695312500e+00
3.144787073135375977e+00
2.276139974594116211e+00
2.404267072677612305e+00
2.648257017135620117e+00
2.747021198272705078e+00
2.946130990982055664e+00
2.674559831619262695e+00
3.477149248123168945e+00
2.426489830017089844e+00
2.501373052597045898e+00
3.017980337142944336e+00
3.582209110260009766e+00
2.694985389709472656e+00
2.425460815429687500e+00
3.619809150695800781e+00
3.648041963577270508e+00
3.675101995468139648e+00
4.020464897155761719e+00
2.710865974426269531e+00
3.050277233123779297e+00
2.817705392837524414e+00
2.311636924743652344e+00
3.791217803955078125e+00
2.061376094818115234e+00
2.966667175292968750e+00
2.304535865783691406e+00
3.294403076171875000e+00
2.737813949584960938e+00
2.696062088012695312e+00
2.460597038269042969e+00
2.374888896942138672e+00
2.877604961395263672e+00
3.074010133743286133e+00
3.124233961105346680e+00
3.021836042404174805e+00
3.644520998001098633e+00
2.261592864990234375e+00
3.050457954406738281e+00
3.216489076614379883e+00
4.219354867935180664e+00
2.902605772018432617e+00
2.843855142593383789e+00
3.442465782165527344e+00
3.072102069854736328e+00
3.139313936233520508e+00
2.989448070526123047e+00
2.878520965576171875e+00
2.836765050888061523e+00
3.039439678192138672e+00
2.460281848907470703e+00
3.533308982849121094e+00
3.095550775527954102e+00
2.590821981430053711e+00
3.618528127670288086e+00
2.972214698791503906e+00
2.523815155029296875e+00
3.151333093643188477e+00
2.401833057403564453e+00
3.197115898132324219e+00
2.438649177551269531e+00
2.636054754257202148e+00
2.904563903808593750e+00
3.714659214019775391e+00
2.498705863952636719e+00
2.245093822479248047e+00
2.617624044418334961e+00
3.300884962081909180e+00
3.230899810791015625e+00
2.584563970565795898e+00
2.736351013183593750e+00
2.729726791381835938e+00
2.667736768722534180e+00
2.221460342407226562e+00
2.638578891754150391e+00
2.663173675537109375e+00
3.048815965652465820e+00
2.737853288650512695e+00
3.362740993499755859e+00
2.791630029678344727e+00
3.171397924423217773e+00
2.744812965393066406e+00
3.367969989776611328e+00
2.628148794174194336e+00
2.336807966232299805e+00
2.387198925018310547e+00
3.345123052597045898e+00
2.848199844360351562e+00
2.595118999481201172e+00
2.864765167236328125e+00
2.677912950515747070e+00
2.990019083023071289e+00
2.989690780639648438e+00
2.062765121459960938e+00
2.952147960662841797e+00
3.098397016525268555e+00
2.808814287185668945e+00
2.797414064407348633e+00
3.312911987304687500e+00
2.966301918029785156e+00
2.968455314636230469e+00
2.576937913894653320e+00
2.944727182388305664e+00
2.426150083541870117e+00
2.799572944641113281e+00
2.357418060302734375e+00
2.500910997390747070e+00
3.162711143493652344e+00
2.527625083923339844e+00
2.966724872589111328e+00
2.325332880020141602e+00
3.032284021377563477e+00
2.682043790817260742e+00
2.653458833694458008e+00
3.247977018356323242e+00
2.538101911544799805e+00
2.963399887084960938e+00
3.151292085647583008e+00
2.777004241943359375e+00
2.931734085083007812e+00
2.388444900512695312e+00
2.698301076889038086e+00
2.525724172592163086e+00
3.522766113281250000e+00
2.950176954269409180e+00
2.848875999450683594e+00
2.622892618179321289e+00
2.542167901992797852e+00
3.864499092102050781e+00
2.537781000137329102e+00
2.544441223144531250e+00
2.520806789398193359e+00
3.042052268981933594e+00
2.818207025527954102e+00
3.565464019775390625e+00
3.490911960601806641e+00
2.782807826995849609e+00
3.097438097000122070e+00
3.439440727233886719e+00
2.637090682983398438e+00
2.944771051406860352e+00
2.855964899063110352e+00
2.726912021636962891e+00
2.406790971755981445e+00
2.722874879837036133e+00
2.477865934371948242e+00
2.763228893280029297e+00
2.291079282760620117e+00
2.390186071395874023e+00
3.229919910430908203e+00
3.195505857467651367e+00
3.234501838684082031e+00
2.217056989669799805e+00
2.560609102249145508e+00
3.093148231506347656e+00
2.435867309570312500e+00
2.212539911270141602e+00
3.243935823440551758e+00
2.969928026199340820e+00
2.308949947357177734e+00
2.627011060714721680e+00
2.504283905029296875e+00
2.284995794296264648e+00
2.725497961044311523e+00
2.563920259475708008e+00
2.727779150009155273e+00
2.954711675643920898e+00
3.113004922866821289e+00
2.914827108383178711e+00
2.908842086791992188e+00
2.735496997833251953e+00
3.193606853485107422e+00
2.400956869125366211e+00
3.063807964324951172e+00
2.762784004211425781e+00
3.157826662063598633e+00
2.657247066497802734e+00
2.716192007064819336e+00
3.325810194015502930e+00
2.734988927841186523e+00
2.768429040908813477e+00
2.988264083862304688e+00
2.716250181198120117e+00
2.154843807220458984e+00
2.145710945129394531e+00
3.231240987777709961e+00
3.164570808410644531e+00
3.313232183456420898e+00
2.205337047576904297e+00
3.143841981887817383e+00
3.186163902282714844e+00
2.221895933151245117e+00
3.270623922348022461e+00
2.763784408569335938e+00
3.138513326644897461e+00
1.986593008041381836e+00
3.041730642318725586e+00
3.230656147003173828e+00
3.085464954376220703e+00
2.965487957000732422e+00
3.654246091842651367e+00
3.442769050598144531e+00
2.283481121063232422e+00
3.348745822906494141e+00
3.697496891021728516e+00
3.485738039016723633e+00
3.153869152069091797e+00
2.678704977035522461e+00
2.711448669433593750e+00
2.280252933502197266e+00
2.968085765838623047e+00
2.473766088485717773e+00
2.264564990997314453e+00
2.982952833175659180e+00
3.191252946853637695e+00
2.838729858398437500e+00
2.941414117813110352e+00
3.283257961273193359e+00
3.081655025482177734e+00
2.338204860687255859e+00
3.028790950775146484e+00
2.778435945510864258e+00
3.411610841751098633e+00
3.462773084640502930e+00
3.201475143432617188e+00
2.243766069412231445e+00
2.694828033447265625e+00
3.389384269714355469e+00
3.174437284469604492e+00
2.745212793350219727e+00
3.161761045455932617e+00
3.583988904953002930e+00
3.344700098037719727e+00
3.641612052917480469e+00
3.272205829620361328e+00
2.898414850234985352e+00
2.830831766128540039e+00
3.419960021972656250e+00
3.439793109893798828e+00
3.072885990142822266e+00
3.544143676757812500e+00
3.352316856384277344e+00
3.094924211502075195e+00
2.815994977951049805e+00
4.111422061920166016e+00
3.595558166503906250e+00
3.662829875946044922e+00
3.916816949844360352e+00
3.676546096801757812e+00
3.983151197433471680e+00
4.028829097747802734e+00
2.377011060714721680e+00
2.923563957214355469e+00
3.974533796310424805e+00
3.212220191955566406e+00
2.920012950897216797e+00
3.079873085021972656e+00
2.548752784729003906e+00
3.680018901824951172e+00
3.015182971954345703e+00
2.606283903121948242e+00
3.724759101867675781e+00
2.581212759017944336e+00
2.498870134353637695e+00
3.725301027297973633e+00
4.453482151031494141e+00
2.618219852447509766e+00
4.199491024017333984e+00
2.652519941329956055e+00
2.745075941085815430e+00
2.776856899261474609e+00
3.102406978607177734e+00
3.281780004501342773e+00
3.771157026290893555e+00
3.151628017425537109e+00
2.840018033981323242e+00
3.979896068572998047e+00
3.667775869369506836e+00
2.865341901779174805e+00
2.937550067901611328e+00
2.908461093902587891e+00
3.497594118118286133e+00
2.960170269012451172e+00
4.640312910079956055e+00
3.058232069015502930e+00
3.028501033782958984e+00
2.832455873489379883e+00
2.474718093872070312e+00
3.646749973297119141e+00
3.463833093643188477e+00
5.112573146820068359e+00
1.682218074798583984e+00
4.752581119537353516e+00
2.754414796829223633e+00
3.944046974182128906e+00
3.017879009246826172e+00
2.311104059219360352e+00
4.602463006973266602e+00
2.986302375793457031e+00
3.186616182327270508e+00
4.063852787017822266e+00
2.305791854858398438e+00
3.257288932800292969e+00
2.986321926116943359e+00
1.960674762725830078e+00
3.321336746215820312e+00
4.466123104095458984e+00
1.841058969497680664e+00
1.764272212982177734e+00
2.169544935226440430e+00
3.336715936660766602e+00
3.620501995086669922e+00
3.440896034240722656e+00
3.821184873580932617e+00
3.998111009597778320e+00
3.010647058486938477e+00
3.565785884857177734e+00
2.295595884323120117e+00
4.063243150711059570e+00
3.817091703414916992e+00
2.645620822906494141e+00
2.438694000244140625e+00
2.456022977828979492e+00
2.445744991302490234e+00
3.868443965911865234e+00
3.126999139785766602e+00
3.973412752151489258e+00
3.511474847793579102e+00
2.451245784759521484e+00
1.819176197052001953e+00
2.400234937667846680e+00
1.889522790908813477e+00
2.096894025802612305e+00
2.649080038070678711e+00
2.645830869674682617e+00
2.856187820434570312e+00
2.743363857269287109e+00
2.853369235992431641e+00
2.903965234756469727e+00
3.136737108230590820e+00
3.254727125167846680e+00
3.284798860549926758e+00
3.993370771408081055e+00
2.715776920318603516e+00
3.123581171035766602e+00
3.200297117233276367e+00
4.846314907073974609e+00
2.684106826782226562e+00
3.190866231918334961e+00
3.734025001525878906e+00
2.203024864196777344e+00
2.353166103363037109e+00
2.335144996643066406e+00
2.382019042968750000e+00
2.616489887237548828e+00
3.494284868240356445e+00
3.410517930984497070e+00
3.417123079299926758e+00
3.814927101135253906e+00
3.308658838272094727e+00
2.612962007522583008e+00
2.463757753372192383e+00
3.728561878204345703e+00
2.739687919616699219e+00
2.655071020126342773e+00
2.715457916259765625e+00
3.628790140151977539e+00
3.853487014770507812e+00
2.424836158752441406e+00
2.774739027023315430e+00
2.691214084625244141e+00
3.373150110244750977e+00
2.865427017211914062e+00
2.993046998977661133e+00
2.033386707305908203e+00
3.565927982330322266e+00
2.542191267013549805e+00
3.168763160705566406e+00
2.842314004898071289e+00
3.106759071350097656e+00
3.146941900253295898e+00
3.921412706375122070e+00
2.910103082656860352e+00
3.410767078399658203e+00
3.671483039855957031e+00
3.167984962463378906e+00
3.130214929580688477e+00
3.458451032638549805e+00
3.216370105743408203e+00
3.412223815917968750e+00
3.507818937301635742e+00
3.456887006759643555e+00
3.525563955307006836e+00
2.608800888061523438e+00
3.011549234390258789e+00
3.078930377960205078e+00
2.192178010940551758e+00
3.825795173645019531e+00
2.972541809082031250e+00
3.392961025238037109e+00
3.253252029418945312e+00
3.514720916748046875e+00
3.862907886505126953e+00
3.584393978118896484e+00
3.877269983291625977e+00
2.571182966232299805e+00
2.097304105758666992e+00
3.722126960754394531e+00
2.808094024658203125e+00
4.078480958938598633e+00
3.904807806015014648e+00
2.654808044433593750e+00
3.964538097381591797e+00
3.750564813613891602e+00
3.163352727890014648e+00
4.004246950149536133e+00
2.828896045684814453e+00
3.023182868957519531e+00
2.388574838638305664e+00
2.698748111724853516e+00
2.867238759994506836e+00
2.645921945571899414e+00
3.500529766082763672e+00
2.990620851516723633e+00
2.788370132446289062e+00
3.299108028411865234e+00
2.949967145919799805e+00
3.029160976409912109e+00
2.871232032775878906e+00
2.715819120407104492e+00
2.817059040069580078e+00
2.949512958526611328e+00
1.879396200180053711e+00
2.229724884033203125e+00
2.119699001312255859e+00
2.781817913055419922e+00
2.959188938140869141e+00
2.304297924041748047e+00
2.695372104644775391e+00
1.787395954132080078e+00
2.388692855834960938e+00
2.969685077667236328e+00
2.148420810699462891e+00
2.512886047363281250e+00
2.037609100341796875e+00
2.634186983108520508e+00
3.331872940063476562e+00
2.920625925064086914e+00
2.636692047119140625e+00
2.178874015808105469e+00
2.250263690948486328e+00
3.013084888458251953e+00
2.914718866348266602e+00
2.821717023849487305e+00
3.172190189361572266e+00
2.484125852584838867e+00
3.091501951217651367e+00
2.696364879608154297e+00
2.527836084365844727e+00
3.219712018966674805e+00
2.528497934341430664e+00
2.539728879928588867e+00
2.726871013641357422e+00
2.364795923233032227e+00
2.940016984939575195e+00
2.694697856903076172e+00
2.481083869934082031e+00
2.364548206329345703e+00
2.462186098098754883e+00
2.402029752731323242e+00
2.706158876419067383e+00
2.499387025833129883e+00
2.815871953964233398e+00
2.791342020034790039e+00
2.250844955444335938e+00
2.850536823272705078e+00
2.906202793121337891e+00
2.488577127456665039e+00
2.261317729949951172e+00
2.556069850921630859e+00
2.561061859130859375e+00
2.769813060760498047e+00
2.775099992752075195e+00
2.881669759750366211e+00
2.737739086151123047e+00
2.716695070266723633e+00
2.205032825469970703e+00
2.871770858764648438e+00
2.079411983489990234e+00
2.762072801589965820e+00
3.082820177078247070e+00
2.808917999267578125e+00
2.482057094573974609e+00
2.921936750411987305e+00
2.424599170684814453e+00
2.486274003982543945e+00
2.781968832015991211e+00
2.952389955520629883e+00
2.829791069030761719e+00
2.647831201553344727e+00
2.879678249359130859e+00
3.690689086914062500e+00
2.598455190658569336e+00
3.185296058654785156e+00
2.737003087997436523e+00
3.411266088485717773e+00
3.541352033615112305e+00
2.726623058319091797e+00
2.619078874588012695e+00
2.894013881683349609e+00
3.462819099426269531e+00
2.698503971099853516e+00
2.775343179702758789e+00
2.936961889266967773e+00
2.722317934036254883e+00
2.585432052612304688e+00
2.831717014312744141e+00
3.233061790466308594e+00
2.885785102844238281e+00
3.320972919464111328e+00
3.232645273208618164e+00
3.131625890731811523e+00
2.296591997146606445e+00
2.624568939208984375e+00
2.399838209152221680e+00
2.632795095443725586e+00
3.010942935943603516e+00
2.222425937652587891e+00
2.178676128387451172e+00
3.207500219345092773e+00
1.826482772827148438e+00
2.842406034469604492e+00
2.628481864929199219e+00
2.714632034301757812e+00
3.214107036590576172e+00
2.477530002593994141e+00
3.117264032363891602e+00
2.426328659057617188e+00
2.894654989242553711e+00
2.919479131698608398e+00
2.549934148788452148e+00
4.406309127807617188e+00
2.907027959823608398e+00
2.725930929183959961e+00
3.253664016723632812e+00
3.692099094390869141e+00
3.125899076461791992e+00
2.204043149948120117e+00
2.689748048782348633e+00
2.459542989730834961e+00
2.564876794815063477e+00
2.319019079208374023e+00
2.359916687011718750e+00
2.354197263717651367e+00
3.829421997070312500e+00
2.249709129333496094e+00
3.581500768661499023e+00
2.670150279998779297e+00
3.007012128829956055e+00
2.748668193817138672e+00
2.726994037628173828e+00
2.235780954360961914e+00
3.544978857040405273e+00
2.653949975967407227e+00
2.939250946044921875e+00
2.811712026596069336e+00
2.949322938919067383e+00
2.931600093841552734e+00
2.815956115722656250e+00
2.154761075973510742e+00
2.827846765518188477e+00
2.697622776031494141e+00
2.693506002426147461e+00
3.100043058395385742e+00
3.111514091491699219e+00
3.173190116882324219e+00
2.591806173324584961e+00
3.924778938293457031e+00
2.110121965408325195e+00
3.227729082107543945e+00
2.767462968826293945e+00
3.158853769302368164e+00
2.624795913696289062e+00
2.338959217071533203e+00
3.344891071319580078e+00
3.098402023315429688e+00
2.880748987197875977e+00
3.649137973785400391e+00
2.795676231384277344e+00
1.858757257461547852e+00
3.312986135482788086e+00
2.249936819076538086e+00
3.087593793869018555e+00
3.178917169570922852e+00
2.535058975219726562e+00
2.732733964920043945e+00
2.340463161468505859e+00
2.716523647308349609e+00
3.443168878555297852e+00
3.090957880020141602e+00
2.468971014022827148e+00
2.934339046478271484e+00
2.817817687988281250e+00
2.710717916488647461e+00
3.512148857116699219e+00
2.431284904479980469e+00
2.973638057708740234e+00
2.352209091186523438e+00
2.448365211486816406e+00
2.462045907974243164e+00
2.272593259811401367e+00
2.705619096755981445e+00
3.530098915100097656e+00
4.027370929718017578e+00
3.193021059036254883e+00
2.660190820693969727e+00
3.214634895324707031e+00
3.158763170242309570e+00
2.724025011062622070e+00
2.639207124710083008e+00
2.718576908111572266e+00
2.950361251831054688e+00
2.185248136520385742e+00
2.854297876358032227e+00
2.153640985488891602e+00
2.891450881958007812e+00
1.563486814498901367e+00
3.189154148101806641e+00
2.278199195861816406e+00
3.047291040420532227e+00
3.042312145233154297e+00
2.257823944091796875e+00
2.386865854263305664e+00
4.401329278945922852e+00
3.003456115722656250e+00
2.548949003219604492e+00
2.822335004806518555e+00
3.644139051437377930e+00
2.638097047805786133e+00
2.479157924652099609e+00
2.549352884292602539e+00
2.677757024765014648e+00
3.619034051895141602e+00
3.022001981735229492e+00
3.380949974060058594e+00
2.786031007766723633e+00
2.136775970458984375e+00
4.189785718917846680e+00
3.600382089614868164e+00
3.917780876159667969e+00
2.695290803909301758e+00
3.160391092300415039e+00
3.807702064514160156e+00
3.544019222259521484e+00
3.795586824417114258e+00
3.831838130950927734e+00
2.163510084152221680e+00
4.009143114089965820e+00
2.228585958480834961e+00
4.178902149200439453e+00
2.097402095794677734e+00
5.228579998016357422e+00
2.431393146514892578e+00
2.255426168441772461e+00
2.791157960891723633e+00
2.130757093429565430e+00
1.716109037399291992e+00
2.873105287551879883e+00
2.191125869750976562e+00
2.553324699401855469e+00
2.066785812377929688e+00
2.798122882843017578e+00
2.186864852905273438e+00
2.466135740280151367e+00
2.333562135696411133e+00
2.607445955276489258e+00
2.394195795059204102e+00
2.163417100906372070e+00
1.990210056304931641e+00
2.376561880111694336e+00
1.997048139572143555e+00
2.499284029006958008e+00
2.656862974166870117e+00
2.283077001571655273e+00
2.542133092880249023e+00
2.859089851379394531e+00
2.573482036590576172e+00
2.345929861068725586e+00
3.006473302841186523e+00
2.993546962738037109e+00
2.863789081573486328e+00
1.864737033843994141e+00
2.952857017517089844e+00
2.480261087417602539e+00
2.873483657836914062e+00
2.760632276535034180e+00
2.422657012939453125e+00
2.663568735122680664e+00
2.708060026168823242e+00
2.361477136611938477e+00
2.489021062850952148e+00
2.943130970001220703e+00
2.844854116439819336e+00
3.102848052978515625e+00
3.170695066452026367e+00
3.147164821624755859e+00
2.897341012954711914e+00
3.267276763916015625e+00
2.958110809326171875e+00
3.256380081176757812e+00
2.855331182479858398e+00
3.290610313415527344e+00
3.390565872192382812e+00
3.116890907287597656e+00
2.532115936279296875e+00
3.219961881637573242e+00
3.308815002441406250e+00
3.264150142669677734e+00
2.740956783294677734e+00
2.947015047073364258e+00
3.692349910736083984e+00
2.555775880813598633e+00
2.757340908050537109e+00
3.050101041793823242e+00
2.687839984893798828e+00
3.357424259185791016e+00
3.451294898986816406e+00
3.157930135726928711e+00
2.655859947204589844e+00
3.979173898696899414e+00
2.580273151397705078e+00
2.719983100891113281e+00
2.597059965133666992e+00
2.880100965499877930e+00
3.524053096771240234e+00
2.714518070220947266e+00
3.336495161056518555e+00
3.489686012268066406e+00
2.814894199371337891e+00
4.045573949813842773e+00
4.449090957641601562e+00
2.802937984466552734e+00
2.641577959060668945e+00
4.444657802581787109e+00
2.991347074508666992e+00
2.527643918991088867e+00
3.292099237442016602e+00
2.865049123764038086e+00
3.649507999420166016e+00
3.061068058013916016e+00
3.646262884140014648e+00
3.285137891769409180e+00
2.588471889495849609e+00
2.776628971099853516e+00
2.868414878845214844e+00
3.599456071853637695e+00
3.182534217834472656e+00
3.191431045532226562e+00
3.085224866867065430e+00
3.294735908508300781e+00
2.608251094818115234e+00
4.000658988952636719e+00
3.108417034149169922e+00
3.099574089050292969e+00
2.498318910598754883e+00
2.637485980987548828e+00
2.605890035629272461e+00
2.486488103866577148e+00
3.272116899490356445e+00
3.494809627532958984e+00
3.721560001373291016e+00
2.643624067306518555e+00
3.802986145019531250e+00
4.089112043380737305e+00
3.641933679580688477e+00
3.412584066390991211e+00
3.166139841079711914e+00
2.810681819915771484e+00
2.558156251907348633e+00
2.737231254577636719e+00
3.774837970733642578e+00
3.915112972259521484e+00
2.566281795501708984e+00
2.523046970367431641e+00
3.053270101547241211e+00
2.763689994812011719e+00
2.432289838790893555e+00
2.853256940841674805e+00
1.956618070602416992e+00
2.049811124801635742e+00
2.804903030395507812e+00
3.353811979293823242e+00
2.883157014846801758e+00
1.971462249755859375e+00
2.099273920059204102e+00
2.318253040313720703e+00
2.232832908630371094e+00
3.533180236816406250e+00
2.007494926452636719e+00
3.229821920394897461e+00
2.979650020599365234e+00
3.257546901702880859e+00
2.321465015411376953e+00
2.602925062179565430e+00
2.168687820434570312e+00
2.345701694488525391e+00
2.690145969390869141e+00
3.417518138885498047e+00
2.298057079315185547e+00
2.386748075485229492e+00
2.381733894348144531e+00
2.412651777267456055e+00
2.475604057312011719e+00
2.932618141174316406e+00
1.949631214141845703e+00
2.554225921630859375e+00
2.490706920623779297e+00
1.884558916091918945e+00
2.912901163101196289e+00
2.746984004974365234e+00
2.549057006835937500e+00
2.694623947143554688e+00
2.914837837219238281e+00
2.374331951141357422e+00
2.949992895126342773e+00
2.732619047164916992e+00
2.844915151596069336e+00
2.175863027572631836e+00
2.743400096893310547e+00
2.452922105789184570e+00
2.834760189056396484e+00
2.913256168365478516e+00
3.040457248687744141e+00
3.137977838516235352e+00
2.334245204925537109e+00
2.406134843826293945e+00
3.347761154174804688e+00
3.404663085937500000e+00
3.536410093307495117e+00
3.429411888122558594e+00
3.320722103118896484e+00
3.337706089019775391e+00
2.723673820495605469e+00
2.692090988159179688e+00
3.604262351989746094e+00
2.288091182708740234e+00
2.349958896636962891e+00
3.453037738800048828e+00
3.109545946121215820e+00
2.906265020370483398e+00
2.867145061492919922e+00
2.311804294586181641e+00
3.399649143218994141e+00
3.336285114288330078e+00
3.889350175857543945e+00
2.922053098678588867e+00
3.736298799514770508e+00
3.396651029586791992e+00
3.907842636108398438e+00
2.458393812179565430e+00
3.172341823577880859e+00
3.101570129394531250e+00
2.566033840179443359e+00
3.681286811828613281e+00
3.357615947723388672e+00
3.547515153884887695e+00
3.208579063415527344e+00
3.255961179733276367e+00
2.711473941802978516e+00
2.934201002120971680e+00
2.251209020614624023e+00
2.871149063110351562e+00
2.720247983932495117e+00
3.433684825897216797e+00
2.874128818511962891e+00
2.734370231628417969e+00
2.507857084274291992e+00
3.533825159072875977e+00
3.409168243408203125e+00
2.880374908447265625e+00
3.377098083496093750e+00
2.162271976470947266e+00
3.688853979110717773e+00
2.452767133712768555e+00
3.273355245590209961e+00
2.864165067672729492e+00
2.888216018676757812e+00
1.849128961563110352e+00
3.995435714721679688e+00
2.753324747085571289e+00
2.196598052978515625e+00
2.029697179794311523e+00
2.807621717453002930e+00
2.678242921829223633e+00
2.695999145507812500e+00
2.354016065597534180e+00
2.584397077560424805e+00
3.192684173583984375e+00
2.395008087158203125e+00
2.187196731567382812e+00
3.846280813217163086e+00
2.585053920745849609e+00
2.612679958343505859e+00
2.485598325729370117e+00
2.492383003234863281e+00
3.323574066162109375e+00
2.997905969619750977e+00
3.509511947631835938e+00
2.149469137191772461e+00
2.529084205627441406e+00
2.622056961059570312e+00
2.963074922561645508e+00
2.669101953506469727e+00
2.791986942291259766e+00
2.052860260009765625e+00
2.093235969543457031e+00
2.724600076675415039e+00
2.811594009399414062e+00
2.245808124542236328e+00
3.430338144302368164e+00
1.890401840209960938e+00
2.177819013595581055e+00
2.188461065292358398e+00
3.595205068588256836e+00
2.698078870773315430e+00
2.421049118041992188e+00
2.535043239593505859e+00
3.273250818252563477e+00
2.472134351730346680e+00
2.472553968429565430e+00
3.136841773986816406e+00
3.307525873184204102e+00
3.403968095779418945e+00
2.749159097671508789e+00
3.269725084304809570e+00
2.335454940795898438e+00
2.907644033432006836e+00
2.929424285888671875e+00
3.258704900741577148e+00
3.369886159896850586e+00
3.300619840621948242e+00
3.034465074539184570e+00
3.378980875015258789e+00
3.032606124877929688e+00
3.369630098342895508e+00
2.886185884475708008e+00
3.004404067993164062e+00
3.269896984100341797e+00
2.774041891098022461e+00
2.515527248382568359e+00
3.523331880569458008e+00
3.154192924499511719e+00
3.418951749801635742e+00
2.101342916488647461e+00
3.340399026870727539e+00
3.651960134506225586e+00
3.887626886367797852e+00
3.679188013076782227e+00
3.520307779312133789e+00
3.651212215423583984e+00
3.912425994873046875e+00
2.743434190750122070e+00
3.381163835525512695e+00
2.977968931198120117e+00
3.302724123001098633e+00
2.659881114959716797e+00
3.468759775161743164e+00
2.533156871795654297e+00
2.550845146179199219e+00
4.044217109680175781e+00
4.039860963821411133e+00
1.827206134796142578e+00
3.362545967102050781e+00
4.036110877990722656e+00
3.252518892288208008e+00
3.612181901931762695e+00
2.093987941741943359e+00
2.971618890762329102e+00
2.535326004028320312e+00
2.642599821090698242e+00
3.433839082717895508e+00
2.831831216812133789e+00
2.841157913208007812e+00
2.330588102340698242e+00
2.709117174148559570e+00
3.703476905822753906e+00
2.089313030242919922e+00
2.783135890960693359e+00
3.177978992462158203e+00
2.806105852127075195e+00
3.515971899032592773e+00
2.660086154937744141e+00
2.952944278717041016e+00
2.875003099441528320e+00
2.613914728164672852e+00
1.974962949752807617e+00
3.093649864196777344e+00
4.168112993240356445e+00
2.830323934555053711e+00
2.889557123184204102e+00
2.757956027984619141e+00
3.551652908325195312e+00
1.856708049774169922e+00
3.033746957778930664e+00
3.267005920410156250e+00
3.111131906509399414e+00
3.178884983062744141e+00
3.710158109664916992e+00
2.950273036956787109e+00
1.968114852905273438e+00
3.756822109222412109e+00
2.730823040008544922e+00
2.062160015106201172e+00
2.343631029129028320e+00
2.268734931945800781e+00
2.320443868637084961e+00
1.875781059265136719e+00
2.541157007217407227e+00
2.631437063217163086e+00
2.537868022918701172e+00
2.153208017349243164e+00
2.277220249176025391e+00
2.274446964263916016e+00
2.364959001541137695e+00
3.014379978179931641e+00
1.763955831527709961e+00
2.217536211013793945e+00
2.114141941070556641e+00
1.706626176834106445e+00
2.617959022521972656e+00
2.539091825485229492e+00
2.746348857879638672e+00
2.899556159973144531e+00
3.002970933914184570e+00
2.849593162536621094e+00
3.031497240066528320e+00
2.909501791000366211e+00
2.838784933090209961e+00
2.900368213653564453e+00
2.124872922897338867e+00
2.713017940521240234e+00
2.576049089431762695e+00
2.298664331436157227e+00
3.129582881927490234e+00
2.536322116851806641e+00
2.770724058151245117e+00
2.412710905075073242e+00
2.979255199432373047e+00
2.802186965942382812e+00
3.176198959350585938e+00
2.517411947250366211e+00
2.846723079681396484e+00
2.816043138504028320e+00
3.012006759643554688e+00
3.112173080444335938e+00
2.516151905059814453e+00
3.227113962173461914e+00
2.855976104736328125e+00
2.675281763076782227e+00
3.826131105422973633e+00
2.791365146636962891e+00
3.277106046676635742e+00
2.522673130035400391e+00
2.391590118408203125e+00
3.108828067779541016e+00
3.595694065093994141e+00
2.650231122970581055e+00
3.044181823730468750e+00
3.442575931549072266e+00
2.912139892578125000e+00
2.841273069381713867e+00
1.890223026275634766e+00
2.684715986251831055e+00
3.693971872329711914e+00
3.064102172851562500e+00
3.598079919815063477e+00
2.983963727951049805e+00
3.071202039718627930e+00
2.448130130767822266e+00
2.013192176818847656e+00
3.181276082992553711e+00
3.768557071685791016e+00
3.038106203079223633e+00
3.281904935836791992e+00
3.345515012741088867e+00
3.291024208068847656e+00
3.391557931900024414e+00
2.557030916213989258e+00
3.403200149536132812e+00
3.591002225875854492e+00
3.400245189666748047e+00
2.563448190689086914e+00
3.613402128219604492e+00
2.642613887786865234e+00
3.454169988632202148e+00
4.001342773437500000e+00
3.591044187545776367e+00
2.585354089736938477e+00
3.403086185455322266e+00
2.030955076217651367e+00
2.607409000396728516e+00
2.497028827667236328e+00
3.923860073089599609e+00
2.748615264892578125e+00
4.109791040420532227e+00
1.949509143829345703e+00
2.707948923110961914e+00
2.432597160339355469e+00
2.045782089233398438e+00
2.375117063522338867e+00
2.817288160324096680e+00
2.548223972320556641e+00
2.468087911605834961e+00
1.803569316864013672e+00
3.299881935119628906e+00
2.482614994049072266e+00
3.371786117553710938e+00
3.108855247497558594e+00
2.247133970260620117e+00
1.900645017623901367e+00
2.300375938415527344e+00
2.719933271408081055e+00
2.766515016555786133e+00
2.636281967163085938e+00
2.829342842102050781e+00
2.668246030807495117e+00
2.373530149459838867e+00
2.814118146896362305e+00
2.596007823944091797e+00
3.278202056884765625e+00
3.317639827728271484e+00
2.900176763534545898e+00
2.846124887466430664e+00
2.251853704452514648e+00
2.284829854965209961e+00
3.020416975021362305e+00
2.987749099731445312e+00
3.426242113113403320e+00
2.231137752532958984e+00
2.883311986923217773e+00
2.522226095199584961e+00
3.644361972808837891e+00
2.202409267425537109e+00
2.737744092941284180e+00
2.229468822479248047e+00
2.391275167465209961e+00
3.105839967727661133e+00
2.979737043380737305e+00
2.900006294250488281e+00
2.718180179595947266e+00
2.839523077011108398e+00
2.974601984024047852e+00
1.922209978103637695e+00
2.398217916488647461e+00
2.691659688949584961e+00
2.617403745651245117e+00
3.057288885116577148e+00
2.476300001144409180e+00
2.584219932556152344e+00
3.156366825103759766e+00
3.008169889450073242e+00
2.956046104431152344e+00
3.825723886489868164e+00
3.014337778091430664e+00
3.182618856430053711e+00
3.013931035995483398e+00
3.165421009063720703e+00
2.118824005126953125e+00
2.802373886108398438e+00
3.120960950851440430e+00
2.343718767166137695e+00
2.540952205657958984e+00
2.488912105560302734e+00
2.551926612854003906e+00
3.497844934463500977e+00
3.438030958175659180e+00
2.411508083343505859e+00
2.556474924087524414e+00
2.727996826171875000e+00
1.909776926040649414e+00
2.207615137100219727e+00
2.373311996459960938e+00
2.811594963073730469e+00
3.105944156646728516e+00
1.852419137954711914e+00
3.153145074844360352e+00
2.937228202819824219e+00
3.402798175811767578e+00
2.889222145080566406e+00
2.036192893981933594e+00
2.518851041793823242e+00
2.186908721923828125e+00
2.307320833206176758e+00
2.645231008529663086e+00
2.166647911071777344e+00
2.405268907546997070e+00
2.799660921096801758e+00
2.272614240646362305e+00
2.718600034713745117e+00
3.071588993072509766e+00
2.367411851882934570e+00
2.429286003112792969e+00
2.048269033432006836e+00
2.943615913391113281e+00
2.736641168594360352e+00
2.912309885025024414e+00
2.906423091888427734e+00
2.737924814224243164e+00
3.327595949172973633e+00
3.090914964675903320e+00
2.632072925567626953e+00
2.431988954544067383e+00
3.244157791137695312e+00
2.288928985595703125e+00
3.265046834945678711e+00
3.043978929519653320e+00
3.338353872299194336e+00
2.764187812805175781e+00
2.260357856750488281e+00
2.689092874526977539e+00
3.193864822387695312e+00
2.557283163070678711e+00
2.814561843872070312e+00
2.732805252075195312e+00
3.216281890869140625e+00
2.774548053741455078e+00
2.817398071289062500e+00
2.672443151473999023e+00
3.272568225860595703e+00
3.001670837402343750e+00
2.495315313339233398e+00
3.672868013381958008e+00
3.460420131683349609e+00
3.179012060165405273e+00
2.297922849655151367e+00
3.162258863449096680e+00
4.262843132019042969e+00
3.220444917678833008e+00
2.992384910583496094e+00
3.606437921524047852e+00
3.560047149658203125e+00
3.189126253128051758e+00
3.027556896209716797e+00
3.652173280715942383e+00
3.526363134384155273e+00
2.991441726684570312e+00
2.696335077285766602e+00
3.743613004684448242e+00
2.460785865783691406e+00
2.884450912475585938e+00
2.552105188369750977e+00
2.474787950515747070e+00
2.333901643753051758e+00
4.229927778244018555e+00
2.451718807220458984e+00
2.554939985275268555e+00
2.724924087524414062e+00
2.827741146087646484e+00
2.512044906616210938e+00
2.587460756301879883e+00
2.172922134399414062e+00
2.493507862091064453e+00
3.216284036636352539e+00
3.654188156127929688e+00
2.362672090530395508e+00
2.700516223907470703e+00
4.294653892517089844e+00
3.048551797866821289e+00
3.055864095687866211e+00
2.798352956771850586e+00
2.897906064987182617e+00
2.689757108688354492e+00
2.953259706497192383e+00
2.776594877243041992e+00
2.187724113464355469e+00
2.313288927078247070e+00
2.159627914428710938e+00
3.072671890258789062e+00
2.386335849761962891e+00
2.317044973373413086e+00
3.215584993362426758e+00
2.250989198684692383e+00
2.402982950210571289e+00
1.785957813262939453e+00
1.681694984436035156e+00
2.667939186096191406e+00
2.167617082595825195e+00
2.075100898742675781e+00
2.492061853408813477e+00
2.731443881988525391e+00
2.537245035171508789e+00
1.952975988388061523e+00
2.799534082412719727e+00
2.077116250991821289e+00
2.133336067199707031e+00
2.438308954238891602e+00
2.481551170349121094e+00
3.000380992889404297e+00
2.035084009170532227e+00
2.443233966827392578e+00
2.351476907730102539e+00
2.803366184234619141e+00
1.639501094818115234e+00
2.507786989212036133e+00
2.057621955871582031e+00
2.239001035690307617e+00
2.288706064224243164e+00
2.927127838134765625e+00
2.354987144470214844e+00
2.581085205078125000e+00
2.756521940231323242e+00
2.479124784469604492e+00
2.050115823745727539e+00
2.093752145767211914e+00
2.876718759536743164e+00
2.702677011489868164e+00
2.372061967849731445e+00
2.530850172042846680e+00
2.842804908752441406e+00
2.181720018386840820e+00
2.240323066711425781e+00
2.923058032989501953e+00
2.409007072448730469e+00
2.393088102340698242e+00
1.720327854156494141e+00
2.386385917663574219e+00
2.636598110198974609e+00
3.067589044570922852e+00
3.182183265686035156e+00
2.976527929306030273e+00
3.049546003341674805e+00
2.523069858551025391e+00
1.661242961883544922e+00
2.823366880416870117e+00
2.599412918090820312e+00
2.910718917846679688e+00
2.877833843231201172e+00
3.026420831680297852e+00
2.632228136062622070e+00
2.118507146835327148e+00
2.721816778182983398e+00
2.145566940307617188e+00
3.144881010055541992e+00
2.330409049987792969e+00
2.679173231124877930e+00
2.857893228530883789e+00
2.832841157913208008e+00
2.267225027084350586e+00
3.224194049835205078e+00
2.981536865234375000e+00
2.848778963088989258e+00
2.865241050720214844e+00
3.281579017639160156e+00
2.947262048721313477e+00
2.158927202224731445e+00
3.056350946426391602e+00
2.361146211624145508e+00
2.404336929321289062e+00
2.822168827056884766e+00
2.556929111480712891e+00
2.461637735366821289e+00
2.546343088150024414e+00
2.816217184066772461e+00
2.969262123107910156e+00
2.561266183853149414e+00
2.558362960815429688e+00
2.858516931533813477e+00
2.115383148193359375e+00
2.906623363494873047e+00
2.875139951705932617e+00
2.913395881652832031e+00
2.114222049713134766e+00
2.998363018035888672e+00
3.216716051101684570e+00
2.948681831359863281e+00
2.438399076461791992e+00
2.329171895980834961e+00
2.542680025100708008e+00
1.968649148941040039e+00
2.552830934524536133e+00
2.469074964523315430e+00
2.693647861480712891e+00
2.374386072158813477e+00
2.353827953338623047e+00
2.942761898040771484e+00
3.023601770401000977e+00
2.706359863281250000e+00
2.820024967193603516e+00
2.530778884887695312e+00
2.795230865478515625e+00
2.126662969589233398e+00
2.547415018081665039e+00
3.111425876617431641e+00
2.873364925384521484e+00
2.455188989639282227e+00
2.609614133834838867e+00
2.872241973876953125e+00
2.561029911041259766e+00
2.487711906433105469e+00
2.940062999725341797e+00
2.567800045013427734e+00
2.653825998306274414e+00
3.245793104171752930e+00
2.627926111221313477e+00
1.927204847335815430e+00
2.166885852813720703e+00
2.468691110610961914e+00
1.659878969192504883e+00
2.352668046951293945e+00
2.527323961257934570e+00
2.682001829147338867e+00
2.730842113494873047e+00
2.533745050430297852e+00
3.271467208862304688e+00
2.152109861373901367e+00
2.710362195968627930e+00
2.398957729339599609e+00
2.002182960510253906e+00
2.427901029586791992e+00
2.069001197814941406e+00
2.568775892257690430e+00
2.785825014114379883e+00
2.618161916732788086e+00
2.861829996109008789e+00
2.869045972824096680e+00
3.030321836471557617e+00
2.475105047225952148e+00
3.111508131027221680e+00
1.748795747756958008e+00
2.930119991302490234e+00
1.855711936950683594e+00
2.648162841796875000e+00
2.394045114517211914e+00
2.306681156158447266e+00
2.287724971771240234e+00
2.175671100616455078e+00
2.109147787094116211e+00
2.504938125610351562e+00
2.356146812438964844e+00
2.344156026840209961e+00
2.854047060012817383e+00
2.249948740005493164e+00
2.266470909118652344e+00
2.445982933044433594e+00
2.768568038940429688e+00
3.073402166366577148e+00
3.151201248168945312e+00
2.809973001480102539e+00
2.764339923858642578e+00
2.785197734832763672e+00
2.884805202484130859e+00
2.284766912460327148e+00
3.006751775741577148e+00
2.108824253082275391e+00
3.300114870071411133e+00
3.183201074600219727e+00
3.127402067184448242e+00
2.970311880111694336e+00
3.163113117218017578e+00
2.162915945053100586e+00
3.309921026229858398e+00
3.400742053985595703e+00
2.422880172729492188e+00
2.916707038879394531e+00
3.013183832168579102e+00
1.953862905502319336e+00
3.094958782196044922e+00
1.876106977462768555e+00
2.550628662109375000e+00
2.316920042037963867e+00
3.102298021316528320e+00
2.367594242095947266e+00
3.644609928131103516e+00
1.907715797424316406e+00
3.126582860946655273e+00
2.451360940933227539e+00
2.163326978683471680e+00
2.812575101852416992e+00
3.620320796966552734e+00
3.475417137145996094e+00
2.302056074142456055e+00
2.765542030334472656e+00
2.422056913375854492e+00
2.152588844299316406e+00
3.977954149246215820e+00
2.605328083038330078e+00
2.640920162200927734e+00
2.509865999221801758e+00
3.026782989501953125e+00
2.637678146362304688e+00
2.611171007156372070e+00
3.612158060073852539e+00
2.830549001693725586e+00
2.806040048599243164e+00
2.402824878692626953e+00
3.086273908615112305e+00
2.596673011779785156e+00
2.620884180068969727e+00
1.729956150054931641e+00
2.536416053771972656e+00
1.877809762954711914e+00
2.694555044174194336e+00
2.683722019195556641e+00
2.743119001388549805e+00
2.174355030059814453e+00
3.063504219055175781e+00
1.874918937683105469e+00
1.702834844589233398e+00
2.102530002593994141e+00
2.575670003890991211e+00
2.327274084091186523e+00
2.063529014587402344e+00
1.688777923583984375e+00
1.610569953918457031e+00
1.799078941345214844e+00
1.884788990020751953e+00
2.418051719665527344e+00
2.387801170349121094e+00
2.415852069854736328e+00
2.635117769241333008e+00
2.698060750961303711e+00
2.320212841033935547e+00
2.161474943161010742e+00
2.563843250274658203e+00
2.435014009475708008e+00
1.815452098846435547e+00
2.562953233718872070e+00
2.564243078231811523e+00
2.555265903472900391e+00
2.201838970184326172e+00
2.420372009277343750e+00
2.728004932403564453e+00
2.579421043395996094e+00
2.175141811370849609e+00
3.209310054779052734e+00
3.145097970962524414e+00
2.752537965774536133e+00
3.423387289047241211e+00
2.962338685989379883e+00
2.934857130050659180e+00
2.056226730346679688e+00
2.113995790481567383e+00
2.026944875717163086e+00
2.634685993194580078e+00
3.061032056808471680e+00
3.473435163497924805e+00
2.990454196929931641e+00
3.138746976852416992e+00
2.499784946441650391e+00
2.673866033554077148e+00
2.924903154373168945e+00
3.552454948425292969e+00
3.543039083480834961e+00
1.995007991790771484e+00
3.589421033859252930e+00
3.178918123245239258e+00
2.243897199630737305e+00
3.320869684219360352e+00
3.063188076019287109e+00
3.395260810852050781e+00
3.222267866134643555e+00
2.852629899978637695e+00
2.344500780105590820e+00
3.335270166397094727e+00
3.577871084213256836e+00
3.229487180709838867e+00
2.861168861389160156e+00
3.272413969039916992e+00
2.967572927474975586e+00
3.550995826721191406e+00
2.118546009063720703e+00
2.204818010330200195e+00
1.939141273498535156e+00
1.828381061553955078e+00
2.543537855148315430e+00
3.120455026626586914e+00
1.570296764373779297e+00
2.216456890106201172e+00
2.394575834274291992e+00
1.810539007186889648e+00
2.120290994644165039e+00
1.766667842864990234e+00
2.565629005432128906e+00
2.573399066925048828e+00
2.880859136581420898e+00
2.305121183395385742e+00
2.934785127639770508e+00
2.738063812255859375e+00
2.809461116790771484e+00
2.838657855987548828e+00
2.955386877059936523e+00
2.211256980895996094e+00
3.448555946350097656e+00
2.693478822708129883e+00
2.772250175476074219e+00
2.509824037551879883e+00
3.625241041183471680e+00
2.571692228317260742e+00
3.299917936325073242e+00
2.602598905563354492e+00
2.724261999130249023e+00
3.102019786834716797e+00
2.659005880355834961e+00
2.688568830490112305e+00
2.742959022521972656e+00
3.415659904479980469e+00
2.795142889022827148e+00
3.632844924926757812e+00
3.014707803726196289e+00
2.935959815979003906e+00
2.943035125732421875e+00
3.183586120605468750e+00
3.169406890869140625e+00
2.945680141448974609e+00
3.016119003295898438e+00
2.803996801376342773e+00
3.022780179977416992e+00
2.730417013168334961e+00
2.025075912475585938e+00
3.303151845932006836e+00
2.671900987625122070e+00
3.118938922882080078e+00
2.970522165298461914e+00
2.455598115921020508e+00
3.296408176422119141e+00
3.039004087448120117e+00
3.188194036483764648e+00
3.304510354995727539e+00
3.261895179748535156e+00
3.336826801300048828e+00
3.304368019104003906e+00
2.549816131591796875e+00
3.092049837112426758e+00
2.557843208312988281e+00
3.272190093994140625e+00
2.028213977813720703e+00
1.974385023117065430e+00
2.613745927810668945e+00
1.740471124649047852e+00
1.849823236465454102e+00
2.369878053665161133e+00
2.729611873626708984e+00
2.236624240875244141e+00
1.697327852249145508e+00
2.326391935348510742e+00
2.415057897567749023e+00
1.858732938766479492e+00
2.374361991882324219e+00
2.445691823959350586e+00
2.439862966537475586e+00
1.821056127548217773e+00
2.201861858367919922e+00
2.602401018142700195e+00
2.330689191818237305e+00
1.647156000137329102e+00
2.098726749420166016e+00
2.322537899017333984e+00
3.134351968765258789e+00
1.919747829437255859e+00
2.528123855590820312e+00
2.407121896743774414e+00
3.197707176208496094e+00
2.721380949020385742e+00
2.623483180999755859e+00
2.749804019927978516e+00
2.784168958663940430e+00
2.763990163803100586e+00
2.617974042892456055e+00
2.696722984313964844e+00
2.762335062026977539e+00
2.377274036407470703e+00
1.883010149002075195e+00
2.339303016662597656e+00
2.582080841064453125e+00
2.435377120971679688e+00
2.817223787307739258e+00
2.100816011428833008e+00
2.789530992507934570e+00
2.741192102432250977e+00
3.686422824859619141e+00
3.081961870193481445e+00
2.541083812713623047e+00
3.201448917388916016e+00
3.669904232025146484e+00
2.351052045822143555e+00
3.249865055084228516e+00
3.737500190734863281e+00
1.901238918304443359e+00
3.149227619171142578e+00
3.292021036148071289e+00
2.222352981567382812e+00
3.063304901123046875e+00
2.651399135589599609e+00
2.429808855056762695e+00
2.986882925033569336e+00
2.913605213165283203e+00
3.543664932250976562e+00
3.161579132080078125e+00
2.459213256835937500e+00
2.002279281616210938e+00
2.556182146072387695e+00
3.233066082000732422e+00
2.288862943649291992e+00
1.850077867507934570e+00
2.290331125259399414e+00
2.483536005020141602e+00
2.292683839797973633e+00
2.392528295516967773e+00
1.972040176391601562e+00
1.683400869369506836e+00
1.825851917266845703e+00
2.108152866363525391e+00
2.498676061630249023e+00
1.840893983840942383e+00
2.134184837341308594e+00
2.000479936599731445e+00
2.268993854522705078e+00
2.179930925369262695e+00
3.131494998931884766e+00
1.861449003219604492e+00
2.679367780685424805e+00
2.763522148132324219e+00
2.148403882980346680e+00
2.692425966262817383e+00
3.420356035232543945e+00
2.905534029006958008e+00
2.773242950439453125e+00
2.918719053268432617e+00
2.372238874435424805e+00
3.137763023376464844e+00
2.476857900619506836e+00
2.327847242355346680e+00
1.653502941131591797e+00
2.264792919158935547e+00
2.989300966262817383e+00
3.289672851562500000e+00
2.993477106094360352e+00
2.988044023513793945e+00
2.657429933547973633e+00
2.391316890716552734e+00
2.761790990829467773e+00
2.830769777297973633e+00
2.758733987808227539e+00
2.493647813796997070e+00
2.302174091339111328e+00
2.454487085342407227e+00
2.334833860397338867e+00
2.383199930191040039e+00
2.220701932907104492e+00
2.472080945968627930e+00
2.163705825805664062e+00
2.105911970138549805e+00
2.242588043212890625e+00
2.426086902618408203e+00
3.018983840942382812e+00
2.612110137939453125e+00
2.445005655288696289e+00
2.252657175064086914e+00
2.429436206817626953e+00
2.291790246963500977e+00
3.219983100891113281e+00
1.913825035095214844e+00
2.458039760589599609e+00
1.664113283157348633e+00
1.794247865676879883e+00
2.546545982360839844e+00
3.466136217117309570e+00
2.708837032318115234e+00
2.333796977996826172e+00
2.066555976867675781e+00
1.864121913909912109e+00
2.501586914062500000e+00
2.679005861282348633e+00
2.709709167480468750e+00
2.040627956390380859e+00
2.900335073471069336e+00
2.228005170822143555e+00
2.042036294937133789e+00
2.982113122940063477e+00
2.613539934158325195e+00
2.770991802215576172e+00
2.346802234649658203e+00
3.116810083389282227e+00
3.085432767868041992e+00
2.885304689407348633e+00
2.238537073135375977e+00
3.257858037948608398e+00
2.911952018737792969e+00
3.095846891403198242e+00
2.743556976318359375e+00
3.022419929504394531e+00
3.378058433532714844e+00
3.100943088531494141e+00
3.068291902542114258e+00
3.703495025634765625e+00
3.440317153930664062e+00
3.331366777420043945e+00
2.666872024536132812e+00
2.069272756576538086e+00
3.289040803909301758e+00
2.436692953109741211e+00
3.921941041946411133e+00
2.307691574096679688e+00
1.901919126510620117e+00
2.035641908645629883e+00
1.704585075378417969e+00
2.983114957809448242e+00
1.993717908859252930e+00
3.325927019119262695e+00
2.879247903823852539e+00
2.662637948989868164e+00
2.742200136184692383e+00
2.706322908401489258e+00
2.591505050659179688e+00
2.157830715179443359e+00
1.938716888427734375e+00
2.582275867462158203e+00
2.430001258850097656e+00
3.405117273330688477e+00
2.978626012802124023e+00
2.181420087814331055e+00
2.285416841506958008e+00
1.666711091995239258e+00
1.856229782104492188e+00
1.626706838607788086e+00
2.548959016799926758e+00
2.396630764007568359e+00
3.220616817474365234e+00
2.399667024612426758e+00
2.343030929565429688e+00
1.676196098327636719e+00
2.471208095550537109e+00
2.712455749511718750e+00
2.501977920532226562e+00
2.478713035583496094e+00
2.004796266555786133e+00
2.274077892303466797e+00
2.132074117660522461e+00
2.939522027969360352e+00
2.839925050735473633e+00
2.500772953033447266e+00
2.850053071975708008e+00
2.919041156768798828e+00
2.470454931259155273e+00
2.633055925369262695e+00
3.272102832794189453e+00
2.864895820617675781e+00
2.669454813003540039e+00
3.091000080108642578e+00
2.661740064620971680e+00
2.969280958175659180e+00
2.551632881164550781e+00
2.679675817489624023e+00
2.554274797439575195e+00
2.280744075775146484e+00
1.882138252258300781e+00
3.114902019500732422e+00
1.922821283340454102e+00
2.539627075195312500e+00
1.401051044464111328e+00
2.944998025894165039e+00
1.875215053558349609e+00
2.632613182067871094e+00
2.214417219161987305e+00
2.684074163436889648e+00
1.952411890029907227e+00
2.709355115890502930e+00
2.745413064956665039e+00
2.681290149688720703e+00
2.658054113388061523e+00
2.394906044006347656e+00
1.869343996047973633e+00
3.567556142807006836e+00
2.674152135848999023e+00
1.730203151702880859e+00
2.651563882827758789e+00
2.682003259658813477e+00
2.897066116333007812e+00
3.210256814956665039e+00
2.762830257415771484e+00
2.664949178695678711e+00
3.314635992050170898e+00
3.772176980972290039e+00
2.371210098266601562e+00
3.180134057998657227e+00
2.943913221359252930e+00
2.941560268402099609e+00
2.362337112426757812e+00
2.587774991989135742e+00
2.565754890441894531e+00
2.944739818572998047e+00
2.825544118881225586e+00
2.298925161361694336e+00
2.108703136444091797e+00
2.549487829208374023e+00
3.085307121276855469e+00
2.325966835021972656e+00
2.436785936355590820e+00
3.081096887588500977e+00
2.201118946075439453e+00
2.300354003906250000e+00
2.330330848693847656e+00
2.249481916427612305e+00
2.226421117782592773e+00
2.349914073944091797e+00
1.833431243896484375e+00
1.667568922042846680e+00
1.912594795227050781e+00
1.854315996170043945e+00
1.801283836364746094e+00
1.730334997177124023e+00
1.957314968109130859e+00
1.813542842864990234e+00
1.962610960006713867e+00
2.022965908050537109e+00
2.100687026977539062e+00
2.201244831085205078e+00
2.131448984146118164e+00
2.127743959426879883e+00
2.579399108886718750e+00
2.609865903854370117e+00
2.341348171234130859e+00
2.744266748428344727e+00
2.620861768722534180e+00
2.938535928726196289e+00
2.362695932388305664e+00
2.436475992202758789e+00
2.769739627838134766e+00
3.065147876739501953e+00
2.933481216430664062e+00
2.608090162277221680e+00
3.287556886672973633e+00
2.674412727355957031e+00
3.009633779525756836e+00
2.764008998870849609e+00
3.062592029571533203e+00
3.020028829574584961e+00
3.127375125885009766e+00
3.148285150527954102e+00
1.933894157409667969e+00
2.810095787048339844e+00
2.580279111862182617e+00
2.673338890075683594e+00
2.406084775924682617e+00
3.704435110092163086e+00
3.334553956985473633e+00
2.215433835983276367e+00
2.723996877670288086e+00
2.195242166519165039e+00
2.277996063232421875e+00
1.612263917922973633e+00
1.647704124450683594e+00
1.735397100448608398e+00
2.384397268295288086e+00
1.885553836822509766e+00
1.952758073806762695e+00
3.506791114807128906e+00
2.332375049591064453e+00
3.155043840408325195e+00
2.879086017608642578e+00
3.080155849456787109e+00
2.493436813354492188e+00
2.559229135513305664e+00
2.909218788146972656e+00
1.946481704711914062e+00
3.066204786300659180e+00
2.157923221588134766e+00
2.670365333557128906e+00
2.545214891433715820e+00
3.228089094161987305e+00
2.695634365081787109e+00
2.574089050292968750e+00
2.844984054565429688e+00
2.962287902832031250e+00
2.656906127929687500e+00
2.241252899169921875e+00
2.535115003585815430e+00
2.233962059020996094e+00
3.240223884582519531e+00
2.721065998077392578e+00
2.969358921051025391e+00
2.545373201370239258e+00
1.941787958145141602e+00
2.880355119705200195e+00
2.623066186904907227e+00
1.847702026367187500e+00
1.849057197570800781e+00
2.719623804092407227e+00
1.817650794982910156e+00
1.548724889755249023e+00
3.320142030715942383e+00
1.620919942855834961e+00
1.714529037475585938e+00
2.108438014984130859e+00
2.211288928985595703e+00
2.100768089294433594e+00
1.925690174102783203e+00
2.481166124343872070e+00
2.399591207504272461e+00
2.626426696777343750e+00
2.825152873992919922e+00
2.382787704467773438e+00
2.007769107818603516e+00
2.583119153976440430e+00
2.133514165878295898e+00
2.624276161193847656e+00
2.147221088409423828e+00
2.983472108840942383e+00
1.958983898162841797e+00
2.531969070434570312e+00
2.864351034164428711e+00
2.905733108520507812e+00
2.491012096405029297e+00
2.726358652114868164e+00
2.720329999923706055e+00
3.271719932556152344e+00
2.610065937042236328e+00
2.233607053756713867e+00
2.064453840255737305e+00
3.454732894897460938e+00
2.647364854812622070e+00
2.931766033172607422e+00
3.240207672119140625e+00
2.387823104858398438e+00
2.987648010253906250e+00
2.171865940093994141e+00
3.210888147354125977e+00
1.511743068695068359e+00
2.521293163299560547e+00
2.785200119018554688e+00
2.439451932907104492e+00
2.797255992889404297e+00
2.786818981170654297e+00
2.275135040283203125e+00
2.477399826049804688e+00
2.426165819168090820e+00
2.238599061965942383e+00
2.858530044555664062e+00
2.788501977920532227e+00
2.522085905075073242e+00
2.744547843933105469e+00
3.132236003875732422e+00
2.983618021011352539e+00
2.328323841094970703e+00
2.654421329498291016e+00
2.467105150222778320e+00
2.292475938796997070e+00
2.643512010574340820e+00
2.652945041656494141e+00
2.114733934402465820e+00
2.961160898208618164e+00
3.262460947036743164e+00
3.160026788711547852e+00
2.030107021331787109e+00
3.034188747406005859e+00
2.330296993255615234e+00
2.022770881652832031e+00
2.206843852996826172e+00
1.895366191864013672e+00
3.369657754898071289e+00
1.906433105468750000e+00
1.844965696334838867e+00
1.465893983840942383e+00
2.584336996078491211e+00
1.606422901153564453e+00
2.830700159072875977e+00
2.323539972305297852e+00
1.841464042663574219e+00
2.166587829589843750e+00
1.567113161087036133e+00
2.099628925323486328e+00
1.841401100158691406e+00
1.509839057922363281e+00
2.112727880477905273e+00
2.362459897994995117e+00
2.319324016571044922e+00
2.375605821609497070e+00
2.140498161315917969e+00
2.060446977615356445e+00
1.882596254348754883e+00
2.430553913116455078e+00
2.150632858276367188e+00
2.037232875823974609e+00
2.472416877746582031e+00
2.004477977752685547e+00
2.354312896728515625e+00
1.918877840042114258e+00
2.605973958969116211e+00
2.821568012237548828e+00
2.275943994522094727e+00
2.402588129043579102e+00
2.606646060943603516e+00
2.856899023056030273e+00
1.747162103652954102e+00
2.793967008590698242e+00
2.724215030670166016e+00
1.752371788024902344e+00
3.383588790893554688e+00
1.876240253448486328e+00
1.872611045837402344e+00
2.752814769744873047e+00
2.318180084228515625e+00
2.649243831634521484e+00
3.178682804107666016e+00
2.076897859573364258e+00
2.073477029800415039e+00
3.101016998291015625e+00
2.444531917572021484e+00
1.880602121353149414e+00
1.932531833648681641e+00
3.084743976593017578e+00
2.877790927886962891e+00
2.159369945526123047e+00
1.723065853118896484e+00
2.025382757186889648e+00
2.743466138839721680e+00
1.986036777496337891e+00
2.321603059768676758e+00
2.311293840408325195e+00
2.370318889617919922e+00
2.126819133758544922e+00
2.532514810562133789e+00
2.636472940444946289e+00
1.715957880020141602e+00
2.776986837387084961e+00
1.916991949081420898e+00
1.889499187469482422e+00
2.539030075073242188e+00
2.279728174209594727e+00
2.651069879531860352e+00
3.118155717849731445e+00
2.726839065551757812e+00
2.192057847976684570e+00
1.577179193496704102e+00
3.036000013351440430e+00
2.178273916244506836e+00
2.452569007873535156e+00
2.351722955703735352e+00
2.193447828292846680e+00
2.239351987838745117e+00
1.799898862838745117e+00
2.146734237670898438e+00
2.391075134277343750e+00
2.326108217239379883e+00
2.327986001968383789e+00
2.513448238372802734e+00
2.544692993164062500e+00
2.550526857376098633e+00
2.273388862609863281e+00
2.067351102828979492e+00
2.739475250244140625e+00
2.209234237670898438e+00
2.021198034286499023e+00
2.159247875213623047e+00
1.638458251953125000e+00
1.777410984039306641e+00
2.599486827850341797e+00
1.889101028442382812e+00
2.320376873016357422e+00
1.765361070632934570e+00
2.064312934875488281e+00
2.364455699920654297e+00
2.275573968887329102e+00
2.016231060028076172e+00
3.191673040390014648e+00
2.218887090682983398e+00
2.500688076019287109e+00
1.962295055389404297e+00
2.047630071640014648e+00
2.497628927230834961e+00
3.292279005050659180e+00
1.756188869476318359e+00
2.576977729797363281e+00
2.547346115112304688e+00
2.667421817779541016e+00
2.557682991027832031e+00
2.179039955139160156e+00
1.962405920028686523e+00
2.910987854003906250e+00
2.730148077011108398e+00
2.764387845993041992e+00
2.293370246887207031e+00
2.072818994522094727e+00
2.111855268478393555e+00
2.229366064071655273e+00
2.940942049026489258e+00
2.253016948699951172e+00
2.054540872573852539e+00
2.454066038131713867e+00
1.510946989059448242e+00
2.130299806594848633e+00
2.108586072921752930e+00
1.980227947235107422e+00
2.470250844955444336e+00
2.101222991943359375e+00
3.109638929367065430e+00
2.955489158630371094e+00
2.057691097259521484e+00
1.902243137359619141e+00
2.148254871368408203e+00
2.202086925506591797e+00
1.857431888580322266e+00
2.036478042602539062e+00
1.449378252029418945e+00
1.670738220214843750e+00
2.338524818420410156e+00
1.821274757385253906e+00
2.125719070434570312e+00
2.446763038635253906e+00
2.384546995162963867e+00
1.997881650924682617e+00
2.469763994216918945e+00
1.831941843032836914e+00
2.453034877777099609e+00
2.472643852233886719e+00
1.840892076492309570e+00
2.720229864120483398e+00
2.105285167694091797e+00
2.752961635589599609e+00
2.898293018341064453e+00
3.195116043090820312e+00
2.896898984909057617e+00
3.402078151702880859e+00
2.596609830856323242e+00
2.933427810668945312e+00
3.498265027999877930e+00
2.488633871078491211e+00
2.748973846435546875e+00
3.360057115554809570e+00
2.166586875915527344e+00
2.889842271804809570e+00
2.150505065917968750e+00
2.399753808975219727e+00
2.312877893447875977e+00
2.855751991271972656e+00
2.767045974731445312e+00
3.695391893386840820e+00
3.625519037246704102e+00
2.094392061233520508e+00
2.355195999145507812e+00
2.369379758834838867e+00
2.565704822540283203e+00
2.558586835861206055e+00
1.969078063964843750e+00
2.546826124191284180e+00
2.746703863143920898e+00
1.722184181213378906e+00
2.458479881286621094e+00
3.207516908645629883e+00
2.188478946685791016e+00
1.731912136077880859e+00
2.559263944625854492e+00
2.167263984680175781e+00
2.021250009536743164e+00
2.063714981079101562e+00
2.499228239059448242e+00
3.003520965576171875e+00
2.373090028762817383e+00
2.590763807296752930e+00
2.315495252609252930e+00
2.818388938903808594e+00
3.270598888397216797e+00
2.606834888458251953e+00
2.599415063858032227e+00
2.814421653747558594e+00
2.662260055541992188e+00
2.775857925415039062e+00
3.193830251693725586e+00
2.693723917007446289e+00
3.271846055984497070e+00
3.277840137481689453e+00
3.536201953887939453e+00
3.542457103729248047e+00
3.586141347885131836e+00
3.220613002777099609e+00
3.773650169372558594e+00
2.276638984680175781e+00
2.335757970809936523e+00
2.968535900115966797e+00
2.693946838378906250e+00
3.497615098953247070e+00
3.488119125366210938e+00
3.954181194305419922e+00
3.425382137298583984e+00
3.756532907485961914e+00
4.003144979476928711e+00
3.951807975769042969e+00
2.174705982208251953e+00
3.069497108459472656e+00
4.015494823455810547e+00
2.783279180526733398e+00
1.999278783798217773e+00
4.217754125595092773e+00
2.369297981262207031e+00
2.650483369827270508e+00
4.124594926834106445e+00
2.132581710815429688e+00
2.012870073318481445e+00
2.252162933349609375e+00
2.958804845809936523e+00
2.239158868789672852e+00
2.414573907852172852e+00
2.366180181503295898e+00
1.919538259506225586e+00
1.925839900970458984e+00
2.182789802551269531e+00
1.749548912048339844e+00
1.718961715698242188e+00
2.371232032775878906e+00
2.051061153411865234e+00
3.026660919189453125e+00
2.223093032836914062e+00
3.331500768661499023e+00
2.379770994186401367e+00
2.102171897888183594e+00
2.054538965225219727e+00
2.360734939575195312e+00
2.101644039154052734e+00
2.027564764022827148e+00
2.098964929580688477e+00
2.310624122619628906e+00
2.507539033889770508e+00
2.518306016921997070e+00
2.107134103775024414e+00
2.654494285583496094e+00
2.635563135147094727e+00
2.154170989990234375e+00
3.101258993148803711e+00
2.967021942138671875e+00
3.110631942749023438e+00
3.810444116592407227e+00
2.887613058090209961e+00
3.350513935089111328e+00
2.749114036560058594e+00
3.224037885665893555e+00
2.757355928421020508e+00
3.284940958023071289e+00
3.339167118072509766e+00
3.558274030685424805e+00
2.692996978759765625e+00
3.523481845855712891e+00
4.229966878890991211e+00
2.225718021392822266e+00
3.271680116653442383e+00
3.031324863433837891e+00
3.495293855667114258e+00
3.442618846893310547e+00
2.707326173782348633e+00
3.780214786529541016e+00
3.523902177810668945e+00
3.038462162017822266e+00
1.918772935867309570e+00
2.667849779129028320e+00
2.358253002166748047e+00
2.764598131179809570e+00
2.292646169662475586e+00
4.039724111557006836e+00
1.755393028259277344e+00
2.647831916809082031e+00
2.057166099548339844e+00
2.575756072998046875e+00
2.339986801147460938e+00
2.871119022369384766e+00
3.341097831726074219e+00
2.495790004730224609e+00
2.896652936935424805e+00
2.779890060424804688e+00
2.181324958801269531e+00
3.375651836395263672e+00
2.221716165542602539e+00
3.090972900390625000e+00
3.131633758544921875e+00
2.918514966964721680e+00
2.260627031326293945e+00
2.265241861343383789e+00
2.555145025253295898e+00
2.268217086791992188e+00
2.084870100021362305e+00
2.128227233886718750e+00
1.937316179275512695e+00
1.820683956146240234e+00
2.720093250274658203e+00
2.723767042160034180e+00
2.268559932708740234e+00
2.576951026916503906e+00
2.825658082962036133e+00
2.274542808532714844e+00
2.645142078399658203e+00
2.710022926330566406e+00
2.553643703460693359e+00
2.595493793487548828e+00
2.222415208816528320e+00
2.196447849273681641e+00
3.214035987854003906e+00
3.118379116058349609e+00
1.442815065383911133e+00
2.368983745574951172e+00
2.670924901962280273e+00
2.472880125045776367e+00
2.634361743927001953e+00
2.911093950271606445e+00
3.019035816192626953e+00
2.529427051544189453e+00
2.996171951293945312e+00
2.636690139770507812e+00
2.650215148925781250e+00
2.692636728286743164e+00
3.329330921173095703e+00
2.724167108535766602e+00
2.182190895080566406e+00
2.393399000167846680e+00
2.042901992797851562e+00
2.390916109085083008e+00
3.022148132324218750e+00
2.456830978393554688e+00
2.727487087249755859e+00
2.001303672790527344e+00
2.070956945419311523e+00
2.697656869888305664e+00
2.431595087051391602e+00
2.216871023178100586e+00
2.344366073608398438e+00
2.437482118606567383e+00
2.134121894836425781e+00
2.577238082885742188e+00
1.962559938430786133e+00
2.324899196624755859e+00
2.217772006988525391e+00
2.369132995605468750e+00
2.407634973526000977e+00
2.660852193832397461e+00
2.481477260589599609e+00
2.393367052078247070e+00
2.546815872192382812e+00
2.338210105895996094e+00
2.404566049575805664e+00
2.685530900955200195e+00
1.979036092758178711e+00
2.934633970260620117e+00
2.051491975784301758e+00
2.606136798858642578e+00
1.753293037414550781e+00
2.589445114135742188e+00
2.437609910964965820e+00
2.616184949874877930e+00
2.599817037582397461e+00
2.355114936828613281e+00
2.251260757446289062e+00
2.956398725509643555e+00
2.780637264251708984e+00
3.041332960128784180e+00
2.687126159667968750e+00
2.051398277282714844e+00
1.912214040756225586e+00
2.801333904266357422e+00
2.720715045928955078e+00
2.600098133087158203e+00
3.468651056289672852e+00
3.163368940353393555e+00
2.618129968643188477e+00
2.559666872024536133e+00
2.839163064956665039e+00
2.843400955200195312e+00
2.576610088348388672e+00
2.521765947341918945e+00
2.161938905715942383e+00
2.629083156585693359e+00
2.316412925720214844e+00
2.535712718963623047e+00
2.463438987731933594e+00
2.637968778610229492e+00
3.409498929977416992e+00
2.870108127593994141e+00
2.211449146270751953e+00
2.536386966705322266e+00
2.428269147872924805e+00
2.434216976165771484e+00
2.403848886489868164e+00
2.083202123641967773e+00
2.085325956344604492e+00
2.000303030014038086e+00
2.180078029632568359e+00
2.034731864929199219e+00
1.778157949447631836e+00
2.360634088516235352e+00
1.611610174179077148e+00
2.465883970260620117e+00
1.973428010940551758e+00
2.305682897567749023e+00
2.076758146286010742e+00
1.877249002456665039e+00
3.223140716552734375e+00
2.337763786315917969e+00
1.644469976425170898e+00
2.037477016448974609e+00
2.153668880462646484e+00
2.082374811172485352e+00
2.557726860046386719e+00
2.928194046020507812e+00
3.025027990341186523e+00
2.565541982650756836e+00
3.267961025238037109e+00
2.788049936294555664e+00
2.791576862335205078e+00
2.840583086013793945e+00
2.364840269088745117e+00
3.031445980072021484e+00
3.359219074249267578e+00
2.421683073043823242e+00
3.357682943344116211e+00
3.330559015274047852e+00
3.108749866485595703e+00
2.314079999923706055e+00
3.317017078399658203e+00
3.349084138870239258e+00
2.673308849334716797e+00
2.912839174270629883e+00
3.027169942855834961e+00
2.658077955245971680e+00
2.989987134933471680e+00
2.605454921722412109e+00
2.953635215759277344e+00
2.715568065643310547e+00
2.278445720672607422e+00
2.756862878799438477e+00
2.089117050170898438e+00
3.113890886306762695e+00
2.833244085311889648e+00
2.673300981521606445e+00
3.275121212005615234e+00
2.672151088714599609e+00
3.090862035751342773e+00
3.393469095230102539e+00
2.495098829269409180e+00
1.983215093612670898e+00
2.939693927764892578e+00
3.184161901473999023e+00
3.032178878784179688e+00
2.627644062042236328e+00
1.865955114364624023e+00
2.502398967742919922e+00
2.803152799606323242e+00
3.054378986358642578e+00
3.236491203308105469e+00
1.941251754760742188e+00
2.793323993682861328e+00
2.654987096786499023e+00
2.787415742874145508e+00
1.775733947753906250e+00
1.919576168060302734e+00
1.959946870803833008e+00
2.898950099945068359e+00
2.288523197174072266e+00
2.229771852493286133e+00
3.110044002532958984e+00
1.822317123413085938e+00
2.688284873962402344e+00
2.424798011779785156e+00
2.760987997055053711e+00
2.651905059814453125e+00
2.538332939147949219e+00
2.786058902740478516e+00
4.044687271118164062e+00
2.480479001998901367e+00
1.972660064697265625e+00
3.003262758255004883e+00
2.527024745941162109e+00
2.530987024307250977e+00
2.402375936508178711e+00
2.589624881744384766e+00
2.418331146240234375e+00
2.599720001220703125e+00
2.359176874160766602e+00
3.261092185974121094e+00
3.103018045425415039e+00
3.129698038101196289e+00
2.577744960784912109e+00
2.436451911926269531e+00
2.369090080261230469e+00
2.272572278976440430e+00
2.986631155014038086e+00
2.848462820053100586e+00
2.095068931579589844e+00
2.788539171218872070e+00
3.145529031753540039e+00
2.710126876831054688e+00
2.751854896545410156e+00
3.076315164566040039e+00
2.920639991760253906e+00
3.022780895233154297e+00
3.466192960739135742e+00
2.913426160812377930e+00
2.992829322814941406e+00
1.972392082214355469e+00
3.010298013687133789e+00
2.854696750640869141e+00
3.140652179718017578e+00
3.068263769149780273e+00
2.963245868682861328e+00
2.312259197235107422e+00
1.821576118469238281e+00
2.737045049667358398e+00
2.908458948135375977e+00
3.299280166625976562e+00
2.761291027069091797e+00
2.166364908218383789e+00
3.689429044723510742e+00
3.643750905990600586e+00
3.356534004211425781e+00
4.196323156356811523e+00
1.877599954605102539e+00
3.084603786468505859e+00
2.550568819046020508e+00
1.796152114868164062e+00
3.969079017639160156e+00
2.094976186752319336e+00
2.400465250015258789e+00
2.649269104003906250e+00
2.561272144317626953e+00
2.897251844406127930e+00
2.990694999694824219e+00
3.291375160217285156e+00
2.397969007492065430e+00
2.517256975173950195e+00
2.342594623565673828e+00
3.028180837631225586e+00
2.433413982391357422e+00
2.102516889572143555e+00
2.298142910003662109e+00
2.125724077224731445e+00
2.209964990615844727e+00
2.849263191223144531e+00
2.691907882690429688e+00
2.477385759353637695e+00
2.486581087112426758e+00
2.149919033050537109e+00
2.507717847824096680e+00
2.469661235809326172e+00
2.527777671813964844e+00
2.750611782073974609e+00
2.368044137954711914e+00
2.672125339508056641e+00
3.214246988296508789e+00
2.844841003417968750e+00
3.090229034423828125e+00
2.031378984451293945e+00
3.079554796218872070e+00
2.961708068847656250e+00
2.879755020141601562e+00
2.411744117736816406e+00
2.776189088821411133e+00
2.757887125015258789e+00
2.596659898757934570e+00
2.711360931396484375e+00
2.457734823226928711e+00
3.442679882049560547e+00
3.716187000274658203e+00
3.424454927444458008e+00
3.481960296630859375e+00
3.498420953750610352e+00
3.324794769287109375e+00
2.126688003540039062e+00
3.616656064987182617e+00
3.718446016311645508e+00
3.374597072601318359e+00
3.327025890350341797e+00
3.794549942016601562e+00
3.247107028961181641e+00
2.998041868209838867e+00
3.398069858551025391e+00
3.480762004852294922e+00
3.424619913101196289e+00
3.430459260940551758e+00
2.792646884918212891e+00
3.727760791778564453e+00
2.789566993713378906e+00
3.751333951950073242e+00
3.614523887634277344e+00
3.073056936264038086e+00
2.156864166259765625e+00
2.948112010955810547e+00
3.079475879669189453e+00
3.061820268630981445e+00
2.293633937835693359e+00
3.483116865158081055e+00
2.851894855499267578e+00
2.283430099487304688e+00
3.226369857788085938e+00
3.007203817367553711e+00
2.304369926452636719e+00
2.759582996368408203e+00
2.872859001159667969e+00
2.385250091552734375e+00
2.767067909240722656e+00
3.044154882431030273e+00
2.438786983489990234e+00
3.263854980468750000e+00
2.899478912353515625e+00
3.219019889831542969e+00
2.655359029769897461e+00
3.209675073623657227e+00
2.305497169494628906e+00
3.866571187973022461e+00
3.006527900695800781e+00
2.262326002120971680e+00
2.596848964691162109e+00
3.299700021743774414e+00
4.810915946960449219e+00
3.116760015487670898e+00
2.841038227081298828e+00
1.980648040771484375e+00
2.810693025588989258e+00
2.322197914123535156e+00
2.999133825302124023e+00
2.228279113769531250e+00
2.022372961044311523e+00
2.099739789962768555e+00
2.399946928024291992e+00
2.451757669448852539e+00
2.711616992950439453e+00
2.537236928939819336e+00
2.611546039581298828e+00
3.524195909500122070e+00
2.963605165481567383e+00
2.989223003387451172e+00
2.755614042282104492e+00
2.705187082290649414e+00
2.030280828475952148e+00
2.453850746154785156e+00
2.743107080459594727e+00
2.605612039566040039e+00
3.352675914764404297e+00
2.537414789199829102e+00
2.487637042999267578e+00
2.219327926635742188e+00
3.214813947677612305e+00
2.217934131622314453e+00
3.511281251907348633e+00
2.605081081390380859e+00
2.710375070571899414e+00
2.695470094680786133e+00
3.099179983139038086e+00
2.463293075561523438e+00
2.773988723754882812e+00
2.977314949035644531e+00
3.039673089981079102e+00
2.201358795166015625e+00
2.299093008041381836e+00
2.746885061264038086e+00
2.481697082519531250e+00
2.468739032745361328e+00
2.861036062240600586e+00
2.784996747970581055e+00
2.623571872711181641e+00
2.551196098327636719e+00
2.132029056549072266e+00
2.745446205139160156e+00
2.903436660766601562e+00
2.988744020462036133e+00
2.680059909820556641e+00
2.576961994171142578e+00
2.757525920867919922e+00
2.956603765487670898e+00
2.295109033584594727e+00
3.110929012298583984e+00
3.338088750839233398e+00
2.046483993530273438e+00
3.612365245819091797e+00
3.134106874465942383e+00
2.118280887603759766e+00
1.831066131591796875e+00
2.254767179489135742e+00
2.473482847213745117e+00
3.369760036468505859e+00
2.774142026901245117e+00
2.922051906585693359e+00
2.636356115341186523e+00
2.873713016510009766e+00
3.266659021377563477e+00
3.345566034317016602e+00
1.755934000015258789e+00
3.270321130752563477e+00
2.931581258773803711e+00
2.994147062301635742e+00
2.976946830749511719e+00
2.232130050659179688e+00
2.265907764434814453e+00
3.013365030288696289e+00
3.211861133575439453e+00
3.040079116821289062e+00
2.906066179275512695e+00
2.814472913742065430e+00
2.973785638809204102e+00
2.971615076065063477e+00
2.870606184005737305e+00
2.911654949188232422e+00
2.796018838882446289e+00
3.078752040863037109e+00
2.899245738983154297e+00
2.665658712387084961e+00
2.429896116256713867e+00
4.400438070297241211e+00
3.074640035629272461e+00
2.912375688552856445e+00
3.062582015991210938e+00
3.239875793457031250e+00
2.989096879959106445e+00
3.620054960250854492e+00
3.741596221923828125e+00
3.523235082626342773e+00
3.071620941162109375e+00
2.842869043350219727e+00
3.101138114929199219e+00
3.989174127578735352e+00
2.432404994964599609e+00
2.916043043136596680e+00
2.622215986251831055e+00
3.190254926681518555e+00
2.851091146469116211e+00
2.607275009155273438e+00
2.874692916870117188e+00
3.038206100463867188e+00
2.511313915252685547e+00
2.768301010131835938e+00
3.642047882080078125e+00
2.237556934356689453e+00
3.099193811416625977e+00
3.327115058898925781e+00
3.202844858169555664e+00
3.493259191513061523e+00
3.090787649154663086e+00
3.842858076095581055e+00
2.416703939437866211e+00
3.494179964065551758e+00
3.410350084304809570e+00
4.041209220886230469e+00
3.329962968826293945e+00
3.574584007263183594e+00
3.617965936660766602e+00
4.088154077529907227e+00
2.904998302459716797e+00
3.947398900985717773e+00
3.799180984497070312e+00
3.455147981643676758e+00
4.666808128356933594e+00
2.631071090698242188e+00
2.422290086746215820e+00
2.555681228637695312e+00
2.886143207550048828e+00
3.085503101348876953e+00
2.500913143157958984e+00
2.069284915924072266e+00
3.774109125137329102e+00
3.172855138778686523e+00
2.940055608749389648e+00
2.425131082534790039e+00
3.071078062057495117e+00
3.166938781738281250e+00
3.130624055862426758e+00
3.719846963882446289e+00
2.579919099807739258e+00
2.544100046157836914e+00
3.071655035018920898e+00
3.282412052154541016e+00
2.880809307098388672e+00
3.114471197128295898e+00
1.905449867248535156e+00
2.963885068893432617e+00
2.111062049865722656e+00
2.926297903060913086e+00
3.135823965072631836e+00
2.466306209564208984e+00
2.536522150039672852e+00
2.609055042266845703e+00
2.236997127532958984e+00
2.649677991867065430e+00
2.586223125457763672e+00
3.151478052139282227e+00
2.263447046279907227e+00
2.275866270065307617e+00
1.937540769577026367e+00
2.747602939605712891e+00
2.505404949188232422e+00
3.058785676956176758e+00
1.743702888488769531e+00
2.844569206237792969e+00
2.594674825668334961e+00
2.892584800720214844e+00
3.121552228927612305e+00
3.004037141799926758e+00
3.222305774688720703e+00
2.191377878189086914e+00
1.612653255462646484e+00
2.336151123046875000e+00
2.520961046218872070e+00
2.696527242660522461e+00
3.168621063232421875e+00
3.240824937820434570e+00
2.500096082687377930e+00
2.409686088562011719e+00
2.700955152511596680e+00
2.278441905975341797e+00
2.852462053298950195e+00
2.901660203933715820e+00
2.818395137786865234e+00
2.364493131637573242e+00
2.842885017395019531e+00
2.876653671264648438e+00
3.111279249191284180e+00
2.552214860916137695e+00
2.220516681671142578e+00
3.387766122817993164e+00
3.121803998947143555e+00
3.031341791152954102e+00
2.853781938552856445e+00
2.378417015075683594e+00
3.425235986709594727e+00
2.363705873489379883e+00
2.467298030853271484e+00
3.122473001480102539e+00
2.523617029190063477e+00
2.014556884765625000e+00
3.268582820892333984e+00
2.594697952270507812e+00
2.939354181289672852e+00
2.209749937057495117e+00
2.535149097442626953e+00
2.827115774154663086e+00
2.272601842880249023e+00
3.083572864532470703e+00
2.120997190475463867e+00
2.176082849502563477e+00
2.700438976287841797e+00
2.553158998489379883e+00
3.019122123718261719e+00
2.237403154373168945e+00
2.786090612411499023e+00
3.356406927108764648e+00
2.905874967575073242e+00
3.121423006057739258e+00
3.144602298736572266e+00
3.080163955688476562e+00
2.364575624465942383e+00
3.136139154434204102e+00
2.495407819747924805e+00
2.490583896636962891e+00
3.280879259109497070e+00
2.599770069122314453e+00
2.910555124282836914e+00
2.654112815856933594e+00
2.993188858032226562e+00
2.939421176910400391e+00
2.993702173233032227e+00
2.294018030166625977e+00
3.206114053726196289e+00
3.892796277999877930e+00
2.082745790481567383e+00
2.362119913101196289e+00
2.927133798599243164e+00
2.421378135681152344e+00
3.081864356994628906e+00
2.729235887527465820e+00
2.238268852233886719e+00
2.860229015350341797e+00
2.551906108856201172e+00
3.033869028091430664e+00
2.629395961761474609e+00
3.688805103302001953e+00
2.262425899505615234e+00
2.581274271011352539e+00
2.484660863876342773e+00
2.570997953414916992e+00
2.722506046295166016e+00
1.971580982208251953e+00
3.303757905960083008e+00
2.937584877014160156e+00
2.307034015655517578e+00
3.937996864318847656e+00
3.167540073394775391e+00
2.464755058288574219e+00
2.962285041809082031e+00
2.396592140197753906e+00
2.710657119750976562e+00
3.254148721694946289e+00
2.774019002914428711e+00
2.329314708709716797e+00
2.273749113082885742e+00
2.370316982269287109e+00
3.208403825759887695e+00
3.256695985794067383e+00
3.310840129852294922e+00
2.493690967559814453e+00
3.328820943832397461e+00
1.639505863189697266e+00
2.974929809570312500e+00
3.466731786727905273e+00
2.461652994155883789e+00
3.453710079193115234e+00
3.222156047821044922e+00
2.866449356079101562e+00
2.698132038116455078e+00
2.774054288864135742e+00
3.304133892059326172e+00
3.349195003509521484e+00
3.035910844802856445e+00
3.437582015991210938e+00
3.416119098663330078e+00
2.962269306182861328e+00
2.541688919067382812e+00
2.849889993667602539e+00
2.820121765136718750e+00
4.057467937469482422e+00
3.501148223876953125e+00
4.278196096420288086e+00
3.720300912857055664e+00
3.817440986633300781e+00
3.060750007629394531e+00
3.696712017059326172e+00
2.726468086242675781e+00
2.589049816131591797e+00
3.307841777801513672e+00
3.355735063552856445e+00
3.870044946670532227e+00
3.164163827896118164e+00
4.139503955841064453e+00
2.579507112503051758e+00
4.296058893203735352e+00
3.290183067321777344e+00
3.519196987152099609e+00
3.828803062438964844e+00
1.945481061935424805e+00
2.494287967681884766e+00
2.950556993484497070e+00
2.875072002410888672e+00
2.573124170303344727e+00
3.165605068206787109e+00
2.195450782775878906e+00
2.579695940017700195e+00
2.949115037918090820e+00
2.634455919265747070e+00
2.968331098556518555e+00
3.129502058029174805e+00
2.144016027450561523e+00
2.153953075408935547e+00
3.094457864761352539e+00
3.482882261276245117e+00
2.154381990432739258e+00
3.007640838623046875e+00
3.112910747528076172e+00
2.679718017578125000e+00
2.296900987625122070e+00
2.476776838302612305e+00
4.387484312057495117e+00
3.600014925003051758e+00
3.362098932266235352e+00
3.349354028701782227e+00
3.208404064178466797e+00
3.737375974655151367e+00
4.820267915725708008e+00
3.698919057846069336e+00
3.554615974426269531e+00
3.269020795822143555e+00
3.904063224792480469e+00
2.173312902450561523e+00
3.817618846893310547e+00
2.459299087524414062e+00
1.929907083511352539e+00
2.915268182754516602e+00
2.512907981872558594e+00
2.100575923919677734e+00
2.930979013442993164e+00
2.555067062377929688e+00
3.042573928833007812e+00
2.542468786239624023e+00
2.587257862091064453e+00
3.200073957443237305e+00
2.693423748016357422e+00
2.720954895019531250e+00
2.207121849060058594e+00
3.099330902099609375e+00
2.231827974319458008e+00
2.811584949493408203e+00
2.593201160430908203e+00
2.959022045135498047e+00
2.507318735122680664e+00
2.714171171188354492e+00
2.273341894149780273e+00
3.390464067459106445e+00
2.579231023788452148e+00
3.676847219467163086e+00
2.945420026779174805e+00
2.924328088760375977e+00
3.448914051055908203e+00
3.865057706832885742e+00
2.987268686294555664e+00
3.216110229492187500e+00
2.953375101089477539e+00
2.961163997650146484e+00
3.051856994628906250e+00
2.190618991851806641e+00
3.050397157669067383e+00
3.264488935470581055e+00
2.436424970626831055e+00
3.170483827590942383e+00
2.561472892761230469e+00
2.167982816696166992e+00
2.287174224853515625e+00
2.584697723388671875e+00
2.955395936965942383e+00
3.335582971572875977e+00
2.850725889205932617e+00
2.759721279144287109e+00
3.269073009490966797e+00
3.183541059494018555e+00
2.401313066482543945e+00
2.661067008972167969e+00
2.365234851837158203e+00
2.913314104080200195e+00
2.923682212829589844e+00
2.762771129608154297e+00
2.816324234008789062e+00
3.049993991851806641e+00
2.944562911987304688e+00
3.113763093948364258e+00
3.173480033874511719e+00
2.409076213836669922e+00
3.580647945404052734e+00
2.830068111419677734e+00
2.544450759887695312e+00
2.807572841644287109e+00
4.003968000411987305e+00
2.820611000061035156e+00
2.971013784408569336e+00
2.529679775238037109e+00
2.766218185424804688e+00
3.268593788146972656e+00
2.492988109588623047e+00
2.150634050369262695e+00
2.955270051956176758e+00
3.090707063674926758e+00
3.553918838500976562e+00
2.498945951461791992e+00
3.489020109176635742e+00
3.036521911621093750e+00
2.867459058761596680e+00
2.973434209823608398e+00
3.324363946914672852e+00
2.629006147384643555e+00
3.012221813201904297e+00
2.951576709747314453e+00
2.231397151947021484e+00
3.336323022842407227e+00
2.721168994903564453e+00
2.677273035049438477e+00
2.558343887329101562e+00
2.954761028289794922e+00
3.473111867904663086e+00
2.611041069030761719e+00
2.201369047164916992e+00
2.481962919235229492e+00
4.038022279739379883e+00
3.644631624221801758e+00
1.965152025222778320e+00
3.089075803756713867e+00
3.100553274154663086e+00
2.829962015151977539e+00
2.770482778549194336e+00
3.255970239639282227e+00
3.063372135162353516e+00
2.798926830291748047e+00
2.965538024902343750e+00
3.041819810867309570e+00
2.649283170700073242e+00
2.535660982131958008e+00
2.753647089004516602e+00
3.003123998641967773e+00
3.606501817703247070e+00
3.176691293716430664e+00
3.150690078735351562e+00
2.285382986068725586e+00
3.273914813995361328e+00
3.214261054992675781e+00
2.941339731216430664e+00
3.598478078842163086e+00
3.586587190628051758e+00
3.373745918273925781e+00
3.521872282028198242e+00
3.915776014328002930e+00
3.728686094284057617e+00
3.456555128097534180e+00
3.514719963073730469e+00
2.854690790176391602e+00
2.116560697555541992e+00
3.505480051040649414e+00
3.062629222869873047e+00
3.851334095001220703e+00
3.485214948654174805e+00
3.287882804870605469e+00
3.690075874328613281e+00
2.729373931884765625e+00
2.457025051116943359e+00
2.866665363311767578e+00
2.885319232940673828e+00
2.692554950714111328e+00
2.998177051544189453e+00
3.274089813232421875e+00
3.889418125152587891e+00
2.605206012725830078e+00
2.726413011550903320e+00
2.579924821853637695e+00
2.969459295272827148e+00
2.905128955841064453e+00
2.258452892303466797e+00
3.603143930435180664e+00
3.472335100173950195e+00
3.557976007461547852e+00
3.470655202865600586e+00
2.929239034652709961e+00
3.224453210830688477e+00
2.804816961288452148e+00
3.886599063873291016e+00
3.320458889007568359e+00
3.078841924667358398e+00
3.204020023345947266e+00
2.552973031997680664e+00
3.279497861862182617e+00
3.532675981521606445e+00
3.384724855422973633e+00
2.706563949584960938e+00
4.026204109191894531e+00
2.893002986907958984e+00
3.215447187423706055e+00
2.350749969482421875e+00
4.081402063369750977e+00
2.991299152374267578e+00
3.040549755096435547e+00
2.869178056716918945e+00
3.225234985351562500e+00
3.720187902450561523e+00
3.474823951721191406e+00
3.879059076309204102e+00
3.271821022033691406e+00
3.030235767364501953e+00
3.972850322723388672e+00
3.544204950332641602e+00
3.634412050247192383e+00
3.880910158157348633e+00
3.891955137252807617e+00
4.211425065994262695e+00
4.180505752563476562e+00
2.752044916152954102e+00
2.446509122848510742e+00
2.902243852615356445e+00
3.993055105209350586e+00
3.352614164352416992e+00
2.422921895980834961e+00
3.257677078247070312e+00
2.827797889709472656e+00
2.701898097991943359e+00
3.211126804351806641e+00
2.848387241363525391e+00
3.594727039337158203e+00
2.873078107833862305e+00
1.885297775268554688e+00
3.455408811569213867e+00
3.067227840423583984e+00
2.802756786346435547e+00
4.262699127197265625e+00
2.741504907608032227e+00
2.573208093643188477e+00
3.074233055114746094e+00
2.739850044250488281e+00
3.415719985961914062e+00
3.192058086395263672e+00
2.729575872421264648e+00
3.572344779968261719e+00
3.709733724594116211e+00
3.237199783325195312e+00
3.680024147033691406e+00
3.842182874679565430e+00
2.334144115447998047e+00
2.707293987274169922e+00
3.576359987258911133e+00
3.513022899627685547e+00
2.599510908126831055e+00
3.641051054000854492e+00
3.447880029678344727e+00
3.609704971313476562e+00
3.702675819396972656e+00
3.941607236862182617e+00
3.890238046646118164e+00
3.417731046676635742e+00
3.458012819290161133e+00
3.402858018875122070e+00
2.563740968704223633e+00
2.370596885681152344e+00
3.440527915954589844e+00
3.793720006942749023e+00
3.052119255065917969e+00
2.037396192550659180e+00
2.570841073989868164e+00
4.101368904113769531e+00
2.964082956314086914e+00
2.182531118392944336e+00
2.531973838806152344e+00
4.445048093795776367e+00
3.154557228088378906e+00
2.415243148803710938e+00
3.625174045562744141e+00
2.812843084335327148e+00
3.639024019241333008e+00
3.458096027374267578e+00
2.662948846817016602e+00
2.982568979263305664e+00
2.728136777877807617e+00
3.566706895828247070e+00
2.572580099105834961e+00
3.752872943878173828e+00
3.757758855819702148e+00
3.781684160232543945e+00
3.904860019683837891e+00
2.966892719268798828e+00
4.058017969131469727e+00
3.047425985336303711e+00
3.103189945220947266e+00
3.965991020202636719e+00
4.958779811859130859e+00
2.762242078781127930e+00
2.500208854675292969e+00
2.721709966659545898e+00
2.217220783233642578e+00
4.404529809951782227e+00
3.697839021682739258e+00
3.160420179367065430e+00
3.069046020507812500e+00
4.094408750534057617e+00
4.316044092178344727e+00
4.296991825103759766e+00
4.462904214859008789e+00
3.267606019973754883e+00
4.480520009994506836e+00
3.499228954315185547e+00
2.813476085662841797e+00
5.006750822067260742e+00
2.562283992767333984e+00
3.646003007888793945e+00
3.179712772369384766e+00
3.670587301254272461e+00
3.421757936477661133e+00
3.873129844665527344e+00
3.129405975341796875e+00
3.136036157608032227e+00
3.311958074569702148e+00
4.066780805587768555e+00
3.697710990905761719e+00
2.572411060333251953e+00
3.566329002380371094e+00
2.813674926757812500e+00
3.520062923431396484e+00
4.013249158859252930e+00
2.900433778762817383e+00
4.967947006225585938e+00
3.178228139877319336e+00
3.884955883026123047e+00
2.917646884918212891e+00
2.917060136795043945e+00
2.972051858901977539e+00
4.299880981445312500e+00
3.270264148712158203e+00
3.088356018066406250e+00
3.965043306350708008e+00
3.161705017089843750e+00
2.318704128265380859e+00
2.701986074447631836e+00
3.395475149154663086e+00
2.503122329711914062e+00
3.040781021118164062e+00
3.204680919647216797e+00
4.212048768997192383e+00
3.407449960708618164e+00
3.221159934997558594e+00
3.549523830413818359e+00
2.292726039886474609e+00
3.595693111419677734e+00
3.198216915130615234e+00
3.244234085083007812e+00
2.507533073425292969e+00
2.836853027343750000e+00
4.189424276351928711e+00
2.339365243911743164e+00
3.315439224243164062e+00
2.726950883865356445e+00
3.640344858169555664e+00
3.349061012268066406e+00
3.033491849899291992e+00
2.137285947799682617e+00
3.655781030654907227e+00
2.737048864364624023e+00
4.133522987365722656e+00
3.496695756912231445e+00
2.597294092178344727e+00
2.902925252914428711e+00
3.213329792022705078e+00
3.503133058547973633e+00
3.236749887466430664e+00
2.785298347473144531e+00
2.865940809249877930e+00
3.130848169326782227e+00
3.134197950363159180e+00
2.733114957809448242e+00
1.921007871627807617e+00
3.356957912445068359e+00
3.313389062881469727e+00
3.014358043670654297e+00
3.288849115371704102e+00
2.833366155624389648e+00
1.979753971099853516e+00
2.965568065643310547e+00
2.058942317962646484e+00
1.909829139709472656e+00
3.471369028091430664e+00
3.354100942611694336e+00
2.602753877639770508e+00
2.330842018127441406e+00
3.380328893661499023e+00
2.443200111389160156e+00
3.265222072601318359e+00
2.191056966781616211e+00
1.889628171920776367e+00
3.299232006072998047e+00
2.400232076644897461e+00
2.223009824752807617e+00
1.797212123870849609e+00
3.226909160614013672e+00
3.824894905090332031e+00
3.028375864028930664e+00
2.380311727523803711e+00
2.407783031463623047e+00
3.253461837768554688e+00
4.044034957885742188e+00
3.910824298858642578e+00
2.262144088745117188e+00
2.385207176208496094e+00
1.839442968368530273e+00
2.810402870178222656e+00
3.417624950408935547e+00
3.623511791229248047e+00
2.354293107986450195e+00
2.394248962402343750e+00
2.614212036132812500e+00
2.207502126693725586e+00
2.657872915267944336e+00
3.535523653030395508e+00
3.167955875396728516e+00
2.421615839004516602e+00
2.477718114852905273e+00
3.068614244461059570e+00
2.598121881484985352e+00
2.609027147293090820e+00
2.129593133926391602e+00
2.989531755447387695e+00
2.117843866348266602e+00
2.504307985305786133e+00
2.828259706497192383e+00
2.631648063659667969e+00
3.212440729141235352e+00
2.596433877944946289e+00
3.704592943191528320e+00
3.303979873657226562e+00
3.151569128036499023e+00
2.147677898406982422e+00
3.703696012496948242e+00
3.717350959777832031e+00
3.394177675247192383e+00
4.006865978240966797e+00
3.882701158523559570e+00
4.013972043991088867e+00
4.119855880737304688e+00
2.574325084686279297e+00
2.772380113601684570e+00
3.423381805419921875e+00
4.196391105651855469e+00
3.826123714447021484e+00
2.448738813400268555e+00
2.988970041275024414e+00
3.181180953979492188e+00
2.661641120910644531e+00
3.698162794113159180e+00
2.212337255477905273e+00
4.110890150070190430e+00
3.095911026000976562e+00
4.025999784469604492e+00
2.838658809661865234e+00
2.682693004608154297e+00
4.139625787734985352e+00
2.878742933273315430e+00
3.605881690979003906e+00
4.308116912841796875e+00
4.053189039230346680e+00
1.935732841491699219e+00
2.696197748184204102e+00
4.487374782562255859e+00
3.184356927871704102e+00
2.665665149688720703e+00
3.465568065643310547e+00
3.033185005187988281e+00
1.942698955535888672e+00
4.393404006958007812e+00
4.004606008529663086e+00
2.983219385147094727e+00
4.136781930923461914e+00
2.939646959304809570e+00
3.603675127029418945e+00
3.916847944259643555e+00
3.258549928665161133e+00
4.678637266159057617e+00
1.929628849029541016e+00
3.243314743041992188e+00
2.794663906097412109e+00
2.412938117980957031e+00
3.485177040100097656e+00
3.367180109024047852e+00
2.238075017929077148e+00
3.383308172225952148e+00
3.794743776321411133e+00
3.717963933944702148e+00
3.559725761413574219e+00
3.699455976486206055e+00
2.538614988327026367e+00
3.832468986511230469e+00
3.247144937515258789e+00
3.625503301620483398e+00
3.843747138977050781e+00
3.785515069961547852e+00
5.643146038055419922e+00
3.476734161376953125e+00
3.794237136840820312e+00
3.852789163589477539e+00
3.651985168457031250e+00
2.401526689529418945e+00
3.669170856475830078e+00
3.738268852233886719e+00
3.670925855636596680e+00
3.705715894699096680e+00
4.327696800231933594e+00
3.813405036926269531e+00
3.851211071014404297e+00
3.983495950698852539e+00
3.952316999435424805e+00
2.874421119689941406e+00
4.385530710220336914e+00
3.051460742950439453e+00
2.993992090225219727e+00
2.643814802169799805e+00
3.858702898025512695e+00
2.524948120117187500e+00
3.878998756408691406e+00
2.175893068313598633e+00
2.299088001251220703e+00
2.864025831222534180e+00
2.281816005706787109e+00
2.796159982681274414e+00
2.804673671722412109e+00
3.837217092514038086e+00
2.346791028976440430e+00
2.415912151336669922e+00
2.523238182067871094e+00
3.743904352188110352e+00
3.026789903640747070e+00
2.994710206985473633e+00
2.418706178665161133e+00
2.673532962799072266e+00
2.417140960693359375e+00
2.608397006988525391e+00
2.981847763061523438e+00
2.779963731765747070e+00
2.626085042953491211e+00
2.691656827926635742e+00
2.963721990585327148e+00
2.794364929199218750e+00
2.898754119873046875e+00
2.907263040542602539e+00
3.562696218490600586e+00
2.862303018569946289e+00
3.350788116455078125e+00
3.014001131057739258e+00
2.466742038726806641e+00
3.354917049407958984e+00
3.104903936386108398e+00
2.110601902008056641e+00
3.586589097976684570e+00
3.300778865814208984e+00
3.134812831878662109e+00
1.982625246047973633e+00
3.296275854110717773e+00
3.513943195343017578e+00
2.186149120330810547e+00
3.605898857116699219e+00
3.626114130020141602e+00
3.885093927383422852e+00
2.602795124053955078e+00
2.826706171035766602e+00
4.094717979431152344e+00
2.847655057907104492e+00
2.936625242233276367e+00
2.147286891937255859e+00
3.035513639450073242e+00
3.073862075805664062e+00
4.775835990905761719e+00
2.928014993667602539e+00
2.877305984497070312e+00
2.995980024337768555e+00
4.095926046371459961e+00
4.410223007202148438e+00
4.028224945068359375e+00
3.115553855895996094e+00
4.400093078613281250e+00
4.796781778335571289e+00
4.325220823287963867e+00
3.567266941070556641e+00
4.630767822265625000e+00
3.401561260223388672e+00
3.616796970367431641e+00
4.462808132171630859e+00
3.228034973144531250e+00
4.903501987457275391e+00
3.219817161560058594e+00
3.296584129333496094e+00
3.324583292007446289e+00
3.391438245773315430e+00
3.614604949951171875e+00
4.043613910675048828e+00
3.361349821090698242e+00
3.660604953765869141e+00
3.107788085937500000e+00
3.721796989440917969e+00
3.005041122436523438e+00
3.735954284667968750e+00
2.851962089538574219e+00
3.889160156250000000e+00
2.909915924072265625e+00
3.371583938598632812e+00
3.531697034835815430e+00
3.669404029846191406e+00
3.748977899551391602e+00
3.780022859573364258e+00
3.889288902282714844e+00
3.538756132125854492e+00
3.374593019485473633e+00
2.795644998550415039e+00
3.924361944198608398e+00
3.914155960083007812e+00
3.209997892379760742e+00
2.470070123672485352e+00
3.416223049163818359e+00
2.908318996429443359e+00
3.451900005340576172e+00
3.020218133926391602e+00
2.973370790481567383e+00
4.110372781753540039e+00
3.465588092803955078e+00
2.561519861221313477e+00
4.122788190841674805e+00
3.912699937820434570e+00
3.152911901473999023e+00
3.958426952362060547e+00
3.059694051742553711e+00
4.331658124923706055e+00
3.611804962158203125e+00
2.875912189483642578e+00
3.564665079116821289e+00
2.860461235046386719e+00
4.111780166625976562e+00
4.385281801223754883e+00
4.369586944580078125e+00
3.496901988983154297e+00
3.264854192733764648e+00
3.708595991134643555e+00
4.253863334655761719e+00
2.657378911972045898e+00
3.261778116226196289e+00
3.288844108581542969e+00
2.791777849197387695e+00
4.677939891815185547e+00
2.470504999160766602e+00
4.222474098205566406e+00
3.276740074157714844e+00
3.618992805480957031e+00
2.786694049835205078e+00
3.293410062789916992e+00
3.554227828979492188e+00
3.108332872390747070e+00
3.774590969085693359e+00
2.697176933288574219e+00
2.308728218078613281e+00
2.608889102935791016e+00
3.548817873001098633e+00
4.450132131576538086e+00
3.881532192230224609e+00
2.955570220947265625e+00
4.324975013732910156e+00
3.584138870239257812e+00
3.559266805648803711e+00
4.461370229721069336e+00
3.555842161178588867e+00
3.886992931365966797e+00
3.657699108123779297e+00
4.552278041839599609e+00
3.794551134109497070e+00
2.872650861740112305e+00
3.342640876770019531e+00
3.249110937118530273e+00
4.075924158096313477e+00
4.285038232803344727e+00
3.948688745498657227e+00
3.016369819641113281e+00
3.273189783096313477e+00
3.151050806045532227e+00
3.229225873947143555e+00
3.831702947616577148e+00
4.686148881912231445e+00
4.709841012954711914e+00
3.335383176803588867e+00
2.850842952728271484e+00
2.489475965499877930e+00
2.773843050003051758e+00
2.472242116928100586e+00
5.265791177749633789e+00
3.131184101104736328e+00
3.435482025146484375e+00
3.370768070220947266e+00
3.026328086853027344e+00
3.319287061691284180e+00
3.435108184814453125e+00
2.821727991104125977e+00
3.811512947082519531e+00
3.179608821868896484e+00
3.797279119491577148e+00
2.842116117477416992e+00
3.325771570205688477e+00
3.297288894653320312e+00
3.533362150192260742e+00
3.375498056411743164e+00
2.511357069015502930e+00
3.245537996292114258e+00
3.155553817749023438e+00
3.627850055694580078e+00
2.907665967941284180e+00
3.230172872543334961e+00
3.029488801956176758e+00
3.573922634124755859e+00
2.955266714096069336e+00
3.244052886962890625e+00
3.439100980758666992e+00
3.594738006591796875e+00
4.137317895889282227e+00
3.658310174942016602e+00
3.995971202850341797e+00
3.312142848968505859e+00
3.570045948028564453e+00
3.938281059265136719e+00
3.528845071792602539e+00
3.620615005493164062e+00
3.395344972610473633e+00
4.628259897232055664e+00
3.829254865646362305e+00
3.406892061233520508e+00
4.267317056655883789e+00
3.663970947265625000e+00
2.331212759017944336e+00
3.622394084930419922e+00
3.684397697448730469e+00
3.831151008605957031e+00
4.363378047943115234e+00
3.792295932769775391e+00
3.896081924438476562e+00
4.012357950210571289e+00
3.682914018630981445e+00
3.970418214797973633e+00
4.041209936141967773e+00
3.396743059158325195e+00
3.560466051101684570e+00
2.415254831314086914e+00
4.140745878219604492e+00
2.674224138259887695e+00
2.765144824981689453e+00
4.024696826934814453e+00
3.592980861663818359e+00
4.562053918838500977e+00
4.464104890823364258e+00
2.352541923522949219e+00
4.161494016647338867e+00
4.128553867340087891e+00
2.686124086380004883e+00
3.266794919967651367e+00
4.215529918670654297e+00
3.388675689697265625e+00
2.817478179931640625e+00
2.898506164550781250e+00
3.398490905761718750e+00
3.225554943084716797e+00
2.326809167861938477e+00
3.252552270889282227e+00
2.845797061920166016e+00
1.947872877120971680e+00
2.610097885131835938e+00
3.064036130905151367e+00
2.715195894241333008e+00
3.031865119934082031e+00
3.645562171936035156e+00
3.164880037307739258e+00
2.120676279067993164e+00
2.526326179504394531e+00
2.247505903244018555e+00
3.188204050064086914e+00
3.012780189514160156e+00
3.252416133880615234e+00
2.633149862289428711e+00
2.716783761978149414e+00
2.858349084854125977e+00
3.193756103515625000e+00
2.836966991424560547e+00
3.337474107742309570e+00
2.795168876647949219e+00
3.432801961898803711e+00
3.307439804077148438e+00
3.353853940963745117e+00
3.024151086807250977e+00
2.656333923339843750e+00
3.578921794891357422e+00
3.643406867980957031e+00
3.266710996627807617e+00
3.571606874465942383e+00
3.587987899780273438e+00
3.585270166397094727e+00
3.370199918746948242e+00
2.638386964797973633e+00
2.733569145202636719e+00
3.470645904541015625e+00
3.158397912979125977e+00
3.784884214401245117e+00
2.714858055114746094e+00
3.816242933273315430e+00
3.128427982330322266e+00
3.164942979812622070e+00
3.793036222457885742e+00
2.370269775390625000e+00
3.044310092926025391e+00
2.727278709411621094e+00
3.456984996795654297e+00
3.329228162765502930e+00
3.558106184005737305e+00
4.161693811416625977e+00
2.422120094299316406e+00
2.439943075180053711e+00
2.813503026962280273e+00
3.354274749755859375e+00
3.892676115036010742e+00
3.645254850387573242e+00
3.181246995925903320e+00
2.785140991210937500e+00
3.051663875579833984e+00
3.625752210617065430e+00
2.406760931015014648e+00
3.573412656784057617e+00
3.429594993591308594e+00
3.250730037689208984e+00
2.736357212066650391e+00
2.821294069290161133e+00
3.832329273223876953e+00
3.746780157089233398e+00
3.362544775009155273e+00
3.540105819702148438e+00
2.594935894012451172e+00
2.477800130844116211e+00
3.892193794250488281e+00
2.906705141067504883e+00
4.031872987747192383e+00
4.113415718078613281e+00
3.050657987594604492e+00
3.143101930618286133e+00
3.152579069137573242e+00
3.703124046325683594e+00
3.692374229431152344e+00
3.850820302963256836e+00
3.120269060134887695e+00
2.530786037445068359e+00
3.368036985397338867e+00
2.891726970672607422e+00
2.734575986862182617e+00
3.382488727569580078e+00
3.193890094757080078e+00
3.028951883316040039e+00
2.545744180679321289e+00
3.398655891418457031e+00
3.473757982254028320e+00
3.231936931610107422e+00
3.407193899154663086e+00
3.140273094177246094e+00
2.658482313156127930e+00
2.487355232238769531e+00
3.429788827896118164e+00
3.771049022674560547e+00
3.746999979019165039e+00
4.615875959396362305e+00
3.565449953079223633e+00
4.332812070846557617e+00
2.429268360137939453e+00
3.129202842712402344e+00
3.130367994308471680e+00
2.872718095779418945e+00
3.167096853256225586e+00
5.069270133972167969e+00
2.901627063751220703e+00
2.875388860702514648e+00
3.046849012374877930e+00
4.084980249404907227e+00
3.107748746871948242e+00
2.577120065689086914e+00
3.002912044525146484e+00
3.008053064346313477e+00
3.524817943572998047e+00
3.906440973281860352e+00
3.951745986938476562e+00
5.098519086837768555e+00
4.220584869384765625e+00
3.461778879165649414e+00
2.628647804260253906e+00
2.516644239425659180e+00
3.117617845535278320e+00
2.810765027999877930e+00
2.457964897155761719e+00
3.653349876403808594e+00
3.044917583465576172e+00
3.053253173828125000e+00
3.137841224670410156e+00
2.532656908035278320e+00
3.022723913192749023e+00
2.393740892410278320e+00
4.738456964492797852e+00
2.511607885360717773e+00
2.505821228027343750e+00
4.785753965377807617e+00
2.631247043609619141e+00
2.802024841308593750e+00
3.283769130706787109e+00
2.664611101150512695e+00
2.668665170669555664e+00
3.327600717544555664e+00
4.020285844802856445e+00
3.822936058044433594e+00
2.818872213363647461e+00
3.665577411651611328e+00
2.923376083374023438e+00
2.931375026702880859e+00
3.336273908615112305e+00
2.582345962524414062e+00
3.667551279067993164e+00
3.449433803558349609e+00
3.228528976440429688e+00
3.074067831039428711e+00
3.692361116409301758e+00
3.679063081741333008e+00
4.127686023712158203e+00
3.865457296371459961e+00
3.350205183029174805e+00
4.229524850845336914e+00
3.954129934310913086e+00
3.475208044052124023e+00
4.315994262695312500e+00
3.399715185165405273e+00
4.523563146591186523e+00
4.064270734786987305e+00
5.280551195144653320e+00
2.998512029647827148e+00
2.741065025329589844e+00
2.608319997787475586e+00
3.151860952377319336e+00
4.597038030624389648e+00
4.407756090164184570e+00
2.947006940841674805e+00
2.743589878082275391e+00
2.763236045837402344e+00
3.858257055282592773e+00
3.239591836929321289e+00
4.868762969970703125e+00
2.582519054412841797e+00
2.741199970245361328e+00
2.683787822723388672e+00
2.804616928100585938e+00
2.612138986587524414e+00
2.609071969985961914e+00
3.182877779006958008e+00
2.394732952117919922e+00
3.527047395706176758e+00
3.480025053024291992e+00
2.763590097427368164e+00
3.572175025939941406e+00
3.166905879974365234e+00
3.577270984649658203e+00
3.244000911712646484e+00
3.828619003295898438e+00
4.142091035842895508e+00
3.096370935440063477e+00
3.254484891891479492e+00
3.751805067062377930e+00
3.254528999328613281e+00
2.454148054122924805e+00
3.764260053634643555e+00
2.595887899398803711e+00
3.213410854339599609e+00
3.444886922836303711e+00
3.809777975082397461e+00
2.222002029418945312e+00
4.360377073287963867e+00
2.883497238159179688e+00
3.626405954360961914e+00
4.300568103790283203e+00
2.906437158584594727e+00
4.589651107788085938e+00
3.784865140914916992e+00
2.953274965286254883e+00
2.861613035202026367e+00
4.294450998306274414e+00
3.785222291946411133e+00
2.710876941680908203e+00
3.088805913925170898e+00
3.204858779907226562e+00
2.489413738250732422e+00
3.204308986663818359e+00
3.273566007614135742e+00
4.562605857849121094e+00
2.334670305252075195e+00
2.474584817886352539e+00
3.773174047470092773e+00
2.618413209915161133e+00
2.994151115417480469e+00
2.959988832473754883e+00
2.391360044479370117e+00
4.307708978652954102e+00
3.214251041412353516e+00
2.921282052993774414e+00
2.663855075836181641e+00
3.704565048217773438e+00
4.091418743133544922e+00
4.159198045730590820e+00
2.970300912857055664e+00
3.802376985549926758e+00
2.975496292114257812e+00
3.889830827713012695e+00
2.988678932189941406e+00
3.150676012039184570e+00
2.704972028732299805e+00
2.752700805664062500e+00
2.535856008529663086e+00
3.529489755630493164e+00
3.035737037658691406e+00
3.509041070938110352e+00
3.100522041320800781e+00
3.122601032257080078e+00
2.890249252319335938e+00
3.317807912826538086e+00
3.319005727767944336e+00
2.695096731185913086e+00
3.303848981857299805e+00
2.751331090927124023e+00
3.076645851135253906e+00
2.753618240356445312e+00
2.972114086151123047e+00
3.040328264236450195e+00
3.172634124755859375e+00
2.803689956665039062e+00
2.804526805877685547e+00
3.408653974533081055e+00
3.524664878845214844e+00
3.184322118759155273e+00
2.936362981796264648e+00
3.054686069488525391e+00
2.581907987594604492e+00
2.927628993988037109e+00
2.487901926040649414e+00
3.384087800979614258e+00
2.750686883926391602e+00
2.977147102355957031e+00
2.440203905105590820e+00
3.473504066467285156e+00
3.469699859619140625e+00
3.568981170654296875e+00
3.088888645172119141e+00
2.871022701263427734e+00
3.002795934677124023e+00
3.267523050308227539e+00
3.539617061614990234e+00
2.961522102355957031e+00
3.614904165267944336e+00
2.784090042114257812e+00
3.191327095031738281e+00
3.458790063858032227e+00
3.633336067199707031e+00
2.795598983764648438e+00
2.895098209381103516e+00
3.278541088104248047e+00
2.608733892440795898e+00
2.997638225555419922e+00
2.083742856979370117e+00
3.371232986450195312e+00
2.388140916824340820e+00
3.534351110458374023e+00
3.014552116394042969e+00
2.891357898712158203e+00
3.524297952651977539e+00
2.778590917587280273e+00
3.580949068069458008e+00
3.201514005661010742e+00
3.674823045730590820e+00
2.581784963607788086e+00
3.917416095733642578e+00
3.228556632995605469e+00
3.073292016983032227e+00
2.421225786209106445e+00
2.409421205520629883e+00
3.175629138946533203e+00
3.278551101684570312e+00
3.289396762847900391e+00
3.606440305709838867e+00
3.766296148300170898e+00
3.454766035079956055e+00
2.780421257019042969e+00
2.144441843032836914e+00
2.856497049331665039e+00
2.064656972885131836e+00
3.400807857513427734e+00
3.649558067321777344e+00
3.118016004562377930e+00
3.096035003662109375e+00
3.102480888366699219e+00
2.758920907974243164e+00
3.599852085113525391e+00
2.498543262481689453e+00
3.648448944091796875e+00
2.549008846282958984e+00
2.580997943878173828e+00
3.351420879364013672e+00
2.230218887329101562e+00
3.378820896148681641e+00
2.543617963790893555e+00
2.802095890045166016e+00
3.602947711944580078e+00
3.676539897918701172e+00
3.745049715042114258e+00
3.479859828948974609e+00
3.504529237747192383e+00
3.801300048828125000e+00
2.730281114578247070e+00
3.091293811798095703e+00
3.396615266799926758e+00
3.707666873931884766e+00
3.842662096023559570e+00
3.131830930709838867e+00
3.358029127120971680e+00
3.405383110046386719e+00
3.287853717803955078e+00
4.367187023162841797e+00
3.844609975814819336e+00
3.765187025070190430e+00
3.256493091583251953e+00
3.204978942871093750e+00
3.506767034530639648e+00
2.665966272354125977e+00
2.564871072769165039e+00
3.865756988525390625e+00
2.467025756835937500e+00
3.313112974166870117e+00
3.484553098678588867e+00
4.378902912139892578e+00
2.600044012069702148e+00
4.525106906890869141e+00
3.716686964035034180e+00
2.780491113662719727e+00
3.017755270004272461e+00
4.277980327606201172e+00
2.961578130722045898e+00
3.846500873565673828e+00
4.188663959503173828e+00
2.597394943237304688e+00
3.969571113586425781e+00
3.887378215789794922e+00
3.140109062194824219e+00
3.287261009216308594e+00
3.376991033554077148e+00
4.093128919601440430e+00
3.015989065170288086e+00
3.244342088699340820e+00
2.964981317520141602e+00
3.274535894393920898e+00
3.373358964920043945e+00
3.863562583923339844e+00
4.113446950912475586e+00
2.884453773498535156e+00
3.604178905487060547e+00
3.483273983001708984e+00
2.387004852294921875e+00
3.697371721267700195e+00
3.783619165420532227e+00
4.910951852798461914e+00
3.053064823150634766e+00
3.990463018417358398e+00
3.366773843765258789e+00
3.317333221435546875e+00
3.100677251815795898e+00
3.571896076202392578e+00
2.558483123779296875e+00
2.984873056411743164e+00
2.737897872924804688e+00
3.479229927062988281e+00
2.842042922973632812e+00
3.617690801620483398e+00
3.706634998321533203e+00
3.204895973205566406e+00
4.125655174255371094e+00
3.703875780105590820e+00
3.177547931671142578e+00
3.383721113204956055e+00
3.393374919891357422e+00
3.098015069961547852e+00
2.930420160293579102e+00
2.939543962478637695e+00
3.235109090805053711e+00
2.137958288192749023e+00
3.091698169708251953e+00
2.986673831939697266e+00
2.714722156524658203e+00
3.010396003723144531e+00
3.419342279434204102e+00
3.564539909362792969e+00
2.951288223266601562e+00
3.900282144546508789e+00
3.382804155349731445e+00
3.144410848617553711e+00
3.252227783203125000e+00
3.265263080596923828e+00
3.954050064086914062e+00
3.009139060974121094e+00
2.174650192260742188e+00
3.592865943908691406e+00
3.344202041625976562e+00
3.465017080307006836e+00
3.244920730590820312e+00
3.400476932525634766e+00
3.149787187576293945e+00
3.418144941329956055e+00
3.936962127685546875e+00
2.591549873352050781e+00
4.242026090621948242e+00
2.566745042800903320e+00
3.109689235687255859e+00
3.300000190734863281e+00
3.363518953323364258e+00
3.699700832366943359e+00
3.554376125335693359e+00
2.566954851150512695e+00
2.593744754791259766e+00
3.955523967742919922e+00
3.469682931900024414e+00
2.727868080139160156e+00
2.876369953155517578e+00
3.889952898025512695e+00
3.214202880859375000e+00
3.056885957717895508e+00
2.913475036621093750e+00
2.625708818435668945e+00
4.141675710678100586e+00
2.460545063018798828e+00
2.469362020492553711e+00
3.690808773040771484e+00
2.769613027572631836e+00
2.923987865447998047e+00
2.803009986877441406e+00
3.443199872970581055e+00
2.644500017166137695e+00
4.496372938156127930e+00
3.178035974502563477e+00
2.969868898391723633e+00
2.945658922195434570e+00
2.780985116958618164e+00
3.361253738403320312e+00
2.744329929351806641e+00
2.852487087249755859e+00
3.149209022521972656e+00
3.001037120819091797e+00
3.369920015335083008e+00
2.910638809204101562e+00
3.106697082519531250e+00
3.302006959915161133e+00
3.434651136398315430e+00
3.423541069030761719e+00
3.005314826965332031e+00
2.405508041381835938e+00
3.224301815032958984e+00
3.705983877182006836e+00
2.293094873428344727e+00
3.872488021850585938e+00
3.618047952651977539e+00
3.892186880111694336e+00
3.464622020721435547e+00
2.707689285278320312e+00
3.451311826705932617e+00
3.191601991653442383e+00
3.183779239654541016e+00
2.123312950134277344e+00
3.911319017410278320e+00
3.579026222229003906e+00
3.492933273315429688e+00
2.811715126037597656e+00
3.881078004837036133e+00
3.251106023788452148e+00
2.505079030990600586e+00
2.570087909698486328e+00
3.151115179061889648e+00
3.336417198181152344e+00
4.170254230499267578e+00
3.737272024154663086e+00
2.449854850769042969e+00
2.421641826629638672e+00
2.744124889373779297e+00
2.827882051467895508e+00
3.723842144012451172e+00
3.274349212646484375e+00
2.595761775970458984e+00
3.769788980484008789e+00
3.897601127624511719e+00
3.430534124374389648e+00
3.022318124771118164e+00
2.879904985427856445e+00
3.593106985092163086e+00
3.478172063827514648e+00
3.028238058090209961e+00
3.036527872085571289e+00
3.545632839202880859e+00
2.858856201171875000e+00
3.183950185775756836e+00
3.047618150711059570e+00
3.110532999038696289e+00
3.703703641891479492e+00
3.503826141357421875e+00
3.503433942794799805e+00
3.055335044860839844e+00
3.096812248229980469e+00
3.416550159454345703e+00
3.152961015701293945e+00
3.367818355560302734e+00
3.081931829452514648e+00
2.465634107589721680e+00
3.389486074447631836e+00
3.887022256851196289e+00
3.695864915847778320e+00
3.476854085922241211e+00
3.309315204620361328e+00
3.589801788330078125e+00
3.036816120147705078e+00
3.380918025970458984e+00
3.360611915588378906e+00
2.377513885498046875e+00
3.454289913177490234e+00
3.018730878829956055e+00
2.993316888809204102e+00
3.168439149856567383e+00
3.495400905609130859e+00
2.512403964996337891e+00
3.076765060424804688e+00
4.038686275482177734e+00
2.209925889968872070e+00
3.154733657836914062e+00
2.415994882583618164e+00
2.952950954437255859e+00
2.814946889877319336e+00
2.791702985763549805e+00
2.771432876586914062e+00
3.039180040359497070e+00
3.562611103057861328e+00
2.971657037734985352e+00
2.948410034179687500e+00
3.628218173980712891e+00
3.771239042282104492e+00
2.215212821960449219e+00
2.914016008377075195e+00
2.550601005554199219e+00
3.366302967071533203e+00
2.952638387680053711e+00
2.881293058395385742e+00
2.747776031494140625e+00
2.609531879425048828e+00
2.653598070144653320e+00
3.565217018127441406e+00
2.719980239868164062e+00
2.664592742919921875e+00
3.134749889373779297e+00
2.961977958679199219e+00
2.413268089294433594e+00
3.751142740249633789e+00
2.425598647594451904e+02
2.338548898696899414e+00
3.233830928802490234e+00
2.436440706253051758e+00
2.069134235382080078e+00
2.123173952102661133e+00
2.410855054855346680e+00
2.349688768386840820e+00
1.950145006179809570e+00
2.941326141357421875e+00
2.141318082809448242e+00
2.654417037963867188e+00
2.531066179275512695e+00
2.244119882583618164e+00
2.393724918365478516e+00
2.500975847244262695e+00
2.269206047058105469e+00
2.559174060821533203e+00
2.376237869262695312e+00
2.640653848648071289e+00
2.131423950195312500e+00
2.881208181381225586e+00
3.039644002914428711e+00
2.461958885192871094e+00
2.966973304748535156e+00
2.913749217987060547e+00
2.124736070632934570e+00
3.223339080810546875e+00
3.731667041778564453e+00
