1.064802408218383789e+01
4.139375925064086914e+00
9.269777059555053711e+00
8.580615043640136719e+00
1.954107046127319336e+00
1.370025992393493652e+01
1.573841786384582520e+01
3.670517921447753906e+00
8.831211090087890625e+00
6.904854059219360352e+00
4.898335933685302734e+00
1.000443577766418457e+01
6.014191150665283203e+00
3.803965806961059570e+00
4.016189098358154297e+00
3.559895992279052734e+00
2.595037937164306641e+00
2.218535900115966797e+00
3.262361764907836914e+00
1.245699501037597656e+01
2.463840961456298828e+00
1.991335868835449219e+00
2.260457992553710938e+00
2.060278892517089844e+00
2.716706037521362305e+00
2.603561878204345703e+00
2.777236938476562500e+00
2.890889883041381836e+00
3.413891077041625977e+00
2.201760053634643555e+00
1.837070941925048828e+00
3.476927042007446289e+00
3.344305276870727539e+00
3.423227071762084961e+00
3.268117666244506836e+00
3.575756072998046875e+00
3.610597133636474609e+00
1.856215953826904297e+00
2.323239803314208984e+00
3.906450748443603516e+00
2.302029132843017578e+00
2.453323841094970703e+00
2.282694339752197266e+00
1.728189229965209961e+00
2.181920051574707031e+00
2.332003116607666016e+00
2.130965948104858398e+00
2.563084125518798828e+00
2.137737035751342773e+00
2.784480094909667969e+00
2.592178106307983398e+00
1.962688207626342773e+00
2.302877902984619141e+00
2.149857044219970703e+00
2.649239063262939453e+00
2.919561862945556641e+00
2.474302053451538086e+00
2.910789728164672852e+00
2.652245998382568359e+00
2.371799945831298828e+00
3.095926046371459961e+00
2.710086107254028320e+00
1.896210908889770508e+00
1.988589048385620117e+00
1.969693899154663086e+00
2.289312124252319336e+00
2.034713029861450195e+00
2.456218004226684570e+00
1.946166038513183594e+00
2.457376956939697266e+00
1.911660194396972656e+00
2.598824024200439453e+00
1.849401235580444336e+00
1.972312688827514648e+00
2.093036890029907227e+00
2.385998010635375977e+00
2.562750101089477539e+00
2.170595169067382812e+00
2.351522922515869141e+00
2.344880819320678711e+00
2.597712993621826172e+00
2.341263294219970703e+00
2.584299087524414062e+00
1.513941049575805664e+00
1.630157947540283203e+00
2.898103952407836914e+00
2.028754234313964844e+00
2.794466018676757812e+00
1.837953090667724609e+00
3.102443933486938477e+00
2.465235233306884766e+00
1.864722251892089844e+00
2.435648918151855469e+00
3.171913862228393555e+00
2.645821094512939453e+00
1.576322078704833984e+00
2.061965227127075195e+00
1.925961971282958984e+00
1.906555891036987305e+00
2.223614215850830078e+00
1.993089914321899414e+00
1.659618139266967773e+00
2.059026002883911133e+00
2.339126110076904297e+00
2.115997791290283203e+00
2.039578199386596680e+00
2.609779357910156250e+00
2.624588012695312500e+00
2.766391992568969727e+00
2.613051891326904297e+00
2.430030107498168945e+00
2.574980020523071289e+00
2.628109931945800781e+00
2.094283819198608398e+00
2.626724958419799805e+00
2.456362962722778320e+00
2.244070053100585938e+00
2.516344785690307617e+00
1.619157075881958008e+00
1.903079032897949219e+00
3.061915874481201172e+00
2.751950740814208984e+00
1.388353824615478516e+00
3.294308900833129883e+00
3.310621976852416992e+00
3.003364801406860352e+00
2.837034940719604492e+00
1.979095935821533203e+00
2.238628149032592773e+00
3.457428932189941406e+00
2.806277990341186523e+00
3.167317628860473633e+00
2.329027175903320312e+00
2.589153766632080078e+00
2.199470758438110352e+00
2.098985910415649414e+00
1.787283897399902344e+00
2.353619813919067383e+00
1.828229188919067383e+00
2.700727939605712891e+00
2.402524948120117188e+00
2.659311056137084961e+00
2.330549955368041992e+00
2.250667095184326172e+00
2.158529996871948242e+00
2.735151052474975586e+00
2.389142036437988281e+00
2.158643960952758789e+00
2.616006851196289062e+00
1.934544801712036133e+00
2.046276807785034180e+00
1.951164007186889648e+00
2.080033063888549805e+00
2.051840066909790039e+00
2.178130865097045898e+00
2.224076032638549805e+00
2.033111095428466797e+00
2.350708007812500000e+00
2.304620027542114258e+00
2.346095800399780273e+00
2.273118972778320312e+00
2.445908069610595703e+00
2.367587089538574219e+00
2.240779876708984375e+00
2.580351352691650391e+00
2.280912876129150391e+00
2.228473186492919922e+00
2.156466007232666016e+00
2.693904876708984375e+00
2.713200092315673828e+00
2.256066799163818359e+00
2.757791996002197266e+00
1.679893016815185547e+00
2.287030696868896484e+00
1.871358871459960938e+00
2.757313013076782227e+00
2.093969106674194336e+00
2.787066936492919922e+00
3.074527978897094727e+00
2.076405048370361328e+00
2.953614234924316406e+00
2.156556129455566406e+00
2.305394172668457031e+00
2.383553028106689453e+00
3.586138248443603516e+00
3.230297088623046875e+00
3.433792829513549805e+00
2.163830995559692383e+00
2.366934061050415039e+00
2.305597066879272461e+00
2.684144973754882812e+00
2.420588016510009766e+00
1.855993032455444336e+00
2.451538085937500000e+00
2.630247354507446289e+00
1.810991764068603516e+00
4.211678981781005859e+00
3.882473945617675781e+00
3.457698106765747070e+00
4.444283008575439453e+00
5.064985036849975586e+00
3.878177881240844727e+00
5.592656850814819336e+00
3.591017007827758789e+00
3.654499053955078125e+00
3.512893915176391602e+00
4.941609144210815430e+00
4.997433900833129883e+00
3.911656379699707031e+00
4.491328954696655273e+00
4.500867128372192383e+00
3.519445896148681641e+00
4.844846010208129883e+00
3.162516117095947266e+00
4.821249961853027344e+00
4.817084074020385742e+00
3.733009099960327148e+00
2.815109729766845703e+00
3.517732858657836914e+00
3.393419981002807617e+00
3.720590829849243164e+00
3.906574964523315430e+00
3.118506908416748047e+00
3.877192020416259766e+00
3.409261941909790039e+00
3.081868886947631836e+00
3.185673952102661133e+00
4.327770233154296875e+00
3.663305044174194336e+00
2.340048074722290039e+00
3.993265867233276367e+00
3.960175275802612305e+00
3.117332935333251953e+00
1.831933975219726562e+00
1.965361118316650391e+00
1.861840963363647461e+00
2.389361858367919922e+00
2.119794845581054688e+00
2.097392082214355469e+00
2.336859941482543945e+00
2.642322063446044922e+00
2.855973005294799805e+00
3.107580900192260742e+00
2.619107007980346680e+00
2.821004152297973633e+00
2.208430051803588867e+00
2.729643106460571289e+00
2.453422069549560547e+00
2.910892963409423828e+00
3.175915241241455078e+00
2.449092149734497070e+00
2.613009929656982422e+00
3.091919898986816406e+00
3.240830898284912109e+00
3.272288084030151367e+00
3.230136632919311523e+00
3.371141195297241211e+00
3.102550029754638672e+00
2.793810129165649414e+00
2.676964044570922852e+00
3.467171907424926758e+00
2.903514146804809570e+00
3.468708276748657227e+00
3.001524209976196289e+00
2.267723083496093750e+00
3.127182245254516602e+00
3.290220975875854492e+00
4.077522039413452148e+00
4.073729991912841797e+00
2.098970890045166016e+00
3.432707786560058594e+00
3.694510221481323242e+00
3.676431894302368164e+00
3.733530759811401367e+00
2.257889986038208008e+00
3.203277111053466797e+00
2.105038166046142578e+00
2.487099170684814453e+00
1.966736793518066406e+00
3.288289070129394531e+00
3.015522956848144531e+00
1.630355834960937500e+00
2.486344814300537109e+00
2.285182952880859375e+00
1.913551807403564453e+00
2.812454700469970703e+00
2.354364156723022461e+00
1.947148084640502930e+00
2.526895046234130859e+00
3.033083200454711914e+00
2.625607252120971680e+00
2.119970083236694336e+00
2.238389968872070312e+00
2.498459815979003906e+00
2.498771905899047852e+00
2.285768032073974609e+00
2.027381181716918945e+00
2.312505245208740234e+00
2.089582204818725586e+00
2.894459009170532227e+00
2.818287849426269531e+00
3.084139823913574219e+00
2.530863761901855469e+00
2.715178012847900391e+00
2.726114034652709961e+00
2.982942819595336914e+00
2.261665582656860352e+00
3.278381109237670898e+00
3.644872903823852539e+00
3.481024026870727539e+00
3.840236186981201172e+00
3.364661931991577148e+00
3.095814228057861328e+00
3.252296924591064453e+00
3.286578178405761719e+00
3.012434959411621094e+00
3.600038766860961914e+00
2.787279129028320312e+00
4.171382188796997070e+00
4.819715261459350586e+00
2.999503135681152344e+00
4.105497121810913086e+00
4.238663196563720703e+00
4.435602188110351562e+00
3.502672910690307617e+00
4.717244148254394531e+00
4.025292158126831055e+00
3.874076366424560547e+00
3.115400791168212891e+00
3.908669948577880859e+00
2.772626161575317383e+00
2.830156087875366211e+00
2.415350198745727539e+00
2.826915025711059570e+00
3.562638044357299805e+00
2.793794870376586914e+00
5.772760152816772461e+00
2.962374210357666016e+00
3.141643047332763672e+00
3.375311136245727539e+00
2.994135141372680664e+00
4.133797883987426758e+00
4.154532194137573242e+00
5.261972188949584961e+00
4.173033952713012695e+00
4.178966999053955078e+00
5.022897958755493164e+00
3.416369199752807617e+00
2.150281190872192383e+00
4.175197124481201172e+00
2.290952920913696289e+00
3.034264087677001953e+00
4.270166158676147461e+00
3.410080909729003906e+00
4.239980697631835938e+00
2.362542629241943359e+00
2.122694253921508789e+00
1.976078987121582031e+00
2.233440876007080078e+00
1.988816022872924805e+00
2.274932861328125000e+00
2.254296064376831055e+00
1.483232975006103516e+00
2.322542905807495117e+00
1.902067184448242188e+00
2.155436038970947266e+00
2.686922073364257812e+00
2.376830101013183594e+00
2.152689933776855469e+00
2.175672054290771484e+00
1.741941928863525391e+00
2.795341014862060547e+00
2.959032058715820312e+00
2.876863002777099609e+00
2.665515899658203125e+00
2.564252138137817383e+00
2.267866134643554688e+00
2.717099189758300781e+00
2.645724058151245117e+00
2.966353893280029297e+00
2.439061880111694336e+00
2.497201919555664062e+00
2.602463006973266602e+00
2.959985256195068359e+00
2.560163021087646484e+00
2.780788898468017578e+00
2.779823064804077148e+00
3.446371078491210938e+00
2.842674255371093750e+00
3.133926868438720703e+00
3.225280761718750000e+00
2.789628028869628906e+00
2.838275909423828125e+00
2.603611946105957031e+00
3.342115163803100586e+00
3.132440090179443359e+00
3.595187902450561523e+00
3.609317779541015625e+00
3.131859779357910156e+00
2.855059862136840820e+00
2.851504802703857422e+00
3.821885108947753906e+00
2.847670078277587891e+00
3.682287931442260742e+00
4.109905958175659180e+00
4.182552099227905273e+00
3.775804042816162109e+00
4.320721864700317383e+00
3.798682212829589844e+00
4.408257961273193359e+00
3.279392957687377930e+00
3.126549959182739258e+00
4.045629978179931641e+00
3.973524093627929688e+00
4.317893743515014648e+00
3.167981147766113281e+00
3.507621049880981445e+00
3.320590257644653320e+00
3.636637926101684570e+00
2.669061899185180664e+00
3.539017915725708008e+00
2.792368173599243164e+00
3.905339002609252930e+00
3.147274017333984375e+00
4.964060783386230469e+00
4.700063943862915039e+00
3.185933113098144531e+00
3.565981864929199219e+00
3.227985143661499023e+00
3.537740945816040039e+00
5.769975900650024414e+00
4.941777706146240234e+00
3.081331014633178711e+00
3.187021255493164062e+00
3.558442115783691406e+00
3.742475986480712891e+00
3.106723070144653320e+00
3.495820999145507812e+00
4.204437971115112305e+00
3.630507946014404297e+00
4.536353111267089844e+00
3.973584175109863281e+00
3.395932912826538086e+00
3.570215940475463867e+00
3.803463935852050781e+00
3.476648092269897461e+00
4.984493732452392578e+00
2.933694124221801758e+00
4.072297334671020508e+00
3.645013093948364258e+00
3.295148849487304688e+00
2.634845972061157227e+00
3.631250858306884766e+00
2.943726062774658203e+00
2.208182096481323242e+00
3.182827949523925781e+00
2.887643098831176758e+00
4.165299892425537109e+00
2.383769989013671875e+00
3.149240255355834961e+00
2.041028976440429688e+00
2.588023662567138672e+00
2.177391767501831055e+00
2.166430234909057617e+00
2.628154993057250977e+00
2.292636871337890625e+00
3.111403942108154297e+00
2.112420320510864258e+00
2.713993072509765625e+00
2.701768875122070312e+00
2.742897033691406250e+00
2.839897871017456055e+00
3.453493118286132812e+00
4.852596044540405273e+00
2.953757286071777344e+00
3.227487087249755859e+00
2.114567041397094727e+00
2.207997798919677734e+00
3.261700868606567383e+00
2.808260202407836914e+00
2.511770248413085938e+00
3.003057241439819336e+00
3.063315868377685547e+00
3.177225828170776367e+00
3.187105894088745117e+00
3.338336944580078125e+00
3.264024972915649414e+00
2.467569828033447266e+00
3.090117216110229492e+00
3.915274858474731445e+00
2.857115268707275391e+00
3.794261217117309570e+00
3.779142856597900391e+00
4.142892837524414062e+00
3.378333091735839844e+00
3.155615091323852539e+00
3.907121181488037109e+00
3.465610980987548828e+00
3.866093873977661133e+00
3.990796804428100586e+00
3.739076852798461914e+00
4.846544981002807617e+00
5.285956144332885742e+00
3.888386011123657227e+00
4.825224876403808594e+00
4.295165777206420898e+00
5.374672174453735352e+00
4.305449962615966797e+00
5.354788780212402344e+00
4.910090923309326172e+00
4.485543966293334961e+00
4.083725214004516602e+00
4.066946983337402344e+00
5.077471971511840820e+00
4.656154870986938477e+00
5.026787757873535156e+00
4.456026077270507812e+00
4.451925992965698242e+00
4.456814050674438477e+00
4.372579813003540039e+00
4.767513036727905273e+00
4.565963983535766602e+00
4.826814889907836914e+00
4.069598913192749023e+00
6.235088109970092773e+00
4.706357955932617188e+00
2.753640174865722656e+00
5.599579095840454102e+00
4.771955966949462891e+00
2.773879051208496094e+00
5.680157184600830078e+00
4.792922258377075195e+00
5.006792068481445312e+00
2.407254934310913086e+00
2.779057025909423828e+00
3.322649002075195312e+00
5.123555183410644531e+00
2.556469917297363281e+00
4.726585865020751953e+00
2.545158147811889648e+00
5.006869077682495117e+00
4.880662918090820312e+00
1.974556922912597656e+00
4.966012001037597656e+00
1.878635883331298828e+00
5.769253253936767578e+00
2.128817796707153320e+00
1.996858119964599609e+00
4.041937112808227539e+00
3.545398950576782227e+00
2.126995086669921875e+00
3.976306915283203125e+00
3.642630100250244141e+00
2.087254047393798828e+00
3.827631235122680664e+00
1.922127008438110352e+00
3.724470853805541992e+00
2.608125925064086914e+00
3.524077892303466797e+00
2.305353879928588867e+00
3.462027072906494141e+00
2.977997064590454102e+00
2.221791982650756836e+00
4.994346857070922852e+00
3.880187988281250000e+00
2.669492959976196289e+00
2.159901380538940430e+00
3.999825000762939453e+00
2.533351182937622070e+00
2.209821939468383789e+00
2.652966976165771484e+00
2.748090028762817383e+00
2.077099084854125977e+00
2.685870885848999023e+00
2.439243078231811523e+00
2.306040048599243164e+00
2.476046085357666016e+00
2.457228183746337891e+00
2.510622978210449219e+00
2.287722826004028320e+00
3.002537250518798828e+00
2.462443113327026367e+00
2.185246944427490234e+00
3.203402042388916016e+00
3.480168819427490234e+00
2.935579299926757812e+00
2.745993852615356445e+00
2.662386894226074219e+00
2.848127126693725586e+00
3.345605134963989258e+00
2.579957008361816406e+00
3.159574985504150391e+00
2.880174160003662109e+00
2.672298908233642578e+00
2.600084066390991211e+00
2.775556087493896484e+00
3.042140245437622070e+00
2.827443122863769531e+00
2.579686880111694336e+00
2.785540103912353516e+00
2.943572044372558594e+00
2.701851844787597656e+00
2.488898038864135742e+00
3.991658926010131836e+00
3.884152650833129883e+00
3.766835212707519531e+00
3.504829883575439453e+00
2.938874959945678711e+00
3.258625984191894531e+00
3.361979961395263672e+00
3.202636718750000000e+00
3.549602746963500977e+00
3.766500949859619141e+00
3.547299861907958984e+00
2.994399309158325195e+00
3.775218009948730469e+00
3.637823343276977539e+00
4.232596874237060547e+00
3.905814647674560547e+00
3.861482143402099609e+00
4.071824789047241211e+00
3.930420398712158203e+00
3.675720930099487305e+00
3.900609970092773438e+00
4.073611021041870117e+00
4.169075012207031250e+00
3.427723646163940430e+00
3.207408905029296875e+00
4.233168840408325195e+00
5.158898115158081055e+00
4.004237890243530273e+00
4.996172904968261719e+00
2.995698928833007812e+00
3.316832065582275391e+00
4.640012025833129883e+00
4.494029760360717773e+00
3.139595031738281250e+00
3.124798059463500977e+00
3.316195011138916016e+00
4.568830966949462891e+00
3.601462125778198242e+00
3.347755908966064453e+00
3.424173116683959961e+00
3.567254066467285156e+00
4.022203922271728516e+00
4.140779018402099609e+00
4.050340890884399414e+00
3.664787054061889648e+00
3.114109992980957031e+00
4.441058158874511719e+00
3.348595142364501953e+00
4.038199186325073242e+00
3.461690902709960938e+00
4.330487012863159180e+00
3.365345954895019531e+00
5.223870992660522461e+00
3.269000053405761719e+00
2.319501161575317383e+00
3.550971746444702148e+00
3.888372898101806641e+00
2.561252117156982422e+00
5.396586894989013672e+00
3.851994276046752930e+00
2.336812973022460938e+00
3.870349884033203125e+00
2.043045997619628906e+00
3.632471799850463867e+00
5.276356935501098633e+00
2.158297777175903320e+00
3.007295846939086914e+00
3.205842733383178711e+00
3.402143955230712891e+00
4.025284051895141602e+00
3.060750961303710938e+00
5.160101890563964844e+00
4.627059936523437500e+00
2.286871910095214844e+00
4.429999828338623047e+00
2.576976060867309570e+00
2.644971132278442383e+00
2.690150022506713867e+00
2.190728902816772461e+00
3.487519979476928711e+00
2.149141073226928711e+00
2.686245918273925781e+00
2.417098999023437500e+00
3.436704874038696289e+00
2.228974103927612305e+00
2.345633029937744141e+00
2.794281005859375000e+00
2.433355093002319336e+00
2.258066892623901367e+00
2.902733802795410156e+00
2.779895067214965820e+00
2.322108983993530273e+00
2.708348989486694336e+00
2.768826007843017578e+00
2.754014015197753906e+00
2.635396242141723633e+00
2.898010015487670898e+00
4.035563945770263672e+00
3.426264047622680664e+00
2.649263143539428711e+00
2.383980035781860352e+00
2.756336212158203125e+00
2.852514028549194336e+00
3.359985113143920898e+00
1.848491907119750977e+00
2.646194934844970703e+00
2.776721239089965820e+00
2.934838056564331055e+00
3.214610099792480469e+00
3.183878183364868164e+00
3.046101093292236328e+00
2.822036981582641602e+00
3.417471170425415039e+00
3.098972797393798828e+00
3.603175878524780273e+00
2.448135852813720703e+00
3.031630039215087891e+00
3.436035633087158203e+00
3.357086896896362305e+00
3.390377283096313477e+00
3.271539926528930664e+00
3.982650041580200195e+00
2.999346971511840820e+00
3.689195871353149414e+00
3.476363897323608398e+00
2.417587995529174805e+00
3.298554658889770508e+00
3.356382846832275391e+00
3.091520071029663086e+00
2.205928802490234375e+00
2.602447986602783203e+00
2.336615800857543945e+00
2.219939947128295898e+00
2.680658817291259766e+00
2.917698860168457031e+00
3.424418210983276367e+00
3.068206071853637695e+00
4.586019992828369141e+00
3.204972982406616211e+00
3.158985853195190430e+00
3.109431028366088867e+00
3.273041963577270508e+00
2.758932828903198242e+00
1.927141189575195312e+00
2.745722293853759766e+00
2.262624025344848633e+00
5.144591808319091797e+00
3.102344751358032227e+00
4.395227909088134766e+00
4.874103069305419922e+00
5.241704225540161133e+00
4.011777162551879883e+00
4.823846340179443359e+00
4.201709985733032227e+00
2.642860174179077148e+00
4.560623884201049805e+00
5.179112911224365234e+00
3.849753141403198242e+00
1.993706941604614258e+00
2.304219961166381836e+00
4.288921833038330078e+00
3.893319845199584961e+00
3.562634944915771484e+00
2.467116117477416992e+00
2.846126794815063477e+00
3.881196022033691406e+00
3.884721040725708008e+00
4.227492094039916992e+00
4.150030136108398438e+00
3.953861236572265625e+00
3.658487081527709961e+00
4.078608274459838867e+00
4.628129720687866211e+00
3.178886175155639648e+00
3.348738908767700195e+00
3.929914951324462891e+00
4.671809673309326172e+00
4.380678176879882812e+00
4.042226791381835938e+00
4.801751852035522461e+00
4.758744955062866211e+00
2.665233135223388672e+00
4.170834064483642578e+00
2.980781793594360352e+00
3.375510215759277344e+00
2.782370090484619141e+00
3.122833251953125000e+00
3.258367061614990234e+00
3.324360847473144531e+00
2.848715066909790039e+00
2.934022903442382812e+00
2.804122924804687500e+00
3.191179037094116211e+00
3.011869907379150391e+00
3.124426841735839844e+00
3.588129043579101562e+00
2.948673009872436523e+00
3.372138023376464844e+00
3.066637992858886719e+00
3.371719837188720703e+00
3.239733934402465820e+00
3.900332689285278320e+00
1.925268888473510742e+00
2.564351081848144531e+00
2.198447227478027344e+00
2.316966056823730469e+00
3.764015674591064453e+00
3.599719047546386719e+00
3.327980995178222656e+00
2.422257184982299805e+00
3.766985893249511719e+00
2.944888114929199219e+00
2.157387018203735352e+00
3.998926162719726562e+00
2.676297187805175781e+00
4.147292852401733398e+00
4.014806032180786133e+00
4.131331205368041992e+00
2.339149951934814453e+00
2.861956119537353516e+00
2.659617900848388672e+00
2.297734975814819336e+00
4.020827293395996094e+00
2.801918983459472656e+00
2.753159284591674805e+00
4.226238012313842773e+00
2.984030008316040039e+00
4.644514083862304688e+00
3.009195804595947266e+00
2.746530055999755859e+00
3.234786987304687500e+00
4.089352846145629883e+00
5.120713949203491211e+00
3.637222766876220703e+00
2.928311109542846680e+00
2.921514987945556641e+00
4.888786792755126953e+00
3.105656147003173828e+00
2.583659172058105469e+00
3.101082086563110352e+00
3.059324264526367188e+00
3.519887208938598633e+00
3.052147865295410156e+00
3.302335977554321289e+00
3.009819269180297852e+00
3.195986747741699219e+00
3.128639936447143555e+00
3.154596805572509766e+00
3.799896001815795898e+00
3.184372186660766602e+00
3.212451934814453125e+00
3.184233903884887695e+00
2.750092029571533203e+00
3.034396886825561523e+00
2.832628965377807617e+00
3.377677917480468750e+00
3.450908899307250977e+00
2.766453981399536133e+00
3.807789087295532227e+00
3.664015054702758789e+00
3.622744798660278320e+00
2.975882053375244141e+00
3.334958076477050781e+00
3.319251775741577148e+00
3.257632970809936523e+00
3.213959932327270508e+00
3.146522045135498047e+00
3.245349884033203125e+00
3.554501056671142578e+00
3.963378190994262695e+00
2.788835048675537109e+00
3.215931177139282227e+00
3.859100818634033203e+00
3.346633911132812500e+00
2.140920877456665039e+00
4.094223260879516602e+00
3.025058031082153320e+00
2.141466140747070312e+00
2.566376924514770508e+00
2.671479940414428711e+00
2.754339218139648438e+00
2.462144851684570312e+00
4.079309940338134766e+00
3.182759284973144531e+00
2.992126226425170898e+00
3.052577018737792969e+00
3.054310798645019531e+00
4.273023843765258789e+00
2.539495229721069336e+00
2.590659141540527344e+00
2.899045944213867188e+00
4.625991821289062500e+00
2.288064002990722656e+00
2.383693933486938477e+00
3.023440122604370117e+00
2.981615781784057617e+00
2.008043050765991211e+00
3.364372968673706055e+00
3.074372053146362305e+00
2.510583877563476562e+00
3.116274833679199219e+00
2.502474069595336914e+00
3.459893941879272461e+00
2.665504932403564453e+00
2.842756032943725586e+00
2.667956829071044922e+00
2.838625907897949219e+00
2.770986080169677734e+00
2.429141044616699219e+00
3.489991903305053711e+00
3.338056087493896484e+00
3.996508121490478516e+00
3.097141981124877930e+00
2.657997846603393555e+00
4.364088773727416992e+00
3.282761096954345703e+00
3.601325988769531250e+00
3.066773176193237305e+00
3.476885080337524414e+00
4.444528818130493164e+00
3.651246070861816406e+00
3.184341192245483398e+00
4.252298831939697266e+00
3.265122652053833008e+00
4.359242916107177734e+00
4.135440111160278320e+00
2.749881982803344727e+00
4.396659851074218750e+00
4.960513830184936523e+00
2.671974897384643555e+00
3.947077989578247070e+00
4.228281974792480469e+00
4.462310791015625000e+00
4.074213743209838867e+00
4.920044898986816406e+00
3.047950744628906250e+00
4.450402975082397461e+00
4.391660928726196289e+00
4.745659828186035156e+00
3.408204078674316406e+00
4.018590211868286133e+00
3.199922084808349609e+00
4.499962091445922852e+00
3.503937959671020508e+00
4.291162014007568359e+00
4.596092939376831055e+00
3.678805112838745117e+00
5.399406194686889648e+00
3.459588050842285156e+00
3.670901060104370117e+00
5.274161815643310547e+00
4.823316097259521484e+00
3.942108154296875000e+00
4.049175977706909180e+00
4.178502798080444336e+00
3.729990243911743164e+00
3.189723014831542969e+00
3.194563150405883789e+00
5.193576812744140625e+00
3.231261968612670898e+00
4.752706050872802734e+00
4.875909090042114258e+00
4.652149915695190430e+00
4.014913082122802734e+00
3.864034891128540039e+00
5.203764915466308594e+00
5.272680997848510742e+00
4.262088060379028320e+00
4.295157194137573242e+00
4.067273378372192383e+00
4.069628953933715820e+00
3.680999040603637695e+00
4.094684839248657227e+00
4.381717205047607422e+00
3.932851076126098633e+00
4.274521827697753906e+00
4.823538780212402344e+00
4.025479793548583984e+00
3.886759996414184570e+00
4.624560117721557617e+00
4.353631019592285156e+00
4.594858169555664062e+00
5.843905925750732422e+00
3.517379045486450195e+00
4.589127779006958008e+00
3.173026084899902344e+00
3.081223011016845703e+00
4.220686912536621094e+00
4.990554809570312500e+00
4.595017194747924805e+00
4.567785978317260742e+00
4.708869695663452148e+00
2.519000768661499023e+00
6.323091030120849609e+00
3.995413064956665039e+00
3.837079048156738281e+00
4.961021900177001953e+00
3.855010032653808594e+00
3.706156015396118164e+00
3.633684158325195312e+00
2.320485115051269531e+00
2.731863737106323242e+00
2.774694204330444336e+00
3.027793884277343750e+00
4.959737062454223633e+00
5.331889867782592773e+00
4.859170198440551758e+00
3.994962930679321289e+00
3.491187095642089844e+00
4.129287004470825195e+00
3.862895965576171875e+00
3.518208980560302734e+00
4.065930128097534180e+00
3.153923034667968750e+00
4.574118852615356445e+00
3.657061815261840820e+00
4.322284936904907227e+00
3.806971073150634766e+00
3.752231121063232422e+00
4.155167818069458008e+00
3.902433156967163086e+00
4.319014072418212891e+00
3.670058012008666992e+00
3.615627050399780273e+00
4.677168130874633789e+00
3.511170148849487305e+00
3.220205068588256836e+00
3.995925188064575195e+00
4.259281158447265625e+00
4.815226078033447266e+00
3.936526775360107422e+00
4.689436912536621094e+00
4.164846897125244141e+00
3.953019857406616211e+00
3.987187147140502930e+00
4.753935813903808594e+00
3.843698978424072266e+00
4.256185054779052734e+00
3.980333089828491211e+00
3.665844917297363281e+00
4.143505096435546875e+00
2.412051916122436523e+00
4.264329195022583008e+00
4.760248899459838867e+00
3.145286083221435547e+00
3.073626041412353516e+00
4.141123056411743164e+00
4.902115821838378906e+00
2.717689990997314453e+00
4.375852823257446289e+00
2.455412149429321289e+00
2.870931148529052734e+00
3.084336042404174805e+00
3.580574035644531250e+00
3.138828039169311523e+00
3.766540050506591797e+00
4.428490877151489258e+00
4.476389884948730469e+00
3.159834861755371094e+00
3.961760997772216797e+00
2.697988748550415039e+00
3.543393850326538086e+00
4.791294097900390625e+00
3.803808927536010742e+00
3.486211776733398438e+00
3.916560173034667969e+00
4.988101005554199219e+00
4.918022871017456055e+00
5.009572029113769531e+00
4.680525779724121094e+00
4.132253170013427734e+00
3.955540895462036133e+00
3.398741960525512695e+00
2.229165077209472656e+00
5.144021034240722656e+00
4.392716169357299805e+00
5.182692289352416992e+00
5.145260095596313477e+00
3.504372835159301758e+00
3.371939182281494141e+00
3.879191875457763672e+00
5.362800836563110352e+00
3.892781019210815430e+00
4.995993852615356445e+00
4.380515813827514648e+00
3.629619836807250977e+00
2.719054698944091797e+00
3.627518892288208008e+00
3.664328098297119141e+00
2.978745698928833008e+00
4.532510995864868164e+00
3.886701107025146484e+00
3.789543151855468750e+00
2.645475149154663086e+00
2.393344163894653320e+00
5.342538833618164062e+00
4.155796766281127930e+00
4.180570840835571289e+00
5.929632902145385742e+00
3.035520076751708984e+00
2.414405107498168945e+00
2.559589147567749023e+00
2.859464883804321289e+00
3.195688009262084961e+00
3.141976833343505859e+00
3.015390396118164062e+00
3.158514976501464844e+00
3.242721080780029297e+00
2.841714859008789062e+00
3.217921018600463867e+00
2.918001890182495117e+00
2.943711996078491211e+00
3.332388877868652344e+00
2.653796195983886719e+00
2.993182897567749023e+00
3.520702838897705078e+00
3.351944923400878906e+00
2.710520267486572266e+00
3.337215900421142578e+00
2.730070114135742188e+00
3.436137914657592773e+00
3.207614183425903320e+00
3.763737916946411133e+00
3.038313865661621094e+00
2.774279117584228516e+00
3.404706001281738281e+00
3.885536909103393555e+00
3.115775108337402344e+00
2.814833164215087891e+00
2.791646003723144531e+00
3.590144157409667969e+00
3.202069044113159180e+00
4.033415317535400391e+00
3.696588993072509766e+00
3.179230928421020508e+00
4.342653989791870117e+00
3.934391021728515625e+00
3.778618097305297852e+00
3.076193094253540039e+00
3.762726068496704102e+00
4.481531143188476562e+00
4.871439695358276367e+00
3.169478893280029297e+00
4.275095224380493164e+00
4.411623954772949219e+00
3.817517042160034180e+00
3.584206104278564453e+00
3.641339063644409180e+00
4.335001945495605469e+00
3.565194129943847656e+00
3.950834989547729492e+00
4.403054952621459961e+00
4.368056774139404297e+00
4.518800020217895508e+00
4.508505105972290039e+00
4.182748317718505859e+00
4.339346885681152344e+00
4.456817865371704102e+00
4.292007207870483398e+00
4.487909793853759766e+00
3.041662931442260742e+00
4.062451362609863281e+00
4.881411790847778320e+00
3.700081825256347656e+00
4.198400735855102539e+00
4.719947099685668945e+00
4.711550235748291016e+00
4.138123750686645508e+00
4.406942129135131836e+00
4.365996122360229492e+00
3.464081048965454102e+00
3.362785100936889648e+00
3.936480998992919922e+00
3.922534704208374023e+00
3.927960872650146484e+00
5.200003623962402344e+00
3.730348110198974609e+00
4.049591064453125000e+00
3.232730150222778320e+00
4.380245923995971680e+00
4.078968048095703125e+00
4.033101081848144531e+00
4.931922912597656250e+00
4.101400852203369141e+00
4.264892101287841797e+00
3.253308773040771484e+00
3.551138162612915039e+00
4.265978097915649414e+00
5.514991760253906250e+00
5.149566888809204102e+00
4.141411304473876953e+00
4.653494119644165039e+00
3.366060972213745117e+00
3.996329069137573242e+00
3.502127885818481445e+00
4.074308156967163086e+00
3.327332019805908203e+00
3.742168188095092773e+00
4.875224828720092773e+00
4.820855140686035156e+00
5.057363033294677734e+00
4.372946977615356445e+00
4.618690967559814453e+00
3.496860742568969727e+00
4.899077177047729492e+00
3.664833068847656250e+00
3.430017948150634766e+00
4.243666887283325195e+00
4.072458982467651367e+00
2.550499200820922852e+00
3.894652128219604492e+00
3.701402902603149414e+00
3.986259937286376953e+00
2.912562847137451172e+00
3.040599822998046875e+00
2.832810878753662109e+00
4.542572975158691406e+00
3.228935003280639648e+00
2.528834104537963867e+00
2.948822975158691406e+00
2.937369823455810547e+00
2.413542985916137695e+00
2.212164878845214844e+00
2.158795118331909180e+00
2.520367860794067383e+00
2.804577112197875977e+00
2.433655977249145508e+00
2.815253973007202148e+00
2.135780811309814453e+00
2.566426038742065430e+00
3.416481733322143555e+00
2.848928928375244141e+00
2.995496988296508789e+00
2.693300962448120117e+00
2.420634031295776367e+00
2.312726974487304688e+00
2.398625850677490234e+00
3.017599821090698242e+00
3.662057399749755859e+00
2.628447055816650391e+00
2.810404777526855469e+00
3.093279123306274414e+00
2.408130168914794922e+00
2.360946893692016602e+00
2.597286939620971680e+00
2.956456899642944336e+00
2.750781059265136719e+00
3.374077081680297852e+00
2.351102113723754883e+00
3.285630941390991211e+00
3.396231889724731445e+00
3.238503217697143555e+00
3.524103164672851562e+00
3.162511825561523438e+00
3.491508960723876953e+00
3.477911233901977539e+00
3.401230096817016602e+00
4.307003974914550781e+00
3.920963048934936523e+00
3.360008001327514648e+00
3.453351020812988281e+00
3.819036960601806641e+00
3.582659006118774414e+00
3.639724969863891602e+00
3.620106935501098633e+00
4.452198266983032227e+00
3.943288803100585938e+00
3.778997898101806641e+00
3.806995868682861328e+00
4.059443235397338867e+00
3.772565126419067383e+00
3.838320255279541016e+00
4.209846973419189453e+00
3.850893020629882812e+00
3.832861900329589844e+00
4.320838928222656250e+00
3.860772848129272461e+00
4.243939161300659180e+00
4.071332931518554688e+00
4.165207862854003906e+00
4.288490056991577148e+00
2.935827970504760742e+00
2.139039993286132812e+00
3.015309095382690430e+00
3.794474124908447266e+00
4.382980108261108398e+00
4.406013965606689453e+00
3.463438987731933594e+00
4.173519849777221680e+00
4.071043252944946289e+00
3.709563970565795898e+00
3.735924959182739258e+00
4.206648111343383789e+00
3.987342119216918945e+00
3.692559719085693359e+00
2.942817926406860352e+00
4.559607028961181641e+00
3.362919092178344727e+00
2.804179191589355469e+00
4.721414804458618164e+00
2.954579830169677734e+00
3.482821941375732422e+00
3.086927175521850586e+00
4.521767854690551758e+00
4.251369953155517578e+00
3.819785118103027344e+00
3.241931915283203125e+00
4.415366172790527344e+00
4.355788946151733398e+00
3.234305858612060547e+00
3.381734848022460938e+00
4.671653032302856445e+00
3.364713907241821289e+00
2.252942085266113281e+00
2.723486185073852539e+00
3.999274015426635742e+00
2.847640991210937500e+00
4.237648248672485352e+00
4.804964065551757812e+00
4.286005020141601562e+00
4.156233072280883789e+00
3.467170715332031250e+00
4.359493017196655273e+00
3.214543104171752930e+00
5.004000902175903320e+00
3.731068849563598633e+00
4.565597057342529297e+00
3.889856100082397461e+00
4.718889951705932617e+00
4.678598880767822266e+00
4.643439054489135742e+00
4.158449172973632812e+00
2.482811927795410156e+00
3.980146169662475586e+00
2.807257175445556641e+00
4.432943820953369141e+00
2.511466979980468750e+00
2.737560033798217773e+00
3.870573997497558594e+00
3.375231027603149414e+00
3.258693218231201172e+00
4.710140943527221680e+00
2.190212011337280273e+00
3.147511959075927734e+00
3.521863937377929688e+00
2.534705877304077148e+00
3.472491979598999023e+00
3.139986991882324219e+00
3.407855987548828125e+00
3.444366693496704102e+00
2.919856786727905273e+00
2.654816865921020508e+00
3.892154932022094727e+00
2.777273893356323242e+00
3.464730739593505859e+00
3.372187852859497070e+00
4.205279111862182617e+00
3.815143823623657227e+00
3.447273015975952148e+00
4.372570753097534180e+00
3.890656948089599609e+00
3.162679910659790039e+00
3.167664051055908203e+00
3.024557828903198242e+00
2.671072006225585938e+00
4.051892995834350586e+00
3.475211143493652344e+00
3.817638874053955078e+00
3.829753875732421875e+00
2.330134153366088867e+00
3.750157117843627930e+00
4.188269138336181641e+00
4.487567663192749023e+00
4.862241029739379883e+00
4.504268884658813477e+00
4.487922191619873047e+00
4.018152236938476562e+00
3.319215059280395508e+00
3.873262882232666016e+00
4.513929128646850586e+00
3.722338914871215820e+00
3.813725233078002930e+00
3.666667699813842773e+00
4.181887149810791016e+00
4.088965892791748047e+00
4.288475990295410156e+00
4.533575773239135742e+00
5.025147914886474609e+00
3.989162921905517578e+00
5.430842161178588867e+00
4.189187049865722656e+00
4.887017011642456055e+00
3.591203212738037109e+00
3.996519088745117188e+00
2.735881090164184570e+00
5.059502840042114258e+00
4.725745916366577148e+00
4.636497020721435547e+00
3.936427116394042969e+00
3.500183105468750000e+00
3.924943923950195312e+00
5.285673141479492188e+00
4.479346752166748047e+00
3.851362943649291992e+00
4.430940866470336914e+00
5.329627752304077148e+00
4.047522068023681641e+00
4.374176979064941406e+00
3.677861928939819336e+00
2.976510047912597656e+00
2.512195110321044922e+00
4.772269248962402344e+00
4.612218856811523438e+00
2.871623992919921875e+00
3.676611900329589844e+00
3.592763185501098633e+00
4.983301877975463867e+00
4.089922904968261719e+00
5.833168268203735352e+00
4.571838140487670898e+00
5.386469841003417969e+00
4.176100730895996094e+00
5.289451122283935547e+00
2.489943981170654297e+00
4.123998165130615234e+00
3.095751047134399414e+00
4.740541219711303711e+00
5.469762086868286133e+00
3.574481964111328125e+00
4.410846948623657227e+00
5.105031728744506836e+00
5.168965816497802734e+00
2.747514247894287109e+00
4.617668867111206055e+00
2.371016979217529297e+00
4.700979948043823242e+00
6.534579038619995117e+00
2.791784763336181641e+00
3.054480075836181641e+00
3.381175756454467773e+00
3.328552961349487305e+00
2.762706995010375977e+00
2.802861213684082031e+00
2.498883962631225586e+00
2.414109945297241211e+00
2.683416843414306641e+00
5.123689889907836914e+00
2.779542207717895508e+00
3.200135231018066406e+00
2.353430986404418945e+00
1.796372890472412109e+00
3.131122112274169922e+00
2.617389202117919922e+00
2.531950950622558594e+00
2.636449098587036133e+00
2.013611078262329102e+00
3.658245086669921875e+00
2.201074123382568359e+00
2.620059013366699219e+00
2.304069757461547852e+00
2.650475025177001953e+00
3.116230010986328125e+00
3.019944906234741211e+00
2.267543077468872070e+00
3.421033859252929688e+00
3.064336061477661133e+00
2.240620851516723633e+00
3.038519859313964844e+00
2.897074937820434570e+00
2.439013957977294922e+00
2.454463243484497070e+00
2.812389850616455078e+00
2.707391977310180664e+00
3.113696098327636719e+00
2.462833166122436523e+00
3.001455307006835938e+00
2.563297033309936523e+00
2.513891935348510742e+00
3.565793752670288086e+00
2.239482879638671875e+00
2.653225898742675781e+00
3.523222208023071289e+00
2.761862993240356445e+00
2.763408899307250977e+00
2.666469812393188477e+00
3.185851812362670898e+00
3.315859794616699219e+00
3.011828899383544922e+00
3.188857793807983398e+00
2.914675951004028320e+00
2.844861745834350586e+00
3.234503030776977539e+00
3.682015895843505859e+00
3.526792049407958984e+00
3.586028099060058594e+00
3.779839992523193359e+00
3.191203117370605469e+00
3.951624870300292969e+00
3.193937063217163086e+00
3.662886857986450195e+00
2.932037115097045898e+00
2.987112045288085938e+00
4.213730096817016602e+00
4.340719938278198242e+00
3.054116010665893555e+00
3.355912923812866211e+00
3.574887275695800781e+00
3.327016830444335938e+00
3.577957153320312500e+00
3.070023298263549805e+00
3.638730049133300781e+00
3.919935941696166992e+00
3.769468069076538086e+00
2.868244886398315430e+00
4.099550008773803711e+00
4.006526947021484375e+00
4.023612976074218750e+00
3.872118949890136719e+00
4.161260128021240234e+00
4.162809133529663086e+00
4.085227012634277344e+00
4.352570772171020508e+00
3.095185041427612305e+00
4.411185026168823242e+00
2.808504104614257812e+00
3.437003850936889648e+00
4.317696094512939453e+00
4.064956903457641602e+00
4.075694084167480469e+00
3.552232027053833008e+00
4.233215808868408203e+00
3.839348793029785156e+00
3.436804056167602539e+00
4.095320940017700195e+00
4.806875944137573242e+00
4.079189062118530273e+00
3.967370033264160156e+00
3.862643003463745117e+00
3.199077129364013672e+00
3.805256128311157227e+00
4.098082065582275391e+00
4.254715204238891602e+00
4.412934303283691406e+00
3.491300106048583984e+00
4.907153129577636719e+00
3.908227920532226562e+00
4.506349802017211914e+00
4.200735092163085938e+00
3.315400838851928711e+00
4.589379072189331055e+00
3.834026098251342773e+00
2.809708833694458008e+00
2.967566251754760742e+00
4.341444015502929688e+00
3.886976003646850586e+00
3.824501037597656250e+00
3.733242988586425781e+00
3.270761251449584961e+00
3.665392875671386719e+00
3.541774988174438477e+00
3.925940036773681641e+00
4.091541290283203125e+00
3.602087974548339844e+00
4.107577085494995117e+00
4.189922094345092773e+00
3.605859041213989258e+00
5.231030702590942383e+00
3.645058870315551758e+00
4.152122974395751953e+00
2.803074836730957031e+00
2.891303300857543945e+00
3.287329196929931641e+00
3.792120218276977539e+00
2.794879198074340820e+00
3.031844139099121094e+00
4.283957004547119141e+00
3.755130052566528320e+00
2.766463279724121094e+00
2.871744871139526367e+00
3.373705863952636719e+00
2.603002071380615234e+00
2.687965154647827148e+00
2.522024869918823242e+00
2.817262172698974609e+00
3.340519905090332031e+00
2.805871009826660156e+00
3.089222908020019531e+00
4.210134983062744141e+00
2.430166959762573242e+00
4.821034908294677734e+00
4.970182895660400391e+00
3.234887123107910156e+00
3.197115898132324219e+00
2.562570810317993164e+00
2.940696954727172852e+00
3.151122808456420898e+00
3.241216897964477539e+00
2.717525005340576172e+00
3.220772981643676758e+00
3.491769075393676758e+00
2.098404169082641602e+00
2.546000242233276367e+00
2.575728893280029297e+00
2.830340147018432617e+00
2.337122917175292969e+00
2.708914756774902344e+00
3.896857976913452148e+00
3.576238155364990234e+00
2.912826061248779297e+00
3.264376878738403320e+00
3.819101810455322266e+00
3.750036001205444336e+00
2.727045059204101562e+00
2.874118089675903320e+00
3.848237752914428711e+00
3.884796857833862305e+00
3.320228099822998047e+00
4.135372161865234375e+00
3.904058218002319336e+00
3.289410829544067383e+00
4.238588809967041016e+00
3.563749790191650391e+00
3.998409986495971680e+00
3.250128984451293945e+00
2.440411806106567383e+00
3.531995058059692383e+00
3.855451822280883789e+00
4.376523971557617188e+00
4.152304172515869141e+00
3.517790079116821289e+00
3.385121107101440430e+00
4.212676048278808594e+00
4.255882978439331055e+00
3.646826982498168945e+00
2.937585830688476562e+00
2.619673252105712891e+00
2.349381923675537109e+00
4.613735198974609375e+00
4.414875984191894531e+00
3.555426120758056641e+00
4.607120037078857422e+00
4.111777067184448242e+00
3.645309925079345703e+00
3.357419729232788086e+00
3.225716114044189453e+00
3.517770051956176758e+00
3.307950019836425781e+00
3.401998996734619141e+00
3.321592807769775391e+00
4.718384027481079102e+00
2.722189903259277344e+00
2.781139135360717773e+00
3.631992101669311523e+00
3.984119892120361328e+00
3.838529109954833984e+00
3.799814939498901367e+00
3.858365297317504883e+00
4.418888092041015625e+00
3.571699857711791992e+00
3.521432161331176758e+00
3.355041027069091797e+00
3.871187925338745117e+00
4.272923946380615234e+00
4.395689010620117188e+00
3.693387031555175781e+00
3.678753852844238281e+00
3.896672010421752930e+00
2.181132078170776367e+00
4.109484195709228516e+00
3.329796791076660156e+00
3.824484109878540039e+00
4.039237976074218750e+00
4.536623001098632812e+00
4.319291353225708008e+00
3.908185005187988281e+00
3.398504972457885742e+00
4.465096235275268555e+00
3.790838956832885742e+00
4.070180177688598633e+00
3.313565969467163086e+00
2.979992866516113281e+00
4.194040060043334961e+00
3.667364120483398438e+00
3.407850980758666992e+00
3.590764045715332031e+00
2.745163202285766602e+00
4.584774017333984375e+00
3.766209840774536133e+00
3.962960720062255859e+00
4.210512161254882812e+00
4.592836856842041016e+00
2.884934902191162109e+00
2.274676799774169922e+00
4.198172092437744141e+00
3.767252922058105469e+00
4.431282281875610352e+00
2.715275049209594727e+00
3.827567815780639648e+00
3.907362937927246094e+00
3.800062894821166992e+00
4.555198907852172852e+00
2.501148223876953125e+00
3.538470983505249023e+00
2.788813114166259766e+00
3.847940921783447266e+00
2.962486028671264648e+00
3.931910991668701172e+00
3.208842992782592773e+00
2.757652997970581055e+00
4.071198940277099609e+00
2.282339096069335938e+00
2.957128763198852539e+00
2.785733938217163086e+00
4.879914999008178711e+00
3.016311168670654297e+00
3.166507005691528320e+00
2.896561861038208008e+00
2.478839874267578125e+00
2.273709058761596680e+00
4.207962036132812500e+00
2.727468013763427734e+00
2.539509057998657227e+00
2.432015895843505859e+00
2.151014089584350586e+00
2.479269981384277344e+00
2.471033096313476562e+00
2.324330091476440430e+00
2.167287826538085938e+00
3.462471723556518555e+00
2.042243957519531250e+00
2.897092103958129883e+00
2.590007066726684570e+00
2.814449787139892578e+00
2.412547111511230469e+00
2.195360898971557617e+00
2.937279939651489258e+00
2.262959241867065430e+00
2.197316884994506836e+00
2.267074108123779297e+00
2.421260118484497070e+00
3.089014053344726562e+00
2.549601078033447266e+00
2.501265287399291992e+00
2.756570100784301758e+00
2.915184020996093750e+00
2.572895050048828125e+00
2.431279182434082031e+00
2.934530735015869141e+00
2.398682832717895508e+00
2.842817783355712891e+00
2.249775171279907227e+00
3.095256090164184570e+00
2.798897027969360352e+00
2.856750965118408203e+00
2.076674938201904297e+00
3.733609199523925781e+00
3.205002069473266602e+00
3.003888130187988281e+00
2.767019033432006836e+00
2.919590950012207031e+00
3.052467346191406250e+00
2.570500850677490234e+00
2.761981964111328125e+00
3.036928892135620117e+00
2.956820964813232422e+00
3.133033990859985352e+00
2.954510211944580078e+00
3.078757762908935547e+00
2.813104867935180664e+00
3.278529882431030273e+00
2.816726922988891602e+00
3.201031208038330078e+00
3.195909738540649414e+00
3.059838056564331055e+00
2.875675201416015625e+00
2.636291027069091797e+00
3.255341053009033203e+00
3.177773714065551758e+00
3.327462196350097656e+00
2.959513187408447266e+00
3.549604177474975586e+00
3.094522953033447266e+00
3.539351940155029297e+00
3.277291059494018555e+00
3.109113931655883789e+00
3.073365211486816406e+00
3.283437967300415039e+00
3.470286846160888672e+00
3.122701168060302734e+00
2.721120119094848633e+00
3.060270071029663086e+00
3.467334032058715820e+00
3.379328012466430664e+00
2.501235961914062500e+00
2.632193088531494141e+00
3.312831878662109375e+00
3.467676162719726562e+00
3.057637929916381836e+00
3.101457118988037109e+00
2.765830039978027344e+00
3.381527900695800781e+00
3.019927978515625000e+00
3.506032228469848633e+00
2.694736003875732422e+00
3.199972152709960938e+00
3.313013076782226562e+00
3.035604953765869141e+00
3.218652009963989258e+00
3.053797006607055664e+00
2.959693193435668945e+00
2.282881975173950195e+00
3.380759000778198242e+00
3.540878057479858398e+00
2.926111936569213867e+00
2.805340051651000977e+00
3.210978031158447266e+00
2.721929073333740234e+00
2.513917922973632812e+00
2.061450004577636719e+00
2.988828897476196289e+00
2.659539937973022461e+00
3.721842765808105469e+00
2.985384225845336914e+00
2.882302999496459961e+00
3.396649837493896484e+00
3.597334861755371094e+00
2.760748147964477539e+00
2.501647233963012695e+00
3.207154989242553711e+00
3.474788188934326172e+00
2.404345989227294922e+00
2.847594976425170898e+00
2.745932102203369141e+00
3.800704956054687500e+00
2.950120925903320312e+00
3.151660203933715820e+00
3.394703865051269531e+00
2.606545209884643555e+00
2.940649271011352539e+00
3.273783922195434570e+00
3.448734045028686523e+00
2.480058908462524414e+00
4.352692127227783203e+00
3.733098983764648438e+00
4.437602043151855469e+00
4.287237882614135742e+00
3.192273139953613281e+00
3.863077878952026367e+00
3.219473123550415039e+00
3.130708217620849609e+00
3.981213808059692383e+00
2.699953079223632812e+00
2.030723094940185547e+00
3.725165843963623047e+00
3.663581848144531250e+00
2.618437290191650391e+00
3.642369985580444336e+00
2.496351957321166992e+00
2.437662839889526367e+00
2.847288608551025391e+00
2.941397905349731445e+00
2.794016122817993164e+00
2.773073911666870117e+00
3.541976213455200195e+00
3.964383840560913086e+00
2.528694868087768555e+00
2.958981037139892578e+00
3.020124912261962891e+00
2.662199020385742188e+00
3.881007909774780273e+00
2.885756015777587891e+00
3.476837158203125000e+00
2.692059993743896484e+00
2.861582994461059570e+00
3.565687179565429688e+00
2.820847749710083008e+00
2.806250095367431641e+00
3.011018991470336914e+00
3.301111936569213867e+00
2.651910066604614258e+00
2.939778089523315430e+00
2.711107015609741211e+00
3.533347129821777344e+00
3.074628829956054688e+00
3.341268062591552734e+00
3.604462862014770508e+00
2.865678787231445312e+00
2.954293966293334961e+00
3.075921297073364258e+00
3.318386793136596680e+00
3.692605972290039062e+00
3.334486007690429688e+00
3.613138914108276367e+00
3.403009176254272461e+00
3.133916854858398438e+00
3.637903928756713867e+00
2.746735095977783203e+00
3.890747070312500000e+00
3.321946859359741211e+00
3.773752212524414062e+00
3.578201055526733398e+00
3.767385005950927734e+00
3.763314008712768555e+00
2.942936182022094727e+00
3.428506851196289062e+00
2.374034166336059570e+00
3.187300920486450195e+00
4.062614202499389648e+00
3.249550104141235352e+00
3.283588171005249023e+00
3.498471021652221680e+00
3.259294986724853516e+00
3.112453222274780273e+00
2.799414873123168945e+00
3.080179929733276367e+00
3.355539798736572266e+00
3.285117864608764648e+00
4.181905984878540039e+00
2.657773971557617188e+00
4.375580787658691406e+00
3.622370004653930664e+00
3.990869045257568359e+00
4.088780879974365234e+00
3.488813877105712891e+00
3.939028978347778320e+00
4.384367227554321289e+00
4.504832029342651367e+00
3.409684896469116211e+00
4.954941987991333008e+00
2.811360836029052734e+00
2.952342987060546875e+00
3.913176059722900391e+00
3.014142990112304688e+00
3.364629030227661133e+00
3.140156745910644531e+00
4.440235853195190430e+00
3.440869092941284180e+00
4.916969776153564453e+00
3.915459156036376953e+00
4.116367101669311523e+00
3.255012989044189453e+00
4.074462890625000000e+00
4.090516090393066406e+00
3.447379827499389648e+00
5.260951042175292969e+00
4.288985967636108398e+00
2.071599960327148438e+00
4.853465080261230469e+00
4.727422952651977539e+00
3.645703792572021484e+00
2.874746084213256836e+00
3.496278047561645508e+00
2.543556213378906250e+00
3.544229030609130859e+00
3.221451044082641602e+00
3.262821912765502930e+00
3.226564884185791016e+00
3.019131898880004883e+00
3.731319904327392578e+00
3.412622928619384766e+00
4.309186935424804688e+00
4.264071941375732422e+00
3.851785182952880859e+00
3.828028917312622070e+00
5.129728078842163086e+00
4.737565040588378906e+00
4.567127943038940430e+00
3.631806135177612305e+00
3.884083986282348633e+00
3.599719047546386719e+00
4.254028081893920898e+00
2.968407154083251953e+00
2.831129074096679688e+00
4.015115976333618164e+00
4.034856081008911133e+00
3.858830928802490234e+00
4.427752971649169922e+00
4.973415851593017578e+00
3.862208604812622070e+00
4.281859159469604492e+00
3.566166877746582031e+00
5.022221088409423828e+00
3.743781805038452148e+00
4.708048820495605469e+00
2.664340972900390625e+00
4.799837350845336914e+00
2.930882215499877930e+00
3.426490783691406250e+00
3.351861953735351562e+00
3.439847946166992188e+00
3.591855764389038086e+00
3.711921930313110352e+00
3.611593961715698242e+00
3.145537137985229492e+00
2.775461912155151367e+00
3.309993982315063477e+00
3.893708944320678711e+00
3.220501184463500977e+00
6.137316703796386719e+00
4.934658050537109375e+00
3.578013181686401367e+00
4.558660984039306641e+00
3.267564773559570312e+00
3.108793020248413086e+00
3.108457326889038086e+00
4.796411037445068359e+00
3.012112855911254883e+00
3.428941965103149414e+00
3.543642044067382812e+00
3.204555034637451172e+00
3.422374963760375977e+00
3.858129978179931641e+00
3.829986095428466797e+00
2.336474180221557617e+00
4.164258003234863281e+00
3.590510845184326172e+00
3.566983222961425781e+00
2.697402238845825195e+00
3.662111043930053711e+00
2.924990177154541016e+00
3.742914915084838867e+00
3.503401994705200195e+00
4.192347288131713867e+00
3.514536142349243164e+00
2.954347133636474609e+00
3.754359960556030273e+00
2.821269989013671875e+00
4.049744844436645508e+00
3.649662971496582031e+00
2.796431064605712891e+00
2.707613945007324219e+00
4.100638151168823242e+00
3.484627008438110352e+00
2.519606828689575195e+00
3.404054164886474609e+00
4.073855876922607422e+00
2.818025112152099609e+00
2.556515932083129883e+00
2.681331157684326172e+00
3.932146787643432617e+00
3.812962770462036133e+00
2.695788145065307617e+00
3.314709901809692383e+00
3.460835933685302734e+00
2.758212089538574219e+00
3.010740995407104492e+00
3.037279844284057617e+00
2.426891088485717773e+00
3.866779327392578125e+00
2.967571973800659180e+00
3.078049898147583008e+00
3.158191204071044922e+00
2.782905101776123047e+00
3.149724245071411133e+00
3.546537160873413086e+00
3.590492248535156250e+00
3.240226984024047852e+00
3.081336975097656250e+00
3.152568817138671875e+00
3.563550233840942383e+00
3.651771068572998047e+00
3.427338838577270508e+00
3.644359827041625977e+00
3.193755865097045898e+00
2.601644039154052734e+00
3.596109867095947266e+00
3.352290153503417969e+00
2.920459985733032227e+00
2.505571842193603516e+00
3.027330875396728516e+00
3.004069089889526367e+00
3.295032262802124023e+00
3.028646945953369141e+00
3.161949872970581055e+00
3.066915035247802734e+00
2.960963249206542969e+00
3.735799789428710938e+00
3.420943260192871094e+00
3.433761119842529297e+00
3.428859949111938477e+00
2.843154191970825195e+00
3.476663827896118164e+00
3.704923152923583984e+00
3.393018960952758789e+00
3.547587156295776367e+00
3.591716051101684570e+00
3.569025993347167969e+00
3.632704019546508789e+00
2.906826019287109375e+00
2.861100196838378906e+00
2.868781089782714844e+00
3.138474702835083008e+00
3.043614387512207031e+00
2.374375820159912109e+00
2.892534017562866211e+00
3.008929014205932617e+00
1.935394048690795898e+00
2.694638013839721680e+00
3.149171829223632812e+00
3.097282171249389648e+00
3.765240907669067383e+00
3.353348970413208008e+00
2.953005075454711914e+00
3.462992668151855469e+00
3.411222934722900391e+00
3.605750083923339844e+00
3.680036067962646484e+00
3.552150011062622070e+00
3.292924165725708008e+00
2.818364858627319336e+00
3.463755130767822266e+00
2.859616994857788086e+00
2.964680194854736328e+00
3.760843038558959961e+00
3.756500005722045898e+00
3.213800907135009766e+00
3.394264936447143555e+00
2.590666055679321289e+00
3.911539077758789062e+00
3.058446168899536133e+00
3.575531959533691406e+00
4.025982856750488281e+00
3.623332738876342773e+00
4.122240066528320312e+00
4.339133024215698242e+00
4.028108596801757812e+00
3.878146886825561523e+00
3.315868139266967773e+00
3.310806035995483398e+00
3.368968009948730469e+00
4.232085943222045898e+00
3.038160085678100586e+00
3.858820199966430664e+00
3.119958162307739258e+00
3.477797031402587891e+00
3.868353128433227539e+00
3.511792898178100586e+00
3.677803993225097656e+00
3.978956937789916992e+00
3.858505010604858398e+00
4.430504083633422852e+00
3.499028205871582031e+00
3.507015943527221680e+00
4.168082952499389648e+00
3.588751077651977539e+00
2.635335922241210938e+00
3.927249908447265625e+00
4.380970001220703125e+00
4.651703834533691406e+00
3.377913236618041992e+00
4.095174312591552734e+00
3.869103908538818359e+00
2.796000003814697266e+00
4.594413042068481445e+00
3.223170995712280273e+00
3.245208978652954102e+00
3.129083871841430664e+00
4.797630071640014648e+00
3.581139326095581055e+00
3.678514957427978516e+00
4.160446882247924805e+00
2.508155822753906250e+00
5.112948894500732422e+00
3.229448080062866211e+00
2.448834896087646484e+00
4.917826652526855469e+00
3.317492246627807617e+00
3.343077898025512695e+00
3.371762990951538086e+00
3.641126155853271484e+00
3.320289134979248047e+00
3.694925069808959961e+00
4.854694843292236328e+00
3.820340394973754883e+00
3.748408079147338867e+00
4.342283010482788086e+00
3.034257888793945312e+00
4.079137086868286133e+00
3.049382925033569336e+00
4.083390951156616211e+00
3.084334135055541992e+00
4.553977012634277344e+00
4.391585111618041992e+00
4.514516830444335938e+00
2.288085937500000000e+00
4.120440006256103516e+00
2.938351869583129883e+00
4.980462074279785156e+00
4.310003757476806641e+00
4.127758741378784180e+00
3.271221160888671875e+00
4.068387746810913086e+00
4.251117706298828125e+00
3.776124000549316406e+00
2.499099016189575195e+00
3.502202033996582031e+00
3.841933012008666992e+00
3.838447093963623047e+00
4.356863975524902344e+00
2.969167709350585938e+00
3.635030031204223633e+00
3.526904821395874023e+00
2.755887746810913086e+00
3.753551244735717773e+00
2.460233926773071289e+00
3.533298015594482422e+00
2.770114898681640625e+00
4.091394662857055664e+00
3.796363115310668945e+00
3.690979957580566406e+00
3.189311981201171875e+00
3.584816932678222656e+00
3.885072946548461914e+00
4.313406944274902344e+00
3.196099042892456055e+00
4.598514318466186523e+00
2.923896074295043945e+00
3.175794839859008789e+00
3.186697959899902344e+00
4.198889017105102539e+00
2.810446977615356445e+00
2.884867191314697266e+00
2.857662916183471680e+00
4.213745117187500000e+00
3.956817150115966797e+00
3.033236980438232422e+00
3.451508998870849609e+00
3.359969139099121094e+00
3.415755987167358398e+00
2.656522035598754883e+00
3.176276922225952148e+00
2.658489227294921875e+00
2.707690954208374023e+00
4.500922918319702148e+00
3.297564983367919922e+00
2.838002920150756836e+00
3.108309030532836914e+00
2.385940074920654297e+00
2.972336053848266602e+00
4.018906831741333008e+00
3.551233053207397461e+00
3.178433656692504883e+00
3.268887996673583984e+00
3.003196001052856445e+00
2.986066818237304688e+00
3.447967052459716797e+00
2.941439390182495117e+00
3.245691299438476562e+00
3.449799060821533203e+00
2.813546895980834961e+00
3.227747917175292969e+00
2.892040967941284180e+00
3.360646009445190430e+00
3.462683200836181641e+00
3.689056873321533203e+00
3.435178041458129883e+00
4.251193046569824219e+00
4.161961078643798828e+00
3.710623979568481445e+00
3.173322916030883789e+00
4.302546739578247070e+00
3.954062938690185547e+00
3.517163038253784180e+00
3.589293956756591797e+00
3.402564764022827148e+00
3.402145862579345703e+00
3.364929914474487305e+00
2.564094066619873047e+00
4.058920860290527344e+00
3.096580743789672852e+00
3.001631021499633789e+00
4.624970912933349609e+00
3.692355155944824219e+00
3.065019845962524414e+00
3.519805908203125000e+00
4.078610897064208984e+00
3.378535032272338867e+00
3.258838891983032227e+00
2.803715944290161133e+00
4.734387874603271484e+00
3.682737112045288086e+00
3.048640012741088867e+00
2.824702024459838867e+00
4.500640869140625000e+00
3.835120201110839844e+00
3.345540046691894531e+00
3.835275173187255859e+00
4.385822057723999023e+00
4.160019874572753906e+00
3.676206827163696289e+00
3.154101848602294922e+00
3.483847856521606445e+00
2.600697040557861328e+00
2.774255037307739258e+00
3.505393743515014648e+00
3.182543754577636719e+00
3.179216146469116211e+00
3.115936040878295898e+00
3.675345182418823242e+00
2.815975904464721680e+00
3.182725191116333008e+00
3.132575035095214844e+00
2.417184829711914062e+00
3.184579133987426758e+00
3.417219161987304688e+00
3.321571826934814453e+00
3.178594827651977539e+00
3.119402170181274414e+00
2.967404842376708984e+00
3.416063308715820312e+00
2.731935024261474609e+00
2.427948951721191406e+00
3.569583177566528320e+00
3.267202138900756836e+00
3.187263965606689453e+00
4.073329210281372070e+00
2.794574737548828125e+00
3.964230060577392578e+00
2.761193990707397461e+00
2.630899190902709961e+00
3.809883117675781250e+00
3.653383970260620117e+00
3.061474084854125977e+00
2.212833642959594727e+00
4.079209089279174805e+00
3.762953042984008789e+00
3.557513952255249023e+00
2.753060102462768555e+00
3.485768079757690430e+00
4.062181949615478516e+00
3.316733837127685547e+00
3.808435916900634766e+00
4.204171180725097656e+00
3.759834289550781250e+00
4.342842102050781250e+00
2.624665021896362305e+00
3.849788188934326172e+00
4.144526004791259766e+00
3.581306219100952148e+00
3.441154956817626953e+00
4.588862895965576172e+00
4.328978061676025391e+00
4.713118076324462891e+00
3.180203914642333984e+00
3.533993959426879883e+00
3.297273159027099609e+00
4.053948163986206055e+00
3.124204874038696289e+00
2.783905982971191406e+00
4.048122882843017578e+00
4.154495000839233398e+00
3.376139879226684570e+00
3.623141765594482422e+00
3.594956874847412109e+00
2.458458185195922852e+00
3.982187986373901367e+00
4.601253032684326172e+00
3.550655126571655273e+00
3.068741798400878906e+00
2.686475038528442383e+00
3.870453119277954102e+00
4.099503278732299805e+00
3.207005023956298828e+00
3.606752157211303711e+00
2.165215969085693359e+00
2.641128063201904297e+00
3.353908061981201172e+00
3.275179862976074219e+00
4.006743192672729492e+00
3.256219863891601562e+00
1.948328971862792969e+00
2.851041078567504883e+00
3.343527317047119141e+00
3.720364093780517578e+00
3.486495018005371094e+00
2.982013940811157227e+00
2.997186183929443359e+00
3.564191102981567383e+00
2.698553800582885742e+00
3.152220964431762695e+00
2.616728782653808594e+00
3.360666036605834961e+00
2.726860761642456055e+00
2.775475025177001953e+00
3.701570034027099609e+00
3.308757066726684570e+00
2.881780147552490234e+00
3.090538978576660156e+00
2.439640045166015625e+00
2.913377046585083008e+00
2.682672977447509766e+00
3.025156021118164062e+00
3.059475898742675781e+00
3.321502208709716797e+00
4.091259241104125977e+00
2.809238910675048828e+00
3.210543870925903320e+00
3.225204944610595703e+00
2.533474922180175781e+00
2.799499034881591797e+00
2.315433025360107422e+00
3.004423856735229492e+00
3.368948936462402344e+00
2.575664997100830078e+00
3.283617973327636719e+00
3.108484983444213867e+00
2.754559278488159180e+00
2.575687885284423828e+00
2.564626932144165039e+00
3.355134963989257812e+00
3.361885070800781250e+00
5.803396940231323242e+00
3.512708902359008789e+00
2.995745897293090820e+00
3.181931972503662109e+00
3.042896986007690430e+00
3.019459962844848633e+00
3.876247882843017578e+00
2.527025938034057617e+00
3.047022819519042969e+00
2.414733886718750000e+00
3.111260890960693359e+00
2.397410154342651367e+00
2.523678064346313477e+00
2.923738956451416016e+00
2.853519201278686523e+00
2.994244813919067383e+00
3.730154991149902344e+00
3.415904045104980469e+00
3.470324993133544922e+00
3.076070785522460938e+00
3.455548048019409180e+00
2.533030986785888672e+00
2.672600030899047852e+00
2.774466037750244141e+00
2.550451993942260742e+00
3.104317903518676758e+00
2.881794929504394531e+00
3.420798063278198242e+00
3.139334917068481445e+00
2.971501827239990234e+00
2.765783071517944336e+00
3.008702039718627930e+00
3.661136150360107422e+00
2.286560058593750000e+00
2.628055095672607422e+00
3.143464088439941406e+00
2.886801242828369141e+00
3.502989053726196289e+00
3.210147142410278320e+00
2.920154809951782227e+00
3.299943208694458008e+00
3.414266824722290039e+00
2.990401029586791992e+00
3.275272130966186523e+00
3.267123222351074219e+00
2.755743980407714844e+00
4.100084066390991211e+00
2.776086091995239258e+00
3.167400836944580078e+00
4.147651195526123047e+00
3.572613954544067383e+00
3.088439941406250000e+00
3.647238969802856445e+00
3.182336091995239258e+00
3.311708927154541016e+00
2.587598800659179688e+00
2.996632099151611328e+00
3.147320985794067383e+00
2.939677238464355469e+00
3.211480140686035156e+00
3.276475906372070312e+00
3.346203088760375977e+00
3.412718772888183594e+00
3.288686037063598633e+00
2.722718954086303711e+00
2.871064186096191406e+00
3.188337087631225586e+00
3.108019113540649414e+00
2.933400630950927734e+00
3.571676254272460938e+00
3.288141965866088867e+00
3.461925983428955078e+00
2.690926074981689453e+00
2.791561841964721680e+00
3.501506090164184570e+00
3.088817119598388672e+00
2.672811031341552734e+00
2.993394851684570312e+00
3.086228847503662109e+00
3.712571144104003906e+00
2.998103141784667969e+00
3.102882146835327148e+00
3.002639293670654297e+00
3.272266864776611328e+00
3.163045883178710938e+00
2.896815061569213867e+00
3.628543853759765625e+00
2.985655069351196289e+00
3.147634029388427734e+00
2.869405031204223633e+00
3.905152797698974609e+00
3.626025915145874023e+00
2.646656036376953125e+00
2.882565021514892578e+00
3.031655073165893555e+00
2.887939691543579102e+00
3.332767009735107422e+00
2.980888128280639648e+00
2.971342086791992188e+00
3.045624017715454102e+00
3.177085876464843750e+00
2.994998931884765625e+00
3.516881942749023438e+00
4.024020195007324219e+00
3.596558094024658203e+00
3.971992731094360352e+00
4.032908201217651367e+00
4.032982110977172852e+00
3.470620870590209961e+00
3.773015975952148438e+00
2.840206861495971680e+00
3.355042934417724609e+00
3.322169065475463867e+00
3.964347839355468750e+00
3.287850141525268555e+00
3.426282882690429688e+00
3.115049362182617188e+00
3.490118026733398438e+00
3.482560873031616211e+00
3.548928022384643555e+00
3.457669734954833984e+00
3.520082950592041016e+00
3.511317014694213867e+00
3.183073997497558594e+00
3.651938915252685547e+00
3.187777042388916016e+00
3.417702198028564453e+00
2.986353874206542969e+00
3.714826107025146484e+00
3.717301130294799805e+00
3.493630886077880859e+00
3.081456184387207031e+00
3.509152173995971680e+00
3.418287277221679688e+00
3.536998987197875977e+00
3.123981237411499023e+00
3.653702020645141602e+00
2.557878017425537109e+00
4.427642107009887695e+00
2.814467191696166992e+00
3.837110042572021484e+00
3.027119159698486328e+00
3.760324954986572266e+00
4.064695596694946289e+00
3.050072193145751953e+00
3.192306041717529297e+00
2.777533054351806641e+00
3.129953861236572266e+00
3.777625083923339844e+00
3.424782276153564453e+00
4.051578760147094727e+00
2.950221776962280273e+00
2.674356937408447266e+00
2.694219827651977539e+00
2.848711013793945312e+00
3.703412055969238281e+00
3.586450815200805664e+00
4.501099109649658203e+00
2.609630107879638672e+00
3.346640110015869141e+00
2.373713254928588867e+00
4.392849922180175781e+00
2.889569997787475586e+00
3.242840051651000977e+00
2.309078216552734375e+00
4.570261001586914062e+00
3.621112108230590820e+00
3.958632946014404297e+00
2.188133716583251953e+00
2.538665771484375000e+00
3.031297922134399414e+00
3.084022998809814453e+00
3.049765825271606445e+00
3.132065057754516602e+00
4.525692939758300781e+00
3.468308925628662109e+00
3.414130926132202148e+00
2.682779788970947266e+00
3.439247131347656250e+00
4.951613903045654297e+00
3.787282228469848633e+00
3.364433050155639648e+00
4.313271045684814453e+00
3.205091714859008789e+00
2.043390989303588867e+00
3.266376733779907227e+00
2.812221050262451172e+00
3.054521799087524414e+00
3.569467067718505859e+00
3.465287923812866211e+00
3.267747879028320312e+00
2.884310007095336914e+00
4.057657957077026367e+00
2.718091011047363281e+00
2.516229152679443359e+00
3.833231210708618164e+00
3.257892847061157227e+00
3.053321838378906250e+00
3.538748025894165039e+00
2.909293889999389648e+00
3.054448843002319336e+00
3.242814064025878906e+00
4.375196933746337891e+00
4.326128959655761719e+00
3.981541872024536133e+00
3.394197225570678711e+00
3.439643859863281250e+00
3.864676952362060547e+00
3.451883077621459961e+00
2.539018630981445312e+00
3.775080919265747070e+00
3.927678823471069336e+00
3.403315067291259766e+00
3.493588924407958984e+00
3.690030097961425781e+00
2.944421768188476562e+00
3.611240863800048828e+00
2.706089973449707031e+00
2.263981103897094727e+00
2.897368669509887695e+00
2.030695915222167969e+00
3.652389049530029297e+00
3.685242652893066406e+00
3.938988924026489258e+00
3.976641178131103516e+00
3.463634252548217773e+00
2.726777791976928711e+00
2.832699060440063477e+00
2.812314748764038086e+00
3.001516103744506836e+00
2.861575126647949219e+00
4.161698818206787109e+00
3.282778263092041016e+00
3.059170007705688477e+00
2.518203973770141602e+00
2.469773054122924805e+00
3.490550041198730469e+00
4.374435186386108398e+00
4.005728960037231445e+00
3.376321077346801758e+00
2.769546031951904297e+00
2.649603128433227539e+00
3.263251066207885742e+00
4.414240837097167969e+00
3.159893989562988281e+00
2.964607954025268555e+00
2.682278871536254883e+00
2.609766006469726562e+00
3.156036138534545898e+00
3.327264070510864258e+00
3.430665016174316406e+00
3.443341255187988281e+00
2.749480009078979492e+00
3.719017982482910156e+00
3.106481790542602539e+00
2.936305999755859375e+00
2.464253187179565430e+00
2.395527124404907227e+00
3.167256116867065430e+00
2.786508083343505859e+00
3.270185947418212891e+00
2.656672000885009766e+00
3.310508012771606445e+00
3.107232093811035156e+00
3.861350059509277344e+00
3.163448810577392578e+00
3.258402109146118164e+00
3.301429033279418945e+00
3.796549081802368164e+00
2.665413141250610352e+00
3.613830804824829102e+00
3.070091009140014648e+00
3.506690025329589844e+00
4.095051050186157227e+00
3.279307126998901367e+00
3.048031806945800781e+00
3.723411798477172852e+00
3.877713918685913086e+00
3.150823831558227539e+00
2.595417976379394531e+00
4.026985883712768555e+00
3.040419101715087891e+00
3.840857267379760742e+00
3.187888860702514648e+00
3.604018926620483398e+00
2.673131942749023438e+00
3.056108951568603516e+00
3.030850887298583984e+00
3.533450126647949219e+00
3.033926963806152344e+00
3.294604063034057617e+00
2.942026138305664062e+00
3.615676879882812500e+00
4.402457952499389648e+00
3.595366239547729492e+00
3.261119127273559570e+00
3.573555231094360352e+00
3.926197767257690430e+00
4.064577102661132812e+00
4.354192256927490234e+00
3.868741035461425781e+00
3.938513994216918945e+00
3.384634017944335938e+00
3.427092313766479492e+00
3.801529884338378906e+00
3.308820009231567383e+00
3.583439826965332031e+00
4.061470985412597656e+00
3.467054128646850586e+00
3.044929027557373047e+00
4.228686094284057617e+00
3.630961894989013672e+00
4.023901939392089844e+00
4.095883131027221680e+00
4.000418901443481445e+00
3.605541229248046875e+00
4.257023811340332031e+00
4.253678083419799805e+00
4.263374090194702148e+00
5.009434938430786133e+00
4.166131973266601562e+00
2.996266126632690430e+00
3.810470104217529297e+00
3.948675870895385742e+00
4.101340293884277344e+00
4.086081981658935547e+00
3.735545158386230469e+00
3.861681938171386719e+00
3.065654993057250977e+00
3.506122112274169922e+00
3.273590087890625000e+00
2.736632823944091797e+00
3.060213327407836914e+00
4.095055818557739258e+00
3.196455955505371094e+00
3.470879077911376953e+00
3.311624050140380859e+00
3.585705995559692383e+00
4.019114971160888672e+00
3.772480010986328125e+00
3.728674888610839844e+00
2.945947885513305664e+00
3.311294794082641602e+00
5.225925207138061523e+00
4.001320838928222656e+00
3.010639190673828125e+00
3.512547016143798828e+00
3.048468828201293945e+00
4.267068862915039062e+00
3.990570068359375000e+00
3.557250022888183594e+00
3.703131914138793945e+00
3.646224737167358398e+00
3.648588895797729492e+00
3.997218132019042969e+00
3.390836000442504883e+00
3.186843872070312500e+00
4.008332967758178711e+00
3.614748001098632812e+00
3.825511217117309570e+00
3.157474040985107422e+00
4.470614194869995117e+00
2.838957786560058594e+00
4.401970863342285156e+00
4.991217851638793945e+00
3.411237955093383789e+00
2.763224124908447266e+00
3.644515037536621094e+00
3.423444986343383789e+00
3.832082986831665039e+00
3.854546785354614258e+00
4.703898906707763672e+00
3.270467042922973633e+00
4.245167255401611328e+00
2.647033214569091797e+00
3.440789222717285156e+00
3.920899868011474609e+00
4.023702144622802734e+00
4.897908926010131836e+00
3.842803001403808594e+00
3.561534881591796875e+00
3.557478189468383789e+00
3.906087875366210938e+00
4.028210878372192383e+00
3.655303001403808594e+00
4.295883178710937500e+00
3.110034942626953125e+00
3.955324888229370117e+00
3.964294910430908203e+00
3.415031909942626953e+00
4.475317001342773438e+00
3.424254894256591797e+00
3.732003211975097656e+00
3.784442901611328125e+00
3.719012975692749023e+00
3.878403902053833008e+00
6.598973035812377930e+00
2.820714950561523438e+00
3.940330982208251953e+00
2.663517951965332031e+00
2.241852760314941406e+00
3.869177103042602539e+00
4.266049146652221680e+00
2.522168159484863281e+00
4.632171154022216797e+00
3.301676034927368164e+00
3.608964204788208008e+00
2.822627067565917969e+00
3.693339824676513672e+00
3.736853122711181641e+00
3.777980327606201172e+00
3.443344831466674805e+00
3.384106874465942383e+00
3.780500888824462891e+00
3.568737983703613281e+00
4.370568990707397461e+00
2.905627012252807617e+00
2.566444158554077148e+00
3.337450981140136719e+00
2.391303062438964844e+00
3.928468942642211914e+00
2.993511915206909180e+00
2.308094978332519531e+00
2.465322017669677734e+00
2.751386880874633789e+00
2.158936262130737305e+00
2.497378110885620117e+00
3.513363122940063477e+00
3.677650213241577148e+00
2.742251873016357422e+00
2.629129886627197266e+00
2.672682046890258789e+00
2.782670021057128906e+00
2.908427953720092773e+00
3.008631944656372070e+00
2.337606191635131836e+00
3.112651109695434570e+00
3.437749862670898438e+00
2.856998205184936523e+00
3.436779022216796875e+00
2.932788133621215820e+00
2.959815025329589844e+00
2.856770753860473633e+00
3.631208896636962891e+00
2.131283760070800781e+00
2.889709234237670898e+00
2.841633081436157227e+00
4.112884044647216797e+00
3.956010103225708008e+00
4.731738090515136719e+00
5.582337141036987305e+00
2.589955806732177734e+00
4.247981071472167969e+00
4.315395116806030273e+00
3.183427095413208008e+00
3.384402990341186523e+00
2.664851903915405273e+00
3.000833034515380859e+00
3.157617092132568359e+00
3.668998241424560547e+00
2.740008831024169922e+00
2.777700901031494141e+00
2.646383047103881836e+00
2.307612895965576172e+00
2.647471904754638672e+00
3.816353082656860352e+00
3.012052059173583984e+00
2.899996042251586914e+00
3.048059701919555664e+00
2.573118209838867188e+00
3.057791948318481445e+00
2.743571043014526367e+00
3.030721902847290039e+00
2.729974031448364258e+00
3.839061975479125977e+00
3.965334892272949219e+00
2.986001968383789062e+00
3.105683088302612305e+00
3.654885053634643555e+00
3.676781177520751953e+00
2.801707029342651367e+00
3.559468984603881836e+00
3.206461906433105469e+00
2.873530864715576172e+00
3.340077161788940430e+00
2.952179908752441406e+00
3.234002828598022461e+00
3.041326999664306641e+00
3.224239826202392578e+00
3.646821975708007812e+00
3.943314790725708008e+00
2.983078956604003906e+00
3.153596162796020508e+00
2.042469024658203125e+00
2.173617124557495117e+00
3.027868986129760742e+00
4.478636026382446289e+00
3.685564041137695312e+00
4.584111213684082031e+00
4.312443971633911133e+00
3.323934793472290039e+00
3.171155929565429688e+00
3.906580924987792969e+00
3.027594089508056641e+00
3.599702119827270508e+00
2.794970035552978516e+00
4.260160923004150391e+00
4.761305809020996094e+00
3.268290996551513672e+00
4.673479318618774414e+00
3.589880228042602539e+00
2.684763908386230469e+00
4.422105073928833008e+00
3.210464954376220703e+00
3.991553068161010742e+00
3.236064910888671875e+00
2.887140989303588867e+00
2.803773880004882812e+00
2.737276077270507812e+00
3.028614997863769531e+00
2.875829935073852539e+00
3.129888772964477539e+00
2.953682899475097656e+00
4.778356313705444336e+00
3.641456127166748047e+00
3.377560853958129883e+00
3.341681957244873047e+00
3.028051137924194336e+00
3.348052978515625000e+00
2.614753723144531250e+00
3.569463968276977539e+00
3.700029850006103516e+00
3.734122991561889648e+00
3.994776010513305664e+00
3.685441017150878906e+00
3.549334764480590820e+00
2.154925823211669922e+00
3.166287899017333984e+00
4.765058755874633789e+00
2.856598138809204102e+00
3.242242097854614258e+00
2.858329057693481445e+00
5.248837947845458984e+00
4.044029951095581055e+00
2.828277111053466797e+00
2.642358064651489258e+00
3.549896001815795898e+00
2.975160121917724609e+00
3.446555137634277344e+00
3.363222837448120117e+00
5.543148994445800781e+00
3.384569168090820312e+00
3.486512184143066406e+00
3.407175064086914062e+00
3.768171072006225586e+00
3.063325166702270508e+00
3.822798252105712891e+00
3.206634044647216797e+00
2.704428911209106445e+00
3.892890930175781250e+00
3.484997034072875977e+00
3.739805221557617188e+00
2.569161891937255859e+00
3.275182008743286133e+00
3.887146234512329102e+00
2.884716033935546875e+00
3.274261951446533203e+00
2.921253919601440430e+00
3.309465885162353516e+00
2.699028015136718750e+00
3.680483102798461914e+00
4.068994045257568359e+00
3.160829782485961914e+00
4.149882078170776367e+00
2.950267791748046875e+00
2.610021114349365234e+00
3.590876102447509766e+00
2.488230705261230469e+00
4.244777917861938477e+00
3.710870981216430664e+00
3.355121135711669922e+00
4.062041282653808594e+00
2.671726703643798828e+00
3.680065155029296875e+00
4.303703069686889648e+00
4.460311174392700195e+00
2.820593833923339844e+00
4.506036043167114258e+00
3.799956083297729492e+00
3.162928104400634766e+00
2.897578954696655273e+00
2.744759082794189453e+00
4.240142107009887695e+00
3.491171121597290039e+00
3.923986196517944336e+00
3.633787155151367188e+00
3.087330818176269531e+00
2.597707986831665039e+00
3.030320882797241211e+00
3.858647108078002930e+00
3.588762283325195312e+00
2.995711326599121094e+00
3.019106864929199219e+00
2.874001026153564453e+00
2.985457181930541992e+00
2.839462041854858398e+00
3.253631114959716797e+00
2.940829038619995117e+00
3.713869810104370117e+00
3.122328042984008789e+00
3.665893316268920898e+00
2.816870927810668945e+00
3.648814916610717773e+00
2.941823244094848633e+00
4.564603090286254883e+00
3.857015609741210938e+00
3.455375909805297852e+00
2.541880130767822266e+00
3.565061092376708984e+00
3.281937122344970703e+00
3.959160089492797852e+00
2.623985052108764648e+00
3.197412967681884766e+00
3.056573867797851562e+00
3.749519109725952148e+00
3.799104928970336914e+00
3.284936189651489258e+00
4.205803871154785156e+00
3.383028984069824219e+00
3.766443729400634766e+00
4.415757179260253906e+00
3.257956743240356445e+00
2.861028909683227539e+00
3.121435165405273438e+00
3.597839832305908203e+00
3.046223163604736328e+00
3.698382139205932617e+00
3.426456212997436523e+00
2.808177947998046875e+00
3.904087066650390625e+00
3.006600141525268555e+00
3.747466087341308594e+00
3.978679895401000977e+00
3.408288955688476562e+00
3.002173900604248047e+00
2.913798809051513672e+00
3.891995191574096680e+00
3.673824787139892578e+00
2.519418001174926758e+00
3.718086004257202148e+00
3.905421018600463867e+00
3.275479793548583984e+00
3.354123115539550781e+00
3.359129905700683594e+00
4.036921024322509766e+00
3.970444202423095703e+00
3.671172857284545898e+00
3.906321763992309570e+00
3.944988012313842773e+00
4.047359228134155273e+00
3.979212999343872070e+00
4.085241794586181641e+00
4.026595830917358398e+00
4.197515010833740234e+00
3.642020940780639648e+00
3.551121711730957031e+00
3.688862085342407227e+00
4.262312889099121094e+00
3.714472293853759766e+00
3.886148691177368164e+00
3.183345079421997070e+00
2.881932020187377930e+00
4.410845041275024414e+00
4.207714796066284180e+00
4.561085939407348633e+00
4.095345735549926758e+00
4.382678031921386719e+00
3.700306177139282227e+00
3.856611013412475586e+00
4.229628801345825195e+00
3.793385028839111328e+00
3.358720779418945312e+00
2.780889749526977539e+00
3.487630128860473633e+00
3.984746932983398438e+00
3.389739751815795898e+00
3.944950103759765625e+00
3.388891935348510742e+00
3.344075918197631836e+00
3.465271949768066406e+00
4.123399019241333008e+00
3.413751125335693359e+00
4.540070056915283203e+00
3.522859096527099609e+00
4.250524997711181641e+00
4.251810789108276367e+00
4.247032165527343750e+00
4.747278928756713867e+00
4.243853807449340820e+00
3.666406869888305664e+00
3.155364036560058594e+00
3.970945835113525391e+00
3.920710086822509766e+00
4.335780858993530273e+00
4.289266347885131836e+00
3.477606296539306641e+00
3.443653106689453125e+00
2.980759143829345703e+00
4.600564956665039062e+00
2.962656974792480469e+00
3.386507987976074219e+00
3.655408859252929688e+00
4.120275020599365234e+00
3.698661804199218750e+00
3.487865924835205078e+00
4.192733049392700195e+00
4.356334924697875977e+00
3.716535091400146484e+00
3.795389890670776367e+00
4.986595153808593750e+00
4.436257123947143555e+00
3.554916858673095703e+00
4.699891090393066406e+00
4.196035861968994141e+00
4.225427150726318359e+00
3.947211027145385742e+00
4.561342954635620117e+00
3.343505859375000000e+00
4.226455926895141602e+00
4.559885025024414062e+00
3.817363977432250977e+00
3.273463010787963867e+00
3.255357265472412109e+00
4.051160097122192383e+00
3.745463848114013672e+00
4.512404918670654297e+00
4.388690233230590820e+00
3.661335229873657227e+00
3.663249015808105469e+00
3.761468172073364258e+00
4.408216238021850586e+00
4.005249023437500000e+00
4.378561973571777344e+00
4.482395172119140625e+00
3.952008008956909180e+00
4.252302169799804688e+00
3.936566114425659180e+00
5.676816940307617188e+00
3.968311071395874023e+00
3.858717203140258789e+00
3.428913116455078125e+00
4.120872974395751953e+00
4.546746015548706055e+00
4.255079984664916992e+00
4.030816078186035156e+00
3.967608690261840820e+00
4.899151086807250977e+00
3.508578062057495117e+00
2.357968091964721680e+00
3.774507045745849609e+00
4.269191980361938477e+00
3.339478969573974609e+00
2.581687927246093750e+00
3.161276817321777344e+00
2.759162902832031250e+00
2.963478088378906250e+00
3.393376111984252930e+00
3.988794088363647461e+00
3.987647056579589844e+00
3.373926877975463867e+00
3.768513202667236328e+00
3.913623809814453125e+00
4.001898050308227539e+00
3.839030981063842773e+00
4.550984382629394531e+00
4.267511844635009766e+00
4.332974910736083984e+00
1.993656873703002930e+00
3.995699882507324219e+00
3.639993906021118164e+00
4.892984151840209961e+00
2.993378162384033203e+00
2.733101129531860352e+00
2.539893865585327148e+00
3.168261051177978516e+00
2.627846002578735352e+00
4.603599786758422852e+00
4.147383213043212891e+00
2.715203046798706055e+00
2.993143081665039062e+00
2.869528770446777344e+00
3.148867845535278320e+00
4.703990221023559570e+00
2.800828933715820312e+00
4.728986978530883789e+00
3.208813905715942383e+00
4.283746004104614258e+00
3.065654039382934570e+00
3.016564846038818359e+00
4.324657917022705078e+00
4.667692899703979492e+00
4.542165994644165039e+00
2.993598222732543945e+00
4.448479890823364258e+00
3.087583780288696289e+00
2.991969108581542969e+00
3.207292079925537109e+00
2.995641231536865234e+00
2.612838029861450195e+00
3.489965677261352539e+00
3.134843111038208008e+00
3.098317146301269531e+00
3.967442989349365234e+00
3.713472843170166016e+00
2.863358259201049805e+00
2.355096101760864258e+00
2.775011062622070312e+00
3.711246013641357422e+00
3.066310167312622070e+00
2.885800838470458984e+00
2.790233135223388672e+00
3.407567739486694336e+00
3.501241207122802734e+00
2.858851194381713867e+00
2.899758815765380859e+00
2.910028934478759766e+00
3.454369068145751953e+00
3.606861829757690430e+00
3.479416847229003906e+00
1.913648843765258789e+00
2.503334283828735352e+00
3.351916074752807617e+00
3.094503879547119141e+00
3.994987964630126953e+00
3.702395915985107422e+00
2.792334079742431641e+00
4.078848123550415039e+00
3.501506090164184570e+00
3.370537996292114258e+00
2.813893795013427734e+00
3.312278032302856445e+00
2.825678825378417969e+00
3.211371183395385742e+00
3.668539047241210938e+00
2.324311733245849609e+00
3.284116983413696289e+00
3.509176969528198242e+00
2.772215843200683594e+00
3.050676822662353516e+00
3.370371818542480469e+00
2.844657182693481445e+00
3.101387977600097656e+00
2.800665855407714844e+00
3.169665098190307617e+00
3.515215158462524414e+00
2.579850673675537109e+00
2.174463033676147461e+00
4.088897943496704102e+00
3.348078012466430664e+00
3.102916955947875977e+00
2.597182035446166992e+00
3.376671791076660156e+00
3.061268091201782227e+00
2.617648839950561523e+00
3.261867046356201172e+00
3.088458061218261719e+00
3.042999029159545898e+00
3.304549694061279297e+00
2.834712266921997070e+00
2.507898092269897461e+00
2.832628011703491211e+00
2.871263027191162109e+00
2.902245998382568359e+00
3.016324043273925781e+00
2.451040267944335938e+00
3.167093992233276367e+00
2.797768831253051758e+00
2.868867635726928711e+00
2.873689174652099609e+00
3.069386005401611328e+00
2.514060735702514648e+00
2.897567987442016602e+00
2.921403884887695312e+00
3.140384197235107422e+00
3.695725917816162109e+00
2.991944313049316406e+00
2.467209100723266602e+00
3.748024225234985352e+00
3.085040807723999023e+00
2.962258815765380859e+00
2.816958904266357422e+00
3.156511068344116211e+00
3.452226161956787109e+00
4.192011833190917969e+00
4.201878070831298828e+00
3.619449853897094727e+00
2.709082126617431641e+00
3.681358814239501953e+00
3.097253799438476562e+00
3.460360050201416016e+00
3.406147956848144531e+00
3.434146881103515625e+00
3.534534931182861328e+00
3.701132059097290039e+00
2.793232917785644531e+00
2.819029569625854492e+00
2.918678998947143555e+00
3.215708971023559570e+00
2.888971090316772461e+00
3.332111835479736328e+00
3.279047966003417969e+00
3.900533914566040039e+00
3.927947759628295898e+00
3.397279977798461914e+00
2.951568841934204102e+00
3.250820159912109375e+00
3.951639175415039062e+00
3.871010065078735352e+00
3.913715124130249023e+00
3.237701892852783203e+00
3.145593166351318359e+00
3.599818944931030273e+00
3.634665966033935547e+00
3.939548015594482422e+00
3.306677103042602539e+00
3.687305927276611328e+00
3.517237186431884766e+00
3.649485111236572266e+00
3.186079978942871094e+00
3.443886041641235352e+00
3.547094106674194336e+00
3.148311138153076172e+00
3.909075975418090820e+00
3.240300178527832031e+00
3.770141839981079102e+00
3.353722095489501953e+00
3.230942964553833008e+00
2.969894170761108398e+00
3.458610057830810547e+00
4.025526046752929688e+00
2.773687124252319336e+00
3.122573137283325195e+00
3.171742916107177734e+00
3.567618131637573242e+00
3.151760101318359375e+00
3.532265901565551758e+00
3.263782739639282227e+00
3.495434999465942383e+00
2.879498004913330078e+00
3.832930088043212891e+00
3.682380199432373047e+00
3.478103160858154297e+00
3.287263870239257812e+00
3.247217178344726562e+00
4.178072214126586914e+00
3.160451173782348633e+00
3.737587928771972656e+00
3.039357185363769531e+00
3.490477085113525391e+00
2.934617042541503906e+00
3.122299909591674805e+00
3.894384860992431641e+00
3.234911203384399414e+00
3.548475027084350586e+00
3.091280937194824219e+00
3.790886878967285156e+00
3.317821025848388672e+00
3.806064128875732422e+00
2.945527076721191406e+00
4.015589237213134766e+00
3.390885114669799805e+00
3.298492908477783203e+00
3.851861000061035156e+00
3.174998998641967773e+00
3.550822257995605469e+00
3.801827669143676758e+00
4.022412061691284180e+00
3.606870174407958984e+00
3.189218044281005859e+00
3.746639251708984375e+00
3.186141014099121094e+00
3.868201017379760742e+00
2.279424190521240234e+00
3.432071924209594727e+00
3.134377002716064453e+00
3.429646730422973633e+00
3.440903186798095703e+00
2.933674097061157227e+00
3.122925043106079102e+00
4.540734052658081055e+00
3.996080875396728516e+00
3.488926887512207031e+00
4.422411918640136719e+00
4.918301343917846680e+00
4.545548915863037109e+00
4.187709331512451172e+00
4.075628995895385742e+00
3.350322246551513672e+00
4.248647928237915039e+00
2.806564092636108398e+00
3.805213928222656250e+00
4.159873962402343750e+00
3.977456808090209961e+00
4.334445714950561523e+00
3.653955936431884766e+00
3.724199056625366211e+00
3.163547039031982422e+00
2.511359930038452148e+00
4.526723861694335938e+00
3.530230998992919922e+00
3.787000179290771484e+00
3.712305307388305664e+00
3.758157968521118164e+00
2.957746028900146484e+00
3.697084903717041016e+00
4.511130094528198242e+00
4.459702014923095703e+00
5.129641056060791016e+00
3.343547105789184570e+00
2.424843072891235352e+00
4.937420845031738281e+00
4.423350095748901367e+00
3.688786983489990234e+00
3.018740892410278320e+00
4.473100185394287109e+00
4.271249294281005859e+00
3.250819921493530273e+00
3.524742841720581055e+00
2.807466268539428711e+00
3.947036981582641602e+00
4.268292903900146484e+00
2.687391042709350586e+00
3.913491964340209961e+00
3.546257019042968750e+00
3.717048168182373047e+00
3.004264116287231445e+00
3.240716934204101562e+00
2.714650869369506836e+00
3.244414091110229492e+00
3.095599174499511719e+00
3.944137096405029297e+00
4.259749174118041992e+00
3.409325838088989258e+00
3.149764776229858398e+00
5.620532989501953125e+00
2.913268089294433594e+00
3.284457921981811523e+00
4.532449007034301758e+00
3.543304920196533203e+00
3.473629236221313477e+00
3.110754251480102539e+00
4.198606014251708984e+00
4.162620782852172852e+00
3.338349103927612305e+00
4.228148937225341797e+00
3.263395786285400391e+00
3.370124101638793945e+00
3.810565710067749023e+00
3.922420978546142578e+00
4.324702978134155273e+00
4.445064067840576172e+00
2.656906843185424805e+00
3.648057937622070312e+00
3.267179965972900391e+00
4.417218685150146484e+00
3.999154806137084961e+00
3.960453033447265625e+00
3.720779895782470703e+00
3.719229936599731445e+00
3.704742908477783203e+00
3.750293731689453125e+00
3.063728809356689453e+00
3.027845144271850586e+00
4.096240043640136719e+00
2.928107023239135742e+00
3.954496145248413086e+00
3.276713132858276367e+00
3.717717647552490234e+00
3.431895971298217773e+00
3.669947147369384766e+00
3.486967802047729492e+00
3.349020242691040039e+00
3.172422885894775391e+00
2.907340049743652344e+00
3.778905153274536133e+00
3.514622926712036133e+00
4.108253240585327148e+00
3.386739969253540039e+00
4.196418046951293945e+00
3.427236795425415039e+00
4.001165151596069336e+00
4.060110092163085938e+00
3.531372785568237305e+00
4.061135768890380859e+00
5.321319341659545898e+00
4.160399913787841797e+00
3.015366792678833008e+00
3.225393772125244141e+00
3.242882013320922852e+00
3.272813081741333008e+00
4.053159952163696289e+00
3.866109848022460938e+00
4.098597049713134766e+00
4.019965887069702148e+00
2.742864847183227539e+00
4.065289974212646484e+00
3.322684049606323242e+00
3.621641159057617188e+00
4.235826015472412109e+00
4.335735082626342773e+00
2.640199899673461914e+00
3.571382999420166016e+00
2.921957731246948242e+00
3.771769046783447266e+00
4.735633850097656250e+00
3.508656740188598633e+00
3.183443069458007812e+00
4.427884101867675781e+00
2.475985050201416016e+00
3.484173059463500977e+00
3.001996040344238281e+00
4.481927156448364258e+00
2.923119068145751953e+00
4.288924932479858398e+00
4.587005138397216797e+00
3.943114995956420898e+00
4.143668889999389648e+00
3.438663244247436523e+00
2.752677202224731445e+00
3.252923965454101562e+00
3.761839151382446289e+00
2.757023096084594727e+00
4.088256120681762695e+00
3.999397993087768555e+00
5.161816120147705078e+00
3.670428276062011719e+00
5.281240224838256836e+00
3.602286815643310547e+00
3.743023872375488281e+00
3.535147190093994141e+00
3.015980005264282227e+00
4.195192098617553711e+00
5.307954072952270508e+00
3.803720235824584961e+00
3.515513181686401367e+00
3.748921871185302734e+00
4.310616016387939453e+00
5.142887830734252930e+00
3.558333158493041992e+00
3.299558877944946289e+00
3.483561992645263672e+00
3.779000997543334961e+00
3.355242013931274414e+00
4.103586673736572266e+00
3.653486967086791992e+00
3.272670984268188477e+00
3.807868003845214844e+00
3.874495983123779297e+00
3.672556877136230469e+00
4.495664834976196289e+00
2.906009197235107422e+00
3.728826761245727539e+00
3.495526075363159180e+00
2.806123018264770508e+00
3.239625930786132812e+00
3.186162948608398438e+00
3.917474031448364258e+00
3.793474674224853516e+00
3.555693864822387695e+00
3.498538970947265625e+00
4.022244215011596680e+00
5.564797163009643555e+00
2.696505784988403320e+00
4.129390001296997070e+00
4.913758039474487305e+00
3.667444944381713867e+00
4.309414863586425781e+00
3.431615829467773438e+00
2.345432996749877930e+00
4.176769971847534180e+00
4.697915077209472656e+00
3.707643985748291016e+00
4.076663017272949219e+00
3.878261089324951172e+00
3.682332754135131836e+00
4.099491119384765625e+00
3.540021181106567383e+00
3.137516975402832031e+00
2.676796197891235352e+00
4.183119773864746094e+00
3.293303966522216797e+00
3.665155172348022461e+00
2.727983951568603516e+00
4.280619144439697266e+00
2.994642972946166992e+00
4.572888135910034180e+00
3.508841037750244141e+00
4.152714967727661133e+00
3.884168148040771484e+00
4.027359008789062500e+00
3.207352161407470703e+00
3.536149978637695312e+00
3.918535947799682617e+00
3.587883949279785156e+00
4.293240070343017578e+00
3.931770801544189453e+00
2.480911731719970703e+00
3.957352876663208008e+00
3.561020851135253906e+00
2.669922113418579102e+00
3.494431257247924805e+00
4.049275159835815430e+00
2.715065002441406250e+00
4.227580070495605469e+00
2.875863075256347656e+00
2.796917915344238281e+00
4.193166971206665039e+00
3.767593145370483398e+00
4.740780115127563477e+00
3.006036996841430664e+00
3.868944883346557617e+00
2.821887969970703125e+00
4.122608900070190430e+00
4.780392885208129883e+00
2.800943136215209961e+00
3.522480964660644531e+00
4.852184057235717773e+00
4.605308294296264648e+00
4.323897123336791992e+00
4.423771858215332031e+00
5.018068790435791016e+00
5.304956912994384766e+00
3.232856035232543945e+00
3.880828857421875000e+00
5.382108211517333984e+00
4.847393035888671875e+00
3.406492948532104492e+00
3.601495027542114258e+00
3.634879827499389648e+00
4.828168869018554688e+00
4.700408220291137695e+00
3.672562122344970703e+00
4.341196060180664062e+00
3.381330966949462891e+00
4.266191959381103516e+00
3.010316848754882812e+00
4.609188079833984375e+00
4.912422180175781250e+00
3.684931993484497070e+00
3.415839910507202148e+00
3.639921903610229492e+00
4.812998294830322266e+00
3.540576934814453125e+00
3.783541917800903320e+00
3.394476175308227539e+00
3.356486082077026367e+00
3.351074695587158203e+00
3.064851284027099609e+00
4.886282920837402344e+00
3.356076955795288086e+00
3.509737968444824219e+00
3.662255048751831055e+00
4.968291997909545898e+00
3.377432107925415039e+00
3.896327018737792969e+00
4.004081249237060547e+00
3.484034061431884766e+00
3.068839788436889648e+00
3.551107168197631836e+00
4.131326198577880859e+00
3.122068881988525391e+00
3.377995014190673828e+00
3.115078926086425781e+00
3.036652088165283203e+00
2.648576021194458008e+00
3.706585168838500977e+00
4.419496774673461914e+00
3.255167007446289062e+00
3.320005893707275391e+00
3.711921930313110352e+00
2.925833940505981445e+00
4.584500789642333984e+00
2.482180118560791016e+00
3.140765905380249023e+00
3.018091201782226562e+00
2.964562892913818359e+00
3.428533077239990234e+00
4.855408906936645508e+00
3.236873865127563477e+00
4.485013008117675781e+00
3.453463792800903320e+00
3.248347759246826172e+00
5.365864038467407227e+00
3.249732732772827148e+00
3.024697065353393555e+00
2.882671117782592773e+00
3.361009836196899414e+00
3.564199924468994141e+00
3.326902866363525391e+00
3.153711080551147461e+00
3.417726039886474609e+00
3.282932043075561523e+00
3.658536911010742188e+00
3.170165061950683594e+00
2.911267995834350586e+00
5.568510770797729492e+00
3.389647722244262695e+00
3.772470712661743164e+00
3.470536231994628906e+00
3.683259010314941406e+00
3.495619773864746094e+00
3.482201099395751953e+00
2.265721082687377930e+00
3.159949779510498047e+00
2.765917062759399414e+00
3.216284751892089844e+00
2.647178173065185547e+00
3.701071023941040039e+00
3.634279251098632812e+00
2.828919649124145508e+00
3.876949071884155273e+00
3.548153162002563477e+00
2.770001888275146484e+00
3.493856906890869141e+00
2.525352954864501953e+00
2.634781837463378906e+00
3.957426071166992188e+00
2.846251010894775391e+00
2.390335798263549805e+00
3.119747877120971680e+00
3.234678745269775391e+00
4.080033063888549805e+00
3.239844799041748047e+00
3.061454772949218750e+00
2.521885871887207031e+00
4.248332023620605469e+00
2.923169136047363281e+00
4.463113784790039062e+00
2.944025039672851562e+00
3.457468986511230469e+00
3.921981811523437500e+00
4.318364858627319336e+00
3.846781969070434570e+00
3.039542913436889648e+00
2.831590175628662109e+00
2.954719066619873047e+00
3.133309125900268555e+00
3.121862173080444336e+00
2.865426778793334961e+00
2.545233964920043945e+00
4.155750989913940430e+00
3.046479940414428711e+00
3.647971868515014648e+00
3.548975229263305664e+00
2.328578233718872070e+00
2.917865991592407227e+00
2.916014671325683594e+00
2.781990051269531250e+00
2.702081918716430664e+00
2.729818820953369141e+00
3.547990083694458008e+00
4.347338914871215820e+00
3.511039972305297852e+00
3.551587104797363281e+00
3.638098001480102539e+00
3.312424898147583008e+00
3.605255842208862305e+00
3.912588834762573242e+00
2.954499959945678711e+00
4.195701122283935547e+00
3.571548700332641602e+00
2.125123739242553711e+00
3.103529930114746094e+00
3.222129821777343750e+00
3.470652818679809570e+00
3.355960845947265625e+00
3.623331069946289062e+00
2.932473659515380859e+00
3.491237878799438477e+00
3.532072305679321289e+00
3.487080097198486328e+00
3.190400838851928711e+00
3.394344806671142578e+00
3.553807258605957031e+00
3.614974021911621094e+00
3.750820875167846680e+00
3.413122892379760742e+00
3.832065105438232422e+00
4.144393920898437500e+00
3.493607997894287109e+00
3.891144990921020508e+00
4.214336872100830078e+00
3.748064041137695312e+00
4.373166084289550781e+00
3.777769088745117188e+00
4.756701946258544922e+00
4.523298740386962891e+00
4.190732955932617188e+00
3.843473911285400391e+00
4.567626953125000000e+00
4.027687072753906250e+00
4.035785913467407227e+00
4.336820125579833984e+00
4.335362672805786133e+00
4.148458957672119141e+00
4.664753198623657227e+00
4.764680862426757812e+00
4.165742874145507812e+00
3.495851993560791016e+00
4.187938690185546875e+00
5.065408945083618164e+00
3.944653987884521484e+00
3.621055841445922852e+00
4.252709865570068359e+00
4.496484994888305664e+00
4.868654966354370117e+00
3.825359106063842773e+00
3.510149002075195312e+00
3.855355024337768555e+00
3.617715120315551758e+00
3.855458021163940430e+00
4.884909152984619141e+00
4.220823764801025391e+00
5.170351743698120117e+00
4.528132915496826172e+00
5.085955858230590820e+00
3.922290802001953125e+00
4.013097047805786133e+00
4.736239194869995117e+00
4.488482236862182617e+00
5.293954133987426758e+00
4.541493177413940430e+00
4.782620906829833984e+00
3.887341022491455078e+00
5.064090967178344727e+00
4.184992790222167969e+00
5.183964729309082031e+00
4.058610916137695312e+00
5.077067136764526367e+00
4.159400939941406250e+00
4.902268171310424805e+00
4.988652944564819336e+00
4.746796846389770508e+00
4.231922864913940430e+00
5.180938005447387695e+00
3.654171943664550781e+00
3.844732046127319336e+00
4.769769191741943359e+00
5.060156106948852539e+00
4.260239124298095703e+00
4.343136787414550781e+00
4.298978090286254883e+00
4.188038825988769531e+00
5.272837162017822266e+00
5.233541965484619141e+00
5.675487995147705078e+00
2.669258356094360352e+00
4.127254962921142578e+00
4.706667900085449219e+00
5.441020727157592773e+00
3.704095840454101562e+00
4.656057119369506836e+00
4.262148141860961914e+00
3.571094036102294922e+00
4.366631031036376953e+00
5.510482788085937500e+00
4.912791967391967773e+00
5.486200094223022461e+00
4.897592067718505859e+00
4.990944147109985352e+00
4.119970083236694336e+00
5.030760288238525391e+00
6.353280067443847656e+00
4.764176845550537109e+00
4.817241668701171875e+00
4.901666879653930664e+00
3.967944860458374023e+00
4.857384920120239258e+00
4.237886905670166016e+00
3.960092306137084961e+00
3.883299112319946289e+00
5.127096891403198242e+00
5.391532897949218750e+00
4.596177339553833008e+00
5.529944181442260742e+00
5.019824266433715820e+00
4.338519811630249023e+00
5.732136964797973633e+00
5.222167968750000000e+00
5.259463071823120117e+00
3.753849029541015625e+00
3.946808099746704102e+00
5.110193967819213867e+00
4.962452888488769531e+00
5.352806091308593750e+00
5.396589040756225586e+00
4.214683771133422852e+00
5.209944009780883789e+00
5.904139995574951172e+00
4.031757116317749023e+00
5.500848054885864258e+00
4.546305894851684570e+00
5.568768024444580078e+00
5.451609134674072266e+00
5.602963924407958984e+00
5.626316070556640625e+00
4.092245817184448242e+00
4.188975095748901367e+00
3.573132991790771484e+00
5.789715766906738281e+00
5.784108638763427734e+00
5.881678104400634766e+00
5.834362030029296875e+00
4.934400081634521484e+00
4.744937896728515625e+00
5.699729919433593750e+00
5.892612695693969727e+00
5.780322790145874023e+00
5.561164140701293945e+00
4.411710023880004883e+00
3.827640056610107422e+00
5.928791761398315430e+00
5.052139997482299805e+00
5.732715606689453125e+00
3.813581705093383789e+00
3.229616165161132812e+00
4.452551841735839844e+00
4.711719989776611328e+00
4.741852998733520508e+00
4.507436752319335938e+00
4.747565746307373047e+00
4.166042804718017578e+00
3.973229169845581055e+00
4.735397100448608398e+00
6.100329875946044922e+00
4.603652954101562500e+00
4.136852025985717773e+00
4.820141077041625977e+00
5.402955055236816406e+00
4.997209072113037109e+00
6.262634992599487305e+00
4.095991134643554688e+00
3.514632940292358398e+00
6.168768882751464844e+00
3.902436733245849609e+00
5.361366033554077148e+00
4.570921182632446289e+00
3.583763837814331055e+00
4.449331998825073242e+00
5.480930805206298828e+00
3.624333143234252930e+00
3.301355123519897461e+00
4.408078193664550781e+00
4.104939937591552734e+00
4.791801214218139648e+00
3.380980014801025391e+00
3.860624313354492188e+00
3.822273015975952148e+00
4.283928155899047852e+00
4.770057916641235352e+00
3.962343931198120117e+00
3.112482070922851562e+00
3.989027738571166992e+00
3.481559038162231445e+00
3.832216739654541016e+00
3.620766162872314453e+00
3.989809036254882812e+00
7.262085676193237305e+00
3.421977758407592773e+00
4.317201137542724609e+00
4.618705749511718750e+00
2.577043056488037109e+00
3.790524005889892578e+00
3.942811250686645508e+00
4.490001916885375977e+00
3.956268072128295898e+00
4.353988885879516602e+00
4.660257101058959961e+00
4.262414932250976562e+00
4.565089941024780273e+00
4.312869310379028320e+00
4.554383754730224609e+00
4.699983835220336914e+00
3.773082733154296875e+00
3.544174194335937500e+00
4.767593860626220703e+00
4.386321783065795898e+00
4.690411090850830078e+00
4.346699714660644531e+00
4.243070840835571289e+00
4.097547054290771484e+00
4.421534776687622070e+00
4.063492059707641602e+00
4.030158042907714844e+00
4.427700042724609375e+00
3.879017114639282227e+00
4.089007854461669922e+00
4.509452819824218750e+00
5.205155849456787109e+00
4.156971931457519531e+00
4.277109861373901367e+00
4.444003105163574219e+00
4.602185964584350586e+00
4.613695859909057617e+00
4.619397878646850586e+00
4.053994894027709961e+00
4.246474266052246094e+00
4.017107009887695312e+00
4.158154010772705078e+00
4.061528205871582031e+00
3.066758871078491211e+00
3.880405902862548828e+00
4.329900741577148438e+00
4.135097265243530273e+00
4.379220962524414062e+00
2.831500053405761719e+00
2.855326890945434570e+00
4.747259855270385742e+00
5.005732059478759766e+00
2.949083089828491211e+00
3.147811174392700195e+00
3.788697957992553711e+00
4.646353960037231445e+00
3.724141120910644531e+00
4.111590862274169922e+00
5.063760757446289062e+00
3.625312089920043945e+00
3.904474973678588867e+00
3.086242198944091797e+00
4.247232675552368164e+00
5.335908889770507812e+00
3.875415086746215820e+00
3.694206953048706055e+00
4.108213901519775391e+00
4.614469051361083984e+00
5.080380916595458984e+00
3.859237194061279297e+00
4.196735143661499023e+00
3.804141759872436523e+00
3.388396978378295898e+00
4.218602895736694336e+00
4.928626775741577148e+00
4.123813867568969727e+00
3.448349952697753906e+00
3.198306083679199219e+00
2.871186017990112305e+00
3.765299081802368164e+00
3.941246986389160156e+00
3.301975250244140625e+00
2.559767007827758789e+00
3.152604103088378906e+00
2.662262916564941406e+00
3.769026041030883789e+00
3.283785343170166016e+00
3.135241985321044922e+00
3.158414840698242188e+00
2.426288843154907227e+00
3.697781801223754883e+00
3.134969949722290039e+00
3.389796018600463867e+00
3.054085731506347656e+00
4.178315162658691406e+00
3.188377857208251953e+00
2.507973909378051758e+00
4.198921203613281250e+00
3.424427986145019531e+00
4.439393758773803711e+00
3.348257780075073242e+00
4.267610073089599609e+00
4.437358856201171875e+00
4.228420019149780273e+00
2.521333932876586914e+00
3.760134220123291016e+00
4.135346889495849609e+00
3.905540943145751953e+00
3.673668861389160156e+00
3.470560073852539062e+00
3.860005855560302734e+00
3.798327922821044922e+00
3.689485073089599609e+00
4.418604135513305664e+00
4.102261066436767578e+00
3.570115804672241211e+00
3.855534076690673828e+00
4.488070011138916016e+00
4.460594892501831055e+00
3.933723926544189453e+00
4.031325340270996094e+00
4.064622163772583008e+00
3.852315902709960938e+00
3.947731971740722656e+00
4.109016895294189453e+00
3.531552076339721680e+00
3.983126640319824219e+00
3.977292060852050781e+00
2.918886184692382812e+00
3.729230880737304688e+00
4.193386077880859375e+00
3.158678054809570312e+00
4.188964128494262695e+00
3.487147808074951172e+00
3.081755161285400391e+00
3.872359037399291992e+00
3.927134037017822266e+00
4.046988964080810547e+00
2.707963943481445312e+00
4.239314317703247070e+00
4.701828002929687500e+00
3.201322078704833984e+00
3.894130229949951172e+00
3.413912057876586914e+00
3.075633764266967773e+00
4.285523891448974609e+00
4.175951957702636719e+00
3.289876937866210938e+00
4.267179012298583984e+00
3.272637128829956055e+00
4.247979879379272461e+00
3.457068681716918945e+00
3.271001815795898438e+00
4.270509958267211914e+00
3.968621969223022461e+00
3.532473087310791016e+00
3.528033733367919922e+00
3.471308231353759766e+00
2.740899085998535156e+00
4.510390996932983398e+00
3.321224212646484375e+00
3.954419136047363281e+00
4.567595720291137695e+00
4.116199970245361328e+00
2.529245138168334961e+00
3.713654041290283203e+00
2.950135946273803711e+00
4.648637056350708008e+00
3.749383926391601562e+00
3.319026231765747070e+00
3.299251079559326172e+00
3.972712278366088867e+00
3.302360057830810547e+00
2.886622190475463867e+00
3.297927856445312500e+00
3.171485900878906250e+00
4.900809049606323242e+00
3.493642330169677734e+00
3.451138973236083984e+00
3.413856029510498047e+00
3.556229114532470703e+00
3.466522216796875000e+00
3.646636247634887695e+00
3.765460014343261719e+00
3.539666891098022461e+00
3.533989191055297852e+00
3.918822050094604492e+00
4.042488813400268555e+00
4.137757062911987305e+00
3.974679946899414062e+00
3.865779161453247070e+00
3.859943866729736328e+00
3.730962038040161133e+00
4.055553913116455078e+00
3.593209028244018555e+00
3.921865940093994141e+00
4.254610061645507812e+00
4.095584154129028320e+00
4.267188787460327148e+00
3.989156723022460938e+00
4.498807668685913086e+00
4.090203046798706055e+00
4.084543943405151367e+00
4.371537685394287109e+00
4.689159870147705078e+00
3.812347888946533203e+00
3.880522012710571289e+00
3.878755092620849609e+00
4.018445014953613281e+00
4.761125087738037109e+00
3.800551176071166992e+00
4.697731018066406250e+00
4.525692224502563477e+00
3.990254878997802734e+00
2.143522024154663086e+00
3.977346897125244141e+00
4.019609928131103516e+00
4.761470079421997070e+00
2.711339235305786133e+00
4.475033044815063477e+00
2.816431283950805664e+00
2.920702934265136719e+00
4.085269212722778320e+00
4.406679868698120117e+00
4.545883893966674805e+00
4.391810894012451172e+00
4.917032241821289062e+00
3.320606231689453125e+00
4.618234872817993164e+00
3.370972871780395508e+00
4.670689105987548828e+00
3.784549951553344727e+00
3.175470829010009766e+00
3.389455080032348633e+00
3.381279230117797852e+00
5.303802967071533203e+00
3.567740201950073242e+00
3.594693183898925781e+00
4.897851943969726562e+00
5.327723026275634766e+00
3.390564203262329102e+00
4.784425973892211914e+00
4.727926015853881836e+00
4.710974931716918945e+00
3.910398960113525391e+00
5.622778177261352539e+00
5.333773851394653320e+00
5.653007030487060547e+00
4.930287837982177734e+00
5.334713935852050781e+00
3.235240936279296875e+00
3.869242191314697266e+00
4.798422813415527344e+00
4.952968835830688477e+00
4.952925920486450195e+00
4.839817285537719727e+00
5.026999235153198242e+00
5.409432888031005859e+00
4.373666763305664062e+00
3.300507783889770508e+00
5.660523891448974609e+00
4.079716920852661133e+00
4.966282844543457031e+00
4.890966892242431641e+00
3.526237010955810547e+00
4.950243711471557617e+00
5.032387018203735352e+00
3.739286184310913086e+00
4.010622978210449219e+00
4.149317264556884766e+00
5.075948953628540039e+00
3.731158018112182617e+00
4.153154134750366211e+00
5.326328039169311523e+00
4.327607870101928711e+00
4.412722826004028320e+00
3.258277893066406250e+00
3.996581077575683594e+00
4.147345781326293945e+00
5.478183984756469727e+00
3.568896055221557617e+00
3.876879930496215820e+00
3.862189054489135742e+00
3.576322078704833984e+00
4.131460905075073242e+00
3.760565996170043945e+00
3.318968772888183594e+00
3.108518838882446289e+00
4.248625755310058594e+00
5.425895929336547852e+00
3.590620040893554688e+00
3.224524974822998047e+00
4.129208087921142578e+00
3.502847433090209961e+00
4.902096986770629883e+00
3.402621984481811523e+00
3.962824106216430664e+00
4.683393001556396484e+00
4.228069782257080078e+00
3.148482799530029297e+00
3.672844171524047852e+00
4.762441158294677734e+00
6.509683847427368164e+00
3.213603973388671875e+00
3.769855022430419922e+00
3.797070026397705078e+00
4.401034116744995117e+00
3.346309185028076172e+00
3.785068035125732422e+00
5.889724016189575195e+00
4.358309030532836914e+00
4.369318246841430664e+00
4.142883062362670898e+00
3.872407913208007812e+00
3.175758123397827148e+00
3.747915029525756836e+00
4.213439941406250000e+00
3.754604101181030273e+00
3.884404897689819336e+00
3.576098203659057617e+00
4.866866111755371094e+00
3.405210018157958984e+00
3.474430084228515625e+00
3.820026159286499023e+00
3.243258237838745117e+00
2.776635885238647461e+00
4.518935680389404297e+00
4.356154918670654297e+00
2.943228006362915039e+00
4.728651046752929688e+00
3.826263189315795898e+00
3.496909141540527344e+00
3.340060949325561523e+00
3.864263772964477539e+00
2.745958805084228516e+00
2.886908769607543945e+00
3.990380048751831055e+00
3.228103160858154297e+00
2.968079805374145508e+00
3.667149066925048828e+00
3.635762929916381836e+00
3.558431148529052734e+00
3.590622186660766602e+00
3.644598960876464844e+00
4.185199975967407227e+00
4.123692035675048828e+00
3.188090085983276367e+00
2.869335889816284180e+00
3.616951942443847656e+00
2.378641128540039062e+00
3.761252880096435547e+00
3.660853147506713867e+00
4.614624023437500000e+00
4.331028938293457031e+00
2.939599037170410156e+00
3.938486099243164062e+00
2.671469926834106445e+00
3.720458269119262695e+00
3.583951950073242188e+00
3.367638111114501953e+00
4.973522186279296875e+00
4.210094213485717773e+00
2.264870882034301758e+00
3.621651172637939453e+00
3.053392171859741211e+00
2.601816177368164062e+00
2.625330924987792969e+00
2.984591245651245117e+00
3.172039985656738281e+00
3.385049819946289062e+00
4.073194980621337891e+00
2.614181756973266602e+00
3.032252073287963867e+00
2.834493875503540039e+00
2.853861093521118164e+00
2.890883922576904297e+00
3.581291913986206055e+00
3.047013759613037109e+00
3.047578096389770508e+00
3.523047924041748047e+00
3.092893362045288086e+00
2.786253929138183594e+00
3.044749021530151367e+00
3.528210163116455078e+00
5.634578943252563477e+00
2.480165958404541016e+00
3.238569974899291992e+00
3.853418827056884766e+00
3.868529081344604492e+00
2.754503011703491211e+00
3.272656917572021484e+00
3.373838901519775391e+00
2.705100059509277344e+00
3.819780826568603516e+00
2.726993799209594727e+00
3.464148044586181641e+00
2.492210865020751953e+00
2.345350027084350586e+00
3.542391061782836914e+00
2.415283203125000000e+00
3.030471086502075195e+00
2.748782157897949219e+00
2.566954851150512695e+00
2.817619085311889648e+00
2.884869813919067383e+00
2.914895296096801758e+00
2.779090166091918945e+00
3.141592741012573242e+00
3.003480195999145508e+00
3.146360158920288086e+00
2.712034702301025391e+00
3.029677867889404297e+00
3.007832050323486328e+00
2.954207897186279297e+00
3.404542922973632812e+00
3.093181848526000977e+00
2.947550058364868164e+00
3.182086229324340820e+00
3.145845174789428711e+00
3.187176942825317383e+00
3.255072116851806641e+00
3.198765993118286133e+00
3.234666109085083008e+00
3.061292886734008789e+00
3.367635011672973633e+00
3.223634958267211914e+00
2.643370389938354492e+00
2.673447847366333008e+00
3.470180034637451172e+00
2.867568016052246094e+00
2.822926044464111328e+00
3.295876026153564453e+00
2.719854116439819336e+00
3.709841012954711914e+00
3.085983991622924805e+00
2.921922683715820312e+00
3.295238018035888672e+00
3.115364789962768555e+00
3.716275930404663086e+00
3.124732017517089844e+00
3.028514146804809570e+00
3.198048114776611328e+00
3.230925083160400391e+00
3.207327842712402344e+00
3.191533803939819336e+00
2.677544832229614258e+00
3.776949882507324219e+00
3.810018062591552734e+00
4.078849077224731445e+00
3.749940872192382812e+00
3.886735916137695312e+00
3.852995634078979492e+00
3.659981966018676758e+00
3.337182998657226562e+00
3.904582738876342773e+00
2.998286247253417969e+00
2.958626031875610352e+00
3.522433042526245117e+00
3.272371053695678711e+00
3.705330848693847656e+00
3.160598993301391602e+00
3.111305952072143555e+00
4.185656785964965820e+00
2.873765707015991211e+00
4.301273822784423828e+00
3.606101036071777344e+00
3.296819925308227539e+00
4.230884075164794922e+00
3.751646757125854492e+00
3.509757041931152344e+00
3.664604902267456055e+00
4.177426338195800781e+00
4.400271177291870117e+00
3.542704105377197266e+00
4.407454013824462891e+00
3.907468080520629883e+00
3.516731262207031250e+00
3.629871845245361328e+00
3.097244262695312500e+00
3.858922004699707031e+00
3.570415735244750977e+00
2.795675992965698242e+00
3.784420967102050781e+00
3.609120130538940430e+00
4.592925310134887695e+00
3.777791976928710938e+00
3.746279954910278320e+00
4.156256914138793945e+00
3.736268043518066406e+00
3.301287889480590820e+00
3.751787900924682617e+00
3.312772274017333984e+00
3.127494096755981445e+00
4.244252920150756836e+00
3.147681713104248047e+00
2.995495080947875977e+00
4.072590112686157227e+00
3.658165216445922852e+00
3.120430946350097656e+00
3.837093114852905273e+00
3.355290889739990234e+00
3.320061922073364258e+00
3.116150856018066406e+00
3.426348924636840820e+00
3.390625953674316406e+00
2.982877016067504883e+00
4.376909017562866211e+00
3.739732980728149414e+00
2.873615264892578125e+00
2.923813104629516602e+00
3.153743028640747070e+00
3.216379165649414062e+00
3.716387987136840820e+00
2.420454025268554688e+00
3.833684921264648438e+00
2.717889070510864258e+00
2.667243957519531250e+00
4.207843780517578125e+00
3.615904808044433594e+00
3.630822896957397461e+00
3.923362970352172852e+00
3.715019941329956055e+00
4.273405075073242188e+00
4.110450983047485352e+00
3.409379959106445312e+00
3.439396142959594727e+00
3.569565057754516602e+00
2.938388109207153320e+00
4.421300888061523438e+00
3.666841030120849609e+00
3.739790916442871094e+00
3.497044086456298828e+00
3.828718900680541992e+00
3.867358207702636719e+00
4.422164916992187500e+00
3.943438053131103516e+00
3.838610887527465820e+00
3.895896911621093750e+00
2.479766130447387695e+00
3.925921916961669922e+00
3.903316974639892578e+00
3.243989944458007812e+00
4.654668092727661133e+00
3.437013864517211914e+00
4.480355024337768555e+00
3.642263889312744141e+00
4.489554166793823242e+00
4.341802120208740234e+00
3.159856081008911133e+00
3.992613792419433594e+00
2.921437025070190430e+00
4.105810880661010742e+00
2.656386852264404297e+00
2.910523891448974609e+00
4.177618980407714844e+00
4.291871070861816406e+00
3.211268186569213867e+00
3.598657131195068359e+00
3.308173894882202148e+00
3.254581928253173828e+00
4.656821966171264648e+00
2.742774009704589844e+00
3.291129112243652344e+00
2.651127099990844727e+00
4.468976974487304688e+00
2.449638843536376953e+00
4.180041074752807617e+00
4.432250738143920898e+00
3.010027170181274414e+00
3.521524906158447266e+00
3.884891748428344727e+00
3.930463314056396484e+00
3.707286119461059570e+00
2.310555934906005859e+00
2.857769966125488281e+00
3.175194025039672852e+00
3.504688024520874023e+00
5.084041118621826172e+00
3.444450855255126953e+00
2.501905918121337891e+00
3.629478216171264648e+00
2.549347162246704102e+00
3.928990840911865234e+00
2.829684019088745117e+00
4.141392946243286133e+00
2.971085071563720703e+00
2.749822854995727539e+00
4.003891944885253906e+00
2.354716300964355469e+00
2.705961942672729492e+00
3.228803873062133789e+00
2.913891077041625977e+00
4.011486291885375977e+00
2.698081016540527344e+00
3.194875955581665039e+00
2.667312860488891602e+00
2.750613927841186523e+00
2.961576938629150391e+00
2.750324010848999023e+00
3.392411231994628906e+00
2.713154792785644531e+00
3.552119016647338867e+00
3.378046989440917969e+00
2.249427080154418945e+00
3.716548919677734375e+00
3.447191953659057617e+00
3.884087085723876953e+00
2.939539909362792969e+00
3.384425878524780273e+00
4.267070293426513672e+00
4.060168027877807617e+00
3.593907117843627930e+00
3.577352046966552734e+00
2.543113946914672852e+00
2.770132064819335938e+00
3.703927040100097656e+00
3.482628107070922852e+00
2.459468841552734375e+00
2.952316284179687500e+00
3.858021020889282227e+00
3.498759984970092773e+00
2.832452774047851562e+00
3.043256759643554688e+00
2.479146003723144531e+00
3.978310108184814453e+00
4.221827030181884766e+00
3.234628915786743164e+00
3.834766149520874023e+00
3.110970020294189453e+00
3.234428882598876953e+00
3.397979259490966797e+00
3.284111976623535156e+00
2.727237939834594727e+00
1.822974920272827148e+00
3.731946945190429688e+00
2.365701913833618164e+00
2.734187602996826172e+00
2.889379978179931641e+00
3.559123277664184570e+00
3.536510944366455078e+00
3.472887039184570312e+00
2.848078966140747070e+00
4.136525869369506836e+00
2.810251951217651367e+00
2.991852998733520508e+00
3.044672966003417969e+00
2.920316934585571289e+00
2.508138895034790039e+00
3.108924150466918945e+00
3.642336130142211914e+00
3.182953119277954102e+00
3.029303073883056641e+00
2.653000831604003906e+00
3.946565151214599609e+00
2.804976701736450195e+00
3.070849895477294922e+00
2.616246700286865234e+00
2.974279880523681641e+00
3.246762990951538086e+00
2.611166954040527344e+00
3.310330152511596680e+00
2.784777402877807617e+00
2.999788045883178711e+00
3.103250026702880859e+00
2.853768825531005859e+00
1.968029975891113281e+00
2.801756143569946289e+00
2.797976016998291016e+00
2.373029947280883789e+00
2.307317018508911133e+00
2.948591709136962891e+00
3.017806053161621094e+00
3.033999204635620117e+00
3.092107772827148438e+00
3.336595058441162109e+00
3.306249141693115234e+00
3.039416790008544922e+00
3.394743919372558594e+00
3.151911973953247070e+00
3.705683946609497070e+00
3.176634788513183594e+00
3.022783994674682617e+00
3.346204280853271484e+00
3.140040159225463867e+00
3.149369001388549805e+00
4.196612119674682617e+00
3.346206188201904297e+00
3.059463977813720703e+00
2.663438081741333008e+00
3.142038106918334961e+00
3.290170907974243164e+00
3.314471960067749023e+00
3.558327674865722656e+00
3.208529233932495117e+00
2.810532093048095703e+00
3.374893188476562500e+00
3.508517026901245117e+00
2.694176912307739258e+00
3.730835914611816406e+00
3.624862909317016602e+00
3.287074804306030273e+00
3.570702791213989258e+00
3.037168025970458984e+00
5.587352037429809570e+00
2.326837062835693359e+00
2.907338857650756836e+00
2.871480941772460938e+00
2.628318071365356445e+00
2.885105848312377930e+00
3.797600984573364258e+00
3.470938920974731445e+00
2.729310989379882812e+00
2.615740776062011719e+00
2.688184738159179688e+00
2.705689191818237305e+00
3.005910158157348633e+00
3.461549758911132812e+00
2.745450973510742188e+00
4.532799005508422852e+00
3.020999908447265625e+00
3.108953952789306641e+00
3.583087921142578125e+00
3.694662809371948242e+00
2.938928842544555664e+00
3.123735904693603516e+00
4.006155014038085938e+00
4.020556926727294922e+00
4.031051158905029297e+00
3.405529975891113281e+00
4.094140291213989258e+00
3.169159889221191406e+00
3.487639188766479492e+00
3.109686851501464844e+00
4.067247867584228516e+00
3.917505025863647461e+00
2.875215053558349609e+00
4.024024724960327148e+00
3.994767189025878906e+00
4.156985998153686523e+00
4.176277637481689453e+00
3.179852008819580078e+00
3.052210807800292969e+00
4.062288284301757812e+00
3.274949789047241211e+00
3.069336175918579102e+00
3.090628147125244141e+00
3.671620845794677734e+00
3.388495206832885742e+00
4.279016971588134766e+00
3.369751930236816406e+00
4.615036010742187500e+00
4.485709190368652344e+00
4.440723896026611328e+00
3.400423288345336914e+00
4.062723159790039062e+00
3.133220911026000977e+00
4.651312112808227539e+00
2.797079086303710938e+00
4.724513053894042969e+00
4.624634027481079102e+00
3.244136333465576172e+00
4.486655950546264648e+00
3.512927055358886719e+00
4.528569936752319336e+00
4.701497077941894531e+00
3.348256111145019531e+00
3.211081981658935547e+00
3.524955272674560547e+00
2.948069810867309570e+00
3.367094993591308594e+00
3.394021987915039062e+00
3.891822814941406250e+00
3.314138889312744141e+00
3.564030885696411133e+00
3.248280048370361328e+00
4.250801086425781250e+00
2.994769096374511719e+00
3.167281866073608398e+00
3.564368724822998047e+00
2.943917989730834961e+00
5.002546072006225586e+00
3.503340005874633789e+00
3.977915287017822266e+00
3.655915021896362305e+00
3.189443826675415039e+00
4.270723104476928711e+00
2.876312255859375000e+00
2.833780050277709961e+00
4.531514883041381836e+00
3.899365186691284180e+00
4.056621789932250977e+00
4.030999898910522461e+00
3.765247106552124023e+00
2.763652086257934570e+00
2.866165876388549805e+00
2.937520027160644531e+00
3.514787912368774414e+00
2.751584053039550781e+00
3.727210998535156250e+00
3.307132959365844727e+00
4.134117841720581055e+00
3.130086898803710938e+00
3.033725976943969727e+00
4.247244834899902344e+00
3.255535840988159180e+00
4.096889257431030273e+00
4.703699350357055664e+00
3.404245138168334961e+00
2.437297821044921875e+00
3.870394229888916016e+00
3.323422908782958984e+00
3.332658052444458008e+00
4.402862787246704102e+00
3.235758066177368164e+00
2.721998929977416992e+00
3.496284008026123047e+00
3.363350868225097656e+00
4.507908821105957031e+00
3.747956037521362305e+00
4.086442947387695312e+00
3.473407983779907227e+00
4.059169054031372070e+00
3.027165889739990234e+00
2.825454235076904297e+00
4.504799127578735352e+00
3.983741044998168945e+00
3.538319110870361328e+00
3.903357028961181641e+00
3.340041160583496094e+00
4.593271970748901367e+00
4.506659030914306641e+00
3.459414005279541016e+00
3.723172903060913086e+00
3.873390913009643555e+00
3.268909931182861328e+00
3.838131904602050781e+00
4.794019222259521484e+00
4.023029088973999023e+00
4.026546001434326172e+00
3.053298950195312500e+00
3.172709703445434570e+00
4.373096942901611328e+00
3.758543252944946289e+00
3.598844051361083984e+00
3.637612819671630859e+00
3.043164253234863281e+00
3.770805120468139648e+00
2.980556011199951172e+00
3.812142848968505859e+00
3.660099744796752930e+00
3.619827985763549805e+00
4.068656921386718750e+00
3.589169025421142578e+00
2.569935798645019531e+00
3.885203123092651367e+00
4.426882982254028320e+00
2.851917266845703125e+00
2.392250776290893555e+00
4.389027833938598633e+00
2.937705278396606445e+00
4.057054996490478516e+00
4.829911947250366211e+00
3.242892026901245117e+00
4.015254974365234375e+00
3.610936164855957031e+00
4.813910007476806641e+00
3.092450141906738281e+00
3.878265142440795898e+00
4.111871004104614258e+00
4.809340238571166992e+00
3.342003107070922852e+00
3.333186149597167969e+00
3.466729164123535156e+00
4.194088935852050781e+00
4.979422807693481445e+00
4.190207004547119141e+00
3.512190103530883789e+00
3.510662078857421875e+00
4.087350606918334961e+00
4.403064727783203125e+00
2.829645872116088867e+00
4.527121067047119141e+00
3.471701860427856445e+00
3.622112035751342773e+00
3.324769973754882812e+00
2.726780891418457031e+00
3.562022209167480469e+00
3.650676012039184570e+00
4.370597124099731445e+00
4.442008018493652344e+00
2.759972810745239258e+00
4.460730791091918945e+00
3.678869009017944336e+00
3.578381061553955078e+00
4.768066644668579102e+00
4.394299268722534180e+00
4.824203014373779297e+00
4.670896291732788086e+00
3.815756797790527344e+00
3.884899854660034180e+00
4.116577148437500000e+00
2.708574056625366211e+00
3.427487134933471680e+00
3.796400308609008789e+00
4.786698102951049805e+00
3.939795017242431641e+00
3.846168756484985352e+00
3.171893119812011719e+00
4.142621040344238281e+00
4.113485097885131836e+00
3.377614974975585938e+00
3.478813171386718750e+00
4.847553014755249023e+00
3.117491006851196289e+00
3.458973169326782227e+00
4.769639253616333008e+00
3.538381099700927734e+00
4.811276197433471680e+00
3.548614978790283203e+00
3.036337852478027344e+00
3.384768962860107422e+00
3.539295911788940430e+00
3.653312921524047852e+00
3.262846946716308594e+00
3.177062034606933594e+00
3.462782859802246094e+00
4.401742696762084961e+00
5.299338817596435547e+00
3.566081047058105469e+00
3.620779037475585938e+00
2.460836172103881836e+00
3.242652893066406250e+00
3.398280382156372070e+00
4.036345243453979492e+00
3.702485084533691406e+00
5.187997102737426758e+00
3.190348148345947266e+00
3.398799896240234375e+00
4.348566055297851562e+00
4.230854749679565430e+00
3.077868938446044922e+00
3.699921131134033203e+00
2.945471048355102539e+00
3.773952007293701172e+00
3.702422142028808594e+00
3.939702033996582031e+00
3.141380786895751953e+00
5.273031949996948242e+00
3.040912866592407227e+00
3.939440011978149414e+00
3.770620346069335938e+00
3.753262996673583984e+00
3.144424915313720703e+00
4.292643785476684570e+00
3.046277284622192383e+00
3.904917955398559570e+00
4.278875112533569336e+00
3.476770639419555664e+00
4.767972230911254883e+00
3.043648004531860352e+00
2.864853143692016602e+00
2.963729143142700195e+00
3.285645008087158203e+00
4.387288093566894531e+00
3.007028102874755859e+00
3.301644086837768555e+00
3.648702859878540039e+00
3.385540008544921875e+00
2.786815881729125977e+00
3.429092884063720703e+00
3.423410892486572266e+00
2.359269142150878906e+00
2.594584941864013672e+00
2.893671035766601562e+00
3.195811033248901367e+00
4.980819940567016602e+00
2.648810148239135742e+00
3.375630140304565430e+00
2.398328065872192383e+00
2.870854854583740234e+00
3.500587224960327148e+00
2.794153928756713867e+00
2.406926155090332031e+00
3.318844795227050781e+00
3.010823249816894531e+00
3.186726808547973633e+00
2.177423000335693359e+00
3.010955095291137695e+00
2.806523799896240234e+00
3.205390214920043945e+00
3.120712995529174805e+00
2.535493850708007812e+00
2.662633895874023438e+00
2.734419822692871094e+00
3.326522111892700195e+00
2.659663915634155273e+00
2.599035978317260742e+00
2.689659118652343750e+00
2.653517007827758789e+00
2.692269802093505859e+00
2.897212982177734375e+00
2.903581857681274414e+00
2.570344924926757812e+00
3.241072177886962891e+00
2.599033832550048828e+00
3.322614908218383789e+00
2.926409006118774414e+00
2.397306203842163086e+00
5.325841903686523438e+00
3.433825016021728516e+00
3.133697032928466797e+00
2.838955879211425781e+00
3.014004945755004883e+00
2.899465084075927734e+00
3.246846914291381836e+00
2.920776844024658203e+00
5.336675882339477539e+00
5.586628913879394531e+00
3.006119966506958008e+00
5.739726066589355469e+00
4.593368053436279297e+00
4.752744913101196289e+00
5.766860723495483398e+00
2.981985092163085938e+00
4.741190910339355469e+00
4.987646818161010742e+00
5.826126098632812500e+00
4.792745113372802734e+00
3.889503955841064453e+00
4.284880876541137695e+00
4.930394887924194336e+00
4.924016952514648438e+00
2.817436933517456055e+00
5.719877958297729492e+00
2.227342128753662109e+00
2.668004989624023438e+00
4.714426994323730469e+00
4.487624883651733398e+00
4.721802949905395508e+00
4.986968040466308594e+00
4.938495159149169922e+00
4.513104915618896484e+00
4.603026866912841797e+00
6.087953090667724609e+00
4.699903011322021484e+00
6.203174829483032227e+00
2.840315818786621094e+00
3.541124105453491211e+00
5.190708160400390625e+00
6.241439104080200195e+00
5.855659961700439453e+00
3.245882034301757812e+00
4.767999887466430664e+00
5.252148866653442383e+00
2.927613019943237305e+00
3.752255916595458984e+00
5.262243986129760742e+00
6.174060106277465820e+00
5.463985919952392578e+00
5.366656064987182617e+00
6.670135974884033203e+00
5.342757940292358398e+00
4.813341379165649414e+00
5.300946950912475586e+00
5.875618934631347656e+00
6.402041912078857422e+00
5.653847932815551758e+00
5.867242097854614258e+00
5.261755943298339844e+00
3.881685972213745117e+00
4.986439943313598633e+00
5.499449253082275391e+00
3.308628082275390625e+00
6.425871849060058594e+00
5.469144105911254883e+00
3.491521120071411133e+00
3.436158895492553711e+00
5.055442333221435547e+00
5.364507913589477539e+00
3.631876945495605469e+00
5.811930179595947266e+00
3.519563913345336914e+00
3.057579994201660156e+00
3.456250667572021484e+00
3.230470895767211914e+00
3.510824918746948242e+00
5.481937170028686523e+00
3.240717172622680664e+00
3.527596235275268555e+00
3.502566099166870117e+00
3.773338079452514648e+00
3.663581848144531250e+00
3.236332893371582031e+00
3.016575813293457031e+00
3.352097034454345703e+00
3.871694087982177734e+00
3.329330921173095703e+00
3.692322015762329102e+00
3.392056941986083984e+00
3.395397663116455078e+00
4.451791048049926758e+00
3.942048072814941406e+00
4.616928100585937500e+00
4.432950019836425781e+00
3.335716009140014648e+00
3.843263864517211914e+00
3.764994144439697266e+00
3.463672161102294922e+00
3.443692207336425781e+00
3.594796895980834961e+00
4.025808095932006836e+00
3.998686075210571289e+00
3.926644086837768555e+00
4.654254198074340820e+00
3.880180835723876953e+00
4.964714050292968750e+00
3.327711105346679688e+00
3.016359806060791016e+00
4.056771039962768555e+00
3.582645177841186523e+00
3.862012147903442383e+00
3.548599004745483398e+00
3.672195911407470703e+00
3.913940191268920898e+00
3.867388010025024414e+00
3.953922986984252930e+00
3.931982994079589844e+00
3.762507915496826172e+00
3.774396896362304688e+00
3.110531091690063477e+00
4.243904829025268555e+00
4.003117084503173828e+00
3.656399965286254883e+00
3.664368867874145508e+00
3.867857933044433594e+00
2.426621913909912109e+00
4.298407316207885742e+00
4.603232860565185547e+00
4.620481014251708984e+00
3.954569101333618164e+00
5.576539039611816406e+00
3.746073722839355469e+00
3.776363849639892578e+00
4.375551939010620117e+00
3.808168888092041016e+00
3.807972192764282227e+00
2.133432865142822266e+00
4.653838872909545898e+00
4.315088987350463867e+00
4.813529968261718750e+00
4.093168973922729492e+00
3.778804063796997070e+00
3.624349117279052734e+00
2.069828987121582031e+00
4.246630907058715820e+00
3.271271944046020508e+00
3.781098127365112305e+00
2.537263154983520508e+00
3.946467161178588867e+00
3.317995071411132812e+00
3.658315896987915039e+00
3.360294818878173828e+00
2.150067806243896484e+00
3.828616857528686523e+00
3.883956909179687500e+00
4.557307004928588867e+00
2.305974960327148438e+00
2.157401800155639648e+00
3.943843841552734375e+00
2.752325057983398438e+00
2.756321907043457031e+00
4.021254062652587891e+00
4.066586732864379883e+00
2.909926891326904297e+00
2.759217023849487305e+00
2.851803064346313477e+00
4.323471069335937500e+00
3.121881723403930664e+00
3.640754222869873047e+00
4.406837940216064453e+00
4.382580995559692383e+00
4.152086019515991211e+00
3.520272970199584961e+00
4.342498064041137695e+00
2.916548252105712891e+00
4.798298120498657227e+00
2.682591915130615234e+00
3.063684701919555664e+00
2.987048864364624023e+00
4.095067977905273438e+00
2.520486116409301758e+00
2.980118989944458008e+00
3.786883115768432617e+00
3.055491209030151367e+00
2.751985073089599609e+00
2.912909984588623047e+00
3.208778858184814453e+00
3.746788740158081055e+00
2.639397859573364258e+00
2.429651260375976562e+00
2.679265975952148438e+00
2.512686967849731445e+00
2.546703100204467773e+00
2.598011970520019531e+00
3.395153045654296875e+00
2.659968137741088867e+00
2.649850130081176758e+00
2.811936140060424805e+00
3.405532121658325195e+00
2.835099220275878906e+00
3.335664987564086914e+00
3.091937065124511719e+00
3.383983135223388672e+00
4.073912858963012695e+00
3.939296007156372070e+00
2.799298763275146484e+00
3.155757904052734375e+00
3.168459177017211914e+00
2.657397031784057617e+00
3.029000043869018555e+00
3.115882873535156250e+00
2.269747972488403320e+00
3.430640220642089844e+00
3.485296010971069336e+00
5.200622797012329102e+00
4.430024862289428711e+00
2.854415893554687500e+00
3.473994016647338867e+00
4.699329853057861328e+00
3.140603780746459961e+00
3.589922189712524414e+00
4.285126924514770508e+00
2.522094011306762695e+00
3.467919826507568359e+00
2.282994985580444336e+00
2.482511281967163086e+00
2.747849941253662109e+00
3.135201930999755859e+00
3.037342071533203125e+00
3.123008012771606445e+00
3.141185045242309570e+00
3.318312883377075195e+00
3.294256925582885742e+00
3.097018003463745117e+00
2.964809894561767578e+00
3.273723125457763672e+00
2.537698984146118164e+00
3.335239887237548828e+00
3.224709272384643555e+00
3.346457242965698242e+00
3.492753267288208008e+00
3.188866853713989258e+00
3.832462072372436523e+00
3.862209081649780273e+00
3.213901042938232422e+00
3.435197114944458008e+00
4.406431913375854492e+00
3.218910932540893555e+00
3.940462827682495117e+00
3.821402072906494141e+00
3.539416074752807617e+00
3.378332853317260742e+00
3.570161819458007812e+00
3.366621255874633789e+00
2.536033868789672852e+00
3.699862003326416016e+00
3.746604919433593750e+00
2.988915920257568359e+00
3.092999219894409180e+00
3.428329944610595703e+00
3.589550018310546875e+00
3.706037044525146484e+00
2.642529249191284180e+00
3.700472116470336914e+00
4.220978975296020508e+00
3.767436027526855469e+00
2.753777027130126953e+00
3.008226156234741211e+00
3.171180963516235352e+00
4.030245780944824219e+00
3.648412942886352539e+00
2.928656816482543945e+00
2.933281898498535156e+00
2.882088184356689453e+00
2.948399305343627930e+00
3.043438911437988281e+00
3.150042772293090820e+00
4.119596958160400391e+00
3.292948007583618164e+00
3.036717176437377930e+00
3.765938758850097656e+00
3.039841890335083008e+00
3.153505086898803711e+00
2.976407051086425781e+00
3.266501903533935547e+00
3.378478050231933594e+00
2.428982019424438477e+00
3.287174940109252930e+00
2.945732831954956055e+00
3.890102863311767578e+00
2.983350038528442383e+00
3.195858955383300781e+00
3.234833955764770508e+00
3.223120927810668945e+00
3.518371820449829102e+00
3.561926841735839844e+00
3.287036180496215820e+00
3.354436874389648438e+00
3.138545989990234375e+00
3.418695926666259766e+00
3.441844940185546875e+00
3.305286169052124023e+00
3.256845951080322266e+00
3.173402309417724609e+00
3.058363914489746094e+00
3.588193178176879883e+00
2.957388639450073242e+00
2.674829244613647461e+00
3.897796869277954102e+00
3.574438810348510742e+00
3.639390945434570312e+00
2.884618997573852539e+00
3.323368072509765625e+00
3.367542982101440430e+00
3.612049818038940430e+00
3.976471900939941406e+00
3.553091049194335938e+00
3.713419914245605469e+00
3.080497980117797852e+00
3.498160839080810547e+00
3.498945951461791992e+00
2.784389734268188477e+00
4.050043821334838867e+00
3.858818054199218750e+00
3.694304943084716797e+00
3.902831077575683594e+00
3.804001092910766602e+00
3.531610250473022461e+00
4.105696916580200195e+00
3.007183074951171875e+00
3.168301820755004883e+00
3.354482173919677734e+00
3.547431945800781250e+00
3.436893939971923828e+00
4.134203910827636719e+00
3.758356094360351562e+00
4.118282079696655273e+00
3.550246953964233398e+00
3.944139957427978516e+00
3.139467954635620117e+00
3.889246940612792969e+00
3.817066192626953125e+00
4.047694683074951172e+00
2.993261814117431641e+00
3.498867034912109375e+00
4.298278093338012695e+00
4.473542213439941406e+00
4.742674112319946289e+00
4.174054861068725586e+00
3.943546772003173828e+00
2.952876091003417969e+00
4.139531135559082031e+00
4.057780265808105469e+00
4.290273904800415039e+00
3.455684185028076172e+00
4.094535112380981445e+00
4.450025081634521484e+00
4.105139255523681641e+00
2.956011772155761719e+00
3.719676017761230469e+00
3.899394989013671875e+00
4.086835861206054688e+00
3.771234750747680664e+00
3.946847915649414062e+00
3.635338068008422852e+00
4.173789978027343750e+00
3.098700046539306641e+00
4.374179124832153320e+00
3.509903192520141602e+00
3.646569013595581055e+00
2.554379224777221680e+00
4.703076839447021484e+00
2.862234830856323242e+00
4.053256034851074219e+00
4.133769035339355469e+00
4.154609203338623047e+00
4.797068834304809570e+00
2.832966804504394531e+00
2.964515209197998047e+00
4.041343212127685547e+00
3.335691690444946289e+00
3.070427894592285156e+00
3.704606056213378906e+00
3.094518899917602539e+00
3.422410011291503906e+00
3.481010913848876953e+00
3.732270002365112305e+00
2.990597963333129883e+00
4.178130149841308594e+00
4.161426782608032227e+00
4.340101242065429688e+00
3.559713125228881836e+00
3.293874979019165039e+00
4.303617000579833984e+00
3.496916055679321289e+00
4.328488111495971680e+00
4.242149114608764648e+00
4.229416847229003906e+00
4.421639204025268555e+00
2.258004903793334961e+00
3.997256040573120117e+00
4.525825023651123047e+00
4.132807970046997070e+00
3.218701124191284180e+00
3.330148696899414062e+00
3.289061307907104492e+00
3.351095914840698242e+00
3.363062143325805664e+00
4.302318811416625977e+00
3.710608959197998047e+00
3.275510072708129883e+00
2.629949092864990234e+00
3.598774194717407227e+00
3.968961000442504883e+00
3.389029264450073242e+00
3.376383066177368164e+00
3.392774343490600586e+00
3.429865837097167969e+00
4.624176025390625000e+00
3.254848957061767578e+00
3.297052860260009766e+00
3.490167140960693359e+00
3.939564228057861328e+00
3.483448028564453125e+00
2.939216136932373047e+00
3.216442108154296875e+00
2.319802045822143555e+00
3.615264892578125000e+00
3.396481752395629883e+00
3.090402126312255859e+00
3.941622972488403320e+00
3.728419780731201172e+00
3.547742843627929688e+00
2.783257007598876953e+00
3.380495786666870117e+00
3.378359794616699219e+00
3.646217823028564453e+00
3.669041872024536133e+00
3.754781246185302734e+00
3.728574037551879883e+00
3.767195940017700195e+00
3.702305793762207031e+00
3.719702005386352539e+00
3.660111188888549805e+00
3.693091869354248047e+00
3.909069061279296875e+00
3.422536134719848633e+00
2.985822916030883789e+00
3.786863803863525391e+00
3.731291055679321289e+00
4.316612005233764648e+00
3.427236795425415039e+00
3.912634134292602539e+00
4.230878114700317383e+00
3.291998147964477539e+00
3.398284912109375000e+00
3.372637033462524414e+00
2.798830270767211914e+00
3.402045965194702148e+00
4.007711887359619141e+00
3.438417911529541016e+00
4.013837099075317383e+00
3.949570178985595703e+00
3.455921888351440430e+00
4.159246206283569336e+00
3.583819150924682617e+00
4.484584093093872070e+00
2.589509010314941406e+00
4.164671182632446289e+00
3.934174060821533203e+00
4.546015024185180664e+00
4.150614023208618164e+00
4.200062036514282227e+00
3.639150142669677734e+00
3.581327915191650391e+00
3.472764015197753906e+00
3.060062170028686523e+00
4.121212959289550781e+00
3.228072166442871094e+00
3.565384864807128906e+00
2.703124046325683594e+00
2.648679018020629883e+00
3.408454895019531250e+00
4.588778018951416016e+00
3.620103836059570312e+00
3.460801124572753906e+00
4.398653984069824219e+00
3.441709041595458984e+00
3.934670209884643555e+00
3.006524801254272461e+00
4.125758886337280273e+00
4.305516004562377930e+00
3.572019100189208984e+00
3.676758766174316406e+00
2.908380270004272461e+00
2.913828849792480469e+00
4.034534931182861328e+00
3.385038852691650391e+00
4.240847110748291016e+00
2.771105051040649414e+00
4.907514810562133789e+00
3.361984014511108398e+00
3.977080821990966797e+00
4.542785644531250000e+00
2.582178115844726562e+00
3.216646909713745117e+00
3.641638994216918945e+00
3.387132883071899414e+00
4.079801797866821289e+00
4.231842041015625000e+00
4.452811956405639648e+00
4.428544044494628906e+00
3.106920003890991211e+00
4.318732738494873047e+00
3.386847019195556641e+00
3.783188104629516602e+00
4.139632940292358398e+00
3.801327228546142578e+00
4.214595794677734375e+00
3.739789962768554688e+00
4.420695066452026367e+00
3.837495088577270508e+00
3.015494823455810547e+00
2.426992177963256836e+00
3.737873077392578125e+00
3.238182067871093750e+00
2.944866657257080078e+00
3.797679901123046875e+00
4.595798015594482422e+00
2.840150833129882812e+00
3.080044984817504883e+00
2.928272008895874023e+00
2.995356321334838867e+00
2.326791763305664062e+00
3.341116905212402344e+00
2.624028921127319336e+00
3.362754106521606445e+00
3.474694013595581055e+00
2.967545986175537109e+00
3.428312778472900391e+00
3.197176933288574219e+00
3.106271982192993164e+00
3.457348108291625977e+00
3.132789850234985352e+00
2.798989772796630859e+00
3.580926895141601562e+00
3.735937833786010742e+00
4.233872890472412109e+00
5.052301645278930664e+00
4.288053035736083984e+00
2.921412944793701172e+00
3.476206779479980469e+00
3.241888999938964844e+00
2.876744985580444336e+00
3.488050937652587891e+00
3.810513019561767578e+00
3.533025026321411133e+00
3.082788944244384766e+00
2.818064928054809570e+00
3.860752105712890625e+00
2.782228946685791016e+00
3.514492273330688477e+00
3.468347072601318359e+00
2.971675157546997070e+00
3.078210115432739258e+00
3.506277084350585938e+00
3.804424762725830078e+00
3.098162174224853516e+00
3.652916908264160156e+00
3.515113115310668945e+00
4.605831146240234375e+00
3.211467981338500977e+00
2.294967889785766602e+00
3.963280916213989258e+00
3.666392087936401367e+00
3.664153814315795898e+00
3.221104145050048828e+00
4.948149204254150391e+00
2.360622167587280273e+00
2.401741027832031250e+00
2.391829013824462891e+00
2.999997854232788086e+00
2.947540998458862305e+00
1.986597061157226562e+00
2.753927946090698242e+00
2.724905967712402344e+00
3.133484840393066406e+00
2.589040279388427734e+00
3.725661993026733398e+00
2.702857971191406250e+00
2.782227993011474609e+00
2.873773097991943359e+00
3.735878229141235352e+00
3.408943176269531250e+00
3.678884029388427734e+00
3.685739755630493164e+00
2.708614826202392578e+00
3.764444351196289062e+00
3.758893728256225586e+00
2.923106193542480469e+00
3.842911958694458008e+00
3.114028930664062500e+00
2.800151824951171875e+00
3.871809244155883789e+00
3.104280233383178711e+00
3.147767066955566406e+00
4.070348024368286133e+00
2.513004064559936523e+00
2.563717126846313477e+00
3.443553924560546875e+00
3.401139020919799805e+00
3.699124097824096680e+00
2.916613101959228516e+00
3.181311845779418945e+00
3.896773099899291992e+00
4.212372779846191406e+00
4.211153745651245117e+00
4.576344013214111328e+00
4.102097749710083008e+00
4.044682979583740234e+00
2.932400941848754883e+00
4.338902950286865234e+00
4.313101768493652344e+00
4.285366058349609375e+00
2.774817943572998047e+00
2.943177938461303711e+00
2.878314971923828125e+00
4.373409032821655273e+00
3.799789190292358398e+00
2.207190990447998047e+00
2.977287054061889648e+00
3.319281101226806641e+00
3.247497320175170898e+00
3.230133056640625000e+00
2.952823162078857422e+00
3.261312961578369141e+00
3.171087980270385742e+00
3.023962259292602539e+00
4.204719066619873047e+00
3.487117052078247070e+00
3.495827913284301758e+00
4.589045047760009766e+00
3.560353994369506836e+00
3.275140285491943359e+00
3.337132215499877930e+00
3.690104722976684570e+00
4.349249124526977539e+00
3.593199014663696289e+00
3.157668113708496094e+00
3.413423776626586914e+00
3.160300970077514648e+00
2.382920980453491211e+00
3.335891962051391602e+00
3.904948949813842773e+00
3.371702194213867188e+00
2.516827106475830078e+00
4.272705078125000000e+00
3.035111188888549805e+00
2.443578004837036133e+00
2.869717121124267578e+00
3.150331020355224609e+00
2.892866134643554688e+00
2.823539972305297852e+00
3.465389966964721680e+00
2.571575880050659180e+00
3.941461086273193359e+00
3.994456052780151367e+00
2.986160039901733398e+00
2.661967039108276367e+00
3.674226999282836914e+00
2.565984964370727539e+00
4.958197832107543945e+00
2.874223232269287109e+00
2.795171976089477539e+00
4.729416131973266602e+00
3.733384132385253906e+00
3.365942955017089844e+00
2.621472835540771484e+00
4.036332130432128906e+00
2.992379188537597656e+00
3.262400865554809570e+00
2.796179056167602539e+00
3.166795969009399414e+00
3.546103954315185547e+00
3.556893110275268555e+00
3.781230926513671875e+00
2.912183046340942383e+00
3.191815376281738281e+00
3.158633232116699219e+00
3.966150999069213867e+00
4.022588014602661133e+00
2.924615859985351562e+00
2.883331060409545898e+00
4.106909990310668945e+00
3.924440145492553711e+00
3.189805030822753906e+00
3.170739173889160156e+00
2.980807781219482422e+00
3.675860881805419922e+00
3.393579006195068359e+00
3.303935050964355469e+00
2.573617935180664062e+00
3.378728866577148438e+00
3.192036151885986328e+00
3.998495101928710938e+00
3.035000801086425781e+00
3.816211938858032227e+00
3.275032043457031250e+00
4.338405132293701172e+00
3.667216062545776367e+00
3.284871816635131836e+00
3.550056934356689453e+00
3.552715063095092773e+00
3.949176073074340820e+00
4.408854961395263672e+00
4.279858827590942383e+00
4.030756950378417969e+00
3.677317857742309570e+00
3.306279897689819336e+00
3.714761972427368164e+00
3.670798063278198242e+00
3.361527919769287109e+00
2.953114748001098633e+00
2.721231937408447266e+00
3.513976812362670898e+00
3.101396083831787109e+00
3.535686016082763672e+00
3.223910093307495117e+00
3.178641319274902344e+00
3.058324098587036133e+00
3.705639123916625977e+00
3.515343189239501953e+00
2.627434968948364258e+00
2.520627975463867188e+00
4.036700010299682617e+00
2.990633964538574219e+00
4.063114166259765625e+00
3.285274028778076172e+00
2.773461818695068359e+00
3.258805990219116211e+00
4.166717052459716797e+00
3.148442029953002930e+00
2.707145214080810547e+00
3.135888338088989258e+00
2.899528741836547852e+00
3.496240139007568359e+00
3.408311843872070312e+00
3.471124172210693359e+00
3.346421003341674805e+00
3.414634943008422852e+00
3.468317985534667969e+00
2.815121889114379883e+00
4.028734922409057617e+00
3.318681716918945312e+00
4.118860960006713867e+00
3.995837926864624023e+00
3.875110149383544922e+00
2.754641294479370117e+00
4.199201107025146484e+00
3.739072084426879883e+00
3.485267877578735352e+00
2.653054952621459961e+00
4.321113824844360352e+00
3.722107887268066406e+00
3.523226022720336914e+00
3.020907163619995117e+00
3.490761995315551758e+00
3.942321777343750000e+00
3.534407138824462891e+00
3.941986083984375000e+00
5.036890268325805664e+00
2.645451068878173828e+00
3.721174001693725586e+00
3.462723016738891602e+00
3.527846097946166992e+00
3.820847988128662109e+00
3.227440118789672852e+00
2.674024820327758789e+00
3.735346078872680664e+00
3.951602935791015625e+00
4.430245161056518555e+00
2.677315950393676758e+00
3.827432870864868164e+00
4.450391054153442383e+00
2.987218141555786133e+00
4.125916004180908203e+00
3.030532121658325195e+00
3.532295942306518555e+00
3.621644020080566406e+00
4.493899822235107422e+00
2.343637228012084961e+00
3.253268003463745117e+00
2.824630022048950195e+00
4.618807077407836914e+00
2.912431001663208008e+00
2.637263774871826172e+00
2.916033983230590820e+00
3.071755647659301758e+00
2.653171777725219727e+00
2.995913267135620117e+00
2.829475879669189453e+00
2.817318916320800781e+00
2.760257005691528320e+00
3.898900985717773438e+00
2.939876079559326172e+00
3.374671220779418945e+00
2.787104129791259766e+00
3.213636159896850586e+00
2.834884166717529297e+00
3.214597940444946289e+00
3.330394744873046875e+00
3.050771951675415039e+00
2.974614143371582031e+00
2.995107173919677734e+00
2.958592176437377930e+00
3.300913333892822266e+00
3.374133110046386719e+00
2.358125209808349609e+00
3.228553056716918945e+00
4.149899959564208984e+00
4.192028999328613281e+00
2.815986871719360352e+00
3.543797969818115234e+00
1.818293809890747070e+00
3.033441066741943359e+00
2.558035850524902344e+00
2.573030233383178711e+00
3.315000772476196289e+00
2.664653062820434570e+00
3.221458911895751953e+00
2.773389101028442383e+00
3.064861297607421875e+00
3.834671258926391602e+00
2.761849880218505859e+00
3.689910888671875000e+00
3.144632101058959961e+00
2.568060159683227539e+00
2.750355005264282227e+00
3.172400951385498047e+00
3.489620923995971680e+00
3.169507980346679688e+00
3.675587892532348633e+00
3.027101993560791016e+00
2.407434940338134766e+00
3.442270994186401367e+00
3.567699909210205078e+00
3.146728277206420898e+00
3.843076705932617188e+00
2.888822078704833984e+00
4.090301036834716797e+00
3.193948984146118164e+00
2.512670993804931641e+00
3.647697925567626953e+00
3.845792055130004883e+00
5.061005830764770508e+00
3.705906867980957031e+00
3.570083618164062500e+00
3.656228065490722656e+00
3.905503988265991211e+00
3.148323774337768555e+00
3.221117258071899414e+00
3.266113996505737305e+00
3.982709169387817383e+00
3.751706123352050781e+00
3.874001741409301758e+00
3.456073284149169922e+00
3.783441781997680664e+00
2.967417955398559570e+00
2.319288253784179688e+00
2.932015895843505859e+00
4.185225248336791992e+00
3.431962966918945312e+00
3.060136079788208008e+00
2.935872077941894531e+00
2.890181779861450195e+00
4.277027845382690430e+00
3.940649032592773438e+00
3.049484014511108398e+00
2.749021291732788086e+00
3.687143802642822266e+00
3.195375204086303711e+00
2.459221124649047852e+00
3.083222627639770508e+00
3.252209186553955078e+00
2.789080142974853516e+00
3.088746309280395508e+00
3.808061838150024414e+00
2.951527357101440430e+00
4.438195943832397461e+00
2.997734069824218750e+00
3.807399272918701172e+00
3.128189802169799805e+00
4.127145051956176758e+00
3.730661869049072266e+00
4.368988752365112305e+00
3.063653945922851562e+00
3.380748033523559570e+00
3.242150306701660156e+00
4.119250059127807617e+00
3.444153785705566406e+00
4.764039993286132812e+00
3.032778978347778320e+00
2.959396123886108398e+00
3.947608947753906250e+00
2.874502897262573242e+00
3.617487907409667969e+00
3.066406965255737305e+00
3.065490007400512695e+00
3.453367710113525391e+00
3.233150959014892578e+00
4.334874153137207031e+00
3.760964870452880859e+00
2.995791673660278320e+00
3.345338106155395508e+00
3.000950813293457031e+00
3.175119161605834961e+00
2.841503858566284180e+00
2.779545783996582031e+00
3.543968915939331055e+00
3.231469869613647461e+00
3.128043174743652344e+00
3.315420866012573242e+00
3.725285053253173828e+00
2.897836923599243164e+00
4.104718923568725586e+00
4.518694877624511719e+00
3.505012989044189453e+00
4.111999988555908203e+00
3.937366962432861328e+00
3.529586076736450195e+00
4.562288761138916016e+00
3.917560100555419922e+00
3.705688953399658203e+00
4.334382772445678711e+00
2.583304882049560547e+00
3.786735296249389648e+00
3.264757871627807617e+00
3.260032176971435547e+00
4.436156988143920898e+00
4.456124305725097656e+00
4.227066755294799805e+00
3.468643188476562500e+00
5.325323104858398438e+00
3.550324916839599609e+00
3.202902078628540039e+00
4.578406810760498047e+00
3.220451116561889648e+00
3.780400037765502930e+00
3.195824861526489258e+00
3.324271202087402344e+00
3.533538818359375000e+00
3.094523906707763672e+00
3.964182138442993164e+00
3.172451019287109375e+00
3.313662052154541016e+00
4.318617105484008789e+00
4.057756185531616211e+00
5.038353919982910156e+00
3.545688152313232422e+00
3.708754062652587891e+00
3.511448860168457031e+00
3.546113967895507812e+00
2.806747913360595703e+00
3.776343822479248047e+00
4.365147113800048828e+00
3.552185058593750000e+00
3.304950952529907227e+00
3.214205980300903320e+00
3.261295795440673828e+00
4.634376764297485352e+00
3.341342926025390625e+00
3.991456985473632812e+00
3.665327787399291992e+00
3.671508073806762695e+00
3.710261106491088867e+00
3.452319145202636719e+00
3.790776968002319336e+00
3.772207736968994141e+00
3.870373964309692383e+00
5.347301006317138672e+00
3.640578031539916992e+00
3.828273057937622070e+00
3.878830194473266602e+00
2.838663816452026367e+00
3.031745910644531250e+00
3.366333007812500000e+00
3.423395872116088867e+00
3.632246017456054688e+00
3.389501094818115234e+00
4.596148967742919922e+00
4.046355247497558594e+00
3.026247024536132812e+00
3.900444746017456055e+00
3.171503067016601562e+00
3.676173210144042969e+00
3.422127962112426758e+00
4.294080018997192383e+00
3.502933025360107422e+00
3.863690853118896484e+00
2.269928932189941406e+00
4.003362178802490234e+00
3.439612150192260742e+00
3.732186079025268555e+00
3.633162975311279297e+00
3.647743940353393555e+00
3.815973281860351562e+00
4.281697988510131836e+00
3.689518928527832031e+00
3.699310064315795898e+00
2.426301956176757812e+00
3.904963970184326172e+00
3.037297964096069336e+00
3.730142831802368164e+00
3.925241231918334961e+00
4.314909934997558594e+00
3.218429088592529297e+00
3.953822135925292969e+00
2.936790227890014648e+00
3.114618062973022461e+00
3.358687877655029297e+00
3.137661933898925781e+00
2.394469976425170898e+00
2.680027961730957031e+00
4.397593975067138672e+00
3.188014268875122070e+00
4.088929891586303711e+00
4.229825735092163086e+00
2.495187044143676758e+00
2.847330808639526367e+00
4.295617103576660156e+00
3.174771308898925781e+00
3.446990966796875000e+00
3.458211183547973633e+00
4.525450944900512695e+00
3.735341072082519531e+00
3.121196031570434570e+00
2.990755796432495117e+00
3.161237955093383789e+00
4.573143959045410156e+00
3.095374822616577148e+00
3.705797910690307617e+00
2.926113843917846680e+00
3.128456830978393555e+00
3.602807044982910156e+00
3.256816864013671875e+00
3.976968288421630859e+00
4.373870134353637695e+00
3.377732753753662109e+00
3.693825960159301758e+00
4.609284162521362305e+00
4.754844188690185547e+00
3.070638179779052734e+00
4.428318977355957031e+00
2.957692146301269531e+00
3.391985177993774414e+00
2.888334751129150391e+00
3.053176164627075195e+00
3.819364070892333984e+00
3.446103096008300781e+00
3.084754943847656250e+00
5.049810886383056641e+00
3.051612377166748047e+00
5.114816904067993164e+00
3.237790107727050781e+00
3.616522073745727539e+00
3.550822019577026367e+00
2.829149007797241211e+00
3.842598199844360352e+00
3.793458938598632812e+00
4.200037240982055664e+00
3.959827184677124023e+00
3.405437946319580078e+00
3.192525863647460938e+00
3.803502798080444336e+00
3.859429836273193359e+00
3.337551116943359375e+00
2.949092149734497070e+00
3.523200035095214844e+00
3.874366044998168945e+00
3.644239187240600586e+00
2.661736965179443359e+00
3.073511123657226562e+00
4.531815767288208008e+00
4.983232975006103516e+00
3.067318916320800781e+00
3.786390066146850586e+00
5.980748176574707031e+00
3.708713054656982422e+00
3.260761022567749023e+00
3.657924652099609375e+00
3.908155202865600586e+00
3.984738111495971680e+00
3.509231090545654297e+00
3.867353916168212891e+00
4.142255783081054688e+00
3.522569417953491211e+00
3.772505998611450195e+00
2.820562839508056641e+00
4.423254966735839844e+00
3.807814836502075195e+00
3.507532119750976562e+00
3.242291927337646484e+00
2.918574094772338867e+00
4.024717092514038086e+00
3.125839233398437500e+00
3.820578813552856445e+00
3.440531015396118164e+00
3.546605110168457031e+00
2.484359741210937500e+00
2.941351175308227539e+00
3.174946784973144531e+00
4.155524015426635742e+00
3.997706174850463867e+00
3.466077327728271484e+00
2.865256071090698242e+00
3.563985824584960938e+00
3.350299119949340820e+00
4.233129978179931641e+00
3.413029193878173828e+00
3.511940717697143555e+00
3.107698917388916016e+00
3.128965139389038086e+00
3.083725929260253906e+00
3.837939977645874023e+00
2.569751024246215820e+00
3.625188112258911133e+00
3.839755058288574219e+00
3.043558359146118164e+00
4.583029031753540039e+00
3.761044979095458984e+00
3.370665311813354492e+00
3.226413011550903320e+00
4.050719976425170898e+00
3.190738201141357422e+00
4.003733158111572266e+00
3.775871992111206055e+00
3.854496002197265625e+00
4.605865001678466797e+00
3.436724901199340820e+00
3.290494918823242188e+00
3.484160661697387695e+00
3.368372917175292969e+00
3.347938060760498047e+00
3.605375051498413086e+00
3.810970783233642578e+00
4.713276863098144531e+00
3.247688055038452148e+00
3.893939018249511719e+00
3.747922897338867188e+00
3.874200105667114258e+00
3.655961990356445312e+00
2.981462717056274414e+00
3.396916151046752930e+00
4.007312774658203125e+00
3.081756830215454102e+00
4.264434814453125000e+00
3.761466026306152344e+00
3.887567996978759766e+00
3.730439901351928711e+00
4.323271036148071289e+00
4.073590040206909180e+00
2.427289009094238281e+00
3.799519062042236328e+00
3.691813945770263672e+00
4.229072093963623047e+00
4.415671110153198242e+00
3.943201780319213867e+00
4.166424036026000977e+00
3.774713039398193359e+00
3.353289842605590820e+00
4.054242610931396484e+00
4.100202322006225586e+00
4.203223228454589844e+00
2.583796024322509766e+00
3.980663061141967773e+00
5.321925163269042969e+00
4.101147890090942383e+00
4.117436885833740234e+00
4.613500833511352539e+00
2.819794178009033203e+00
3.332637786865234375e+00
3.359385967254638672e+00
3.638093948364257812e+00
3.363131046295166016e+00
4.155769109725952148e+00
2.843181848526000977e+00
3.089300155639648438e+00
3.455663204193115234e+00
4.053155183792114258e+00
4.480410099029541016e+00
4.195770025253295898e+00
4.837763071060180664e+00
3.066860198974609375e+00
4.596909046173095703e+00
3.674784898757934570e+00
3.134520053863525391e+00
3.357912063598632812e+00
3.280247926712036133e+00
4.331783294677734375e+00
3.809769868850708008e+00
3.795837879180908203e+00
4.421746969223022461e+00
3.848062992095947266e+00
3.475362062454223633e+00
3.528692960739135742e+00
4.714812040328979492e+00
3.970687150955200195e+00
4.239575862884521484e+00
4.374348163604736328e+00
4.423907756805419922e+00
4.730605125427246094e+00
4.180233955383300781e+00
4.256545782089233398e+00
4.831190109252929688e+00
3.689249992370605469e+00
4.255037784576416016e+00
4.487499952316284180e+00
3.909268140792846680e+00
4.230582714080810547e+00
3.978224992752075195e+00
5.007745027542114258e+00
4.768758058547973633e+00
3.029131650924682617e+00
4.803537845611572266e+00
3.355938196182250977e+00
4.683898687362670898e+00
4.401382923126220703e+00
3.966244935989379883e+00
4.590367078781127930e+00
4.497828006744384766e+00
4.139514923095703125e+00
5.608801126480102539e+00
3.978244781494140625e+00
4.941937923431396484e+00
5.284228801727294922e+00
5.639627933502197266e+00
3.045180082321166992e+00
5.044568061828613281e+00
4.791249990463256836e+00
4.912511110305786133e+00
3.194683074951171875e+00
4.797784090042114258e+00
4.899125099182128906e+00
4.356127977371215820e+00
4.155780076980590820e+00
4.358760118484497070e+00
4.483959913253784180e+00
4.782903671264648438e+00
4.939665794372558594e+00
4.848496675491333008e+00
4.245130777359008789e+00
3.857802391052246094e+00
5.289622068405151367e+00
3.915506124496459961e+00
4.449877977371215820e+00
3.829857110977172852e+00
4.076436996459960938e+00
5.300286054611206055e+00
3.980566024780273438e+00
3.929417133331298828e+00
5.043071031570434570e+00
5.113554000854492188e+00
4.267942905426025391e+00
4.050609827041625977e+00
3.829434871673583984e+00
4.275549888610839844e+00
3.446342945098876953e+00
4.027512073516845703e+00
4.986362934112548828e+00
4.687597751617431641e+00
4.655411958694458008e+00
4.040982007980346680e+00
4.780164003372192383e+00
4.595684766769409180e+00
3.380216121673583984e+00
3.593555927276611328e+00
3.021118879318237305e+00
2.870256185531616211e+00
3.739645004272460938e+00
4.088248968124389648e+00
4.419592142105102539e+00
4.435018062591552734e+00
3.499208927154541016e+00
3.532322883605957031e+00
5.589148998260498047e+00
3.778074026107788086e+00
3.055936813354492188e+00
5.501034021377563477e+00
5.798181772232055664e+00
3.855837106704711914e+00
4.839631080627441406e+00
4.055370092391967773e+00
5.866747856140136719e+00
5.756063938140869141e+00
4.755325317382812500e+00
3.783101081848144531e+00
5.949116230010986328e+00
5.831993103027343750e+00
3.282988071441650391e+00
4.004777193069458008e+00
4.543996095657348633e+00
3.168228864669799805e+00
3.800529956817626953e+00
3.621622085571289062e+00
2.994857072830200195e+00
3.237553834915161133e+00
3.483253955841064453e+00
3.241248846054077148e+00
3.396145105361938477e+00
3.251696825027465820e+00
4.158651828765869141e+00
4.563714027404785156e+00
3.812989950180053711e+00
5.970809221267700195e+00
4.375454902648925781e+00
4.065760850906372070e+00
4.038013935089111328e+00
3.208535909652709961e+00
3.895989894866943359e+00
4.688894987106323242e+00
4.400245189666748047e+00
4.371870756149291992e+00
3.828555107116699219e+00
4.398190021514892578e+00
4.227135896682739258e+00
4.352450847625732422e+00
2.799993753433227539e+00
4.191028833389282227e+00
4.252834081649780273e+00
4.861778020858764648e+00
3.370022058486938477e+00
3.924827814102172852e+00
4.345585823059082031e+00
4.494875192642211914e+00
3.657125949859619141e+00
3.566832065582275391e+00
3.023005962371826172e+00
3.031826972961425781e+00
3.181020975112915039e+00
3.096448898315429688e+00
3.131236076354980469e+00
3.056092023849487305e+00
3.576392889022827148e+00
3.392834663391113281e+00
3.190679073333740234e+00
3.501800060272216797e+00
3.042569398880004883e+00
2.822727918624877930e+00
4.044061899185180664e+00
3.784276008605957031e+00
3.154719114303588867e+00
3.738116025924682617e+00
2.947981834411621094e+00
2.664347887039184570e+00
3.726874113082885742e+00
3.348561286926269531e+00
4.154322147369384766e+00
4.434847116470336914e+00
3.600008964538574219e+00
2.912986278533935547e+00
4.222245216369628906e+00
2.573364019393920898e+00
4.149575948715209961e+00
3.243427991867065430e+00
4.872429132461547852e+00
3.725657939910888672e+00
4.849549055099487305e+00
3.785261154174804688e+00
2.824293851852416992e+00
3.426458835601806641e+00
2.396965980529785156e+00
3.159096002578735352e+00
2.804295063018798828e+00
3.267632722854614258e+00
5.502054929733276367e+00
3.380286931991577148e+00
4.022174835205078125e+00
3.711987018585205078e+00
2.971456050872802734e+00
2.121521949768066406e+00
3.434350967407226562e+00
4.482044935226440430e+00
2.871444940567016602e+00
2.496193885803222656e+00
3.910136222839355469e+00
4.884071111679077148e+00
4.102711915969848633e+00
4.190173864364624023e+00
3.692339897155761719e+00
3.843609809875488281e+00
3.614864349365234375e+00
4.639044284820556641e+00
2.666694879531860352e+00
4.313220024108886719e+00
5.058130979537963867e+00
2.289700031280517578e+00
2.382745981216430664e+00
3.726311922073364258e+00
4.535162210464477539e+00
2.737365961074829102e+00
3.615205049514770508e+00
3.495517969131469727e+00
3.287886142730712891e+00
3.369220018386840820e+00
3.433278083801269531e+00
2.434672832489013672e+00
3.012307882308959961e+00
2.851692914962768555e+00
4.282776117324829102e+00
2.972259044647216797e+00
4.280416727066040039e+00
3.428416967391967773e+00
3.348001956939697266e+00
2.672534227371215820e+00
4.957895040512084961e+00
2.332900047302246094e+00
2.726192951202392578e+00
2.087332725524902344e+00
2.903729915618896484e+00
3.348485231399536133e+00
2.537133216857910156e+00
2.258999109268188477e+00
3.001160144805908203e+00
2.926494836807250977e+00
3.074995040893554688e+00
2.448909044265747070e+00
2.475828886032104492e+00
3.177196025848388672e+00
2.566019058227539062e+00
3.266946077346801758e+00
3.667173147201538086e+00
3.147419929504394531e+00
2.538095951080322266e+00
3.195464134216308594e+00
2.607529163360595703e+00
3.347196817398071289e+00
2.846570968627929688e+00
4.295323848724365234e+00
2.095538854598999023e+00
4.132843971252441406e+00
2.958969116210937500e+00
3.772284984588623047e+00
4.028153896331787109e+00
3.810711145401000977e+00
2.702125072479248047e+00
2.739656925201416016e+00
3.055259943008422852e+00
3.211401939392089844e+00
2.803783893585205078e+00
4.595266580581665039e+00
4.564229249954223633e+00
3.332826137542724609e+00
4.709437131881713867e+00
3.093950986862182617e+00
2.744817972183227539e+00
4.073005914688110352e+00
3.239708900451660156e+00
2.995245695114135742e+00
2.741069078445434570e+00
2.447574138641357422e+00
2.684604883193969727e+00
3.212984085083007812e+00
3.364075899124145508e+00
2.527447938919067383e+00
3.507303953170776367e+00
3.081820011138916016e+00
2.754816055297851562e+00
3.487493038177490234e+00
2.721275091171264648e+00
2.806071996688842773e+00
3.263173103332519531e+00
3.116211891174316406e+00
3.393657207489013672e+00
3.048007726669311523e+00
3.058985948562622070e+00
2.713319063186645508e+00
2.748189926147460938e+00
2.946947813034057617e+00
2.684084892272949219e+00
2.709822893142700195e+00
3.060843944549560547e+00
2.758443117141723633e+00
2.796370267868041992e+00
3.177223920822143555e+00
3.239687204360961914e+00
3.263644933700561523e+00
3.234575271606445312e+00
3.292634725570678711e+00
3.597586870193481445e+00
2.132755994796752930e+00
3.613015890121459961e+00
2.107715845108032227e+00
3.569022178649902344e+00
3.052088260650634766e+00
3.759172201156616211e+00
3.407403945922851562e+00
3.415024042129516602e+00
3.443276643753051758e+00
3.003271818161010742e+00
3.196780920028686523e+00
2.727151155471801758e+00
2.722867965698242188e+00
2.821502923965454102e+00
3.100259780883789062e+00
3.793038129806518555e+00
3.019214153289794922e+00
2.544572830200195312e+00
3.148060083389282227e+00
2.547106027603149414e+00
2.913358926773071289e+00
3.033252716064453125e+00
2.883713006973266602e+00
3.226747989654541016e+00
3.336885929107666016e+00
3.108240127563476562e+00
2.770349025726318359e+00
3.069695949554443359e+00
2.803169012069702148e+00
3.247242927551269531e+00
3.047864198684692383e+00
3.032493114471435547e+00
2.693001985549926758e+00
3.243684053421020508e+00
3.330989122390747070e+00
2.856460094451904297e+00
2.970165967941284180e+00
3.681633710861206055e+00
3.494861125946044922e+00
3.003563880920410156e+00
2.757329940795898438e+00
3.685360908508300781e+00
3.189934253692626953e+00
3.342845916748046875e+00
3.928998947143554688e+00
3.065758943557739258e+00
3.639120817184448242e+00
3.862109184265136719e+00
3.876733064651489258e+00
3.901779413223266602e+00
3.814560651779174805e+00
2.824779987335205078e+00
3.650812864303588867e+00
4.026134014129638672e+00
3.038080930709838867e+00
3.256209850311279297e+00
2.866634130477905273e+00
3.702047109603881836e+00
4.044887065887451172e+00
3.771161794662475586e+00
3.396116971969604492e+00
3.797053813934326172e+00
3.675395011901855469e+00
2.950363874435424805e+00
2.957685947418212891e+00
3.763878822326660156e+00
3.932383298873901367e+00
3.115401983261108398e+00
3.966351985931396484e+00
4.628359794616699219e+00
3.535459280014038086e+00
3.929620027542114258e+00
3.409853935241699219e+00
2.922785997390747070e+00
2.964890241622924805e+00
4.020086050033569336e+00
4.152133941650390625e+00
3.719684839248657227e+00
4.432391881942749023e+00
3.519294977188110352e+00
2.976046085357666016e+00
3.197463035583496094e+00
3.107720851898193359e+00
3.272742986679077148e+00
3.323599100112915039e+00
3.440619230270385742e+00
3.456544160842895508e+00
3.749378204345703125e+00
2.957210779190063477e+00
3.955291986465454102e+00
4.409597158432006836e+00
2.980882167816162109e+00
2.874509811401367188e+00
3.231696844100952148e+00
3.790274143218994141e+00
3.536718845367431641e+00
3.328231096267700195e+00
3.142091035842895508e+00
2.781514883041381836e+00
3.161610603332519531e+00
3.300142049789428711e+00
4.111426115036010742e+00
4.078172922134399414e+00
2.891337156295776367e+00
4.075677394866943359e+00
3.585397958755493164e+00
3.668661117553710938e+00
3.576203107833862305e+00
3.053204059600830078e+00
3.956158876419067383e+00
3.979189872741699219e+00
4.830919265747070312e+00
2.921370029449462891e+00
3.791924953460693359e+00
3.587954044342041016e+00
4.068207979202270508e+00
3.896116018295288086e+00
3.719490051269531250e+00
3.727673768997192383e+00
3.242928981781005859e+00
4.302036285400390625e+00
3.735785007476806641e+00
3.611327171325683594e+00
4.027701854705810547e+00
3.208094120025634766e+00
3.768077135086059570e+00
3.166538715362548828e+00
3.158112049102783203e+00
4.243609189987182617e+00
3.203511953353881836e+00
3.783698081970214844e+00
4.186147928237915039e+00
4.404599189758300781e+00
3.410030841827392578e+00
3.370007038116455078e+00
4.547427177429199219e+00
4.009310007095336914e+00
4.265867233276367188e+00
3.505622863769531250e+00
4.988944053649902344e+00
3.972138404846191406e+00
4.128155946731567383e+00
3.920309066772460938e+00
4.473229885101318359e+00
5.270869016647338867e+00
3.451834917068481445e+00
3.479864120483398438e+00
3.430146932601928711e+00
4.555819988250732422e+00
4.748486757278442383e+00
4.416265010833740234e+00
4.084741830825805664e+00
4.078922033309936523e+00
5.412868022918701172e+00
3.511475086212158203e+00
4.241794109344482422e+00
4.887068986892700195e+00
3.657831907272338867e+00
3.683315992355346680e+00
3.613138914108276367e+00
3.738764047622680664e+00
2.595627069473266602e+00
4.063790082931518555e+00
4.687105894088745117e+00
3.033041715621948242e+00
3.050452947616577148e+00
4.060317993164062500e+00
4.207547187805175781e+00
3.141610145568847656e+00
5.047839879989624023e+00
4.664108037948608398e+00
3.763328075408935547e+00
4.665032148361206055e+00
3.527224779129028320e+00
4.355484008789062500e+00
3.457643985748291016e+00
3.868628025054931641e+00
4.095909833908081055e+00
4.819855213165283203e+00
2.363702058792114258e+00
3.965016126632690430e+00
2.384972095489501953e+00
3.578794002532958984e+00
3.688052892684936523e+00
3.547294139862060547e+00
2.413305044174194336e+00
4.007148981094360352e+00
3.362460136413574219e+00
3.427166938781738281e+00
3.722692012786865234e+00
2.747155904769897461e+00
3.875579833984375000e+00
3.505543231964111328e+00
3.787616968154907227e+00
2.955839157104492188e+00
3.654214143753051758e+00
5.019305944442749023e+00
3.700642824172973633e+00
2.875061035156250000e+00
4.130243062973022461e+00
3.685705900192260742e+00
4.311532020568847656e+00
3.898084163665771484e+00
3.844390153884887695e+00
2.951724767684936523e+00
3.886708974838256836e+00
3.373823165893554688e+00
4.091368913650512695e+00
3.532068014144897461e+00
3.952809810638427734e+00
3.480588197708129883e+00
2.720467805862426758e+00
3.902179956436157227e+00
3.314180850982666016e+00
2.760263919830322266e+00
3.643950939178466797e+00
3.824095964431762695e+00
3.837860822677612305e+00
4.110410928726196289e+00
4.141854047775268555e+00
4.552373886108398438e+00
3.387237071990966797e+00
3.718137979507446289e+00
4.404957771301269531e+00
4.142256259918212891e+00
4.079634904861450195e+00
3.806792259216308594e+00
4.145521163940429688e+00
3.488831996917724609e+00
2.456418037414550781e+00
4.594553947448730469e+00
2.487400054931640625e+00
4.046190977096557617e+00
3.610308170318603516e+00
4.514596939086914062e+00
4.285933017730712891e+00
2.926902055740356445e+00
3.943168163299560547e+00
4.029376983642578125e+00
3.785070180892944336e+00
3.633984088897705078e+00
4.310063838958740234e+00
3.736415863037109375e+00
4.833553791046142578e+00
4.369533777236938477e+00
4.833311080932617188e+00
4.852653026580810547e+00
4.531421184539794922e+00
4.355353832244873047e+00
4.274356126785278320e+00
4.916674852371215820e+00
3.912210941314697266e+00
3.365424156188964844e+00
4.442239999771118164e+00
3.618132829666137695e+00
4.042222976684570312e+00
4.506715059280395508e+00
3.377210855484008789e+00
3.242072105407714844e+00
3.444654226303100586e+00
3.466675043106079102e+00
3.423067808151245117e+00
4.711264848709106445e+00
2.873241901397705078e+00
3.427551984786987305e+00
3.446701049804687500e+00
3.417044162750244141e+00
3.577132940292358398e+00
3.888513803482055664e+00
2.774517059326171875e+00
3.253063917160034180e+00
3.631470680236816406e+00
3.697805643081665039e+00
3.486190080642700195e+00
4.603484153747558594e+00
4.405092954635620117e+00
3.724703788757324219e+00
3.185187101364135742e+00
3.559859037399291992e+00
4.445263147354125977e+00
3.670889854431152344e+00
3.876234054565429688e+00
3.483659982681274414e+00
3.707416057586669922e+00
3.882484912872314453e+00
4.970797061920166016e+00
2.832494020462036133e+00
2.678035020828247070e+00
3.848075151443481445e+00
3.952461957931518555e+00
3.734055280685424805e+00
3.588336944580078125e+00
3.984344244003295898e+00
2.918519020080566406e+00
4.842293024063110352e+00
3.083042860031127930e+00
2.885214805603027344e+00
3.328205108642578125e+00
3.169630050659179688e+00
3.787734031677246094e+00
2.685353994369506836e+00
4.331517934799194336e+00
3.528302669525146484e+00
4.311712980270385742e+00
4.347355842590332031e+00
3.147580146789550781e+00
3.821561098098754883e+00
3.381363153457641602e+00
3.891319751739501953e+00
3.874737262725830078e+00
3.511682987213134766e+00
3.924461126327514648e+00
3.957963228225708008e+00
3.283828973770141602e+00
2.948238849639892578e+00
3.726542711257934570e+00
3.260586977005004883e+00
3.453938245773315430e+00
4.363318920135498047e+00
3.753756046295166016e+00
3.764698982238769531e+00
4.014702081680297852e+00
2.899083137512207031e+00
3.352612018585205078e+00
3.005384922027587891e+00
4.159086704254150391e+00
2.919299125671386719e+00
3.131479024887084961e+00
4.184318065643310547e+00
3.724937200546264648e+00
3.744086027145385742e+00
3.273767948150634766e+00
3.697890996932983398e+00
3.507729291915893555e+00
3.244318008422851562e+00
3.521862983703613281e+00
3.359631061553955078e+00
4.136893987655639648e+00
4.004827737808227539e+00
4.306133031845092773e+00
3.656141042709350586e+00
4.269876956939697266e+00
3.647270917892456055e+00
4.074712991714477539e+00
4.145296812057495117e+00
3.841064929962158203e+00
3.224428176879882812e+00
3.797080039978027344e+00
3.842050075531005859e+00
4.080216169357299805e+00
4.302051067352294922e+00
3.786669731140136719e+00
3.268355846405029297e+00
3.379870891571044922e+00
3.564899921417236328e+00
2.803457975387573242e+00
3.918960809707641602e+00
3.538382768630981445e+00
3.708459854125976562e+00
3.605314016342163086e+00
3.977624177932739258e+00
4.088351249694824219e+00
4.148248910903930664e+00
4.019279718399047852e+00
4.400081872940063477e+00
3.914020776748657227e+00
3.621592044830322266e+00
3.587934970855712891e+00
2.675121068954467773e+00
4.198100090026855469e+00
4.115150928497314453e+00
4.067384719848632812e+00
4.097143888473510742e+00
4.592485904693603516e+00
3.372773885726928711e+00
4.001889228820800781e+00
4.699967145919799805e+00
4.048584938049316406e+00
4.118860721588134766e+00
4.298565149307250977e+00
4.348730087280273438e+00
3.449918985366821289e+00
3.876098871231079102e+00
3.002523183822631836e+00
3.377425193786621094e+00
4.361765146255493164e+00
4.367691755294799805e+00
3.011859893798828125e+00
2.970850229263305664e+00
4.289112091064453125e+00
2.907214164733886719e+00
2.804039955139160156e+00
3.061955928802490234e+00
4.735158205032348633e+00
3.542836904525756836e+00
4.427865982055664062e+00
2.609102010726928711e+00
3.413484811782836914e+00
4.023509979248046875e+00
4.570819139480590820e+00
3.276630878448486328e+00
3.273355007171630859e+00
3.539743900299072266e+00
4.559826850891113281e+00
4.127365827560424805e+00
3.635557174682617188e+00
3.585577964782714844e+00
3.984881877899169922e+00
3.632997035980224609e+00
3.139487981796264648e+00
3.020352840423583984e+00
3.497880935668945312e+00
3.098109006881713867e+00
3.538457155227661133e+00
4.359721183776855469e+00
3.092327833175659180e+00
3.665791034698486328e+00
3.427726745605468750e+00
3.146051168441772461e+00
3.166648149490356445e+00
3.597528219223022461e+00
3.895761728286743164e+00
3.341182947158813477e+00
3.661104917526245117e+00
2.966630935668945312e+00
3.112486839294433594e+00
3.446932077407836914e+00
3.825935125350952148e+00
2.611144781112670898e+00
2.952368021011352539e+00
3.266554832458496094e+00
2.149271011352539062e+00
3.914389848709106445e+00
5.417389631271362305e+00
3.597532272338867188e+00
3.408269166946411133e+00
2.940982818603515625e+00
4.379775047302246094e+00
4.510041236877441406e+00
4.384827852249145508e+00
3.342446804046630859e+00
3.151736974716186523e+00
3.072407960891723633e+00
3.037431001663208008e+00
3.120651960372924805e+00
3.443798780441284180e+00
4.020853042602539062e+00
3.572579860687255859e+00
3.847713232040405273e+00
3.503261089324951172e+00
3.252479076385498047e+00
5.528144836425781250e+00
3.582231044769287109e+00
2.528145074844360352e+00
4.048170804977416992e+00
4.239446878433227539e+00
1.877134799957275391e+00
2.786434173583984375e+00
2.935775995254516602e+00
4.746658802032470703e+00
3.382175922393798828e+00
3.799262046813964844e+00
3.852387189865112305e+00
4.451345920562744141e+00
4.112133026123046875e+00
5.100144863128662109e+00
2.909944057464599609e+00
3.667145967483520508e+00
3.469876050949096680e+00
3.118129968643188477e+00
3.374148130416870117e+00
3.313746929168701172e+00
3.633492231369018555e+00
3.790415048599243164e+00
3.864799976348876953e+00
3.503552913665771484e+00
3.544354200363159180e+00
3.635714054107666016e+00
3.761187791824340820e+00
3.948392868041992188e+00
4.392076969146728516e+00
4.856832027435302734e+00
3.097796916961669922e+00
3.436100959777832031e+00
4.153958082199096680e+00
4.420866966247558594e+00
3.398597717285156250e+00
2.416995048522949219e+00
3.076304674148559570e+00
2.590152978897094727e+00
3.271883964538574219e+00
3.421662092208862305e+00
3.959707021713256836e+00
3.221625089645385742e+00
3.229243040084838867e+00
3.374852180480957031e+00
3.607902050018310547e+00
3.522099256515502930e+00
3.323149204254150391e+00
4.876820802688598633e+00
2.675318002700805664e+00
3.886868953704833984e+00
3.910816907882690430e+00
3.395617961883544922e+00
2.880447149276733398e+00
3.390804052352905273e+00
3.582294940948486328e+00
3.488523006439208984e+00
4.070903062820434570e+00
3.703753948211669922e+00
2.946360111236572266e+00
3.639502048492431641e+00
3.623658180236816406e+00
4.729050159454345703e+00
4.076405048370361328e+00
3.820720195770263672e+00
4.422627210617065430e+00
2.995532035827636719e+00
4.641916751861572266e+00
3.024204969406127930e+00
2.687218189239501953e+00
3.082129001617431641e+00
3.050896883010864258e+00
3.117239713668823242e+00
2.931701898574829102e+00
3.833576917648315430e+00
3.081947803497314453e+00
4.449318885803222656e+00
3.966298103332519531e+00
4.229148864746093750e+00
3.042477607727050781e+00
3.025110960006713867e+00
2.729419946670532227e+00
2.732344865798950195e+00
3.193553924560546875e+00
2.562555074691772461e+00
3.836893320083618164e+00
2.754537343978881836e+00
2.951926946640014648e+00
2.910035848617553711e+00
3.331654787063598633e+00
2.782077789306640625e+00
4.040624856948852539e+00
2.802736282348632812e+00
3.182513236999511719e+00
2.683511018753051758e+00
2.846511125564575195e+00
2.752360105514526367e+00
3.042938232421875000e+00
2.066192865371704102e+00
3.476175785064697266e+00
2.843459844589233398e+00
3.438059091567993164e+00
2.619168996810913086e+00
3.359356880187988281e+00
3.013193130493164062e+00
3.403515100479125977e+00
3.355802059173583984e+00
3.105351924896240234e+00
3.032400846481323242e+00
3.133050203323364258e+00
3.263455867767333984e+00
2.215111017227172852e+00
3.308953762054443359e+00
3.622663974761962891e+00
3.298263072967529297e+00
2.885933160781860352e+00
3.298799037933349609e+00
2.761793851852416992e+00
2.819110870361328125e+00
2.489959955215454102e+00
3.378523826599121094e+00
3.259398221969604492e+00
3.928534984588623047e+00
3.824363946914672852e+00
2.436043977737426758e+00
3.866755008697509766e+00
3.445121765136718750e+00
2.932060003280639648e+00
3.604434013366699219e+00
2.588191986083984375e+00
3.659761905670166016e+00
2.507655143737792969e+00
3.552194833755493164e+00
3.103864192962646484e+00
3.354831933975219727e+00
2.733669996261596680e+00
3.912939071655273438e+00
3.731734037399291992e+00
1.967322111129760742e+00
3.241121053695678711e+00
3.228214979171752930e+00
2.940632820129394531e+00
3.467853069305419922e+00
3.081669807434082031e+00
3.104807853698730469e+00
3.030157089233398438e+00
2.821623802185058594e+00
3.304029941558837891e+00
3.268571853637695312e+00
3.298114061355590820e+00
3.324744939804077148e+00
3.476670265197753906e+00
3.725785017013549805e+00
2.843483209609985352e+00
3.341819047927856445e+00
3.359713077545166016e+00
3.591219902038574219e+00
3.555114030838012695e+00
3.535030603408813477e+00
3.151193141937255859e+00
3.854926824569702148e+00
3.478061199188232422e+00
3.683628082275390625e+00
3.445842981338500977e+00
3.503280162811279297e+00
3.721259832382202148e+00
3.454604148864746094e+00
3.140107631683349609e+00
3.218716144561767578e+00
3.123039007186889648e+00
3.824913978576660156e+00
3.796912193298339844e+00
3.199634790420532227e+00
4.070275068283081055e+00
3.982882022857666016e+00
3.758543729782104492e+00
3.600930929183959961e+00
3.789287090301513672e+00
4.036628961563110352e+00
2.638086795806884766e+00
2.973432064056396484e+00
2.737034082412719727e+00
2.662785053253173828e+00
3.020778894424438477e+00
2.907876968383789062e+00
3.405974864959716797e+00
3.264860153198242188e+00
3.204332113265991211e+00
2.773347854614257812e+00
4.125123023986816406e+00
3.499852657318115234e+00
3.053025007247924805e+00
4.197983026504516602e+00
3.670819759368896484e+00
4.041053056716918945e+00
3.064889907836914062e+00
3.051682949066162109e+00
3.596679925918579102e+00
2.569075822830200195e+00
3.255948781967163086e+00
3.820456981658935547e+00
3.095245838165283203e+00
3.761603832244873047e+00
2.730007886886596680e+00
3.634850978851318359e+00
2.903755187988281250e+00
2.981460809707641602e+00
3.484029054641723633e+00
3.670549869537353516e+00
3.821882724761962891e+00
2.661627054214477539e+00
4.019443988800048828e+00
3.101512193679809570e+00
3.828068971633911133e+00
3.993834972381591797e+00
3.134670019149780273e+00
3.711899042129516602e+00
3.117782115936279297e+00
4.386410951614379883e+00
3.504823923110961914e+00
3.090578794479370117e+00
4.778237104415893555e+00
3.713879108428955078e+00
4.202761888504028320e+00
2.880338907241821289e+00
4.691475868225097656e+00
2.961941003799438477e+00
3.753401041030883789e+00
3.317470788955688477e+00
4.377387046813964844e+00
3.062904119491577148e+00
3.175947904586791992e+00
2.841037273406982422e+00
3.422893047332763672e+00
3.406833887100219727e+00
3.079893827438354492e+00
4.613142967224121094e+00
4.170683860778808594e+00
4.170627832412719727e+00
3.208050012588500977e+00
3.874210834503173828e+00
4.851449966430664062e+00
2.982017040252685547e+00
3.012780189514160156e+00
3.020549058914184570e+00
4.218472957611083984e+00
3.138724803924560547e+00
4.405869960784912109e+00
3.751084804534912109e+00
3.079087018966674805e+00
3.810964345932006836e+00
5.032599925994873047e+00
5.333885908126831055e+00
3.602601051330566406e+00
3.954112052917480469e+00
4.388166904449462891e+00
3.044582843780517578e+00
3.828559160232543945e+00
3.815811157226562500e+00
5.211908102035522461e+00
4.168456077575683594e+00
3.273361921310424805e+00
3.627973794937133789e+00
3.349508762359619141e+00
3.305068969726562500e+00
4.997348785400390625e+00
3.467298030853271484e+00
3.430754184722900391e+00
3.310621976852416992e+00
5.191938161849975586e+00
4.191092014312744141e+00
3.377599954605102539e+00
2.843354940414428711e+00
3.380167961120605469e+00
3.434370994567871094e+00
5.242351770401000977e+00
4.644366979598999023e+00
3.291880130767822266e+00
3.450499773025512695e+00
3.286658048629760742e+00
2.879467010498046875e+00
4.704742193222045898e+00
3.503928661346435547e+00
4.153584241867065430e+00
3.612611055374145508e+00
4.749166011810302734e+00
3.648260116577148438e+00
3.386091947555541992e+00
3.588432788848876953e+00
3.830766916275024414e+00
3.626014947891235352e+00
2.824458122253417969e+00
3.753104925155639648e+00
3.573462009429931641e+00
2.697900772094726562e+00
3.740256071090698242e+00
3.756258010864257812e+00
3.775449037551879883e+00
2.848024845123291016e+00
3.137487173080444336e+00
3.989882230758666992e+00
4.284170866012573242e+00
3.979630947113037109e+00
3.407786846160888672e+00
4.056282043457031250e+00
3.826895952224731445e+00
3.007562875747680664e+00
3.231244087219238281e+00
2.396816968917846680e+00
2.873862028121948242e+00
5.098464012145996094e+00
4.157130956649780273e+00
5.243937969207763672e+00
4.197324991226196289e+00
2.942769050598144531e+00
5.522067308425903320e+00
5.318279266357421875e+00
4.208612680435180664e+00
3.293277025222778320e+00
4.806985855102539062e+00
3.448648929595947266e+00
3.850011825561523438e+00
3.510121822357177734e+00
3.974597215652465820e+00
3.879839897155761719e+00
3.291803836822509766e+00
3.299715995788574219e+00
2.911842107772827148e+00
3.421339750289916992e+00
3.580773830413818359e+00
5.680495023727416992e+00
3.650599956512451172e+00
3.970773935317993164e+00
2.223598718643188477e+00
3.255988836288452148e+00
3.674621820449829102e+00
2.604908227920532227e+00
5.788601160049438477e+00
4.343918085098266602e+00
3.494144916534423828e+00
5.798662900924682617e+00
3.900165081024169922e+00
3.522108316421508789e+00
2.398774147033691406e+00
3.252872943878173828e+00
2.926347017288208008e+00
2.582026958465576172e+00
5.888923883438110352e+00
5.722544193267822266e+00
2.647706031799316406e+00
4.438514947891235352e+00
4.070952892303466797e+00
2.585191011428833008e+00
3.647180080413818359e+00
2.335577011108398438e+00
5.192860126495361328e+00
3.168413162231445312e+00
2.862131834030151367e+00
2.911722898483276367e+00
3.851426124572753906e+00
3.354659080505371094e+00
3.263113975524902344e+00
3.942502975463867188e+00
4.311321258544921875e+00
3.002151012420654297e+00
2.916500091552734375e+00
3.618339776992797852e+00
4.388734102249145508e+00
3.042776107788085938e+00
2.888341188430786133e+00
3.028556823730468750e+00
3.956185817718505859e+00
2.468864202499389648e+00
2.812185049057006836e+00
3.451991081237792969e+00
4.033506155014038086e+00
2.698400020599365234e+00
3.121316194534301758e+00
4.039102077484130859e+00
3.576303958892822266e+00
3.520448923110961914e+00
2.492225885391235352e+00
2.608228683471679688e+00
2.680321693420410156e+00
4.513357877731323242e+00
2.993903875350952148e+00
2.446235895156860352e+00
4.660031080245971680e+00
4.383491039276123047e+00
4.237302064895629883e+00
2.647075891494750977e+00
4.213658094406127930e+00
2.619263172149658203e+00
4.727166175842285156e+00
3.515892267227172852e+00
3.481072902679443359e+00
4.347537040710449219e+00
2.853969812393188477e+00
2.672459125518798828e+00
4.640818119049072266e+00
2.433535099029541016e+00
2.993257999420166016e+00
3.201812982559204102e+00
5.688201904296875000e+00
3.198702096939086914e+00
2.639800071716308594e+00
4.564136981964111328e+00
4.000670909881591797e+00
2.654023885726928711e+00
2.529161930084228516e+00
3.811433076858520508e+00
2.649236202239990234e+00
2.629705905914306641e+00
3.101542949676513672e+00
3.674692153930664062e+00
3.248852968215942383e+00
3.484184026718139648e+00
3.321336984634399414e+00
3.777173995971679688e+00
2.930105209350585938e+00
3.261114120483398438e+00
2.356207132339477539e+00
2.779573917388916016e+00
3.181318044662475586e+00
3.276663064956665039e+00
3.152155876159667969e+00
3.939503669738769531e+00
3.418630838394165039e+00
2.796392202377319336e+00
3.757005929946899414e+00
3.144003868103027344e+00
5.000102996826171875e+00
2.596024036407470703e+00
4.013785839080810547e+00
3.394286870956420898e+00
3.825393915176391602e+00
2.740632057189941406e+00
3.498553037643432617e+00
3.907184839248657227e+00
4.056388854980468750e+00
3.452523946762084961e+00
3.478684902191162109e+00
2.983789920806884766e+00
2.799158096313476562e+00
2.935493946075439453e+00
2.885041236877441406e+00
2.776525974273681641e+00
3.125992059707641602e+00
3.469190835952758789e+00
4.247135877609252930e+00
3.000872135162353516e+00
2.908645153045654297e+00
2.953147888183593750e+00
3.212275028228759766e+00
3.112782239913940430e+00
3.182802915573120117e+00
2.999581813812255859e+00
3.013083219528198242e+00
2.675073146820068359e+00
3.313385963439941406e+00
3.232914924621582031e+00
3.098300933837890625e+00
2.846984863281250000e+00
3.316336870193481445e+00
3.188395977020263672e+00
3.394730329513549805e+00
3.798683881759643555e+00
2.559500217437744141e+00
3.325151920318603516e+00
3.125128269195556641e+00
3.223156929016113281e+00
2.978840112686157227e+00
3.716794967651367188e+00
3.515464782714843750e+00
3.272695064544677734e+00
4.106829881668090820e+00
3.372243165969848633e+00
3.818968772888183594e+00
3.842852115631103516e+00
3.411103248596191406e+00
3.738325119018554688e+00
3.586853742599487305e+00
4.120169878005981445e+00
3.192953824996948242e+00
3.371517896652221680e+00
3.658999681472778320e+00
3.727573871612548828e+00
2.616237163543701172e+00
3.503876686096191406e+00
4.183869838714599609e+00
3.302244901657104492e+00
3.974534034729003906e+00
2.708947420120239258e+00
3.217185020446777344e+00
2.449590921401977539e+00
3.628441810607910156e+00
3.563915967941284180e+00
3.480375051498413086e+00
3.694925069808959961e+00
3.502061843872070312e+00
3.518234252929687500e+00
3.565443038940429688e+00
3.286432981491088867e+00
3.501148939132690430e+00
3.393365859985351562e+00
3.814287900924682617e+00
3.965223789215087891e+00
3.578289985656738281e+00
3.826348066329956055e+00
4.027379035949707031e+00
3.109359025955200195e+00
3.504687070846557617e+00
3.723052024841308594e+00
2.858357191085815430e+00
3.631656169891357422e+00
3.340490102767944336e+00
3.615759849548339844e+00
3.620683670043945312e+00
3.753642082214355469e+00
3.467654943466186523e+00
3.764436006546020508e+00
3.370319843292236328e+00
3.389003753662109375e+00
2.874894142150878906e+00
3.830745220184326172e+00
3.998445034027099609e+00
3.577209949493408203e+00
3.374205112457275391e+00
4.189311981201171875e+00
2.445458889007568359e+00
4.222423076629638672e+00
3.494435071945190430e+00
2.812177896499633789e+00
4.523627042770385742e+00
3.267291307449340820e+00
2.937065839767456055e+00
3.576845884323120117e+00
3.184555053710937500e+00
3.484340190887451172e+00
3.762905120849609375e+00
3.722283840179443359e+00
3.659412860870361328e+00
3.665699243545532227e+00
4.281929969787597656e+00
4.312300920486450195e+00
2.980003118515014648e+00
4.466425180435180664e+00
3.912409782409667969e+00
3.125861883163452148e+00
3.739518880844116211e+00
4.184333086013793945e+00
4.257223844528198242e+00
3.430343866348266602e+00
4.259040832519531250e+00
3.468816757202148438e+00
3.027053117752075195e+00
3.807024002075195312e+00
3.863137960433959961e+00
4.251405000686645508e+00
4.034748077392578125e+00
3.444402933120727539e+00
4.538106918334960938e+00
4.453451156616210938e+00
4.270881652832031250e+00
4.465764045715332031e+00
3.918472290039062500e+00
4.697005033493041992e+00
4.093760967254638672e+00
4.071331977844238281e+00
4.233448982238769531e+00
4.127444982528686523e+00
3.930765151977539062e+00
3.598027944564819336e+00
2.780419111251831055e+00
4.245391130447387695e+00
5.610216140747070312e+00
4.233102798461914062e+00
3.878756999969482422e+00
4.883025169372558594e+00
3.545466899871826172e+00
4.961938858032226562e+00
2.869157314300537109e+00
3.847822904586791992e+00
3.404965877532958984e+00
3.985736846923828125e+00
3.208241701126098633e+00
3.249347925186157227e+00
3.496522903442382812e+00
3.394758224487304688e+00
2.541477918624877930e+00
3.518987178802490234e+00
3.590499877929687500e+00
3.918662071228027344e+00
3.498543977737426758e+00
3.419225931167602539e+00
2.714924097061157227e+00
3.442335844039916992e+00
3.321999788284301758e+00
4.328111171722412109e+00
3.800853013992309570e+00
2.808065652847290039e+00
3.165200710296630859e+00
4.469336032867431641e+00
3.810013771057128906e+00
2.754997968673706055e+00
3.760201930999755859e+00
2.917776107788085938e+00
3.468235015869140625e+00
3.758491992950439453e+00
3.152278900146484375e+00
5.081920862197875977e+00
3.410976648330688477e+00
2.789673089981079102e+00
3.797091007232666016e+00
3.733172893524169922e+00
3.134039640426635742e+00
3.680764198303222656e+00
3.017306089401245117e+00
3.309178829193115234e+00
2.954032182693481445e+00
2.881877899169921875e+00
3.147173166275024414e+00
3.798285961151123047e+00
3.770716905593872070e+00
3.240632057189941406e+00
4.439480781555175781e+00
2.984039068222045898e+00
3.168220996856689453e+00
3.945184946060180664e+00
3.055097103118896484e+00
2.610523939132690430e+00
3.090999126434326172e+00
3.266937971115112305e+00
3.944913148880004883e+00
3.905490875244140625e+00
4.081384897232055664e+00
3.087663173675537109e+00
2.227295875549316406e+00
4.151141881942749023e+00
3.382661104202270508e+00
3.158007144927978516e+00
3.595560073852539062e+00
3.470188140869140625e+00
3.020097017288208008e+00
3.174331903457641602e+00
2.671881914138793945e+00
3.274379014968872070e+00
3.193979263305664062e+00
3.256560802459716797e+00
2.785543918609619141e+00
3.214478254318237305e+00
4.322625160217285156e+00
3.538487195968627930e+00
3.288588047027587891e+00
4.155370950698852539e+00
4.071361064910888672e+00
4.222416162490844727e+00
3.341800928115844727e+00
3.829323053359985352e+00
3.620631933212280273e+00
4.149661302566528320e+00
3.279050111770629883e+00
3.146625041961669922e+00
3.477413892745971680e+00
3.703689098358154297e+00
3.307348012924194336e+00
2.515743970870971680e+00
4.429368734359741211e+00
3.405624866485595703e+00
4.776761054992675781e+00
2.982049942016601562e+00
3.002743005752563477e+00
2.503951072692871094e+00
2.888662099838256836e+00
3.614491939544677734e+00
2.942654848098754883e+00
3.075173854827880859e+00
3.029175996780395508e+00
3.045582056045532227e+00
3.387544631958007812e+00
4.945574760437011719e+00
3.444993019104003906e+00
2.189701795578002930e+00
2.777525186538696289e+00
3.353245735168457031e+00
3.276973962783813477e+00
3.469199895858764648e+00
2.776634931564331055e+00
2.752952814102172852e+00
3.669000864028930664e+00
3.232692003250122070e+00
2.959802150726318359e+00
3.005714893341064453e+00
3.210729122161865234e+00
2.812805891036987305e+00
3.227507114410400391e+00
3.604064941406250000e+00
3.350025892257690430e+00
3.385104179382324219e+00
3.825974941253662109e+00
3.766489982604980469e+00
3.034287929534912109e+00
3.090656995773315430e+00
3.108148813247680664e+00
2.614516973495483398e+00
3.674731969833374023e+00
3.247422933578491211e+00
4.010890960693359375e+00
3.263839960098266602e+00
3.651257991790771484e+00
3.503594160079956055e+00
3.325730085372924805e+00
3.255926132202148438e+00
3.723916053771972656e+00
3.815031051635742188e+00
2.368674993515014648e+00
2.763577938079833984e+00
3.340123176574707031e+00
2.276190996170043945e+00
3.303925991058349609e+00
2.297438144683837891e+00
2.347774982452392578e+00
4.149820804595947266e+00
3.097835063934326172e+00
3.761388063430786133e+00
2.236144781112670898e+00
3.491557121276855469e+00
2.608846902847290039e+00
2.622256040573120117e+00
2.901626825332641602e+00
3.528091192245483398e+00
2.653303861618041992e+00
2.887260913848876953e+00
2.635607242584228516e+00
4.566859006881713867e+00
3.679331779479980469e+00
2.787154912948608398e+00
3.844250679016113281e+00
3.468722343444824219e+00
3.109661817550659180e+00
2.635062694549560547e+00
3.344860792160034180e+00
2.805721044540405273e+00
4.138212919235229492e+00
3.383845090866088867e+00
3.393948078155517578e+00
3.357659816741943359e+00
2.953706979751586914e+00
3.578886985778808594e+00
2.831432104110717773e+00
2.877283096313476562e+00
2.898159980773925781e+00
3.246718883514404297e+00
3.048189878463745117e+00
3.719796180725097656e+00
3.449467897415161133e+00
2.954596757888793945e+00
4.096629858016967773e+00
4.134803295135498047e+00
3.531271219253540039e+00
2.136339902877807617e+00
3.589282035827636719e+00
3.672270059585571289e+00
2.963748931884765625e+00
2.965967893600463867e+00
3.809045076370239258e+00
3.041498899459838867e+00
3.672821760177612305e+00
3.096074104309082031e+00
4.630775928497314453e+00
3.758616924285888672e+00
3.758344173431396484e+00
3.499569892883300781e+00
3.176544904708862305e+00
3.297478199005126953e+00
2.949565887451171875e+00
3.840081930160522461e+00
3.662358045578002930e+00
3.372898101806640625e+00
3.765363931655883789e+00
3.387694120407104492e+00
3.021452903747558594e+00
3.855489015579223633e+00
3.265938997268676758e+00
2.813464164733886719e+00
3.830546379089355469e+00
3.619164943695068359e+00
3.109822988510131836e+00
2.873091936111450195e+00
3.939497947692871094e+00
5.349464893341064453e+00
3.168708086013793945e+00
3.431940078735351562e+00
3.420909881591796875e+00
2.872347116470336914e+00
2.787613868713378906e+00
3.423189163208007812e+00
2.588866710662841797e+00
3.419692039489746094e+00
3.462888956069946289e+00
3.185810804367065430e+00
3.460882186889648438e+00
3.197275161743164062e+00
3.513204097747802734e+00
3.082179069519042969e+00
3.126376152038574219e+00
3.520081996917724609e+00
3.059066057205200195e+00
3.853228092193603516e+00
3.945030927658081055e+00
2.557779073715209961e+00
3.640142202377319336e+00
3.540761947631835938e+00
3.353628873825073242e+00
3.251916885375976562e+00
3.429290294647216797e+00
2.734704971313476562e+00
2.775795936584472656e+00
3.309608221054077148e+00
3.244029045104980469e+00
3.321717023849487305e+00
2.690537929534912109e+00
3.254024982452392578e+00
3.201496124267578125e+00
4.683078765869140625e+00
3.166090965270996094e+00
2.853292942047119141e+00
3.488145351409912109e+00
2.930872917175292969e+00
3.320219278335571289e+00
3.406991720199584961e+00
3.880221128463745117e+00
3.135797023773193359e+00
3.422927141189575195e+00
3.589827060699462891e+00
3.271435022354125977e+00
3.313770055770874023e+00
3.629465103149414062e+00
4.227149009704589844e+00
3.449578046798706055e+00
4.077306985855102539e+00
3.734429121017456055e+00
3.741117954254150391e+00
4.258090019226074219e+00
3.787925004959106445e+00
3.792809247970581055e+00
2.983989953994750977e+00
3.158128976821899414e+00
3.150298118591308594e+00
3.213325023651123047e+00
3.766377925872802734e+00
3.705411911010742188e+00
3.223591804504394531e+00
3.713973999023437500e+00
3.258846998214721680e+00
3.999986886978149414e+00
5.237041234970092773e+00
3.928145885467529297e+00
3.564410686492919922e+00
3.616299152374267578e+00
3.204865932464599609e+00
3.943666934967041016e+00
3.324444770812988281e+00
3.778460025787353516e+00
3.477833986282348633e+00
3.860503196716308594e+00
4.447468042373657227e+00
3.875563621520996094e+00
3.395385742187500000e+00
3.796544075012207031e+00
3.024306058883666992e+00
3.939191102981567383e+00
3.589866161346435547e+00
2.663454055786132812e+00
3.459068059921264648e+00
2.437762260437011719e+00
3.212146997451782227e+00
3.548043966293334961e+00
3.150558948516845703e+00
3.117242097854614258e+00
3.357049942016601562e+00
2.923648834228515625e+00
2.561504840850830078e+00
3.662824869155883789e+00
3.614596843719482422e+00
4.277076959609985352e+00
3.208327770233154297e+00
3.649478912353515625e+00
2.308706998825073242e+00
3.529052019119262695e+00
3.337814807891845703e+00
3.633950948715209961e+00
2.666846275329589844e+00
3.945002079010009766e+00
3.644902706146240234e+00
3.512396097183227539e+00
3.660029172897338867e+00
2.007662057876586914e+00
3.222090244293212891e+00
4.672335147857666016e+00
4.518048048019409180e+00
3.562485933303833008e+00
4.026373147964477539e+00
2.934072017669677734e+00
4.073336124420166016e+00
3.394691944122314453e+00
2.827044725418090820e+00
3.942875862121582031e+00
4.253311872482299805e+00
4.153782844543457031e+00
3.977988004684448242e+00
2.958959102630615234e+00
3.254590988159179688e+00
2.790643930435180664e+00
3.041734933853149414e+00
4.221653938293457031e+00
4.628007173538208008e+00
3.647559165954589844e+00
3.329013109207153320e+00
3.357317209243774414e+00
4.270379066467285156e+00
3.799770116806030273e+00
3.136456012725830078e+00
3.034326791763305664e+00
3.074760913848876953e+00
3.176515102386474609e+00
4.069633007049560547e+00
3.309390306472778320e+00
3.159485101699829102e+00
4.504719257354736328e+00
4.302862644195556641e+00
4.228477954864501953e+00
3.627964258193969727e+00
2.779381990432739258e+00
2.875474929809570312e+00
3.710232973098754883e+00
3.174313068389892578e+00
3.502331256866455078e+00
3.275305986404418945e+00
3.469256162643432617e+00
3.543869972229003906e+00
4.366818904876708984e+00
4.519542932510375977e+00
4.252848148345947266e+00
4.317862033843994141e+00
4.147927045822143555e+00
3.292237758636474609e+00
3.542615890502929688e+00
3.222912788391113281e+00
2.856719970703125000e+00
4.234379053115844727e+00
3.651551961898803711e+00
4.214766740798950195e+00
4.192038297653198242e+00
4.591849803924560547e+00
3.395073175430297852e+00
3.297682285308837891e+00
2.811296701431274414e+00
2.691901922225952148e+00
2.808310985565185547e+00
3.477703094482421875e+00
2.913630008697509766e+00
2.729451894760131836e+00
3.672643899917602539e+00
4.010522127151489258e+00
4.670222043991088867e+00
3.133033990859985352e+00
2.607304811477661133e+00
4.476231098175048828e+00
3.366553068161010742e+00
2.578651189804077148e+00
3.088999271392822266e+00
2.784337043762207031e+00
3.671866893768310547e+00
2.950061082839965820e+00
2.994804143905639648e+00
2.913712978363037109e+00
4.679775953292846680e+00
3.291277647018432617e+00
3.218831777572631836e+00
4.413028240203857422e+00
2.933449983596801758e+00
3.170118093490600586e+00
2.324061155319213867e+00
3.410338878631591797e+00
2.910745143890380859e+00
3.273437976837158203e+00
3.356111764907836914e+00
3.406884193420410156e+00
3.502293109893798828e+00
3.260825157165527344e+00
4.112982988357543945e+00
3.062628746032714844e+00
4.866291999816894531e+00
3.440028905868530273e+00
3.570288896560668945e+00
3.061854124069213867e+00
3.539614915847778320e+00
3.278392076492309570e+00
3.279474020004272461e+00
2.901201248168945312e+00
5.144267082214355469e+00
3.367517948150634766e+00
3.413801908493041992e+00
3.413836956024169922e+00
3.650390148162841797e+00
3.862833023071289062e+00
2.324429035186767578e+00
5.187711000442504883e+00
3.341958284378051758e+00
3.473953008651733398e+00
3.713007926940917969e+00
3.645577907562255859e+00
3.268253087997436523e+00
2.593044996261596680e+00
3.849991083145141602e+00
3.808986902236938477e+00
3.497566938400268555e+00
2.479448795318603516e+00
3.045148849487304688e+00
3.187006950378417969e+00
2.673532962799072266e+00
2.420606374740600586e+00
3.155416011810302734e+00
2.331503868103027344e+00
3.526863813400268555e+00
3.845657110214233398e+00
3.484745979309082031e+00
3.150716781616210938e+00
3.160844087600708008e+00
3.723961830139160156e+00
3.281875133514404297e+00
2.557548046112060547e+00
3.206311941146850586e+00
2.757802009582519531e+00
2.826928853988647461e+00
2.349238157272338867e+00
3.134089946746826172e+00
2.932186126708984375e+00
3.584620237350463867e+00
3.626877069473266602e+00
3.004899978637695312e+00
3.604406833648681641e+00
3.699256181716918945e+00
2.476187944412231445e+00
4.400482892990112305e+00
3.595489025115966797e+00
3.503537178039550781e+00
2.883259773254394531e+00
3.803570032119750977e+00
3.339191198348999023e+00
2.828522920608520508e+00
3.969094753265380859e+00
3.125379800796508789e+00
5.505214929580688477e+00
3.150729179382324219e+00
2.966154098510742188e+00
3.185250043869018555e+00
4.053437232971191406e+00
2.658007144927978516e+00
3.211077928543090820e+00
2.718766212463378906e+00
3.599715948104858398e+00
3.325212955474853516e+00
2.866698980331420898e+00
2.890981197357177734e+00
3.667286157608032227e+00
2.827586889266967773e+00
3.175632238388061523e+00
4.181784152984619141e+00
3.631319999694824219e+00
3.004922151565551758e+00
3.401695728302001953e+00
3.094433069229125977e+00
3.405751943588256836e+00
2.937703847885131836e+00
3.346783876419067383e+00
3.216715812683105469e+00
3.471318006515502930e+00
2.990704774856567383e+00
3.513736963272094727e+00
3.530367136001586914e+00
2.787738800048828125e+00
3.239192008972167969e+00
3.269144773483276367e+00
3.918463945388793945e+00
3.220355987548828125e+00
3.405540227890014648e+00
3.655837059020996094e+00
3.163839101791381836e+00
3.185862064361572266e+00
4.325025081634521484e+00
2.899320125579833984e+00
3.341261148452758789e+00
2.817260026931762695e+00
3.060153007507324219e+00
3.639712095260620117e+00
3.663005828857421875e+00
3.186866760253906250e+00
3.563475131988525391e+00
4.002686977386474609e+00
2.955630064010620117e+00
2.328760147094726562e+00
3.731261014938354492e+00
3.545957088470458984e+00
3.525915861129760742e+00
3.115185022354125977e+00
3.228837966918945312e+00
3.379711866378784180e+00
3.370327949523925781e+00
3.203656911849975586e+00
2.872340917587280273e+00
3.649111032485961914e+00
4.197338104248046875e+00
3.711315870285034180e+00
3.043067932128906250e+00
2.127986192703247070e+00
2.909740924835205078e+00
2.151856899261474609e+00
3.177946329116821289e+00
3.306038141250610352e+00
3.198868989944458008e+00
3.003762006759643555e+00
3.015933990478515625e+00
2.740465164184570312e+00
3.346460103988647461e+00
4.402631998062133789e+00
3.353940963745117188e+00
2.755556106567382812e+00
2.750123977661132812e+00
3.207857131958007812e+00
2.709149837493896484e+00
3.180739879608154297e+00
3.364802837371826172e+00
3.950901985168457031e+00
3.083310842514038086e+00
3.215049982070922852e+00
3.220220804214477539e+00
2.872061967849731445e+00
3.447537899017333984e+00
3.502882003784179688e+00
3.274574041366577148e+00
3.524676799774169922e+00
3.568509101867675781e+00
3.743895053863525391e+00
2.563369035720825195e+00
3.586802005767822266e+00
3.098980903625488281e+00
4.153285026550292969e+00
3.853177070617675781e+00
3.292441844940185547e+00
4.020933151245117188e+00
3.633966207504272461e+00
4.063372850418090820e+00
3.341073036193847656e+00
3.353085279464721680e+00
3.203875780105590820e+00
3.719190120697021484e+00
3.215826988220214844e+00
3.451436996459960938e+00
3.255128860473632812e+00
3.921221971511840820e+00
3.433820009231567383e+00
3.501654863357543945e+00
3.039154291152954102e+00
4.021701097488403320e+00
3.978825092315673828e+00
3.528170108795166016e+00
3.532299041748046875e+00
3.303426027297973633e+00
3.800425052642822266e+00
3.416222810745239258e+00
3.541676998138427734e+00
3.532227993011474609e+00
3.565774202346801758e+00
3.554997920989990234e+00
3.381649971008300781e+00
4.223402976989746094e+00
3.143124103546142578e+00
2.902241945266723633e+00
3.580431699752807617e+00
3.960266113281250000e+00
3.604772090911865234e+00
2.846607923507690430e+00
4.188827991485595703e+00
3.449967145919799805e+00
2.670275926589965820e+00
4.168442010879516602e+00
3.492060899734497070e+00
4.314750909805297852e+00
3.614297866821289062e+00
3.749819755554199219e+00
3.782196998596191406e+00
2.858915090560913086e+00
2.892167091369628906e+00
4.447658061981201172e+00
3.200896978378295898e+00
3.403072118759155273e+00
3.615156888961791992e+00
3.848309040069580078e+00
3.823132753372192383e+00
2.790792942047119141e+00
3.406254053115844727e+00
3.141728878021240234e+00
3.892561912536621094e+00
2.827864170074462891e+00
3.928369998931884766e+00
3.940766096115112305e+00
3.688949108123779297e+00
4.496433258056640625e+00
2.944589853286743164e+00
2.750977993011474609e+00
3.990438938140869141e+00
3.445693969726562500e+00
3.085716962814331055e+00
3.729979991912841797e+00
3.421648263931274414e+00
3.019594907760620117e+00
2.526242256164550781e+00
3.056461095809936523e+00
4.092377185821533203e+00
2.772162675857543945e+00
3.853501796722412109e+00
3.253810882568359375e+00
2.661154985427856445e+00
2.677688837051391602e+00
3.493521928787231445e+00
3.152774095535278320e+00
3.392875194549560547e+00
2.584994077682495117e+00
4.319901943206787109e+00
3.500890016555786133e+00
3.766408205032348633e+00
3.552031993865966797e+00
3.970743894577026367e+00
4.250785112380981445e+00
3.505041122436523438e+00
3.334450006484985352e+00
3.372498989105224609e+00
3.266842126846313477e+00
3.515222072601318359e+00
4.508546829223632812e+00
2.819753885269165039e+00
3.556238174438476562e+00
2.971836090087890625e+00
4.062129974365234375e+00
3.280482053756713867e+00
3.347158908843994141e+00
4.481240034103393555e+00
3.082039117813110352e+00
4.086153984069824219e+00
3.677623987197875977e+00
3.107497930526733398e+00
2.747996091842651367e+00
3.592852115631103516e+00
3.226701736450195312e+00
4.596368789672851562e+00
3.377393007278442383e+00
3.393531799316406250e+00
3.292841911315917969e+00
3.732481956481933594e+00
3.465209007263183594e+00
3.349988222122192383e+00
3.421259880065917969e+00
3.781450033187866211e+00
3.426032781600952148e+00
3.859245061874389648e+00
2.831993103027343750e+00
3.422079086303710938e+00
3.304803133010864258e+00
2.567984104156494141e+00
2.674066066741943359e+00
3.853703975677490234e+00
3.258733749389648438e+00
3.058578014373779297e+00
4.450424194335937500e+00
3.372752904891967773e+00
3.050153970718383789e+00
3.916669130325317383e+00
3.028659105300903320e+00
3.479166030883789062e+00
3.141603946685791016e+00
3.788570880889892578e+00
3.437731981277465820e+00
3.010476112365722656e+00
4.064589977264404297e+00
2.776772737503051758e+00
3.457416772842407227e+00
2.860445022583007812e+00
2.846456050872802734e+00
3.158792972564697266e+00
3.939506769180297852e+00
3.828030109405517578e+00
3.210683107376098633e+00
3.592839002609252930e+00
3.610538005828857422e+00
3.147391080856323242e+00
2.906266927719116211e+00
4.107765913009643555e+00
3.871611833572387695e+00
3.596763849258422852e+00
3.621288061141967773e+00
2.761712312698364258e+00
2.746639251708984375e+00
2.939990997314453125e+00
3.430155992507934570e+00
5.032879114151000977e+00
3.610650062561035156e+00
1.690917968750000000e+00
3.256569147109985352e+00
2.181918859481811523e+00
2.390840053558349609e+00
2.941780090332031250e+00
2.812245130538940430e+00
3.117444038391113281e+00
3.092524051666259766e+00
3.139424085617065430e+00
3.413428306579589844e+00
3.111418247222900391e+00
3.770021915435791016e+00
3.036083936691284180e+00
2.871010065078735352e+00
3.530369997024536133e+00
3.372774124145507812e+00
3.011494874954223633e+00
3.545790910720825195e+00
3.178921222686767578e+00
3.086795091629028320e+00
3.548836231231689453e+00
3.654509067535400391e+00
3.263107776641845703e+00
3.917526006698608398e+00
3.938744068145751953e+00
3.199622154235839844e+00
3.235762834548950195e+00
3.434872865676879883e+00
3.552906036376953125e+00
2.302692890167236328e+00
3.206549882888793945e+00
2.903558969497680664e+00
3.257399797439575195e+00
3.916179180145263672e+00
3.820189952850341797e+00
2.550199031829833984e+00
3.397945165634155273e+00
3.375704765319824219e+00
3.198760986328125000e+00
3.472394943237304688e+00
3.282639980316162109e+00
3.041087865829467773e+00
3.491713047027587891e+00
4.290140867233276367e+00
3.055459022521972656e+00
2.974467754364013672e+00
2.908180952072143555e+00
3.109002113342285156e+00
3.140456914901733398e+00
2.952527761459350586e+00
3.673218011856079102e+00
2.788827896118164062e+00
3.107154130935668945e+00
3.642792940139770508e+00
3.536557674407958984e+00
3.151895046234130859e+00
3.160088062286376953e+00
4.586694955825805664e+00
3.107235193252563477e+00
3.536983013153076172e+00
3.544466733932495117e+00
3.771872043609619141e+00
3.687222957611083984e+00
3.245969057083129883e+00
2.609991073608398438e+00
3.511071205139160156e+00
2.628187894821166992e+00
3.332232952117919922e+00
3.797233104705810547e+00
2.857952833175659180e+00
2.720693111419677734e+00
3.890360832214355469e+00
2.739917039871215820e+00
3.384374856948852539e+00
3.347955942153930664e+00
2.508364915847778320e+00
3.112960815429687500e+00
3.719678878784179688e+00
3.254210948944091797e+00
3.194990873336791992e+00
2.908961772918701172e+00
4.097146034240722656e+00
2.167281866073608398e+00
3.063306808471679688e+00
2.783868789672851562e+00
3.874394893646240234e+00
2.923707962036132812e+00
2.819923877716064453e+00
3.129646062850952148e+00
3.087765932083129883e+00
3.127108097076416016e+00
3.916424989700317383e+00
2.836292743682861328e+00
3.089039087295532227e+00
3.143904924392700195e+00
3.165593147277832031e+00
4.494669198989868164e+00
4.000279664993286133e+00
3.018968820571899414e+00
4.012280941009521484e+00
3.357532024383544922e+00
3.390308856964111328e+00
4.089709997177124023e+00
3.623896121978759766e+00
4.124897956848144531e+00
3.347779035568237305e+00
3.522002220153808594e+00
3.323878049850463867e+00
2.406353950500488281e+00
2.501694917678833008e+00
3.492175102233886719e+00
3.772055149078369141e+00
3.392696857452392578e+00
2.480682849884033203e+00
4.653968811035156250e+00
3.418651819229125977e+00
2.450925111770629883e+00
3.371976137161254883e+00
3.830656766891479492e+00
3.048159837722778320e+00
3.587634801864624023e+00
3.453060865402221680e+00
3.694396018981933594e+00
3.571312904357910156e+00
2.601009845733642578e+00
3.636847019195556641e+00
4.318227291107177734e+00
3.544738054275512695e+00
3.621752977371215820e+00
2.628476858139038086e+00
3.095533132553100586e+00
3.856318950653076172e+00
2.963969945907592773e+00
3.636823177337646484e+00
2.460457086563110352e+00
3.435431003570556641e+00
2.784217119216918945e+00
3.780934095382690430e+00
3.798874139785766602e+00
2.535988092422485352e+00
3.105574131011962891e+00
2.867898225784301758e+00
3.582080841064453125e+00
3.800665855407714844e+00
3.087466955184936523e+00
3.531239032745361328e+00
3.203229904174804688e+00
3.292991876602172852e+00
3.017673015594482422e+00
2.491328954696655273e+00
3.203549146652221680e+00
3.529434204101562500e+00
2.389593839645385742e+00
3.515995025634765625e+00
2.980396986007690430e+00
4.180500984191894531e+00
3.720304965972900391e+00
3.296557903289794922e+00
3.204770803451538086e+00
3.247268676757812500e+00
3.950540781021118164e+00
3.081258058547973633e+00
3.071145057678222656e+00
4.231529951095581055e+00
3.607776880264282227e+00
3.315001010894775391e+00
3.167416095733642578e+00
3.408259153366088867e+00
3.499000072479248047e+00
3.559747934341430664e+00
2.736958265304565430e+00
2.903733015060424805e+00
4.622386932373046875e+00
4.506481885910034180e+00
4.056739091873168945e+00
3.329710006713867188e+00
4.463668823242187500e+00
4.151127099990844727e+00
3.710337162017822266e+00
4.743421077728271484e+00
4.094434261322021484e+00
3.634341955184936523e+00
3.851891994476318359e+00
4.901942968368530273e+00
3.600158929824829102e+00
5.109860181808471680e+00
4.408892869949340820e+00
2.966882705688476562e+00
3.816962957382202148e+00
4.688075065612792969e+00
2.566103935241699219e+00
3.438074827194213867e+00
4.207409143447875977e+00
5.029233932495117188e+00
4.403751850128173828e+00
3.965810775756835938e+00
4.922120809555053711e+00
3.642487049102783203e+00
4.956902980804443359e+00
4.916668891906738281e+00
3.869419097900390625e+00
4.295434951782226562e+00
4.966827154159545898e+00
5.394117832183837891e+00
3.172434091567993164e+00
3.668628931045532227e+00
4.065289020538330078e+00
4.428620100021362305e+00
3.924089908599853516e+00
3.389141082763671875e+00
4.506229162216186523e+00
3.849402904510498047e+00
3.871325016021728516e+00
3.176666975021362305e+00
3.856488943099975586e+00
3.159060955047607422e+00
4.214318037033081055e+00
4.100261926651000977e+00
3.839556932449340820e+00
3.789951086044311523e+00
5.008375883102416992e+00
4.112050056457519531e+00
4.196260690689086914e+00
4.064985275268554688e+00
3.921769857406616211e+00
3.207363128662109375e+00
3.582935810089111328e+00
3.519273996353149414e+00
3.627744674682617188e+00
3.530696868896484375e+00
3.498125076293945312e+00
3.476694107055664062e+00
3.670059919357299805e+00
3.711557149887084961e+00
3.642962217330932617e+00
4.694175958633422852e+00
4.624873876571655273e+00
3.629637002944946289e+00
3.763947010040283203e+00
4.001147985458374023e+00
4.821969985961914062e+00
3.659224033355712891e+00
6.021186828613281250e+00
4.306665897369384766e+00
3.710526943206787109e+00
4.845109939575195312e+00
3.722191095352172852e+00
4.840855121612548828e+00
3.440081357955932617e+00
3.251010179519653320e+00
4.797483921051025391e+00
3.616934299468994141e+00
4.596929073333740234e+00
4.800047159194946289e+00
3.857819318771362305e+00
2.829993009567260742e+00
3.781915903091430664e+00
3.614191055297851562e+00
3.635524988174438477e+00
3.980208873748779297e+00
4.479364156723022461e+00
6.161601066589355469e+00
4.912607908248901367e+00
4.788491964340209961e+00
5.128448009490966797e+00
4.971598863601684570e+00
5.903892040252685547e+00
5.792773723602294922e+00
4.652448892593383789e+00
4.229799985885620117e+00
3.228387117385864258e+00
5.498694896697998047e+00
4.803735733032226562e+00
5.978677034378051758e+00
3.277997016906738281e+00
5.919431209564208984e+00
3.685791969299316406e+00
5.245090961456298828e+00
4.357378244400024414e+00
4.653542280197143555e+00
4.840759992599487305e+00
4.960489988327026367e+00
4.905895948410034180e+00
3.831471204757690430e+00
3.176962137222290039e+00
3.603247880935668945e+00
6.077607870101928711e+00
3.143890142440795898e+00
4.958256244659423828e+00
4.484704017639160156e+00
5.660440921783447266e+00
3.665231227874755859e+00
3.626221895217895508e+00
6.290295839309692383e+00
5.476723909378051758e+00
4.648117780685424805e+00
3.999879837036132812e+00
5.906941175460815430e+00
4.026650190353393555e+00
5.717123031616210938e+00
3.650720834732055664e+00
5.141841888427734375e+00
3.387913942337036133e+00
3.351238250732421875e+00
5.427375078201293945e+00
3.331238985061645508e+00
2.933026790618896484e+00
5.550297021865844727e+00
3.708306789398193359e+00
6.373118877410888672e+00
3.693926334381103516e+00
5.040357112884521484e+00
3.062468051910400391e+00
3.066360950469970703e+00
4.762505054473876953e+00
3.480185031890869141e+00
3.693897962570190430e+00
6.421511888504028320e+00
3.271777868270874023e+00
3.488707065582275391e+00
4.848732948303222656e+00
4.283576965332031250e+00
3.914443731307983398e+00
5.152476310729980469e+00
3.456131696701049805e+00
4.803654909133911133e+00
3.555696964263916016e+00
4.798827171325683594e+00
5.179955959320068359e+00
5.472394943237304688e+00
6.071469783782958984e+00
3.716352939605712891e+00
3.915769100189208984e+00
4.054827928543090820e+00
3.820922136306762695e+00
5.200271129608154297e+00
5.592744827270507812e+00
3.609692096710205078e+00
3.768462657928466797e+00
4.426210880279541016e+00
3.633756875991821289e+00
3.668765068054199219e+00
5.475095033645629883e+00
4.161999702453613281e+00
3.650849103927612305e+00
4.180687904357910156e+00
4.740502119064331055e+00
4.479117155075073242e+00
2.564751148223876953e+00
3.698429822921752930e+00
4.056257963180541992e+00
2.769902944564819336e+00
6.790411949157714844e+00
3.605411052703857422e+00
3.574300050735473633e+00
3.737263917922973633e+00
4.185364961624145508e+00
3.735990762710571289e+00
4.574715852737426758e+00
3.663639068603515625e+00
2.789576053619384766e+00
3.763331890106201172e+00
2.758243083953857422e+00
3.904592037200927734e+00
5.608907938003540039e+00
2.913655996322631836e+00
3.907120227813720703e+00
3.753225088119506836e+00
3.577072858810424805e+00
2.986651897430419922e+00
2.971051931381225586e+00
3.063668966293334961e+00
5.850508928298950195e+00
4.016674995422363281e+00
4.331268787384033203e+00
2.416697025299072266e+00
3.024316310882568359e+00
3.041114807128906250e+00
4.205579042434692383e+00
4.731885671615600586e+00
5.519613981246948242e+00
4.031428098678588867e+00
3.191963911056518555e+00
4.243661165237426758e+00
2.607438802719116211e+00
4.150561094284057617e+00
3.569011926651000977e+00
4.548260927200317383e+00
3.256820917129516602e+00
3.508430957794189453e+00
4.208994150161743164e+00
5.929824113845825195e+00
4.269812107086181641e+00
4.297063827514648438e+00
3.900578022003173828e+00
3.022012948989868164e+00
4.739639043807983398e+00
2.187738895416259766e+00
3.142137050628662109e+00
3.211135149002075195e+00
3.708972215652465820e+00
3.321511745452880859e+00
3.230941772460937500e+00
4.610688924789428711e+00
4.064168930053710938e+00
3.014234066009521484e+00
3.275372028350830078e+00
2.590511322021484375e+00
2.331107139587402344e+00
3.212973117828369141e+00
2.433821916580200195e+00
7.480705976486206055e+00
2.122864246368408203e+00
4.843941926956176758e+00
2.951454877853393555e+00
2.690825939178466797e+00
2.880837917327880859e+00
2.587309122085571289e+00
3.428344964981079102e+00
2.518355131149291992e+00
2.830688953399658203e+00
3.008859872817993164e+00
3.552469968795776367e+00
2.897530794143676758e+00
2.301296710968017578e+00
3.561404228210449219e+00
2.933331966400146484e+00
3.117285013198852539e+00
3.219162940979003906e+00
3.140064001083374023e+00
2.830983877182006836e+00
2.325036048889160156e+00
2.954854965209960938e+00
3.399533987045288086e+00
2.958815097808837891e+00
3.805221080780029297e+00
2.920216083526611328e+00
3.629699945449829102e+00
3.179629802703857422e+00
2.947134971618652344e+00
3.835606098175048828e+00
2.988024711608886719e+00
3.749936342239379883e+00
3.186003923416137695e+00
3.203417778015136719e+00
2.463550090789794922e+00
3.449098110198974609e+00
3.219760894775390625e+00
3.312388181686401367e+00
2.504287958145141602e+00
3.131498098373413086e+00
3.194278240203857422e+00
3.406971216201782227e+00
2.621993780136108398e+00
3.174201250076293945e+00
3.271656036376953125e+00
3.295365095138549805e+00
3.141327857971191406e+00
4.070261955261230469e+00
3.633363008499145508e+00
3.047949075698852539e+00
2.617991209030151367e+00
2.420889854431152344e+00
2.283972024917602539e+00
3.700378179550170898e+00
3.801480054855346680e+00
3.123656272888183594e+00
2.897880077362060547e+00
3.574794054031372070e+00
2.702538251876831055e+00
3.387472152709960938e+00
3.498176097869873047e+00
3.486979961395263672e+00
3.389714956283569336e+00
3.370423078536987305e+00
3.586847782135009766e+00
2.489310026168823242e+00
3.269707918167114258e+00
3.640898227691650391e+00
3.866098165512084961e+00
2.428218841552734375e+00
2.636845827102661133e+00
2.996443986892700195e+00
3.457950830459594727e+00
3.271225690841674805e+00
3.099696159362792969e+00
2.996108055114746094e+00
2.758070945739746094e+00
2.819281339645385742e+00
3.619458913803100586e+00
3.465320825576782227e+00
3.386023998260498047e+00
3.769412994384765625e+00
3.759107112884521484e+00
3.423860073089599609e+00
3.287514925003051758e+00
2.932303190231323242e+00
3.663156986236572266e+00
3.007009029388427734e+00
3.010426759719848633e+00
3.684930086135864258e+00
3.936640024185180664e+00
3.838890075683593750e+00
4.310330867767333984e+00
3.954060792922973633e+00
4.030636072158813477e+00
3.431957721710205078e+00
3.894507884979248047e+00
3.551480770111083984e+00
3.162292957305908203e+00
3.677090167999267578e+00
4.480237245559692383e+00
3.133768796920776367e+00
3.774466037750244141e+00
3.925535440444946289e+00
2.510837078094482422e+00
4.750286102294921875e+00
3.633186817169189453e+00
3.892181873321533203e+00
3.122974872589111328e+00
3.365689039230346680e+00
3.971760749816894531e+00
3.128173112869262695e+00
4.086290359497070312e+00
3.747909784317016602e+00
4.923259258270263672e+00
3.610373735427856445e+00
3.730856180191040039e+00
3.566395998001098633e+00
3.544799089431762695e+00
2.878582000732421875e+00
3.727784872055053711e+00
3.679547071456909180e+00
3.246059179306030273e+00
3.528553009033203125e+00
4.235796928405761719e+00
4.492460012435913086e+00
3.790239095687866211e+00
3.484729051589965820e+00
3.775958061218261719e+00
3.760128974914550781e+00
2.797731876373291016e+00
4.596660852432250977e+00
3.974921941757202148e+00
3.341578006744384766e+00
3.822194099426269531e+00
4.256323099136352539e+00
3.873163223266601562e+00
4.022734880447387695e+00
3.754895925521850586e+00
4.520600080490112305e+00
4.454519033432006836e+00
4.703294038772583008e+00
3.875622272491455078e+00
3.434475183486938477e+00
4.171042203903198242e+00
4.874084949493408203e+00
3.703072071075439453e+00
3.272403240203857422e+00
3.365179300308227539e+00
4.100270986557006836e+00
4.144788980484008789e+00
2.673069953918457031e+00
4.096413850784301758e+00
4.761159181594848633e+00
3.559357166290283203e+00
3.182598829269409180e+00
4.172897100448608398e+00
5.006826877593994141e+00
4.950848102569580078e+00
4.509654760360717773e+00
3.464395999908447266e+00
5.492299079895019531e+00
4.684342861175537109e+00
4.433826923370361328e+00
4.225528955459594727e+00
4.230621337890625000e+00
4.417753696441650391e+00
5.214925050735473633e+00
4.667399168014526367e+00
4.405258893966674805e+00
3.373131036758422852e+00
2.850750923156738281e+00
3.659047842025756836e+00
2.526913881301879883e+00
4.037806034088134766e+00
4.219710826873779297e+00
4.070955991744995117e+00
4.252483844757080078e+00
3.852968931198120117e+00
3.635757923126220703e+00
4.065095186233520508e+00
5.009352922439575195e+00
5.064851999282836914e+00
3.220309972763061523e+00
3.768206834793090820e+00
3.686182022094726562e+00
4.032278060913085938e+00
4.558673858642578125e+00
3.751909017562866211e+00
4.404089927673339844e+00
3.978555917739868164e+00
5.439243078231811523e+00
4.263339996337890625e+00
3.851558685302734375e+00
5.299282073974609375e+00
3.231172084808349609e+00
4.823446989059448242e+00
3.976349353790283203e+00
4.596589803695678711e+00
4.599162101745605469e+00
5.596097946166992188e+00
4.698396921157836914e+00
4.332499980926513672e+00
4.212832689285278320e+00
3.642847776412963867e+00
3.926302909851074219e+00
5.497051000595092773e+00
4.530369043350219727e+00
4.470827102661132812e+00
4.303013801574707031e+00
4.070930004119873047e+00
4.023439884185791016e+00
5.404176950454711914e+00
3.979076862335205078e+00
4.721837043762207031e+00
3.503055810928344727e+00
4.841821908950805664e+00
4.433364152908325195e+00
5.130182027816772461e+00
4.054645061492919922e+00
4.789928197860717773e+00
5.583160877227783203e+00
4.033233165740966797e+00
4.000347852706909180e+00
3.520127058029174805e+00
4.653303146362304688e+00
4.066042900085449219e+00
4.775696039199829102e+00
3.336061239242553711e+00
3.804249763488769531e+00
3.366305828094482422e+00
3.410208940505981445e+00
4.238325119018554688e+00
4.940969944000244141e+00
4.227283000946044922e+00
5.756234169006347656e+00
4.218991041183471680e+00
4.720582962036132812e+00
4.388206958770751953e+00
3.653369188308715820e+00
4.937456130981445312e+00
3.310807704925537109e+00
3.708074092864990234e+00
4.064371109008789062e+00
4.758562088012695312e+00
3.098702669143676758e+00
4.125221014022827148e+00
4.357558727264404297e+00
3.941759109497070312e+00
3.523195981979370117e+00
3.727810144424438477e+00
4.830803871154785156e+00
5.699377059936523438e+00
4.773108005523681641e+00
5.031109094619750977e+00
4.477077007293701172e+00
5.539271116256713867e+00
4.529606103897094727e+00
4.694731950759887695e+00
3.817457914352416992e+00
4.208048105239868164e+00
3.819658994674682617e+00
3.324491977691650391e+00
6.177646160125732422e+00
2.910380125045776367e+00
3.095013856887817383e+00
4.197962045669555664e+00
3.714811801910400391e+00
3.928613185882568359e+00
3.329870939254760742e+00
5.359443902969360352e+00
4.516163110733032227e+00
3.392384052276611328e+00
2.917880058288574219e+00
3.953346967697143555e+00
2.982274055480957031e+00
4.180370807647705078e+00
2.501626014709472656e+00
3.540807247161865234e+00
4.064443111419677734e+00
3.636937141418457031e+00
3.526494026184082031e+00
3.956741094589233398e+00
3.649935245513916016e+00
3.653335094451904297e+00
4.690805912017822266e+00
4.600370168685913086e+00
4.205136060714721680e+00
4.133190155029296875e+00
3.094126701354980469e+00
4.441910982131958008e+00
4.101609230041503906e+00
4.800647974014282227e+00
4.260560274124145508e+00
4.119324922561645508e+00
3.497807741165161133e+00
4.028550863265991211e+00
3.744153022766113281e+00
2.888188123703002930e+00
2.919013977050781250e+00
4.460806846618652344e+00
4.611913204193115234e+00
5.365360260009765625e+00
3.450998067855834961e+00
4.133638858795166016e+00
3.442424058914184570e+00
2.643630981445312500e+00
3.807230949401855469e+00
4.498257160186767578e+00
4.499237060546875000e+00
3.171272039413452148e+00
4.603170156478881836e+00
2.421062946319580078e+00
5.237782955169677734e+00
2.427700996398925781e+00
2.712385892868041992e+00
3.928146123886108398e+00
2.731079101562500000e+00
4.835344076156616211e+00
4.536149740219116211e+00
4.273561239242553711e+00
3.190948963165283203e+00
3.105260133743286133e+00
2.843679904937744141e+00
3.943349838256835938e+00
4.133401155471801758e+00
2.657798290252685547e+00
4.390043973922729492e+00
4.237859249114990234e+00
3.095874071121215820e+00
3.013177156448364258e+00
2.804576873779296875e+00
4.879584074020385742e+00
4.589581251144409180e+00
2.816390991210937500e+00
2.765743255615234375e+00
4.634628057479858398e+00
3.287202119827270508e+00
4.235437154769897461e+00
2.479637861251831055e+00
3.972069978713989258e+00
2.847838401794433594e+00
4.417799234390258789e+00
2.655315876007080078e+00
2.858340978622436523e+00
3.367635965347290039e+00
2.473505020141601562e+00
2.388699054718017578e+00
3.300475835800170898e+00
3.055141210556030273e+00
2.490145921707153320e+00
2.601991891860961914e+00
2.954035997390747070e+00
2.719093084335327148e+00
3.696930885314941406e+00
2.947545766830444336e+00
3.343359947204589844e+00
3.539931058883666992e+00
2.823803901672363281e+00
2.655065774917602539e+00
3.076861143112182617e+00
2.911674976348876953e+00
2.185534000396728516e+00
2.816685199737548828e+00
2.825106143951416016e+00
3.471932172775268555e+00
3.524833202362060547e+00
2.736493110656738281e+00
2.363626003265380859e+00
3.167829036712646484e+00
3.617152929306030273e+00
2.711169004440307617e+00
2.313359022140502930e+00
2.974627017974853516e+00
2.906045198440551758e+00
3.618432998657226562e+00
3.716826677322387695e+00
2.503746032714843750e+00
2.688341856002807617e+00
2.660317897796630859e+00
2.703917026519775391e+00
3.152436017990112305e+00
3.147656917572021484e+00
3.267054080963134766e+00
3.196136951446533203e+00
3.240593910217285156e+00
3.154336929321289062e+00
3.151844024658203125e+00
3.043369054794311523e+00
2.727362155914306641e+00
3.481544733047485352e+00
2.847069025039672852e+00
3.104688167572021484e+00
2.531658887863159180e+00
2.540772199630737305e+00
3.346840858459472656e+00
3.256152153015136719e+00
3.050677061080932617e+00
3.654554128646850586e+00
3.512598037719726562e+00
3.377066135406494141e+00
2.919238805770874023e+00
3.939550161361694336e+00
3.773034095764160156e+00
3.501298904418945312e+00
2.633661985397338867e+00
2.848591804504394531e+00
2.811312198638916016e+00
3.232401847839355469e+00
3.098093748092651367e+00
3.475282192230224609e+00
2.080959081649780273e+00
3.644611120223999023e+00
3.131309986114501953e+00
2.209934711456298828e+00
2.915756225585937500e+00
2.972304105758666992e+00
2.501697063446044922e+00
2.718256950378417969e+00
2.964685201644897461e+00
3.905606031417846680e+00
2.688177824020385742e+00
2.721627950668334961e+00
2.924445867538452148e+00
2.817428112030029297e+00
2.452059745788574219e+00
3.282585859298706055e+00
3.401357889175415039e+00
3.133055925369262695e+00
3.516975164413452148e+00
3.625056028366088867e+00
2.373081207275390625e+00
3.024418830871582031e+00
2.966645002365112305e+00
2.968915939331054688e+00
3.274221897125244141e+00
3.209641933441162109e+00
3.546754121780395508e+00
3.736386060714721680e+00
3.715457201004028320e+00
3.197793960571289062e+00
3.091473102569580078e+00
2.755643844604492188e+00
2.854223012924194336e+00
3.356241941452026367e+00
3.447024822235107422e+00
2.447018861770629883e+00
3.245801210403442383e+00
3.146265029907226562e+00
3.858626127243041992e+00
2.832258939743041992e+00
3.250843286514282227e+00
3.872216224670410156e+00
3.214354991912841797e+00
3.335882902145385742e+00
2.923583984375000000e+00
3.848178148269653320e+00
3.855979919433593750e+00
3.513184070587158203e+00
3.075503110885620117e+00
2.839252948760986328e+00
2.977896213531494141e+00
3.888462781906127930e+00
3.351389884948730469e+00
3.430762052536010742e+00
3.568309068679809570e+00
3.545880079269409180e+00
3.056930065155029297e+00
3.884351968765258789e+00
2.840692043304443359e+00
3.656536102294921875e+00
3.376300096511840820e+00
3.065165996551513672e+00
4.013914823532104492e+00
3.641893863677978516e+00
3.331681966781616211e+00
3.721653699874877930e+00
3.968001604080200195e+00
3.149043083190917969e+00
3.184435129165649414e+00
3.100632667541503906e+00
3.272798776626586914e+00
3.060527324676513672e+00
3.810406208038330078e+00
4.029573202133178711e+00
3.432175874710083008e+00
3.466447830200195312e+00
3.753329753875732422e+00
3.407411336898803711e+00
3.702875137329101562e+00
3.345389127731323242e+00
4.448389053344726562e+00
3.863414049148559570e+00
3.447571992874145508e+00
3.288578987121582031e+00
4.220960855484008789e+00
3.354336023330688477e+00
3.907988071441650391e+00
3.580759048461914062e+00
3.377882242202758789e+00
3.776888847351074219e+00
4.741864919662475586e+00
4.222646951675415039e+00
4.041941881179809570e+00
3.969053030014038086e+00
3.379961967468261719e+00
4.259954929351806641e+00
3.817316055297851562e+00
3.599724054336547852e+00
2.455698966979980469e+00
4.344311952590942383e+00
4.291720867156982422e+00
3.891371011734008789e+00
4.611973762512207031e+00
4.434660911560058594e+00
4.160438060760498047e+00
3.907846212387084961e+00
4.293376207351684570e+00
4.060741662979125977e+00
4.512276887893676758e+00
3.449131011962890625e+00
4.529282093048095703e+00
4.199287891387939453e+00
3.450531005859375000e+00
3.755822896957397461e+00
4.302922010421752930e+00
3.779639959335327148e+00
4.363840818405151367e+00
4.365298986434936523e+00
3.686937093734741211e+00
3.867323875427246094e+00
3.756689071655273438e+00
4.775594949722290039e+00
3.810974836349487305e+00
2.714097976684570312e+00
3.414805889129638672e+00
3.941765069961547852e+00
4.465301990509033203e+00
4.109750747680664062e+00
3.400128602981567383e+00
3.952254056930541992e+00
3.892534732818603516e+00
3.518277883529663086e+00
3.054735898971557617e+00
3.745248079299926758e+00
3.444913148880004883e+00
3.357387065887451172e+00
2.893186092376708984e+00
3.852724075317382812e+00
3.446730852127075195e+00
3.930511951446533203e+00
3.557137966156005859e+00
4.101520776748657227e+00
5.143424034118652344e+00
4.262342929840087891e+00
3.822223901748657227e+00
3.887328863143920898e+00
4.073348760604858398e+00
3.786859035491943359e+00
2.933912277221679688e+00
3.826143980026245117e+00
3.903341054916381836e+00
4.506408214569091797e+00
3.812740087509155273e+00
4.803297996520996094e+00
4.090377807617187500e+00
3.962202072143554688e+00
4.412353992462158203e+00
3.698917150497436523e+00
4.800006866455078125e+00
5.274299144744873047e+00
3.567710876464843750e+00
3.283949136734008789e+00
4.826545238494873047e+00
3.060240983963012695e+00
3.029722213745117188e+00
4.146150112152099609e+00
3.092355728149414062e+00
3.330224275588989258e+00
4.099801778793334961e+00
3.714685916900634766e+00
4.116796016693115234e+00
3.397703886032104492e+00
4.391489028930664062e+00
3.413360834121704102e+00
4.069205999374389648e+00
4.022536993026733398e+00
3.266556978225708008e+00
3.368856906890869141e+00
3.822220087051391602e+00
3.524788856506347656e+00
4.114450931549072266e+00
3.701684951782226562e+00
2.871433258056640625e+00
3.672061204910278320e+00
4.072515726089477539e+00
3.058662891387939453e+00
3.947738170623779297e+00
4.482971906661987305e+00
3.539199113845825195e+00
3.158455133438110352e+00
4.223912954330444336e+00
3.624304294586181641e+00
4.169389247894287109e+00
2.838000774383544922e+00
3.917119026184082031e+00
4.191731929779052734e+00
4.136943817138671875e+00
3.728392839431762695e+00
4.222253799438476562e+00
3.237696647644042969e+00
2.855578899383544922e+00
4.330134153366088867e+00
2.125571966171264648e+00
3.231394052505493164e+00
4.219800949096679688e+00
3.886467933654785156e+00
4.450304985046386719e+00
4.171208143234252930e+00
3.193893194198608398e+00
3.829365968704223633e+00
4.079351186752319336e+00
3.789595127105712891e+00
3.299373149871826172e+00
3.365866184234619141e+00
4.487691164016723633e+00
4.200363159179687500e+00
3.335361242294311523e+00
4.453788995742797852e+00
2.223793983459472656e+00
4.499439239501953125e+00
2.301702976226806641e+00
4.214320182800292969e+00
3.617260932922363281e+00
4.052459955215454102e+00
4.950416803359985352e+00
3.400619029998779297e+00
4.125753164291381836e+00
3.536643266677856445e+00
3.533774137496948242e+00
4.428443193435668945e+00
3.161923170089721680e+00
3.224756956100463867e+00
2.429809093475341797e+00
4.325345039367675781e+00
4.628844022750854492e+00
3.617857217788696289e+00
4.408879995346069336e+00
5.097154140472412109e+00
2.725581169128417969e+00
3.921433210372924805e+00
3.836668014526367188e+00
2.775858879089355469e+00
3.036352872848510742e+00
3.497921943664550781e+00
3.579308986663818359e+00
2.838164091110229492e+00
3.484972000122070312e+00
4.338634967803955078e+00
4.104098081588745117e+00
2.991918802261352539e+00
3.927731990814208984e+00
4.112159013748168945e+00
3.978478193283081055e+00
3.613461017608642578e+00
3.171463251113891602e+00
2.885364055633544922e+00
3.827308893203735352e+00
4.813694953918457031e+00
2.649804830551147461e+00
3.156478881835937500e+00
4.280974149703979492e+00
2.292438030242919922e+00
3.312494993209838867e+00
3.041543960571289062e+00
2.977420091629028320e+00
3.236876010894775391e+00
3.161887884140014648e+00
3.330535888671875000e+00
3.176397085189819336e+00
3.218770742416381836e+00
4.439565181732177734e+00
4.423849105834960938e+00
3.135862827301025391e+00
2.956618309020996094e+00
4.558795928955078125e+00
3.074060201644897461e+00
4.777917861938476562e+00
3.950169086456298828e+00
3.336023092269897461e+00
3.135550975799560547e+00
3.207784891128540039e+00
4.418219089508056641e+00
3.260977029800415039e+00
5.255434989929199219e+00
3.527935028076171875e+00
3.569075107574462891e+00
4.712916851043701172e+00
4.148123979568481445e+00
3.279107809066772461e+00
5.385942935943603516e+00
3.602446079254150391e+00
4.720638036727905273e+00
4.661487102508544922e+00
2.955939769744873047e+00
2.971255779266357422e+00
4.781658172607421875e+00
3.103706836700439453e+00
3.384202003479003906e+00
3.735144853591918945e+00
4.938168048858642578e+00
3.604644060134887695e+00
4.722703933715820312e+00
5.104253053665161133e+00
4.060575008392333984e+00
4.696410894393920898e+00
4.114991903305053711e+00
3.187901973724365234e+00
2.793066024780273438e+00
4.067270040512084961e+00
3.500999927520751953e+00
3.345832824707031250e+00
3.984758138656616211e+00
2.613178968429565430e+00
3.788928031921386719e+00
3.093560218811035156e+00
3.112139940261840820e+00
4.849108934402465820e+00
5.407829046249389648e+00
3.390261888504028320e+00
3.987773180007934570e+00
3.294077873229980469e+00
3.288002014160156250e+00
4.053909063339233398e+00
3.308150053024291992e+00
3.450861930847167969e+00
4.086461067199707031e+00
4.119683027267456055e+00
4.279436111450195312e+00
3.474337816238403320e+00
3.617597818374633789e+00
4.716876029968261719e+00
3.189373016357421875e+00
4.054005146026611328e+00
4.234220027923583984e+00
3.454504013061523438e+00
5.584880113601684570e+00
3.219875812530517578e+00
4.207515954971313477e+00
4.061025857925415039e+00
3.628796100616455078e+00
3.712369203567504883e+00
3.816409111022949219e+00
4.368973970413208008e+00
3.923924922943115234e+00
3.729285955429077148e+00
3.834516048431396484e+00
3.629557847976684570e+00
4.208416938781738281e+00
4.179832935333251953e+00
3.854076147079467773e+00
5.967981815338134766e+00
4.507411956787109375e+00
3.401012897491455078e+00
3.633728981018066406e+00
3.649139165878295898e+00
4.862071037292480469e+00
3.036192178726196289e+00
3.445283174514770508e+00
3.623747110366821289e+00
3.502138137817382812e+00
3.207291841506958008e+00
4.197161912918090820e+00
4.321505069732666016e+00
3.509634017944335938e+00
3.230126857757568359e+00
3.426311731338500977e+00
3.902569055557250977e+00
4.245996952056884766e+00
4.204769134521484375e+00
2.831181764602661133e+00
3.990813970565795898e+00
3.496367931365966797e+00
4.227482080459594727e+00
3.144500017166137695e+00
2.710323095321655273e+00
4.777018070220947266e+00
4.271235942840576172e+00
4.113816022872924805e+00
4.628540039062500000e+00
3.142253875732421875e+00
4.697052955627441406e+00
4.230720043182373047e+00
4.241045951843261719e+00
4.714407920837402344e+00
4.700633049011230469e+00
4.038756847381591797e+00
3.212922096252441406e+00
6.350659847259521484e+00
4.767630815505981445e+00
4.853282928466796875e+00
3.497999906539916992e+00
4.735739231109619141e+00
4.340672016143798828e+00
3.653846979141235352e+00
5.044769763946533203e+00
3.839732885360717773e+00
3.471109151840209961e+00
3.271006822586059570e+00
3.838212966918945312e+00
4.534623861312866211e+00
2.792819023132324219e+00
3.082152128219604492e+00
4.221397638320922852e+00
4.973360061645507812e+00
4.852203845977783203e+00
4.788538932800292969e+00
3.572541952133178711e+00
4.533735275268554688e+00
4.530620098114013672e+00
4.620768070220947266e+00
3.936087846755981445e+00
3.811860084533691406e+00
4.584494829177856445e+00
4.994224786758422852e+00
3.801819086074829102e+00
4.637418985366821289e+00
3.753226995468139648e+00
4.763283967971801758e+00
3.745759963989257812e+00
4.940370082855224609e+00
5.166285991668701172e+00
4.996973037719726562e+00
3.732412099838256836e+00
4.472943067550659180e+00
4.151871919631958008e+00
4.770101070404052734e+00
4.962015867233276367e+00
4.267710208892822266e+00
4.569079160690307617e+00
5.162108898162841797e+00
5.211760997772216797e+00
3.574106931686401367e+00
4.443670988082885742e+00
4.758494853973388672e+00
4.824381828308105469e+00
5.091273069381713867e+00
3.227800846099853516e+00
3.381949186325073242e+00
4.931585788726806641e+00
5.243429899215698242e+00
3.884409666061401367e+00
4.510254859924316406e+00
5.250098943710327148e+00
5.149374246597290039e+00
4.601598978042602539e+00
3.019027948379516602e+00
4.901759147644042969e+00
4.852437019348144531e+00
2.922377109527587891e+00
4.673770666122436523e+00
6.083611965179443359e+00
4.838529109954833984e+00
3.996680974960327148e+00
3.582201957702636719e+00
4.796882867813110352e+00
4.248988151550292969e+00
4.992107868194580078e+00
4.942748785018920898e+00
4.339073657989501953e+00
4.578515768051147461e+00
3.829073905944824219e+00
4.810748815536499023e+00
5.155732870101928711e+00
4.982403039932250977e+00
5.431004047393798828e+00
3.935548067092895508e+00
4.038338184356689453e+00
4.118075132369995117e+00
3.434139013290405273e+00
3.208946943283081055e+00
5.283990621566772461e+00
4.839910984039306641e+00
3.341625928878784180e+00
3.958332777023315430e+00
4.181895971298217773e+00
3.495473861694335938e+00
4.282108306884765625e+00
3.979235172271728516e+00
3.969365835189819336e+00
4.071482181549072266e+00
4.244072914123535156e+00
4.664050817489624023e+00
3.404976844787597656e+00
4.061524152755737305e+00
2.989440917968750000e+00
2.256824016571044922e+00
4.106956005096435547e+00
4.188315153121948242e+00
2.896077156066894531e+00
5.154258012771606445e+00
4.319301843643188477e+00
3.623275756835937500e+00
3.377673149108886719e+00
3.651621818542480469e+00
3.469799757003784180e+00
4.034062147140502930e+00
3.425087213516235352e+00
4.125687122344970703e+00
4.552699089050292969e+00
4.166463136672973633e+00
3.868811845779418945e+00
4.130553960800170898e+00
4.401407003402709961e+00
3.245338916778564453e+00
5.028475046157836914e+00
2.476970911026000977e+00
3.687114000320434570e+00
2.769467115402221680e+00
3.900355100631713867e+00
2.966295719146728516e+00
3.452666997909545898e+00
4.333798885345458984e+00
3.327610015869140625e+00
3.188427925109863281e+00
3.983472824096679688e+00
4.071699857711791992e+00
4.007189035415649414e+00
3.310446977615356445e+00
5.256581783294677734e+00
3.450839757919311523e+00
4.108232736587524414e+00
4.028801918029785156e+00
4.834929943084716797e+00
5.427310943603515625e+00
4.102728128433227539e+00
3.112325906753540039e+00
4.476805925369262695e+00
6.010519027709960938e+00
3.656286954879760742e+00
5.435462951660156250e+00
5.938743591308593750e+00
3.131097078323364258e+00
3.521603107452392578e+00
3.569056034088134766e+00
4.637085914611816406e+00
3.513806104660034180e+00
4.124060869216918945e+00
3.466255903244018555e+00
3.330014944076538086e+00
3.605239868164062500e+00
4.983973979949951172e+00
3.679882049560546875e+00
5.484172821044921875e+00
2.868192195892333984e+00
3.545766115188598633e+00
5.157255887985229492e+00
3.682388067245483398e+00
4.176975250244140625e+00
2.698502779006958008e+00
3.995984315872192383e+00
3.357151031494140625e+00
2.940212965011596680e+00
3.652757167816162109e+00
3.569815874099731445e+00
3.842424869537353516e+00
5.325242042541503906e+00
3.363569974899291992e+00
3.065299987792968750e+00
2.895077943801879883e+00
3.660835981369018555e+00
4.153460979461669922e+00
4.144462108612060547e+00
3.040006160736083984e+00
3.972110986709594727e+00
4.493637084960937500e+00
4.579797029495239258e+00
3.774184942245483398e+00
3.047165870666503906e+00
2.809311866760253906e+00
2.821418046951293945e+00
2.626619815826416016e+00
5.298162221908569336e+00
4.339982032775878906e+00
3.151415824890136719e+00
3.496160030364990234e+00
3.523492097854614258e+00
3.101680040359497070e+00
3.543114900588989258e+00
3.045483112335205078e+00
3.854567766189575195e+00
4.744513988494873047e+00
3.814404249191284180e+00
3.671300888061523438e+00
4.799406290054321289e+00
4.278075218200683594e+00
3.928412914276123047e+00
3.022873163223266602e+00
3.124039888381958008e+00
4.681559085845947266e+00
4.793592214584350586e+00
4.594109773635864258e+00
3.582111120223999023e+00
2.646629810333251953e+00
3.703234672546386719e+00
4.544033050537109375e+00
4.068458318710327148e+00
3.296358823776245117e+00
3.268580198287963867e+00
4.442376136779785156e+00
3.840019941329956055e+00
2.793653249740600586e+00
4.185542821884155273e+00
4.864363908767700195e+00
2.330919981002807617e+00
3.775660037994384766e+00
3.570560216903686523e+00
4.056825876235961914e+00
4.604573011398315430e+00
2.561574935913085938e+00
2.484817981719970703e+00
4.675634860992431641e+00
3.906662940979003906e+00
3.931422948837280273e+00
3.800209760665893555e+00
2.440327882766723633e+00
6.272508144378662109e+00
4.826115131378173828e+00
2.575679063796997070e+00
3.963827848434448242e+00
3.545184850692749023e+00
3.217431068420410156e+00
3.389733076095581055e+00
2.663158178329467773e+00
4.355466842651367188e+00
2.655910968780517578e+00
3.101678848266601562e+00
3.547504901885986328e+00
2.940862894058227539e+00
2.620820999145507812e+00
4.136138677597045898e+00
2.975267887115478516e+00
3.722948312759399414e+00
3.005249023437500000e+00
3.378144979476928711e+00
3.211772203445434570e+00
3.749494075775146484e+00
2.953616142272949219e+00
3.656101703643798828e+00
3.672384023666381836e+00
3.009150028228759766e+00
3.031213998794555664e+00
2.977728843688964844e+00
3.022885322570800781e+00
2.975064992904663086e+00
3.714223146438598633e+00
2.549454212188720703e+00
3.026007175445556641e+00
3.029560089111328125e+00
2.964516878128051758e+00
2.878226041793823242e+00
3.733616828918457031e+00
3.120848894119262695e+00
3.412340164184570312e+00
3.443712949752807617e+00
3.329864978790283203e+00
3.197444915771484375e+00
3.572651147842407227e+00
3.637785911560058594e+00
4.484506845474243164e+00
2.755514144897460938e+00
4.101494073867797852e+00
3.548211097717285156e+00
3.377786159515380859e+00
4.183704137802124023e+00
4.081187963485717773e+00
3.079990148544311523e+00
3.514303207397460938e+00
3.797201871871948242e+00
3.509490966796875000e+00
3.301990270614624023e+00
3.258510112762451172e+00
3.494713783264160156e+00
3.214068889617919922e+00
2.580390930175781250e+00
3.468488931655883789e+00
3.543762922286987305e+00
3.532340288162231445e+00
4.396287918090820312e+00
3.321544885635375977e+00
3.357672929763793945e+00
2.939388275146484375e+00
2.916169881820678711e+00
3.745604276657104492e+00
3.620138168334960938e+00
3.878459930419921875e+00
4.158160686492919922e+00
3.523987054824829102e+00
3.709259033203125000e+00
3.233283042907714844e+00
3.906769037246704102e+00
3.965229034423828125e+00
3.592230796813964844e+00
3.259247064590454102e+00
4.027815818786621094e+00
3.166293859481811523e+00
3.516457080841064453e+00
3.579286098480224609e+00
3.624281883239746094e+00
3.786078214645385742e+00
3.434792995452880859e+00
3.698660135269165039e+00
3.911831140518188477e+00
3.614451885223388672e+00
4.025094985961914062e+00
3.354536771774291992e+00
3.360908031463623047e+00
3.239910125732421875e+00
3.751948833465576172e+00
4.314990758895874023e+00
3.605029821395874023e+00
3.886370182037353516e+00
3.850312948226928711e+00
3.989074230194091797e+00
3.617917060852050781e+00
3.802418947219848633e+00
3.822741985321044922e+00
3.896250963211059570e+00
4.067127704620361328e+00
3.949097871780395508e+00
4.022950887680053711e+00
3.992007255554199219e+00
4.265215873718261719e+00
4.127583026885986328e+00
3.606598138809204102e+00
4.701222896575927734e+00
4.274775028228759766e+00
3.018544912338256836e+00
3.960587024688720703e+00
3.524836063385009766e+00
3.760487079620361328e+00
3.991592168807983398e+00
3.473599910736083984e+00
3.119959115982055664e+00
4.121518135070800781e+00
4.371760129928588867e+00
4.280460834503173828e+00
3.782941818237304688e+00
4.574615001678466797e+00
3.790596723556518555e+00
3.812655687332153320e+00
4.465518951416015625e+00
3.933780193328857422e+00
3.608493804931640625e+00
3.746837854385375977e+00
3.728755950927734375e+00
4.491503953933715820e+00
2.875962972640991211e+00
3.853312969207763672e+00
3.595417022705078125e+00
4.612470865249633789e+00
4.470000743865966797e+00
3.447430372238159180e+00
3.374519824981689453e+00
3.484575033187866211e+00
3.471387863159179688e+00
3.434627056121826172e+00
4.551563024520874023e+00
3.626024007797241211e+00
2.862812995910644531e+00
4.038146257400512695e+00
4.626008749008178711e+00
4.045747995376586914e+00
3.726203918457031250e+00
3.576777935028076172e+00
4.623713016510009766e+00
3.819059133529663086e+00
3.538889169692993164e+00
4.079113960266113281e+00
3.428048133850097656e+00
4.093255996704101562e+00
4.657513856887817383e+00
3.728373765945434570e+00
3.836963176727294922e+00
4.508832931518554688e+00
4.573990345001220703e+00
3.433369636535644531e+00
3.746224880218505859e+00
3.856721878051757812e+00
3.619087219238281250e+00
3.909671783447265625e+00
3.651956796646118164e+00
3.884353160858154297e+00
4.951652765274047852e+00
3.569220304489135742e+00
4.192207098007202148e+00
4.395220041275024414e+00
3.220499753952026367e+00
5.020494937896728516e+00
3.244421243667602539e+00
3.209169864654541016e+00
4.986735820770263672e+00
4.777638912200927734e+00
3.795910120010375977e+00
3.297179937362670898e+00
3.871766090393066406e+00
3.550376892089843750e+00
3.738034725189208984e+00
4.137149095535278320e+00
4.458368062973022461e+00
4.141705036163330078e+00
4.413443088531494141e+00
3.096342086791992188e+00
5.100870847702026367e+00
3.440822124481201172e+00
4.197908878326416016e+00
3.978442192077636719e+00
4.590583086013793945e+00
3.238580942153930664e+00
5.459286928176879883e+00
4.243904113769531250e+00
3.785174131393432617e+00
4.093283176422119141e+00
4.232208251953125000e+00
3.529148101806640625e+00
4.461197137832641602e+00
5.184726953506469727e+00
4.579380989074707031e+00
4.271427869796752930e+00
3.345988035202026367e+00
4.527844905853271484e+00
5.417433023452758789e+00
3.431701183319091797e+00
4.776993989944458008e+00
3.651574850082397461e+00
3.634266138076782227e+00
3.927179098129272461e+00
3.040562868118286133e+00
3.744661092758178711e+00
4.587594032287597656e+00
4.760054111480712891e+00
4.122574090957641602e+00
3.624031066894531250e+00
4.500808000564575195e+00
2.659775018692016602e+00
3.611731290817260742e+00
3.681406259536743164e+00
3.668090105056762695e+00
4.022997140884399414e+00
3.966778039932250977e+00
4.613186836242675781e+00
3.838905096054077148e+00
4.823795080184936523e+00
3.975193738937377930e+00
3.765088796615600586e+00
3.792901992797851562e+00
3.869692802429199219e+00
3.761194944381713867e+00
3.813907146453857422e+00
3.650636911392211914e+00
3.566531181335449219e+00
3.832446813583374023e+00
3.481003999710083008e+00
2.976659059524536133e+00
5.060964107513427734e+00
2.903951883316040039e+00
3.523499965667724609e+00
4.423084020614624023e+00
3.953768014907836914e+00
3.549443006515502930e+00
2.881751060485839844e+00
2.953742980957031250e+00
3.007985830307006836e+00
3.727945327758789062e+00
4.164062976837158203e+00
2.929814815521240234e+00
3.823451995849609375e+00
3.405732154846191406e+00
4.761569023132324219e+00
3.622454166412353516e+00
4.020092248916625977e+00
4.067483186721801758e+00
3.764682054519653320e+00
3.756160974502563477e+00
3.699285984039306641e+00
3.821779966354370117e+00
3.776665925979614258e+00
3.797779083251953125e+00
4.057209730148315430e+00
3.667916774749755859e+00
3.149783134460449219e+00
3.128148078918457031e+00
3.376055955886840820e+00
3.090872049331665039e+00
3.996542930603027344e+00
5.030536890029907227e+00
3.916494131088256836e+00
3.889270067214965820e+00
3.287909746170043945e+00
4.346351146697998047e+00
3.940325260162353516e+00
2.798817873001098633e+00
3.999855041503906250e+00
3.992726087570190430e+00
3.977199792861938477e+00
3.183975934982299805e+00
4.392950773239135742e+00
3.178615093231201172e+00
4.199350118637084961e+00
4.630825996398925781e+00
4.115042924880981445e+00
3.174417018890380859e+00
3.395313978195190430e+00
3.102223873138427734e+00
3.505336761474609375e+00
3.481061697006225586e+00
3.247611999511718750e+00
3.719165086746215820e+00
3.320008039474487305e+00
3.579383850097656250e+00
4.651851892471313477e+00
3.803260803222656250e+00
3.597784042358398438e+00
3.285891771316528320e+00
3.502424001693725586e+00
3.649289846420288086e+00
2.766845941543579102e+00
4.725316762924194336e+00
2.709708213806152344e+00
3.404779911041259766e+00
3.720923900604248047e+00
4.113451004028320312e+00
3.382506847381591797e+00
3.189782857894897461e+00
3.049031972885131836e+00
3.316879034042358398e+00
3.321665048599243164e+00
3.532862186431884766e+00
2.930917978286743164e+00
3.702108860015869141e+00
3.268332004547119141e+00
3.217815876007080078e+00
3.467973232269287109e+00
3.232128858566284180e+00
2.880414247512817383e+00
4.293434143066406250e+00
4.299030065536499023e+00
3.313904762268066406e+00
3.533285140991210938e+00
3.452569246292114258e+00
3.386642932891845703e+00
4.095752000808715820e+00
4.348010063171386719e+00
3.482597827911376953e+00
4.450002908706665039e+00
5.233564853668212891e+00
3.185312032699584961e+00
4.212341070175170898e+00
4.540388822555541992e+00
3.562587738037109375e+00
3.419819116592407227e+00
3.784777879714965820e+00
3.272293090820312500e+00
3.761420726776123047e+00
3.612675905227661133e+00
3.121129035949707031e+00
3.953954935073852539e+00
3.763306379318237305e+00
2.880943059921264648e+00
3.754544973373413086e+00
4.851152896881103516e+00
3.452686071395874023e+00
3.874594211578369141e+00
3.827800035476684570e+00
3.569983959197998047e+00
5.004697084426879883e+00
4.578485965728759766e+00
4.172091007232666016e+00
4.788726091384887695e+00
3.132503986358642578e+00
3.944387912750244141e+00
3.931603908538818359e+00
4.175904035568237305e+00
4.426927089691162109e+00
4.467748165130615234e+00
4.757841825485229492e+00
4.419107913970947266e+00
3.324820041656494141e+00
4.213696002960205078e+00
3.174880027770996094e+00
4.226071119308471680e+00
4.122532129287719727e+00
4.215784072875976562e+00
4.121765851974487305e+00
3.621865272521972656e+00
4.260734796524047852e+00
3.709529876708984375e+00
4.426131010055541992e+00
4.397679090499877930e+00
3.072637796401977539e+00
4.566759824752807617e+00
4.592808246612548828e+00
3.949531793594360352e+00
4.333487987518310547e+00
3.819352865219116211e+00
3.713359832763671875e+00
4.695455312728881836e+00
3.685324192047119141e+00
4.050839185714721680e+00
3.801681041717529297e+00
4.600322961807250977e+00
4.681489706039428711e+00
4.648022890090942383e+00
3.753478288650512695e+00
4.078182935714721680e+00
3.425648927688598633e+00
3.564540863037109375e+00
3.380165338516235352e+00
4.035366296768188477e+00
4.591142892837524414e+00
4.066776752471923828e+00
3.647135972976684570e+00
3.907793998718261719e+00
3.633092880249023438e+00
4.150532960891723633e+00
4.629769086837768555e+00
3.946067094802856445e+00
3.044847965240478516e+00
2.627893209457397461e+00
3.470831871032714844e+00
3.838200092315673828e+00
5.128850936889648438e+00
4.149888992309570312e+00
3.477165937423706055e+00
4.250685930252075195e+00
3.891665697097778320e+00
4.227288007736206055e+00
3.519042015075683594e+00
3.447796106338500977e+00
4.947576761245727539e+00
3.719475984573364258e+00
3.878846168518066406e+00
4.076617956161499023e+00
3.467597246170043945e+00
3.442836999893188477e+00
4.871940135955810547e+00
4.443089962005615234e+00
3.999763965606689453e+00
4.913427114486694336e+00
3.676431655883789062e+00
3.603996038436889648e+00
3.703448057174682617e+00
4.955106973648071289e+00
3.974987983703613281e+00
4.825267791748046875e+00
3.555135965347290039e+00
4.473799943923950195e+00
4.286889076232910156e+00
3.660389184951782227e+00
3.238504886627197266e+00
4.532034635543823242e+00
4.465565204620361328e+00
4.026868820190429688e+00
4.366274118423461914e+00
5.057021856307983398e+00
4.455154895782470703e+00
3.933790922164916992e+00
2.990786075592041016e+00
3.400932073593139648e+00
4.176440000534057617e+00
4.631228923797607422e+00
3.405461072921752930e+00
3.502192258834838867e+00
2.681643962860107422e+00
4.264171838760375977e+00
4.232537746429443359e+00
4.662386894226074219e+00
4.855965852737426758e+00
3.344991922378540039e+00
3.970044136047363281e+00
4.191569805145263672e+00
3.768040895462036133e+00
4.936995267868041992e+00
2.596812963485717773e+00
4.988152742385864258e+00
4.629611968994140625e+00
4.280110836029052734e+00
3.825112104415893555e+00
4.659011840820312500e+00
5.130260944366455078e+00
4.014254808425903320e+00
4.116302013397216797e+00
4.214248895645141602e+00
5.018239021301269531e+00
2.595034122467041016e+00
4.003804922103881836e+00
3.012878179550170898e+00
4.435158014297485352e+00
4.266281843185424805e+00
2.917181015014648438e+00
4.345443010330200195e+00
3.889872789382934570e+00
5.069757938385009766e+00
4.619463205337524414e+00
5.042860031127929688e+00
4.158230066299438477e+00
3.357542276382446289e+00
5.968406915664672852e+00
3.151205778121948242e+00
5.121320009231567383e+00
5.322151899337768555e+00
3.437763929367065430e+00
5.333016157150268555e+00
4.376097917556762695e+00
3.787704229354858398e+00
3.756694793701171875e+00
3.564345121383666992e+00
4.250206947326660156e+00
3.663781166076660156e+00
4.729959964752197266e+00
5.821511030197143555e+00
5.180026054382324219e+00
3.952970981597900391e+00
3.157082080841064453e+00
4.907663822174072266e+00
3.866478204727172852e+00
4.131289005279541016e+00
5.135994911193847656e+00
3.702260017395019531e+00
3.935164928436279297e+00
4.916451692581176758e+00
4.549684047698974609e+00
4.511739015579223633e+00
3.518253803253173828e+00
3.788666009902954102e+00
3.862704277038574219e+00
3.825983047485351562e+00
4.890060901641845703e+00
4.702573060989379883e+00
4.132740974426269531e+00
4.473773717880249023e+00
4.297162055969238281e+00
4.281671285629272461e+00
4.361529111862182617e+00
4.097474813461303711e+00
3.532518148422241211e+00
5.432175874710083008e+00
5.470096111297607422e+00
2.919866800308227539e+00
4.508484125137329102e+00
4.608855962753295898e+00
5.130180835723876953e+00
4.720071077346801758e+00
5.092732906341552734e+00
3.952183961868286133e+00
5.359766960144042969e+00
4.464659929275512695e+00
3.146778106689453125e+00
2.769545078277587891e+00
4.447091102600097656e+00
3.840644836425781250e+00
2.989769935607910156e+00
4.463428020477294922e+00
3.836947917938232422e+00
3.850715160369873047e+00
3.872879981994628906e+00
3.847855329513549805e+00
5.711637973785400391e+00
2.918678998947143555e+00
2.990468740463256836e+00
3.999438762664794922e+00
3.010086297988891602e+00
3.103600025177001953e+00
3.319016933441162109e+00
4.952259063720703125e+00
4.019971132278442383e+00
3.112960100173950195e+00
4.163034677505493164e+00
2.032769918441772461e+00
5.044432878494262695e+00
3.001334905624389648e+00
3.960983991622924805e+00
4.338893890380859375e+00
4.694729089736938477e+00
4.441485881805419922e+00
4.230280876159667969e+00
5.094819068908691406e+00
2.975608110427856445e+00
2.303240776062011719e+00
4.872117042541503906e+00
4.413755893707275391e+00
3.445724964141845703e+00
5.004953861236572266e+00
3.158068895339965820e+00
3.510926961898803711e+00
3.120897054672241211e+00
3.037505149841308594e+00
3.767060995101928711e+00
2.814287900924682617e+00
4.202944993972778320e+00
4.270610094070434570e+00
3.571142911911010742e+00
2.605081796646118164e+00
4.813082218170166016e+00
3.410105943679809570e+00
4.921481132507324219e+00
2.911083936691284180e+00
2.996162891387939453e+00
4.406299114227294922e+00
2.610527992248535156e+00
3.565567970275878906e+00
2.670398950576782227e+00
3.063502788543701172e+00
4.357490062713623047e+00
3.646532773971557617e+00
4.399093151092529297e+00
3.343848943710327148e+00
3.684851408004760742e+00
4.985088109970092773e+00
3.845395803451538086e+00
3.767795085906982422e+00
3.175511121749877930e+00
3.735980987548828125e+00
2.707871198654174805e+00
2.719779014587402344e+00
5.294132947921752930e+00
3.458716869354248047e+00
2.902958869934082031e+00
5.519923210144042969e+00
3.245169878005981445e+00
6.622070074081420898e+00
3.579926967620849609e+00
3.175764083862304688e+00
3.242675065994262695e+00
6.295270919799804688e+00
3.260462999343872070e+00
2.467385053634643555e+00
2.860718727111816406e+00
3.741584062576293945e+00
3.632862806320190430e+00
3.284904241561889648e+00
3.902035951614379883e+00
4.192344903945922852e+00
3.684128999710083008e+00
5.328855991363525391e+00
2.988685846328735352e+00
2.878067970275878906e+00
5.000101089477539062e+00
6.359773159027099609e+00
5.027750968933105469e+00
6.900188922882080078e+00
5.506790876388549805e+00
3.189769029617309570e+00
3.138726949691772461e+00
3.465479850769042969e+00
3.087002038955688477e+00
6.723239183425903320e+00
3.107003927230834961e+00
3.076531171798706055e+00
3.251152038574218750e+00
4.002074956893920898e+00
6.969156265258789062e+00
3.150963068008422852e+00
3.395803213119506836e+00
6.346211910247802734e+00
6.375735759735107422e+00
3.667690992355346680e+00
3.485033988952636719e+00
3.547180891036987305e+00
3.529960155487060547e+00
3.272212028503417969e+00
3.905731201171875000e+00
6.670329093933105469e+00
4.018460988998413086e+00
4.199890375137329102e+00
3.611249923706054688e+00
3.633225917816162109e+00
3.751019001007080078e+00
3.465193986892700195e+00
3.722965955734252930e+00
4.038130998611450195e+00
3.775378942489624023e+00
3.788924932479858398e+00
3.835947751998901367e+00
3.797341346740722656e+00
6.989813089370727539e+00
3.853596925735473633e+00
3.164920091629028320e+00
2.992441654205322266e+00
3.435858011245727539e+00
4.048210859298706055e+00
2.919589281082153320e+00
3.513198852539062500e+00
3.293947219848632812e+00
4.933613777160644531e+00
2.866170883178710938e+00
3.654470682144165039e+00
3.216119050979614258e+00
3.641101837158203125e+00
3.090220689773559570e+00
3.540583848953247070e+00
4.984519004821777344e+00
4.949786901473999023e+00
3.898937225341796875e+00
3.817282199859619141e+00
3.864741325378417969e+00
3.846688032150268555e+00
3.878951787948608398e+00
3.366071939468383789e+00
4.026212930679321289e+00
3.954293251037597656e+00
3.812991857528686523e+00
3.925529956817626953e+00
4.035521984100341797e+00
3.978588342666625977e+00
4.520679950714111328e+00
3.840200901031494141e+00
4.768197298049926758e+00
3.552136182785034180e+00
4.010971069335937500e+00
3.751348972320556641e+00
3.790837049484252930e+00
4.204152822494506836e+00
4.263988971710205078e+00
4.133275032043457031e+00
3.973726272583007812e+00
3.841038227081298828e+00
3.881276130676269531e+00
4.986308097839355469e+00
4.070224761962890625e+00
3.859237909317016602e+00
3.726462841033935547e+00
4.119154930114746094e+00
4.990754842758178711e+00
3.227823972702026367e+00
3.637482166290283203e+00
4.945650339126586914e+00
5.027127027511596680e+00
5.459299087524414062e+00
4.080949783325195312e+00
4.190656185150146484e+00
4.163403987884521484e+00
4.701920986175537109e+00
4.066357135772705078e+00
4.243916034698486328e+00
4.479345083236694336e+00
4.839140176773071289e+00
4.210155963897705078e+00
5.225934982299804688e+00
5.053588151931762695e+00
5.644731998443603516e+00
3.985831975936889648e+00
3.873932600021362305e+00
3.832904100418090820e+00
5.699999094009399414e+00
4.711081981658935547e+00
5.231153011322021484e+00
5.061219930648803711e+00
3.452841043472290039e+00
5.233782052993774414e+00
4.074527978897094727e+00
5.585019111633300781e+00
4.292916059494018555e+00
5.041724920272827148e+00
5.230733156204223633e+00
5.728672981262207031e+00
5.335868120193481445e+00
3.880637884140014648e+00
5.359966993331909180e+00
4.552452087402343750e+00
4.609495162963867188e+00
5.398896932601928711e+00
3.564908981323242188e+00
4.264067888259887695e+00
4.001409769058227539e+00
5.893239021301269531e+00
3.683643102645874023e+00
4.579573154449462891e+00
4.453387022018432617e+00
6.115343809127807617e+00
3.805678129196166992e+00
3.919586896896362305e+00
3.832767009735107422e+00
4.597068071365356445e+00
3.927828788757324219e+00
4.255239248275756836e+00
4.721238136291503906e+00
5.110330104827880859e+00
4.595219850540161133e+00
5.615302801132202148e+00
5.104138851165771484e+00
5.203109264373779297e+00
4.494106769561767578e+00
4.649707078933715820e+00
4.437579631805419922e+00
5.490943908691406250e+00
4.873532295227050781e+00
4.260996103286743164e+00
4.870025396347045898e+00
3.837156057357788086e+00
4.702151775360107422e+00
5.332814931869506836e+00
4.935177087783813477e+00
5.167792081832885742e+00
4.885124206542968750e+00
4.831228971481323242e+00
5.485001802444458008e+00
4.866759061813354492e+00
6.212229013442993164e+00
3.634083747863769531e+00
4.949726819992065430e+00
4.841258049011230469e+00
8.166464090347290039e+00
5.878220081329345703e+00
4.775494813919067383e+00
4.879408359527587891e+00
5.550420999526977539e+00
5.661347866058349609e+00
4.711983919143676758e+00
4.102705240249633789e+00
5.580008029937744141e+00
4.177581071853637695e+00
5.691304922103881836e+00
4.888236045837402344e+00
5.078416824340820312e+00
4.830454826354980469e+00
3.703351020812988281e+00
5.461773157119750977e+00
4.601082801818847656e+00
2.752865076065063477e+00
4.426576137542724609e+00
3.692582845687866211e+00
4.338505983352661133e+00
4.233784198760986328e+00
4.516032934188842773e+00
4.347740173339843750e+00
5.086169958114624023e+00
5.935828924179077148e+00
3.665605783462524414e+00
3.246391057968139648e+00
6.127296209335327148e+00
4.661935091018676758e+00
4.670821189880371094e+00
5.212752103805541992e+00
4.857840061187744141e+00
4.393649816513061523e+00
5.031825780868530273e+00
5.885733842849731445e+00
5.864070892333984375e+00
5.754710912704467773e+00
8.647225856781005859e+00
4.804070949554443359e+00
4.258121013641357422e+00
4.280358076095581055e+00
7.902507066726684570e+00
4.224363088607788086e+00
2.932912826538085938e+00
5.172577619552612305e+00
4.302721977233886719e+00
3.114997148513793945e+00
5.175973892211914062e+00
4.796359062194824219e+00
5.736774921417236328e+00
5.187774896621704102e+00
5.085994005203247070e+00
5.101562023162841797e+00
3.015623807907104492e+00
4.993952035903930664e+00
4.354862689971923828e+00
5.716583728790283203e+00
4.474863052368164062e+00
5.832966804504394531e+00
3.131386041641235352e+00
5.137836694717407227e+00
5.576968908309936523e+00
2.199430942535400391e+00
5.453896999359130859e+00
4.468482017517089844e+00
3.740854978561401367e+00
4.381376981735229492e+00
2.916154146194458008e+00
4.640470743179321289e+00
2.370779991149902344e+00
2.373064994812011719e+00
3.369667053222656250e+00
2.403715133666992188e+00
3.060356140136718750e+00
4.680992126464843750e+00
3.784116983413696289e+00
5.228600263595581055e+00
5.186796903610229492e+00
5.306591033935546875e+00
3.602380990982055664e+00
3.298943996429443359e+00
3.402053833007812500e+00
3.515000104904174805e+00
5.823667049407958984e+00
4.849358081817626953e+00
4.410190820693969727e+00
5.603652715682983398e+00
5.653910160064697266e+00
3.024850845336914062e+00
4.867593050003051758e+00
3.550917863845825195e+00
4.887784957885742188e+00
4.107154846191406250e+00
3.516432046890258789e+00
4.903457880020141602e+00
5.673736095428466797e+00
5.532712936401367188e+00
3.715322971343994141e+00
4.482527017593383789e+00
4.400415897369384766e+00
4.940351009368896484e+00
4.943130970001220703e+00
4.144659996032714844e+00
4.814055204391479492e+00
5.721426963806152344e+00
4.486484050750732422e+00
5.481465101242065430e+00
5.658846139907836914e+00
5.018253087997436523e+00
3.787926912307739258e+00
4.316233873367309570e+00
5.864588737487792969e+00
4.667057991027832031e+00
5.753280878067016602e+00
4.392483949661254883e+00
4.364732980728149414e+00
3.207303047180175781e+00
2.900665998458862305e+00
5.852602005004882812e+00
4.343406677246093750e+00
6.280322074890136719e+00
2.887182235717773438e+00
2.930535793304443359e+00
4.436246156692504883e+00
5.904155731201171875e+00
5.956269025802612305e+00
2.933106184005737305e+00
5.172142028808593750e+00
4.768609046936035156e+00
3.305635213851928711e+00
3.400583982467651367e+00
6.832031965255737305e+00
2.893671035766601562e+00
3.186907052993774414e+00
4.257778167724609375e+00
5.324923992156982422e+00
3.128852128982543945e+00
2.519979953765869141e+00
4.573727130889892578e+00
3.460602045059204102e+00
4.628527879714965820e+00
4.040827035903930664e+00
5.453890085220336914e+00
2.687515258789062500e+00
3.178252935409545898e+00
3.258428096771240234e+00
3.405447244644165039e+00
3.507376194000244141e+00
3.252218008041381836e+00
2.848142147064208984e+00
3.273753881454467773e+00
3.372423171997070312e+00
2.377919912338256836e+00
3.828469038009643555e+00
2.982471227645874023e+00
2.521569728851318359e+00
3.487114906311035156e+00
3.153706073760986328e+00
5.067291021347045898e+00
2.485265970230102539e+00
3.479226827621459961e+00
3.231224775314331055e+00
4.553800821304321289e+00
3.316803216934204102e+00
3.650259017944335938e+00
3.247689962387084961e+00
3.304175138473510742e+00
2.349244117736816406e+00
3.257921934127807617e+00
3.584458827972412109e+00
3.855010032653808594e+00
3.230567216873168945e+00
3.287756919860839844e+00
3.333655118942260742e+00
3.446172952651977539e+00
3.633254289627075195e+00
2.652060270309448242e+00
3.326798200607299805e+00
3.266555786132812500e+00
3.352746009826660156e+00
4.870256185531616211e+00
3.083675861358642578e+00
3.498439788818359375e+00
3.187136888504028320e+00
3.387392997741699219e+00
3.345272064208984375e+00
3.125025987625122070e+00
3.239531993865966797e+00
3.781594753265380859e+00
3.340350866317749023e+00
3.516560792922973633e+00
2.705036163330078125e+00
3.052299022674560547e+00
2.880466938018798828e+00
3.496362924575805664e+00
3.431458711624145508e+00
2.744307041168212891e+00
4.777841329574584961e+00
2.810124158859252930e+00
2.977093219757080078e+00
3.994544982910156250e+00
2.703002214431762695e+00
2.932916164398193359e+00
3.395824909210205078e+00
3.744123935699462891e+00
3.693260908126831055e+00
3.296391963958740234e+00
3.275264024734497070e+00
3.840547800064086914e+00
3.778409004211425781e+00
3.138107061386108398e+00
3.444840192794799805e+00
3.418632030487060547e+00
3.379292964935302734e+00
3.524476766586303711e+00
2.903754949569702148e+00
3.213721752166748047e+00
3.232234001159667969e+00
3.835783958435058594e+00
3.391064882278442383e+00
3.908295869827270508e+00
3.428935050964355469e+00
3.757373094558715820e+00
3.386548995971679688e+00
4.039231061935424805e+00
3.300894975662231445e+00
6.782367944717407227e+00
3.382745981216430664e+00
3.381517887115478516e+00
3.157893896102905273e+00
3.135413885116577148e+00
3.161500930786132812e+00
4.235934972763061523e+00
4.253343820571899414e+00
4.178983926773071289e+00
3.219480991363525391e+00
3.686203002929687500e+00
3.814305067062377930e+00
3.671576976776123047e+00
2.303974866867065430e+00
4.262012958526611328e+00
3.385967016220092773e+00
3.551365137100219727e+00
3.217181205749511719e+00
3.281291961669921875e+00
2.217257976531982422e+00
6.274024009704589844e+00
3.130984067916870117e+00
3.469777107238769531e+00
3.562434911727905273e+00
4.277462005615234375e+00
2.727459669113159180e+00
2.299236297607421875e+00
3.837661981582641602e+00
3.557868003845214844e+00
4.383862972259521484e+00
3.746566057205200195e+00
2.370937108993530273e+00
3.703231811523437500e+00
3.587877035140991211e+00
3.715139865875244141e+00
2.718360185623168945e+00
2.635458946228027344e+00
4.436529874801635742e+00
4.016340017318725586e+00
3.803756713867187500e+00
2.503869771957397461e+00
2.491440773010253906e+00
3.965778112411499023e+00
4.075375318527221680e+00
4.681852102279663086e+00
4.056442737579345703e+00
2.618549823760986328e+00
3.913580179214477539e+00
3.673838138580322266e+00
3.687551259994506836e+00
4.061596870422363281e+00
2.649861335754394531e+00
3.686351060867309570e+00
3.219443082809448242e+00
4.091717004776000977e+00
4.222379922866821289e+00
3.208811044692993164e+00
4.612257242202758789e+00
4.685601949691772461e+00
4.834452152252197266e+00
3.090463876724243164e+00
4.251136064529418945e+00
4.322766065597534180e+00
3.975969076156616211e+00
3.337992906570434570e+00
3.167116880416870117e+00
3.466068983078002930e+00
3.422149896621704102e+00
3.392385959625244141e+00
3.083281993865966797e+00
3.368604183197021484e+00
4.718513250350952148e+00
3.307760953903198242e+00
3.520031213760375977e+00
4.089576959609985352e+00
4.052649974822998047e+00
3.823254108428955078e+00
4.475986957550048828e+00
3.614462852478027344e+00
4.315803050994873047e+00
3.305001974105834961e+00
3.452862977981567383e+00
4.677863121032714844e+00
3.408087015151977539e+00
4.620632886886596680e+00
3.604430198669433594e+00
3.320153951644897461e+00
5.088234901428222656e+00
4.900823116302490234e+00
3.193383216857910156e+00
5.280915975570678711e+00
4.230917215347290039e+00
4.397712945938110352e+00
2.937866926193237305e+00
4.968527317047119141e+00
3.558485984802246094e+00
4.377087831497192383e+00
3.179119110107421875e+00
4.929191112518310547e+00
3.394723892211914062e+00
3.362682819366455078e+00
3.649627923965454102e+00
2.980301141738891602e+00
3.448283195495605469e+00
3.422345876693725586e+00
3.420001983642578125e+00
3.225275993347167969e+00
3.381459951400756836e+00
4.372385978698730469e+00
3.170728921890258789e+00
3.148844003677368164e+00
3.288769006729125977e+00
4.421079158782958984e+00
3.203780174255371094e+00
3.500813007354736328e+00
3.595590829849243164e+00
3.603776931762695312e+00
2.344857931137084961e+00
3.523028850555419922e+00
3.126476049423217773e+00
4.261515140533447266e+00
3.624472141265869141e+00
3.608797073364257812e+00
2.863155126571655273e+00
3.577496290206909180e+00
4.013745069503784180e+00
4.042577743530273438e+00
4.035277128219604492e+00
4.076889991760253906e+00
2.940736055374145508e+00
3.763416051864624023e+00
2.784315824508666992e+00
4.298715114593505859e+00
4.124409675598144531e+00
4.079435110092163086e+00
3.422802925109863281e+00
3.424463987350463867e+00
3.313484191894531250e+00
4.242779016494750977e+00
4.237939119338989258e+00
4.383876085281372070e+00
3.609190225601196289e+00
5.566287994384765625e+00
4.359428882598876953e+00
3.601835012435913086e+00
4.170048952102661133e+00
3.703424930572509766e+00
4.281204938888549805e+00
4.194936037063598633e+00
2.798315048217773438e+00
4.185957193374633789e+00
4.376083850860595703e+00
3.497239828109741211e+00
3.569986104965209961e+00
3.248982906341552734e+00
3.881443023681640625e+00
3.788655757904052734e+00
3.148197174072265625e+00
3.030272960662841797e+00
3.149379968643188477e+00
2.967116117477416992e+00
3.338899850845336914e+00
2.914488077163696289e+00
3.516379833221435547e+00
3.979115962982177734e+00
4.077258110046386719e+00
2.992753982543945312e+00
3.482856988906860352e+00
3.546464920043945312e+00
3.334671974182128906e+00
3.363991737365722656e+00
4.275678873062133789e+00
4.321581125259399414e+00
4.101076126098632812e+00
3.267601251602172852e+00
3.343949079513549805e+00
4.427541971206665039e+00
4.364747047424316406e+00
4.253014087677001953e+00
3.995941877365112305e+00
3.317029237747192383e+00
4.430397987365722656e+00
3.285138845443725586e+00
3.312612056732177734e+00
3.804282188415527344e+00
3.706194877624511719e+00
4.115355014801025391e+00
3.225954055786132812e+00
3.512588024139404297e+00
3.195513010025024414e+00
2.673608064651489258e+00
3.397550106048583984e+00
3.942317008972167969e+00
4.680551052093505859e+00
2.706852912902832031e+00
3.698440790176391602e+00
3.413289070129394531e+00
4.147999048233032227e+00
4.459937095642089844e+00
2.958655118942260742e+00
3.946245908737182617e+00
3.772541046142578125e+00
4.034082174301147461e+00
3.138291835784912109e+00
3.410443067550659180e+00
3.735368013381958008e+00
5.215321779251098633e+00
3.297573089599609375e+00
3.614457845687866211e+00
3.787593126296997070e+00
3.841956853866577148e+00
3.400317907333374023e+00
4.847845792770385742e+00
3.598263025283813477e+00
4.227076053619384766e+00
3.560443162918090820e+00
3.485141992568969727e+00
4.217392206192016602e+00
4.642303943634033203e+00
4.268997907638549805e+00
3.469988822937011719e+00
3.464977979660034180e+00
3.420928001403808594e+00
4.734925031661987305e+00
3.400276899337768555e+00
3.283758878707885742e+00
3.504925966262817383e+00
3.728440999984741211e+00
3.530675888061523438e+00
4.211551904678344727e+00
4.012646198272705078e+00
4.189334154129028320e+00
3.695999860763549805e+00
5.152528285980224609e+00
4.270641803741455078e+00
5.037481307983398438e+00
2.919178962707519531e+00
4.128788948059082031e+00
4.324990272521972656e+00
4.165416240692138672e+00
3.238864898681640625e+00
3.168524026870727539e+00
4.042885065078735352e+00
3.539999961853027344e+00
3.522325038909912109e+00
3.539081096649169922e+00
4.103485345840454102e+00
4.507485151290893555e+00
3.928529024124145508e+00
3.933426141738891602e+00
3.563794851303100586e+00
5.658281803131103516e+00
3.674642324447631836e+00
3.474480867385864258e+00
3.855647087097167969e+00
3.990335941314697266e+00
3.423225164413452148e+00
3.837245941162109375e+00
3.514863967895507812e+00
4.023790836334228516e+00
3.582144975662231445e+00
3.950678825378417969e+00
3.007878065109252930e+00
3.566323995590209961e+00
3.608924150466918945e+00
4.584135770797729492e+00
2.801343917846679688e+00
2.735288858413696289e+00
3.808550834655761719e+00
4.751265048980712891e+00
3.502340078353881836e+00
3.452237844467163086e+00
3.646322250366210938e+00
3.823837280273437500e+00
3.484617948532104492e+00
3.452972888946533203e+00
4.691831827163696289e+00
3.852218866348266602e+00
3.842833995819091797e+00
3.412615060806274414e+00
4.732033014297485352e+00
3.872089147567749023e+00
3.911494970321655273e+00
5.146312952041625977e+00
5.273198843002319336e+00
3.628887891769409180e+00
4.004089117050170898e+00
4.017304897308349609e+00
3.555418252944946289e+00
2.606864929199218750e+00
3.353214263916015625e+00
3.200897216796875000e+00
3.443947792053222656e+00
4.585690975189208984e+00
3.106774091720581055e+00
5.700326919555664062e+00
3.437944650650024414e+00
5.367937088012695312e+00
3.565665960311889648e+00
4.076802968978881836e+00
4.258735179901123047e+00
3.172707080841064453e+00
3.055495023727416992e+00
4.601311683654785156e+00
4.626821041107177734e+00
4.148901224136352539e+00
3.248422145843505859e+00
3.618105888366699219e+00
4.729748010635375977e+00
3.589161157608032227e+00
3.806715011596679688e+00
3.966168165206909180e+00
3.123537063598632812e+00
4.031316041946411133e+00
3.202263832092285156e+00
4.019906044006347656e+00
3.842935800552368164e+00
3.973285913467407227e+00
4.098335027694702148e+00
3.878564119338989258e+00
3.838376998901367188e+00
4.590070009231567383e+00
3.828409194946289062e+00
3.866102218627929688e+00
3.996986150741577148e+00
3.437746047973632812e+00
3.890802860260009766e+00
4.296916961669921875e+00
4.748802661895751953e+00
3.975047349929809570e+00
3.938585042953491211e+00
3.916819810867309570e+00
4.716140985488891602e+00
3.794640064239501953e+00
3.730422019958496094e+00
3.517984867095947266e+00
4.595580101013183594e+00
4.014053106307983398e+00
3.905752897262573242e+00
2.379707098007202148e+00
3.502920150756835938e+00
4.041847229003906250e+00
3.349597930908203125e+00
3.515751123428344727e+00
3.620069742202758789e+00
4.124984025955200195e+00
3.471779108047485352e+00
3.620060205459594727e+00
3.981135129928588867e+00
3.941743135452270508e+00
2.501116991043090820e+00
2.952868938446044922e+00
4.205704927444458008e+00
3.699613809585571289e+00
4.699292898178100586e+00
3.605356931686401367e+00
3.198293924331665039e+00
3.062207937240600586e+00
2.883700847625732422e+00
3.637259960174560547e+00
3.495878934860229492e+00
2.480208873748779297e+00
3.695797204971313477e+00
3.607200860977172852e+00
3.664575815200805664e+00
3.350466012954711914e+00
3.984530925750732422e+00
3.948520898818969727e+00
4.504845857620239258e+00
2.557143926620483398e+00
3.551436185836791992e+00
3.731367826461791992e+00
2.622906923294067383e+00
4.496416091918945312e+00
3.490018129348754883e+00
3.312592744827270508e+00
3.728290081024169922e+00
3.821281194686889648e+00
4.384826183319091797e+00
2.566480875015258789e+00
3.536041975021362305e+00
3.273641109466552734e+00
4.397473096847534180e+00
3.750559806823730469e+00
3.033180236816406250e+00
2.782008886337280273e+00
3.228099107742309570e+00
4.182006120681762695e+00
4.671106100082397461e+00
3.881853818893432617e+00
3.745157957077026367e+00
3.439486980438232422e+00
3.505399703979492188e+00
4.076098918914794922e+00
3.074114084243774414e+00
4.017263889312744141e+00
4.678017854690551758e+00
4.261427879333496094e+00
3.680245161056518555e+00
3.122906208038330078e+00
2.885782957077026367e+00
4.722385883331298828e+00
2.857294082641601562e+00
4.056554794311523438e+00
4.699092864990234375e+00
3.851620912551879883e+00
3.586793184280395508e+00
3.619497060775756836e+00
3.186894893646240234e+00
3.938751935958862305e+00
3.829629182815551758e+00
4.677969217300415039e+00
4.113355875015258789e+00
3.838901758193969727e+00
4.274319171905517578e+00
3.871043920516967773e+00
4.600270032882690430e+00
3.086949825286865234e+00
3.183279037475585938e+00
3.794470787048339844e+00
4.243773937225341797e+00
4.486703872680664062e+00
3.198459863662719727e+00
4.340935945510864258e+00
4.265038013458251953e+00
4.406937837600708008e+00
4.010923147201538086e+00
4.331747055053710938e+00
3.229184150695800781e+00
4.638908863067626953e+00
5.177068233489990234e+00
3.670016765594482422e+00
4.846056222915649414e+00
3.283606052398681641e+00
3.528928995132446289e+00
4.728765964508056641e+00
3.459048986434936523e+00
3.451362848281860352e+00
3.424649000167846680e+00
3.543152093887329102e+00
3.864626884460449219e+00
2.753007173538208008e+00
4.145334005355834961e+00
4.281587123870849609e+00
3.406692028045654297e+00
3.286503076553344727e+00
3.900618791580200195e+00
5.184608221054077148e+00
3.280913829803466797e+00
4.037662982940673828e+00
4.002332925796508789e+00
3.347370862960815430e+00
3.501306056976318359e+00
2.981406211853027344e+00
4.760031938552856445e+00
4.758553028106689453e+00
3.801765918731689453e+00
4.173126935958862305e+00
4.350299119949340820e+00
5.150654792785644531e+00
3.273161888122558594e+00
3.445665121078491211e+00
4.489450931549072266e+00
4.757953882217407227e+00
4.083737134933471680e+00
3.949096918106079102e+00
4.481678009033203125e+00
3.441110849380493164e+00
4.315738201141357422e+00
3.486975908279418945e+00
6.506870031356811523e+00
3.588345766067504883e+00
4.235907077789306641e+00
4.493238925933837891e+00
4.776156902313232422e+00
4.221899986267089844e+00
3.112884998321533203e+00
4.338696002960205078e+00
3.525336742401123047e+00
4.785362243652343750e+00
4.256310939788818359e+00
4.018547058105468750e+00
4.003862142562866211e+00
4.850104808807373047e+00
5.084041118621826172e+00
4.470409870147705078e+00
3.999424934387207031e+00
3.272011041641235352e+00
3.174844980239868164e+00
2.736595869064331055e+00
2.969426870346069336e+00
3.837024927139282227e+00
3.874196052551269531e+00
4.075498104095458984e+00
4.090794086456298828e+00
3.060805082321166992e+00
4.682965993881225586e+00
2.865482091903686523e+00
4.664321184158325195e+00
3.564966201782226562e+00
4.122586011886596680e+00
4.626473903656005859e+00
3.756842851638793945e+00
4.138652086257934570e+00
3.538250207901000977e+00
4.189250230789184570e+00
5.451933145523071289e+00
3.718662977218627930e+00
2.976997137069702148e+00
3.157756090164184570e+00
3.933103084564208984e+00
3.847232818603515625e+00
4.261512041091918945e+00
4.169176101684570312e+00
4.573216915130615234e+00
4.452240943908691406e+00
5.303169012069702148e+00
4.412734270095825195e+00
3.980271100997924805e+00
4.496606826782226562e+00
4.766702175140380859e+00
5.763164997100830078e+00
4.239886045455932617e+00
4.064121961593627930e+00
3.330154180526733398e+00
3.652704000473022461e+00
4.374032258987426758e+00
4.724498987197875977e+00
5.219439983367919922e+00
5.393678665161132812e+00
4.501769065856933594e+00
3.624898910522460938e+00
4.452765226364135742e+00
3.414910078048706055e+00
5.167551040649414062e+00
4.178499937057495117e+00
4.293159961700439453e+00
3.982583045959472656e+00
4.335165977478027344e+00
5.351776838302612305e+00
5.719634056091308594e+00
4.583462953567504883e+00
3.592736005783081055e+00
4.567640066146850586e+00
3.469924926757812500e+00
3.448500156402587891e+00
6.063535690307617188e+00
4.683140754699707031e+00
4.539216756820678711e+00
4.143052577972412109e+00
4.453834772109985352e+00
3.292175054550170898e+00
3.876956939697265625e+00
4.336767911911010742e+00
3.622054815292358398e+00
4.200394153594970703e+00
4.333198785781860352e+00
4.880743026733398438e+00
5.272653818130493164e+00
4.371347904205322266e+00
4.851897716522216797e+00
3.383257150650024414e+00
4.946885108947753906e+00
3.363777875900268555e+00
4.850200891494750977e+00
4.873739957809448242e+00
4.388143777847290039e+00
3.828920125961303711e+00
4.854413986206054688e+00
3.254121065139770508e+00
4.934792995452880859e+00
5.141350269317626953e+00
3.074517011642456055e+00
3.871697902679443359e+00
2.938673019409179688e+00
4.593925237655639648e+00
4.683568000793457031e+00
5.084609031677246094e+00
3.221693038940429688e+00
4.809524059295654297e+00
4.074419975280761719e+00
3.448441982269287109e+00
3.352401971817016602e+00
4.219138860702514648e+00
4.217391014099121094e+00
4.094402790069580078e+00
4.259593963623046875e+00
3.482058048248291016e+00
3.431436061859130859e+00
3.831733226776123047e+00
3.194730043411254883e+00
4.275553703308105469e+00
3.811045885086059570e+00
3.496794939041137695e+00
4.277942895889282227e+00
3.719053030014038086e+00
3.622085809707641602e+00
4.332767963409423828e+00
4.297708034515380859e+00
5.111115932464599609e+00
3.800131082534790039e+00
4.683711051940917969e+00
4.138375997543334961e+00
4.218386173248291016e+00
3.267254114151000977e+00
4.023931980133056641e+00
3.356469154357910156e+00
3.379393815994262695e+00
3.647555828094482422e+00
2.794471979141235352e+00
2.497688055038452148e+00
4.477601051330566406e+00
4.602719068527221680e+00
4.634026050567626953e+00
3.316870927810668945e+00
4.044367074966430664e+00
4.029546022415161133e+00
4.404329299926757812e+00
3.843646049499511719e+00
5.097923040390014648e+00
4.051983118057250977e+00
2.865884065628051758e+00
4.142833232879638672e+00
3.908380031585693359e+00
3.256576061248779297e+00
3.891583919525146484e+00
3.971223115921020508e+00
4.981425762176513672e+00
5.135996818542480469e+00
3.831931114196777344e+00
3.868536949157714844e+00
3.595282793045043945e+00
2.942533254623413086e+00
3.945383310317993164e+00
3.256647109985351562e+00
4.748290061950683594e+00
2.598016023635864258e+00
2.996973037719726562e+00
5.087463855743408203e+00
5.137350082397460938e+00
5.631020784378051758e+00
3.951040983200073242e+00
4.879465103149414062e+00
4.612898111343383789e+00
3.579774141311645508e+00
4.027382850646972656e+00
3.800940990447998047e+00
4.028760910034179688e+00
4.656709909439086914e+00
3.624467134475708008e+00
4.050703763961791992e+00
3.771944999694824219e+00
3.679166793823242188e+00
3.953453779220581055e+00
3.568876981735229492e+00
2.741386890411376953e+00
4.157075166702270508e+00
2.619624853134155273e+00
4.226958990097045898e+00
2.966328144073486328e+00
4.271209955215454102e+00
4.786895036697387695e+00
4.096348047256469727e+00
2.995661020278930664e+00
3.652067899703979492e+00
4.101508140563964844e+00
3.556798934936523438e+00
2.477043867111206055e+00
2.575574159622192383e+00
3.262239933013916016e+00
2.650907039642333984e+00
3.381249189376831055e+00
1.972769021987915039e+00
2.589371204376220703e+00
2.595390081405639648e+00
3.018385171890258789e+00
4.179884910583496094e+00
3.195558786392211914e+00
3.163695812225341797e+00
2.741209745407104492e+00
4.448213100433349609e+00
2.044836997985839844e+00
3.173939943313598633e+00
3.407951116561889648e+00
2.308618068695068359e+00
3.123783111572265625e+00
4.414466142654418945e+00
2.263496875762939453e+00
2.658790826797485352e+00
3.760216236114501953e+00
4.411928892135620117e+00
2.724152088165283203e+00
2.713835954666137695e+00
4.344685077667236328e+00
2.518479108810424805e+00
2.530426025390625000e+00
3.359956979751586914e+00
2.667309761047363281e+00
4.514012813568115234e+00
3.371977090835571289e+00
3.695889234542846680e+00
5.031377077102661133e+00
3.337870121002197266e+00
4.560315847396850586e+00
2.759852647781372070e+00
3.543534040451049805e+00
3.276654720306396484e+00
3.220902919769287109e+00
2.364571809768676758e+00
2.052536964416503906e+00
2.657851934432983398e+00
2.503242969512939453e+00
2.901549816131591797e+00
4.600401163101196289e+00
2.296519756317138672e+00
4.127097129821777344e+00
4.960019826889038086e+00
3.006059169769287109e+00
3.412389278411865234e+00
2.724813938140869141e+00
2.509876966476440430e+00
4.990501880645751953e+00
2.624820947647094727e+00
2.602581977844238281e+00
3.153161048889160156e+00
3.125102996826171875e+00
2.314239025115966797e+00
2.226989030838012695e+00
2.387457132339477539e+00
2.639709949493408203e+00
2.942733049392700195e+00
3.355777978897094727e+00
3.208956956863403320e+00
2.840473175048828125e+00
3.230349063873291016e+00
2.565859079360961914e+00
2.794059038162231445e+00
3.272711038589477539e+00
2.320875883102416992e+00
2.088720083236694336e+00
3.206697940826416016e+00
3.810515880584716797e+00
2.389478921890258789e+00
2.438251972198486328e+00
2.530550003051757812e+00
2.919583797454833984e+00
2.919933080673217773e+00
3.033672094345092773e+00
2.640031099319458008e+00
3.119796991348266602e+00
2.839122295379638672e+00
2.960549831390380859e+00
3.190336942672729492e+00
2.466609954833984375e+00
2.270490169525146484e+00
2.614837884902954102e+00
2.500432968139648438e+00
2.921265125274658203e+00
3.124101161956787109e+00
3.473837852478027344e+00
3.561659097671508789e+00
3.763715028762817383e+00
3.256160020828247070e+00
3.002915859222412109e+00
2.899034023284912109e+00
6.305701971054077148e+00
3.353408098220825195e+00
4.187934875488281250e+00
2.945547103881835938e+00
3.678472280502319336e+00
2.912097215652465820e+00
4.218827962875366211e+00
2.923166990280151367e+00
3.208472013473510742e+00
3.747776985168457031e+00
3.645134210586547852e+00
4.835777759552001953e+00
7.147440195083618164e+00
3.922976016998291016e+00
7.526473760604858398e+00
6.507899761199951172e+00
3.275685071945190430e+00
3.296123981475830078e+00
3.711529970169067383e+00
3.620185136795043945e+00
3.454388141632080078e+00
7.526412963867187500e+00
5.308068990707397461e+00
2.658815860748291016e+00
3.529913187026977539e+00
7.829421758651733398e+00
3.708783149719238281e+00
6.714917898178100586e+00
3.747397184371948242e+00
2.836305856704711914e+00
4.763999938964843750e+00
4.193475008010864258e+00
3.248364925384521484e+00
6.789893865585327148e+00
3.616422891616821289e+00
2.736274003982543945e+00
3.787654161453247070e+00
3.913844108581542969e+00
3.301526784896850586e+00
3.496314764022827148e+00
4.084379911422729492e+00
3.766916990280151367e+00
3.084244966506958008e+00
3.808785915374755859e+00
3.794859170913696289e+00
3.624619007110595703e+00
3.888215065002441406e+00
3.430372238159179688e+00
4.025748968124389648e+00
3.515379190444946289e+00
4.200866937637329102e+00
4.099165201187133789e+00
5.266453981399536133e+00
2.995452880859375000e+00
4.478731155395507812e+00
3.535382747650146484e+00
2.957526922225952148e+00
3.280409097671508789e+00
3.378499031066894531e+00
4.320118904113769531e+00
4.331802129745483398e+00
3.248207807540893555e+00
3.581639051437377930e+00
3.676403045654296875e+00
3.220974922180175781e+00
3.833075046539306641e+00
2.700692892074584961e+00
3.844167232513427734e+00
3.894528865814208984e+00
3.619873046875000000e+00
3.809461593627929688e+00
3.546087265014648438e+00
3.818361759185791016e+00
3.367689132690429688e+00
4.270916223526000977e+00
3.533614158630371094e+00
3.472923994064331055e+00
3.299480199813842773e+00
4.505657196044921875e+00
3.127110004425048828e+00
3.746592044830322266e+00
3.351676940917968750e+00
4.292771100997924805e+00
3.875071048736572266e+00
3.298866987228393555e+00
3.591654062271118164e+00
3.733544111251831055e+00
3.701211214065551758e+00
4.422661066055297852e+00
3.730772972106933594e+00
3.794121980667114258e+00
3.795380115509033203e+00
3.794173955917358398e+00
3.795781850814819336e+00
3.203408956527709961e+00
3.067193984985351562e+00
4.732793092727661133e+00
4.059427976608276367e+00
3.393388986587524414e+00
3.328517913818359375e+00
3.806586265563964844e+00
3.904815912246704102e+00
3.219398975372314453e+00
3.774341106414794922e+00
2.808219909667968750e+00
4.435334920883178711e+00
4.886642932891845703e+00
3.247963905334472656e+00
4.631804943084716797e+00
2.937125921249389648e+00
4.164676189422607422e+00
3.869423151016235352e+00
4.222732782363891602e+00
3.446974992752075195e+00
4.030823230743408203e+00
3.367969036102294922e+00
3.489245891571044922e+00
4.397697210311889648e+00
3.887914657592773438e+00
4.066212177276611328e+00
3.530462265014648438e+00
4.431630134582519531e+00
4.369312286376953125e+00
4.124565839767456055e+00
3.902351140975952148e+00
3.070377111434936523e+00
3.525303125381469727e+00
4.833658933639526367e+00
3.325937747955322266e+00
4.554291248321533203e+00
4.026284933090209961e+00
3.758411884307861328e+00
4.068042993545532227e+00
3.688073873519897461e+00
4.172385931015014648e+00
3.170678138732910156e+00
4.051579236984252930e+00
4.564777135848999023e+00
3.588166952133178711e+00
3.465070009231567383e+00
4.643403053283691406e+00
4.094456911087036133e+00
4.713554859161376953e+00
3.779119253158569336e+00
3.785593986511230469e+00
4.093639850616455078e+00
4.310613870620727539e+00
4.252166032791137695e+00
3.943579912185668945e+00
2.893975019454956055e+00
2.462312936782836914e+00
3.707284927368164062e+00
3.622902154922485352e+00
4.364980936050415039e+00
3.952082157135009766e+00
5.049937963485717773e+00
4.688827991485595703e+00
3.721291780471801758e+00
4.280639886856079102e+00
2.696566104888916016e+00
3.263875722885131836e+00
4.466722011566162109e+00
4.328356027603149414e+00
4.227620124816894531e+00
4.513071298599243164e+00
4.541240692138671875e+00
4.999107122421264648e+00
4.437150955200195312e+00
3.949295043945312500e+00
3.508038043975830078e+00
4.089760065078735352e+00
4.391546964645385742e+00
3.838838100433349609e+00
3.680780649185180664e+00
4.096642017364501953e+00
3.871353149414062500e+00
3.196182966232299805e+00
3.412752151489257812e+00
4.422829151153564453e+00
3.276138067245483398e+00
4.010463953018188477e+00
3.725598812103271484e+00
4.442654848098754883e+00
4.633566141128540039e+00
5.131352901458740234e+00
3.586993932723999023e+00
3.831886053085327148e+00
2.920167207717895508e+00
3.568358898162841797e+00
3.746687173843383789e+00
4.724997997283935547e+00
3.371570348739624023e+00
3.946691751480102539e+00
4.300871849060058594e+00
4.069165945053100586e+00
3.710947751998901367e+00
3.605249166488647461e+00
2.011240005493164062e+00
2.300557136535644531e+00
4.166803836822509766e+00
4.412250995635986328e+00
2.502443075180053711e+00
3.775899171829223633e+00
2.293239116668701172e+00
4.006637096405029297e+00
4.132708787918090820e+00
4.270295858383178711e+00
4.484537839889526367e+00
3.843041896820068359e+00
3.185947895050048828e+00
4.857839107513427734e+00
5.034779787063598633e+00
3.869747877120971680e+00
2.865303039550781250e+00
2.897397994995117188e+00
2.643017053604125977e+00
4.478926181793212891e+00
2.480644941329956055e+00
3.236747980117797852e+00
3.762494802474975586e+00
2.194602966308593750e+00
2.625344991683959961e+00
3.930073022842407227e+00
3.295428991317749023e+00
2.405693769454956055e+00
4.790352106094360352e+00
3.081644058227539062e+00
2.794360160827636719e+00
4.899317979812622070e+00
2.911448717117309570e+00
3.982084751129150391e+00
3.290559053421020508e+00
4.425581932067871094e+00
2.490599870681762695e+00
2.478459119796752930e+00
4.625039100646972656e+00
4.486986875534057617e+00
4.509039163589477539e+00
3.573740720748901367e+00
3.732472181320190430e+00
2.695505142211914062e+00
2.361308097839355469e+00
2.578990221023559570e+00
2.675938844680786133e+00
3.582327127456665039e+00
3.927925109863281250e+00
2.863832950592041016e+00
2.695090770721435547e+00
4.540794849395751953e+00
4.479342222213745117e+00
4.708688259124755859e+00
2.873442888259887695e+00
2.910669088363647461e+00
2.735896110534667969e+00
4.169383764266967773e+00
4.656713008880615234e+00
4.526656866073608398e+00
2.306130886077880859e+00
4.643841981887817383e+00
2.893218994140625000e+00
3.256101131439208984e+00
4.450813055038452148e+00
2.962599992752075195e+00
3.019866943359375000e+00
3.037967205047607422e+00
2.525606870651245117e+00
3.253453731536865234e+00
2.693361282348632812e+00
3.300596952438354492e+00
3.052027940750122070e+00
3.322394132614135742e+00
3.226873874664306641e+00
2.778800010681152344e+00
3.297471046447753906e+00
3.393499851226806641e+00
2.715185880661010742e+00
3.422353982925415039e+00
3.426785945892333984e+00
3.172131061553955078e+00
3.448565006256103516e+00
4.203848838806152344e+00
3.788690805435180664e+00
3.267293930053710938e+00
3.367172956466674805e+00
2.602285146713256836e+00
3.888442993164062500e+00
3.978001832962036133e+00
3.479622840881347656e+00
2.593512773513793945e+00
2.775234937667846680e+00
2.853172779083251953e+00
2.786034107208251953e+00
3.152450084686279297e+00
3.497648000717163086e+00
2.829298019409179688e+00
3.692605257034301758e+00
3.842384338378906250e+00
3.413808822631835938e+00
3.485509872436523438e+00
3.435252189636230469e+00
4.243191003799438477e+00
3.949558019638061523e+00
3.657401800155639648e+00
3.472515106201171875e+00
4.513592958450317383e+00
3.058877944946289062e+00
3.681731224060058594e+00
3.067438125610351562e+00
3.877930164337158203e+00
3.407680034637451172e+00
2.766129732131958008e+00
3.362598180770874023e+00
3.918752908706665039e+00
3.594990253448486328e+00
3.202823877334594727e+00
3.762253999710083008e+00
4.092312097549438477e+00
3.774817943572998047e+00
3.446145057678222656e+00
4.128124952316284180e+00
4.505831956863403320e+00
3.434379100799560547e+00
3.562433958053588867e+00
3.432853937149047852e+00
3.323287010192871094e+00
3.236646890640258789e+00
4.382200002670288086e+00
3.345225334167480469e+00
4.040550231933593750e+00
3.957681894302368164e+00
3.626559019088745117e+00
3.927884101867675781e+00
4.261198997497558594e+00
3.888693094253540039e+00
4.011533737182617188e+00
3.538158178329467773e+00
3.745180845260620117e+00
3.719367980957031250e+00
3.814846992492675781e+00
3.652818918228149414e+00
4.183038949966430664e+00
4.287339925765991211e+00
3.233628034591674805e+00
3.484979867935180664e+00
3.786866188049316406e+00
3.765031099319458008e+00
4.325471878051757812e+00
3.906065940856933594e+00
4.324311733245849609e+00
3.585115909576416016e+00
4.266024112701416016e+00
3.723514318466186523e+00
3.362025976181030273e+00
3.737076044082641602e+00
3.924510002136230469e+00
3.376705169677734375e+00
3.641820192337036133e+00
3.874939918518066406e+00
3.063297986984252930e+00
3.395538091659545898e+00
3.897153139114379883e+00
4.957710742950439453e+00
4.080525875091552734e+00
2.976393938064575195e+00
3.494275093078613281e+00
3.793723106384277344e+00
4.135965347290039062e+00
3.654776096343994141e+00
4.550631046295166016e+00
3.916086912155151367e+00
3.999586820602416992e+00
3.044444799423217773e+00
3.583143234252929688e+00
3.542391061782836914e+00
3.534261941909790039e+00
4.520757198333740234e+00
3.532135963439941406e+00
4.967548847198486328e+00
4.269402265548706055e+00
4.073354005813598633e+00
3.294633150100708008e+00
4.895473718643188477e+00
3.913394212722778320e+00
3.389586925506591797e+00
3.352329969406127930e+00
4.355274915695190430e+00
4.450649023056030273e+00
3.991139888763427734e+00
3.394867897033691406e+00
3.314140796661376953e+00
3.935278892517089844e+00
3.540798902511596680e+00
3.432234048843383789e+00
3.560587167739868164e+00
3.962828159332275391e+00
3.832645177841186523e+00
4.414339065551757812e+00
4.444941759109497070e+00
4.424863100051879883e+00
3.826920986175537109e+00
3.478800773620605469e+00
3.910218000411987305e+00
3.488704919815063477e+00
4.008070707321166992e+00
4.330184936523437500e+00
3.859062910079956055e+00
4.493528842926025391e+00
4.305364131927490234e+00
3.493555307388305664e+00
4.572776794433593750e+00
4.221455097198486328e+00
3.487986803054809570e+00
3.925295829772949219e+00
4.323882102966308594e+00
3.604529857635498047e+00
3.969967126846313477e+00
3.563554763793945312e+00
3.866641998291015625e+00
3.546152830123901367e+00
4.004311084747314453e+00
3.824858188629150391e+00
3.717951059341430664e+00
4.389090061187744141e+00
4.056277990341186523e+00
3.292672872543334961e+00
3.954563140869140625e+00
3.700113058090209961e+00
3.762451887130737305e+00
4.686332941055297852e+00
4.340248107910156250e+00
4.201337814331054688e+00
3.850198984146118164e+00
3.532263994216918945e+00
3.489949941635131836e+00
4.101074934005737305e+00
3.872248172760009766e+00
4.164871215820312500e+00
4.181328773498535156e+00
3.707401037216186523e+00
4.210110902786254883e+00
4.257864952087402344e+00
3.543861150741577148e+00
4.108697175979614258e+00
2.985236883163452148e+00
3.992030143737792969e+00
3.004309892654418945e+00
3.746267795562744141e+00
4.346570014953613281e+00
4.169137954711914062e+00
4.031769752502441406e+00
4.515738964080810547e+00
4.074603080749511719e+00
3.719736099243164062e+00
4.471297979354858398e+00
4.832449913024902344e+00
4.495887756347656250e+00
4.153335094451904297e+00
4.184205055236816406e+00
4.187520980834960938e+00
5.144299030303955078e+00
4.028584003448486328e+00
2.407578945159912109e+00
5.022496938705444336e+00
4.590739965438842773e+00
3.823939085006713867e+00
3.827311277389526367e+00
4.487670898437500000e+00
3.960771083831787109e+00
4.522788047790527344e+00
3.784662961959838867e+00
4.211061000823974609e+00
3.842868089675903320e+00
3.582020044326782227e+00
4.605604171752929688e+00
4.630775213241577148e+00
5.031561136245727539e+00
3.593275308609008789e+00
4.675855159759521484e+00
4.068108081817626953e+00
3.972671270370483398e+00
4.700843095779418945e+00
4.338760852813720703e+00
2.974047899246215820e+00
3.450223684310913086e+00
2.267151832580566406e+00
3.505765914916992188e+00
3.955257892608642578e+00
4.370736122131347656e+00
4.110918760299682617e+00
4.276803255081176758e+00
4.449027061462402344e+00
4.469214916229248047e+00
3.417884111404418945e+00
4.865870237350463867e+00
3.475764989852905273e+00
4.259169101715087891e+00
3.892471790313720703e+00
3.615865945816040039e+00
4.487271070480346680e+00
3.386983156204223633e+00
2.760654926300048828e+00
2.475902080535888672e+00
3.083905220031738281e+00
3.511351108551025391e+00
2.418493747711181641e+00
3.866354942321777344e+00
4.492145061492919922e+00
2.260246038436889648e+00
2.286808967590332031e+00
4.243970155715942383e+00
4.531602144241333008e+00
4.932199954986572266e+00
2.721273899078369141e+00
2.566074848175048828e+00
4.282292366027832031e+00
3.091243982315063477e+00
2.805531978607177734e+00
3.730265855789184570e+00
4.425486087799072266e+00
3.662215948104858398e+00
2.477505922317504883e+00
2.652844190597534180e+00
3.880852222442626953e+00
2.837056875228881836e+00
2.862717866897583008e+00
5.305932760238647461e+00
3.269814968109130859e+00
2.836697816848754883e+00
3.368342161178588867e+00
2.893784999847412109e+00
4.545386075973510742e+00
2.751741886138916016e+00
4.516128063201904297e+00
2.942110300064086914e+00
4.314532756805419922e+00
3.461004018783569336e+00
3.876156091690063477e+00
2.827068805694580078e+00
2.655654907226562500e+00
2.377161979675292969e+00
2.899224996566772461e+00
2.703210115432739258e+00
4.695563077926635742e+00
2.891908884048461914e+00
4.523764848709106445e+00
2.616837263107299805e+00
2.912717103958129883e+00
4.093768835067749023e+00
2.763451099395751953e+00
3.218921899795532227e+00
2.978278160095214844e+00
2.986685037612915039e+00
3.354887247085571289e+00
2.698599815368652344e+00
3.100699186325073242e+00
3.328361988067626953e+00
3.118349075317382812e+00
2.599337339401245117e+00
2.779812097549438477e+00
3.859169960021972656e+00
3.126635074615478516e+00
2.861555814743041992e+00
3.055830001831054688e+00
2.906166076660156250e+00
2.331587076187133789e+00
2.912894964218139648e+00
2.850312948226928711e+00
2.827686309814453125e+00
2.732297897338867188e+00
2.947427988052368164e+00
2.974252939224243164e+00
2.397028684616088867e+00
3.381112813949584961e+00
2.974476099014282227e+00
2.178977012634277344e+00
3.113923072814941406e+00
3.265048980712890625e+00
2.805780887603759766e+00
3.083472967147827148e+00
3.007094860076904297e+00
2.798310756683349609e+00
3.127181053161621094e+00
3.018960237503051758e+00
2.908205986022949219e+00
3.306940078735351562e+00
2.562895059585571289e+00
3.006169080734252930e+00
5.076037168502807617e+00
3.071664094924926758e+00
3.130768775939941406e+00
2.644769191741943359e+00
3.379998922348022461e+00
2.433411836624145508e+00
3.321637153625488281e+00
3.459321975708007812e+00
3.358014822006225586e+00
3.118632078170776367e+00
3.634883880615234375e+00
3.527191638946533203e+00
3.302506923675537109e+00
2.742855072021484375e+00
2.499633073806762695e+00
2.794987201690673828e+00
2.834928989410400391e+00
3.427873134613037109e+00
3.465524911880493164e+00
3.517005681991577148e+00
2.885910987854003906e+00
3.441716909408569336e+00
3.105166196823120117e+00
3.354617118835449219e+00
2.965768814086914062e+00
3.677737236022949219e+00
3.600101947784423828e+00
3.069046974182128906e+00
3.074791908264160156e+00
3.000408172607421875e+00
3.218915939331054688e+00
3.374591827392578125e+00
3.637604951858520508e+00
3.716017723083496094e+00
2.944172143936157227e+00
3.300482034683227539e+00
3.355083942413330078e+00
3.520589113235473633e+00
3.387278795242309570e+00
2.832405090332031250e+00
2.912035942077636719e+00
3.522014141082763672e+00
3.921434164047241211e+00
3.484696149826049805e+00
3.209973096847534180e+00
3.592654943466186523e+00
2.773149967193603516e+00
3.429163932800292969e+00
3.035341978073120117e+00
3.553978919982910156e+00
3.432916164398193359e+00
3.048929929733276367e+00
3.183403015136718750e+00
3.344276905059814453e+00
2.836225032806396484e+00
3.119281291961669922e+00
3.411253690719604492e+00
4.036003112792968750e+00
3.543053150177001953e+00
3.058182239532470703e+00
3.572825908660888672e+00
2.420269012451171875e+00
3.381646633148193359e+00
4.062714099884033203e+00
3.249389886856079102e+00
3.587318897247314453e+00
3.686762809753417969e+00
4.115664005279541016e+00
3.430526971817016602e+00
3.038373947143554688e+00
3.716887950897216797e+00
3.343580007553100586e+00
3.801048040390014648e+00
3.051293849945068359e+00
3.167718887329101562e+00
2.879862070083618164e+00
2.791952133178710938e+00
3.625841140747070312e+00
3.454202175140380859e+00
3.843528985977172852e+00
3.822056770324707031e+00
3.268345117568969727e+00
3.976935863494873047e+00
2.993904113769531250e+00
3.398438215255737305e+00
3.288051843643188477e+00
3.228200912475585938e+00
3.346276998519897461e+00
3.854643106460571289e+00
3.322587013244628906e+00
3.566209077835083008e+00
3.265556335449218750e+00
3.316685199737548828e+00
3.641325950622558594e+00
4.816472053527832031e+00
4.191752195358276367e+00
3.420387983322143555e+00
3.400388717651367188e+00
3.399217844009399414e+00
2.920069932937622070e+00
3.493748903274536133e+00
3.001348972320556641e+00
4.544612884521484375e+00
3.267536163330078125e+00
3.431499004364013672e+00
3.656482934951782227e+00
3.458215236663818359e+00
3.772791862487792969e+00
4.008012056350708008e+00
4.210727214813232422e+00
3.785599946975708008e+00
3.508056640625000000e+00
4.166984796524047852e+00
3.890519857406616211e+00
3.592258214950561523e+00
3.563332080841064453e+00
3.612097024917602539e+00
3.166687011718750000e+00
3.783895015716552734e+00
3.273005008697509766e+00
3.910192012786865234e+00
3.125389814376831055e+00
2.952827215194702148e+00
4.965641021728515625e+00
3.624375820159912109e+00
3.935424804687500000e+00
2.444279909133911133e+00
4.017534017562866211e+00
4.209172964096069336e+00
4.454260110855102539e+00
4.116808891296386719e+00
3.543752908706665039e+00
4.478883981704711914e+00
2.663834095001220703e+00
3.426888942718505859e+00
3.203501224517822266e+00
3.262889862060546875e+00
3.603080987930297852e+00
3.605421066284179688e+00
3.125776052474975586e+00
3.740342855453491211e+00
3.039120912551879883e+00
3.580274820327758789e+00
3.740982055664062500e+00
3.801971197128295898e+00
3.431615114212036133e+00
3.770098209381103516e+00
3.517909049987792969e+00
3.446007013320922852e+00
3.150847911834716797e+00
3.478962898254394531e+00
3.784078121185302734e+00
3.599107980728149414e+00
3.787564992904663086e+00
2.606723070144653320e+00
3.337385892868041992e+00
3.918803930282592773e+00
3.079580783843994141e+00
3.888827085494995117e+00
3.156025886535644531e+00
3.897912979125976562e+00
3.743027925491333008e+00
3.327574968338012695e+00
3.607556104660034180e+00
3.328154087066650391e+00
3.909804821014404297e+00
4.085925102233886719e+00
3.833653926849365234e+00
4.090153932571411133e+00
3.347083806991577148e+00
2.755964279174804688e+00
4.381324768066406250e+00
5.219388723373413086e+00
3.548823118209838867e+00
4.180665969848632812e+00
4.486523151397705078e+00
3.011450767517089844e+00
3.438812017440795898e+00
4.329688072204589844e+00
3.668644905090332031e+00
3.580295085906982422e+00
3.615759134292602539e+00
3.991420269012451172e+00
4.075817108154296875e+00
3.814486026763916016e+00
3.045006275177001953e+00
2.740545988082885742e+00
3.916015148162841797e+00
4.065739154815673828e+00
3.220066070556640625e+00
2.875033855438232422e+00
4.492388963699340820e+00
3.856302022933959961e+00
4.170060873031616211e+00
4.005953788757324219e+00
3.728501081466674805e+00
4.506998062133789062e+00
3.854495048522949219e+00
2.959237813949584961e+00
4.268909215927124023e+00
3.027844190597534180e+00
3.496612071990966797e+00
4.262887954711914062e+00
4.713980197906494141e+00
3.157384872436523438e+00
4.352081775665283203e+00
3.651460886001586914e+00
4.318048000335693359e+00
4.281481027603149414e+00
3.341178894042968750e+00
2.938252210617065430e+00
3.296429872512817383e+00
3.139779090881347656e+00
4.738673210144042969e+00
3.153649091720581055e+00
4.378270149230957031e+00
3.702406167984008789e+00
3.146780729293823242e+00
3.300333023071289062e+00
3.231748104095458984e+00
3.308341026306152344e+00
2.683846950531005859e+00
4.456968784332275391e+00
3.234836101531982422e+00
4.866369724273681641e+00
3.078327178955078125e+00
3.313591003417968750e+00
3.375191926956176758e+00
5.385883808135986328e+00
6.551783800125122070e+00
3.366471767425537109e+00
3.410340785980224609e+00
4.502552986145019531e+00
4.308364152908325195e+00
3.132486820220947266e+00
2.797552824020385742e+00
3.289999961853027344e+00
5.076651811599731445e+00
4.371052980422973633e+00
5.528415918350219727e+00
4.339458942413330078e+00
3.789809226989746094e+00
4.295575857162475586e+00
2.289459943771362305e+00
2.602843761444091797e+00
4.803691148757934570e+00
4.670619010925292969e+00
3.298853874206542969e+00
2.771468877792358398e+00
3.031417131423950195e+00
2.728676795959472656e+00
2.690843820571899414e+00
4.807385921478271484e+00
2.743139028549194336e+00
2.536183118820190430e+00
3.487591981887817383e+00
2.371408939361572266e+00
2.581151008605957031e+00
4.250748157501220703e+00
2.426694869995117188e+00
2.889411687850952148e+00
3.920684099197387695e+00
3.426536798477172852e+00
2.450930833816528320e+00
3.051890850067138672e+00
5.430335998535156250e+00
3.330316066741943359e+00
4.046015024185180664e+00
4.712867975234985352e+00
3.015375137329101562e+00
2.931318998336791992e+00
5.034896850585937500e+00
3.184455871582031250e+00
3.257949829101562500e+00
3.169836997985839844e+00
3.098199605941772461e+00
3.503100156784057617e+00
3.698345899581909180e+00
3.014454841613769531e+00
4.233926773071289062e+00
2.742632389068603516e+00
3.080633163452148438e+00
2.807239294052124023e+00
4.311783790588378906e+00
3.403795957565307617e+00
3.189929962158203125e+00
3.390602827072143555e+00
3.483745098114013672e+00
3.513317108154296875e+00
2.745543003082275391e+00
2.817384958267211914e+00
4.735203027725219727e+00
3.494076251983642578e+00
2.967681169509887695e+00
3.213509082794189453e+00
3.258901119232177734e+00
3.102065086364746094e+00
2.980448961257934570e+00
2.890039920806884766e+00
3.766839027404785156e+00
3.466128110885620117e+00
3.062243938446044922e+00
3.661285877227783203e+00
3.909008979797363281e+00
2.916141986846923828e+00
3.009443998336791992e+00
2.748971939086914062e+00
3.962906122207641602e+00
4.569159030914306641e+00
3.045296192169189453e+00
3.139019012451171875e+00
3.694160938262939453e+00
3.723511934280395508e+00
3.789541244506835938e+00
2.610363245010375977e+00
3.420115232467651367e+00
3.123372077941894531e+00
2.924292802810668945e+00
2.522757768630981445e+00
2.605404853820800781e+00
4.168707847595214844e+00
3.451306819915771484e+00
3.322330713272094727e+00
3.059112310409545898e+00
4.022757053375244141e+00
2.719319105148315430e+00
2.710213899612426758e+00
2.801359176635742188e+00
3.981196880340576172e+00
2.768450021743774414e+00
2.335936784744262695e+00
4.055354118347167969e+00
3.849589109420776367e+00
3.560160160064697266e+00
4.337618827819824219e+00
2.431721925735473633e+00
2.391099214553833008e+00
4.197290897369384766e+00
2.959394216537475586e+00
3.623820781707763672e+00
3.578544855117797852e+00
3.433188915252685547e+00
2.992112874984741211e+00
3.779839038848876953e+00
3.012143135070800781e+00
3.124217748641967773e+00
3.566284179687500000e+00
3.830605983734130859e+00
3.837939023971557617e+00
6.118506908416748047e+00
4.109358072280883789e+00
6.223541021347045898e+00
3.005926847457885742e+00
3.838284969329833984e+00
2.708455085754394531e+00
3.777976989746093750e+00
3.096483945846557617e+00
4.384124755859375000e+00
2.853570222854614258e+00
3.636694192886352539e+00
3.696177005767822266e+00
4.566910982131958008e+00
2.662055015563964844e+00
3.605267286300659180e+00
2.863895177841186523e+00
4.086744785308837891e+00
3.494896173477172852e+00
4.025609016418457031e+00
4.186479091644287109e+00
2.802304029464721680e+00
3.866677045822143555e+00
3.991607189178466797e+00
4.092867851257324219e+00
3.779473781585693359e+00
3.159335374832153320e+00
4.531595945358276367e+00
4.218358039855957031e+00
3.711042165756225586e+00
3.465103864669799805e+00
3.536354064941406250e+00
3.873533964157104492e+00
2.576810836791992188e+00
3.872952222824096680e+00
3.130819082260131836e+00
3.830140829086303711e+00
3.122510194778442383e+00
3.665597915649414062e+00
3.507905721664428711e+00
4.040403842926025391e+00
4.202407836914062500e+00
4.225585222244262695e+00
4.292691230773925781e+00
3.549861669540405273e+00
3.384429931640625000e+00
4.127069950103759766e+00
2.627025127410888672e+00
3.096490859985351562e+00
4.248927831649780273e+00
4.474631309509277344e+00
4.083412885665893555e+00
3.102162837982177734e+00
3.409281015396118164e+00
2.693358898162841797e+00
4.459785938262939453e+00
3.665623903274536133e+00
3.234752178192138672e+00
4.384837865829467773e+00
3.414740800857543945e+00
3.117574214935302734e+00
3.810890913009643555e+00
3.320487022399902344e+00
3.202796697616577148e+00
3.540725946426391602e+00
2.568791151046752930e+00
2.816268205642700195e+00
3.453025102615356445e+00
3.321597814559936523e+00
3.529756069183349609e+00
2.913748979568481445e+00
2.995766162872314453e+00
3.688205957412719727e+00
2.872397899627685547e+00
3.605755090713500977e+00
3.122951984405517578e+00
3.101974010467529297e+00
3.309860944747924805e+00
2.732733964920043945e+00
3.035223960876464844e+00
3.402270078659057617e+00
2.958100080490112305e+00
3.519970178604125977e+00
3.109247922897338867e+00
3.501579046249389648e+00
3.579144001007080078e+00
3.060662984848022461e+00
3.478001117706298828e+00
3.978591918945312500e+00
3.675137996673583984e+00
3.102241039276123047e+00
3.842112064361572266e+00
3.671867847442626953e+00
3.170586824417114258e+00
3.159546136856079102e+00
2.990986108779907227e+00
3.397713184356689453e+00
3.472148895263671875e+00
3.473361968994140625e+00
3.350236892700195312e+00
3.405967950820922852e+00
3.434749841690063477e+00
2.411199331283569336e+00
3.400511980056762695e+00
2.777937889099121094e+00
2.818521738052368164e+00
3.390554904937744141e+00
3.070681095123291016e+00
3.841973066329956055e+00
2.889800786972045898e+00
3.332298040390014648e+00
2.266914844512939453e+00
3.704939126968383789e+00
2.425239086151123047e+00
2.901921987533569336e+00
4.285979986190795898e+00
2.129427909851074219e+00
3.651274919509887695e+00
3.492113828659057617e+00
3.694083690643310547e+00
2.897039890289306641e+00
3.122443675994873047e+00
2.742962837219238281e+00
2.714559078216552734e+00
3.899803161621093750e+00
2.711378097534179688e+00
3.770405769348144531e+00
3.631479978561401367e+00
3.106174945831298828e+00
3.376495122909545898e+00
3.888244867324829102e+00
3.992424249649047852e+00
3.528347969055175781e+00
3.172113895416259766e+00
3.554611206054687500e+00
2.952051877975463867e+00
3.563303947448730469e+00
2.995612144470214844e+00
2.461220979690551758e+00
2.984920740127563477e+00
3.011316061019897461e+00
2.214535951614379883e+00
3.775438785552978516e+00
2.913557052612304688e+00
2.365814924240112305e+00
2.875657796859741211e+00
3.907608032226562500e+00
3.699461221694946289e+00
3.357439994812011719e+00
2.829225301742553711e+00
3.569427013397216797e+00
3.869625806808471680e+00
3.664434909820556641e+00
3.111541032791137695e+00
3.733340024948120117e+00
3.160206079483032227e+00
2.486640214920043945e+00
3.905512094497680664e+00
3.258086204528808594e+00
2.564655065536499023e+00
3.623769044876098633e+00
4.006160974502563477e+00
3.921116113662719727e+00
3.979195833206176758e+00
3.374573707580566406e+00
3.136499881744384766e+00
4.018592119216918945e+00
3.974217891693115234e+00
4.127672195434570312e+00
2.793418884277343750e+00
3.760194063186645508e+00
3.805382966995239258e+00
3.317732095718383789e+00
3.191334724426269531e+00
2.823893070220947266e+00
3.311812162399291992e+00
2.773300886154174805e+00
2.828024148941040039e+00
3.314626932144165039e+00
4.225558996200561523e+00
4.128579139709472656e+00
3.578342199325561523e+00
3.600045204162597656e+00
2.455184936523437500e+00
3.334774017333984375e+00
3.460472106933593750e+00
2.972337722778320312e+00
3.608033180236816406e+00
4.197484016418457031e+00
2.317972898483276367e+00
2.836744308471679688e+00
2.905778884887695312e+00
2.529382705688476562e+00
2.455632209777832031e+00
3.153811931610107422e+00
2.647585868835449219e+00
2.770365953445434570e+00
2.870265007019042969e+00
2.623217821121215820e+00
3.810156106948852539e+00
3.908039093017578125e+00
2.716022014617919922e+00
2.962800979614257812e+00
3.600679874420166016e+00
3.569289922714233398e+00
3.451115131378173828e+00
2.942403793334960938e+00
3.219177246093750000e+00
3.520821094512939453e+00
3.677196025848388672e+00
2.920243263244628906e+00
3.027828931808471680e+00
4.480879306793212891e+00
4.518479824066162109e+00
3.943474054336547852e+00
2.627614259719848633e+00
2.914849758148193359e+00
3.728274822235107422e+00
3.484078884124755859e+00
3.549961805343627930e+00
3.053415298461914062e+00
3.006671190261840820e+00
3.639547824859619141e+00
3.281617164611816406e+00
3.194936275482177734e+00
3.412069797515869141e+00
2.884753227233886719e+00
2.977143049240112305e+00
3.579901933670043945e+00
3.002648115158081055e+00
3.464354991912841797e+00
4.588473796844482422e+00
3.007508039474487305e+00
2.931634902954101562e+00
3.638523101806640625e+00
4.101282119750976562e+00
5.320660829544067383e+00
3.943114995956420898e+00
3.669652223587036133e+00
3.126965999603271484e+00
3.050916194915771484e+00
3.568587064743041992e+00
3.168905973434448242e+00
3.188712835311889648e+00
4.081207036972045898e+00
3.051343917846679688e+00
3.706604003906250000e+00
3.710791110992431641e+00
4.977940797805786133e+00
3.792936086654663086e+00
3.930994033813476562e+00
3.604178905487060547e+00
3.876299619674682617e+00
3.455400228500366211e+00
2.994370937347412109e+00
3.673350334167480469e+00
3.856850147247314453e+00
3.660951614379882812e+00
3.879463195800781250e+00
4.112524986267089844e+00
4.091763019561767578e+00
3.641330003738403320e+00
3.249832868576049805e+00
4.469942092895507812e+00
3.567592859268188477e+00
3.371622085571289062e+00
3.351558923721313477e+00
3.211449861526489258e+00
3.565192937850952148e+00
4.146128892898559570e+00
3.821236848831176758e+00
3.337727069854736328e+00
4.053956031799316406e+00
4.281502962112426758e+00
3.554972887039184570e+00
4.713438987731933594e+00
4.003175973892211914e+00
3.770987987518310547e+00
2.975831031799316406e+00
3.654686927795410156e+00
4.418124914169311523e+00
3.766474962234497070e+00
4.194828987121582031e+00
3.248669862747192383e+00
4.329185962677001953e+00
4.335160017013549805e+00
4.523662090301513672e+00
3.949386119842529297e+00
4.083971023559570312e+00
4.194128036499023438e+00
3.507453918457031250e+00
4.062169790267944336e+00
2.952780008316040039e+00
3.717082023620605469e+00
2.855949878692626953e+00
4.621937036514282227e+00
4.512028932571411133e+00
4.753668069839477539e+00
3.458599805831909180e+00
2.897858858108520508e+00
3.489871740341186523e+00
4.645287990570068359e+00
4.654499053955078125e+00
4.135416984558105469e+00
4.751758813858032227e+00
3.951662063598632812e+00
3.894920825958251953e+00
3.502470970153808594e+00
3.692456007003784180e+00
4.621123075485229492e+00
4.084845066070556641e+00
4.291701078414916992e+00
4.610569953918457031e+00
4.923396110534667969e+00
3.795412063598632812e+00
4.437798023223876953e+00
4.035863161087036133e+00
4.072333812713623047e+00
4.089890003204345703e+00
4.219956874847412109e+00
5.154709100723266602e+00
5.229158163070678711e+00
4.918143987655639648e+00
4.408097028732299805e+00
4.680495262145996094e+00
4.069788932800292969e+00
4.533869028091430664e+00
4.681957006454467773e+00
4.957108974456787109e+00
5.449789047241210938e+00
4.347544193267822266e+00
5.125289916992187500e+00
4.203207969665527344e+00
4.505088090896606445e+00
4.330831050872802734e+00
4.123411178588867188e+00
4.560081005096435547e+00
4.700034141540527344e+00
5.357071876525878906e+00
6.019447088241577148e+00
4.631993055343627930e+00
5.072869062423706055e+00
5.838188648223876953e+00
4.333249092102050781e+00
5.534600257873535156e+00
4.720844984054565430e+00
4.598037004470825195e+00
5.007570266723632812e+00
4.113940954208374023e+00
4.557554960250854492e+00
4.327302217483520508e+00
5.610349893569946289e+00
5.987354755401611328e+00
3.434605836868286133e+00
3.696701049804687500e+00
4.522047281265258789e+00
4.477587223052978516e+00
3.858577013015747070e+00
4.546552896499633789e+00
4.236753225326538086e+00
4.615180015563964844e+00
3.727072954177856445e+00
4.267330646514892578e+00
3.663238763809204102e+00
4.609554052352905273e+00
3.730821132659912109e+00
3.951248884201049805e+00
4.610727071762084961e+00
4.432636976242065430e+00
3.766860961914062500e+00
4.439172983169555664e+00
4.782139062881469727e+00
5.392405986785888672e+00
4.171810150146484375e+00
4.382527828216552734e+00
5.125294923782348633e+00
4.379741907119750977e+00
4.562947034835815430e+00
5.383472919464111328e+00
5.106769800186157227e+00
4.537897825241088867e+00
4.164571046829223633e+00
4.456817150115966797e+00
5.707586050033569336e+00
3.965665102005004883e+00
2.420530319213867188e+00
4.461635112762451172e+00
4.526237249374389648e+00
4.419530868530273438e+00
4.532695055007934570e+00
4.007067918777465820e+00
4.511016845703125000e+00
5.066979169845581055e+00
2.484048843383789062e+00
4.702024936676025391e+00
3.599835872650146484e+00
4.566000938415527344e+00
5.823300838470458984e+00
5.140995979309082031e+00
4.374843835830688477e+00
5.458085060119628906e+00
4.334070205688476562e+00
5.793832063674926758e+00
5.509084939956665039e+00
4.795458078384399414e+00
4.719674825668334961e+00
4.211611270904541016e+00
3.900802135467529297e+00
4.749978303909301758e+00
4.470068931579589844e+00
4.233206987380981445e+00
2.647597074508666992e+00
3.621245861053466797e+00
4.670144081115722656e+00
4.745628833770751953e+00
5.406836986541748047e+00
5.542478799819946289e+00
5.737174034118652344e+00
2.244282960891723633e+00
5.232285261154174805e+00
4.738531112670898438e+00
2.820979833602905273e+00
2.708178043365478516e+00
3.830616950988769531e+00
4.692728757858276367e+00
3.298228025436401367e+00
3.786820888519287109e+00
5.061326980590820312e+00
2.932487964630126953e+00
2.786385774612426758e+00
5.334371089935302734e+00
4.511730909347534180e+00
2.987041950225830078e+00
3.231199026107788086e+00
5.937966823577880859e+00
3.230432987213134766e+00
4.308659791946411133e+00
5.639108180999755859e+00
5.384969949722290039e+00
5.759053945541381836e+00
4.822052001953125000e+00
4.083236932754516602e+00
5.439471244812011719e+00
3.021385908126831055e+00
5.641225814819335938e+00
5.626299858093261719e+00
5.403903961181640625e+00
3.099270105361938477e+00
2.943601846694946289e+00
2.837936878204345703e+00
3.201290130615234375e+00
4.196013689041137695e+00
6.330866336822509766e+00
4.786586046218872070e+00
5.537033081054687500e+00
4.648522853851318359e+00
3.087449312210083008e+00
5.574265956878662109e+00
4.859871864318847656e+00
4.881174802780151367e+00
3.677762031555175781e+00
3.304501056671142578e+00
2.966343879699707031e+00
4.342313051223754883e+00
4.326074123382568359e+00
3.424376010894775391e+00
3.445320844650268555e+00
4.278701066970825195e+00
4.456919193267822266e+00
3.687341928482055664e+00
4.382821798324584961e+00
2.876672029495239258e+00
3.743810892105102539e+00
3.596788883209228516e+00
3.587678909301757812e+00
2.959160804748535156e+00
3.185163021087646484e+00
3.263279199600219727e+00
2.665534973144531250e+00
3.534556865692138672e+00
3.258961200714111328e+00
2.706786870956420898e+00
5.412487983703613281e+00
4.571976900100708008e+00
4.587971687316894531e+00
5.321021795272827148e+00
4.541947841644287109e+00
5.729995965957641602e+00
3.046298265457153320e+00
5.394011974334716797e+00
4.680506229400634766e+00
3.633921146392822266e+00
4.712954998016357422e+00
4.967645168304443359e+00
4.624132156372070312e+00
3.082812070846557617e+00
3.309296131134033203e+00
3.396548032760620117e+00
3.781577110290527344e+00
4.690925121307373047e+00
3.127749204635620117e+00
2.980792045593261719e+00
5.716689825057983398e+00
6.264544010162353516e+00
6.821960926055908203e+00
6.049282789230346680e+00
3.711567878723144531e+00
4.763849020004272461e+00
3.500096082687377930e+00
4.933339118957519531e+00
3.515954017639160156e+00
6.064463138580322266e+00
3.538733243942260742e+00
3.503627061843872070e+00
4.742835044860839844e+00
4.120233058929443359e+00
3.413197994232177734e+00
4.025301933288574219e+00
3.156136989593505859e+00
2.303029060363769531e+00
4.961878061294555664e+00
3.573237180709838867e+00
3.761402845382690430e+00
4.933274984359741211e+00
4.412931680679321289e+00
3.302374124526977539e+00
3.109155893325805664e+00
2.004937887191772461e+00
4.109491109848022461e+00
3.475157022476196289e+00
3.366841077804565430e+00
2.628889799118041992e+00
3.781675100326538086e+00
2.106823921203613281e+00
2.917625665664672852e+00
4.058275222778320312e+00
3.300892114639282227e+00
3.509387969970703125e+00
3.698234081268310547e+00
2.524738788604736328e+00
3.185903072357177734e+00
4.132816076278686523e+00
2.685140848159790039e+00
2.805239677429199219e+00
2.586330175399780273e+00
3.659271955490112305e+00
2.775139093399047852e+00
2.857973098754882812e+00
3.600186109542846680e+00
3.077517032623291016e+00
2.584534168243408203e+00
2.542708158493041992e+00
1.962660074234008789e+00
3.089288949966430664e+00
3.929672241210937500e+00
3.098113059997558594e+00
3.023187875747680664e+00
2.908481121063232422e+00
2.984898805618286133e+00
6.689766168594360352e+00
3.738455057144165039e+00
1.906637191772460938e+00
2.744589090347290039e+00
4.119753837585449219e+00
4.168537139892578125e+00
2.903491258621215820e+00
2.839775085449218750e+00
2.525792121887207031e+00
2.551305294036865234e+00
2.255824804306030273e+00
2.507182121276855469e+00
2.439406156539916992e+00
2.527214765548706055e+00
2.424416065216064453e+00
2.853662014007568359e+00
2.926109075546264648e+00
2.484173059463500977e+00
2.711282253265380859e+00
2.993394851684570312e+00
3.038697004318237305e+00
2.298315048217773438e+00
2.729305982589721680e+00
2.670492172241210938e+00
3.124920129776000977e+00
2.862164974212646484e+00
2.923243999481201172e+00
2.892355918884277344e+00
2.993403911590576172e+00
3.015233993530273438e+00
3.372421979904174805e+00
3.100152969360351562e+00
3.406208038330078125e+00
3.050716161727905273e+00
3.294224977493286133e+00
3.444193124771118164e+00
3.430254220962524414e+00
2.369293212890625000e+00
2.560913085937500000e+00
2.995200872421264648e+00
2.282821893692016602e+00
2.964042901992797852e+00
2.924188137054443359e+00
2.880957841873168945e+00
3.772920131683349609e+00
3.112862825393676758e+00
3.742667913436889648e+00
3.198831319808959961e+00
2.994611978530883789e+00
3.361830949783325195e+00
3.537393093109130859e+00
3.034508705139160156e+00
2.552115201950073242e+00
3.235951185226440430e+00
3.507852077484130859e+00
3.231828927993774414e+00
2.703047990798950195e+00
3.414563179016113281e+00
2.631317853927612305e+00
3.267998933792114258e+00
2.946330308914184570e+00
3.204590082168579102e+00
2.319361209869384766e+00
3.026705026626586914e+00
3.550750970840454102e+00
2.976598978042602539e+00
3.545782804489135742e+00
3.243890762329101562e+00
3.581717967987060547e+00
2.969497919082641602e+00
3.337481975555419922e+00
3.632449865341186523e+00
2.606026887893676758e+00
2.756733894348144531e+00
3.485609292984008789e+00
3.401302099227905273e+00
3.121110916137695312e+00
3.005032062530517578e+00
3.467790126800537109e+00
3.347125053405761719e+00
3.014827013015747070e+00
3.212251901626586914e+00
2.856595993041992188e+00
3.140201091766357422e+00
3.433074951171875000e+00
3.112269163131713867e+00
3.304218053817749023e+00
3.548405170440673828e+00
3.524642944335937500e+00
2.995793819427490234e+00
2.662610769271850586e+00
2.909761905670166016e+00
3.921673059463500977e+00
3.709278106689453125e+00
3.796098232269287109e+00
3.513447999954223633e+00
3.354881048202514648e+00
4.110658168792724609e+00
3.766828060150146484e+00
3.468534946441650391e+00
3.491163969039916992e+00
3.154994964599609375e+00
3.874782800674438477e+00
3.779917001724243164e+00
3.819332838058471680e+00
3.979320049285888672e+00
3.547247171401977539e+00
4.128488063812255859e+00
4.198455095291137695e+00
3.679287910461425781e+00
3.163992881774902344e+00
4.306579113006591797e+00
4.003741264343261719e+00
4.231357097625732422e+00
3.448564052581787109e+00
3.200445175170898438e+00
3.432101964950561523e+00
4.673134803771972656e+00
3.493626832962036133e+00
3.768227815628051758e+00
3.339197158813476562e+00
3.904437065124511719e+00
3.597004175186157227e+00
4.379072904586791992e+00
3.069206953048706055e+00
3.643615007400512695e+00
4.510008096694946289e+00
3.819941997528076172e+00
3.478888988494873047e+00
3.484468936920166016e+00
3.446329116821289062e+00
3.658856868743896484e+00
3.047230243682861328e+00
3.638398170471191406e+00
3.101057052612304688e+00
3.366261959075927734e+00
3.164239883422851562e+00
3.069612741470336914e+00
3.277650833129882812e+00
4.551306962966918945e+00
2.958704233169555664e+00
3.651199102401733398e+00
3.563926935195922852e+00
3.102840900421142578e+00
3.753021955490112305e+00
3.702907800674438477e+00
3.620734214782714844e+00
3.042994022369384766e+00
3.272608041763305664e+00
3.486732006072998047e+00
3.119169950485229492e+00
3.701798915863037109e+00
3.816098928451538086e+00
3.821161985397338867e+00
3.146508693695068359e+00
3.675413846969604492e+00
3.734617948532104492e+00
3.536614894866943359e+00
4.265643119812011719e+00
3.964588165283203125e+00
3.062756776809692383e+00
3.782407999038696289e+00
3.768292903900146484e+00
4.497478961944580078e+00
3.517066955566406250e+00
3.487873077392578125e+00
4.268601179122924805e+00
3.285590171813964844e+00
4.178071022033691406e+00
2.804665088653564453e+00
3.670942068099975586e+00
3.755920171737670898e+00
3.356405973434448242e+00
3.337918996810913086e+00
4.851567983627319336e+00
3.264919042587280273e+00
3.413095951080322266e+00
2.653369903564453125e+00
3.266501903533935547e+00
4.126080989837646484e+00
2.038110971450805664e+00
3.628088712692260742e+00
3.125457048416137695e+00
3.332371234893798828e+00
4.189898014068603516e+00
3.184583902359008789e+00
3.451589822769165039e+00
3.258262872695922852e+00
3.251405239105224609e+00
4.153543233871459961e+00
3.764014959335327148e+00
3.358675003051757812e+00
3.526451110839843750e+00
3.224056959152221680e+00
3.475749015808105469e+00
2.270307779312133789e+00
4.473716020584106445e+00
3.493759870529174805e+00
3.108800172805786133e+00
2.494484901428222656e+00
3.934234857559204102e+00
3.875636100769042969e+00
4.103923082351684570e+00
3.895007133483886719e+00
3.525282144546508789e+00
4.237576007843017578e+00
3.343518972396850586e+00
3.337006092071533203e+00
3.804170846939086914e+00
3.075875759124755859e+00
4.467089176177978516e+00
3.532036781311035156e+00
3.875316858291625977e+00
2.294393062591552734e+00
2.826416730880737305e+00
2.732655048370361328e+00
3.523266792297363281e+00
2.758874893188476562e+00
3.965803861618041992e+00
4.225516080856323242e+00
2.539435148239135742e+00
3.511440038681030273e+00
2.312260866165161133e+00
3.808207988739013672e+00
3.987514972686767578e+00
3.803691864013671875e+00
4.100718975067138672e+00
4.362360954284667969e+00
2.160845756530761719e+00
2.574347019195556641e+00
2.450973987579345703e+00
2.644347906112670898e+00
2.585842847824096680e+00
4.956355094909667969e+00
2.999618768692016602e+00
4.247921705245971680e+00
3.024318933486938477e+00
4.233722209930419922e+00
3.427451848983764648e+00
4.237265110015869141e+00
4.200748920440673828e+00
3.091356992721557617e+00
3.813919067382812500e+00
4.049274206161499023e+00
4.048485279083251953e+00
3.781494140625000000e+00
3.005082130432128906e+00
4.350338935852050781e+00
4.971457004547119141e+00
4.709795951843261719e+00
3.488085031509399414e+00
3.730922937393188477e+00
4.444813728332519531e+00
2.778928995132446289e+00
4.369853973388671875e+00
4.374026060104370117e+00
2.441164970397949219e+00
3.181670904159545898e+00
3.122205018997192383e+00
3.201771020889282227e+00
3.335415601730346680e+00
4.326044082641601562e+00
4.246633052825927734e+00
3.466764211654663086e+00
2.818522214889526367e+00
3.185754776000976562e+00
3.626242876052856445e+00
3.211147069931030273e+00
3.333639860153198242e+00
4.535845994949340820e+00
4.447862148284912109e+00
3.274450302124023438e+00
3.332371950149536133e+00
4.133061170578002930e+00
3.073737144470214844e+00
3.517982006072998047e+00
3.099346876144409180e+00
4.363640069961547852e+00
2.470652818679809570e+00
3.166497945785522461e+00
2.932263135910034180e+00
3.881643056869506836e+00
2.285087823867797852e+00
3.502291917800903320e+00
3.500320911407470703e+00
3.086051940917968750e+00
4.118535280227661133e+00
4.703175067901611328e+00
2.462493896484375000e+00
3.599837064743041992e+00
2.450245141983032227e+00
3.523721933364868164e+00
3.072726011276245117e+00
2.989245891571044922e+00
4.416822671890258789e+00
2.222411870956420898e+00
2.634927034378051758e+00
3.144499301910400391e+00
3.056621789932250977e+00
2.889370203018188477e+00
3.208337068557739258e+00
2.348418951034545898e+00
2.995008945465087891e+00
3.085428953170776367e+00
3.821403026580810547e+00
3.779383897781372070e+00
2.893468856811523438e+00
3.821686029434204102e+00
2.738964319229125977e+00
3.175157070159912109e+00
4.462646007537841797e+00
3.734380960464477539e+00
3.153350830078125000e+00
2.911660909652709961e+00
3.300743341445922852e+00
2.991800785064697266e+00
3.044590950012207031e+00
3.630571126937866211e+00
3.802817106246948242e+00
2.808129072189331055e+00
3.763277292251586914e+00
3.242514848709106445e+00
2.897793054580688477e+00
3.927886724472045898e+00
2.574880123138427734e+00
4.072910070419311523e+00
4.468859195709228516e+00
4.212543010711669922e+00
2.898874998092651367e+00
3.710328102111816406e+00
3.194292068481445312e+00
3.347091197967529297e+00
2.825810909271240234e+00
2.862115859985351562e+00
3.606894969940185547e+00
3.721908807754516602e+00
3.976320981979370117e+00
3.788057088851928711e+00
3.697341918945312500e+00
3.799388170242309570e+00
3.416296958923339844e+00
3.131754875183105469e+00
2.833863019943237305e+00
3.838832139968872070e+00
3.112357854843139648e+00
4.045182943344116211e+00
3.099809885025024414e+00
3.494673252105712891e+00
4.200080156326293945e+00
3.719101905822753906e+00
4.264745950698852539e+00
3.518085956573486328e+00
3.975496292114257812e+00
4.225551128387451172e+00
4.403671979904174805e+00
4.438705921173095703e+00
4.384719133377075195e+00
4.378387928009033203e+00
3.503357887268066406e+00
3.202157974243164062e+00
5.460146903991699219e+00
3.627076148986816406e+00
4.104726076126098633e+00
4.477523088455200195e+00
3.347777128219604492e+00
4.355398893356323242e+00
4.359858036041259766e+00
3.065155029296875000e+00
4.496512889862060547e+00
3.538522243499755859e+00
4.116268873214721680e+00
3.790800809860229492e+00
3.758307218551635742e+00
3.920103073120117188e+00
5.296996116638183594e+00
3.641320943832397461e+00
3.387741804122924805e+00
3.497498035430908203e+00
4.799535036087036133e+00
3.930226087570190430e+00
3.547968149185180664e+00
4.701156139373779297e+00
3.149976968765258789e+00
3.405787229537963867e+00
5.295605182647705078e+00
3.947453975677490234e+00
3.983832836151123047e+00
4.561567068099975586e+00
4.196801185607910156e+00
4.767537117004394531e+00
3.442583084106445312e+00
3.519869089126586914e+00
4.297037839889526367e+00
4.694056034088134766e+00
5.381205081939697266e+00
3.578410148620605469e+00
5.006505012512207031e+00
3.883113861083984375e+00
3.618822336196899414e+00
5.326570034027099609e+00
3.644293069839477539e+00
4.318171024322509766e+00
5.396573066711425781e+00
3.489301919937133789e+00
4.820603132247924805e+00
5.332097053527832031e+00
5.457289934158325195e+00
3.736583948135375977e+00
3.882263183593750000e+00
5.437001943588256836e+00
4.813538074493408203e+00
4.526978731155395508e+00
5.371721029281616211e+00
3.580660343170166016e+00
3.649931907653808594e+00
4.991535186767578125e+00
3.568934202194213867e+00
4.977079153060913086e+00
3.549531936645507812e+00
3.754974842071533203e+00
5.185455799102783203e+00
5.119577884674072266e+00
3.908731937408447266e+00
3.976961851119995117e+00
5.716959953308105469e+00
5.219102382659912109e+00
4.199341058731079102e+00
3.907221078872680664e+00
5.584876060485839844e+00
3.979057073593139648e+00
4.533032417297363281e+00
4.126299142837524414e+00
3.864023685455322266e+00
4.865637063980102539e+00
4.957226991653442383e+00
4.080756902694702148e+00
5.258723974227905273e+00
4.572048902511596680e+00
4.686230182647705078e+00
5.824989080429077148e+00
3.365513086318969727e+00
5.736681938171386719e+00
5.437752008438110352e+00
3.494102954864501953e+00
5.639121770858764648e+00
5.503148078918457031e+00
5.872178077697753906e+00
5.089306116104125977e+00
4.837890148162841797e+00
5.894182205200195312e+00
4.378296852111816406e+00
5.849179744720458984e+00
3.806010961532592773e+00
5.344679832458496094e+00
5.310813903808593750e+00
4.265393972396850586e+00
5.771660089492797852e+00
5.976304054260253906e+00
4.265619754791259766e+00
6.076763868331909180e+00
4.516816139221191406e+00
3.569430112838745117e+00
4.349871873855590820e+00
4.496902942657470703e+00
6.441887855529785156e+00
3.415266990661621094e+00
4.511235713958740234e+00
4.706431150436401367e+00
3.936337232589721680e+00
4.490453958511352539e+00
4.614546775817871094e+00
3.721381902694702148e+00
3.284605979919433594e+00
4.813788890838623047e+00
4.558030128479003906e+00
4.204611063003540039e+00
2.254184961318969727e+00
3.364083290100097656e+00
3.995613098144531250e+00
4.499825954437255859e+00
4.102233171463012695e+00
4.455754041671752930e+00
4.834733724594116211e+00
5.076912879943847656e+00
4.218042850494384766e+00
3.422794103622436523e+00
4.288602113723754883e+00
2.714535236358642578e+00
4.766862154006958008e+00
3.268966197967529297e+00
5.632272720336914062e+00
4.619745731353759766e+00
5.041175842285156250e+00
5.914765119552612305e+00
5.154881000518798828e+00
3.769037008285522461e+00
4.409528970718383789e+00
3.682667016983032227e+00
4.750977993011474609e+00
5.542541980743408203e+00
4.081724882125854492e+00
4.942257165908813477e+00
5.091196060180664062e+00
4.827924966812133789e+00
3.463041067123413086e+00
4.419903993606567383e+00
4.945090055465698242e+00
6.527803182601928711e+00
4.203587770462036133e+00
4.694458961486816406e+00
4.736425876617431641e+00
5.563960075378417969e+00
5.151961088180541992e+00
3.291629076004028320e+00
3.533824920654296875e+00
5.528709173202514648e+00
5.382782936096191406e+00
3.594205856323242188e+00
5.262700796127319336e+00
4.934957027435302734e+00
5.435768842697143555e+00
5.091472864151000977e+00
4.283885002136230469e+00
4.298808813095092773e+00
4.026091098785400391e+00
6.297973155975341797e+00
6.137366056442260742e+00
5.083791971206665039e+00
3.980071067810058594e+00
4.808265924453735352e+00
6.305564880371093750e+00
4.083536863327026367e+00
4.088730812072753906e+00
3.201396226882934570e+00
3.853874921798706055e+00
6.866309881210327148e+00
3.439200639724731445e+00
3.664612293243408203e+00
2.965632915496826172e+00
3.777069807052612305e+00
4.652578115463256836e+00
4.259829044342041016e+00
4.398356914520263672e+00
3.480436325073242188e+00
3.867789030075073242e+00
3.877213001251220703e+00
3.633103847503662109e+00
4.477234840393066406e+00
3.949279069900512695e+00
4.747731924057006836e+00
2.421146869659423828e+00
7.192126035690307617e+00
3.387732982635498047e+00
2.810689926147460938e+00
2.729362249374389648e+00
2.840782880783081055e+00
3.110459089279174805e+00
2.711388111114501953e+00
2.719614028930664062e+00
2.689908981323242188e+00
3.130158185958862305e+00
2.863697767257690430e+00
2.840304136276245117e+00
3.703168869018554688e+00
2.935913801193237305e+00
3.643982887268066406e+00
2.838611841201782227e+00
3.444555997848510742e+00
3.391543149948120117e+00
3.265674829483032227e+00
2.972282171249389648e+00
3.431221008300781250e+00
3.351624011993408203e+00
3.687207937240600586e+00
3.405430078506469727e+00
3.113280057907104492e+00
3.872363090515136719e+00
3.839117050170898438e+00
2.981105804443359375e+00
2.893378973007202148e+00
3.438530921936035156e+00
3.974987030029296875e+00
3.628433942794799805e+00
3.599751949310302734e+00
3.148273944854736328e+00
3.491625070571899414e+00
3.631562948226928711e+00
4.666850090026855469e+00
3.221174001693725586e+00
3.601914167404174805e+00
4.117259979248046875e+00
3.347333908081054688e+00
3.924783945083618164e+00
3.737615108489990234e+00
3.757941007614135742e+00
3.193897962570190430e+00
3.393007040023803711e+00
3.272066116333007812e+00
3.811030864715576172e+00
3.621969938278198242e+00
4.071731090545654297e+00
4.048372983932495117e+00
1.999496936798095703e+00
4.440787076950073242e+00
3.791132211685180664e+00
4.288110971450805664e+00
4.295066833496093750e+00
3.871489048004150391e+00
2.740395069122314453e+00
2.446992874145507812e+00
4.196355819702148438e+00
4.328763723373413086e+00
2.907444953918457031e+00
4.116329908370971680e+00
4.767665147781372070e+00
4.768451213836669922e+00
4.437238931655883789e+00
4.455391883850097656e+00
3.956635236740112305e+00
3.021239995956420898e+00
4.207469224929809570e+00
2.699091911315917969e+00
4.425638914108276367e+00
4.399207830429077148e+00
4.357419013977050781e+00
4.886154890060424805e+00
4.501155138015747070e+00
4.152299880981445312e+00
4.331388235092163086e+00
3.440028905868530273e+00
3.915160179138183594e+00
4.096578121185302734e+00
2.790070056915283203e+00
5.109781026840209961e+00
4.180151939392089844e+00
4.426455736160278320e+00
4.659506797790527344e+00
4.759138107299804688e+00
4.161986827850341797e+00
3.842109918594360352e+00
4.825912952423095703e+00
4.280961990356445312e+00
5.322794198989868164e+00
4.775687217712402344e+00
3.797780990600585938e+00
3.855425834655761719e+00
3.281745910644531250e+00
3.588447093963623047e+00
4.669965982437133789e+00
5.102158069610595703e+00
4.498683929443359375e+00
3.941177845001220703e+00
4.997744083404541016e+00
4.756842613220214844e+00
3.871096849441528320e+00
4.832123041152954102e+00
3.159444808959960938e+00
3.665389060974121094e+00
4.751037836074829102e+00
5.115527153015136719e+00
3.639432907104492188e+00
4.901424884796142578e+00
4.855916738510131836e+00
4.784428119659423828e+00
4.236505031585693359e+00
5.281647682189941406e+00
5.062760829925537109e+00
5.088816881179809570e+00
3.693877935409545898e+00
4.032792091369628906e+00
5.024935007095336914e+00
4.844085216522216797e+00
3.998611211776733398e+00
5.157244920730590820e+00
2.301602840423583984e+00
4.059592962265014648e+00
5.018380165100097656e+00
3.723278045654296875e+00
2.833343029022216797e+00
3.764833211898803711e+00
4.894330978393554688e+00
3.563830137252807617e+00
3.743533134460449219e+00
3.299500942230224609e+00
3.558242797851562500e+00
4.310742139816284180e+00
5.316418170928955078e+00
4.900068998336791992e+00
3.895601034164428711e+00
4.105015754699707031e+00
5.325915813446044922e+00
4.427848100662231445e+00
2.743180990219116211e+00
5.240459203720092773e+00
4.435904979705810547e+00
3.858852148056030273e+00
3.760791063308715820e+00
3.885089159011840820e+00
2.438797712326049805e+00
4.583220958709716797e+00
3.554874897003173828e+00
3.551592111587524414e+00
4.519831180572509766e+00
5.715640783309936523e+00
3.864754199981689453e+00
4.162651777267456055e+00
4.280382871627807617e+00
4.209069013595581055e+00
3.765144824981689453e+00
5.704627990722656250e+00
3.822103977203369141e+00
4.457422018051147461e+00
6.210022211074829102e+00
3.181919097900390625e+00
3.859644889831542969e+00
4.352234840393066406e+00
4.492109775543212891e+00
4.755290985107421875e+00
4.776418924331665039e+00
5.659461975097656250e+00
3.954228878021240234e+00
4.498148918151855469e+00
5.162165880203247070e+00
3.564851760864257812e+00
6.007283926010131836e+00
5.826091051101684570e+00
4.392485857009887695e+00
3.603227853775024414e+00
4.141757249832153320e+00
4.558763027191162109e+00
3.586889028549194336e+00
4.579172849655151367e+00
5.720998287200927734e+00
3.327033996582031250e+00
3.431993961334228516e+00
4.486313819885253906e+00
4.513289928436279297e+00
4.662857055664062500e+00
5.773586988449096680e+00
3.485238075256347656e+00
4.550612926483154297e+00
4.540895938873291016e+00
2.932451963424682617e+00
4.719561815261840820e+00
4.015111207962036133e+00
4.119369268417358398e+00
4.572283029556274414e+00
6.077396869659423828e+00
4.701910972595214844e+00
4.338227748870849609e+00
4.739326953887939453e+00
3.715744018554687500e+00
3.940804719924926758e+00
4.624706983566284180e+00
3.275795936584472656e+00
6.546621322631835938e+00
4.803128242492675781e+00
6.161189079284667969e+00
4.145723104476928711e+00
4.652747154235839844e+00
4.862696170806884766e+00
4.388031959533691406e+00
4.424294948577880859e+00
4.511615991592407227e+00
3.037730693817138672e+00
3.690811157226562500e+00
2.822910070419311523e+00
3.497686147689819336e+00
3.579448223114013672e+00
3.502636909484863281e+00
3.532187223434448242e+00
3.492900848388671875e+00
5.088290929794311523e+00
3.780906915664672852e+00
3.594717025756835938e+00
6.348505020141601562e+00
3.888433933258056641e+00
4.111428260803222656e+00
5.128304958343505859e+00
3.664309978485107422e+00
4.115832090377807617e+00
3.741826057434082031e+00
3.814868211746215820e+00
4.059674978256225586e+00
3.744229793548583984e+00
5.203733921051025391e+00
3.265491008758544922e+00
3.750605106353759766e+00
4.569976091384887695e+00
3.929466962814331055e+00
3.916445970535278320e+00
4.158502817153930664e+00
5.218291997909545898e+00
4.077867031097412109e+00
2.579434156417846680e+00
4.236260890960693359e+00
4.578281879425048828e+00
2.299679040908813477e+00
4.986463069915771484e+00
4.323924064636230469e+00
4.080718040466308594e+00
2.637175083160400391e+00
2.939217805862426758e+00
2.795233964920043945e+00
3.365862846374511719e+00
4.161003112792968750e+00
3.097674131393432617e+00
2.181326150894165039e+00
3.053798913955688477e+00
2.788023710250854492e+00
3.010565042495727539e+00
2.475259065628051758e+00
2.561342954635620117e+00
2.375894784927368164e+00
2.961709737777709961e+00
2.984998941421508789e+00
2.860343933105468750e+00
3.693799018859863281e+00
3.420979976654052734e+00
3.563285112380981445e+00
3.737969160079956055e+00
3.444063901901245117e+00
3.726004838943481445e+00
2.811425209045410156e+00
3.214570999145507812e+00
2.981523036956787109e+00
3.522356033325195312e+00
3.059805870056152344e+00
3.009014844894409180e+00
4.335216760635375977e+00
3.614778995513916016e+00
3.239716768264770508e+00
3.836673736572265625e+00
3.760700702667236328e+00
3.075151205062866211e+00
3.652058124542236328e+00
2.788922071456909180e+00
3.522445917129516602e+00
3.630990982055664062e+00
3.322891950607299805e+00
2.658099889755249023e+00
3.546643972396850586e+00
3.536641120910644531e+00
3.217800378799438477e+00
3.782053232192993164e+00
3.265012025833129883e+00
3.864219188690185547e+00
4.052925825119018555e+00
3.765111923217773438e+00
2.689732074737548828e+00
3.252825975418090820e+00
3.570667028427124023e+00
3.109655141830444336e+00
4.057695388793945312e+00
3.365201950073242188e+00
3.147462368011474609e+00
3.295405149459838867e+00
3.278318881988525391e+00
3.615882873535156250e+00
3.351102828979492188e+00
3.468178749084472656e+00
2.838206768035888672e+00
3.815697908401489258e+00
3.711977958679199219e+00
2.707981109619140625e+00
3.481670141220092773e+00
3.484280824661254883e+00
3.124701261520385742e+00
3.514746904373168945e+00
3.012077093124389648e+00
2.183337926864624023e+00
3.250630140304565430e+00
4.777132987976074219e+00
3.633454084396362305e+00
3.803050994873046875e+00
3.607902050018310547e+00
3.915277957916259766e+00
3.027923107147216797e+00
4.158332824707031250e+00
4.072277069091796875e+00
3.963835954666137695e+00
3.314045906066894531e+00
4.233715057373046875e+00
3.687979221343994141e+00
4.077636003494262695e+00
3.103017091751098633e+00
3.992419958114624023e+00
4.181788921356201172e+00
3.767070055007934570e+00
3.624889135360717773e+00
3.333104133605957031e+00
3.589071273803710938e+00
3.882328033447265625e+00
3.542207002639770508e+00
3.933176994323730469e+00
3.089179039001464844e+00
3.080415010452270508e+00
4.495924949645996094e+00
4.391583919525146484e+00
3.651945352554321289e+00
3.890206098556518555e+00
4.456185102462768555e+00
3.354854106903076172e+00
4.104998826980590820e+00
4.277091741561889648e+00
4.151035070419311523e+00
3.761599063873291016e+00
3.662809133529663086e+00
2.983102798461914062e+00
4.257285118103027344e+00
3.277371168136596680e+00
4.228964805603027344e+00
3.785923957824707031e+00
4.509723186492919922e+00
3.376619577407836914e+00
3.352858781814575195e+00
3.968822002410888672e+00
4.655953884124755859e+00
3.472729921340942383e+00
3.795813083648681641e+00
4.329121112823486328e+00
3.665167808532714844e+00
4.777774095535278320e+00
4.150947093963623047e+00
3.927568912506103516e+00
4.512496709823608398e+00
4.112413167953491211e+00
4.330384016036987305e+00
4.420457124710083008e+00
4.812860965728759766e+00
3.243067026138305664e+00
3.559156179428100586e+00
4.635577678680419922e+00
4.121540069580078125e+00
4.240028142929077148e+00
3.952415943145751953e+00
4.333389997482299805e+00
3.599073171615600586e+00
3.934786081314086914e+00
4.275037765502929688e+00
4.280257225036621094e+00
4.679335832595825195e+00
4.116092205047607422e+00
3.651335954666137695e+00
4.023238182067871094e+00
3.558718919754028320e+00
4.401361942291259766e+00
5.128070831298828125e+00
4.691280841827392578e+00
4.372845888137817383e+00
4.273391962051391602e+00
3.545916795730590820e+00
4.191609859466552734e+00
4.456906080245971680e+00
5.187201023101806641e+00
4.201122999191284180e+00
3.407733917236328125e+00
4.181109905242919922e+00
4.445833921432495117e+00
3.651134967803955078e+00
3.114885091781616211e+00
4.195080280303955078e+00
4.632086753845214844e+00
4.148315191268920898e+00
4.429583072662353516e+00
4.323348999023437500e+00
3.156685829162597656e+00
4.727030992507934570e+00
4.743733882904052734e+00
4.721757173538208008e+00
3.126955986022949219e+00
2.923472166061401367e+00
4.810487985610961914e+00
4.972150087356567383e+00
3.130055189132690430e+00
2.968263864517211914e+00
4.257267951965332031e+00
3.168309926986694336e+00
4.198946952819824219e+00
4.765669107437133789e+00
4.151118755340576172e+00
3.973484039306640625e+00
4.798398971557617188e+00
4.355812072753906250e+00
4.798618793487548828e+00
3.592293024063110352e+00
5.051661729812622070e+00
4.497268199920654297e+00
2.976507186889648438e+00
3.132353067398071289e+00
3.695223093032836914e+00
4.628231048583984375e+00
4.905789136886596680e+00
3.873177766799926758e+00
4.287250041961669922e+00
3.031306982040405273e+00
4.053550958633422852e+00
4.182859897613525391e+00
4.493112087249755859e+00
3.305001974105834961e+00
4.037250041961669922e+00
4.296809911727905273e+00
3.316477060317993164e+00
4.472895860671997070e+00
4.791960954666137695e+00
3.477478742599487305e+00
4.832478046417236328e+00
3.251796245574951172e+00
4.308452129364013672e+00
4.020818948745727539e+00
5.040646076202392578e+00
4.301976919174194336e+00
4.545640945434570312e+00
2.865349054336547852e+00
4.291569948196411133e+00
5.493080854415893555e+00
3.371762037277221680e+00
3.290233135223388672e+00
4.369215011596679688e+00
4.896323680877685547e+00
4.099848985671997070e+00
4.292579889297485352e+00
3.304835796356201172e+00
3.025205135345458984e+00
3.337046146392822266e+00
5.070526123046875000e+00
4.682679176330566406e+00
3.914601087570190430e+00
4.387506961822509766e+00
4.225739955902099609e+00
4.401958942413330078e+00
3.789770841598510742e+00
3.057077169418334961e+00
5.368899106979370117e+00
3.242010116577148438e+00
4.292578935623168945e+00
2.371458053588867188e+00
3.158926963806152344e+00
2.766798973083496094e+00
1.987158060073852539e+00
2.793628931045532227e+00
3.671726942062377930e+00
4.715531110763549805e+00
3.649913787841796875e+00
2.844048023223876953e+00
3.686321258544921875e+00
2.935821771621704102e+00
4.130090951919555664e+00
3.406148910522460938e+00
2.540059328079223633e+00
3.681498050689697266e+00
2.958486080169677734e+00
3.779011011123657227e+00
3.853981971740722656e+00
2.579660892486572266e+00
2.542283058166503906e+00
5.420083999633789062e+00
3.649654626846313477e+00
3.096725940704345703e+00
3.300827980041503906e+00
2.977247953414916992e+00
5.142898797988891602e+00
3.122942924499511719e+00
3.103796005249023438e+00
2.992568254470825195e+00
3.860712051391601562e+00
3.560136079788208008e+00
5.579312086105346680e+00
2.947292089462280273e+00
3.166675806045532227e+00
2.846944093704223633e+00
3.206604003906250000e+00
3.274932861328125000e+00
2.746480941772460938e+00
2.815726757049560547e+00
4.124668836593627930e+00
3.740894317626953125e+00
3.892065048217773438e+00
2.991591930389404297e+00
3.153084278106689453e+00
2.346632003784179688e+00
2.650482892990112305e+00
2.482856988906860352e+00
4.063541889190673828e+00
2.781971216201782227e+00
3.106026411056518555e+00
4.499357938766479492e+00
2.697584867477416992e+00
2.804973125457763672e+00
3.300383806228637695e+00
2.823746919631958008e+00
2.899863958358764648e+00
2.922450304031372070e+00
2.615247011184692383e+00
2.825493097305297852e+00
3.015386104583740234e+00
3.935841798782348633e+00
2.820660114288330078e+00
2.918774127960205078e+00
3.565661907196044922e+00
3.589424133300781250e+00
3.788907766342163086e+00
3.106183052062988281e+00
3.047192096710205078e+00
3.076925039291381836e+00
3.089561939239501953e+00
3.907738924026489258e+00
3.478708982467651367e+00
3.457388877868652344e+00
4.057511091232299805e+00
3.437218904495239258e+00
3.560019254684448242e+00
3.579372167587280273e+00
3.358263015747070312e+00
3.368918180465698242e+00
3.402351140975952148e+00
4.430036067962646484e+00
3.880481004714965820e+00
3.673882722854614258e+00
3.702475070953369141e+00
3.786814928054809570e+00
3.987393140792846680e+00
4.168473720550537109e+00
4.100620031356811523e+00
4.349589824676513672e+00
4.530194044113159180e+00
4.573348999023437500e+00
4.863722085952758789e+00
4.528042078018188477e+00
4.246273040771484375e+00
4.577481985092163086e+00
3.982295036315917969e+00
4.864336967468261719e+00
4.617595195770263672e+00
4.968096971511840820e+00
4.738151311874389648e+00
3.446587800979614258e+00
5.445093154907226562e+00
4.930124044418334961e+00
4.116247177124023438e+00
4.275170087814331055e+00
4.334513187408447266e+00
4.718209028244018555e+00
5.197221040725708008e+00
4.190956115722656250e+00
4.396421909332275391e+00
2.248220920562744141e+00
4.562946081161499023e+00
4.552399158477783203e+00
3.846484899520874023e+00
6.003250837326049805e+00
3.995844841003417969e+00
5.418854236602783203e+00
5.267118930816650391e+00
3.448582887649536133e+00
5.165482044219970703e+00
3.740011930465698242e+00
4.774526834487915039e+00
4.086831808090209961e+00
3.910509109497070312e+00
4.558191061019897461e+00
4.915485858917236328e+00
4.511385202407836914e+00
4.713396072387695312e+00
5.925712823867797852e+00
5.513669013977050781e+00
5.736871004104614258e+00
3.595957994461059570e+00
5.014564990997314453e+00
4.984699964523315430e+00
5.739395141601562500e+00
5.067995071411132812e+00
5.066511154174804688e+00
5.031137228012084961e+00
4.313293933868408203e+00
4.785373926162719727e+00
4.394829988479614258e+00
5.101366996765136719e+00
5.086138010025024414e+00
3.788387060165405273e+00
4.979019880294799805e+00
5.210216760635375977e+00
5.201974153518676758e+00
5.142291784286499023e+00
5.133782148361206055e+00
4.250748157501220703e+00
5.287085056304931641e+00
5.220732927322387695e+00
5.334928750991821289e+00
4.598471164703369141e+00
5.665479898452758789e+00
5.495609998703002930e+00
5.583719253540039062e+00
6.332863092422485352e+00
2.798180103302001953e+00
5.641440153121948242e+00
5.648934841156005859e+00
5.511939048767089844e+00
5.607122182846069336e+00
6.345895290374755859e+00
4.067399263381958008e+00
5.687862157821655273e+00
2.960323810577392578e+00
2.809859275817871094e+00
5.139608144760131836e+00
5.317717075347900391e+00
5.745526075363159180e+00
5.735584020614624023e+00
3.571339130401611328e+00
6.496206998825073242e+00
4.328868150711059570e+00
2.818169116973876953e+00
5.744385004043579102e+00
4.982177972793579102e+00
4.994135141372680664e+00
5.239336013793945312e+00
5.553542852401733398e+00
3.421730041503906250e+00
4.894548892974853516e+00
5.757024049758911133e+00
6.383005142211914062e+00
5.791898727416992188e+00
5.765584945678710938e+00
5.024714946746826172e+00
5.818481922149658203e+00
5.767363071441650391e+00
5.832288026809692383e+00
5.765769958496093750e+00
5.750776767730712891e+00
4.450726270675659180e+00
4.544492006301879883e+00
5.262104749679565430e+00
5.310227870941162109e+00
5.897138833999633789e+00
5.857108831405639648e+00
6.478688001632690430e+00
6.886857986450195312e+00
5.909641027450561523e+00
5.898067951202392578e+00
6.673280000686645508e+00
2.761859893798828125e+00
5.354012250900268555e+00
4.628721714019775391e+00
5.443576097488403320e+00
5.927122116088867188e+00
4.948267936706542969e+00
4.526258230209350586e+00
5.962444067001342773e+00
5.909074306488037109e+00
5.960947036743164062e+00
5.682957887649536133e+00
4.623904943466186523e+00
6.011923074722290039e+00
4.461811065673828125e+00
6.621043920516967773e+00
5.956654071807861328e+00
5.309888839721679688e+00
6.888967990875244141e+00
4.899800062179565430e+00
6.119421005249023438e+00
6.766264915466308594e+00
5.400310039520263672e+00
5.356960058212280273e+00
3.703000068664550781e+00
3.704928874969482422e+00
5.086157083511352539e+00
3.497951984405517578e+00
5.346878051757812500e+00
5.622546911239624023e+00
5.523728132247924805e+00
6.177477121353149414e+00
3.709377765655517578e+00
3.611554861068725586e+00
6.221320152282714844e+00
4.789244174957275391e+00
3.844571113586425781e+00
2.851125955581665039e+00
2.323574066162109375e+00
3.897961139678955078e+00
3.217926025390625000e+00
6.256444215774536133e+00
2.578170061111450195e+00
5.984055995941162109e+00
6.564144849777221680e+00
3.634218931198120117e+00
2.617897987365722656e+00
6.232261896133422852e+00
3.481029987335205078e+00
6.250173807144165039e+00
6.231446027755737305e+00
5.572738885879516602e+00
6.290980100631713867e+00
6.199239015579223633e+00
5.896042823791503906e+00
6.109235048294067383e+00
5.686722755432128906e+00
4.006584167480468750e+00
3.719789981842041016e+00
3.415525197982788086e+00
3.785843133926391602e+00
7.538203954696655273e+00
2.519534111022949219e+00
2.927725076675415039e+00
4.935933828353881836e+00
3.062232017517089844e+00
6.066361188888549805e+00
5.834851741790771484e+00
2.374314069747924805e+00
6.441038846969604492e+00
5.791041135787963867e+00
2.546489000320434570e+00
5.022768974304199219e+00
6.120491027832031250e+00
2.731523752212524414e+00
6.090012311935424805e+00
6.593096971511840820e+00
5.441365003585815430e+00
6.129775047302246094e+00
1.751969814300537109e+00
1.967180967330932617e+00
3.558394193649291992e+00
6.194488048553466797e+00
5.101243972778320312e+00
5.125050067901611328e+00
5.275213003158569336e+00
2.231573104858398438e+00
2.546520709991455078e+00
2.231352090835571289e+00
2.922879934310913086e+00
2.310137987136840820e+00
2.987477064132690430e+00
2.865731239318847656e+00
2.593718051910400391e+00
6.542278051376342773e+00
2.865974187850952148e+00
2.323942899703979492e+00
2.549899816513061523e+00
2.462086200714111328e+00
2.604989051818847656e+00
3.124861955642700195e+00
2.329415082931518555e+00
2.528322696685791016e+00
2.109735965728759766e+00
3.104141950607299805e+00
3.012403964996337891e+00
2.614977836608886719e+00
1.941279888153076172e+00
2.256630897521972656e+00
2.593657970428466797e+00
2.746925830841064453e+00
2.130042076110839844e+00
3.134450912475585938e+00
2.529340982437133789e+00
2.552224159240722656e+00
2.942199945449829102e+00
2.394868850708007812e+00
2.564775228500366211e+00
2.169103860855102539e+00
2.811436176300048828e+00
2.422962903976440430e+00
2.562746286392211914e+00
2.862321853637695312e+00
3.062749147415161133e+00
2.934911012649536133e+00
2.959322929382324219e+00
3.394614934921264648e+00
3.033517122268676758e+00
2.314490795135498047e+00
2.783709764480590820e+00
2.868662118911743164e+00
3.098162889480590820e+00
3.014862060546875000e+00
3.471343040466308594e+00
2.856372117996215820e+00
3.014073133468627930e+00
2.236352205276489258e+00
2.499818086624145508e+00
2.820082187652587891e+00
3.140494823455810547e+00
3.346860170364379883e+00
3.134852170944213867e+00
2.614840030670166016e+00
3.087764024734497070e+00
2.475486278533935547e+00
2.737654209136962891e+00
2.284952163696289062e+00
2.802672147750854492e+00
2.610359907150268555e+00
2.713678121566772461e+00
2.435719251632690430e+00
2.935319185256958008e+00
3.853009223937988281e+00
2.878421068191528320e+00
3.059271812438964844e+00
3.154909849166870117e+00
3.067249059677124023e+00
2.987480163574218750e+00
3.135696172714233398e+00
2.950250864028930664e+00
3.135651111602783203e+00
3.132223844528198242e+00
3.825763225555419922e+00
3.152044057846069336e+00
3.040982723236083984e+00
3.723894119262695312e+00
2.954956054687500000e+00
3.283701181411743164e+00
3.386636257171630859e+00
3.424282073974609375e+00
3.382601022720336914e+00
3.182302951812744141e+00
2.896287918090820312e+00
3.086655855178833008e+00
3.046892166137695312e+00
3.389781951904296875e+00
3.573399782180786133e+00
3.698616266250610352e+00
3.535609960556030273e+00
3.026502847671508789e+00
3.446027040481567383e+00
2.443425655364990234e+00
3.163208246231079102e+00
3.254509210586547852e+00
3.865377902984619141e+00
3.643428087234497070e+00
3.336930036544799805e+00
3.561532974243164062e+00
3.368468999862670898e+00
4.049667835235595703e+00
3.630048990249633789e+00
3.914196968078613281e+00
3.708543062210083008e+00
3.316077947616577148e+00
3.539447784423828125e+00
3.376334667205810547e+00
4.023365020751953125e+00
3.835740804672241211e+00
4.147048950195312500e+00
3.683072090148925781e+00
3.564456224441528320e+00
3.921271085739135742e+00
4.117662906646728516e+00
4.105158805847167969e+00
3.812625169754028320e+00
3.970834255218505859e+00
3.947950839996337891e+00
3.654272079467773438e+00
3.281914710998535156e+00
3.416204214096069336e+00
4.084267139434814453e+00
2.915251970291137695e+00
3.638293981552124023e+00
3.851665019989013672e+00
4.125561952590942383e+00
3.329865932464599609e+00
4.248508930206298828e+00
4.250135183334350586e+00
4.058788061141967773e+00
3.123404026031494141e+00
3.737031936645507812e+00
4.159934043884277344e+00
4.338677883148193359e+00
3.743730783462524414e+00
3.689471006393432617e+00
3.912783861160278320e+00
3.691490173339843750e+00
3.808470010757446289e+00
4.190956115722656250e+00
2.228880167007446289e+00
3.007806062698364258e+00
3.453043222427368164e+00
4.095110177993774414e+00
3.727065086364746094e+00
4.313801050186157227e+00
4.542275905609130859e+00
3.150624990463256836e+00
3.787945270538330078e+00
4.390519857406616211e+00
3.125456094741821289e+00
3.175494909286499023e+00
4.183331012725830078e+00
2.907480955123901367e+00
4.021226167678833008e+00
4.139849901199340820e+00
3.713446855545043945e+00
3.068675994873046875e+00
3.384714841842651367e+00
3.617544889450073242e+00
3.919114828109741211e+00
4.169511795043945312e+00
4.235920906066894531e+00
3.508579969406127930e+00
2.987772941589355469e+00
4.278494834899902344e+00
3.671920776367187500e+00
3.337503194808959961e+00
3.857547044754028320e+00
3.436474084854125977e+00
3.684227705001831055e+00
4.643640995025634766e+00
4.864891767501831055e+00
4.019437074661254883e+00
2.505428075790405273e+00
4.408525943756103516e+00
4.404011011123657227e+00
3.954068183898925781e+00
4.285778999328613281e+00
2.848104238510131836e+00
2.402796745300292969e+00
4.759643793106079102e+00
3.666237831115722656e+00
3.552289009094238281e+00
2.910055160522460938e+00
4.355793952941894531e+00
4.234710931777954102e+00
4.321166038513183594e+00
3.324237108230590820e+00
4.043334960937500000e+00
3.541752815246582031e+00
4.829251050949096680e+00
4.722932815551757812e+00
3.734014987945556641e+00
3.240807771682739258e+00
2.543671131134033203e+00
3.252211093902587891e+00
4.542239904403686523e+00
5.141844034194946289e+00
4.408464193344116211e+00
2.751401185989379883e+00
4.560424089431762695e+00
4.561332941055297852e+00
3.077287912368774414e+00
4.533955812454223633e+00
2.736099243164062500e+00
4.864555120468139648e+00
2.549813985824584961e+00
4.525580883026123047e+00
4.268729209899902344e+00
4.611788988113403320e+00
4.657089948654174805e+00
2.804868936538696289e+00
3.461962938308715820e+00
4.611190080642700195e+00
2.436714887619018555e+00
4.629406929016113281e+00
3.437304735183715820e+00
2.733826875686645508e+00
2.858047008514404297e+00
3.169798851013183594e+00
2.796421051025390625e+00
4.483052015304565430e+00
2.845911026000976562e+00
2.119462251663208008e+00
4.052064180374145508e+00
3.624971151351928711e+00
4.681474208831787109e+00
4.945459842681884766e+00
2.978846073150634766e+00
2.147328853607177734e+00
2.435827970504760742e+00
2.802493095397949219e+00
2.671519994735717773e+00
2.316776752471923828e+00
3.099951028823852539e+00
2.317804098129272461e+00
3.146725893020629883e+00
2.337589025497436523e+00
3.094541072845458984e+00
4.500312089920043945e+00
2.332432985305786133e+00
3.888229846954345703e+00
2.730137109756469727e+00
3.224800109863281250e+00
3.513097286224365234e+00
2.590947151184082031e+00
2.614025831222534180e+00
2.510418176651000977e+00
4.319878101348876953e+00
2.762249946594238281e+00
2.561630010604858398e+00
2.330304861068725586e+00
2.769052982330322266e+00
5.032383918762207031e+00
3.112099647521972656e+00
1.901124954223632812e+00
2.812899827957153320e+00
2.885026693344116211e+00
2.726782083511352539e+00
5.489154815673828125e+00
3.154813051223754883e+00
2.373181104660034180e+00
3.558153152465820312e+00
2.826818227767944336e+00
2.633440971374511719e+00
2.653440952301025391e+00
3.618775129318237305e+00
2.847886085510253906e+00
2.045201063156127930e+00
3.668308973312377930e+00
2.401996135711669922e+00
3.231226921081542969e+00
2.156543970108032227e+00
2.405648231506347656e+00
4.598554849624633789e+00
2.387089729309082031e+00
2.164556026458740234e+00
2.425879240036010742e+00
2.597986936569213867e+00
3.021827936172485352e+00
2.608910083770751953e+00
2.611641645431518555e+00
2.533618211746215820e+00
2.839410066604614258e+00
2.645295858383178711e+00
3.228099107742309570e+00
3.051076173782348633e+00
2.608928203582763672e+00
2.693786144256591797e+00
3.157807826995849609e+00
3.120580911636352539e+00
2.524301052093505859e+00
2.464486122131347656e+00
2.962870121002197266e+00
2.776577949523925781e+00
2.693061113357543945e+00
3.227959871292114258e+00
2.565669059753417969e+00
2.739239931106567383e+00
2.885427951812744141e+00
3.528021097183227539e+00
2.619172096252441406e+00
2.616737127304077148e+00
2.743140697479248047e+00
2.864579916000366211e+00
2.637125253677368164e+00
2.786167144775390625e+00
2.666898727416992188e+00
3.209591150283813477e+00
2.829584836959838867e+00
3.392302751541137695e+00
2.695002079010009766e+00
2.891684293746948242e+00
2.734953403472900391e+00
2.732225179672241211e+00
3.067487955093383789e+00
2.386471033096313477e+00
3.572804927825927734e+00
2.475135326385498047e+00
3.011822938919067383e+00
2.827808141708374023e+00
2.444447994232177734e+00
2.827076196670532227e+00
2.598832845687866211e+00
2.586027145385742188e+00
2.668105840682983398e+00
3.052616119384765625e+00
2.762742996215820312e+00
2.621814966201782227e+00
2.671022891998291016e+00
2.514369010925292969e+00
2.726938247680664062e+00
2.270454883575439453e+00
2.745737791061401367e+00
2.975831031799316406e+00
2.913038015365600586e+00
2.649508953094482422e+00
3.306713819503784180e+00
2.498856782913208008e+00
2.933997869491577148e+00
2.482768058776855469e+00
3.505065917968750000e+00
3.083057880401611328e+00
2.806081056594848633e+00
2.708624839782714844e+00
2.863435029983520508e+00
2.873505115509033203e+00
3.103214025497436523e+00
4.104191064834594727e+00
2.605443000793457031e+00
3.311118841171264648e+00
2.844033002853393555e+00
2.725681304931640625e+00
3.596977949142456055e+00
2.961765050888061523e+00
2.922070026397705078e+00
3.463073968887329102e+00
2.972264051437377930e+00
3.045801162719726562e+00
2.861097097396850586e+00
3.047682046890258789e+00
2.998970270156860352e+00
2.918261051177978516e+00
3.364041090011596680e+00
3.674398899078369141e+00
3.154858112335205078e+00
3.351144075393676758e+00
3.571949720382690430e+00
3.322123050689697266e+00
2.892638921737670898e+00
3.228620052337646484e+00
3.150232076644897461e+00
3.407647132873535156e+00
3.276362180709838867e+00
3.140189886093139648e+00
3.125583171844482422e+00
3.059378147125244141e+00
3.598023891448974609e+00
3.397174119949340820e+00
3.120192050933837891e+00
3.053657293319702148e+00
3.002662897109985352e+00
3.373900890350341797e+00
3.378542900085449219e+00
3.114774703979492188e+00
2.962171077728271484e+00
3.172103881835937500e+00
2.842299938201904297e+00
3.238832235336303711e+00
2.790747880935668945e+00
3.251308917999267578e+00
3.415031909942626953e+00
3.168018817901611328e+00
3.156026840209960938e+00
2.467262268066406250e+00
2.565439939498901367e+00
3.333600997924804688e+00
3.292660951614379883e+00
3.564574956893920898e+00
3.623183965682983398e+00
3.730338096618652344e+00
3.148242950439453125e+00
3.731013059616088867e+00
3.007116079330444336e+00
3.697055339813232422e+00
2.710129261016845703e+00
3.309667110443115234e+00
2.750164985656738281e+00
2.921760082244873047e+00
3.536036729812622070e+00
2.121204137802124023e+00
3.698062896728515625e+00
3.435770988464355469e+00
3.583566665649414062e+00
3.241296768188476562e+00
2.071743965148925781e+00
3.673152923583984375e+00
3.287425994873046875e+00
2.890390157699584961e+00
3.710066080093383789e+00
2.918061971664428711e+00
3.446140289306640625e+00
3.460011005401611328e+00
3.455740928649902344e+00
2.967974901199340820e+00
3.977046966552734375e+00
3.022295951843261719e+00
2.911217927932739258e+00
3.250573158264160156e+00
4.099388837814331055e+00
2.268089056015014648e+00
2.707345962524414062e+00
3.229035854339599609e+00
3.203875064849853516e+00
3.769694089889526367e+00
2.900086641311645508e+00
3.540926218032836914e+00
3.753965139389038086e+00
3.842211008071899414e+00
2.919928073883056641e+00
3.820658922195434570e+00
3.935453891754150391e+00
3.441742181777954102e+00
3.953231096267700195e+00
4.593812942504882812e+00
3.488705158233642578e+00
3.489347934722900391e+00
3.674355983734130859e+00
3.528160095214843750e+00
3.976038932800292969e+00
2.736757993698120117e+00
4.278369903564453125e+00
2.712068080902099609e+00
3.941424846649169922e+00
4.555068731307983398e+00
2.811614036560058594e+00
2.823558092117309570e+00
3.184549093246459961e+00
3.533525943756103516e+00
3.632298946380615234e+00
2.816928148269653320e+00
2.936275243759155273e+00
3.697191953659057617e+00
3.268625736236572266e+00
2.966756105422973633e+00
2.806020021438598633e+00
2.972079992294311523e+00
2.964479923248291016e+00
2.680364131927490234e+00
3.351629018783569336e+00
2.870540857315063477e+00
2.781706094741821289e+00
2.963453769683837891e+00
2.781414270401000977e+00
3.846998691558837891e+00
4.557814121246337891e+00
3.595563888549804688e+00
3.772584915161132812e+00
3.648370981216430664e+00
2.891002893447875977e+00
3.161952018737792969e+00
4.083265066146850586e+00
3.029422044754028320e+00
3.294797182083129883e+00
2.925642013549804688e+00
2.691077947616577148e+00
3.173825979232788086e+00
2.776016950607299805e+00
2.688652992248535156e+00
3.193028926849365234e+00
2.257518053054809570e+00
3.040360212326049805e+00
2.990613937377929688e+00
3.213947057723999023e+00
2.167757749557495117e+00
2.364725112915039062e+00
2.729479312896728516e+00
2.558832168579101562e+00
2.514194965362548828e+00
3.443917036056518555e+00
2.105099916458129883e+00
3.242228031158447266e+00
3.292082309722900391e+00
2.892740726470947266e+00
2.945971965789794922e+00
2.771835803985595703e+00
3.253698110580444336e+00
3.276364088058471680e+00
3.746484994888305664e+00
3.199437141418457031e+00
3.674156904220581055e+00
3.695122241973876953e+00
2.956446886062622070e+00
2.959577798843383789e+00
3.262585163116455078e+00
2.957363128662109375e+00
3.263163089752197266e+00
3.070726871490478516e+00
4.047737121582031250e+00
3.479017972946166992e+00
3.224401235580444336e+00
5.400573015213012695e+00
4.031428098678588867e+00
3.113544225692749023e+00
3.971493959426879883e+00
3.193871974945068359e+00
3.398897886276245117e+00
4.278527975082397461e+00
3.605706930160522461e+00
3.541860818862915039e+00
3.300992012023925781e+00
4.147724151611328125e+00
4.401493072509765625e+00
3.495397806167602539e+00
3.930589914321899414e+00
3.300049781799316406e+00
3.178567886352539062e+00
3.674647092819213867e+00
3.517236948013305664e+00
2.812080144882202148e+00
3.701698064804077148e+00
3.131289958953857422e+00
3.619935989379882812e+00
3.337369918823242188e+00
4.245308876037597656e+00
4.201309919357299805e+00
3.270191907882690430e+00
3.117639303207397461e+00
4.057240009307861328e+00
3.557823896408081055e+00
3.615898847579956055e+00
3.794062137603759766e+00
3.836457014083862305e+00
3.804353952407836914e+00
3.661452054977416992e+00
3.740880012512207031e+00
3.721656084060668945e+00
4.766644001007080078e+00
3.827656984329223633e+00
3.279279947280883789e+00
3.658257007598876953e+00
4.015291929244995117e+00
3.655398845672607422e+00
3.864492654800415039e+00
3.422389984130859375e+00
3.814475059509277344e+00
2.816228866577148438e+00
3.893595695495605469e+00
3.296192169189453125e+00
4.264021873474121094e+00
3.952556133270263672e+00
4.077572107315063477e+00
3.357661962509155273e+00
4.123929738998413086e+00
3.992791891098022461e+00
4.034653902053833008e+00
4.491709947586059570e+00
3.576573848724365234e+00
2.790629863739013672e+00
4.065990924835205078e+00
4.146949052810668945e+00
3.615938901901245117e+00
2.741204977035522461e+00
3.079718112945556641e+00
4.357851982116699219e+00
3.945498943328857422e+00
3.727598190307617188e+00
3.569191932678222656e+00
3.911098241806030273e+00
3.455602407455444336e+00
4.215429782867431641e+00
4.373071193695068359e+00
3.731880903244018555e+00
3.325377941131591797e+00
3.983459234237670898e+00
3.252261161804199219e+00
3.973423004150390625e+00
3.698702096939086914e+00
3.462831974029541016e+00
4.557602882385253906e+00
4.274029016494750977e+00
4.233932733535766602e+00
4.261276006698608398e+00
4.160716772079467773e+00
3.557507038116455078e+00
4.430875062942504883e+00
4.623799800872802734e+00
3.419778823852539062e+00
4.053100109100341797e+00
4.454119920730590820e+00
4.622868061065673828e+00
3.834788084030151367e+00
3.767536878585815430e+00
4.216366767883300781e+00
4.853209972381591797e+00
4.648574352264404297e+00
4.007236719131469727e+00
3.632084846496582031e+00
4.710282325744628906e+00
3.742625951766967773e+00
4.027180671691894531e+00
4.883993864059448242e+00
3.499864101409912109e+00
3.532943248748779297e+00
3.733886957168579102e+00
4.794455051422119141e+00
4.273348093032836914e+00
4.009160995483398438e+00
2.508611917495727539e+00
3.877115964889526367e+00
5.131793022155761719e+00
4.008738994598388672e+00
4.458731889724731445e+00
3.754887342453002930e+00
4.942174911499023438e+00
3.830935001373291016e+00
4.307687044143676758e+00
4.771963834762573242e+00
4.771162986755371094e+00
4.481969833374023438e+00
2.531395912170410156e+00
4.504680871963500977e+00
4.486799001693725586e+00
3.959932088851928711e+00
4.930114984512329102e+00
5.154751062393188477e+00
3.503637075424194336e+00
4.518419027328491211e+00
5.506234169006347656e+00
4.035088062286376953e+00
5.341787815093994141e+00
3.521446943283081055e+00
4.486104011535644531e+00
4.222368001937866211e+00
5.272836923599243164e+00
4.116753339767456055e+00
4.540864944458007812e+00
4.200490951538085938e+00
3.112376928329467773e+00
4.548258066177368164e+00
3.752133131027221680e+00
2.881928920745849609e+00
5.349499225616455078e+00
4.699028015136718750e+00
4.316757678985595703e+00
3.145470142364501953e+00
4.623752832412719727e+00
4.603683948516845703e+00
4.629781961441040039e+00
4.311701774597167969e+00
3.617421150207519531e+00
2.981153964996337891e+00
4.343029022216796875e+00
5.144751071929931641e+00
4.387125015258789062e+00
5.231222152709960938e+00
4.892399072647094727e+00
3.667732000350952148e+00
4.754976034164428711e+00
2.942238807678222656e+00
3.324759006500244141e+00
2.982482194900512695e+00
4.373050928115844727e+00
3.109533071517944336e+00
3.484405994415283203e+00
4.421406030654907227e+00
4.484367132186889648e+00
4.141565084457397461e+00
4.778286695480346680e+00
3.507084131240844727e+00
3.775344133377075195e+00
4.239437103271484375e+00
2.267974853515625000e+00
4.025148868560791016e+00
4.404930114746093750e+00
3.812267065048217773e+00
4.583425998687744141e+00
4.411515235900878906e+00
5.164738893508911133e+00
4.453734874725341797e+00
4.701032161712646484e+00
4.097493886947631836e+00
2.097131013870239258e+00
3.810743093490600586e+00
3.605057001113891602e+00
4.513871192932128906e+00
3.302632093429565430e+00
5.023865222930908203e+00
3.132164001464843750e+00
3.453925848007202148e+00
3.940340995788574219e+00
3.947038888931274414e+00
3.834318161010742188e+00
2.899603366851806641e+00
5.031458139419555664e+00
4.096581220626831055e+00
3.566319704055786133e+00
4.083263158798217773e+00
3.530927181243896484e+00
3.354728937149047852e+00
4.893415927886962891e+00
4.106400966644287109e+00
5.658751964569091797e+00
3.275398969650268555e+00
5.184535980224609375e+00
5.042993068695068359e+00
3.027806043624877930e+00
3.498175144195556641e+00
4.080098867416381836e+00
2.697564840316772461e+00
4.140547037124633789e+00
3.738099098205566406e+00
5.275747060775756836e+00
3.607802867889404297e+00
2.702236890792846680e+00
4.894593000411987305e+00
3.214543104171752930e+00
2.384466171264648438e+00
2.718297243118286133e+00
3.262196063995361328e+00
3.191559314727783203e+00
3.600054979324340820e+00
3.750301837921142578e+00
3.244826793670654297e+00
3.715402841567993164e+00
2.894502878189086914e+00
3.907506942749023438e+00
3.388990879058837891e+00
3.155152082443237305e+00
2.894947767257690430e+00
2.695667982101440430e+00
3.727962017059326172e+00
3.406064271926879883e+00
2.804932117462158203e+00
3.328227996826171875e+00
3.073132038116455078e+00
3.643903017044067383e+00
2.942144870758056641e+00
4.048489093780517578e+00
4.195104122161865234e+00
3.493788957595825195e+00
3.453947782516479492e+00
3.736713171005249023e+00
2.723732948303222656e+00
2.918523788452148438e+00
4.193401098251342773e+00
3.214968204498291016e+00
3.192970991134643555e+00
2.786001920700073242e+00
3.886462926864624023e+00
3.777496099472045898e+00
2.339569330215454102e+00
4.330453157424926758e+00
3.037719964981079102e+00
2.990373849868774414e+00
2.572579860687255859e+00
2.072031021118164062e+00
2.230968236923217773e+00
2.687455892562866211e+00
3.164330005645751953e+00
3.492769002914428711e+00
2.527827978134155273e+00
3.870301008224487305e+00
2.694556236267089844e+00
2.587435007095336914e+00
2.674403905868530273e+00
2.475918769836425781e+00
2.777616262435913086e+00
3.129423141479492188e+00
2.603877067565917969e+00
4.227330207824707031e+00
3.280109167098999023e+00
3.905419826507568359e+00
2.734465837478637695e+00
2.565046072006225586e+00
3.299289941787719727e+00
2.843862056732177734e+00
2.824360847473144531e+00
2.726984024047851562e+00
2.872798919677734375e+00
3.358581066131591797e+00
2.322422981262207031e+00
1.925064802169799805e+00
4.754413843154907227e+00
3.932636022567749023e+00
2.452742815017700195e+00
2.417911052703857422e+00
2.557168006896972656e+00
2.866664886474609375e+00
3.087268114089965820e+00
3.175570011138916016e+00
3.125850915908813477e+00
2.456724882125854492e+00
2.265512943267822266e+00
2.318229913711547852e+00
2.168548107147216797e+00
2.708474874496459961e+00
2.596410751342773438e+00
2.587661027908325195e+00
2.657746076583862305e+00
2.868630886077880859e+00
3.122688055038452148e+00
3.903081893920898438e+00
2.759938001632690430e+00
3.286089897155761719e+00
2.702994108200073242e+00
4.118950843811035156e+00
2.690052747726440430e+00
2.622340202331542969e+00
2.591422319412231445e+00
2.987419128417968750e+00
3.252663850784301758e+00
2.848653078079223633e+00
2.709194898605346680e+00
2.612748622894287109e+00
3.135851144790649414e+00
2.398618936538696289e+00
2.738943099975585938e+00
2.438657045364379883e+00
2.788976907730102539e+00
2.992233037948608398e+00
2.331677913665771484e+00
2.997831821441650391e+00
2.906578063964843750e+00
2.975157022476196289e+00
3.067152976989746094e+00
3.011369943618774414e+00
2.940269231796264648e+00
3.092157840728759766e+00
2.821245908737182617e+00
2.985825061798095703e+00
2.963376998901367188e+00
3.242072105407714844e+00
3.134307861328125000e+00
3.024637222290039062e+00
2.742208957672119141e+00
3.034980773925781250e+00
3.122537851333618164e+00
3.316324949264526367e+00
2.412006139755249023e+00
3.106935024261474609e+00
3.245592117309570312e+00
3.198930025100708008e+00
3.259968996047973633e+00
3.028309822082519531e+00
2.529694795608520508e+00
3.139147996902465820e+00
3.208276987075805664e+00
2.802824020385742188e+00
3.092610120773315430e+00
3.227447032928466797e+00
2.440376043319702148e+00
3.201104164123535156e+00
3.140335083007812500e+00
3.312526941299438477e+00
2.566439151763916016e+00
3.348038911819458008e+00
3.110557794570922852e+00
2.621119022369384766e+00
3.544771909713745117e+00
2.443433284759521484e+00
2.441814899444580078e+00
3.608792781829833984e+00
2.942350864410400391e+00
2.960887193679809570e+00
3.303224802017211914e+00
2.884990215301513672e+00
2.856527090072631836e+00
3.107087135314941406e+00
2.909932851791381836e+00
3.675125598907470703e+00
2.878164052963256836e+00
2.536941766738891602e+00
2.512444972991943359e+00
3.205374002456665039e+00
2.827680826187133789e+00
3.315158843994140625e+00
3.265836000442504883e+00
2.893532037734985352e+00
2.605530023574829102e+00
2.819728851318359375e+00
2.644695043563842773e+00
2.734431982040405273e+00
3.181069850921630859e+00
2.744601011276245117e+00
2.674463033676147461e+00
3.065793752670288086e+00
3.375350952148437500e+00
3.503390789031982422e+00
3.525326013565063477e+00
3.222660064697265625e+00
4.036063909530639648e+00
2.862262010574340820e+00
3.764858245849609375e+00
4.205175161361694336e+00
2.468867778778076172e+00
2.616636991500854492e+00
3.768867254257202148e+00
3.212613105773925781e+00
4.243652820587158203e+00
3.428192853927612305e+00
3.302347183227539062e+00
4.152559995651245117e+00
3.346333026885986328e+00
2.676137208938598633e+00
3.506989002227783203e+00
3.665914773941040039e+00
3.932905197143554688e+00
2.825108051300048828e+00
3.920033693313598633e+00
3.312269210815429688e+00
3.038026094436645508e+00
4.507303953170776367e+00
2.499127149581909180e+00
3.098285675048828125e+00
4.469254016876220703e+00
4.146003961563110352e+00
3.124751806259155273e+00
3.492111921310424805e+00
4.076659917831420898e+00
3.299617052078247070e+00
2.914758682250976562e+00
3.119151115417480469e+00
3.150096178054809570e+00
3.514555215835571289e+00
2.844916105270385742e+00
2.813893079757690430e+00
3.089313983917236328e+00
3.238627195358276367e+00
3.123080968856811523e+00
4.770205974578857422e+00
2.830080032348632812e+00
3.323112010955810547e+00
3.509976148605346680e+00
4.112308979034423828e+00
4.346954107284545898e+00
3.623443841934204102e+00
3.621141910552978516e+00
3.311928987503051758e+00
3.641996145248413086e+00
3.453613758087158203e+00
3.416407108306884766e+00
3.648760080337524414e+00
4.084629058837890625e+00
2.798954248428344727e+00
2.322210073471069336e+00
3.176153182983398438e+00
3.044157981872558594e+00
3.886691093444824219e+00
3.643682956695556641e+00
4.006462097167968750e+00
3.958970785140991211e+00
3.640224695205688477e+00
4.406610965728759766e+00
2.817271232604980469e+00
3.524848222732543945e+00
3.633176088333129883e+00
3.752514123916625977e+00
3.405230045318603516e+00
2.620635032653808594e+00
3.922535896301269531e+00
3.777829170227050781e+00
2.497146129608154297e+00
3.232121944427490234e+00
3.325596809387207031e+00
3.534608840942382812e+00
3.003676891326904297e+00
2.870105266571044922e+00
3.352176904678344727e+00
3.550895929336547852e+00
2.746380090713500977e+00
3.934106111526489258e+00
3.939882040023803711e+00
3.164142131805419922e+00
3.859705924987792969e+00
2.831999063491821289e+00
3.623582363128662109e+00
2.821194887161254883e+00
3.220745086669921875e+00
3.610400915145874023e+00
3.132495164871215820e+00
3.734708786010742188e+00
4.289487123489379883e+00
3.119864225387573242e+00
2.621556997299194336e+00
3.643347024917602539e+00
3.171130895614624023e+00
4.358846902847290039e+00
3.094447135925292969e+00
2.512742042541503906e+00
3.158532142639160156e+00
2.142065048217773438e+00
2.799615859985351562e+00
3.883879899978637695e+00
2.068324804306030273e+00
3.139523267745971680e+00
3.844680070877075195e+00
3.941970109939575195e+00
3.127396106719970703e+00
4.035281181335449219e+00
2.926781892776489258e+00
3.595195770263671875e+00
3.976651906967163086e+00
2.949297904968261719e+00
2.465110063552856445e+00
4.475027322769165039e+00
4.499688148498535156e+00
4.114158868789672852e+00
3.052360296249389648e+00
3.385677099227905273e+00
2.836974143981933594e+00
3.077008724212646484e+00
3.820819854736328125e+00
3.488168001174926758e+00
3.159290075302124023e+00
3.568183898925781250e+00
3.535283327102661133e+00
3.612434864044189453e+00
2.226900100708007812e+00
3.717663049697875977e+00
2.314799785614013672e+00
3.550267219543457031e+00
3.642977714538574219e+00
2.932956218719482422e+00
3.143392086029052734e+00
2.344966888427734375e+00
3.358360052108764648e+00
2.898738861083984375e+00
2.517064094543457031e+00
3.554487943649291992e+00
3.612717866897583008e+00
3.650440216064453125e+00
3.578286886215209961e+00
2.703266859054565430e+00
2.929238080978393555e+00
2.679871082305908203e+00
2.736036062240600586e+00
3.542294979095458984e+00
3.520386934280395508e+00
2.790741920471191406e+00
2.637825012207031250e+00
3.520489215850830078e+00
2.673063039779663086e+00
2.816620111465454102e+00
4.041085958480834961e+00
2.673423767089843750e+00
2.976364135742187500e+00
3.971988916397094727e+00
3.044890165328979492e+00
3.993991136550903320e+00
3.376193046569824219e+00
3.428136348724365234e+00
3.254897832870483398e+00
3.340543031692504883e+00
2.601067066192626953e+00
4.135139703750610352e+00
3.506735801696777344e+00
3.494181871414184570e+00
2.808584928512573242e+00
3.899817943572998047e+00
2.957456111907958984e+00
3.652210235595703125e+00
4.072671175003051758e+00
2.859308958053588867e+00
3.292005777359008789e+00
3.495396852493286133e+00
2.444500923156738281e+00
2.813700914382934570e+00
3.441535949707031250e+00
4.050259113311767578e+00
3.618900775909423828e+00
2.623358011245727539e+00
3.970699071884155273e+00
4.242696285247802734e+00
3.073518753051757812e+00
3.717341899871826172e+00
3.537386894226074219e+00
2.783832788467407227e+00
3.732780933380126953e+00
3.505913972854614258e+00
2.742537975311279297e+00
3.947208881378173828e+00
3.137929916381835938e+00
3.430769920349121094e+00
2.987582921981811523e+00
3.761524915695190430e+00
2.729866981506347656e+00
3.012752294540405273e+00
2.680784940719604492e+00
3.219899892807006836e+00
2.916297912597656250e+00
2.851807117462158203e+00
3.442472219467163086e+00
3.138329744338989258e+00
3.054114103317260742e+00
4.188354015350341797e+00
3.107282161712646484e+00
3.031722068786621094e+00
3.095672130584716797e+00
2.869437932968139648e+00
2.866768121719360352e+00
3.201177120208740234e+00
3.496860980987548828e+00
3.518586874008178711e+00
3.042935132980346680e+00
2.831880092620849609e+00
3.217413902282714844e+00
2.721824884414672852e+00
4.180809974670410156e+00
3.007196187973022461e+00
2.591729879379272461e+00
3.351927042007446289e+00
3.315143346786499023e+00
3.174118757247924805e+00
3.774539709091186523e+00
2.857596874237060547e+00
3.602035045623779297e+00
5.205271005630493164e+00
3.645767927169799805e+00
3.351951122283935547e+00
3.270126819610595703e+00
3.070860147476196289e+00
2.196878194808959961e+00
3.584502935409545898e+00
3.241034030914306641e+00
3.784288883209228516e+00
3.597429990768432617e+00
4.277272939682006836e+00
2.942714214324951172e+00
2.967576026916503906e+00
3.903399944305419922e+00
2.970613002777099609e+00
3.242255926132202148e+00
4.045347213745117188e+00
3.979517936706542969e+00
2.570474863052368164e+00
2.728783845901489258e+00
3.787976980209350586e+00
3.403767824172973633e+00
2.944608926773071289e+00
3.312090158462524414e+00
2.907988309860229492e+00
3.259976863861083984e+00
3.417974233627319336e+00
2.565373897552490234e+00
3.217799901962280273e+00
2.880947113037109375e+00
2.863185167312622070e+00
2.715655803680419922e+00
4.070523023605346680e+00
4.031476974487304688e+00
3.572992086410522461e+00
3.359921216964721680e+00
3.190943956375122070e+00
2.990065813064575195e+00
2.590588808059692383e+00
3.194833755493164062e+00
3.451238155364990234e+00
3.564259767532348633e+00
3.655032157897949219e+00
2.856353044509887695e+00
2.734622001647949219e+00
3.158314943313598633e+00
3.092844724655151367e+00
2.648735046386718750e+00
2.668062210083007812e+00
3.361138820648193359e+00
3.081600904464721680e+00
2.873988151550292969e+00
2.852260112762451172e+00
3.758315086364746094e+00
3.612353086471557617e+00
3.807423114776611328e+00
3.426429033279418945e+00
2.654940128326416016e+00
3.477589130401611328e+00
3.371723175048828125e+00
3.998257875442504883e+00
3.613412857055664062e+00
3.410240173339843750e+00
3.184909105300903320e+00
2.954884052276611328e+00
3.622412919998168945e+00
2.620312213897705078e+00
4.449454069137573242e+00
2.493037700653076172e+00
3.586585998535156250e+00
3.043936967849731445e+00
3.285066127777099609e+00
2.536355018615722656e+00
2.474659204483032227e+00
3.713953018188476562e+00
3.322808980941772461e+00
3.628846168518066406e+00
3.391362905502319336e+00
3.949564933776855469e+00
3.108660221099853516e+00
3.926670074462890625e+00
3.813486099243164062e+00
3.177244186401367188e+00
4.047130107879638672e+00
3.227117061614990234e+00
2.950695276260375977e+00
2.465189933776855469e+00
3.133002042770385742e+00
2.750507116317749023e+00
2.745441198348999023e+00
2.496807098388671875e+00
2.837286949157714844e+00
3.369712829589843750e+00
3.406121969223022461e+00
3.620561122894287109e+00
2.801322937011718750e+00
2.619359016418457031e+00
1.949314832687377930e+00
2.556499004364013672e+00
3.448479890823364258e+00
2.803077697753906250e+00
2.857042074203491211e+00
2.788475751876831055e+00
2.678006172180175781e+00
3.114022731781005859e+00
3.168947935104370117e+00
2.225897073745727539e+00
2.783609151840209961e+00
3.002258062362670898e+00
3.261698007583618164e+00
2.380111932754516602e+00
2.844594955444335938e+00
2.812849998474121094e+00
3.083802938461303711e+00
2.959124803543090820e+00
2.667985200881958008e+00
2.987816333770751953e+00
2.883477926254272461e+00
2.585292100906372070e+00
3.394371747970581055e+00
3.149803876876831055e+00
2.798795938491821289e+00
3.033343076705932617e+00
3.041915178298950195e+00
3.077260971069335938e+00
3.346391916275024414e+00
3.511366128921508789e+00
2.549970865249633789e+00
2.674463033676147461e+00
3.263794183731079102e+00
2.529081821441650391e+00
3.493837118148803711e+00
3.065788269042968750e+00
2.346725225448608398e+00
3.093470096588134766e+00
2.541357755661010742e+00
3.379060029983520508e+00
3.496624946594238281e+00
3.103496074676513672e+00
3.669941186904907227e+00
3.219801902770996094e+00
3.888235092163085938e+00
3.717063903808593750e+00
3.257910013198852539e+00
2.132763147354125977e+00
2.942259073257446289e+00
3.179118156433105469e+00
3.085391044616699219e+00
2.720187187194824219e+00
3.170974016189575195e+00
4.140964031219482422e+00
3.193344831466674805e+00
3.321043014526367188e+00
3.005571842193603516e+00
2.489759922027587891e+00
3.202185869216918945e+00
3.254943847656250000e+00
3.823810815811157227e+00
2.201947212219238281e+00
2.905347108840942383e+00
3.368361949920654297e+00
2.921109914779663086e+00
3.050347089767456055e+00
3.122359752655029297e+00
3.218834877014160156e+00
3.290184974670410156e+00
3.333352088928222656e+00
2.997078180313110352e+00
2.301293134689331055e+00
3.154653787612915039e+00
2.886572122573852539e+00
3.399513959884643555e+00
2.631625890731811523e+00
3.586653232574462891e+00
3.554423809051513672e+00
2.620724201202392578e+00
3.073859930038452148e+00
3.267419338226318359e+00
3.713171005249023438e+00
2.951289176940917969e+00
3.622758150100708008e+00
4.060964822769165039e+00
3.634791851043701172e+00
4.094130039215087891e+00
3.526235818862915039e+00
3.705239772796630859e+00
4.157368183135986328e+00
3.374852895736694336e+00
4.165211200714111328e+00
4.147876024246215820e+00
4.014986038208007812e+00
4.174967050552368164e+00
3.641105890274047852e+00
3.054404735565185547e+00
4.293857097625732422e+00
3.353108882904052734e+00
4.333537101745605469e+00
3.265501022338867188e+00
2.939779758453369141e+00
4.484786987304687500e+00
4.494284152984619141e+00
4.088440895080566406e+00
4.008432149887084961e+00
4.410158872604370117e+00
4.528794765472412109e+00
4.339738845825195312e+00
3.815373897552490234e+00
3.576476812362670898e+00
3.886680126190185547e+00
3.966070175170898438e+00
4.003890275955200195e+00
4.189588069915771484e+00
4.132076025009155273e+00
3.366264104843139648e+00
3.981631040573120117e+00
4.615302085876464844e+00
4.141567230224609375e+00
4.090532064437866211e+00
4.543817043304443359e+00
4.659960031509399414e+00
5.240588188171386719e+00
3.632328987121582031e+00
3.129180192947387695e+00
3.388065099716186523e+00
4.215433120727539062e+00
4.327869176864624023e+00
4.388632774353027344e+00
3.749983787536621094e+00
4.723361968994140625e+00
3.466041088104248047e+00
3.608690977096557617e+00
3.238652944564819336e+00
3.626460790634155273e+00
3.340994119644165039e+00
3.843235731124877930e+00
3.275467872619628906e+00
4.277852773666381836e+00
4.344652175903320312e+00
2.899321079254150391e+00
3.471454858779907227e+00
3.209735155105590820e+00
3.670063734054565430e+00
2.175761938095092773e+00
4.423951864242553711e+00
3.666116237640380859e+00
4.408328294754028320e+00
3.711632251739501953e+00
3.441153049468994141e+00
3.514100074768066406e+00
3.589118003845214844e+00
3.324289083480834961e+00
3.824624061584472656e+00
4.484666109085083008e+00
3.210168123245239258e+00
3.155244827270507812e+00
3.857072114944458008e+00
3.453027725219726562e+00
3.411052942276000977e+00
4.123540878295898438e+00
3.768610000610351562e+00
4.132212877273559570e+00
4.772404909133911133e+00
3.540225744247436523e+00
4.073393821716308594e+00
3.380092859268188477e+00
2.711906194686889648e+00
3.663372993469238281e+00
4.154397010803222656e+00
3.471096992492675781e+00
3.921087026596069336e+00
3.497167825698852539e+00
2.377104759216308594e+00
3.338314056396484375e+00
2.618332862854003906e+00
3.212640047073364258e+00
2.780938148498535156e+00
3.208964824676513672e+00
3.644999027252197266e+00
4.217702150344848633e+00
3.245811223983764648e+00
2.633542299270629883e+00
3.709186077117919922e+00
3.797432899475097656e+00
2.327300310134887695e+00
2.366837978363037109e+00
2.447176218032836914e+00
4.395804882049560547e+00
4.543941259384155273e+00
3.084709167480468750e+00
3.670291900634765625e+00
3.594290018081665039e+00
3.211244821548461914e+00
2.673427104949951172e+00
4.072796821594238281e+00
3.942981243133544922e+00
4.315331697463989258e+00
3.497063875198364258e+00
3.945951938629150391e+00
3.669902086257934570e+00
3.302687406539916992e+00
3.751077651977539062e+00
3.672494173049926758e+00
4.446408033370971680e+00
3.363466978073120117e+00
4.188730239868164062e+00
4.089818000793457031e+00
3.824968814849853516e+00
3.488452196121215820e+00
3.279980897903442383e+00
4.142145156860351562e+00
4.374419212341308594e+00
4.611671924591064453e+00
3.257771015167236328e+00
4.361845970153808594e+00
4.110548019409179688e+00
4.284193992614746094e+00
3.435631752014160156e+00
3.736884117126464844e+00
4.088819980621337891e+00
3.543453931808471680e+00
4.370857954025268555e+00
3.648842096328735352e+00
4.207535028457641602e+00
3.565520763397216797e+00
4.494683980941772461e+00
3.073863983154296875e+00
3.879765033721923828e+00
3.574784994125366211e+00
4.246979951858520508e+00
2.513931035995483398e+00
2.982038021087646484e+00
3.780896902084350586e+00
2.386351108551025391e+00
3.162782907485961914e+00
4.214145898818969727e+00
3.386813879013061523e+00
2.844620227813720703e+00
2.431169033050537109e+00
2.394145965576171875e+00
3.106095075607299805e+00
3.927517890930175781e+00
3.176398038864135742e+00
4.462478160858154297e+00
3.160537719726562500e+00
2.037638187408447266e+00
3.209928989410400391e+00
2.709632158279418945e+00
3.062054872512817383e+00
2.622483015060424805e+00
2.575176000595092773e+00
2.341009855270385742e+00
3.190736055374145508e+00
2.623695850372314453e+00
3.337104797363281250e+00
2.670124769210815430e+00
2.949659109115600586e+00
2.691330194473266602e+00
2.708054065704345703e+00
2.165487051010131836e+00
2.664396047592163086e+00
3.047987222671508789e+00
2.837786197662353516e+00
2.394199132919311523e+00
2.654029130935668945e+00
2.762235164642333984e+00
2.752323150634765625e+00
3.432138919830322266e+00
2.474241018295288086e+00
2.641071796417236328e+00
2.788627862930297852e+00
2.397259950637817383e+00
3.032559156417846680e+00
3.401117086410522461e+00
2.495187997817993164e+00
2.197747230529785156e+00
3.019496917724609375e+00
2.508582115173339844e+00
3.085799217224121094e+00
3.047494888305664062e+00
2.445558071136474609e+00
2.969998121261596680e+00
2.592456817626953125e+00
2.867284059524536133e+00
2.906825304031372070e+00
2.835948944091796875e+00
3.342364788055419922e+00
2.337102890014648438e+00
2.866042137145996094e+00
2.202272891998291016e+00
2.580509185791015625e+00
3.190160274505615234e+00
2.534584999084472656e+00
3.008573055267333984e+00
3.599339008331298828e+00
3.342318058013916016e+00
3.013028144836425781e+00
3.001935958862304688e+00
3.266241073608398438e+00
3.055457115173339844e+00
3.002075910568237305e+00
2.319694042205810547e+00
3.085855007171630859e+00
3.387162208557128906e+00
2.146785020828247070e+00
2.933063030242919922e+00
3.039142847061157227e+00
3.210721969604492188e+00
3.185672998428344727e+00
3.147816896438598633e+00
3.401667118072509766e+00
3.146743774414062500e+00
2.962184906005859375e+00
3.001934289932250977e+00
2.896385192871093750e+00
3.655912876129150391e+00
2.755892038345336914e+00
3.827069282531738281e+00
2.499900341033935547e+00
3.647608757019042969e+00
2.521436214447021484e+00
3.526485681533813477e+00
3.029246807098388672e+00
2.761050939559936523e+00
2.891413927078247070e+00
2.464931964874267578e+00
3.020598888397216797e+00
3.438210010528564453e+00
3.697098970413208008e+00
3.310095787048339844e+00
3.410697937011718750e+00
3.199054002761840820e+00
2.942996025085449219e+00
3.740470170974731445e+00
3.621752023696899414e+00
3.658896207809448242e+00
2.665423870086669922e+00
2.589136838912963867e+00
3.698016166687011719e+00
2.690789937973022461e+00
2.618067741394042969e+00
2.727041244506835938e+00
3.629082202911376953e+00
3.231539011001586914e+00
2.278420925140380859e+00
2.701577901840209961e+00
2.723356962203979492e+00
3.986391067504882812e+00
3.079500913619995117e+00
3.182142972946166992e+00
2.814635992050170898e+00
2.869929075241088867e+00
3.541072130203247070e+00
2.541793107986450195e+00
3.020200014114379883e+00
2.136229991912841797e+00
2.555180072784423828e+00
2.509289979934692383e+00
3.006812810897827148e+00
2.986552953720092773e+00
4.139343738555908203e+00
3.548986673355102539e+00
3.243026971817016602e+00
3.201476097106933594e+00
2.262452125549316406e+00
3.144623756408691406e+00
3.131389856338500977e+00
2.690201759338378906e+00
3.191756010055541992e+00
3.006083965301513672e+00
3.747905969619750977e+00
3.485827207565307617e+00
2.612523078918457031e+00
3.926212787628173828e+00
3.445823907852172852e+00
3.486774206161499023e+00
2.974570274353027344e+00
3.974503993988037109e+00
3.537558078765869141e+00
2.847664117813110352e+00
3.870933055877685547e+00
2.270835876464843750e+00
3.989040851593017578e+00
2.472664833068847656e+00
3.143845081329345703e+00
3.685621976852416992e+00
2.669810056686401367e+00
3.121516942977905273e+00
3.733279943466186523e+00
3.108641862869262695e+00
3.750349760055541992e+00
3.164502859115600586e+00
2.823631763458251953e+00
2.967439174652099609e+00
2.924653053283691406e+00
3.678079128265380859e+00
3.101163864135742188e+00
3.749586820602416992e+00
2.724559783935546875e+00
3.790025949478149414e+00
2.999138116836547852e+00
4.021136999130249023e+00
3.000352144241333008e+00
3.746690034866333008e+00
3.404629945755004883e+00
3.855452060699462891e+00
2.724281072616577148e+00
2.795302152633666992e+00
3.853945732116699219e+00
3.214156627655029297e+00
3.435772895812988281e+00
3.937804937362670898e+00
2.516025066375732422e+00
3.041185617446899414e+00
2.867699146270751953e+00
2.888937234878540039e+00
4.046069145202636719e+00
2.542284011840820312e+00
2.556792974472045898e+00
2.902217864990234375e+00
3.811062097549438477e+00
1.969526052474975586e+00
3.072881221771240234e+00
2.089192152023315430e+00
2.904164314270019531e+00
2.420858860015869141e+00
4.190376758575439453e+00
3.284883975982666016e+00
2.833547115325927734e+00
3.331201791763305664e+00
2.688374996185302734e+00
3.109186887741088867e+00
2.976536035537719727e+00
3.206429004669189453e+00
3.514945030212402344e+00
2.715933799743652344e+00
2.704704999923706055e+00
3.270575284957885742e+00
3.916980981826782227e+00
4.180403947830200195e+00
3.968291044235229492e+00
3.284368038177490234e+00
3.334468126296997070e+00
3.694656848907470703e+00
3.382372856140136719e+00
2.668765783309936523e+00
3.315334796905517578e+00
3.352074861526489258e+00
2.481353998184204102e+00
3.815904140472412109e+00
3.078749895095825195e+00
3.582697868347167969e+00
3.547754049301147461e+00
3.019559144973754883e+00
3.405841827392578125e+00
2.979546785354614258e+00
3.007891893386840820e+00
3.625162124633789062e+00
3.130457162857055664e+00
2.676445007324218750e+00
3.640554904937744141e+00
2.701915025711059570e+00
3.424049854278564453e+00
3.704911947250366211e+00
2.628654956817626953e+00
2.929225921630859375e+00
3.962314128875732422e+00
3.018465042114257812e+00
2.673972129821777344e+00
3.799487113952636719e+00
3.100332021713256836e+00
3.115109920501708984e+00
3.710196971893310547e+00
2.862084865570068359e+00
3.378388166427612305e+00
2.720427036285400391e+00
3.238927125930786133e+00
3.220954895019531250e+00
2.940243005752563477e+00
3.768671989440917969e+00
3.898833274841308594e+00
3.485304832458496094e+00
3.032888174057006836e+00
2.799677371978759766e+00
3.105217933654785156e+00
3.332830190658569336e+00
2.586819171905517578e+00
2.828938007354736328e+00
3.368217945098876953e+00
2.323085069656372070e+00
2.688497304916381836e+00
3.007528781890869141e+00
2.121139049530029297e+00
3.376148939132690430e+00
2.527638912200927734e+00
3.580183744430541992e+00
3.606710672378540039e+00
2.587080955505371094e+00
3.618149995803833008e+00
3.048992156982421875e+00
2.953690767288208008e+00
3.812755823135375977e+00
2.648407936096191406e+00
3.598686933517456055e+00
3.481508016586303711e+00
3.676795244216918945e+00
3.748110771179199219e+00
3.249986886978149414e+00
2.483141183853149414e+00
3.612308979034423828e+00
2.651149034500122070e+00
3.197308778762817383e+00
4.496545076370239258e+00
3.553489923477172852e+00
3.482971906661987305e+00
3.326561212539672852e+00
2.750389814376831055e+00
2.733684062957763672e+00
3.412979841232299805e+00
2.838873147964477539e+00
3.883558034896850586e+00
3.626669168472290039e+00
2.743126869201660156e+00
2.544358015060424805e+00
3.261899948120117188e+00
3.600900173187255859e+00
4.088243007659912109e+00
3.619396209716796875e+00
3.845336914062500000e+00
2.919750928878784180e+00
2.975790977478027344e+00
3.438170909881591797e+00
2.771015882492065430e+00
3.151986122131347656e+00
4.059756755828857422e+00
3.927227258682250977e+00
3.619998931884765625e+00
3.059937000274658203e+00
2.977154016494750977e+00
2.768353700637817383e+00
2.912405014038085938e+00
4.168523073196411133e+00
4.012730121612548828e+00
3.711873054504394531e+00
4.105926036834716797e+00
3.968820095062255859e+00
3.262869119644165039e+00
3.283946037292480469e+00
3.096332073211669922e+00
3.028682947158813477e+00
2.788604974746704102e+00
4.234745025634765625e+00
3.034289121627807617e+00
3.283885955810546875e+00
3.775687217712402344e+00
2.604438066482543945e+00
3.243868827819824219e+00
3.130547046661376953e+00
2.363515853881835938e+00
3.006625652313232422e+00
3.657095193862915039e+00
3.205630064010620117e+00
3.537561178207397461e+00
3.115262031555175781e+00
2.521723747253417969e+00
3.506727933883666992e+00
2.303608179092407227e+00
2.283831119537353516e+00
2.540809154510498047e+00
2.961610078811645508e+00
2.738192796707153320e+00
3.498824357986450195e+00
2.845385074615478516e+00
3.934817075729370117e+00
3.848738193511962891e+00
2.348759174346923828e+00
3.231458902359008789e+00
2.909732818603515625e+00
3.211360931396484375e+00
3.758738279342651367e+00
2.912335872650146484e+00
3.738963842391967773e+00
2.652522802352905273e+00
2.954946994781494141e+00
3.159138917922973633e+00
3.729304790496826172e+00
3.768641948699951172e+00
3.258684158325195312e+00
2.412147045135498047e+00
2.638777971267700195e+00
3.600790023803710938e+00
4.063068151473999023e+00
2.998731136322021484e+00
3.688106060028076172e+00
2.704216003417968750e+00
2.884997844696044922e+00
2.467102766036987305e+00
2.719026088714599609e+00
2.658826351165771484e+00
2.675444841384887695e+00
3.184864997863769531e+00
2.624699831008911133e+00
3.074208021163940430e+00
2.425509929656982422e+00
2.455879211425781250e+00
4.067522048950195312e+00
3.085414886474609375e+00
2.374541044235229492e+00
2.150346040725708008e+00
3.098862886428833008e+00
2.600275993347167969e+00
3.535951137542724609e+00
2.752925872802734375e+00
2.943222045898437500e+00
2.552087783813476562e+00
3.280574798583984375e+00
2.349323987960815430e+00
2.808887958526611328e+00
3.896308898925781250e+00
3.311482191085815430e+00
3.209964990615844727e+00
2.874053001403808594e+00
3.135598182678222656e+00
4.228064060211181641e+00
3.936834096908569336e+00
2.139748096466064453e+00
3.886332035064697266e+00
2.971200942993164062e+00
3.238766193389892578e+00
2.827326059341430664e+00
3.045527219772338867e+00
3.097112178802490234e+00
1.701688051223754883e+00
2.076101779937744141e+00
3.166195869445800781e+00
2.837115049362182617e+00
3.994292974472045898e+00
2.829641819000244141e+00
3.075089931488037109e+00
2.420532941818237305e+00
2.579960823059082031e+00
2.145323038101196289e+00
4.014150142669677734e+00
3.373007774353027344e+00
1.988947153091430664e+00
2.720536947250366211e+00
3.394725799560546875e+00
2.256337881088256836e+00
2.257348775863647461e+00
2.300306081771850586e+00
2.625754117965698242e+00
2.567155122756958008e+00
2.657478809356689453e+00
2.928728818893432617e+00
2.499069929122924805e+00
2.467482089996337891e+00
2.704706907272338867e+00
2.608566045761108398e+00
2.613605022430419922e+00
3.290253162384033203e+00
2.947821140289306641e+00
3.147701978683471680e+00
3.441721916198730469e+00
3.490098953247070312e+00
2.614036083221435547e+00
3.017476797103881836e+00
2.653867006301879883e+00
3.009732961654663086e+00
2.649772882461547852e+00
2.807292699813842773e+00
3.017302751541137695e+00
2.835227966308593750e+00
2.549842357635498047e+00
3.455997228622436523e+00
3.865663290023803711e+00
3.026447057723999023e+00
2.843085050582885742e+00
3.254680871963500977e+00
2.974362134933471680e+00
3.212877988815307617e+00
2.586937904357910156e+00
2.747097015380859375e+00
2.146882772445678711e+00
2.869927883148193359e+00
2.942595958709716797e+00
2.788806200027465820e+00
2.528367280960083008e+00
2.879049062728881836e+00
3.194056987762451172e+00
2.689545154571533203e+00
3.004809856414794922e+00
3.094408988952636719e+00
3.061303138732910156e+00
3.143905162811279297e+00
2.848443984985351562e+00
2.302025794982910156e+00
3.247348070144653320e+00
2.898925781250000000e+00
3.037961006164550781e+00
2.920417070388793945e+00
3.153397083282470703e+00
3.455125093460083008e+00
2.738808155059814453e+00
2.710373163223266602e+00
2.422664880752563477e+00
2.931974887847900391e+00
3.448042154312133789e+00
3.542007684707641602e+00
2.798491716384887695e+00
3.459584712982177734e+00
3.552884101867675781e+00
3.074009656906127930e+00
3.383792161941528320e+00
2.578271150588989258e+00
2.893092870712280273e+00
2.981264114379882812e+00
3.254139900207519531e+00
3.011707305908203125e+00
3.271687984466552734e+00
2.409929990768432617e+00
3.310986995697021484e+00
2.540658950805664062e+00
3.422291994094848633e+00
3.203903913497924805e+00
2.992820024490356445e+00
3.000319957733154297e+00
2.801110982894897461e+00
2.782317876815795898e+00
2.779670953750610352e+00
3.556334018707275391e+00
4.045459985733032227e+00
3.252935886383056641e+00
3.266891002655029297e+00
3.403551101684570312e+00
2.854719161987304688e+00
3.261610031127929688e+00
3.376094818115234375e+00
2.976642847061157227e+00
3.142745971679687500e+00
3.445718050003051758e+00
3.366652011871337891e+00
3.346648931503295898e+00
3.788872957229614258e+00
3.109716892242431641e+00
3.094548940658569336e+00
3.185896873474121094e+00
3.360936164855957031e+00
3.658713102340698242e+00
3.059758186340332031e+00
3.333132743835449219e+00
3.140599012374877930e+00
3.752161026000976562e+00
3.548138141632080078e+00
3.339865922927856445e+00
3.541285037994384766e+00
3.288552045822143555e+00
3.356917858123779297e+00
3.844598054885864258e+00
3.830142974853515625e+00
3.466135740280151367e+00
3.575234174728393555e+00
3.421311855316162109e+00
3.540907144546508789e+00
4.764106035232543945e+00
3.757236003875732422e+00
3.529463052749633789e+00
3.964376688003540039e+00
3.882806777954101562e+00
4.029536962509155273e+00
4.067585945129394531e+00
3.425177097320556641e+00
3.931636095046997070e+00
3.797175168991088867e+00
2.515346050262451172e+00
3.859158039093017578e+00
1.917931079864501953e+00
3.904575109481811523e+00
2.425139904022216797e+00
4.335052013397216797e+00
4.150080919265747070e+00
3.428313255310058594e+00
4.379482269287109375e+00
4.664566040039062500e+00
3.640945911407470703e+00
3.921041965484619141e+00
3.171073913574218750e+00
2.529342889785766602e+00
3.150907039642333984e+00
4.873787164688110352e+00
3.882548093795776367e+00
2.961616754531860352e+00
3.534409046173095703e+00
3.778884172439575195e+00
2.999122858047485352e+00
3.538429021835327148e+00
3.068096876144409180e+00
4.689109802246093750e+00
4.219228982925415039e+00
2.672887802124023438e+00
3.084511041641235352e+00
3.058423042297363281e+00
3.847769975662231445e+00
3.843308687210083008e+00
3.094273090362548828e+00
3.139594078063964844e+00
3.870121955871582031e+00
4.210619926452636719e+00
3.952953100204467773e+00
3.931535959243774414e+00
2.495527267456054688e+00
2.672790050506591797e+00
3.366573095321655273e+00
2.855113983154296875e+00
3.005861997604370117e+00
3.992192983627319336e+00
2.865583181381225586e+00
4.020251035690307617e+00
4.135109901428222656e+00
4.494758129119873047e+00
4.359538078308105469e+00
3.673690080642700195e+00
3.711113929748535156e+00
4.578267097473144531e+00
3.330191135406494141e+00
3.864092111587524414e+00
2.969741106033325195e+00
3.006435632705688477e+00
2.218209028244018555e+00
3.886703014373779297e+00
3.428138971328735352e+00
3.680679082870483398e+00
3.373428106307983398e+00
3.498295068740844727e+00
2.474444150924682617e+00
4.636797904968261719e+00
3.910768747329711914e+00
5.329684019088745117e+00
5.182982921600341797e+00
3.554213047027587891e+00
3.647479057312011719e+00
3.950586795806884766e+00
3.370708942413330078e+00
3.594823837280273438e+00
3.957634210586547852e+00
5.593400955200195312e+00
3.661746978759765625e+00
4.044823169708251953e+00
3.426461935043334961e+00
3.715582847595214844e+00
4.034378051757812500e+00
4.623927116394042969e+00
4.101775169372558594e+00
4.145679712295532227e+00
2.996888160705566406e+00
3.356430768966674805e+00
5.516032934188842773e+00
3.752109050750732422e+00
2.093861818313598633e+00
3.748964071273803711e+00
5.273438930511474609e+00
3.466885805130004883e+00
3.847141981124877930e+00
2.376909017562866211e+00
2.764001846313476562e+00
2.410878181457519531e+00
3.961956024169921875e+00
4.885845899581909180e+00
3.363070964813232422e+00
3.668268918991088867e+00
2.481002092361450195e+00
2.621698856353759766e+00
3.529736995697021484e+00
3.905714035034179688e+00
4.528724908828735352e+00
3.455976963043212891e+00
3.687752962112426758e+00
2.389559030532836914e+00
2.620227813720703125e+00
2.603901863098144531e+00
2.662575244903564453e+00
4.015795946121215820e+00
3.039551973342895508e+00
4.031674861907958984e+00
4.063556194305419922e+00
3.637855052947998047e+00
4.010354995727539062e+00
3.857063055038452148e+00
3.374169111251831055e+00
2.328674077987670898e+00
2.912933826446533203e+00
3.025537729263305664e+00
3.116314888000488281e+00
3.994724035263061523e+00
2.822354078292846680e+00
2.545995950698852539e+00
2.331592798233032227e+00
3.560318946838378906e+00
3.807671070098876953e+00
2.463055849075317383e+00
4.147399902343750000e+00
2.791343212127685547e+00
2.483163118362426758e+00
3.051761865615844727e+00
3.071074724197387695e+00
2.935197830200195312e+00
3.119701862335205078e+00
2.177052021026611328e+00
3.223217010498046875e+00
2.979773998260498047e+00
2.824714183807373047e+00
2.831075906753540039e+00
4.355146884918212891e+00
2.965188980102539062e+00
2.828139781951904297e+00
2.970451831817626953e+00
3.310733079910278320e+00
3.080623865127563477e+00
2.253621101379394531e+00
3.413155078887939453e+00
3.410567045211791992e+00
3.170517206192016602e+00
2.588871002197265625e+00
2.661739826202392578e+00
3.022588014602661133e+00
3.281462192535400391e+00
3.621335983276367188e+00
3.702279806137084961e+00
2.958590030670166016e+00
2.750765085220336914e+00
2.706528902053833008e+00
2.799055099487304688e+00
2.869899988174438477e+00
2.684245109558105469e+00
2.595288038253784180e+00
2.923031091690063477e+00
2.895953893661499023e+00
3.083571195602416992e+00
3.109912157058715820e+00
3.146191120147705078e+00
2.542823791503906250e+00
2.634515047073364258e+00
3.880845069885253906e+00
3.882985830307006836e+00
3.106923818588256836e+00
2.292485713958740234e+00
2.998176097869873047e+00
3.294751167297363281e+00
3.171623945236206055e+00
3.347158193588256836e+00
3.192771196365356445e+00
2.415940999984741211e+00
4.139894008636474609e+00
2.887016057968139648e+00
3.308914899826049805e+00
3.164180994033813477e+00
3.076700210571289062e+00
2.337339162826538086e+00
2.348102092742919922e+00
3.354587078094482422e+00
2.284708738327026367e+00
1.959396123886108398e+00
2.026729345321655273e+00
3.137274265289306641e+00
2.366932868957519531e+00
3.454459905624389648e+00
3.901099920272827148e+00
2.663722991943359375e+00
3.082059860229492188e+00
3.540496110916137695e+00
3.525053024291992188e+00
3.536189317703247070e+00
2.723429918289184570e+00
2.975286006927490234e+00
2.738810062408447266e+00
3.213117122650146484e+00
3.244400978088378906e+00
2.278191089630126953e+00
3.197702169418334961e+00
3.465809822082519531e+00
3.496974229812622070e+00
2.664167881011962891e+00
3.183106184005737305e+00
2.991817951202392578e+00
3.264639139175415039e+00
3.188850879669189453e+00
2.339571237564086914e+00
3.164476871490478516e+00
3.185219287872314453e+00
3.262969255447387695e+00
2.428763866424560547e+00
3.207320928573608398e+00
2.640853881835937500e+00
4.006087303161621094e+00
3.278653860092163086e+00
3.477990865707397461e+00
4.057836055755615234e+00
3.188399791717529297e+00
3.342349767684936523e+00
2.667468070983886719e+00
2.751456975936889648e+00
3.903467178344726562e+00
3.413052082061767578e+00
2.804923295974731445e+00
3.217055082321166992e+00
2.949388027191162109e+00
2.917458057403564453e+00
3.564929723739624023e+00
3.230273008346557617e+00
3.096514940261840820e+00
3.544319152832031250e+00
3.192825794219970703e+00
2.740945816040039062e+00
3.765008926391601562e+00
3.333754777908325195e+00
3.392888069152832031e+00
2.645119905471801758e+00
2.758452177047729492e+00
3.919703006744384766e+00
2.796949148178100586e+00
2.478695869445800781e+00
3.671151876449584961e+00
3.824843883514404297e+00
3.863647937774658203e+00
3.492491722106933594e+00
4.127007007598876953e+00
3.452349901199340820e+00
3.517968177795410156e+00
3.066500186920166016e+00
2.829832077026367188e+00
3.414948701858520508e+00
2.504136085510253906e+00
3.225250720977783203e+00
3.597836017608642578e+00
2.880396842956542969e+00
3.513363361358642578e+00
3.611630916595458984e+00
3.447757005691528320e+00
3.086519956588745117e+00
3.495812654495239258e+00
3.646573066711425781e+00
3.108993053436279297e+00
3.049813985824584961e+00
3.256029844284057617e+00
3.621412992477416992e+00
3.617499828338623047e+00
3.138723850250244141e+00
3.061149835586547852e+00
3.370050191879272461e+00
4.858994960784912109e+00
3.327270269393920898e+00
3.669909715652465820e+00
3.672910690307617188e+00
4.319247007369995117e+00
5.116360902786254883e+00
3.133090972900390625e+00
2.665563344955444336e+00
4.431278944015502930e+00
4.464366912841796875e+00
2.817097902297973633e+00
3.846407890319824219e+00
2.553345203399658203e+00
2.249799013137817383e+00
2.473656177520751953e+00
2.379294872283935547e+00
2.923718690872192383e+00
2.815554141998291016e+00
2.837776184082031250e+00
2.461325883865356445e+00
3.349320888519287109e+00
3.349632024765014648e+00
3.578286170959472656e+00
2.811609029769897461e+00
3.081743955612182617e+00
3.305434703826904297e+00
4.349982976913452148e+00
2.511473894119262695e+00
3.045056104660034180e+00
2.988124132156372070e+00
3.552211046218872070e+00
2.875593900680541992e+00
3.032959222793579102e+00
3.232147216796875000e+00
2.784266948699951172e+00
3.176960945129394531e+00
3.225542068481445312e+00
3.616984844207763672e+00
3.956000089645385742e+00
2.341092109680175781e+00
3.101319074630737305e+00
2.543297052383422852e+00
2.895106077194213867e+00
2.737260103225708008e+00
2.792639970779418945e+00
2.824892997741699219e+00
2.871258974075317383e+00
2.001034975051879883e+00
2.889204978942871094e+00
3.026237964630126953e+00
3.208906888961791992e+00
2.231121063232421875e+00
2.769130945205688477e+00
3.174160242080688477e+00
3.095677137374877930e+00
3.694626092910766602e+00
3.280023097991943359e+00
2.944950819015502930e+00
3.792186021804809570e+00
3.518919229507446289e+00
2.724620103836059570e+00
3.278321981430053711e+00
2.537198066711425781e+00
2.435247182846069336e+00
3.562538862228393555e+00
3.400635957717895508e+00
3.497107028961181641e+00
2.878340005874633789e+00
3.641108274459838867e+00
3.650208950042724609e+00
3.054587841033935547e+00
3.068655967712402344e+00
3.710661172866821289e+00
3.732547044754028320e+00
3.062739133834838867e+00
2.954938888549804688e+00
3.824657917022705078e+00
3.167900085449218750e+00
3.059125900268554688e+00
2.889353036880493164e+00
2.759559869766235352e+00
2.951472043991088867e+00
3.563070058822631836e+00
3.206308126449584961e+00
3.316102027893066406e+00
3.321402072906494141e+00
3.317179203033447266e+00
3.301526784896850586e+00
3.866188049316406250e+00
3.332977294921875000e+00
3.337625026702880859e+00
3.345464229583740234e+00
3.342510938644409180e+00
3.161423683166503906e+00
3.367611169815063477e+00
3.290256023406982422e+00
4.058317184448242188e+00
4.064293861389160156e+00
3.213124990463256836e+00
3.515858888626098633e+00
2.980100870132446289e+00
3.244891166687011719e+00
2.220318078994750977e+00
3.551363229751586914e+00
3.574993133544921875e+00
2.734951734542846680e+00
2.423445940017700195e+00
3.093618869781494141e+00
2.673220872879028320e+00
2.459212064743041992e+00
2.787095069885253906e+00
3.081052780151367188e+00
3.245962858200073242e+00
2.787972211837768555e+00
4.704867839813232422e+00
2.588215112686157227e+00
2.785497188568115234e+00
3.839895009994506836e+00
2.533527851104736328e+00
3.200280904769897461e+00
3.368279218673706055e+00
2.246712207794189453e+00
2.658381223678588867e+00
3.051678895950317383e+00
4.032364130020141602e+00
2.995203971862792969e+00
3.003215074539184570e+00
3.172152042388916016e+00
3.253665208816528320e+00
3.051743984222412109e+00
3.268070936203002930e+00
3.378325939178466797e+00
2.945200681686401367e+00
3.526463031768798828e+00
3.473300933837890625e+00
3.525915861129760742e+00
3.014748811721801758e+00
3.998173952102661133e+00
3.750861883163452148e+00
4.260091066360473633e+00
3.618154048919677734e+00
3.317821979522705078e+00
3.970533132553100586e+00
3.838211774826049805e+00
4.438035011291503906e+00
4.456540822982788086e+00
4.377422094345092773e+00
3.583299160003662109e+00
3.512321949005126953e+00
4.421420097351074219e+00
3.283538818359375000e+00
3.635516166687011719e+00
4.029173135757446289e+00
2.814414739608764648e+00
3.566042184829711914e+00
4.467773914337158203e+00
4.062363147735595703e+00
4.499538183212280273e+00
4.278402090072631836e+00
4.235887289047241211e+00
4.105774164199829102e+00
2.870027065277099609e+00
2.926965951919555664e+00
4.531085014343261719e+00
4.644577026367187500e+00
2.350090980529785156e+00
3.735917091369628906e+00
4.652223110198974609e+00
4.838547945022583008e+00
4.697102069854736328e+00
4.588622093200683594e+00
4.681457996368408203e+00
4.783749103546142578e+00
2.647090196609497070e+00
4.300242900848388672e+00
3.912662744522094727e+00
5.027379989624023438e+00
4.826877117156982422e+00
3.723914146423339844e+00
4.913501024246215820e+00
4.649859905242919922e+00
3.897650957107543945e+00
4.087332010269165039e+00
4.447553157806396484e+00
3.389846086502075195e+00
4.132005214691162109e+00
3.039259910583496094e+00
4.470236063003540039e+00
4.239633083343505859e+00
2.887493133544921875e+00
4.190009832382202148e+00
2.566026926040649414e+00
5.436964750289916992e+00
4.664160966873168945e+00
3.309938907623291016e+00
4.871343851089477539e+00
5.106834888458251953e+00
3.013863325119018555e+00
4.614536046981811523e+00
3.759350061416625977e+00
3.072435855865478516e+00
3.122653245925903320e+00
2.712502956390380859e+00
3.373314142227172852e+00
3.476263284683227539e+00
5.427479982376098633e+00
3.228585958480834961e+00
4.573498010635375977e+00
3.731202125549316406e+00
3.172789096832275391e+00
4.525842905044555664e+00
3.458395957946777344e+00
3.003489017486572266e+00
3.514322280883789062e+00
3.431356906890869141e+00
3.307525157928466797e+00
5.612398862838745117e+00
4.039209127426147461e+00
4.010889053344726562e+00
4.170669078826904297e+00
3.873159885406494141e+00
3.526748895645141602e+00
4.053533792495727539e+00
4.133446693420410156e+00
3.879905939102172852e+00
3.507639169692993164e+00
3.528621912002563477e+00
3.758360862731933594e+00
3.489864110946655273e+00
3.821134090423583984e+00
3.334784030914306641e+00
3.604649305343627930e+00
3.628775119781494141e+00
3.147617101669311523e+00
3.482589960098266602e+00
3.389284849166870117e+00
2.323143005371093750e+00
4.271970033645629883e+00
3.211452245712280273e+00
3.170595169067382812e+00
4.226032257080078125e+00
3.718599081039428711e+00
3.692883014678955078e+00
3.136617898941040039e+00
3.300850868225097656e+00
3.624814271926879883e+00
4.312654018402099609e+00
2.617036104202270508e+00
3.596605062484741211e+00
3.089813947677612305e+00
3.469364881515502930e+00
3.074883937835693359e+00
3.110949277877807617e+00
2.135165929794311523e+00
2.910553932189941406e+00
3.388934850692749023e+00
2.563347816467285156e+00
3.083323001861572266e+00
3.701949119567871094e+00
3.080039024353027344e+00
1.586770057678222656e+00
3.825106859207153320e+00
3.411001920700073242e+00
2.943906068801879883e+00
3.228914976119995117e+00
3.423594236373901367e+00
3.514614105224609375e+00
3.590342760086059570e+00
4.201511144638061523e+00
2.412310123443603516e+00
3.890368938446044922e+00
3.019050121307373047e+00
3.514729022979736328e+00
2.417563199996948242e+00
2.412558078765869141e+00
3.377937793731689453e+00
3.831473827362060547e+00
3.610269784927368164e+00
3.274189949035644531e+00
2.605127811431884766e+00
2.036400079727172852e+00
3.864909887313842773e+00
2.617552042007446289e+00
3.084534168243408203e+00
2.804930925369262695e+00
3.138727903366088867e+00
2.703562021255493164e+00
2.768551826477050781e+00
2.285495996475219727e+00
2.843287944793701172e+00
3.940968990325927734e+00
2.977593898773193359e+00
1.937204122543334961e+00
2.844351053237915039e+00
2.523869752883911133e+00
2.444048881530761719e+00
2.892742156982421875e+00
3.044935941696166992e+00
2.540555000305175781e+00
3.177767038345336914e+00
2.294753074645996094e+00
2.615209102630615234e+00
2.715427160263061523e+00
2.438482284545898438e+00
2.502540111541748047e+00
2.714212179183959961e+00
2.747956037521362305e+00
2.227035999298095703e+00
3.033454179763793945e+00
2.282724857330322266e+00
2.985974788665771484e+00
2.542550086975097656e+00
2.119831085205078125e+00
3.037534952163696289e+00
2.767063140869140625e+00
2.691736936569213867e+00
2.569456815719604492e+00
2.402126789093017578e+00
2.415257215499877930e+00
2.370666980743408203e+00
2.687038898468017578e+00
3.208983182907104492e+00
3.311594009399414062e+00
2.865725994110107422e+00
2.214552164077758789e+00
3.359718084335327148e+00
3.403743982315063477e+00
2.924654006958007812e+00
3.012312173843383789e+00
3.350729942321777344e+00
2.772108078002929688e+00
2.698601961135864258e+00
2.698094129562377930e+00
3.002224922180175781e+00
2.193923234939575195e+00
2.744418144226074219e+00
3.031615018844604492e+00
2.736334085464477539e+00
2.850187063217163086e+00
2.714964866638183594e+00
2.716577053070068359e+00
2.470212221145629883e+00
2.930204153060913086e+00
4.248270988464355469e+00
2.855507135391235352e+00
3.725154161453247070e+00
2.917773962020874023e+00
3.361897945404052734e+00
3.374319076538085938e+00
3.080420255661010742e+00
2.419865131378173828e+00
3.016047954559326172e+00
3.072728157043457031e+00
2.631110906600952148e+00
2.537580966949462891e+00
2.763882160186767578e+00
2.777663946151733398e+00
3.141049146652221680e+00
3.257701158523559570e+00
2.383636951446533203e+00
2.437367916107177734e+00
2.781797885894775391e+00
2.425791025161743164e+00
3.225708007812500000e+00
2.592437982559204102e+00
2.916158914566040039e+00
2.739640951156616211e+00
2.731240987777709961e+00
3.000832080841064453e+00
3.263833999633789062e+00
2.684746026992797852e+00
3.206328868865966797e+00
3.004302024841308594e+00
3.330873966217041016e+00
3.055394887924194336e+00
3.403920173645019531e+00
3.541306257247924805e+00
3.723638772964477539e+00
3.680577993392944336e+00
3.541903018951416016e+00
3.627703666687011719e+00
3.856298923492431641e+00
3.464123964309692383e+00
4.139110803604125977e+00
3.337965965270996094e+00
3.633710622787475586e+00
3.534293889999389648e+00
4.019406080245971680e+00
4.561660766601562500e+00
4.121585130691528320e+00
3.749536991119384766e+00
4.133910894393920898e+00
4.567990064620971680e+00
3.917987108230590820e+00
4.327108860015869141e+00
3.785809755325317383e+00
3.995188951492309570e+00
4.098258018493652344e+00
4.194209098815917969e+00
4.449856042861938477e+00
4.127668857574462891e+00
3.846554994583129883e+00
4.163082838058471680e+00
3.966531991958618164e+00
4.701710939407348633e+00
4.231750965118408203e+00
3.594810724258422852e+00
4.304326295852661133e+00
4.192105054855346680e+00
4.319016933441162109e+00
3.818472146987915039e+00
4.671516180038452148e+00
4.580140829086303711e+00
4.782219886779785156e+00
4.845543146133422852e+00
4.254726886749267578e+00
4.431138753890991211e+00
4.241712093353271484e+00
4.294201135635375977e+00
4.625584840774536133e+00
4.823180198669433594e+00
4.027185916900634766e+00
4.090672969818115234e+00
4.051966190338134766e+00
3.201880216598510742e+00
4.226233243942260742e+00
4.067080974578857422e+00
3.923229932785034180e+00
3.765681266784667969e+00
3.948118925094604492e+00
4.432118892669677734e+00
4.966336965560913086e+00
4.997373104095458984e+00
4.611608028411865234e+00
4.590140104293823242e+00
4.074414968490600586e+00
4.340088844299316406e+00
4.467404127120971680e+00
4.886763811111450195e+00
3.765145063400268555e+00
4.463052988052368164e+00
3.586422920227050781e+00
3.953509092330932617e+00
3.823694944381713867e+00
4.193216085433959961e+00
3.927287101745605469e+00
3.312522888183593750e+00
3.743311166763305664e+00
4.660183191299438477e+00
4.074562072753906250e+00
3.761579036712646484e+00
3.515926122665405273e+00
4.412539005279541016e+00
3.987574815750122070e+00
3.730813026428222656e+00
3.832726955413818359e+00
4.033124208450317383e+00
4.073756217956542969e+00
3.755894899368286133e+00
3.873162984848022461e+00
3.817477941513061523e+00
5.290955066680908203e+00
3.839793920516967773e+00
4.394072771072387695e+00
4.144858837127685547e+00
4.698862075805664062e+00
5.174039125442504883e+00
3.723701953887939453e+00
3.541460037231445312e+00
4.439162969589233398e+00
3.781187772750854492e+00
3.792766094207763672e+00
3.815169095993041992e+00
4.691357851028442383e+00
1.886610031127929688e+00
3.008375167846679688e+00
3.633797883987426758e+00
4.005792856216430664e+00
3.743794202804565430e+00
5.823961734771728516e+00
5.088557004928588867e+00
4.496889829635620117e+00
4.371231079101562500e+00
1.942222118377685547e+00
4.136862039566040039e+00
3.922719001770019531e+00
5.638885021209716797e+00
3.938087940216064453e+00
3.986765861511230469e+00
2.326778173446655273e+00
4.082117080688476562e+00
4.155349969863891602e+00
4.132781267166137695e+00
4.663859367370605469e+00
4.013066053390502930e+00
3.772053003311157227e+00
4.161684036254882812e+00
3.178504228591918945e+00
3.397124052047729492e+00
4.700847148895263672e+00
4.422344207763671875e+00
3.264241933822631836e+00
4.460634231567382812e+00
2.682479858398437500e+00
4.367929935455322266e+00
3.936533689498901367e+00
4.686256170272827148e+00
4.442282915115356445e+00
3.558926105499267578e+00
4.528933048248291016e+00
2.907223939895629883e+00
3.260951042175292969e+00
3.255509138107299805e+00
2.703227758407592773e+00
2.788764238357543945e+00
3.425847053527832031e+00
4.628093957901000977e+00
3.179307222366333008e+00
4.578236103057861328e+00
2.827486991882324219e+00
2.356386184692382812e+00
2.952682018280029297e+00
3.223527908325195312e+00
5.029184103012084961e+00
3.440390825271606445e+00
3.005198001861572266e+00
3.627864837646484375e+00
3.646889925003051758e+00
3.700115203857421875e+00
4.367208003997802734e+00
3.391808986663818359e+00
4.728330850601196289e+00
3.086292028427124023e+00
2.634118795394897461e+00
3.372520923614501953e+00
3.080255985260009766e+00
3.473155736923217773e+00
3.839950084686279297e+00
3.254682064056396484e+00
2.568192958831787109e+00
2.536053895950317383e+00
1.972079038619995117e+00
2.649689197540283203e+00
3.291580915451049805e+00
2.421099901199340820e+00
3.026878833770751953e+00
3.356452941894531250e+00
2.372838973999023438e+00
2.641190052032470703e+00
2.447332143783569336e+00
3.412795066833496094e+00
2.460923910140991211e+00
3.682383775711059570e+00
1.872889995574951172e+00
2.435289859771728516e+00
2.734424114227294922e+00
2.390100955963134766e+00
2.426358222961425781e+00
2.670922994613647461e+00
2.609039783477783203e+00
2.679864883422851562e+00
2.821864843368530273e+00
3.283333063125610352e+00
2.794958114624023438e+00
2.544744014739990234e+00
2.654668092727661133e+00
2.074015140533447266e+00
3.238446950912475586e+00
3.575793027877807617e+00
2.538546085357666016e+00
3.040830135345458984e+00
2.426990985870361328e+00
2.913891077041625977e+00
2.047866106033325195e+00
2.626464128494262695e+00
2.845594882965087891e+00
2.991045951843261719e+00
2.884485006332397461e+00
2.946726799011230469e+00
2.915385723114013672e+00
3.127440929412841797e+00
2.541979074478149414e+00
3.307010889053344727e+00
3.000298976898193359e+00
2.831217288970947266e+00
2.840551853179931641e+00
3.081156969070434570e+00
4.233078956604003906e+00
3.031202077865600586e+00
3.439845800399780273e+00
3.201930046081542969e+00
2.439085006713867188e+00
2.874644994735717773e+00
3.266325950622558594e+00
3.118932008743286133e+00
2.531558990478515625e+00
3.404143095016479492e+00
2.725389003753662109e+00
3.773044109344482422e+00
3.187451839447021484e+00
3.593825101852416992e+00
3.746146917343139648e+00
3.836448907852172852e+00
3.636244058609008789e+00
3.603574037551879883e+00
2.848850965499877930e+00
2.793275117874145508e+00
3.123229742050170898e+00
3.861512899398803711e+00
2.905261754989624023e+00
3.851697921752929688e+00
4.138866901397705078e+00
2.799095869064331055e+00
4.140208959579467773e+00
3.756922721862792969e+00
3.822777986526489258e+00
4.197638988494873047e+00
4.135748147964477539e+00
3.629611015319824219e+00
3.915837049484252930e+00
3.443010091781616211e+00
4.069687843322753906e+00
2.917238950729370117e+00
3.369932889938354492e+00
2.865244865417480469e+00
2.702057123184204102e+00
3.845539093017578125e+00
2.814253091812133789e+00
4.277333021163940430e+00
3.096661090850830078e+00
3.470968008041381836e+00
3.201426982879638672e+00
2.660551786422729492e+00
3.986296892166137695e+00
2.575091123580932617e+00
3.351684808731079102e+00
2.915045976638793945e+00
2.590072870254516602e+00
2.616247177124023438e+00
4.305549144744873047e+00
2.572823047637939453e+00
3.326119184494018555e+00
3.182791948318481445e+00
3.118991851806640625e+00
3.890753746032714844e+00
3.260911703109741211e+00
3.186079978942871094e+00
3.458690881729125977e+00
3.402046918869018555e+00
2.993590116500854492e+00
2.783254861831665039e+00
2.967381954193115234e+00
4.497393131256103516e+00
3.539494276046752930e+00
4.023896932601928711e+00
2.839982032775878906e+00
3.006844758987426758e+00
3.707467079162597656e+00
2.820638895034790039e+00
3.575166940689086914e+00
4.007637023925781250e+00
2.461256980895996094e+00
2.658393144607543945e+00
3.470351219177246094e+00
3.081699848175048828e+00
3.574541807174682617e+00
2.661075115203857422e+00
4.066782951354980469e+00
3.902963161468505859e+00
2.907504796981811523e+00
3.683413028717041016e+00
2.771492004394531250e+00
2.639866113662719727e+00
3.493882894515991211e+00
3.919658184051513672e+00
3.738569974899291992e+00
3.638109922409057617e+00
3.239670038223266602e+00
2.573681354522705078e+00
3.499058008193969727e+00
3.625041007995605469e+00
2.224866151809692383e+00
3.173956155776977539e+00
3.619169950485229492e+00
4.216553926467895508e+00
3.578416347503662109e+00
3.619741916656494141e+00
3.544972658157348633e+00
3.792818784713745117e+00
2.398296117782592773e+00
2.131803989410400391e+00
3.298103094100952148e+00
2.979803085327148438e+00
2.788622140884399414e+00
1.943840980529785156e+00
3.076857805252075195e+00
2.026554107666015625e+00
2.281749963760375977e+00
2.892642974853515625e+00
3.443653106689453125e+00
3.116171121597290039e+00
2.106631994247436523e+00
2.342645168304443359e+00
2.340268135070800781e+00
2.301709651947021484e+00
2.338019132614135742e+00
2.272403001785278320e+00
3.319725990295410156e+00
2.464763879776000977e+00
1.990457057952880859e+00
2.245255947113037109e+00
2.505862712860107422e+00
3.315051078796386719e+00
2.541791915893554688e+00
2.219446897506713867e+00
2.226727008819580078e+00
2.502960920333862305e+00
2.368546724319458008e+00
2.310549974441528320e+00
2.320537805557250977e+00
2.597013950347900391e+00
2.537542819976806641e+00
2.939071893692016602e+00
3.029137134552001953e+00
2.483539104461669922e+00
3.024214982986450195e+00
2.187065124511718750e+00
2.228164911270141602e+00
2.459544897079467773e+00
3.573500871658325195e+00
2.728550195693969727e+00
2.290133953094482422e+00
2.885349035263061523e+00
2.008758783340454102e+00
2.598302841186523438e+00
2.360168933868408203e+00
3.207656145095825195e+00
3.078002929687500000e+00
2.727360010147094727e+00
2.569024085998535156e+00
2.217182159423828125e+00
3.300859928131103516e+00
2.620284795761108398e+00
2.359677076339721680e+00
3.296990871429443359e+00
3.086776733398437500e+00
3.140583038330078125e+00
2.977596998214721680e+00
2.775803327560424805e+00
3.145086765289306641e+00
3.303603887557983398e+00
2.721800088882446289e+00
3.084243059158325195e+00
3.027088165283203125e+00
3.473235130310058594e+00
3.100584268569946289e+00
3.526674985885620117e+00
3.670577287673950195e+00
3.419142246246337891e+00
3.253259897232055664e+00
3.262596845626831055e+00
3.776002168655395508e+00
3.297415971755981445e+00
3.024246931076049805e+00
3.821707963943481445e+00
3.109845399856567383e+00
3.741430044174194336e+00
3.421329975128173828e+00
2.817120075225830078e+00
3.527926206588745117e+00
3.632107019424438477e+00
3.674806118011474609e+00
2.847615003585815430e+00
3.333863973617553711e+00
4.461634159088134766e+00
3.592160940170288086e+00
4.460751771926879883e+00
3.568282127380371094e+00
3.590017080307006836e+00
2.509205102920532227e+00
2.768797874450683594e+00
3.334318161010742188e+00
3.789561033248901367e+00
3.971085071563720703e+00
3.153696775436401367e+00
3.280622005462646484e+00
2.866055011749267578e+00
3.703933954238891602e+00
3.883709192276000977e+00
3.901045083999633789e+00
3.919709205627441406e+00
4.151907682418823242e+00
3.250920057296752930e+00
3.435595750808715820e+00
3.852912902832031250e+00
3.493393182754516602e+00
2.663491725921630859e+00
3.872419118881225586e+00
3.548763036727905273e+00
3.849450826644897461e+00
3.799799203872680664e+00
3.791909933090209961e+00
3.559020042419433594e+00
3.921257019042968750e+00
4.364804029464721680e+00
3.883842945098876953e+00
4.021213054656982422e+00
3.620411872863769531e+00
2.720865726470947266e+00
3.606662988662719727e+00
3.978182077407836914e+00
4.095001935958862305e+00
4.143982172012329102e+00
3.193166017532348633e+00
4.026932001113891602e+00
4.450068950653076172e+00
3.982999086380004883e+00
4.020631074905395508e+00
3.745925188064575195e+00
3.334731101989746094e+00
3.918914794921875000e+00
4.375539064407348633e+00
4.147464036941528320e+00
4.138470172882080078e+00
4.369470834732055664e+00
3.473473072052001953e+00
4.139918088912963867e+00
4.723186016082763672e+00
4.123831033706665039e+00
3.012380123138427734e+00
2.877671241760253906e+00
3.429172992706298828e+00
4.514226913452148438e+00
3.830707073211669922e+00
3.797235250473022461e+00
4.190800189971923828e+00
4.019042730331420898e+00
4.200735807418823242e+00
3.647462844848632812e+00
4.760008811950683594e+00
4.284635066986083984e+00
4.513414144515991211e+00
3.754151105880737305e+00
3.111045122146606445e+00
3.715714931488037109e+00
3.589961290359497070e+00
3.600046157836914062e+00
3.206262111663818359e+00
3.766248941421508789e+00
3.405636072158813477e+00
3.827513694763183594e+00
3.825133800506591797e+00
5.034955024719238281e+00
3.224028825759887695e+00
2.841611146926879883e+00
2.134687185287475586e+00
3.856113910675048828e+00
3.577523946762084961e+00
3.417370796203613281e+00
3.676437139511108398e+00
3.273020982742309570e+00
3.514772176742553711e+00
2.762248992919921875e+00
3.756578683853149414e+00
2.622910022735595703e+00
3.860383033752441406e+00
3.539828062057495117e+00
3.134035825729370117e+00
4.248371362686157227e+00
3.860949039459228516e+00
2.256933927536010742e+00
2.992974758148193359e+00
2.805699110031127930e+00
3.927396059036254883e+00
4.029401063919067383e+00
2.057539939880371094e+00
4.014590024948120117e+00
2.991027832031250000e+00
2.924914121627807617e+00
2.235414981842041016e+00
3.120181083679199219e+00
2.633702993392944336e+00
3.109845876693725586e+00
3.182896852493286133e+00
4.626015901565551758e+00
3.145596027374267578e+00
2.381229162216186523e+00
2.529809951782226562e+00
2.992944955825805664e+00
2.373162031173706055e+00
2.347153902053833008e+00
2.301396846771240234e+00
2.383757829666137695e+00
2.549089908599853516e+00
2.702000856399536133e+00
4.086991310119628906e+00
2.540501117706298828e+00
2.871964216232299805e+00
2.582393884658813477e+00
4.148000955581665039e+00
2.409011125564575195e+00
3.605960845947265625e+00
2.985745906829833984e+00
4.268282890319824219e+00
2.674731016159057617e+00
4.030448913574218750e+00
3.438576698303222656e+00
2.525599002838134766e+00
2.633150339126586914e+00
4.385931015014648438e+00
2.667743921279907227e+00
2.693037748336791992e+00
2.864773035049438477e+00
2.868450880050659180e+00
2.597821950912475586e+00
2.574594020843505859e+00
2.449681282043457031e+00
2.948920965194702148e+00
2.966344118118286133e+00
4.556674718856811523e+00
2.978510141372680664e+00
3.620814085006713867e+00
3.080436944961547852e+00
3.126081228256225586e+00
2.893659114837646484e+00
2.699486970901489258e+00
2.520328283309936523e+00
3.068209886550903320e+00
1.940292835235595703e+00
3.285801887512207031e+00
2.019080877304077148e+00
2.837123155593872070e+00
2.372545003890991211e+00
3.012290000915527344e+00
3.398893833160400391e+00
3.310070991516113281e+00
3.021963119506835938e+00
3.060451030731201172e+00
2.963596105575561523e+00
2.131805896759033203e+00
3.189536094665527344e+00
4.400568246841430664e+00
2.205276012420654297e+00
3.157909154891967773e+00
3.109592199325561523e+00
3.208728075027465820e+00
2.272751808166503906e+00
3.302968740463256836e+00
3.129633903503417969e+00
3.557185888290405273e+00
3.207451820373535156e+00
2.843436002731323242e+00
4.399049043655395508e+00
2.960300922393798828e+00
3.319924831390380859e+00
4.447515010833740234e+00
3.312978982925415039e+00
3.161629915237426758e+00
3.277578115463256836e+00
3.269494056701660156e+00
3.594270944595336914e+00
3.164165735244750977e+00
3.154613971710205078e+00
2.094442844390869141e+00
3.120363950729370117e+00
3.736540079116821289e+00
2.259932994842529297e+00
2.545305967330932617e+00
3.713484048843383789e+00
2.989520072937011719e+00
4.046458005905151367e+00
3.180013895034790039e+00
2.307795286178588867e+00
3.037554025650024414e+00
2.676201820373535156e+00
3.589838981628417969e+00
2.468225002288818359e+00
3.035021781921386719e+00
2.118039131164550781e+00
2.666740894317626953e+00
3.047321081161499023e+00
2.494496107101440430e+00
2.857986211776733398e+00
3.550329208374023438e+00
4.469850778579711914e+00
3.540086030960083008e+00
3.032831907272338867e+00
2.688822984695434570e+00
2.685451030731201172e+00
3.380095958709716797e+00
3.592028141021728516e+00
2.960473299026489258e+00
2.649974107742309570e+00
3.314357995986938477e+00
3.529940843582153320e+00
3.297094106674194336e+00
4.160152912139892578e+00
3.001856565475463867e+00
3.326751232147216797e+00
2.514463901519775391e+00
2.768314838409423828e+00
3.154995918273925781e+00
2.994189262390136719e+00
3.061973094940185547e+00
3.076420783996582031e+00
3.334554195404052734e+00
3.432203054428100586e+00
2.927212953567504883e+00
3.035319089889526367e+00
3.728903055191040039e+00
3.152738094329833984e+00
3.750446081161499023e+00
3.678693294525146484e+00
4.103259801864624023e+00
3.327116966247558594e+00
2.811478137969970703e+00
3.755553007125854492e+00
2.516980171203613281e+00
2.754822969436645508e+00
3.744249820709228516e+00
3.340403318405151367e+00
3.849092006683349609e+00
2.427659034729003906e+00
2.814951896667480469e+00
3.260533094406127930e+00
2.736213922500610352e+00
3.060000896453857422e+00
3.436629056930541992e+00
3.335752010345458984e+00
3.296535015106201172e+00
2.926972150802612305e+00
3.785737037658691406e+00
2.528732061386108398e+00
3.384833812713623047e+00
3.351605892181396484e+00
2.747203111648559570e+00
2.642101049423217773e+00
3.910119056701660156e+00
2.867476940155029297e+00
3.565969228744506836e+00
3.843385219573974609e+00
3.558731079101562500e+00
4.107222080230712891e+00
3.113881111145019531e+00
2.982268333435058594e+00
3.224556207656860352e+00
4.220973730087280273e+00
3.591056823730468750e+00
3.274467945098876953e+00
3.168978929519653320e+00
3.325377702713012695e+00
3.129822969436645508e+00
3.380047082901000977e+00
2.785726308822631836e+00
3.316437959671020508e+00
3.487883090972900391e+00
3.366521835327148438e+00
3.444132089614868164e+00
3.471506834030151367e+00
3.305040121078491211e+00
3.900554895401000977e+00
3.369639873504638672e+00
3.384379863739013672e+00
2.798326015472412109e+00
2.700348377227783203e+00
3.918708086013793945e+00
4.066174268722534180e+00
3.940738201141357422e+00
3.746870994567871094e+00
3.432592153549194336e+00
4.032400131225585938e+00
4.068120002746582031e+00
3.575823068618774414e+00
3.472774982452392578e+00
3.315176010131835938e+00
3.209838867187500000e+00
4.130424022674560547e+00
4.010231018066406250e+00
3.882725954055786133e+00
4.268379926681518555e+00
3.754376888275146484e+00
3.605468988418579102e+00
3.883723020553588867e+00
4.113457918167114258e+00
3.144973039627075195e+00
4.248681068420410156e+00
3.904414892196655273e+00
3.920652627944946289e+00
2.282712936401367188e+00
3.171061038970947266e+00
3.124388694763183594e+00
3.130135059356689453e+00
3.818169116973876953e+00
2.531740903854370117e+00
3.427347898483276367e+00
2.827712059020996094e+00
3.059428930282592773e+00
2.839905023574829102e+00
3.083473205566406250e+00
2.700329065322875977e+00
2.382648944854736328e+00
3.618332147598266602e+00
2.836241722106933594e+00
2.500176906585693359e+00
2.986531019210815430e+00
1.879603147506713867e+00
2.622122049331665039e+00
4.396951913833618164e+00
4.964259862899780273e+00
3.451514005661010742e+00
3.654295206069946289e+00
2.773071289062500000e+00
1.932756900787353516e+00
2.437549114227294922e+00
2.598854780197143555e+00
1.677017927169799805e+00
4.593360900878906250e+00
2.290492296218872070e+00
2.711966037750244141e+00
2.966118097305297852e+00
2.376378059387207031e+00
2.270417928695678711e+00
2.801764011383056641e+00
1.865466117858886719e+00
2.887943267822265625e+00
3.698096990585327148e+00
3.383685111999511719e+00
2.802960872650146484e+00
2.570655107498168945e+00
2.817708969116210938e+00
2.855302333831787109e+00
2.467254161834716797e+00
2.591218948364257812e+00
3.330588817596435547e+00
2.697865247726440430e+00
3.038928031921386719e+00
3.315022945404052734e+00
2.479804754257202148e+00
2.428385972976684570e+00
2.872516155242919922e+00
3.174138307571411133e+00
3.167876958847045898e+00
3.310931921005249023e+00
2.966567754745483398e+00
3.072647809982299805e+00
2.805876016616821289e+00
2.904214143753051758e+00
2.842231988906860352e+00
2.910682916641235352e+00
2.524379968643188477e+00
2.898414850234985352e+00
3.046348094940185547e+00
2.651010990142822266e+00
3.078705072402954102e+00
3.452963829040527344e+00
3.402061939239501953e+00
2.800538063049316406e+00
2.524027824401855469e+00
3.114948034286499023e+00
3.579669952392578125e+00
2.453463077545166016e+00
3.248879909515380859e+00
2.600149869918823242e+00
2.966093063354492188e+00
3.056644201278686523e+00
2.706920862197875977e+00
3.096756935119628906e+00
3.139486789703369141e+00
2.960974693298339844e+00
2.179970026016235352e+00
2.684189081192016602e+00
2.356360197067260742e+00
2.643424034118652344e+00
3.508433341979980469e+00
2.711824178695678711e+00
2.655390024185180664e+00
2.817224025726318359e+00
3.024091720581054688e+00
2.954485893249511719e+00
2.993036031723022461e+00
3.556260824203491211e+00
2.857018947601318359e+00
3.412838220596313477e+00
2.699519872665405273e+00
3.064166784286499023e+00
2.964305877685546875e+00
3.374605894088745117e+00
3.522128105163574219e+00
3.540462970733642578e+00
4.572457790374755859e+00
3.109508037567138672e+00
3.083632946014404297e+00
3.896712064743041992e+00
3.636287927627563477e+00
3.552892923355102539e+00
2.984478950500488281e+00
3.755883932113647461e+00
2.790556907653808594e+00
3.788235902786254883e+00
3.556538105010986328e+00
3.421680927276611328e+00
3.521272182464599609e+00
3.049809932708740234e+00
2.908766746520996094e+00
2.839375019073486328e+00
3.082789182662963867e+00
3.272359848022460938e+00
2.947050094604492188e+00
2.736208200454711914e+00
2.527692079544067383e+00
2.448347091674804688e+00
3.086180925369262695e+00
2.837166070938110352e+00
3.391247987747192383e+00
2.621813058853149414e+00
2.496767997741699219e+00
2.713176727294921875e+00
3.731640100479125977e+00
2.469116210937500000e+00
1.964160919189453125e+00
2.755671977996826172e+00
3.490936756134033203e+00
2.718815088272094727e+00
3.559385061264038086e+00
1.899448871612548828e+00
3.573353767395019531e+00
2.940710067749023438e+00
2.834411859512329102e+00
2.632373094558715820e+00
2.646806001663208008e+00
3.660698890686035156e+00
2.999402046203613281e+00
2.310223817825317383e+00
1.916640996932983398e+00
3.335721015930175781e+00
4.007275819778442383e+00
3.476879835128784180e+00
2.343561887741088867e+00
3.216701984405517578e+00
3.015277147293090820e+00
2.094798088073730469e+00
2.591226816177368164e+00
2.214678049087524414e+00
2.144284963607788086e+00
3.028331995010375977e+00
2.057119131088256836e+00
2.251008033752441406e+00
2.038481950759887695e+00
1.978682994842529297e+00
2.488934993743896484e+00
3.012784957885742188e+00
2.454320907592773438e+00
2.791279077529907227e+00
1.997479915618896484e+00
2.588819980621337891e+00
3.031331062316894531e+00
2.721539020538330078e+00
3.216317892074584961e+00
3.151681184768676758e+00
2.876301050186157227e+00
3.000530242919921875e+00
3.068146944046020508e+00
2.455155849456787109e+00
2.534682989120483398e+00
2.375041961669921875e+00
2.812079906463623047e+00
2.950582742691040039e+00
2.118817090988159180e+00
2.789477825164794922e+00
2.894031047821044922e+00
3.229779958724975586e+00
3.187586069107055664e+00
2.674529075622558594e+00
2.460475921630859375e+00
2.832946062088012695e+00
3.588140010833740234e+00
3.442353248596191406e+00
3.798746109008789062e+00
2.776351928710937500e+00
3.327100038528442383e+00
2.525739669799804688e+00
3.205711841583251953e+00
3.161923170089721680e+00
2.613396883010864258e+00
2.762882947921752930e+00
3.232823848724365234e+00
2.881261110305786133e+00
2.937793016433715820e+00
2.789630174636840820e+00
2.913519859313964844e+00
3.133786916732788086e+00
2.769402027130126953e+00
2.771980047225952148e+00
3.247859239578247070e+00
3.221066951751708984e+00
2.827320098876953125e+00
3.114274263381958008e+00
3.251123905181884766e+00
2.279050111770629883e+00
2.506145954132080078e+00
2.604171991348266602e+00
3.372371912002563477e+00
3.162127733230590820e+00
3.591921329498291016e+00
3.007491111755371094e+00
3.528842926025390625e+00
2.285546064376831055e+00
3.838726997375488281e+00
3.606204986572265625e+00
3.348067998886108398e+00
3.385864019393920898e+00
3.185499906539916992e+00
3.504801988601684570e+00
3.459619998931884766e+00
3.340895175933837891e+00
3.486191749572753906e+00
3.528578042984008789e+00
3.692755222320556641e+00
2.528748035430908203e+00
4.072204113006591797e+00
2.912252187728881836e+00
3.257910966873168945e+00
3.369153022766113281e+00
2.436464786529541016e+00
4.109644889831542969e+00
3.937772989273071289e+00
3.582020044326782227e+00
3.469702005386352539e+00
3.743677854537963867e+00
2.261143207550048828e+00
3.850485086441040039e+00
2.464712858200073242e+00
3.402672052383422852e+00
3.610103130340576172e+00
2.708073854446411133e+00
2.664731740951538086e+00
2.397477865219116211e+00
3.455909013748168945e+00
2.734488964080810547e+00
3.628633022308349609e+00
3.642728805541992188e+00
2.527017116546630859e+00
3.783682823181152344e+00
3.792452812194824219e+00
3.794821023941040039e+00
2.252965927124023438e+00
3.707156896591186523e+00
3.130903244018554688e+00
2.899479150772094727e+00
3.813572883605957031e+00
4.096783161163330078e+00
3.696407079696655273e+00
3.976948022842407227e+00
2.442183732986450195e+00
2.751826047897338867e+00
2.976921796798706055e+00
2.935656070709228516e+00
3.356569290161132812e+00
3.898165702819824219e+00
2.485836029052734375e+00
3.158138990402221680e+00
2.929188728332519531e+00
2.815126180648803711e+00
2.606469869613647461e+00
2.826205015182495117e+00
2.187653064727783203e+00
2.535740852355957031e+00
3.247073173522949219e+00
1.935294866561889648e+00
2.612551212310791016e+00
2.491068840026855469e+00
2.310277223587036133e+00
2.902645111083984375e+00
2.267580270767211914e+00
2.587293386459350586e+00
1.967361927032470703e+00
2.859179019927978516e+00
2.157499313354492188e+00
2.859313964843750000e+00
2.834030151367187500e+00
2.023208141326904297e+00
3.959214210510253906e+00
4.102753162384033203e+00
3.248784303665161133e+00
2.764551877975463867e+00
3.014402151107788086e+00
2.448551177978515625e+00
2.803692817687988281e+00
3.066863775253295898e+00
2.808212041854858398e+00
2.625613927841186523e+00
2.797835111618041992e+00
3.156351089477539062e+00
3.005333185195922852e+00
2.781378030776977539e+00
1.899121761322021484e+00
2.976900815963745117e+00
2.949931859970092773e+00
2.200577020645141602e+00
2.948084115982055664e+00
3.330425739288330078e+00
2.931588172912597656e+00
2.144878149032592773e+00
2.239400863647460938e+00
3.378612995147705078e+00
2.928786039352416992e+00
2.339776039123535156e+00
2.121271848678588867e+00
3.196575880050659180e+00
2.454947948455810547e+00
2.359167098999023438e+00
2.550397157669067383e+00
2.640353202819824219e+00
2.485533237457275391e+00
2.591754913330078125e+00
2.434896945953369141e+00
2.211488723754882812e+00
2.309689760208129883e+00
2.289750814437866211e+00
2.498286008834838867e+00
2.433328866958618164e+00
2.343181848526000977e+00
2.273453235626220703e+00
2.903118848800659180e+00
2.172195911407470703e+00
2.363126754760742188e+00
2.252544879913330078e+00
3.074125051498413086e+00
2.704250097274780273e+00
2.240784883499145508e+00
2.839077234268188477e+00
2.577332019805908203e+00
2.951355934143066406e+00
1.665845870971679688e+00
2.757631063461303711e+00
2.785383939743041992e+00
3.073465108871459961e+00
2.982242107391357422e+00
2.657905817031860352e+00
2.511534929275512695e+00
2.417433977127075195e+00
2.814133882522583008e+00
2.904060840606689453e+00
3.031553983688354492e+00
3.456237792968750000e+00
2.973969936370849609e+00
2.863287687301635742e+00
2.946121931076049805e+00
2.880134105682373047e+00
3.169741153717041016e+00
3.745631933212280273e+00
2.680155992507934570e+00
3.080354928970336914e+00
3.184924125671386719e+00
3.118284225463867188e+00
3.135338068008422852e+00
2.984577178955078125e+00
3.029648065567016602e+00
3.115252971649169922e+00
2.668329954147338867e+00
3.374082803726196289e+00
2.737035989761352539e+00
2.730385065078735352e+00
2.999202013015747070e+00
2.302970886230468750e+00
3.018208026885986328e+00
2.452109098434448242e+00
2.744538068771362305e+00
3.830134153366088867e+00
2.662448883056640625e+00
2.241450071334838867e+00
2.166217327117919922e+00
3.913585901260375977e+00
3.883481979370117188e+00
3.525725841522216797e+00
3.300104141235351562e+00
3.679056167602539062e+00
2.407788038253784180e+00
2.365850925445556641e+00
3.729078054428100586e+00
1.912097930908203125e+00
2.616976976394653320e+00
2.509479999542236328e+00
2.382447004318237305e+00
2.555755853652954102e+00
2.316681861877441406e+00
3.054784059524536133e+00
3.293412208557128906e+00
3.854882001876831055e+00
2.558935165405273438e+00
2.530857086181640625e+00
2.948734045028686523e+00
2.843090772628784180e+00
2.576596021652221680e+00
2.687807083129882812e+00
3.040001153945922852e+00
4.479794979095458984e+00
2.649173021316528320e+00
2.630007028579711914e+00
2.421473979949951172e+00
2.469486951828002930e+00
3.071291923522949219e+00
2.955612182617187500e+00
2.864110946655273438e+00
3.148411750793457031e+00
2.919344902038574219e+00
2.894843339920043945e+00
3.407321214675903320e+00
2.106918811798095703e+00
2.933943033218383789e+00
2.730085849761962891e+00
2.183319091796875000e+00
2.669022083282470703e+00
3.851017951965332031e+00
2.636842012405395508e+00
2.594135999679565430e+00
2.819015979766845703e+00
2.588784933090209961e+00
3.435406923294067383e+00
3.289804220199584961e+00
2.517976045608520508e+00
2.469429969787597656e+00
2.871141195297241211e+00
2.846480846405029297e+00
2.792145252227783203e+00
2.993399143218994141e+00
2.160770893096923828e+00
2.914204359054565430e+00
2.880223989486694336e+00
3.181427001953125000e+00
2.373381137847900391e+00
3.519705772399902344e+00
2.530191183090209961e+00
1.900297880172729492e+00
2.148705959320068359e+00
3.887571811676025391e+00
2.154582977294921875e+00
2.210976123809814453e+00
2.826486825942993164e+00
2.455583095550537109e+00
2.697030067443847656e+00
2.492289781570434570e+00
2.560286998748779297e+00
3.035226821899414062e+00
2.160174846649169922e+00
3.245665073394775391e+00
2.368232965469360352e+00
3.078533172607421875e+00
2.464593887329101562e+00
2.113413095474243164e+00
2.925601959228515625e+00
2.405790090560913086e+00
3.114117860794067383e+00
2.519105911254882812e+00
2.723386049270629883e+00
2.227027893066406250e+00
2.735917091369628906e+00
2.939831733703613281e+00
2.460012674331665039e+00
2.756204128265380859e+00
2.667068004608154297e+00
2.647162199020385742e+00
2.834287881851196289e+00
2.556923866271972656e+00
3.045492887496948242e+00
3.056215047836303711e+00
2.461580991744995117e+00
2.434309959411621094e+00
2.081561803817749023e+00
2.450759172439575195e+00
2.472786903381347656e+00
2.571553945541381836e+00
2.754804134368896484e+00
2.893265247344970703e+00
2.093049049377441406e+00
2.656407117843627930e+00
2.645025014877319336e+00
2.862428903579711914e+00
2.982769727706909180e+00
3.233328104019165039e+00
3.056928873062133789e+00
3.167032957077026367e+00
1.741932868957519531e+00
3.089277982711791992e+00
3.071118116378784180e+00
2.542474269866943359e+00
3.115238904953002930e+00
2.987705945968627930e+00
2.817520141601562500e+00
2.971104145050048828e+00
3.149540185928344727e+00
2.772425889968872070e+00
2.898770093917846680e+00
3.212111234664916992e+00
2.182456970214843750e+00
3.266123056411743164e+00
3.452086925506591797e+00
3.463351011276245117e+00
2.809763908386230469e+00
2.830437183380126953e+00
3.199558019638061523e+00
2.553448200225830078e+00
3.661873102188110352e+00
3.176166772842407227e+00
3.623636007308959961e+00
2.685304880142211914e+00
3.572981834411621094e+00
2.743088245391845703e+00
3.267408847808837891e+00
2.667253971099853516e+00
2.313173055648803711e+00
2.250259876251220703e+00
2.970947742462158203e+00
2.994116783142089844e+00
2.791285991668701172e+00
2.388286828994750977e+00
3.013791084289550781e+00
3.285535812377929688e+00
2.801384925842285156e+00
2.776021003723144531e+00
3.247329235076904297e+00
3.330959081649780273e+00
1.986644029617309570e+00
2.676447868347167969e+00
2.899699926376342773e+00
2.588737726211547852e+00
3.699130058288574219e+00
2.526640892028808594e+00
3.807379961013793945e+00
3.430572032928466797e+00
3.227334022521972656e+00
3.291462182998657227e+00
2.412152051925659180e+00
2.605938911437988281e+00
3.337590932846069336e+00
3.045809745788574219e+00
3.314455032348632812e+00
3.366498947143554688e+00
3.415989875793457031e+00
3.365944862365722656e+00
2.664447069168090820e+00
3.062991142272949219e+00
2.809702157974243164e+00
3.513291120529174805e+00
3.076081037521362305e+00
2.186968803405761719e+00
3.666094064712524414e+00
3.123399019241333008e+00
3.124919891357421875e+00
3.000885963439941406e+00
3.098205804824829102e+00
4.221085071563720703e+00
2.257827758789062500e+00
2.629521846771240234e+00
3.425404310226440430e+00
3.395181894302368164e+00
3.412069797515869141e+00
3.163403034210205078e+00
2.487514019012451172e+00
2.772619009017944336e+00
2.845576047897338867e+00
2.958985805511474609e+00
2.888475179672241211e+00
3.207291126251220703e+00
2.688737869262695312e+00
3.097379684448242188e+00
3.277544975280761719e+00
3.147774934768676758e+00
2.717593669891357422e+00
2.621181964874267578e+00
2.819488048553466797e+00
3.012465953826904297e+00
3.068079233169555664e+00
3.046303033828735352e+00
3.460775852203369141e+00
2.971585988998413086e+00
3.100083827972412109e+00
2.556159973144531250e+00
3.276175260543823242e+00
3.267690896987915039e+00
3.634930849075317383e+00
2.763140678405761719e+00
3.133641004562377930e+00
2.483002901077270508e+00
3.435800790786743164e+00
2.788116931915283203e+00
3.373692989349365234e+00
3.146311998367309570e+00
2.855225086212158203e+00
3.167156934738159180e+00
2.411954164505004883e+00
2.821887969970703125e+00
3.447993040084838867e+00
3.542917966842651367e+00
3.173835992813110352e+00
2.634315013885498047e+00
3.619080305099487305e+00
2.720249176025390625e+00
2.728188991546630859e+00
2.974346160888671875e+00
2.903941869735717773e+00
2.504593133926391602e+00
3.908531188964843750e+00
3.390558958053588867e+00
2.681590080261230469e+00
2.924900770187377930e+00
3.484411716461181641e+00
2.746537923812866211e+00
2.707957983016967773e+00
2.572867870330810547e+00
3.641553878784179688e+00
2.663437128067016602e+00
2.722281932830810547e+00
3.722697019577026367e+00
3.341852188110351562e+00
2.463690996170043945e+00
2.561368942260742188e+00
2.824656009674072266e+00
3.030821800231933594e+00
2.426390171051025391e+00
2.357650279998779297e+00
2.899384737014770508e+00
2.412850141525268555e+00
2.702592849731445312e+00
2.723027944564819336e+00
2.544148921966552734e+00
4.113636016845703125e+00
2.577209711074829102e+00
2.695695877075195312e+00
2.588369131088256836e+00
2.680395841598510742e+00
2.342118978500366211e+00
3.418116807937622070e+00
3.137367010116577148e+00
2.805199146270751953e+00
2.732542991638183594e+00
2.845957756042480469e+00
2.868972778320312500e+00
2.803715229034423828e+00
4.200667142868041992e+00
2.931221723556518555e+00
2.274196147918701172e+00
3.027575731277465820e+00
2.972917795181274414e+00
2.643712997436523438e+00
3.190174818038940430e+00
3.444899797439575195e+00
1.874760866165161133e+00
4.080825090408325195e+00
2.238794088363647461e+00
2.982075929641723633e+00
3.215533018112182617e+00
3.691215038299560547e+00
2.801474094390869141e+00
3.065213918685913086e+00
2.428058862686157227e+00
2.073572158813476562e+00
3.470582962036132812e+00
2.533507823944091797e+00
3.134099245071411133e+00
2.927583932876586914e+00
3.099498987197875977e+00
2.712290048599243164e+00
1.935693740844726562e+00
2.643249988555908203e+00
3.668806314468383789e+00
2.480647087097167969e+00
2.470541000366210938e+00
2.706893205642700195e+00
2.822756052017211914e+00
2.509022951126098633e+00
2.436206102371215820e+00
2.489423036575317383e+00
2.547569036483764648e+00
2.477908134460449219e+00
2.411963939666748047e+00
2.819570064544677734e+00
2.274872779846191406e+00
2.356976985931396484e+00
2.359414815902709961e+00
2.712049007415771484e+00
2.431813001632690430e+00
2.544744968414306641e+00
2.652006149291992188e+00
2.717244148254394531e+00
2.698684930801391602e+00
2.585873126983642578e+00
2.774341106414794922e+00
2.557179927825927734e+00
1.837532758712768555e+00
2.222071170806884766e+00
2.803811073303222656e+00
2.811730146408081055e+00
2.341936826705932617e+00
2.472739934921264648e+00
2.790615081787109375e+00
2.341025114059448242e+00
3.895708084106445312e+00
2.928611993789672852e+00
2.795938014984130859e+00
2.941192865371704102e+00
2.681043863296508789e+00
3.087162017822265625e+00
2.558817863464355469e+00
2.294713735580444336e+00
2.233253002166748047e+00
2.766775846481323242e+00
2.041500806808471680e+00
2.173872232437133789e+00
2.692725896835327148e+00
3.181127071380615234e+00
3.280197143554687500e+00
3.114623069763183594e+00
3.311969995498657227e+00
2.390963315963745117e+00
2.480278015136718750e+00
2.208389997482299805e+00
3.234599828720092773e+00
3.040621995925903320e+00
2.963948011398315430e+00
2.136675119400024414e+00
3.179749011993408203e+00
2.752424955368041992e+00
2.601994991302490234e+00
2.800807237625122070e+00
2.561632156372070312e+00
3.305143833160400391e+00
3.780488967895507812e+00
2.691680908203125000e+00
3.016640901565551758e+00
1.766691923141479492e+00
2.886677980422973633e+00
2.195487022399902344e+00
2.922403097152709961e+00
2.194479227066040039e+00
2.103723049163818359e+00
2.922636747360229492e+00
2.296167850494384766e+00
2.866008043289184570e+00
2.925531864166259766e+00
2.227730035781860352e+00
2.586826086044311523e+00
2.975951910018920898e+00
2.941117286682128906e+00
2.903880834579467773e+00
3.178814172744750977e+00
2.461709976196289062e+00
2.743396759033203125e+00
3.114481210708618164e+00
2.638564825057983398e+00
3.156713962554931641e+00
2.815277099609375000e+00
2.725658178329467773e+00
2.592549800872802734e+00
2.389631986618041992e+00
3.374585151672363281e+00
2.662151098251342773e+00
2.800028800964355469e+00
2.769734144210815430e+00
2.239305257797241211e+00
2.942661285400390625e+00
2.583009958267211914e+00
3.319885015487670898e+00
2.524437904357910156e+00
3.514997005462646484e+00
2.747081041336059570e+00
2.775137186050415039e+00
2.274420976638793945e+00
2.411955118179321289e+00
2.347261190414428711e+00
3.024716615676879883e+00
2.832597970962524414e+00
2.434138059616088867e+00
2.507793188095092773e+00
2.696156740188598633e+00
3.489874839782714844e+00
2.381124973297119141e+00
2.357824802398681641e+00
2.620196104049682617e+00
3.180430173873901367e+00
2.697211980819702148e+00
2.693804979324340820e+00
3.206509828567504883e+00
2.562289953231811523e+00
2.374598026275634766e+00
2.252139091491699219e+00
3.263916969299316406e+00
2.507477998733520508e+00
3.213924169540405273e+00
2.863603115081787109e+00
2.849284887313842773e+00
2.553707838058471680e+00
2.397514820098876953e+00
3.034606218338012695e+00
2.876505136489868164e+00
2.407882928848266602e+00
3.106126070022583008e+00
2.588951110839843750e+00
2.715869188308715820e+00
2.987788915634155273e+00
2.949692964553833008e+00
3.015881061553955078e+00
2.123466014862060547e+00
2.895637989044189453e+00
2.400636196136474609e+00
2.737113237380981445e+00
2.832695007324218750e+00
2.892143726348876953e+00
2.512458086013793945e+00
2.439763069152832031e+00
2.842057943344116211e+00
3.023495912551879883e+00
3.190113067626953125e+00
3.830978155136108398e+00
2.334264039993286133e+00
2.511417150497436523e+00
2.566449880599975586e+00
2.787878751754760742e+00
2.474992990493774414e+00
1.817622184753417969e+00
3.283200979232788086e+00
3.119118213653564453e+00
1.804832935333251953e+00
2.883563041687011719e+00
3.792970180511474609e+00
2.506398916244506836e+00
1.993800878524780273e+00
1.834777116775512695e+00
2.457205295562744141e+00
2.420270204544067383e+00
2.489578962326049805e+00
2.117557048797607422e+00
2.988036870956420898e+00
2.090412616729736328e+00
2.324620008468627930e+00
3.079059123992919922e+00
2.143068075180053711e+00
2.902791261672973633e+00
2.018840074539184570e+00
2.890042066574096680e+00
2.540249109268188477e+00
2.377354145050048828e+00
2.226468086242675781e+00
2.726925134658813477e+00
2.621160984039306641e+00
2.704499244689941406e+00
3.197485923767089844e+00
3.172376871109008789e+00
2.730348110198974609e+00
1.846392869949340820e+00
2.278471946716308594e+00
2.699419021606445312e+00
2.943387985229492188e+00
3.165377855300903320e+00
2.057340860366821289e+00
3.411505937576293945e+00
2.607615947723388672e+00
3.337697029113769531e+00
3.324785947799682617e+00
3.168222904205322266e+00
2.490989923477172852e+00
2.195227146148681641e+00
3.536443948745727539e+00
3.432864904403686523e+00
2.580352067947387695e+00
2.668044805526733398e+00
2.390326023101806641e+00
2.403952836990356445e+00
2.223606824874877930e+00
2.393922090530395508e+00
2.482822179794311523e+00
3.674161911010742188e+00
2.503410339355468750e+00
2.573442697525024414e+00
3.005445003509521484e+00
2.701805114746093750e+00
2.950680017471313477e+00
2.877659797668457031e+00
3.031646013259887695e+00
3.092268943786621094e+00
2.630668878555297852e+00
2.461822032928466797e+00
2.250254869461059570e+00
2.235965967178344727e+00
2.942156791687011719e+00
2.895137071609497070e+00
2.428858757019042969e+00
2.912387847900390625e+00
2.817775249481201172e+00
2.443778038024902344e+00
2.869758844375610352e+00
2.938728809356689453e+00
2.556094884872436523e+00
2.584552049636840820e+00
2.603862762451171875e+00
2.766967058181762695e+00
2.886044979095458984e+00
2.901854038238525391e+00
2.016029119491577148e+00
2.381937980651855469e+00
2.612962961196899414e+00
2.860801935195922852e+00
2.894562244415283203e+00
2.577985048294067383e+00
2.311755895614624023e+00
2.137233972549438477e+00
2.596697092056274414e+00
3.045533895492553711e+00
2.776311874389648438e+00
2.542562723159790039e+00
3.193983078002929688e+00
2.771714210510253906e+00
3.349593877792358398e+00
2.734260082244873047e+00
2.635854959487915039e+00
2.362175941467285156e+00
1.985894203186035156e+00
2.206026077270507812e+00
3.598445892333984375e+00
2.530879020690917969e+00
2.698113203048706055e+00
2.217149257659912109e+00
3.779031991958618164e+00
2.534471035003662109e+00
3.792442083358764648e+00
2.534711122512817383e+00
2.546816825866699219e+00
2.489085197448730469e+00
2.572559833526611328e+00
3.432298898696899414e+00
2.912795782089233398e+00
2.836872100830078125e+00
3.912105321884155273e+00
3.431703805923461914e+00
2.926062107086181641e+00
2.925834178924560547e+00
2.425435781478881836e+00
2.697481155395507812e+00
3.292468070983886719e+00
2.226990699768066406e+00
2.561120986938476562e+00
2.907745122909545898e+00
2.288123846054077148e+00
2.277226924896240234e+00
2.252098798751831055e+00
2.842132806777954102e+00
2.806807756423950195e+00
2.275529861450195312e+00
2.586078166961669922e+00
2.587498903274536133e+00
2.340774059295654297e+00
3.711230278015136719e+00
2.557820796966552734e+00
2.437105178833007812e+00
3.505940914154052734e+00
3.244157075881958008e+00
2.299992799758911133e+00
2.404573917388916016e+00
1.742799282073974609e+00
2.490947008132934570e+00
2.371384620666503906e+00
4.111536026000976562e+00
2.925060033798217773e+00
2.928193092346191406e+00
2.530087947845458984e+00
2.822221040725708008e+00
2.433906793594360352e+00
2.089579820632934570e+00
2.777289152145385742e+00
2.109279870986938477e+00
2.335176229476928711e+00
2.699235677719116211e+00
2.451945066452026367e+00
3.166736841201782227e+00
2.430464029312133789e+00
2.387620210647583008e+00
2.609260082244873047e+00
1.846387863159179688e+00
1.736207246780395508e+00
3.029253005981445312e+00
2.588428020477294922e+00
2.017143964767456055e+00
2.291118860244750977e+00
2.447839975357055664e+00
1.843834877014160156e+00
2.656246185302734375e+00
2.644034862518310547e+00
2.548886060714721680e+00
2.409214973449707031e+00
2.315838813781738281e+00
3.363568782806396484e+00
3.052682876586914062e+00
1.844254970550537109e+00
2.473724126815795898e+00
2.003756999969482422e+00
2.290145874023437500e+00
3.005537986755371094e+00
3.123771190643310547e+00
2.487340927124023438e+00
3.120767116546630859e+00
2.817662000656127930e+00
2.846916913986206055e+00
2.044363021850585938e+00
2.655439138412475586e+00
2.448215961456298828e+00
2.481485843658447266e+00
2.167471885681152344e+00
2.503484010696411133e+00
3.049581050872802734e+00
2.220593214035034180e+00
2.209027051925659180e+00
2.109076023101806641e+00
2.338398933410644531e+00
2.258569955825805664e+00
2.537461996078491211e+00
2.563492059707641602e+00
2.592594861984252930e+00
2.036353111267089844e+00
2.677444219589233398e+00
2.284457921981811523e+00
2.703293085098266602e+00
3.101184844970703125e+00
2.082535982131958008e+00
2.727577924728393555e+00
2.762340784072875977e+00
2.731601238250732422e+00
2.764468908309936523e+00
2.746563196182250977e+00
3.003124952316284180e+00
2.625228166580200195e+00
2.920763969421386719e+00
2.657878160476684570e+00
2.908986806869506836e+00
2.702073812484741211e+00
3.452450037002563477e+00
3.249780178070068359e+00
3.278348922729492188e+00
2.687058925628662109e+00
3.345904827117919922e+00
2.484528064727783203e+00
2.983124017715454102e+00
3.012712955474853516e+00
3.280689001083374023e+00
3.340998888015747070e+00
2.715783834457397461e+00
2.489908218383789062e+00
2.803939104080200195e+00
3.379622220993041992e+00
3.168249130249023438e+00
3.346850872039794922e+00
2.801162004470825195e+00
3.453361034393310547e+00
3.290926933288574219e+00
1.762930154800415039e+00
2.788872003555297852e+00
2.251049995422363281e+00
3.404834985733032227e+00
3.652899026870727539e+00
3.173846960067749023e+00
2.904676914215087891e+00
3.143790006637573242e+00
3.454528808593750000e+00
2.503066778182983398e+00
2.220126152038574219e+00
1.804573059082031250e+00
3.382570743560791016e+00
2.382435798645019531e+00
2.395617008209228516e+00
3.841584205627441406e+00
2.252035140991210938e+00
3.014843940734863281e+00
3.584652185440063477e+00
2.516608953475952148e+00
3.700753927230834961e+00
2.549467802047729492e+00
2.804929971694946289e+00
2.196408987045288086e+00
2.647932052612304688e+00
2.088005304336547852e+00
2.532699108123779297e+00
2.444674968719482422e+00
2.971693038940429688e+00
2.601376056671142578e+00
3.156575918197631836e+00
3.296884059906005859e+00
2.538990736007690430e+00
2.243284940719604492e+00
2.181452989578247070e+00
2.745087862014770508e+00
3.231635093688964844e+00
3.426260948181152344e+00
1.885321855545043945e+00
2.166940212249755859e+00
2.028532028198242188e+00
2.199854135513305664e+00
2.950612068176269531e+00
2.871497869491577148e+00
2.287770986557006836e+00
2.219823837280273438e+00
2.373684883117675781e+00
3.040469169616699219e+00
2.259796857833862305e+00
2.878670930862426758e+00
2.060555219650268555e+00
1.899066209793090820e+00
2.938056945800781250e+00
2.820576906204223633e+00
3.173479795455932617e+00
2.104850292205810547e+00
1.986651897430419922e+00
1.990883111953735352e+00
2.298969030380249023e+00
2.080494165420532227e+00
1.785785913467407227e+00
1.928370952606201172e+00
2.087955951690673828e+00
2.230188131332397461e+00
2.759612798690795898e+00
2.250684022903442383e+00
2.389315843582153320e+00
2.464120864868164062e+00
2.873570680618286133e+00
2.469828128814697266e+00
3.041661024093627930e+00
2.496464014053344727e+00
2.519383907318115234e+00
2.532076120376586914e+00
2.583309888839721680e+00
2.521333217620849609e+00
2.986318111419677734e+00
2.438262939453125000e+00
2.566579103469848633e+00
2.483029127120971680e+00
2.685505151748657227e+00
2.815899848937988281e+00
2.716169118881225586e+00
2.829433202743530273e+00
2.697393894195556641e+00
2.819344997406005859e+00
2.425207853317260742e+00
2.870212793350219727e+00
2.260054111480712891e+00
2.771970033645629883e+00
2.815085887908935547e+00
3.167644977569580078e+00
2.908172130584716797e+00
3.220479965209960938e+00
2.943392753601074219e+00
3.207849979400634766e+00
2.577228069305419922e+00
3.828851222991943359e+00
3.103650093078613281e+00
3.110002279281616211e+00
2.217459917068481445e+00
2.392129898071289062e+00
2.848604917526245117e+00
2.976823091506958008e+00
3.111399173736572266e+00
2.640185832977294922e+00
2.287837028503417969e+00
3.228732347488403320e+00
2.517519235610961914e+00
3.659079790115356445e+00
3.001635789871215820e+00
2.945461988449096680e+00
2.978178024291992188e+00
3.321625232696533203e+00
3.540721178054809570e+00
3.519158124923706055e+00
3.384630203247070312e+00
2.767210006713867188e+00
3.770863056182861328e+00
3.204339027404785156e+00
3.707041978836059570e+00
3.676310062408447266e+00
3.630697011947631836e+00
3.479012727737426758e+00
2.937736034393310547e+00
2.114243030548095703e+00
3.186446666717529297e+00
3.176578998565673828e+00
2.888638019561767578e+00
3.177304983139038086e+00
3.190474033355712891e+00
3.174075365066528320e+00
3.272336959838867188e+00
2.926226377487182617e+00
2.911823987960815430e+00
2.586032152175903320e+00
3.350140094757080078e+00
2.077664136886596680e+00
3.292639017105102539e+00
3.204711914062500000e+00
4.038276195526123047e+00
2.972533702850341797e+00
3.523220062255859375e+00
3.764894247055053711e+00
3.454968929290771484e+00
2.987581014633178711e+00
2.761698007583618164e+00
2.208108663558959961e+00
2.497081279754638672e+00
3.081358909606933594e+00
2.668462038040161133e+00
2.078066825866699219e+00
2.470957279205322266e+00
2.718311071395874023e+00
2.822897195816040039e+00
2.792186260223388672e+00
2.886726140975952148e+00
1.850446939468383789e+00
1.506035089492797852e+00
2.881546974182128906e+00
2.322804927825927734e+00
3.065705060958862305e+00
3.211042642593383789e+00
2.360203981399536133e+00
2.848929166793823242e+00
2.136738061904907227e+00
3.219759941101074219e+00
3.163042068481445312e+00
2.478934764862060547e+00
2.264698982238769531e+00
2.504093885421752930e+00
2.579735040664672852e+00
2.921493053436279297e+00
2.599716901779174805e+00
2.621247053146362305e+00
2.678272962570190430e+00
3.087860107421875000e+00
3.070008039474487305e+00
2.334229946136474609e+00
3.167905092239379883e+00
2.345718622207641602e+00
3.378457069396972656e+00
3.631112813949584961e+00
2.114353179931640625e+00
2.808291196823120117e+00
2.558265924453735352e+00
2.674736022949218750e+00
2.017273902893066406e+00
2.636555194854736328e+00
2.185061931610107422e+00
2.845705270767211914e+00
1.789471149444580078e+00
2.109420061111450195e+00
4.003496170043945312e+00
2.492462158203125000e+00
2.364164829254150391e+00
2.373139858245849609e+00
2.808595180511474609e+00
2.337044954299926758e+00
2.929402828216552734e+00
2.754720926284790039e+00
3.263209819793701172e+00
2.120865106582641602e+00
3.133344888687133789e+00
3.098955154418945312e+00
2.874168157577514648e+00
2.746804952621459961e+00
2.553349256515502930e+00
2.581600189208984375e+00
2.886064767837524414e+00
3.074148893356323242e+00
2.360238790512084961e+00
2.666901111602783203e+00
1.878232955932617188e+00
2.948111057281494141e+00
2.060487747192382812e+00
2.254648923873901367e+00
2.859502077102661133e+00
2.268505811691284180e+00
3.527499198913574219e+00
2.486255884170532227e+00
3.420129060745239258e+00
2.881517171859741211e+00
2.238820075988769531e+00
3.440801143646240234e+00
2.289757966995239258e+00
2.830123901367187500e+00
2.644803047180175781e+00
3.452948808670043945e+00
1.956014871597290039e+00
3.419369935989379883e+00
2.990849018096923828e+00
2.975393056869506836e+00
3.747053623199462891e+00
3.554527044296264648e+00
2.901289224624633789e+00
3.087913990020751953e+00
2.398203849792480469e+00
3.148177862167358398e+00
2.545993089675903320e+00
2.730415105819702148e+00
3.894172906875610352e+00
2.949451208114624023e+00
3.960884094238281250e+00
3.076728105545043945e+00
3.089874267578125000e+00
3.025391101837158203e+00
3.263705015182495117e+00
2.593778133392333984e+00
2.626193046569824219e+00
3.944320917129516602e+00
2.737077951431274414e+00
2.747020959854125977e+00
2.907131195068359375e+00
2.424490928649902344e+00
2.643989086151123047e+00
2.745413064956665039e+00
3.190308094024658203e+00
3.173825979232788086e+00
3.481178998947143555e+00
2.578428983688354492e+00
3.037374973297119141e+00
3.173645019531250000e+00
3.293191909790039062e+00
2.997234106063842773e+00
2.508823156356811523e+00
3.258823871612548828e+00
2.969909906387329102e+00
3.534556865692138672e+00
3.532059907913208008e+00
5.055020809173583984e+00
2.099961757659912109e+00
2.572086811065673828e+00
2.879426002502441406e+00
2.297798156738281250e+00
2.158530950546264648e+00
2.833628892898559570e+00
2.271701097488403320e+00
2.292936086654663086e+00
2.424746990203857422e+00
2.971589803695678711e+00
2.240968942642211914e+00
2.740974903106689453e+00
1.960343122482299805e+00
2.971412181854248047e+00
2.404818058013916016e+00
3.260575056076049805e+00
3.323136806488037109e+00
3.498548030853271484e+00
3.802604198455810547e+00
3.941155910491943359e+00
3.798399209976196289e+00
2.876865148544311523e+00
3.923833131790161133e+00
4.164970874786376953e+00
4.330864191055297852e+00
4.084126949310302734e+00
4.279902935028076172e+00
3.249857902526855469e+00
2.510293006896972656e+00
3.366985082626342773e+00
2.915142059326171875e+00
3.192573308944702148e+00
3.515362977981567383e+00
3.257745981216430664e+00
3.938991069793701172e+00
3.327914953231811523e+00
3.496415376663208008e+00
2.155240774154663086e+00
3.244252920150756836e+00
3.417567014694213867e+00
2.791664123535156250e+00
3.046997070312500000e+00
3.423942804336547852e+00
2.527411937713623047e+00
3.248298883438110352e+00
2.843621015548706055e+00
2.984499216079711914e+00
2.994242906570434570e+00
3.099645137786865234e+00
2.753867149353027344e+00
3.048353195190429688e+00
3.354381084442138672e+00
3.609044075012207031e+00
3.102086067199707031e+00
2.996576070785522461e+00
2.858542680740356445e+00
2.941751241683959961e+00
2.347626924514770508e+00
2.901763200759887695e+00
2.863501787185668945e+00
2.527318000793457031e+00
3.081962108612060547e+00
3.385493993759155273e+00
3.111362218856811523e+00
3.059032917022705078e+00
3.125634908676147461e+00
3.382886886596679688e+00
3.321986198425292969e+00
3.092985153198242188e+00
3.192766189575195312e+00
3.461359977722167969e+00
2.217022895812988281e+00
2.150785923004150391e+00
3.256204128265380859e+00
3.075674057006835938e+00
2.567710161209106445e+00
2.887767076492309570e+00
2.850082159042358398e+00
3.662875890731811523e+00
2.503783941268920898e+00
2.698620080947875977e+00
2.469259977340698242e+00
2.286398887634277344e+00
2.123891115188598633e+00
2.702548980712890625e+00
3.530132055282592773e+00
3.560948848724365234e+00
2.821425914764404297e+00
1.988075017929077148e+00
1.855797052383422852e+00
1.983374118804931641e+00
1.715303897857666016e+00
2.018007040023803711e+00
1.796549081802368164e+00
1.731650829315185547e+00
1.926287174224853516e+00
2.234425306320190430e+00
2.042892932891845703e+00
1.889604806900024414e+00
1.771593093872070312e+00
2.016628026962280273e+00
2.357235908508300781e+00
2.374516010284423828e+00
2.434910297393798828e+00
2.154464006423950195e+00
2.418761253356933594e+00
2.434768915176391602e+00
2.645117998123168945e+00
2.662744998931884766e+00
2.523143768310546875e+00
2.535493135452270508e+00
2.769613027572631836e+00
2.391891956329345703e+00
2.887989044189453125e+00
2.070457220077514648e+00
2.715919971466064453e+00
2.281975746154785156e+00
2.747908830642700195e+00
3.026386976242065430e+00
2.881498098373413086e+00
2.094219923019409180e+00
3.072222948074340820e+00
2.138394832611083984e+00
1.905207157135009766e+00
2.047362089157104492e+00
2.394631147384643555e+00
3.301674842834472656e+00
2.854205131530761719e+00
2.192120075225830078e+00
2.516804218292236328e+00
2.869370937347412109e+00
2.600628137588500977e+00
2.336562156677246094e+00
2.751174688339233398e+00
3.279953241348266602e+00
2.725307226181030273e+00
2.697809934616088867e+00
2.845062971115112305e+00
2.586479902267456055e+00
2.601852893829345703e+00
2.948095083236694336e+00
2.798753738403320312e+00
2.482737064361572266e+00
2.928801059722900391e+00
1.821794748306274414e+00
3.223134994506835938e+00
2.831222772598266602e+00
3.337776899337768555e+00
2.248478889465332031e+00
3.070742130279541016e+00
3.073078870773315430e+00
2.397902250289916992e+00
3.345199823379516602e+00
2.704369783401489258e+00
2.854768037796020508e+00
1.863883018493652344e+00
2.438278198242187500e+00
2.384362220764160156e+00
2.310997009277343750e+00
1.705054998397827148e+00
2.881093978881835938e+00
2.949207782745361328e+00
2.900050878524780273e+00
3.064610004425048828e+00
3.357190847396850586e+00
2.016980171203613281e+00
2.090253114700317383e+00
2.044048070907592773e+00
2.490913867950439453e+00
2.222275018692016602e+00
2.327062845230102539e+00
2.539951086044311523e+00
2.528630018234252930e+00
3.433773040771484375e+00
2.650553703308105469e+00
1.913256883621215820e+00
2.753133773803710938e+00
2.399226903915405273e+00
2.249577999114990234e+00
3.279936075210571289e+00
2.575989961624145508e+00
2.160452842712402344e+00
2.004369974136352539e+00
2.565072774887084961e+00
2.282562017440795898e+00
2.074965000152587891e+00
1.886219978332519531e+00
2.694847345352172852e+00
2.289770841598510742e+00
3.021207809448242188e+00
2.171900749206542969e+00
2.202510833740234375e+00
2.354063749313354492e+00
2.352099657058715820e+00
1.896752834320068359e+00
2.146037817001342773e+00
2.474883079528808594e+00
2.562649011611938477e+00
2.695224761962890625e+00
1.967077016830444336e+00
2.699331283569335938e+00
2.808231830596923828e+00
1.890823841094970703e+00
2.324218034744262695e+00
1.920924901962280273e+00
2.431605815887451172e+00
2.013164758682250977e+00
2.720927000045776367e+00
2.488723993301391602e+00
2.299657344818115234e+00
2.187393903732299805e+00
2.291296958923339844e+00
2.334316015243530273e+00
2.337434768676757812e+00
2.392302036285400391e+00
2.059023857116699219e+00
2.694412708282470703e+00
2.356909990310668945e+00
2.699151754379272461e+00
2.249747276306152344e+00
2.714311838150024414e+00
2.707172870635986328e+00
1.957185983657836914e+00
3.044493675231933594e+00
2.744040012359619141e+00
2.179538011550903320e+00
3.051692962646484375e+00
2.776537895202636719e+00
2.281773090362548828e+00
2.500228881835937500e+00
2.826233148574829102e+00
2.701433181762695312e+00
2.241008043289184570e+00
2.442684888839721680e+00
3.385858058929443359e+00
2.179675817489624023e+00
3.134232044219970703e+00
3.513735294342041016e+00
3.204536914825439453e+00
3.181775093078613281e+00
2.202807664871215820e+00
2.572177886962890625e+00
2.289290904998779297e+00
1.934490919113159180e+00
2.021355628967285156e+00
3.344847917556762695e+00
3.019871950149536133e+00
3.137994050979614258e+00
1.957565069198608398e+00
2.482602834701538086e+00
2.322605848312377930e+00
2.085832834243774414e+00
2.372269153594970703e+00
2.686704874038696289e+00
2.517752885818481445e+00
2.505009889602661133e+00
2.733919143676757812e+00
3.017507076263427734e+00
3.184724092483520508e+00
2.954468250274658203e+00
3.373231172561645508e+00
2.956769943237304688e+00
3.391611099243164062e+00
3.522324800491333008e+00
3.814804077148437500e+00
3.696471691131591797e+00
3.317304611206054688e+00
3.572105884552001953e+00
3.231158971786499023e+00
3.102511882781982422e+00
2.322747945785522461e+00
3.201740980148315430e+00
3.794180154800415039e+00
4.121357917785644531e+00
4.070731878280639648e+00
3.714135885238647461e+00
3.513316154479980469e+00
2.573992967605590820e+00
3.335036993026733398e+00
2.446185111999511719e+00
3.700520992279052734e+00
2.802848815917968750e+00
3.673007249832153320e+00
3.887453794479370117e+00
3.646767854690551758e+00
4.293143033981323242e+00
3.920691013336181641e+00
3.113649129867553711e+00
4.032230138778686523e+00
3.038959741592407227e+00
2.903505086898803711e+00
3.329216718673706055e+00
2.366748809814453125e+00
2.722630262374877930e+00
3.070485115051269531e+00
2.760044097900390625e+00
3.049946069717407227e+00
4.427338838577270508e+00
2.901388168334960938e+00
3.262124061584472656e+00
4.333934068679809570e+00
3.401632785797119141e+00
3.182384729385375977e+00
3.164875030517578125e+00
2.942630767822265625e+00
3.404504060745239258e+00
4.839122056961059570e+00
3.317108869552612305e+00
3.504799127578735352e+00
2.740584850311279297e+00
2.461269855499267578e+00
2.657799005508422852e+00
3.054033994674682617e+00
2.318116188049316406e+00
2.066866874694824219e+00
3.228972911834716797e+00
1.859057903289794922e+00
1.745844125747680664e+00
2.417771100997924805e+00
3.157050132751464844e+00
2.868413925170898438e+00
2.601073980331420898e+00
1.896232366561889648e+00
3.690302133560180664e+00
2.610888004302978516e+00
3.370543003082275391e+00
1.884485960006713867e+00
1.702211141586303711e+00
2.004692077636718750e+00
1.558386325836181641e+00
2.598190069198608398e+00
2.348263978958129883e+00
1.968186855316162109e+00
2.065714120864868164e+00
1.781122207641601562e+00
2.060297012329101562e+00
2.066316127777099609e+00
1.922847986221313477e+00
2.772024154663085938e+00
2.592509269714355469e+00
2.783658981323242188e+00
2.760290145874023438e+00
2.506407976150512695e+00
2.519809961318969727e+00
2.487349033355712891e+00
2.218663930892944336e+00
2.532861948013305664e+00
2.270107269287109375e+00
3.057575941085815430e+00
2.729093790054321289e+00
2.748787879943847656e+00
2.852602958679199219e+00
2.954493284225463867e+00
2.438650846481323242e+00
2.446721076965332031e+00
2.770183086395263672e+00
3.166720151901245117e+00
2.829550981521606445e+00
2.342623949050903320e+00
2.624533176422119141e+00
1.975603342056274414e+00
2.571129083633422852e+00
2.143692016601562500e+00
2.779215812683105469e+00
2.778532981872558594e+00
2.579057931900024414e+00
2.990883111953735352e+00
2.215823888778686523e+00
2.815119028091430664e+00
2.751448154449462891e+00
3.538151979446411133e+00
2.825848817825317383e+00
3.160903215408325195e+00
2.736577033996582031e+00
2.954880952835083008e+00
3.237269163131713867e+00
3.120975017547607422e+00
3.052166223526000977e+00
3.036335229873657227e+00
2.112766981124877930e+00
2.943690061569213867e+00
3.073909997940063477e+00
3.222617864608764648e+00
3.245889186859130859e+00
3.548486232757568359e+00
3.365824937820434570e+00
2.521891117095947266e+00
3.420523881912231445e+00
2.971658945083618164e+00
3.377325057983398438e+00
2.569193840026855469e+00
1.597307920455932617e+00
3.322039127349853516e+00
2.665025234222412109e+00
4.220396041870117188e+00
2.355215787887573242e+00
2.106451988220214844e+00
4.188402891159057617e+00
2.682789087295532227e+00
2.239566087722778320e+00
2.357706069946289062e+00
2.622390985488891602e+00
2.176111936569213867e+00
2.748145103454589844e+00
2.661994934082031250e+00
3.598715782165527344e+00
2.326168775558471680e+00
2.130342006683349609e+00
2.553972005844116211e+00
1.897637128829956055e+00
2.326349020004272461e+00
2.445406913757324219e+00
2.049612045288085938e+00
2.216105937957763672e+00
2.227464914321899414e+00
1.838634967803955078e+00
2.311473846435546875e+00
2.793024063110351562e+00
2.365330934524536133e+00
2.075734138488769531e+00
2.434326648712158203e+00
2.535130739212036133e+00
2.952360868453979492e+00
2.167612075805664062e+00
2.456962108612060547e+00
2.629373073577880859e+00
2.465270042419433594e+00
2.246828079223632812e+00
2.578140020370483398e+00
2.209532976150512695e+00
2.795562982559204102e+00
2.558793067932128906e+00
3.042793989181518555e+00
2.209616899490356445e+00
2.755344867706298828e+00
2.151569128036499023e+00
2.160068750381469727e+00
1.940882921218872070e+00
2.039185285568237305e+00
2.592408895492553711e+00
2.317733049392700195e+00
3.300906896591186523e+00
3.271034955978393555e+00
2.809698104858398438e+00
3.451430320739746094e+00
3.037250757217407227e+00
2.443445920944213867e+00
2.548292160034179688e+00
2.887700080871582031e+00
3.076298952102661133e+00
3.335710048675537109e+00
2.851032972335815430e+00
2.320283174514770508e+00
3.045792102813720703e+00
2.965934038162231445e+00
2.374717950820922852e+00
3.023578882217407227e+00
2.297544956207275391e+00
2.502149105072021484e+00
2.970829963684082031e+00
2.119231939315795898e+00
2.645608425140380859e+00
2.602622032165527344e+00
2.717714071273803711e+00
1.731225252151489258e+00
2.984396934509277344e+00
2.684091806411743164e+00
2.059658050537109375e+00
2.291032075881958008e+00
2.536754131317138672e+00
2.950030088424682617e+00
2.093458175659179688e+00
2.131665945053100586e+00
2.807377815246582031e+00
2.492295026779174805e+00
2.542766094207763672e+00
2.220389842987060547e+00
1.812413930892944336e+00
2.626674890518188477e+00
2.699526071548461914e+00
1.763266086578369141e+00
2.778861045837402344e+00
2.002113103866577148e+00
2.480710983276367188e+00
2.323902130126953125e+00
2.625419139862060547e+00
2.090728998184204102e+00
2.000041961669921875e+00
2.121161222457885742e+00
2.534665822982788086e+00
2.215879917144775391e+00
2.406825780868530273e+00
2.986787080764770508e+00
2.798210859298706055e+00
2.716169834136962891e+00
2.137174844741821289e+00
2.464366912841796875e+00
2.254532098770141602e+00
2.799530982971191406e+00
2.664860963821411133e+00
2.376862287521362305e+00
2.097985982894897461e+00
2.769633054733276367e+00
2.453249931335449219e+00
2.509971141815185547e+00
3.084552049636840820e+00
2.292021989822387695e+00
2.251677274703979492e+00
2.538081169128417969e+00
3.333181858062744141e+00
2.309937953948974609e+00
2.109476089477539062e+00
2.837897777557373047e+00
3.557008028030395508e+00
2.160786151885986328e+00
2.115189075469970703e+00
2.147922039031982422e+00
2.148201942443847656e+00
2.687758207321166992e+00
2.852378129959106445e+00
3.103512048721313477e+00
2.247741937637329102e+00
2.499087095260620117e+00
2.237681865692138672e+00
2.312222957611083984e+00
3.376172065734863281e+00
3.018300056457519531e+00
3.365328073501586914e+00
3.171803951263427734e+00
2.152450084686279297e+00
2.393190860748291016e+00
3.449681043624877930e+00
2.508564949035644531e+00
2.567430734634399414e+00
2.730259895324707031e+00
3.281800270080566406e+00
3.186112880706787109e+00
3.144068241119384766e+00
2.503538131713867188e+00
2.582726240158081055e+00
2.562346220016479492e+00
3.350515127182006836e+00
2.433695077896118164e+00
3.696532964706420898e+00
2.639117956161499023e+00
2.029158115386962891e+00
3.665415048599243164e+00
2.882261037826538086e+00
2.759537935256958008e+00
2.977439880371093750e+00
3.294021844863891602e+00
3.022294998168945312e+00
3.187326908111572266e+00
2.313166856765747070e+00
1.962951183319091797e+00
2.706341981887817383e+00
2.632151126861572266e+00
2.711411952972412109e+00
1.869647741317749023e+00
3.059448957443237305e+00
3.111874103546142578e+00
2.373686075210571289e+00
2.556495904922485352e+00
2.754290103912353516e+00
2.861655950546264648e+00
3.185755014419555664e+00
3.084356784820556641e+00
2.628895044326782227e+00
2.346439123153686523e+00
2.452607870101928711e+00
2.438766002655029297e+00
2.214418888092041016e+00
2.571367740631103516e+00
2.655241966247558594e+00
2.839794158935546875e+00
3.256786108016967773e+00
3.626904964447021484e+00
2.048000097274780273e+00
3.387005329132080078e+00
3.578169822692871094e+00
2.777844905853271484e+00
2.946812868118286133e+00
2.434839010238647461e+00
2.978791236877441406e+00
3.245305776596069336e+00
2.255928277969360352e+00
2.068689823150634766e+00
1.756985902786254883e+00
1.885092973709106445e+00
2.338775873184204102e+00
2.483523130416870117e+00
2.136901855468750000e+00
2.214911937713623047e+00
2.055724143981933594e+00
2.156284093856811523e+00
2.405058145523071289e+00
2.864801168441772461e+00
3.216712951660156250e+00
2.796049833297729492e+00
1.865453004837036133e+00
2.226254940032958984e+00
2.764944076538085938e+00
2.748123168945312500e+00
2.689517021179199219e+00
3.210114955902099609e+00
2.924302101135253906e+00
3.156416893005371094e+00
2.163774013519287109e+00
1.934500932693481445e+00
2.482949018478393555e+00
3.061092138290405273e+00
2.833253145217895508e+00
3.107805967330932617e+00
2.416555166244506836e+00
2.235091924667358398e+00
2.677649974822998047e+00
2.560967922210693359e+00
2.450788736343383789e+00
2.842000007629394531e+00
2.563296079635620117e+00
3.479490041732788086e+00
2.242496013641357422e+00
2.823009967803955078e+00
2.242749929428100586e+00
2.974714994430541992e+00
1.995666980743408203e+00
4.026113748550415039e+00
2.438344955444335938e+00
2.267846107482910156e+00
2.429065942764282227e+00
2.386497974395751953e+00
2.701407194137573242e+00
3.093272924423217773e+00
2.916947126388549805e+00
1.833178997039794922e+00
2.254583120346069336e+00
3.509304046630859375e+00
2.002382993698120117e+00
2.307120800018310547e+00
2.766810894012451172e+00
2.009227037429809570e+00
2.161189079284667969e+00
2.160778045654296875e+00
2.082328081130981445e+00
1.846524953842163086e+00
2.173804759979248047e+00
2.613606929779052734e+00
1.942615985870361328e+00
2.203624963760375977e+00
2.746163845062255859e+00
2.818307161331176758e+00
2.840187072753906250e+00
2.170341014862060547e+00
2.986611127853393555e+00
2.282563924789428711e+00
2.331633329391479492e+00
3.132747888565063477e+00
3.104901075363159180e+00
2.483263969421386719e+00
2.934275865554809570e+00
2.617489814758300781e+00
3.400080204010009766e+00
2.833834886550903320e+00
2.426268100738525391e+00
2.356465101242065430e+00
2.564806938171386719e+00
3.233580112457275391e+00
2.924477815628051758e+00
1.959465980529785156e+00
2.855843067169189453e+00
2.638919115066528320e+00
2.898504972457885742e+00
3.301362991333007812e+00
2.450063228607177734e+00
2.818324089050292969e+00
2.354400873184204102e+00
2.941893815994262695e+00
2.735072135925292969e+00
2.636036872863769531e+00
3.155363082885742188e+00
3.128399133682250977e+00
2.033538103103637695e+00
2.469718933105468750e+00
2.339389085769653320e+00
2.909229993820190430e+00
2.349187135696411133e+00
2.790981054306030273e+00
2.533371925354003906e+00
2.154268264770507812e+00
1.759958982467651367e+00
2.592037916183471680e+00
2.531327009201049805e+00
3.212681055068969727e+00
2.001878023147583008e+00
1.919169187545776367e+00
2.184462070465087891e+00
2.035413026809692383e+00
2.018176078796386719e+00
3.039486885070800781e+00
2.499700784683227539e+00
1.643414974212646484e+00
2.669792890548706055e+00
2.124796152114868164e+00
2.443319797515869141e+00
2.535602807998657227e+00
2.791755914688110352e+00
2.913799285888671875e+00
3.175601720809936523e+00
2.574982166290283203e+00
3.199969053268432617e+00
2.591476917266845703e+00
2.597314834594726562e+00
2.880051851272583008e+00
2.556861877441406250e+00
2.444617271423339844e+00
2.564362049102783203e+00
2.160761117935180664e+00
2.916022062301635742e+00
2.312977790832519531e+00
2.784535169601440430e+00
2.633432865142822266e+00
2.874066114425659180e+00
2.411062002182006836e+00
2.524200916290283203e+00
2.628554105758666992e+00
2.661437034606933594e+00
2.586346149444580078e+00
2.724117994308471680e+00
3.023843765258789062e+00
2.414439201354980469e+00
2.687068223953247070e+00
2.227622747421264648e+00
2.477294206619262695e+00
3.108478784561157227e+00
1.905351877212524414e+00
2.903550863265991211e+00
2.951446056365966797e+00
3.341894865036010742e+00
2.212855815887451172e+00
2.066071748733520508e+00
2.309234857559204102e+00
2.394858121871948242e+00
2.093327760696411133e+00
1.935105800628662109e+00
2.603016853332519531e+00
2.741308927536010742e+00
2.789861202239990234e+00
2.420789003372192383e+00
2.384120941162109375e+00
2.246021032333374023e+00
2.825232028961181641e+00
2.013779163360595703e+00
3.590217828750610352e+00
2.877467155456542969e+00
3.233289241790771484e+00
3.081037998199462891e+00
3.921431064605712891e+00
2.833739042282104492e+00
2.867927074432373047e+00
3.429408073425292969e+00
2.239196300506591797e+00
2.594743967056274414e+00
2.888967990875244141e+00
3.509832859039306641e+00
2.293054819107055664e+00
3.706988096237182617e+00
3.591602087020874023e+00
2.304422855377197266e+00
2.501389741897583008e+00
3.721210718154907227e+00
2.928038835525512695e+00
2.364386081695556641e+00
2.240586042404174805e+00
2.334686040878295898e+00
2.377815723419189453e+00
2.604326248168945312e+00
2.322595834732055664e+00
1.577972888946533203e+00
1.872973918914794922e+00
2.277047157287597656e+00
1.534307003021240234e+00
3.999837875366210938e+00
3.026450872421264648e+00
1.647429227828979492e+00
2.294937849044799805e+00
2.009656667709350586e+00
1.895958900451660156e+00
1.602130174636840820e+00
1.752772092819213867e+00
1.970070123672485352e+00
2.375082015991210938e+00
2.567754745483398438e+00
2.064872026443481445e+00
2.199683189392089844e+00
1.941112041473388672e+00
2.481936931610107422e+00
2.336901903152465820e+00
2.072126150131225586e+00
2.572179794311523438e+00
2.722571849822998047e+00
2.284597873687744141e+00
2.420327901840209961e+00
1.930737018585205078e+00
2.496187686920166016e+00
2.386795043945312500e+00
2.560873985290527344e+00
2.428006887435913086e+00
2.883949041366577148e+00
2.598423004150390625e+00
1.929280996322631836e+00
2.615150928497314453e+00
2.310156106948852539e+00
2.455770969390869141e+00
2.137593984603881836e+00
2.642875909805297852e+00
2.655397891998291016e+00
1.668474912643432617e+00
2.437099933624267578e+00
2.801233053207397461e+00
2.748794794082641602e+00
1.854474067687988281e+00
2.240752220153808594e+00
2.366407155990600586e+00
1.873408079147338867e+00
1.992100954055786133e+00
1.687543153762817383e+00
2.424069166183471680e+00
1.870672225952148438e+00
2.234905242919921875e+00
1.775275945663452148e+00
1.813425064086914062e+00
2.012992143630981445e+00
1.842278957366943359e+00
2.074153900146484375e+00
1.980860948562622070e+00
2.736377716064453125e+00
2.139087915420532227e+00
2.491870880126953125e+00
2.423194169998168945e+00
2.452913999557495117e+00
2.321889877319335938e+00
2.472973108291625977e+00
1.987759113311767578e+00
2.636941909790039062e+00
2.465631246566772461e+00
2.676105976104736328e+00
2.325567007064819336e+00
2.837214946746826172e+00
1.972520828247070312e+00
2.440057992935180664e+00
2.852635145187377930e+00
2.850920915603637695e+00
2.326968669891357422e+00
2.390041828155517578e+00
2.202646017074584961e+00
2.109649181365966797e+00
2.900187969207763672e+00
2.018027782440185547e+00
2.513529777526855469e+00
1.712697982788085938e+00
1.496038913726806641e+00
2.134237766265869141e+00
2.434895038604736328e+00
2.544175863265991211e+00
1.711936950683593750e+00
1.974357843399047852e+00
3.002894878387451172e+00
3.115141153335571289e+00
2.158982992172241211e+00
2.916615962982177734e+00
1.620137214660644531e+00
2.774532794952392578e+00
2.249964952468872070e+00
1.608493804931640625e+00
2.364261865615844727e+00
1.827376127243041992e+00
2.875993013381958008e+00
1.695359945297241211e+00
2.318501234054565430e+00
2.010417938232421875e+00
2.099315881729125977e+00
1.897906064987182617e+00
2.391875982284545898e+00
2.318037033081054688e+00
1.841766119003295898e+00
2.550564050674438477e+00
2.621176719665527344e+00
2.804179906845092773e+00
3.155723094940185547e+00
2.543247699737548828e+00
3.004731178283691406e+00
2.288512945175170898e+00
2.086467742919921875e+00
3.490567922592163086e+00
2.561408042907714844e+00
2.178293943405151367e+00
2.491024732589721680e+00
2.126112937927246094e+00
2.600033044815063477e+00
2.999398231506347656e+00
2.152564048767089844e+00
1.918671131134033203e+00
2.510678052902221680e+00
1.902340888977050781e+00
2.871904134750366211e+00
2.028450012207031250e+00
3.077178955078125000e+00
2.299964189529418945e+00
2.591434001922607422e+00
3.562804937362670898e+00
1.995931863784790039e+00
3.320435047149658203e+00
2.945955038070678711e+00
3.659343004226684570e+00
2.808106899261474609e+00
3.430541038513183594e+00
2.387112855911254883e+00
3.543946981430053711e+00
3.241621017456054688e+00
3.269803047180175781e+00
3.056586027145385742e+00
2.704281091690063477e+00
2.719620943069458008e+00
2.145901203155517578e+00
3.041924715042114258e+00
2.638209819793701172e+00
2.462422132492065430e+00
2.612712860107421875e+00
2.470715999603271484e+00
2.123909950256347656e+00
2.140872240066528320e+00
3.118659019470214844e+00
1.993434906005859375e+00
1.665242195129394531e+00
2.466637134552001953e+00
2.376950025558471680e+00
3.166067123413085938e+00
2.056725025177001953e+00
2.748350381851196289e+00
2.416894912719726562e+00
2.294610977172851562e+00
2.255976200103759766e+00
2.253407001495361328e+00
2.489305257797241211e+00
2.230854988098144531e+00
2.281754732131958008e+00
1.950511693954467773e+00
3.217193126678466797e+00
2.187328815460205078e+00
3.298902034759521484e+00
2.687506198883056641e+00
1.764866113662719727e+00
2.677979230880737305e+00
2.691702127456665039e+00
2.839889287948608398e+00
2.893202066421508789e+00
2.415272951126098633e+00
3.545628070831298828e+00
2.482347726821899414e+00
2.415917158126831055e+00
3.321900844573974609e+00
1.587827920913696289e+00
2.585170984268188477e+00
1.961261034011840820e+00
2.920173883438110352e+00
2.476630926132202148e+00
2.943969011306762695e+00
2.924041986465454102e+00
2.238920927047729492e+00
1.644027948379516602e+00
1.808813095092773438e+00
2.767241954803466797e+00
1.961687088012695312e+00
3.081063985824584961e+00
1.527972221374511719e+00
1.635559797286987305e+00
1.650691986083984375e+00
1.624317884445190430e+00
1.921149969100952148e+00
1.868121862411499023e+00
2.103244066238403320e+00
2.323448181152343750e+00
2.428842067718505859e+00
2.171911001205444336e+00
1.688964843750000000e+00
2.100559234619140625e+00
2.463042736053466797e+00
2.388298988342285156e+00
2.660647153854370117e+00
2.805830001831054688e+00
2.063215017318725586e+00
2.602324962615966797e+00
2.846020698547363281e+00
2.983139038085937500e+00
2.922724962234497070e+00
2.573133945465087891e+00
2.796223878860473633e+00
2.826398849487304688e+00
2.574231624603271484e+00
2.832946777343750000e+00
2.589302062988281250e+00
2.361620903015136719e+00
2.283612251281738281e+00
2.583328008651733398e+00
2.491008996963500977e+00
2.590826988220214844e+00
2.536615133285522461e+00
2.827383041381835938e+00
2.943697929382324219e+00
3.350758075714111328e+00
1.681037902832031250e+00
3.211659193038940430e+00
2.577066898345947266e+00
3.941026926040649414e+00
4.574496984481811523e+00
3.245652914047241211e+00
3.208817005157470703e+00
2.769141197204589844e+00
2.858253002166748047e+00
3.142400979995727539e+00
2.631579875946044922e+00
2.414973974227905273e+00
2.061180114746093750e+00
2.392695188522338867e+00
2.465034008026123047e+00
2.946397781372070312e+00
2.363058090209960938e+00
3.262601852416992188e+00
2.403890848159790039e+00
2.924251079559326172e+00
2.836149930953979492e+00
2.867347002029418945e+00
3.000039815902709961e+00
1.688233137130737305e+00
2.705511808395385742e+00
3.092194080352783203e+00
3.349333047866821289e+00
2.089277982711791992e+00
2.698232889175415039e+00
3.111377954483032227e+00
3.241494178771972656e+00
3.352501153945922852e+00
2.926934957504272461e+00
1.625716924667358398e+00
3.497025966644287109e+00
3.154179096221923828e+00
2.092795133590698242e+00
1.765413045883178711e+00
2.083846807479858398e+00
1.887811899185180664e+00
2.003907203674316406e+00
2.620184898376464844e+00
2.499382019042968750e+00
2.466884136199951172e+00
1.864765882492065430e+00
2.711697816848754883e+00
3.031307935714721680e+00
2.044345140457153320e+00
2.890152931213378906e+00
2.353032112121582031e+00
2.640897035598754883e+00
3.171362876892089844e+00
2.116733074188232422e+00
2.957859039306640625e+00
2.766588926315307617e+00
2.503050804138183594e+00
1.607483863830566406e+00
2.516129016876220703e+00
3.624475240707397461e+00
2.407291889190673828e+00
2.242895126342773438e+00
2.732089996337890625e+00
2.768630027770996094e+00
2.215602159500122070e+00
2.724082946777343750e+00
3.083585023880004883e+00
2.766803979873657227e+00
3.082218647003173828e+00
3.395779132843017578e+00
2.823417901992797852e+00
2.800453186035156250e+00
1.973311901092529297e+00
2.953178167343139648e+00
2.480363130569458008e+00
3.201623201370239258e+00
3.238115072250366211e+00
3.312711954116821289e+00
2.096885204315185547e+00
2.755850076675415039e+00
1.920592784881591797e+00
3.151112794876098633e+00
2.166601181030273438e+00
2.055630683898925781e+00
3.036300897598266602e+00
1.870570898056030273e+00
1.723761796951293945e+00
2.255911111831665039e+00
2.490778923034667969e+00
1.899678945541381836e+00
2.035096883773803711e+00
1.734457015991210938e+00
2.380068063735961914e+00
2.003895998001098633e+00
2.113168001174926758e+00
2.820834636688232422e+00
2.847094058990478516e+00
2.295916080474853516e+00
2.938672065734863281e+00
2.540828943252563477e+00
2.748059749603271484e+00
2.250298023223876953e+00
2.573696851730346680e+00
2.287906169891357422e+00
2.958365917205810547e+00
2.686932086944580078e+00
2.438530683517456055e+00
2.288623094558715820e+00
2.156781911849975586e+00
2.516911029815673828e+00
2.404089927673339844e+00
2.094652891159057617e+00
1.998164176940917969e+00
2.130470991134643555e+00
2.451707839965820312e+00
1.709559917449951172e+00
2.747650146484375000e+00
2.967972993850708008e+00
2.627821207046508789e+00
2.359018087387084961e+00
2.454603910446166992e+00
2.630299091339111328e+00
2.716060161590576172e+00
2.857968807220458984e+00
2.183779954910278320e+00
3.547797203063964844e+00
2.932179927825927734e+00
2.206217765808105469e+00
3.208094120025634766e+00
1.832898139953613281e+00
3.043746948242187500e+00
3.407459020614624023e+00
2.317551851272583008e+00
2.696404933929443359e+00
2.254358053207397461e+00
3.634389877319335938e+00
3.057896137237548828e+00
2.418485164642333984e+00
4.113167047500610352e+00
2.985730171203613281e+00
2.956670284271240234e+00
3.890913009643554688e+00
4.027453184127807617e+00
3.177170991897583008e+00
2.548670053482055664e+00
2.771564006805419922e+00
2.485828161239624023e+00
2.111396312713623047e+00
2.854006052017211914e+00
2.899599075317382812e+00
2.905405282974243164e+00
2.435106992721557617e+00
2.731468915939331055e+00
2.829419136047363281e+00
2.862201690673828125e+00
2.844760179519653320e+00
2.099908828735351562e+00
2.916275024414062500e+00
2.791560173034667969e+00
2.302218914031982422e+00
2.396121740341186523e+00
3.509122133255004883e+00
2.722444772720336914e+00
2.248883247375488281e+00
2.535526037216186523e+00
3.423500061035156250e+00
2.863318920135498047e+00
3.867884874343872070e+00
2.530236005783081055e+00
2.722754001617431641e+00
2.850216865539550781e+00
2.138236999511718750e+00
4.155721902847290039e+00
2.086628913879394531e+00
3.608840942382812500e+00
2.439394235610961914e+00
3.781497716903686523e+00
4.030802011489868164e+00
2.221739053726196289e+00
2.943399906158447266e+00
2.146889925003051758e+00
1.999274969100952148e+00
2.520406723022460938e+00
2.782808780670166016e+00
1.865149974822998047e+00
2.409060001373291016e+00
2.056797266006469727e+00
2.305118322372436523e+00
2.305493593215942383e+00
2.563637018203735352e+00
2.572772264480590820e+00
2.324635028839111328e+00
2.831290960311889648e+00
2.767788887023925781e+00
1.784207105636596680e+00
2.896841049194335938e+00
3.124593973159790039e+00
2.109230995178222656e+00
2.297766923904418945e+00
3.315190792083740234e+00
3.286941766738891602e+00
1.946115255355834961e+00
3.463275909423828125e+00
2.158977031707763672e+00
2.306821107864379883e+00
2.407242059707641602e+00
3.259351015090942383e+00
2.297041893005371094e+00
2.795091152191162109e+00
2.367754936218261719e+00
3.559900999069213867e+00
2.909718036651611328e+00
3.590236902236938477e+00
2.377374172210693359e+00
2.201972007751464844e+00
3.566024065017700195e+00
3.186067819595336914e+00
3.170250892639160156e+00
2.605633020401000977e+00
2.519760847091674805e+00
2.440367698669433594e+00
3.748085975646972656e+00
2.267807006835937500e+00
2.788486242294311523e+00
2.667105913162231445e+00
2.230800151824951172e+00
3.297185182571411133e+00
3.096839904785156250e+00
3.830341815948486328e+00
2.901261091232299805e+00
2.845177888870239258e+00
2.084155797958374023e+00
2.443451166152954102e+00
2.078469038009643555e+00
2.396703004837036133e+00
3.211174249649047852e+00
3.133509874343872070e+00
2.067403078079223633e+00
2.848644733428955078e+00
2.937236070632934570e+00
2.673463106155395508e+00
3.395090341567993164e+00
2.590607881546020508e+00
2.534030675888061523e+00
2.894799947738647461e+00
2.428293228149414062e+00
2.005416870117187500e+00
1.647452354431152344e+00
2.188477993011474609e+00
2.015952825546264648e+00
2.576565980911254883e+00
2.448706150054931641e+00
2.237296104431152344e+00
1.950695991516113281e+00
2.286198139190673828e+00
2.192196846008300781e+00
2.114773035049438477e+00
2.382636785507202148e+00
3.174925088882446289e+00
3.307994842529296875e+00
2.982789039611816406e+00
3.053247928619384766e+00
2.196308135986328125e+00
3.019093275070190430e+00
3.072103977203369141e+00
3.299282073974609375e+00
4.077093124389648438e+00
3.205004215240478516e+00
3.489098072052001953e+00
3.522935152053833008e+00
2.325056076049804688e+00
2.961934089660644531e+00
2.768979072570800781e+00
2.572139024734497070e+00
3.759354829788208008e+00
3.398665904998779297e+00
3.916931867599487305e+00
3.627008914947509766e+00
2.017966270446777344e+00
2.987479925155639648e+00
3.112852096557617188e+00
4.029346942901611328e+00
3.152798175811767578e+00
2.840111970901489258e+00
2.813555002212524414e+00
2.462962150573730469e+00
2.914032220840454102e+00
3.142360210418701172e+00
3.108189105987548828e+00
3.025935173034667969e+00
3.269005060195922852e+00
2.308073997497558594e+00
2.357409000396728516e+00
2.856980323791503906e+00
3.241442918777465820e+00
2.752985715866088867e+00
3.191602945327758789e+00
2.126327037811279297e+00
3.773411750793457031e+00
3.426743030548095703e+00
2.384567022323608398e+00
2.227311849594116211e+00
2.946464061737060547e+00
2.009422063827514648e+00
3.514680147171020508e+00
3.725511074066162109e+00
1.764183044433593750e+00
2.191751003265380859e+00
1.913350820541381836e+00
2.337841033935546875e+00
2.361618041992187500e+00
2.171398162841796875e+00
2.321743965148925781e+00
3.016354084014892578e+00
2.420785188674926758e+00
2.241111993789672852e+00
2.582808256149291992e+00
2.739725828170776367e+00
2.561233282089233398e+00
2.997883796691894531e+00
3.091141939163208008e+00
3.125488042831420898e+00
2.761570930480957031e+00
2.838290929794311523e+00
3.081680297851562500e+00
2.591209888458251953e+00
2.563996791839599609e+00
3.094857931137084961e+00
2.590678691864013672e+00
2.311887979507446289e+00
2.975445032119750977e+00
3.099303007125854492e+00
2.260462284088134766e+00
2.363574981689453125e+00
3.339787960052490234e+00
3.341416120529174805e+00
3.309432268142700195e+00
3.144689083099365234e+00
2.565940141677856445e+00
3.193075895309448242e+00
3.670969963073730469e+00
3.467470169067382812e+00
2.788883924484252930e+00
1.930308103561401367e+00
3.220116138458251953e+00
3.221230745315551758e+00
3.239341020584106445e+00
3.156280040740966797e+00
3.451719999313354492e+00
3.296810150146484375e+00
3.468222141265869141e+00
1.986465215682983398e+00
2.136589050292968750e+00
3.476629018783569336e+00
3.322671175003051758e+00
3.804229259490966797e+00
2.675566911697387695e+00
3.300079107284545898e+00
4.031278133392333984e+00
3.573613166809082031e+00
2.427258014678955078e+00
3.080034255981445312e+00
3.934676885604858398e+00
3.871680974960327148e+00
3.614676237106323242e+00
3.908332109451293945e+00
2.485408067703247070e+00
1.716552972793579102e+00
3.663092851638793945e+00
1.589494943618774414e+00
3.281749963760375977e+00
2.623895168304443359e+00
2.118757724761962891e+00
2.567163228988647461e+00
2.011181116104125977e+00
2.811188936233520508e+00
3.062952280044555664e+00
2.450136184692382812e+00
3.039601087570190430e+00
2.524711132049560547e+00
2.240003108978271484e+00
2.477907180786132812e+00
2.106435775756835938e+00
2.840923070907592773e+00
2.100118637084960938e+00
2.819697141647338867e+00
2.926617860794067383e+00
2.739794969558715820e+00
2.906979084014892578e+00
2.564232110977172852e+00
2.807533979415893555e+00
1.842396974563598633e+00
2.517910003662109375e+00
2.882431983947753906e+00
2.913562059402465820e+00
2.929769992828369141e+00
3.102897882461547852e+00
3.116909027099609375e+00
3.231064081192016602e+00
2.678580999374389648e+00
2.319164991378784180e+00
2.320919036865234375e+00
2.872439861297607422e+00
2.697563886642456055e+00
3.159795999526977539e+00
2.237879037857055664e+00
2.680328845977783203e+00
2.658257961273193359e+00
2.518387794494628906e+00
2.678980827331542969e+00
2.743283987045288086e+00
2.872213840484619141e+00
3.323160886764526367e+00
2.627117156982421875e+00
2.882146835327148438e+00
3.059799909591674805e+00
3.059207201004028320e+00
2.657410860061645508e+00
3.093086957931518555e+00
3.067208290100097656e+00
2.651357889175415039e+00
3.060474157333374023e+00
3.346536874771118164e+00
3.170382261276245117e+00
2.380239248275756836e+00
3.510211944580078125e+00
2.456369161605834961e+00
2.992794275283813477e+00
2.819473981857299805e+00
3.525841951370239258e+00
2.557639837265014648e+00
3.087034225463867188e+00
2.791676282882690430e+00
2.597882032394409180e+00
1.740386009216308594e+00
2.201307058334350586e+00
2.567357063293457031e+00
1.988177061080932617e+00
2.869201183319091797e+00
2.925691127777099609e+00
1.999797821044921875e+00
3.169372081756591797e+00
2.235614061355590820e+00
3.049917936325073242e+00
2.073690176010131836e+00
2.870075702667236328e+00
2.214787960052490234e+00
2.395140171051025391e+00
3.324357748031616211e+00
2.614509105682373047e+00
2.598594903945922852e+00
2.893363952636718750e+00
1.949594020843505859e+00
2.953532218933105469e+00
2.190253019332885742e+00
2.796130657196044922e+00
2.589294195175170898e+00
2.889734029769897461e+00
2.268126010894775391e+00
2.837300062179565430e+00
2.808140039443969727e+00
2.164322614669799805e+00
2.547794818878173828e+00
3.520936965942382812e+00
3.162294149398803711e+00
2.690205812454223633e+00
2.859276056289672852e+00
3.340040922164916992e+00
3.617120027542114258e+00
2.593865871429443359e+00
2.559241056442260742e+00
3.550361871719360352e+00
2.667980194091796875e+00
3.858860015869140625e+00
2.576473712921142578e+00
2.725426912307739258e+00
3.393178939819335938e+00
2.744909048080444336e+00
3.801985979080200195e+00
3.031594038009643555e+00
3.084802865982055664e+00
2.400867223739624023e+00
3.141842842102050781e+00
2.864596128463745117e+00
2.879572868347167969e+00
2.989470005035400391e+00
3.573924064636230469e+00
3.170028209686279297e+00
2.886431932449340820e+00
4.201225996017456055e+00
1.913694858551025391e+00
3.069159030914306641e+00
3.427104949951171875e+00
2.537707805633544922e+00
2.659268140792846680e+00
2.954977035522460938e+00
3.718879938125610352e+00
2.783746004104614258e+00
2.057572126388549805e+00
3.167592048645019531e+00
3.708214044570922852e+00
3.594937801361083984e+00
2.067410945892333984e+00
2.197819232940673828e+00
2.181150913238525391e+00
2.950502872467041016e+00
3.446514844894409180e+00
4.214305877685546875e+00
2.528542041778564453e+00
2.543580293655395508e+00
3.086833000183105469e+00
3.025939941406250000e+00
2.801244974136352539e+00
2.092770099639892578e+00
2.109201908111572266e+00
3.208372831344604492e+00
2.254750251770019531e+00
2.575381994247436523e+00
2.309803009033203125e+00
3.605631113052368164e+00
2.142212867736816406e+00
2.042468786239624023e+00
2.734059095382690430e+00
2.769122838973999023e+00
2.014642000198364258e+00
2.315022706985473633e+00
2.843975305557250977e+00
3.295264959335327148e+00
2.084295988082885742e+00
2.021125316619873047e+00
2.836264848709106445e+00
2.051491737365722656e+00
2.655548810958862305e+00
2.604788064956665039e+00
1.980833053588867188e+00
2.419401168823242188e+00
2.917044878005981445e+00
2.492683887481689453e+00
2.908043861389160156e+00
2.831358909606933594e+00
2.401952981948852539e+00
2.305629730224609375e+00
2.492794752120971680e+00
2.845065116882324219e+00
2.383818149566650391e+00
2.808108806610107422e+00
2.300740957260131836e+00
2.425771951675415039e+00
2.417117834091186523e+00
2.188405036926269531e+00
2.525010108947753906e+00
2.425693988800048828e+00
2.681294918060302734e+00
2.278613805770874023e+00
2.646672725677490234e+00
2.141318082809448242e+00
2.052329063415527344e+00
2.140057802200317383e+00
2.894328117370605469e+00
3.058501958847045898e+00
2.883550882339477539e+00
2.636627197265625000e+00
2.867616176605224609e+00
2.624562263488769531e+00
2.878863096237182617e+00
2.714020967483520508e+00
2.386572122573852539e+00
3.343784332275390625e+00
2.813800334930419922e+00
2.827641010284423828e+00
2.903462886810302734e+00
2.994681119918823242e+00
2.533454179763793945e+00
3.452290058135986328e+00
2.368252992630004883e+00
2.698233842849731445e+00
3.180138826370239258e+00
2.404055118560791016e+00
2.761243820190429688e+00
2.103501796722412109e+00
3.035504102706909180e+00
2.721026182174682617e+00
3.532507896423339844e+00
2.405464172363281250e+00
2.727550983428955078e+00
2.224653959274291992e+00
2.408545970916748047e+00
2.752102851867675781e+00
2.302693128585815430e+00
3.894826889038085938e+00
2.474277019500732422e+00
2.664906024932861328e+00
2.999336242675781250e+00
2.437357902526855469e+00
4.083473205566406250e+00
3.088135004043579102e+00
3.175616025924682617e+00
2.642582178115844727e+00
4.126308917999267578e+00
2.759381055831909180e+00
2.776014089584350586e+00
1.762264966964721680e+00
3.272092819213867188e+00
2.351338386535644531e+00
3.956320047378540039e+00
3.426137924194335938e+00
2.327389240264892578e+00
2.831683874130249023e+00
2.596521139144897461e+00
3.560228109359741211e+00
2.769215106964111328e+00
3.247465848922729492e+00
2.944711923599243164e+00
3.169692277908325195e+00
3.709016084671020508e+00
3.082952976226806641e+00
2.688258886337280273e+00
1.839236021041870117e+00
3.133924007415771484e+00
3.452932834625244141e+00
2.869465112686157227e+00
2.964919805526733398e+00
3.047381877899169922e+00
3.281656026840209961e+00
3.017904996871948242e+00
2.364804983139038086e+00
2.422940015792846680e+00
2.522766828536987305e+00
2.730798959732055664e+00
3.070337057113647461e+00
2.711036920547485352e+00
3.022826910018920898e+00
2.998191833496093750e+00
1.721152067184448242e+00
2.705945014953613281e+00
2.576975107192993164e+00
2.990057945251464844e+00
3.057539224624633789e+00
2.342496871948242188e+00
2.596194744110107422e+00
3.997920036315917969e+00
2.427506208419799805e+00
3.444149017333984375e+00
3.257674932479858398e+00
2.615555763244628906e+00
2.613150835037231445e+00
2.990567207336425781e+00
3.007668972015380859e+00
3.015209197998046875e+00
1.839773893356323242e+00
2.369158983230590820e+00
2.818690061569213867e+00
2.197884798049926758e+00
1.954600095748901367e+00
2.191093921661376953e+00
3.543295860290527344e+00
2.752310991287231445e+00
2.942701101303100586e+00
3.308058023452758789e+00
2.673985004425048828e+00
3.333827018737792969e+00
3.802618265151977539e+00
2.969465255737304688e+00
2.880505800247192383e+00
2.708381891250610352e+00
2.332530021667480469e+00
2.768875122070312500e+00
2.851644992828369141e+00
2.915470123291015625e+00
2.337690830230712891e+00
2.483857870101928711e+00
2.741374015808105469e+00
2.082279920578002930e+00
3.169615745544433594e+00
3.080364704132080078e+00
2.990488052368164062e+00
2.476071834564208984e+00
2.601862907409667969e+00
3.281054019927978516e+00
2.933345079421997070e+00
2.867571830749511719e+00
2.627951145172119141e+00
3.545423030853271484e+00
3.653335094451904297e+00
3.656831979751586914e+00
2.164026021957397461e+00
3.003915071487426758e+00
2.137085199356079102e+00
3.130647897720336914e+00
4.210544109344482422e+00
2.741784095764160156e+00
3.201963186264038086e+00
2.352228164672851562e+00
3.209345102310180664e+00
3.352048873901367188e+00
2.495960235595703125e+00
3.930385828018188477e+00
3.530384063720703125e+00
3.435887098312377930e+00
2.129155158996582031e+00
4.525534152984619141e+00
2.532629013061523438e+00
2.189026832580566406e+00
2.254214763641357422e+00
2.723608970642089844e+00
2.859043121337890625e+00
2.921365976333618164e+00
2.013209819793701172e+00
3.297136068344116211e+00
3.953766822814941406e+00
3.034715890884399414e+00
3.024507284164428711e+00
2.975266695022583008e+00
2.119193077087402344e+00
3.070913076400756836e+00
1.980031013488769531e+00
2.947323799133300781e+00
3.103477001190185547e+00
2.901989698410034180e+00
2.524835109710693359e+00
2.818366050720214844e+00
4.459844112396240234e+00
2.194102048873901367e+00
2.930893182754516602e+00
2.833960056304931641e+00
2.574716091156005859e+00
2.949846982955932617e+00
2.450505971908569336e+00
2.076159000396728516e+00
3.038913011550903320e+00
2.380022048950195312e+00
2.289594888687133789e+00
2.295942068099975586e+00
3.399402141571044922e+00
1.885377883911132812e+00
3.444534063339233398e+00
2.164194107055664062e+00
3.038763046264648438e+00
2.381078004837036133e+00
2.315982103347778320e+00
3.851383924484252930e+00
2.243866920471191406e+00
2.394881963729858398e+00
2.803040981292724609e+00
2.039239168167114258e+00
2.777450084686279297e+00
2.612459182739257812e+00
2.932994604110717773e+00
2.882215261459350586e+00
2.965911149978637695e+00
3.128172159194946289e+00
2.895193815231323242e+00
2.770032882690429688e+00
2.002743959426879883e+00
2.355273008346557617e+00
2.235728979110717773e+00
2.544431924819946289e+00
2.336547851562500000e+00
2.135138988494873047e+00
2.306410074234008789e+00
2.584921836853027344e+00
2.469794988632202148e+00
2.766155958175659180e+00
2.459317922592163086e+00
2.032613039016723633e+00
2.726266145706176758e+00
2.966874837875366211e+00
2.516067028045654297e+00
2.818308830261230469e+00
2.379764795303344727e+00
2.474892854690551758e+00
2.699373960494995117e+00
2.392264842987060547e+00
2.722413063049316406e+00
3.175833940505981445e+00
2.848695993423461914e+00
3.421088933944702148e+00
3.264936923980712891e+00
3.254921913146972656e+00
2.767139911651611328e+00
3.607936859130859375e+00
3.474050998687744141e+00
2.388421297073364258e+00
3.566998004913330078e+00
4.567219972610473633e+00
3.106487751007080078e+00
4.151558876037597656e+00
3.154439926147460938e+00
3.151983261108398438e+00
2.533001899719238281e+00
3.282957792282104492e+00
3.304106235504150391e+00
3.290705919265747070e+00
2.839658021926879883e+00
3.491975307464599609e+00
2.636665105819702148e+00
3.333559751510620117e+00
2.861810922622680664e+00
2.693116903305053711e+00
2.630693197250366211e+00
3.296951055526733398e+00
3.370769023895263672e+00
3.213942050933837891e+00
3.511622190475463867e+00
3.410017967224121094e+00
3.490007638931274414e+00
3.576498031616210938e+00
2.539352655410766602e+00
3.305408954620361328e+00
2.728664159774780273e+00
3.692718029022216797e+00
3.753193140029907227e+00
2.639983892440795898e+00
2.044344186782836914e+00
3.083521127700805664e+00
2.767201900482177734e+00
3.617703914642333984e+00
3.004002094268798828e+00
2.806260108947753906e+00
2.893398046493530273e+00
3.176482915878295898e+00
2.147457838058471680e+00
2.913183927536010742e+00
3.429700851440429688e+00
3.000581979751586914e+00
2.894840002059936523e+00
2.541448831558227539e+00
3.417335033416748047e+00
2.979772806167602539e+00
2.723775863647460938e+00
2.365768194198608398e+00
1.753673076629638672e+00
2.872024774551391602e+00
3.356232881546020508e+00
3.367387056350708008e+00
2.783704042434692383e+00
2.822061061859130859e+00
2.418929100036621094e+00
2.100976943969726562e+00
1.903454780578613281e+00
3.028311967849731445e+00
3.070142984390258789e+00
2.892669916152954102e+00
2.835674285888671875e+00
2.933291912078857422e+00
3.837341070175170898e+00
3.432888031005859375e+00
3.115629196166992188e+00
3.924325942993164062e+00
2.562489032745361328e+00
2.447176933288574219e+00
2.392020940780639648e+00
2.017365932464599609e+00
2.421861886978149414e+00
2.011904001235961914e+00
2.019767761230468750e+00
2.594047069549560547e+00
1.711889266967773438e+00
2.828199863433837891e+00
2.709725141525268555e+00
2.939142942428588867e+00
2.945998191833496094e+00
2.588420152664184570e+00
3.233921766281127930e+00
2.393824815750122070e+00
2.480321168899536133e+00
2.242191791534423828e+00
2.161225080490112305e+00
3.012336969375610352e+00
2.564895868301391602e+00
2.472044944763183594e+00
2.280849933624267578e+00
2.557577848434448242e+00
2.879878997802734375e+00
2.323757886886596680e+00
2.782997131347656250e+00
2.565789222717285156e+00
2.772547960281372070e+00
3.553411006927490234e+00
2.648159980773925781e+00
3.038749933242797852e+00
2.980857849121093750e+00
2.607909202575683594e+00
3.161993026733398438e+00
3.060515880584716797e+00
2.738509893417358398e+00
2.598424911499023438e+00
3.099635839462280273e+00
3.085690021514892578e+00
2.570019006729125977e+00
1.796179056167602539e+00
2.729385852813720703e+00
3.187182188034057617e+00
2.044274091720581055e+00
2.827998876571655273e+00
3.339133262634277344e+00
2.393982172012329102e+00
2.692065954208374023e+00
2.592092037200927734e+00
3.050600767135620117e+00
3.477782964706420898e+00
2.047896146774291992e+00
2.460078716278076172e+00
2.846257925033569336e+00
2.888147115707397461e+00
2.136193990707397461e+00
2.905492067337036133e+00
2.387309789657592773e+00
3.427608013153076172e+00
2.976547002792358398e+00
3.283625841140747070e+00
2.397915840148925781e+00
3.158990144729614258e+00
2.497094154357910156e+00
2.519773006439208984e+00
3.352423906326293945e+00
2.530560970306396484e+00
3.888740062713623047e+00
2.702760934829711914e+00
2.722749948501586914e+00
3.692023038864135742e+00
3.034146070480346680e+00
2.815513134002685547e+00
2.115907907485961914e+00
2.885522842407226562e+00
2.867844820022583008e+00
2.282184123992919922e+00
2.912460088729858398e+00
3.126633882522583008e+00
2.672071218490600586e+00
3.112088680267333984e+00
2.785640001296997070e+00
3.398962974548339844e+00
3.518831729888916016e+00
3.471524000167846680e+00
3.917567968368530273e+00
2.949540138244628906e+00
4.107166051864624023e+00
2.794813871383666992e+00
3.270618200302124023e+00
4.365952968597412109e+00
3.108165979385375977e+00
3.554074048995971680e+00
2.926958799362182617e+00
2.087597131729125977e+00
2.873976945877075195e+00
3.510054349899291992e+00
2.032777786254882812e+00
2.194747209548950195e+00
2.552289962768554688e+00
2.517827749252319336e+00
2.798463821411132812e+00
2.998245954513549805e+00
3.095949172973632812e+00
3.090846061706542969e+00
2.948368787765502930e+00
3.324979066848754883e+00
3.118533134460449219e+00
3.488956212997436523e+00
3.101389169692993164e+00
3.739801883697509766e+00
2.640483856201171875e+00
3.494956016540527344e+00
3.527001857757568359e+00
3.516170978546142578e+00
2.979202985763549805e+00
3.312759160995483398e+00
3.288212060928344727e+00
3.339380979537963867e+00
3.179965734481811523e+00
3.797482967376708984e+00
2.550624132156372070e+00
2.930065870285034180e+00
3.158076047897338867e+00
3.775491237640380859e+00
3.197181224822998047e+00
3.009755849838256836e+00
2.663928031921386719e+00
4.003984928131103516e+00
3.691460132598876953e+00
2.914557933807373047e+00
2.737251043319702148e+00
3.605897903442382812e+00
3.444346904754638672e+00
4.628179788589477539e+00
3.939600944519042969e+00
2.628322124481201172e+00
3.164377927780151367e+00
2.704113960266113281e+00
3.672683000564575195e+00
2.815217018127441406e+00
3.172761678695678711e+00
4.256228923797607422e+00
2.512568950653076172e+00
3.083426237106323242e+00
2.160973787307739258e+00
2.683107137680053711e+00
2.870512247085571289e+00
3.724165201187133789e+00
2.281993865966796875e+00
2.924993991851806641e+00
2.607078313827514648e+00
2.917382955551147461e+00
2.762964010238647461e+00
2.461996078491210938e+00
3.146569252014160156e+00
3.021175146102905273e+00
2.165812015533447266e+00
3.711897850036621094e+00
2.376964807510375977e+00
1.838268280029296875e+00
2.308047771453857422e+00
3.088087081909179688e+00
3.106251955032348633e+00
2.158348083496093750e+00
2.588478803634643555e+00
2.799831867218017578e+00
2.971217155456542969e+00
2.730473995208740234e+00
2.217286825180053711e+00
3.340116977691650391e+00
2.715757131576538086e+00
2.928247928619384766e+00
2.492029905319213867e+00
2.222110033035278320e+00
2.720753908157348633e+00
2.577825069427490234e+00
2.829804182052612305e+00
2.570146083831787109e+00
2.320759057998657227e+00
2.987652778625488281e+00
2.480331897735595703e+00
2.238552808761596680e+00
2.258903980255126953e+00
2.639965057373046875e+00
3.302520036697387695e+00
1.979091882705688477e+00
2.042222738265991211e+00
2.445533037185668945e+00
2.536927938461303711e+00
2.478993892669677734e+00
3.685652971267700195e+00
2.939376115798950195e+00
2.843311071395874023e+00
2.434308052062988281e+00
2.402280330657958984e+00
2.564082860946655273e+00
3.715272903442382812e+00
2.518321990966796875e+00
3.017549753189086914e+00
2.652744293212890625e+00
3.123306035995483398e+00
2.747192144393920898e+00
2.677380800247192383e+00
3.090114116668701172e+00
3.039425849914550781e+00
2.717134714126586914e+00
2.494076967239379883e+00
2.661217927932739258e+00
3.038088083267211914e+00
3.250428915023803711e+00
2.950014829635620117e+00
3.682469129562377930e+00
2.822460889816284180e+00
3.359535932540893555e+00
3.645611047744750977e+00
3.471189975738525391e+00
3.008362054824829102e+00
3.187979936599731445e+00
2.212854862213134766e+00
2.671987295150756836e+00
2.931928873062133789e+00
2.912730693817138672e+00
3.135412931442260742e+00
3.372824907302856445e+00
2.942449808120727539e+00
3.059673070907592773e+00
2.912250041961669922e+00
3.805028915405273438e+00
2.325260162353515625e+00
3.762331962585449219e+00
3.656755924224853516e+00
1.785672187805175781e+00
3.343920946121215820e+00
3.200278043746948242e+00
3.312252998352050781e+00
2.948806047439575195e+00
3.004949092864990234e+00
2.331881999969482422e+00
3.500343084335327148e+00
3.679826021194458008e+00
3.995538234710693359e+00
2.740592002868652344e+00
3.594800710678100586e+00
3.509165048599243164e+00
2.687556982040405273e+00
3.394184827804565430e+00
3.638952970504760742e+00
3.607805252075195312e+00
3.069267272949218750e+00
4.320724010467529297e+00
2.800690174102783203e+00
3.122731924057006836e+00
3.160558700561523438e+00
3.596940994262695312e+00
2.845783948898315430e+00
3.257102966308593750e+00
3.796395778656005859e+00
3.268557071685791016e+00
3.171724081039428711e+00
3.345002889633178711e+00
2.764949083328247070e+00
2.792325973510742188e+00
3.580716848373413086e+00
2.375432968139648438e+00
2.716391324996948242e+00
1.992231845855712891e+00
3.578687906265258789e+00
3.809062719345092773e+00
2.756385087966918945e+00
2.240957260131835938e+00
3.215746164321899414e+00
3.716686964035034180e+00
2.326112031936645508e+00
5.286122083663940430e+00
3.764516115188598633e+00
3.493885040283203125e+00
4.741725921630859375e+00
4.903217077255249023e+00
3.198833942413330078e+00
3.800741910934448242e+00
3.573264360427856445e+00
3.120159864425659180e+00
3.446943044662475586e+00
3.127990722656250000e+00
3.498157978057861328e+00
2.434232950210571289e+00
3.585479021072387695e+00
3.152371168136596680e+00
3.631136894226074219e+00
2.720467090606689453e+00
3.391622066497802734e+00
3.553107976913452148e+00
4.106087923049926758e+00
2.760529041290283203e+00
2.398201227188110352e+00
3.317748069763183594e+00
3.504961013793945312e+00
4.497584104537963867e+00
3.471983671188354492e+00
3.314222097396850586e+00
4.786026000976562500e+00
3.274155855178833008e+00
3.142891168594360352e+00
3.084181070327758789e+00
4.147032737731933594e+00
4.178334951400756836e+00
2.656985044479370117e+00
2.956269979476928711e+00
2.615089893341064453e+00
2.112937927246093750e+00
4.599175930023193359e+00
3.353146076202392578e+00
3.569233894348144531e+00
2.824164867401123047e+00
3.489117860794067383e+00
4.501829862594604492e+00
3.520900249481201172e+00
3.553130865097045898e+00
3.342386007308959961e+00
2.942943811416625977e+00
4.950895071029663086e+00
2.908713817596435547e+00
4.090243816375732422e+00
4.743756055831909180e+00
4.332726001739501953e+00
2.908163785934448242e+00
2.514065265655517578e+00
4.405843019485473633e+00
4.963135957717895508e+00
4.070992946624755859e+00
3.075259208679199219e+00
3.958112001419067383e+00
3.497759103775024414e+00
3.149101018905639648e+00
3.195101022720336914e+00
3.664179325103759766e+00
3.449067115783691406e+00
3.634418249130249023e+00
3.094289779663085938e+00
3.422002792358398438e+00
3.895441770553588867e+00
3.345945835113525391e+00
3.217022895812988281e+00
3.109002113342285156e+00
3.881167888641357422e+00
3.148281812667846680e+00
3.212329864501953125e+00
3.140053033828735352e+00
2.804494142532348633e+00
3.664741039276123047e+00
3.825910091400146484e+00
3.448340177536010742e+00
4.018758058547973633e+00
3.739366769790649414e+00
3.031792163848876953e+00
2.594312906265258789e+00
5.515196084976196289e+00
4.277514934539794922e+00
3.415110111236572266e+00
3.403394937515258789e+00
3.112119913101196289e+00
4.091890811920166016e+00
3.771956920623779297e+00
4.068854093551635742e+00
3.162859916687011719e+00
3.020727872848510742e+00
3.015099287033081055e+00
2.920670986175537109e+00
3.089321851730346680e+00
2.772650003433227539e+00
3.194135904312133789e+00
3.435230016708374023e+00
2.965258121490478516e+00
3.430197000503540039e+00
2.896359205245971680e+00
3.334228038787841797e+00
3.858995914459228516e+00
3.970596075057983398e+00
3.913232803344726562e+00
3.753022193908691406e+00
3.998651981353759766e+00
2.794569969177246094e+00
3.166132926940917969e+00
3.597728967666625977e+00
3.003232002258300781e+00
3.806253194808959961e+00
3.838489055633544922e+00
3.272556066513061523e+00
3.237728118896484375e+00
4.261260032653808594e+00
4.758138895034790039e+00
4.201002120971679688e+00
2.651656150817871094e+00
3.729236841201782227e+00
4.287891864776611328e+00
4.156951904296875000e+00
3.211088895797729492e+00
4.697664022445678711e+00
4.234740018844604492e+00
4.150037050247192383e+00
4.272050142288208008e+00
3.811498165130615234e+00
3.303956985473632812e+00
4.949052810668945312e+00
4.487106800079345703e+00
3.723603248596191406e+00
4.634060144424438477e+00
3.570914030075073242e+00
4.866295099258422852e+00
4.289993047714233398e+00
3.703604936599731445e+00
4.310087919235229492e+00
2.740670919418334961e+00
4.404271841049194336e+00
3.809095859527587891e+00
3.902841091156005859e+00
3.979094028472900391e+00
4.307570219039916992e+00
4.979846954345703125e+00
3.873743057250976562e+00
3.525090932846069336e+00
4.239469051361083984e+00
4.849629878997802734e+00
3.587446928024291992e+00
5.413807153701782227e+00
3.562077045440673828e+00
2.574280977249145508e+00
4.328090906143188477e+00
5.411352634429931641e+00
5.046083927154541016e+00
3.892951011657714844e+00
4.404006242752075195e+00
5.389905929565429688e+00
5.589559793472290039e+00
3.268473148345947266e+00
4.219337940216064453e+00
4.175842046737670898e+00
3.921757936477661133e+00
4.204693078994750977e+00
4.864010095596313477e+00
3.105673074722290039e+00
3.976899147033691406e+00
4.927114009857177734e+00
3.727306842803955078e+00
2.855558872222900391e+00
4.323009967803955078e+00
3.220775127410888672e+00
5.434629201889038086e+00
5.006127119064331055e+00
4.342523813247680664e+00
1.837127208709716797e+00
2.604074001312255859e+00
5.300317049026489258e+00
4.084105968475341797e+00
3.150007009506225586e+00
4.938116073608398438e+00
2.676653861999511719e+00
2.973988771438598633e+00
3.553354024887084961e+00
4.522941112518310547e+00
2.992053985595703125e+00
5.100280046463012695e+00
4.946096897125244141e+00
4.533336162567138672e+00
3.307317018508911133e+00
2.429946184158325195e+00
4.453116178512573242e+00
4.597361087799072266e+00
4.711229801177978516e+00
3.102584123611450195e+00
4.683541059494018555e+00
4.718509197235107422e+00
1.949361085891723633e+00
2.045749902725219727e+00
1.877724170684814453e+00
3.168035745620727539e+00
2.447629690170288086e+00
2.113940000534057617e+00
3.224606275558471680e+00
3.144295930862426758e+00
3.247165918350219727e+00
2.401101827621459961e+00
2.398659229278564453e+00
2.467483997344970703e+00
1.919803857803344727e+00
2.770931959152221680e+00
2.132164001464843750e+00
1.852831363677978516e+00
2.152558088302612305e+00
2.599030017852783203e+00
2.657653093338012695e+00
2.682305097579956055e+00
2.281811952590942383e+00
2.339787960052490234e+00
2.520204067230224609e+00
2.785954952239990234e+00
2.273823261260986328e+00
2.134556293487548828e+00
2.274256706237792969e+00
2.052095174789428711e+00
2.514680862426757812e+00
2.122966051101684570e+00
2.923111915588378906e+00
2.786290884017944336e+00
2.676743030548095703e+00
2.817614078521728516e+00
2.710584163665771484e+00
2.450860023498535156e+00
2.417063951492309570e+00
2.401458978652954102e+00
2.407804965972900391e+00
2.374833106994628906e+00
2.638170003890991211e+00
2.118981122970581055e+00
2.320412874221801758e+00
3.127751111984252930e+00
2.730259895324707031e+00
2.938477754592895508e+00
2.913228034973144531e+00
2.552890062332153320e+00
3.044139623641967773e+00
2.702981233596801758e+00
3.053116321563720703e+00
2.615846872329711914e+00
3.198925971984863281e+00
2.779381752014160156e+00
3.311306953430175781e+00
3.003609180450439453e+00
2.944849252700805664e+00
3.022236824035644531e+00
3.003735065460205078e+00
3.192714214324951172e+00
3.053682088851928711e+00
3.578944206237792969e+00
3.251423358917236328e+00
3.702024936676025391e+00
3.888541221618652344e+00
3.578829050064086914e+00
3.795918226242065430e+00
3.896862030029296875e+00
4.306235790252685547e+00
3.891601800918579102e+00
4.311957836151123047e+00
3.114516973495483398e+00
3.902492284774780273e+00
4.014252901077270508e+00
4.343370676040649414e+00
3.957999229431152344e+00
4.346541166305541992e+00
3.838870048522949219e+00
4.080437898635864258e+00
4.122057914733886719e+00
4.381805896759033203e+00
3.468974113464355469e+00
3.961762189865112305e+00
2.825402021408081055e+00
3.638457775115966797e+00
4.401929855346679688e+00
3.594151020050048828e+00
4.207036733627319336e+00
4.067308902740478516e+00
4.341928958892822266e+00
4.751683950424194336e+00
2.929364919662475586e+00
3.318939208984375000e+00
4.321929931640625000e+00
3.859923124313354492e+00
4.407524108886718750e+00
2.861824035644531250e+00
3.811782121658325195e+00
4.770204782485961914e+00
5.009563922882080078e+00
3.411407232284545898e+00
4.093968868255615234e+00
3.554805040359497070e+00
4.487550020217895508e+00
2.959893941879272461e+00
4.449967145919799805e+00
4.589426279067993164e+00
4.536447048187255859e+00
3.462446212768554688e+00
3.833472013473510742e+00
2.677404165267944336e+00
4.499987125396728516e+00
3.040843009948730469e+00
3.195804119110107422e+00
4.442757844924926758e+00
4.530753135681152344e+00
3.718504905700683594e+00
4.327546834945678711e+00
5.041567087173461914e+00
2.718183040618896484e+00
5.162379026412963867e+00
3.523882150650024414e+00
2.368109703063964844e+00
2.898910045623779297e+00
4.358098983764648438e+00
3.547290086746215820e+00
2.700635910034179688e+00
2.786574125289916992e+00
3.276198148727416992e+00
3.217719078063964844e+00
3.882215023040771484e+00
3.260761737823486328e+00
3.115928173065185547e+00
4.836048841476440430e+00
3.956077098846435547e+00
4.747908830642700195e+00
2.852042913436889648e+00
4.237469911575317383e+00
2.273479938507080078e+00
3.098978996276855469e+00
3.300441741943359375e+00
4.510466098785400391e+00
3.569723844528198242e+00
2.721725940704345703e+00
3.546219825744628906e+00
3.310465097427368164e+00
2.789353847503662109e+00
2.567351102828979492e+00
3.667981863021850586e+00
2.834702968597412109e+00
2.121536970138549805e+00
3.140491962432861328e+00
3.437212944030761719e+00
2.858052968978881836e+00
2.885478973388671875e+00
2.298849821090698242e+00
2.765805721282958984e+00
2.052387952804565430e+00
3.164809942245483398e+00
2.177977800369262695e+00
3.240660905838012695e+00
2.197589874267578125e+00
3.476480007171630859e+00
2.461110115051269531e+00
2.223410129547119141e+00
3.714944601058959961e+00
3.760138988494873047e+00
2.199499130249023438e+00
2.282207012176513672e+00
1.983478069305419922e+00
2.458950281143188477e+00
2.705398082733154297e+00
2.469097137451171875e+00
2.747071027755737305e+00
2.786492824554443359e+00
2.776173830032348633e+00
2.793169975280761719e+00
2.533623933792114258e+00
2.866201162338256836e+00
3.145195007324218750e+00
2.664541006088256836e+00
2.962764024734497070e+00
3.351314783096313477e+00
2.924533128738403320e+00
3.016515731811523438e+00
3.239238977432250977e+00
3.047392845153808594e+00
2.745475769042968750e+00
2.797556877136230469e+00
2.792201995849609375e+00
3.186158180236816406e+00
2.342514038085937500e+00
3.316855907440185547e+00
3.176105976104736328e+00
3.331753969192504883e+00
3.685110092163085938e+00
3.271175146102905273e+00
3.192708730697631836e+00
3.303331851959228516e+00
3.473273992538452148e+00
3.647611141204833984e+00
3.714870214462280273e+00
3.212573766708374023e+00
3.960942983627319336e+00
3.135127067565917969e+00
3.690880060195922852e+00
3.894207954406738281e+00
3.675425052642822266e+00
3.876924991607666016e+00
4.516217708587646484e+00
3.965256929397583008e+00
3.512700080871582031e+00
2.997835159301757812e+00
2.659179925918579102e+00
3.380112886428833008e+00
4.025624036788940430e+00
3.947139978408813477e+00
3.860545873641967773e+00
4.476042032241821289e+00
4.177299976348876953e+00
4.179725885391235352e+00
4.170672893524169922e+00
4.181885957717895508e+00
4.307523012161254883e+00
4.384378910064697266e+00
3.052996158599853516e+00
4.181114912033081055e+00
4.618605136871337891e+00
3.490881681442260742e+00
3.036262273788452148e+00
4.243026971817016602e+00
4.146059036254882812e+00
4.074981212615966797e+00
3.259361028671264648e+00
3.177173852920532227e+00
4.338460922241210938e+00
4.411869287490844727e+00
3.065435886383056641e+00
4.427088022232055664e+00
4.682632923126220703e+00
4.201666116714477539e+00
4.684412240982055664e+00
2.786502122879028320e+00
2.535394668579101562e+00
2.832257032394409180e+00
2.825979232788085938e+00
3.354353904724121094e+00
4.510930061340332031e+00
4.004171848297119141e+00
3.011920690536499023e+00
3.380344152450561523e+00
2.457052946090698242e+00
4.066483020782470703e+00
2.605203151702880859e+00
2.472058057785034180e+00
2.951303958892822266e+00
3.113222837448120117e+00
3.826018095016479492e+00
2.344455957412719727e+00
4.544533967971801758e+00
2.729566097259521484e+00
4.091835021972656250e+00
3.606036901473999023e+00
4.413711071014404297e+00
2.680183172225952148e+00
4.027826070785522461e+00
4.989398717880249023e+00
4.178796052932739258e+00
4.856421232223510742e+00
4.764503240585327148e+00
5.102134943008422852e+00
2.903008937835693359e+00
3.469487905502319336e+00
3.769030809402465820e+00
3.780859947204589844e+00
2.575789213180541992e+00
3.966707944869995117e+00
3.644564867019653320e+00
4.958043813705444336e+00
4.012303113937377930e+00
4.046600818634033203e+00
2.890791893005371094e+00
2.608340024948120117e+00
3.995718002319335938e+00
2.756679296493530273e+00
5.051717758178710938e+00
2.678168058395385742e+00
2.518705129623413086e+00
1.715880870819091797e+00
5.206322908401489258e+00
2.577121973037719727e+00
3.600594043731689453e+00
2.805964946746826172e+00
5.590007066726684570e+00
3.069406986236572266e+00
2.488742828369140625e+00
1.944457054138183594e+00
4.921988010406494141e+00
2.678400039672851562e+00
5.479504108428955078e+00
2.133711814880371094e+00
2.687322139739990234e+00
3.050502061843872070e+00
2.567184925079345703e+00
2.399327993392944336e+00
3.003819942474365234e+00
2.692887067794799805e+00
3.377756834030151367e+00
2.714691877365112305e+00
2.554772853851318359e+00
2.248408079147338867e+00
3.239262104034423828e+00
3.405912876129150391e+00
3.565673828125000000e+00
2.687183141708374023e+00
2.948872804641723633e+00
3.517716884613037109e+00
3.133718967437744141e+00
2.567600727081298828e+00
2.922161102294921875e+00
2.892396211624145508e+00
3.161015033721923828e+00
3.168584108352661133e+00
3.537319898605346680e+00
3.310214042663574219e+00
2.111714124679565430e+00
3.431563138961791992e+00
3.508855104446411133e+00
4.097565889358520508e+00
3.180526971817016602e+00
3.039132833480834961e+00
2.586480855941772461e+00
3.911020040512084961e+00
4.116322755813598633e+00
2.588274955749511719e+00
4.188380241394042969e+00
3.382786035537719727e+00
2.774677991867065430e+00
3.297343969345092773e+00
3.111128091812133789e+00
3.887008905410766602e+00
3.059252023696899414e+00
3.592933893203735352e+00
3.127388954162597656e+00
3.531595945358276367e+00
3.205233335494995117e+00
2.864580869674682617e+00
3.520938873291015625e+00
3.664705038070678711e+00
2.963930130004882812e+00
3.301797866821289062e+00
3.063534736633300781e+00
3.794333934783935547e+00
3.758258819580078125e+00
3.351808071136474609e+00
3.435065031051635742e+00
4.010581970214843750e+00
3.818536043167114258e+00
3.449714899063110352e+00
3.454509019851684570e+00
4.269893169403076172e+00
3.624818801879882812e+00
4.038152933120727539e+00
3.490373134613037109e+00
4.156120777130126953e+00
3.866090059280395508e+00
3.820519924163818359e+00
3.463526725769042969e+00
3.694687128067016602e+00
4.185433149337768555e+00
4.282584190368652344e+00
3.921315193176269531e+00
3.354874134063720703e+00
2.825523138046264648e+00
4.201565265655517578e+00
3.024790763854980469e+00
4.352777004241943359e+00
3.265461921691894531e+00
4.524595975875854492e+00
3.840889215469360352e+00
5.080976009368896484e+00
2.306668996810913086e+00
4.315533161163330078e+00
4.000895023345947266e+00
4.454679965972900391e+00
4.381019830703735352e+00
4.320941925048828125e+00
4.165275096893310547e+00
3.146707057952880859e+00
2.205203056335449219e+00
2.799017906188964844e+00
4.593191146850585938e+00
2.582250118255615234e+00
3.173218250274658203e+00
4.272269964218139648e+00
4.420320034027099609e+00
3.416617155075073242e+00
2.268036127090454102e+00
5.062834978103637695e+00
3.493982076644897461e+00
4.099837064743041992e+00
3.554561138153076172e+00
4.173833847045898438e+00
4.551847219467163086e+00
3.986792802810668945e+00
3.265953063964843750e+00
3.203486919403076172e+00
5.106411933898925781e+00
5.159395217895507812e+00
5.281695842742919922e+00
4.445282220840454102e+00
4.813086986541748047e+00
2.313102006912231445e+00
4.570166110992431641e+00
4.499972820281982422e+00
3.718968152999877930e+00
2.916702032089233398e+00
4.900173902511596680e+00
5.005692958831787109e+00
4.961516618728637695e+00
3.737079143524169922e+00
5.539466142654418945e+00
3.710521936416625977e+00
3.318953990936279297e+00
5.132704019546508789e+00
5.002295732498168945e+00
4.981599092483520508e+00
3.717374086380004883e+00
3.811538934707641602e+00
5.299242973327636719e+00
2.652039766311645508e+00
4.851453065872192383e+00
3.913758993148803711e+00
2.333039760589599609e+00
2.810589313507080078e+00
3.951558113098144531e+00
3.104209184646606445e+00
2.602310180664062500e+00
3.934385776519775391e+00
2.416085004806518555e+00
3.722032785415649414e+00
2.733280897140502930e+00
2.618793964385986328e+00
3.254208087921142578e+00
3.105061292648315430e+00
3.025177955627441406e+00
2.916147947311401367e+00
2.559015035629272461e+00
2.782584905624389648e+00
2.968811035156250000e+00
2.989675998687744141e+00
1.991669893264770508e+00
3.095299959182739258e+00
3.138458728790283203e+00
3.103775978088378906e+00
2.864341974258422852e+00
3.493344068527221680e+00
3.009984016418457031e+00
2.587542057037353516e+00
2.812705039978027344e+00
3.932688951492309570e+00
2.799570083618164062e+00
3.161406993865966797e+00
3.776888847351074219e+00
3.312445163726806641e+00
3.585942029953002930e+00
2.801335096359252930e+00
3.011759757995605469e+00
2.635010004043579102e+00
3.002393960952758789e+00
2.833718061447143555e+00
3.876101255416870117e+00
3.906462907791137695e+00
3.901561021804809570e+00
3.283936977386474609e+00
3.793982982635498047e+00
3.567361116409301758e+00
4.121956110000610352e+00
2.939913034439086914e+00
3.127007007598876953e+00
3.351159811019897461e+00
4.196481704711914062e+00
2.240472078323364258e+00
3.421090841293334961e+00
4.134000301361083984e+00
2.554633855819702148e+00
3.314517021179199219e+00
3.592217206954956055e+00
2.840744972229003906e+00
2.693936824798583984e+00
3.188498973846435547e+00
3.000305891036987305e+00
3.628443956375122070e+00
4.684629917144775391e+00
3.814653158187866211e+00
2.865627765655517578e+00
3.807883024215698242e+00
3.687942028045654297e+00
2.764218091964721680e+00
2.909584283828735352e+00
2.982862949371337891e+00
2.889549016952514648e+00
2.927390098571777344e+00
3.241505861282348633e+00
3.007188320159912109e+00
2.862035751342773438e+00
3.231599092483520508e+00
2.820957899093627930e+00
2.630813360214233398e+00
3.636860132217407227e+00
2.940911054611206055e+00
3.374238252639770508e+00
3.625948190689086914e+00
3.760225057601928711e+00
3.238548040390014648e+00
3.314030170440673828e+00
3.127840995788574219e+00
3.150720834732055664e+00
2.978652954101562500e+00
2.928825855255126953e+00
2.488774776458740234e+00
3.638897895812988281e+00
2.573235988616943359e+00
3.350563049316406250e+00
3.572695970535278320e+00
3.471219062805175781e+00
3.555586099624633789e+00
3.031799077987670898e+00
2.684363126754760742e+00
2.878707408905029297e+00
3.512434005737304688e+00
2.470180034637451172e+00
2.770662784576416016e+00
3.189066886901855469e+00
3.509247064590454102e+00
3.059418916702270508e+00
2.800665855407714844e+00
2.453525543212890625e+00
3.256844997406005859e+00
3.532891988754272461e+00
3.511547327041625977e+00
2.904841899871826172e+00
3.920524120330810547e+00
4.142181158065795898e+00
2.580067157745361328e+00
3.704906940460205078e+00
2.381208181381225586e+00
3.055996894836425781e+00
3.844668149948120117e+00
4.772653102874755859e+00
2.000140190124511719e+00
3.147060394287109375e+00
4.023054122924804688e+00
3.347237110137939453e+00
3.899503707885742188e+00
4.134658098220825195e+00
1.958060741424560547e+00
2.618844270706176758e+00
2.183351039886474609e+00
2.253891944885253906e+00
4.591701030731201172e+00
2.846072196960449219e+00
2.577414751052856445e+00
2.862925767898559570e+00
3.073815584182739258e+00
3.407274007797241211e+00
2.784468889236450195e+00
2.383515834808349609e+00
2.684280157089233398e+00
3.110256910324096680e+00
4.586518049240112305e+00
3.831783771514892578e+00
3.332389116287231445e+00
2.355755090713500977e+00
3.598767995834350586e+00
2.293800115585327148e+00
3.837939977645874023e+00
3.677685976028442383e+00
3.876899957656860352e+00
2.990869045257568359e+00
2.842567205429077148e+00
3.273371934890747070e+00
2.914106845855712891e+00
3.822082042694091797e+00
3.267343044281005859e+00
4.479917049407958984e+00
3.334532022476196289e+00
4.256517171859741211e+00
3.169914007186889648e+00
2.960021972656250000e+00
3.248557090759277344e+00
3.454998970031738281e+00
3.351606130599975586e+00
4.414410114288330078e+00
3.020559072494506836e+00
3.751335144042968750e+00
3.652930736541748047e+00
3.642447948455810547e+00
4.038707971572875977e+00
3.691205263137817383e+00
4.653846025466918945e+00
3.492959976196289062e+00
3.460942268371582031e+00
3.525862216949462891e+00
3.582772016525268555e+00
3.606986999511718750e+00
5.033246040344238281e+00
4.235453128814697266e+00
3.799033164978027344e+00
3.677306890487670898e+00
3.322613000869750977e+00
4.493869066238403320e+00
3.593549013137817383e+00
3.535295963287353516e+00
3.426654815673828125e+00
4.472237110137939453e+00
3.400702953338623047e+00
3.779401063919067383e+00
4.347661733627319336e+00
3.204274892807006836e+00
3.466443061828613281e+00
3.482731103897094727e+00
3.968755960464477539e+00
3.028624296188354492e+00
3.342401027679443359e+00
4.655657291412353516e+00
3.768908023834228516e+00
3.836160898208618164e+00
3.722780227661132812e+00
3.362333059310913086e+00
3.548955917358398438e+00
3.528915166854858398e+00
3.378253936767578125e+00
3.488989830017089844e+00
3.580188751220703125e+00
3.265231847763061523e+00
3.473274946212768555e+00
3.280611991882324219e+00
4.068407773971557617e+00
3.800391197204589844e+00
3.229812860488891602e+00
4.069300889968872070e+00
3.617429971694946289e+00
3.434352874755859375e+00
3.618337869644165039e+00
4.192378759384155273e+00
3.512843132019042969e+00
3.770847082138061523e+00
3.469339132308959961e+00
3.489531040191650391e+00
3.388839960098266602e+00
2.748016119003295898e+00
3.720875978469848633e+00
4.069566965103149414e+00
2.577264070510864258e+00
3.619735956192016602e+00
2.747192144393920898e+00
4.015744924545288086e+00
3.518969058990478516e+00
2.656116962432861328e+00
3.672737121582031250e+00
3.787292003631591797e+00
3.782845020294189453e+00
4.021289110183715820e+00
2.343817949295043945e+00
3.682503938674926758e+00
3.690990209579467773e+00
3.603498935699462891e+00
3.145098209381103516e+00
2.672625780105590820e+00
2.952615261077880859e+00
4.202549934387207031e+00
2.960640192031860352e+00
3.829967260360717773e+00
2.282433986663818359e+00
2.328503131866455078e+00
4.332353830337524414e+00
2.951863050460815430e+00
2.714142084121704102e+00
4.216605901718139648e+00
2.463675737380981445e+00
4.493508815765380859e+00
3.542056083679199219e+00
3.846998929977416992e+00
2.599807977676391602e+00
3.536843061447143555e+00
4.610364913940429688e+00
3.960369110107421875e+00
3.953592061996459961e+00
3.156543970108032227e+00
3.920690298080444336e+00
2.539235115051269531e+00
3.219736099243164062e+00
2.596668243408203125e+00
2.670309782028198242e+00
3.910828113555908203e+00
3.358474016189575195e+00
3.435864210128784180e+00
2.934639930725097656e+00
2.975229978561401367e+00
2.276686191558837891e+00
2.622373104095458984e+00
3.211626052856445312e+00
2.536037683486938477e+00
2.846992015838623047e+00
3.126796007156372070e+00
2.322518110275268555e+00
2.430749177932739258e+00
2.772033929824829102e+00
3.267233848571777344e+00
2.786129713058471680e+00
2.994585275650024414e+00
2.930894136428833008e+00
2.948468923568725586e+00
3.198178052902221680e+00
3.352257013320922852e+00
3.070890665054321289e+00
2.709916830062866211e+00
2.999183893203735352e+00
3.177392005920410156e+00
3.062150001525878906e+00
2.482914924621582031e+00
3.280785799026489258e+00
2.508305788040161133e+00
3.473475933074951172e+00
3.646106004714965820e+00
2.851792097091674805e+00
2.728064060211181641e+00
3.367347002029418945e+00
3.061397075653076172e+00
2.571160793304443359e+00
3.048151254653930664e+00
3.839514017105102539e+00
3.011057138442993164e+00
3.219596147537231445e+00
3.238348007202148438e+00
2.933906316757202148e+00
2.997399806976318359e+00
3.166346788406372070e+00
3.001632928848266602e+00
3.271598100662231445e+00
3.359210968017578125e+00
2.947900056838989258e+00
2.517205953598022461e+00
4.089094161987304688e+00
4.107085227966308594e+00
3.320868015289306641e+00
3.599485874176025391e+00
3.049640893936157227e+00
2.716269969940185547e+00
3.428595066070556641e+00
3.587213993072509766e+00
3.064593076705932617e+00
4.472193002700805664e+00
3.750616788864135742e+00
3.196505784988403320e+00
3.480057954788208008e+00
3.226203680038452148e+00
3.557648181915283203e+00
4.383724212646484375e+00
2.901063203811645508e+00
3.761357784271240234e+00
3.484496116638183594e+00
3.042395830154418945e+00
3.322948217391967773e+00
2.925360918045043945e+00
2.590677976608276367e+00
3.183838844299316406e+00
3.168478965759277344e+00
3.200629949569702148e+00
2.978390932083129883e+00
2.595595598220825195e+00
3.002126216888427734e+00
3.139646053314208984e+00
4.071516275405883789e+00
3.543858051300048828e+00
3.375478982925415039e+00
4.084489107131958008e+00
2.933425903320312500e+00
2.985579967498779297e+00
3.205060005187988281e+00
3.112077236175537109e+00
2.098905086517333984e+00
3.632170915603637695e+00
2.974078893661499023e+00
3.482637166976928711e+00
3.647516250610351562e+00
2.845678806304931641e+00
3.290802001953125000e+00
3.756937980651855469e+00
3.706297159194946289e+00
3.881093978881835938e+00
3.781554937362670898e+00
3.799368858337402344e+00
3.801260709762573242e+00
3.731440305709838867e+00
4.051326036453247070e+00
3.645640850067138672e+00
2.582427024841308594e+00
4.165081739425659180e+00
4.910434007644653320e+00
4.685754776000976562e+00
4.928730010986328125e+00
4.774831771850585938e+00
3.749765157699584961e+00
4.515735149383544922e+00
3.613078117370605469e+00
5.217285871505737305e+00
4.650730848312377930e+00
3.745550870895385742e+00
4.596485137939453125e+00
3.899055957794189453e+00
4.574205160140991211e+00
4.043026208877563477e+00
3.613914012908935547e+00
4.351197957992553711e+00
4.353652000427246094e+00
2.467391967773437500e+00
3.549368143081665039e+00
3.758891105651855469e+00
4.070308685302734375e+00
5.037428855895996094e+00
3.487976312637329102e+00
3.009511232376098633e+00
3.534719944000244141e+00
5.275187253952026367e+00
5.347437143325805664e+00
5.290961742401123047e+00
3.172889709472656250e+00
3.678053855895996094e+00
4.345372200012207031e+00
5.522127866744995117e+00
4.497304916381835938e+00
3.781074047088623047e+00
5.245042800903320312e+00
3.758079051971435547e+00
5.032032966613769531e+00
2.318606138229370117e+00
2.661664009094238281e+00
3.333714246749877930e+00
3.737185001373291016e+00
3.866986036300659180e+00
5.556934118270874023e+00
5.323920965194702148e+00
3.166239023208618164e+00
3.988610982894897461e+00
3.901432991027832031e+00
3.359885931015014648e+00
3.085671186447143555e+00
4.224163055419921875e+00
2.079890966415405273e+00
3.767944812774658203e+00
3.870605945587158203e+00
3.989177942276000977e+00
4.001084804534912109e+00
3.686041831970214844e+00
3.418115854263305664e+00
3.602128744125366211e+00
3.580810070037841797e+00
3.487765789031982422e+00
5.910604715347290039e+00
2.624222993850708008e+00
2.648783922195434570e+00
2.602087974548339844e+00
3.237328052520751953e+00
4.603335857391357422e+00
3.661237001419067383e+00
3.906787157058715820e+00
3.910351991653442383e+00
2.962005853652954102e+00
3.231725692749023438e+00
3.740808248519897461e+00
3.410874128341674805e+00
4.347140073776245117e+00
4.297009944915771484e+00
3.519263267517089844e+00
3.532810926437377930e+00
3.056921005249023438e+00
4.615489721298217773e+00
3.964004993438720703e+00
4.238618135452270508e+00
4.464719057083129883e+00
3.892778873443603516e+00
4.825846672058105469e+00
3.546709060668945312e+00
3.480088233947753906e+00
3.960667848587036133e+00
3.299644231796264648e+00
4.335807800292968750e+00
3.865780115127563477e+00
3.064195156097412109e+00
4.524866104125976562e+00
2.790021896362304688e+00
4.091030120849609375e+00
2.889793634414672852e+00
4.897216081619262695e+00
4.501351833343505859e+00
4.379115104675292969e+00
5.288434982299804688e+00
3.189701080322265625e+00
5.190955877304077148e+00
4.677548170089721680e+00
4.853287220001220703e+00
4.165756940841674805e+00
4.324370145797729492e+00
2.756077051162719727e+00
5.516885280609130859e+00
3.597567081451416016e+00
3.935847043991088867e+00
2.314687967300415039e+00
4.388430118560791016e+00
4.468932867050170898e+00
4.192810773849487305e+00
2.927098989486694336e+00
3.591840028762817383e+00
3.041631937026977539e+00
3.769389152526855469e+00
4.279769182205200195e+00
